Failed A2-B-1_to_A2-A-1: Missing required feature columns ['aspect_ratio', 'elongation', 'equivalent_diameter', 'nn_dist_1', 'nn_dist_2', 'nn_dist_3', 'local_density', 'neighbor_area_ratio_mean', 'neighbor_roundness_mean']. Compute features first via `compute_cell_features` (regionprops-based).
Failed A2-C-1_to_A2-A-1: Missing required feature columns ['aspect_ratio', 'elongation', 'equivalent_diameter', 'nn_dist_1', 'nn_dist_2', 'nn_dist_3', 'local_density', 'neighbor_area_ratio_mean', 'neighbor_roundness_mean']. Compute features first via `compute_cell_features` (regionprops-based).
Failed A2-D-1_to_A2-A-1: Missing required feature columns ['aspect_ratio', 'elongation', 'equivalent_diameter', 'nn_dist_1', 'nn_dist_2', 'nn_dist_3', 'local_density', 'neighbor_area_ratio_mean', 'neighbor_roundness_mean']. Compute features first via `compute_cell_features` (regionprops-based).
Failed A2-E-1_to_A2-A-1: Missing required feature columns ['aspect_ratio', 'elongation', 'equivalent_diameter', 'nn_dist_1', 'nn_dist_2', 'nn_dist_3', 'local_density', 'neighbor_area_ratio_mean', 'neighbor_roundness_mean']. Compute features first via `compute_cell_features` (regionprops-based).
Failed A2-B-2_to_A2-A-2: Missing required feature columns ['aspect_ratio', 'elongation', 'equivalent_diameter', 'nn_dist_1', 'nn_dist_2', 'nn_dist_3', 'local_density', 'neighbor_area_ratio_mean', 'neighbor_roundness_mean']. Compute features first via `compute_cell_features` (regionprops-based).
Failed A2-C-2_to_A2-A-2: Missing required feature columns ['aspect_ratio', 'elongation', 'equivalent_diameter', 'nn_dist_1', 'nn_dist_2', 'nn_dist_3', 'local_density', 'neighbor_area_ratio_mean', 'neighbor_roundness_mean']. Compute features first via `compute_cell_features` (regionprops-based).
Failed A2-D-2_to_A2-A-2: Missing required feature columns ['aspect_ratio', 'elongation', 'equivalent_diameter', 'nn_dist_1', 'nn_dist_2', 'nn_dist_3', 'local_density', 'neighbor_area_ratio_mean', 'neighbor_roundness_mean']. Compute features first via `compute_cell_features` (regionprops-based).
Failed A2-E-2_to_A2-A-2: Missing required feature columns ['aspect_ratio', 'elongation', 'equivalent_diameter', 'nn_dist_1', 'nn_dist_2', 'nn_dist_3', 'local_density', 'neighbor_area_ratio_mean', 'neighbor_roundness_mean']. Compute features first via `compute_cell_features` (regionprops-based).
Failed A2-B-3_to_A2-A-3: Missing required feature columns ['aspect_ratio', 'elongation', 'equivalent_diameter', 'nn_dist_1', 'nn_dist_2', 'nn_dist_3', 'local_density', 'neighbor_area_ratio_mean', 'neighbor_roundness_mean']. Compute features first via `compute_cell_features` (regionprops-based).
Failed A2-C-3_to_A2-A-3: estimate_robust_transform() got an unexpected keyword argument 'method'
Failed A2-D-3_to_A2-A-3: estimate_robust_transform() got an unexpected keyword argument 'method'
Failed A2-E-3_to_A2-A-3: Missing required feature columns ['aspect_ratio', 'elongation', 'equivalent_diameter', 'nn_dist_1', 'nn_dist_2', 'nn_dist_3', 'local_density', 'neighbor_area_ratio_mean', 'neighbor_roundness_mean']. Compute features first via `compute_cell_features` (regionprops-based).
Failed A2-B-4_to_A2-A-4: Missing required feature columns ['aspect_ratio', 'elongation', 'equivalent_diameter', 'nn_dist_1', 'nn_dist_2', 'nn_dist_3', 'local_density', 'neighbor_area_ratio_mean', 'neighbor_roundness_mean']. Compute features first via `compute_cell_features` (regionprops-based).
Failed A2-C-4_to_A2-A-4: Missing required feature columns ['aspect_ratio', 'elongation', 'equivalent_diameter', 'nn_dist_1', 'nn_dist_2', 'nn_dist_3', 'local_density', 'neighbor_area_ratio_mean', 'neighbor_roundness_mean']. Compute features first via `compute_cell_features` (regionprops-based).
Failed A2-D-4_to_A2-A-4: Missing required feature columns ['aspect_ratio', 'elongation', 'equivalent_diameter', 'nn_dist_1', 'nn_dist_2', 'nn_dist_3', 'local_density', 'neighbor_area_ratio_mean', 'neighbor_roundness_mean']. Compute features first via `compute_cell_features` (regionprops-based).
Failed A2-E-4_to_A2-A-4: Missing required feature columns ['aspect_ratio', 'elongation', 'equivalent_diameter', 'nn_dist_1', 'nn_dist_2', 'nn_dist_3', 'local_density', 'neighbor_area_ratio_mean', 'neighbor_roundness_mean']. Compute features first via `compute_cell_features` (regionprops-based).
Failed A3-B-1_to_A3-A-1: Missing required feature columns ['aspect_ratio', 'elongation', 'equivalent_diameter', 'nn_dist_1', 'nn_dist_2', 'nn_dist_3', 'local_density', 'neighbor_area_ratio_mean', 'neighbor_roundness_mean']. Compute features first via `compute_cell_features` (regionprops-based).
Failed A3-C-1_to_A3-A-1: Missing required feature columns ['aspect_ratio', 'elongation', 'equivalent_diameter', 'nn_dist_1', 'nn_dist_2', 'nn_dist_3', 'local_density', 'neighbor_area_ratio_mean', 'neighbor_roundness_mean']. Compute features first via `compute_cell_features` (regionprops-based).
Failed A3-D-1_to_A3-A-1: Missing required feature columns ['aspect_ratio', 'elongation', 'equivalent_diameter', 'nn_dist_1', 'nn_dist_2', 'nn_dist_3', 'local_density', 'neighbor_area_ratio_mean', 'neighbor_roundness_mean']. Compute features first via `compute_cell_features` (regionprops-based).
Failed A3-E-1_to_A3-A-1: Missing required feature columns ['aspect_ratio', 'elongation', 'equivalent_diameter', 'nn_dist_1', 'nn_dist_2', 'nn_dist_3', 'local_density', 'neighbor_area_ratio_mean', 'neighbor_roundness_mean']. Compute features first via `compute_cell_features` (regionprops-based).
Failed A3-B-2_to_A3-A-2: Missing required feature columns ['aspect_ratio', 'elongation', 'equivalent_diameter', 'nn_dist_1', 'nn_dist_2', 'nn_dist_3', 'local_density', 'neighbor_area_ratio_mean', 'neighbor_roundness_mean']. Compute features first via `compute_cell_features` (regionprops-based).
Failed A3-C-2_to_A3-A-2: Missing required feature columns ['aspect_ratio', 'elongation', 'equivalent_diameter', 'nn_dist_1', 'nn_dist_2', 'nn_dist_3', 'local_density', 'neighbor_area_ratio_mean', 'neighbor_roundness_mean']. Compute features first via `compute_cell_features` (regionprops-based).
Failed A3-D-2_to_A3-A-2: Missing required feature columns ['aspect_ratio', 'elongation', 'equivalent_diameter', 'nn_dist_1', 'nn_dist_2', 'nn_dist_3', 'local_density', 'neighbor_area_ratio_mean', 'neighbor_roundness_mean']. Compute features first via `compute_cell_features` (regionprops-based).
Failed A3-E-2_to_A3-A-2: Missing required feature columns ['aspect_ratio', 'elongation', 'equivalent_diameter', 'nn_dist_1', 'nn_dist_2', 'nn_dist_3', 'local_density', 'neighbor_area_ratio_mean', 'neighbor_roundness_mean']. Compute features first via `compute_cell_features` (regionprops-based).
Failed A3-B-3_to_A3-A-3: Missing required feature columns ['aspect_ratio', 'elongation', 'equivalent_diameter', 'nn_dist_1', 'nn_dist_2', 'nn_dist_3', 'local_density', 'neighbor_area_ratio_mean', 'neighbor_roundness_mean']. Compute features first via `compute_cell_features` (regionprops-based).
Failed A3-C-3_to_A3-A-3: Missing required feature columns ['aspect_ratio', 'elongation', 'equivalent_diameter', 'nn_dist_1', 'nn_dist_2', 'nn_dist_3', 'local_density', 'neighbor_area_ratio_mean', 'neighbor_roundness_mean']. Compute features first via `compute_cell_features` (regionprops-based).
Failed A3-D-3_to_A3-A-3: Missing required feature columns ['aspect_ratio', 'elongation', 'equivalent_diameter', 'nn_dist_1', 'nn_dist_2', 'nn_dist_3', 'local_density', 'neighbor_area_ratio_mean', 'neighbor_roundness_mean']. Compute features first via `compute_cell_features` (regionprops-based).
Failed A3-E-3_to_A3-A-3: Missing required feature columns ['aspect_ratio', 'elongation', 'equivalent_diameter', 'nn_dist_1', 'nn_dist_2', 'nn_dist_3', 'local_density', 'neighbor_area_ratio_mean', 'neighbor_roundness_mean']. Compute features first via `compute_cell_features` (regionprops-based).
Failed A4-A-1_to_A4-B-1: estimate_robust_transform() got an unexpected keyword argument 'method'
Failed A4-C-1_to_A4-B-1: Missing required feature columns ['aspect_ratio', 'elongation', 'equivalent_diameter', 'nn_dist_1', 'nn_dist_2', 'nn_dist_3', 'local_density', 'neighbor_area_ratio_mean', 'neighbor_roundness_mean']. Compute features first via `compute_cell_features` (regionprops-based).
Failed A4-D-1_to_A4-B-1: Missing required feature columns ['aspect_ratio', 'elongation', 'equivalent_diameter', 'nn_dist_1', 'nn_dist_2', 'nn_dist_3', 'local_density', 'neighbor_area_ratio_mean', 'neighbor_roundness_mean']. Compute features first via `compute_cell_features` (regionprops-based).
Failed A4-E-1_to_A4-B-1: Missing required feature columns ['aspect_ratio', 'elongation', 'equivalent_diameter', 'nn_dist_1', 'nn_dist_2', 'nn_dist_3', 'local_density', 'neighbor_area_ratio_mean', 'neighbor_roundness_mean']. Compute features first via `compute_cell_features` (regionprops-based).
Failed A4-A-2_to_A4-B-2: Missing required feature columns ['aspect_ratio', 'elongation', 'equivalent_diameter', 'nn_dist_1', 'nn_dist_2', 'nn_dist_3', 'local_density', 'neighbor_area_ratio_mean', 'neighbor_roundness_mean']. Compute features first via `compute_cell_features` (regionprops-based).
Failed A4-C-2_to_A4-B-2: Missing required feature columns ['aspect_ratio', 'elongation', 'equivalent_diameter', 'nn_dist_1', 'nn_dist_2', 'nn_dist_3', 'local_density', 'neighbor_area_ratio_mean', 'neighbor_roundness_mean']. Compute features first via `compute_cell_features` (regionprops-based).
Failed A4-D-2_to_A4-B-2: Missing required feature columns ['aspect_ratio', 'elongation', 'equivalent_diameter', 'nn_dist_1', 'nn_dist_2', 'nn_dist_3', 'local_density', 'neighbor_area_ratio_mean', 'neighbor_roundness_mean']. Compute features first via `compute_cell_features` (regionprops-based).
Failed A4-E-2_to_A4-B-2: Missing required feature columns ['aspect_ratio', 'elongation', 'equivalent_diameter', 'nn_dist_1', 'nn_dist_2', 'nn_dist_3', 'local_density', 'neighbor_area_ratio_mean', 'neighbor_roundness_mean']. Compute features first via `compute_cell_features` (regionprops-based).
Failed A4-A-3_to_A4-B-3: Missing required feature columns ['aspect_ratio', 'elongation', 'equivalent_diameter', 'nn_dist_1', 'nn_dist_2', 'nn_dist_3', 'local_density', 'neighbor_area_ratio_mean', 'neighbor_roundness_mean']. Compute features first via `compute_cell_features` (regionprops-based).
Failed A4-C-3_to_A4-B-3: Missing required feature columns ['aspect_ratio', 'elongation', 'equivalent_diameter', 'nn_dist_1', 'nn_dist_2', 'nn_dist_3', 'local_density', 'neighbor_area_ratio_mean', 'neighbor_roundness_mean']. Compute features first via `compute_cell_features` (regionprops-based).
Failed A4-D-3_to_A4-B-3: Missing required feature columns ['aspect_ratio', 'elongation', 'equivalent_diameter', 'nn_dist_1', 'nn_dist_2', 'nn_dist_3', 'local_density', 'neighbor_area_ratio_mean', 'neighbor_roundness_mean']. Compute features first via `compute_cell_features` (regionprops-based).
Failed A4-E-3_to_A4-B-3: Missing required feature columns ['aspect_ratio', 'elongation', 'equivalent_diameter', 'nn_dist_1', 'nn_dist_2', 'nn_dist_3', 'local_density', 'neighbor_area_ratio_mean', 'neighbor_roundness_mean']. Compute features first via `compute_cell_features` (regionprops-based).
Failed A5-A-1_to_A5-B-1: Missing required feature columns ['aspect_ratio', 'elongation', 'equivalent_diameter', 'nn_dist_1', 'nn_dist_2', 'nn_dist_3', 'local_density', 'neighbor_area_ratio_mean', 'neighbor_roundness_mean']. Compute features first via `compute_cell_features` (regionprops-based).
Failed A5-C-1_to_A5-B-1: Missing required feature columns ['aspect_ratio', 'elongation', 'equivalent_diameter', 'nn_dist_1', 'nn_dist_2', 'nn_dist_3', 'local_density', 'neighbor_area_ratio_mean', 'neighbor_roundness_mean']. Compute features first via `compute_cell_features` (regionprops-based).
Failed A5-D-1_to_A5-B-1: Missing required feature columns ['aspect_ratio', 'elongation', 'equivalent_diameter', 'nn_dist_1', 'nn_dist_2', 'nn_dist_3', 'local_density', 'neighbor_area_ratio_mean', 'neighbor_roundness_mean']. Compute features first via `compute_cell_features` (regionprops-based).
Failed A5-E-1_to_A5-B-1: Missing required feature columns ['aspect_ratio', 'elongation', 'equivalent_diameter', 'nn_dist_1', 'nn_dist_2', 'nn_dist_3', 'local_density', 'neighbor_area_ratio_mean', 'neighbor_roundness_mean']. Compute features first via `compute_cell_features` (regionprops-based).
Failed A5-A-2_to_A5-B-2: Missing required feature columns ['aspect_ratio', 'elongation', 'equivalent_diameter', 'nn_dist_1', 'nn_dist_2', 'nn_dist_3', 'local_density', 'neighbor_area_ratio_mean', 'neighbor_roundness_mean']. Compute features first via `compute_cell_features` (regionprops-based).
Failed A5-C-2_to_A5-B-2: Missing required feature columns ['aspect_ratio', 'elongation', 'equivalent_diameter', 'nn_dist_1', 'nn_dist_2', 'nn_dist_3', 'local_density', 'neighbor_area_ratio_mean', 'neighbor_roundness_mean']. Compute features first via `compute_cell_features` (regionprops-based).
Failed A5-D-2_to_A5-B-2: Missing required feature columns ['aspect_ratio', 'elongation', 'equivalent_diameter', 'nn_dist_1', 'nn_dist_2', 'nn_dist_3', 'local_density', 'neighbor_area_ratio_mean', 'neighbor_roundness_mean']. Compute features first via `compute_cell_features` (regionprops-based).
Failed A5-E-2_to_A5-B-2: Missing required feature columns ['aspect_ratio', 'elongation', 'equivalent_diameter', 'nn_dist_1', 'nn_dist_2', 'nn_dist_3', 'local_density', 'neighbor_area_ratio_mean', 'neighbor_roundness_mean']. Compute features first via `compute_cell_features` (regionprops-based).
Failed A5-A-3_to_A5-B-3: Missing required feature columns ['aspect_ratio', 'elongation', 'equivalent_diameter', 'nn_dist_1', 'nn_dist_2', 'nn_dist_3', 'local_density', 'neighbor_area_ratio_mean', 'neighbor_roundness_mean']. Compute features first via `compute_cell_features` (regionprops-based).
Failed A5-C-3_to_A5-B-3: Missing required feature columns ['aspect_ratio', 'elongation', 'equivalent_diameter', 'nn_dist_1', 'nn_dist_2', 'nn_dist_3', 'local_density', 'neighbor_area_ratio_mean', 'neighbor_roundness_mean']. Compute features first via `compute_cell_features` (regionprops-based).
Failed A5-D-3_to_A5-B-3: Missing required feature columns ['aspect_ratio', 'elongation', 'equivalent_diameter', 'nn_dist_1', 'nn_dist_2', 'nn_dist_3', 'local_density', 'neighbor_area_ratio_mean', 'neighbor_roundness_mean']. Compute features first via `compute_cell_features` (regionprops-based).
Failed A5-E-3_to_A5-B-3: Missing required feature columns ['aspect_ratio', 'elongation', 'equivalent_diameter', 'nn_dist_1', 'nn_dist_2', 'nn_dist_3', 'local_density', 'neighbor_area_ratio_mean', 'neighbor_roundness_mean']. Compute features first via `compute_cell_features` (regionprops-based).
Failed A6-A-1_to_A6-B-1: Missing required feature columns ['aspect_ratio', 'elongation', 'equivalent_diameter', 'nn_dist_1', 'nn_dist_2', 'nn_dist_3', 'local_density', 'neighbor_area_ratio_mean', 'neighbor_roundness_mean']. Compute features first via `compute_cell_features` (regionprops-based).
Failed A6-C-1_to_A6-B-1: Missing required feature columns ['aspect_ratio', 'elongation', 'equivalent_diameter', 'nn_dist_1', 'nn_dist_2', 'nn_dist_3', 'local_density', 'neighbor_area_ratio_mean', 'neighbor_roundness_mean']. Compute features first via `compute_cell_features` (regionprops-based).
Failed A6-D-1_to_A6-B-1: Missing required feature columns ['aspect_ratio', 'elongation', 'equivalent_diameter', 'nn_dist_1', 'nn_dist_2', 'nn_dist_3', 'local_density', 'neighbor_area_ratio_mean', 'neighbor_roundness_mean']. Compute features first via `compute_cell_features` (regionprops-based).
Failed A6-E-1_to_A6-B-1: Missing required feature columns ['aspect_ratio', 'elongation', 'equivalent_diameter', 'nn_dist_1', 'nn_dist_2', 'nn_dist_3', 'local_density', 'neighbor_area_ratio_mean', 'neighbor_roundness_mean']. Compute features first via `compute_cell_features` (regionprops-based).
Failed A6-A-2_to_A6-B-2: Missing required feature columns ['aspect_ratio', 'elongation', 'equivalent_diameter', 'nn_dist_1', 'nn_dist_2', 'nn_dist_3', 'local_density', 'neighbor_area_ratio_mean', 'neighbor_roundness_mean']. Compute features first via `compute_cell_features` (regionprops-based).
Failed A6-C-2_to_A6-B-2: Missing required feature columns ['aspect_ratio', 'elongation', 'equivalent_diameter', 'nn_dist_1', 'nn_dist_2', 'nn_dist_3', 'local_density', 'neighbor_area_ratio_mean', 'neighbor_roundness_mean']. Compute features first via `compute_cell_features` (regionprops-based).
Failed A6-D-2_to_A6-B-2: Missing required feature columns ['aspect_ratio', 'elongation', 'equivalent_diameter', 'nn_dist_1', 'nn_dist_2', 'nn_dist_3', 'local_density', 'neighbor_area_ratio_mean', 'neighbor_roundness_mean']. Compute features first via `compute_cell_features` (regionprops-based).
Failed A6-E-2_to_A6-B-2: Missing required feature columns ['aspect_ratio', 'elongation', 'equivalent_diameter', 'nn_dist_1', 'nn_dist_2', 'nn_dist_3', 'local_density', 'neighbor_area_ratio_mean', 'neighbor_roundness_mean']. Compute features first via `compute_cell_features` (regionprops-based).
Failed A6-A-3_to_A6-B-3: Missing required feature columns ['aspect_ratio', 'elongation', 'equivalent_diameter', 'nn_dist_1', 'nn_dist_2', 'nn_dist_3', 'local_density', 'neighbor_area_ratio_mean', 'neighbor_roundness_mean']. Compute features first via `compute_cell_features` (regionprops-based).
Failed A6-C-3_to_A6-B-3: Missing required feature columns ['aspect_ratio', 'elongation', 'equivalent_diameter', 'nn_dist_1', 'nn_dist_2', 'nn_dist_3', 'local_density', 'neighbor_area_ratio_mean', 'neighbor_roundness_mean']. Compute features first via `compute_cell_features` (regionprops-based).
Failed A6-D-3_to_A6-B-3: Missing required feature columns ['aspect_ratio', 'elongation', 'equivalent_diameter', 'nn_dist_1', 'nn_dist_2', 'nn_dist_3', 'local_density', 'neighbor_area_ratio_mean', 'neighbor_roundness_mean']. Compute features first via `compute_cell_features` (regionprops-based).
Failed A6-E-3_to_A6-B-3: Missing required feature columns ['aspect_ratio', 'elongation', 'equivalent_diameter', 'nn_dist_1', 'nn_dist_2', 'nn_dist_3', 'local_density', 'neighbor_area_ratio_mean', 'neighbor_roundness_mean']. Compute features first via `compute_cell_features` (regionprops-based).
Failed A6-A-4_to_A6-B-4: Missing required feature columns ['aspect_ratio', 'elongation', 'equivalent_diameter', 'nn_dist_1', 'nn_dist_2', 'nn_dist_3', 'local_density', 'neighbor_area_ratio_mean', 'neighbor_roundness_mean']. Compute features first via `compute_cell_features` (regionprops-based).
Failed A6-C-4_to_A6-B-4: Missing required feature columns ['aspect_ratio', 'elongation', 'equivalent_diameter', 'nn_dist_1', 'nn_dist_2', 'nn_dist_3', 'local_density', 'neighbor_area_ratio_mean', 'neighbor_roundness_mean']. Compute features first via `compute_cell_features` (regionprops-based).
Failed A6-D-4_to_A6-B-4: Missing required feature columns ['aspect_ratio', 'elongation', 'equivalent_diameter', 'nn_dist_1', 'nn_dist_2', 'nn_dist_3', 'local_density', 'neighbor_area_ratio_mean', 'neighbor_roundness_mean']. Compute features first via `compute_cell_features` (regionprops-based).
Failed A6-E-4_to_A6-B-4: Missing required feature columns ['aspect_ratio', 'elongation', 'equivalent_diameter', 'nn_dist_1', 'nn_dist_2', 'nn_dist_3', 'local_density', 'neighbor_area_ratio_mean', 'neighbor_roundness_mean']. Compute features first via `compute_cell_features` (regionprops-based).
Failed C2-A-1_to_C2-C-1: estimate_robust_transform() got an unexpected keyword argument 'method'
Failed C2-B-1_to_C2-C-1: Missing required feature columns ['aspect_ratio', 'elongation', 'equivalent_diameter', 'nn_dist_1', 'nn_dist_2', 'nn_dist_3', 'local_density', 'neighbor_area_ratio_mean', 'neighbor_roundness_mean']. Compute features first via `compute_cell_features` (regionprops-based).
Failed C2-D-1_to_C2-C-1: Missing required feature columns ['aspect_ratio', 'elongation', 'equivalent_diameter', 'nn_dist_1', 'nn_dist_2', 'nn_dist_3', 'local_density', 'neighbor_area_ratio_mean', 'neighbor_roundness_mean']. Compute features first via `compute_cell_features` (regionprops-based).
Failed C2-E-1_to_C2-C-1: Missing required feature columns ['aspect_ratio', 'elongation', 'equivalent_diameter', 'nn_dist_1', 'nn_dist_2', 'nn_dist_3', 'local_density', 'neighbor_area_ratio_mean', 'neighbor_roundness_mean']. Compute features first via `compute_cell_features` (regionprops-based).
Failed C2-A-2_to_C2-C-2: Missing required feature columns ['aspect_ratio', 'elongation', 'equivalent_diameter', 'nn_dist_1', 'nn_dist_2', 'nn_dist_3', 'local_density', 'neighbor_area_ratio_mean', 'neighbor_roundness_mean']. Compute features first via `compute_cell_features` (regionprops-based).
Failed C2-B-2_to_C2-C-2: Missing required feature columns ['aspect_ratio', 'elongation', 'equivalent_diameter', 'nn_dist_1', 'nn_dist_2', 'nn_dist_3', 'local_density', 'neighbor_area_ratio_mean', 'neighbor_roundness_mean']. Compute features first via `compute_cell_features` (regionprops-based).
Failed C2-D-2_to_C2-C-2: Missing required feature columns ['aspect_ratio', 'elongation', 'equivalent_diameter', 'nn_dist_1', 'nn_dist_2', 'nn_dist_3', 'local_density', 'neighbor_area_ratio_mean', 'neighbor_roundness_mean']. Compute features first via `compute_cell_features` (regionprops-based).
Failed C2-E-2_to_C2-C-2: estimate_robust_transform() got an unexpected keyword argument 'method'
Failed C2-A-3_to_C2-C-3: Missing required feature columns ['aspect_ratio', 'elongation', 'equivalent_diameter', 'nn_dist_1', 'nn_dist_2', 'nn_dist_3', 'local_density', 'neighbor_area_ratio_mean', 'neighbor_roundness_mean']. Compute features first via `compute_cell_features` (regionprops-based).
Failed C2-B-3_to_C2-C-3: Missing required feature columns ['aspect_ratio', 'elongation', 'equivalent_diameter', 'nn_dist_1', 'nn_dist_2', 'nn_dist_3', 'local_density', 'neighbor_area_ratio_mean', 'neighbor_roundness_mean']. Compute features first via `compute_cell_features` (regionprops-based).
Failed C2-D-3_to_C2-C-3: Missing required feature columns ['aspect_ratio', 'elongation', 'equivalent_diameter', 'nn_dist_1', 'nn_dist_2', 'nn_dist_3', 'local_density', 'neighbor_area_ratio_mean', 'neighbor_roundness_mean']. Compute features first via `compute_cell_features` (regionprops-based).
Failed C2-E-3_to_C2-C-3: Missing required feature columns ['aspect_ratio', 'elongation', 'equivalent_diameter', 'nn_dist_1', 'nn_dist_2', 'nn_dist_3', 'local_density', 'neighbor_area_ratio_mean', 'neighbor_roundness_mean']. Compute features first via `compute_cell_features` (regionprops-based).
Failed C3-A-1_to_C3-B-1: Missing required feature columns ['aspect_ratio', 'elongation', 'equivalent_diameter', 'nn_dist_1', 'nn_dist_2', 'nn_dist_3', 'local_density', 'neighbor_area_ratio_mean', 'neighbor_roundness_mean']. Compute features first via `compute_cell_features` (regionprops-based).
Failed C3-C-1_to_C3-B-1: Missing required feature columns ['aspect_ratio', 'elongation', 'equivalent_diameter', 'nn_dist_1', 'nn_dist_2', 'nn_dist_3', 'local_density', 'neighbor_area_ratio_mean', 'neighbor_roundness_mean']. Compute features first via `compute_cell_features` (regionprops-based).
Failed C3-D-1_to_C3-B-1: estimate_robust_transform() got an unexpected keyword argument 'method'
Failed C3-E-1_to_C3-B-1: estimate_robust_transform() got an unexpected keyword argument 'method'
Failed C3-A-2_to_C3-B-2: Missing required feature columns ['aspect_ratio', 'elongation', 'equivalent_diameter', 'nn_dist_1', 'nn_dist_2', 'nn_dist_3', 'local_density', 'neighbor_area_ratio_mean', 'neighbor_roundness_mean']. Compute features first via `compute_cell_features` (regionprops-based).
Failed C3-C-2_to_C3-B-2: Missing required feature columns ['aspect_ratio', 'elongation', 'equivalent_diameter', 'nn_dist_1', 'nn_dist_2', 'nn_dist_3', 'local_density', 'neighbor_area_ratio_mean', 'neighbor_roundness_mean']. Compute features first via `compute_cell_features` (regionprops-based).
Failed C3-D-2_to_C3-B-2: estimate_robust_transform() got an unexpected keyword argument 'method'
Failed C3-E-2_to_C3-B-2: Missing required feature columns ['aspect_ratio', 'elongation', 'equivalent_diameter', 'nn_dist_1', 'nn_dist_2', 'nn_dist_3', 'local_density', 'neighbor_area_ratio_mean', 'neighbor_roundness_mean']. Compute features first via `compute_cell_features` (regionprops-based).
Failed C3-A-3_to_C3-B-3: Missing required feature columns ['aspect_ratio', 'elongation', 'equivalent_diameter', 'nn_dist_1', 'nn_dist_2', 'nn_dist_3', 'local_density', 'neighbor_area_ratio_mean', 'neighbor_roundness_mean']. Compute features first via `compute_cell_features` (regionprops-based).
Failed C3-C-3_to_C3-B-3: Missing required feature columns ['aspect_ratio', 'elongation', 'equivalent_diameter', 'nn_dist_1', 'nn_dist_2', 'nn_dist_3', 'local_density', 'neighbor_area_ratio_mean', 'neighbor_roundness_mean']. Compute features first via `compute_cell_features` (regionprops-based).
Failed C3-D-3_to_C3-B-3: Missing required feature columns ['aspect_ratio', 'elongation', 'equivalent_diameter', 'nn_dist_1', 'nn_dist_2', 'nn_dist_3', 'local_density', 'neighbor_area_ratio_mean', 'neighbor_roundness_mean']. Compute features first via `compute_cell_features` (regionprops-based).
Failed C3-E-3_to_C3-B-3: Missing required feature columns ['aspect_ratio', 'elongation', 'equivalent_diameter', 'nn_dist_1', 'nn_dist_2', 'nn_dist_3', 'local_density', 'neighbor_area_ratio_mean', 'neighbor_roundness_mean']. Compute features first via `compute_cell_features` (regionprops-based).
Failed C4-A-1_to_C4-C-1: Missing required feature columns ['aspect_ratio', 'elongation', 'equivalent_diameter', 'nn_dist_1', 'nn_dist_2', 'nn_dist_3', 'local_density', 'neighbor_area_ratio_mean', 'neighbor_roundness_mean']. Compute features first via `compute_cell_features` (regionprops-based).
Failed C4-B-1_to_C4-C-1: Missing required feature columns ['aspect_ratio', 'elongation', 'equivalent_diameter', 'nn_dist_1', 'nn_dist_2', 'nn_dist_3', 'local_density', 'neighbor_area_ratio_mean', 'neighbor_roundness_mean']. Compute features first via `compute_cell_features` (regionprops-based).
Failed C4-D-1_to_C4-C-1: Missing required feature columns ['aspect_ratio', 'elongation', 'equivalent_diameter', 'nn_dist_1', 'nn_dist_2', 'nn_dist_3', 'local_density', 'neighbor_area_ratio_mean', 'neighbor_roundness_mean']. Compute features first via `compute_cell_features` (regionprops-based).
Failed C4-E-1_to_C4-C-1: Missing required feature columns ['aspect_ratio', 'elongation', 'equivalent_diameter', 'nn_dist_1', 'nn_dist_2', 'nn_dist_3', 'local_density', 'neighbor_area_ratio_mean', 'neighbor_roundness_mean']. Compute features first via `compute_cell_features` (regionprops-based).
Failed C4-A-2_to_C4-C-2: Missing required feature columns ['aspect_ratio', 'elongation', 'equivalent_diameter', 'nn_dist_1', 'nn_dist_2', 'nn_dist_3', 'local_density', 'neighbor_area_ratio_mean', 'neighbor_roundness_mean']. Compute features first via `compute_cell_features` (regionprops-based).
Failed C4-B-2_to_C4-C-2: Missing required feature columns ['aspect_ratio', 'elongation', 'equivalent_diameter', 'nn_dist_1', 'nn_dist_2', 'nn_dist_3', 'local_density', 'neighbor_area_ratio_mean', 'neighbor_roundness_mean']. Compute features first via `compute_cell_features` (regionprops-based).
Failed C4-D-2_to_C4-C-2: Missing required feature columns ['aspect_ratio', 'elongation', 'equivalent_diameter', 'nn_dist_1', 'nn_dist_2', 'nn_dist_3', 'local_density', 'neighbor_area_ratio_mean', 'neighbor_roundness_mean']. Compute features first via `compute_cell_features` (regionprops-based).
Failed C4-E-2_to_C4-C-2: Missing required feature columns ['aspect_ratio', 'elongation', 'equivalent_diameter', 'nn_dist_1', 'nn_dist_2', 'nn_dist_3', 'local_density', 'neighbor_area_ratio_mean', 'neighbor_roundness_mean']. Compute features first via `compute_cell_features` (regionprops-based).
Failed C4-A-3_to_C4-C-3: Missing required feature columns ['aspect_ratio', 'elongation', 'equivalent_diameter', 'nn_dist_1', 'nn_dist_2', 'nn_dist_3', 'local_density', 'neighbor_area_ratio_mean', 'neighbor_roundness_mean']. Compute features first via `compute_cell_features` (regionprops-based).
Failed C4-B-3_to_C4-C-3: Missing required feature columns ['aspect_ratio', 'elongation', 'equivalent_diameter', 'nn_dist_1', 'nn_dist_2', 'nn_dist_3', 'local_density', 'neighbor_area_ratio_mean', 'neighbor_roundness_mean']. Compute features first via `compute_cell_features` (regionprops-based).
Failed C4-D-3_to_C4-C-3: Missing required feature columns ['aspect_ratio', 'elongation', 'equivalent_diameter', 'nn_dist_1', 'nn_dist_2', 'nn_dist_3', 'local_density', 'neighbor_area_ratio_mean', 'neighbor_roundness_mean']. Compute features first via `compute_cell_features` (regionprops-based).
Failed C4-E-3_to_C4-C-3: Missing required feature columns ['aspect_ratio', 'elongation', 'equivalent_diameter', 'nn_dist_1', 'nn_dist_2', 'nn_dist_3', 'local_density', 'neighbor_area_ratio_mean', 'neighbor_roundness_mean']. Compute features first via `compute_cell_features` (regionprops-based).
Failed C5-A-1_to_C5-C-1: Missing required feature columns ['aspect_ratio', 'elongation', 'equivalent_diameter', 'nn_dist_1', 'nn_dist_2', 'nn_dist_3', 'local_density', 'neighbor_area_ratio_mean', 'neighbor_roundness_mean']. Compute features first via `compute_cell_features` (regionprops-based).
Failed C5-B-1_to_C5-C-1: Missing required feature columns ['aspect_ratio', 'elongation', 'equivalent_diameter', 'nn_dist_1', 'nn_dist_2', 'nn_dist_3', 'local_density', 'neighbor_area_ratio_mean', 'neighbor_roundness_mean']. Compute features first via `compute_cell_features` (regionprops-based).
Failed C5-D-1_to_C5-C-1: Missing required feature columns ['aspect_ratio', 'elongation', 'equivalent_diameter', 'nn_dist_1', 'nn_dist_2', 'nn_dist_3', 'local_density', 'neighbor_area_ratio_mean', 'neighbor_roundness_mean']. Compute features first via `compute_cell_features` (regionprops-based).
Failed C5-E-1_to_C5-C-1: Missing required feature columns ['aspect_ratio', 'elongation', 'equivalent_diameter', 'nn_dist_1', 'nn_dist_2', 'nn_dist_3', 'local_density', 'neighbor_area_ratio_mean', 'neighbor_roundness_mean']. Compute features first via `compute_cell_features` (regionprops-based).
Failed C5-A-2_to_C5-C-2: Missing required feature columns ['aspect_ratio', 'elongation', 'equivalent_diameter', 'nn_dist_1', 'nn_dist_2', 'nn_dist_3', 'local_density', 'neighbor_area_ratio_mean', 'neighbor_roundness_mean']. Compute features first via `compute_cell_features` (regionprops-based).
Failed C5-B-2_to_C5-C-2: Missing required feature columns ['aspect_ratio', 'elongation', 'equivalent_diameter', 'nn_dist_1', 'nn_dist_2', 'nn_dist_3', 'local_density', 'neighbor_area_ratio_mean', 'neighbor_roundness_mean']. Compute features first via `compute_cell_features` (regionprops-based).
Failed C5-D-2_to_C5-C-2: Missing required feature columns ['aspect_ratio', 'elongation', 'equivalent_diameter', 'nn_dist_1', 'nn_dist_2', 'nn_dist_3', 'local_density', 'neighbor_area_ratio_mean', 'neighbor_roundness_mean']. Compute features first via `compute_cell_features` (regionprops-based).
Failed C5-E-2_to_C5-C-2: Missing required feature columns ['aspect_ratio', 'elongation', 'equivalent_diameter', 'nn_dist_1', 'nn_dist_2', 'nn_dist_3', 'local_density', 'neighbor_area_ratio_mean', 'neighbor_roundness_mean']. Compute features first via `compute_cell_features` (regionprops-based).
Failed C5-A-3_to_C5-C-3: Missing required feature columns ['aspect_ratio', 'elongation', 'equivalent_diameter', 'nn_dist_1', 'nn_dist_2', 'nn_dist_3', 'local_density', 'neighbor_area_ratio_mean', 'neighbor_roundness_mean']. Compute features first via `compute_cell_features` (regionprops-based).
Failed C5-B-3_to_C5-C-3: Missing required feature columns ['aspect_ratio', 'elongation', 'equivalent_diameter', 'nn_dist_1', 'nn_dist_2', 'nn_dist_3', 'local_density', 'neighbor_area_ratio_mean', 'neighbor_roundness_mean']. Compute features first via `compute_cell_features` (regionprops-based).
Failed C5-D-3_to_C5-C-3: Missing required feature columns ['aspect_ratio', 'elongation', 'equivalent_diameter', 'nn_dist_1', 'nn_dist_2', 'nn_dist_3', 'local_density', 'neighbor_area_ratio_mean', 'neighbor_roundness_mean']. Compute features first via `compute_cell_features` (regionprops-based).
Failed C5-E-3_to_C5-C-3: Missing required feature columns ['aspect_ratio', 'elongation', 'equivalent_diameter', 'nn_dist_1', 'nn_dist_2', 'nn_dist_3', 'local_density', 'neighbor_area_ratio_mean', 'neighbor_roundness_mean']. Compute features first via `compute_cell_features` (regionprops-based).
Failed C6-A-1_to_C6-C-1: Missing required feature columns ['aspect_ratio', 'elongation', 'equivalent_diameter', 'nn_dist_1', 'nn_dist_2', 'nn_dist_3', 'local_density', 'neighbor_area_ratio_mean', 'neighbor_roundness_mean']. Compute features first via `compute_cell_features` (regionprops-based).
Failed C6-B-1_to_C6-C-1: Missing required feature columns ['aspect_ratio', 'elongation', 'equivalent_diameter', 'nn_dist_1', 'nn_dist_2', 'nn_dist_3', 'local_density', 'neighbor_area_ratio_mean', 'neighbor_roundness_mean']. Compute features first via `compute_cell_features` (regionprops-based).
Failed C6-D-1_to_C6-C-1: Missing required feature columns ['aspect_ratio', 'elongation', 'equivalent_diameter', 'nn_dist_1', 'nn_dist_2', 'nn_dist_3', 'local_density', 'neighbor_area_ratio_mean', 'neighbor_roundness_mean']. Compute features first via `compute_cell_features` (regionprops-based).
Failed C6-E-1_to_C6-C-1: Missing required feature columns ['aspect_ratio', 'elongation', 'equivalent_diameter', 'nn_dist_1', 'nn_dist_2', 'nn_dist_3', 'local_density', 'neighbor_area_ratio_mean', 'neighbor_roundness_mean']. Compute features first via `compute_cell_features` (regionprops-based).
Failed C6-A-2_to_C6-C-2: Missing required feature columns ['aspect_ratio', 'elongation', 'equivalent_diameter', 'nn_dist_1', 'nn_dist_2', 'nn_dist_3', 'local_density', 'neighbor_area_ratio_mean', 'neighbor_roundness_mean']. Compute features first via `compute_cell_features` (regionprops-based).
Failed C6-B-2_to_C6-C-2: Missing required feature columns ['aspect_ratio', 'elongation', 'equivalent_diameter', 'nn_dist_1', 'nn_dist_2', 'nn_dist_3', 'local_density', 'neighbor_area_ratio_mean', 'neighbor_roundness_mean']. Compute features first via `compute_cell_features` (regionprops-based).
Failed C6-D-2_to_C6-C-2: Missing required feature columns ['aspect_ratio', 'elongation', 'equivalent_diameter', 'nn_dist_1', 'nn_dist_2', 'nn_dist_3', 'local_density', 'neighbor_area_ratio_mean', 'neighbor_roundness_mean']. Compute features first via `compute_cell_features` (regionprops-based).
Failed C6-E-2_to_C6-C-2: Missing required feature columns ['aspect_ratio', 'elongation', 'equivalent_diameter', 'nn_dist_1', 'nn_dist_2', 'nn_dist_3', 'local_density', 'neighbor_area_ratio_mean', 'neighbor_roundness_mean']. Compute features first via `compute_cell_features` (regionprops-based).
Failed C6-A-3_to_C6-C-3: Missing required feature columns ['aspect_ratio', 'elongation', 'equivalent_diameter', 'nn_dist_1', 'nn_dist_2', 'nn_dist_3', 'local_density', 'neighbor_area_ratio_mean', 'neighbor_roundness_mean']. Compute features first via `compute_cell_features` (regionprops-based).
Failed C6-B-3_to_C6-C-3: Missing required feature columns ['aspect_ratio', 'elongation', 'equivalent_diameter', 'nn_dist_1', 'nn_dist_2', 'nn_dist_3', 'local_density', 'neighbor_area_ratio_mean', 'neighbor_roundness_mean']. Compute features first via `compute_cell_features` (regionprops-based).
Failed C6-D-3_to_C6-C-3: Missing required feature columns ['aspect_ratio', 'elongation', 'equivalent_diameter', 'nn_dist_1', 'nn_dist_2', 'nn_dist_3', 'local_density', 'neighbor_area_ratio_mean', 'neighbor_roundness_mean']. Compute features first via `compute_cell_features` (regionprops-based).
Failed C6-E-3_to_C6-C-3: Missing required feature columns ['aspect_ratio', 'elongation', 'equivalent_diameter', 'nn_dist_1', 'nn_dist_2', 'nn_dist_3', 'local_density', 'neighbor_area_ratio_mean', 'neighbor_roundness_mean']. Compute features first via `compute_cell_features` (regionprops-based).
No F1 scores were computed.
Traceback (most recent call last):
  File "F:\programme\nxy\Cell registration\benchmark\test_f1_fast2.py", line 49, in main
    matches = greedy_match_cells(fixed_feats, mv_feats, config)
  File "F:\programme\nxy\Cell registration\napari-cell-registration\src\napari_cell_registration\core\matching.py", line 692, in greedy_match_cells
    _ensure_columns(df1, report_cols)
  File "F:\programme\nxy\Cell registration\napari-cell-registration\src\napari_cell_registration\core\matching.py", line 53, in _ensure_columns
    raise ValueError(
ValueError: Missing required feature columns ['aspect_ratio', 'elongation', 'equivalent_diameter', 'nn_dist_1', 'nn_dist_2', 'nn_dist_3', 'local_density', 'neighbor_area_ratio_mean', 'neighbor_roundness_mean']. Compute features first via `compute_cell_features` (regionprops-based).
Traceback (most recent call last):
  File "F:\programme\nxy\Cell registration\benchmark\test_f1_fast2.py", line 49, in main
    matches = greedy_match_cells(fixed_feats, mv_feats, config)
  File "F:\programme\nxy\Cell registration\napari-cell-registration\src\napari_cell_registration\core\matching.py", line 692, in greedy_match_cells
    _ensure_columns(df1, report_cols)
  File "F:\programme\nxy\Cell registration\napari-cell-registration\src\napari_cell_registration\core\matching.py", line 53, in _ensure_columns
    raise ValueError(
ValueError: Missing required feature columns ['aspect_ratio', 'elongation', 'equivalent_diameter', 'nn_dist_1', 'nn_dist_2', 'nn_dist_3', 'local_density', 'neighbor_area_ratio_mean', 'neighbor_roundness_mean']. Compute features first via `compute_cell_features` (regionprops-based).
Traceback (most recent call last):
  File "F:\programme\nxy\Cell registration\benchmark\test_f1_fast2.py", line 49, in main
    matches = greedy_match_cells(fixed_feats, mv_feats, config)
  File "F:\programme\nxy\Cell registration\napari-cell-registration\src\napari_cell_registration\core\matching.py", line 692, in greedy_match_cells
    _ensure_columns(df1, report_cols)
  File "F:\programme\nxy\Cell registration\napari-cell-registration\src\napari_cell_registration\core\matching.py", line 53, in _ensure_columns
    raise ValueError(
ValueError: Missing required feature columns ['aspect_ratio', 'elongation', 'equivalent_diameter', 'nn_dist_1', 'nn_dist_2', 'nn_dist_3', 'local_density', 'neighbor_area_ratio_mean', 'neighbor_roundness_mean']. Compute features first via `compute_cell_features` (regionprops-based).
Traceback (most recent call last):
  File "F:\programme\nxy\Cell registration\benchmark\test_f1_fast2.py", line 49, in main
    matches = greedy_match_cells(fixed_feats, mv_feats, config)
  File "F:\programme\nxy\Cell registration\napari-cell-registration\src\napari_cell_registration\core\matching.py", line 692, in greedy_match_cells
    _ensure_columns(df1, report_cols)
  File "F:\programme\nxy\Cell registration\napari-cell-registration\src\napari_cell_registration\core\matching.py", line 53, in _ensure_columns
    raise ValueError(
ValueError: Missing required feature columns ['aspect_ratio', 'elongation', 'equivalent_diameter', 'nn_dist_1', 'nn_dist_2', 'nn_dist_3', 'local_density', 'neighbor_area_ratio_mean', 'neighbor_roundness_mean']. Compute features first via `compute_cell_features` (regionprops-based).
Traceback (most recent call last):
  File "F:\programme\nxy\Cell registration\benchmark\test_f1_fast2.py", line 49, in main
    matches = greedy_match_cells(fixed_feats, mv_feats, config)
  File "F:\programme\nxy\Cell registration\napari-cell-registration\src\napari_cell_registration\core\matching.py", line 692, in greedy_match_cells
    _ensure_columns(df1, report_cols)
  File "F:\programme\nxy\Cell registration\napari-cell-registration\src\napari_cell_registration\core\matching.py", line 53, in _ensure_columns
    raise ValueError(
ValueError: Missing required feature columns ['aspect_ratio', 'elongation', 'equivalent_diameter', 'nn_dist_1', 'nn_dist_2', 'nn_dist_3', 'local_density', 'neighbor_area_ratio_mean', 'neighbor_roundness_mean']. Compute features first via `compute_cell_features` (regionprops-based).
Traceback (most recent call last):
  File "F:\programme\nxy\Cell registration\benchmark\test_f1_fast2.py", line 49, in main
    matches = greedy_match_cells(fixed_feats, mv_feats, config)
  File "F:\programme\nxy\Cell registration\napari-cell-registration\src\napari_cell_registration\core\matching.py", line 692, in greedy_match_cells
    _ensure_columns(df1, report_cols)
  File "F:\programme\nxy\Cell registration\napari-cell-registration\src\napari_cell_registration\core\matching.py", line 53, in _ensure_columns
    raise ValueError(
ValueError: Missing required feature columns ['aspect_ratio', 'elongation', 'equivalent_diameter', 'nn_dist_1', 'nn_dist_2', 'nn_dist_3', 'local_density', 'neighbor_area_ratio_mean', 'neighbor_roundness_mean']. Compute features first via `compute_cell_features` (regionprops-based).
Traceback (most recent call last):
  File "F:\programme\nxy\Cell registration\benchmark\test_f1_fast2.py", line 49, in main
    matches = greedy_match_cells(fixed_feats, mv_feats, config)
  File "F:\programme\nxy\Cell registration\napari-cell-registration\src\napari_cell_registration\core\matching.py", line 692, in greedy_match_cells
    _ensure_columns(df1, report_cols)
  File "F:\programme\nxy\Cell registration\napari-cell-registration\src\napari_cell_registration\core\matching.py", line 53, in _ensure_columns
    raise ValueError(
ValueError: Missing required feature columns ['aspect_ratio', 'elongation', 'equivalent_diameter', 'nn_dist_1', 'nn_dist_2', 'nn_dist_3', 'local_density', 'neighbor_area_ratio_mean', 'neighbor_roundness_mean']. Compute features first via `compute_cell_features` (regionprops-based).
Traceback (most recent call last):
  File "F:\programme\nxy\Cell registration\benchmark\test_f1_fast2.py", line 49, in main
    matches = greedy_match_cells(fixed_feats, mv_feats, config)
  File "F:\programme\nxy\Cell registration\napari-cell-registration\src\napari_cell_registration\core\matching.py", line 692, in greedy_match_cells
    _ensure_columns(df1, report_cols)
  File "F:\programme\nxy\Cell registration\napari-cell-registration\src\napari_cell_registration\core\matching.py", line 53, in _ensure_columns
    raise ValueError(
ValueError: Missing required feature columns ['aspect_ratio', 'elongation', 'equivalent_diameter', 'nn_dist_1', 'nn_dist_2', 'nn_dist_3', 'local_density', 'neighbor_area_ratio_mean', 'neighbor_roundness_mean']. Compute features first via `compute_cell_features` (regionprops-based).
Traceback (most recent call last):
  File "F:\programme\nxy\Cell registration\benchmark\test_f1_fast2.py", line 49, in main
    matches = greedy_match_cells(fixed_feats, mv_feats, config)
  File "F:\programme\nxy\Cell registration\napari-cell-registration\src\napari_cell_registration\core\matching.py", line 692, in greedy_match_cells
    _ensure_columns(df1, report_cols)
  File "F:\programme\nxy\Cell registration\napari-cell-registration\src\napari_cell_registration\core\matching.py", line 53, in _ensure_columns
    raise ValueError(
ValueError: Missing required feature columns ['aspect_ratio', 'elongation', 'equivalent_diameter', 'nn_dist_1', 'nn_dist_2', 'nn_dist_3', 'local_density', 'neighbor_area_ratio_mean', 'neighbor_roundness_mean']. Compute features first via `compute_cell_features` (regionprops-based).
Traceback (most recent call last):
  File "F:\programme\nxy\Cell registration\benchmark\test_f1_fast2.py", line 56, in main
    robust = estimate_robust_transform(
TypeError: estimate_robust_transform() got an unexpected keyword argument 'method'
Traceback (most recent call last):
  File "F:\programme\nxy\Cell registration\benchmark\test_f1_fast2.py", line 56, in main
    robust = estimate_robust_transform(
TypeError: estimate_robust_transform() got an unexpected keyword argument 'method'
Traceback (most recent call last):
  File "F:\programme\nxy\Cell registration\benchmark\test_f1_fast2.py", line 49, in main
    matches = greedy_match_cells(fixed_feats, mv_feats, config)
  File "F:\programme\nxy\Cell registration\napari-cell-registration\src\napari_cell_registration\core\matching.py", line 692, in greedy_match_cells
    _ensure_columns(df1, report_cols)
  File "F:\programme\nxy\Cell registration\napari-cell-registration\src\napari_cell_registration\core\matching.py", line 53, in _ensure_columns
    raise ValueError(
ValueError: Missing required feature columns ['aspect_ratio', 'elongation', 'equivalent_diameter', 'nn_dist_1', 'nn_dist_2', 'nn_dist_3', 'local_density', 'neighbor_area_ratio_mean', 'neighbor_roundness_mean']. Compute features first via `compute_cell_features` (regionprops-based).
Traceback (most recent call last):
  File "F:\programme\nxy\Cell registration\benchmark\test_f1_fast2.py", line 49, in main
    matches = greedy_match_cells(fixed_feats, mv_feats, config)
  File "F:\programme\nxy\Cell registration\napari-cell-registration\src\napari_cell_registration\core\matching.py", line 692, in greedy_match_cells
    _ensure_columns(df1, report_cols)
  File "F:\programme\nxy\Cell registration\napari-cell-registration\src\napari_cell_registration\core\matching.py", line 53, in _ensure_columns
    raise ValueError(
ValueError: Missing required feature columns ['aspect_ratio', 'elongation', 'equivalent_diameter', 'nn_dist_1', 'nn_dist_2', 'nn_dist_3', 'local_density', 'neighbor_area_ratio_mean', 'neighbor_roundness_mean']. Compute features first via `compute_cell_features` (regionprops-based).
Traceback (most recent call last):
  File "F:\programme\nxy\Cell registration\benchmark\test_f1_fast2.py", line 49, in main
    matches = greedy_match_cells(fixed_feats, mv_feats, config)
  File "F:\programme\nxy\Cell registration\napari-cell-registration\src\napari_cell_registration\core\matching.py", line 692, in greedy_match_cells
    _ensure_columns(df1, report_cols)
  File "F:\programme\nxy\Cell registration\napari-cell-registration\src\napari_cell_registration\core\matching.py", line 53, in _ensure_columns
    raise ValueError(
ValueError: Missing required feature columns ['aspect_ratio', 'elongation', 'equivalent_diameter', 'nn_dist_1', 'nn_dist_2', 'nn_dist_3', 'local_density', 'neighbor_area_ratio_mean', 'neighbor_roundness_mean']. Compute features first via `compute_cell_features` (regionprops-based).
Traceback (most recent call last):
  File "F:\programme\nxy\Cell registration\benchmark\test_f1_fast2.py", line 49, in main
    matches = greedy_match_cells(fixed_feats, mv_feats, config)
  File "F:\programme\nxy\Cell registration\napari-cell-registration\src\napari_cell_registration\core\matching.py", line 692, in greedy_match_cells
    _ensure_columns(df1, report_cols)
  File "F:\programme\nxy\Cell registration\napari-cell-registration\src\napari_cell_registration\core\matching.py", line 53, in _ensure_columns
    raise ValueError(
ValueError: Missing required feature columns ['aspect_ratio', 'elongation', 'equivalent_diameter', 'nn_dist_1', 'nn_dist_2', 'nn_dist_3', 'local_density', 'neighbor_area_ratio_mean', 'neighbor_roundness_mean']. Compute features first via `compute_cell_features` (regionprops-based).
Traceback (most recent call last):
  File "F:\programme\nxy\Cell registration\benchmark\test_f1_fast2.py", line 49, in main
    matches = greedy_match_cells(fixed_feats, mv_feats, config)
  File "F:\programme\nxy\Cell registration\napari-cell-registration\src\napari_cell_registration\core\matching.py", line 692, in greedy_match_cells
    _ensure_columns(df1, report_cols)
  File "F:\programme\nxy\Cell registration\napari-cell-registration\src\napari_cell_registration\core\matching.py", line 53, in _ensure_columns
    raise ValueError(
ValueError: Missing required feature columns ['aspect_ratio', 'elongation', 'equivalent_diameter', 'nn_dist_1', 'nn_dist_2', 'nn_dist_3', 'local_density', 'neighbor_area_ratio_mean', 'neighbor_roundness_mean']. Compute features first via `compute_cell_features` (regionprops-based).
Traceback (most recent call last):
  File "F:\programme\nxy\Cell registration\benchmark\test_f1_fast2.py", line 49, in main
    matches = greedy_match_cells(fixed_feats, mv_feats, config)
  File "F:\programme\nxy\Cell registration\napari-cell-registration\src\napari_cell_registration\core\matching.py", line 692, in greedy_match_cells
    _ensure_columns(df1, report_cols)
  File "F:\programme\nxy\Cell registration\napari-cell-registration\src\napari_cell_registration\core\matching.py", line 53, in _ensure_columns
    raise ValueError(
ValueError: Missing required feature columns ['aspect_ratio', 'elongation', 'equivalent_diameter', 'nn_dist_1', 'nn_dist_2', 'nn_dist_3', 'local_density', 'neighbor_area_ratio_mean', 'neighbor_roundness_mean']. Compute features first via `compute_cell_features` (regionprops-based).
Traceback (most recent call last):
  File "F:\programme\nxy\Cell registration\benchmark\test_f1_fast2.py", line 49, in main
    matches = greedy_match_cells(fixed_feats, mv_feats, config)
  File "F:\programme\nxy\Cell registration\napari-cell-registration\src\napari_cell_registration\core\matching.py", line 692, in greedy_match_cells
    _ensure_columns(df1, report_cols)
  File "F:\programme\nxy\Cell registration\napari-cell-registration\src\napari_cell_registration\core\matching.py", line 53, in _ensure_columns
    raise ValueError(
ValueError: Missing required feature columns ['aspect_ratio', 'elongation', 'equivalent_diameter', 'nn_dist_1', 'nn_dist_2', 'nn_dist_3', 'local_density', 'neighbor_area_ratio_mean', 'neighbor_roundness_mean']. Compute features first via `compute_cell_features` (regionprops-based).
Traceback (most recent call last):
  File "F:\programme\nxy\Cell registration\benchmark\test_f1_fast2.py", line 49, in main
    matches = greedy_match_cells(fixed_feats, mv_feats, config)
  File "F:\programme\nxy\Cell registration\napari-cell-registration\src\napari_cell_registration\core\matching.py", line 692, in greedy_match_cells
    _ensure_columns(df1, report_cols)
  File "F:\programme\nxy\Cell registration\napari-cell-registration\src\napari_cell_registration\core\matching.py", line 53, in _ensure_columns
    raise ValueError(
ValueError: Missing required feature columns ['aspect_ratio', 'elongation', 'equivalent_diameter', 'nn_dist_1', 'nn_dist_2', 'nn_dist_3', 'local_density', 'neighbor_area_ratio_mean', 'neighbor_roundness_mean']. Compute features first via `compute_cell_features` (regionprops-based).
Traceback (most recent call last):
  File "F:\programme\nxy\Cell registration\benchmark\test_f1_fast2.py", line 49, in main
    matches = greedy_match_cells(fixed_feats, mv_feats, config)
  File "F:\programme\nxy\Cell registration\napari-cell-registration\src\napari_cell_registration\core\matching.py", line 692, in greedy_match_cells
    _ensure_columns(df1, report_cols)
  File "F:\programme\nxy\Cell registration\napari-cell-registration\src\napari_cell_registration\core\matching.py", line 53, in _ensure_columns
    raise ValueError(
ValueError: Missing required feature columns ['aspect_ratio', 'elongation', 'equivalent_diameter', 'nn_dist_1', 'nn_dist_2', 'nn_dist_3', 'local_density', 'neighbor_area_ratio_mean', 'neighbor_roundness_mean']. Compute features first via `compute_cell_features` (regionprops-based).
Traceback (most recent call last):
  File "F:\programme\nxy\Cell registration\benchmark\test_f1_fast2.py", line 49, in main
    matches = greedy_match_cells(fixed_feats, mv_feats, config)
  File "F:\programme\nxy\Cell registration\napari-cell-registration\src\napari_cell_registration\core\matching.py", line 692, in greedy_match_cells
    _ensure_columns(df1, report_cols)
  File "F:\programme\nxy\Cell registration\napari-cell-registration\src\napari_cell_registration\core\matching.py", line 53, in _ensure_columns
    raise ValueError(
ValueError: Missing required feature columns ['aspect_ratio', 'elongation', 'equivalent_diameter', 'nn_dist_1', 'nn_dist_2', 'nn_dist_3', 'local_density', 'neighbor_area_ratio_mean', 'neighbor_roundness_mean']. Compute features first via `compute_cell_features` (regionprops-based).
Traceback (most recent call last):
  File "F:\programme\nxy\Cell registration\benchmark\test_f1_fast2.py", line 49, in main
    matches = greedy_match_cells(fixed_feats, mv_feats, config)
  File "F:\programme\nxy\Cell registration\napari-cell-registration\src\napari_cell_registration\core\matching.py", line 692, in greedy_match_cells
    _ensure_columns(df1, report_cols)
  File "F:\programme\nxy\Cell registration\napari-cell-registration\src\napari_cell_registration\core\matching.py", line 53, in _ensure_columns
    raise ValueError(
ValueError: Missing required feature columns ['aspect_ratio', 'elongation', 'equivalent_diameter', 'nn_dist_1', 'nn_dist_2', 'nn_dist_3', 'local_density', 'neighbor_area_ratio_mean', 'neighbor_roundness_mean']. Compute features first via `compute_cell_features` (regionprops-based).
Traceback (most recent call last):
  File "F:\programme\nxy\Cell registration\benchmark\test_f1_fast2.py", line 49, in main
    matches = greedy_match_cells(fixed_feats, mv_feats, config)
  File "F:\programme\nxy\Cell registration\napari-cell-registration\src\napari_cell_registration\core\matching.py", line 692, in greedy_match_cells
    _ensure_columns(df1, report_cols)
  File "F:\programme\nxy\Cell registration\napari-cell-registration\src\napari_cell_registration\core\matching.py", line 53, in _ensure_columns
    raise ValueError(
ValueError: Missing required feature columns ['aspect_ratio', 'elongation', 'equivalent_diameter', 'nn_dist_1', 'nn_dist_2', 'nn_dist_3', 'local_density', 'neighbor_area_ratio_mean', 'neighbor_roundness_mean']. Compute features first via `compute_cell_features` (regionprops-based).
Traceback (most recent call last):
  File "F:\programme\nxy\Cell registration\benchmark\test_f1_fast2.py", line 49, in main
    matches = greedy_match_cells(fixed_feats, mv_feats, config)
  File "F:\programme\nxy\Cell registration\napari-cell-registration\src\napari_cell_registration\core\matching.py", line 692, in greedy_match_cells
    _ensure_columns(df1, report_cols)
  File "F:\programme\nxy\Cell registration\napari-cell-registration\src\napari_cell_registration\core\matching.py", line 53, in _ensure_columns
    raise ValueError(
ValueError: Missing required feature columns ['aspect_ratio', 'elongation', 'equivalent_diameter', 'nn_dist_1', 'nn_dist_2', 'nn_dist_3', 'local_density', 'neighbor_area_ratio_mean', 'neighbor_roundness_mean']. Compute features first via `compute_cell_features` (regionprops-based).
Traceback (most recent call last):
  File "F:\programme\nxy\Cell registration\benchmark\test_f1_fast2.py", line 49, in main
    matches = greedy_match_cells(fixed_feats, mv_feats, config)
  File "F:\programme\nxy\Cell registration\napari-cell-registration\src\napari_cell_registration\core\matching.py", line 692, in greedy_match_cells
    _ensure_columns(df1, report_cols)
  File "F:\programme\nxy\Cell registration\napari-cell-registration\src\napari_cell_registration\core\matching.py", line 53, in _ensure_columns
    raise ValueError(
ValueError: Missing required feature columns ['aspect_ratio', 'elongation', 'equivalent_diameter', 'nn_dist_1', 'nn_dist_2', 'nn_dist_3', 'local_density', 'neighbor_area_ratio_mean', 'neighbor_roundness_mean']. Compute features first via `compute_cell_features` (regionprops-based).
Traceback (most recent call last):
  File "F:\programme\nxy\Cell registration\benchmark\test_f1_fast2.py", line 49, in main
    matches = greedy_match_cells(fixed_feats, mv_feats, config)
  File "F:\programme\nxy\Cell registration\napari-cell-registration\src\napari_cell_registration\core\matching.py", line 692, in greedy_match_cells
    _ensure_columns(df1, report_cols)
  File "F:\programme\nxy\Cell registration\napari-cell-registration\src\napari_cell_registration\core\matching.py", line 53, in _ensure_columns
    raise ValueError(
ValueError: Missing required feature columns ['aspect_ratio', 'elongation', 'equivalent_diameter', 'nn_dist_1', 'nn_dist_2', 'nn_dist_3', 'local_density', 'neighbor_area_ratio_mean', 'neighbor_roundness_mean']. Compute features first via `compute_cell_features` (regionprops-based).
Traceback (most recent call last):
  File "F:\programme\nxy\Cell registration\benchmark\test_f1_fast2.py", line 49, in main
    matches = greedy_match_cells(fixed_feats, mv_feats, config)
  File "F:\programme\nxy\Cell registration\napari-cell-registration\src\napari_cell_registration\core\matching.py", line 692, in greedy_match_cells
    _ensure_columns(df1, report_cols)
  File "F:\programme\nxy\Cell registration\napari-cell-registration\src\napari_cell_registration\core\matching.py", line 53, in _ensure_columns
    raise ValueError(
ValueError: Missing required feature columns ['aspect_ratio', 'elongation', 'equivalent_diameter', 'nn_dist_1', 'nn_dist_2', 'nn_dist_3', 'local_density', 'neighbor_area_ratio_mean', 'neighbor_roundness_mean']. Compute features first via `compute_cell_features` (regionprops-based).
Traceback (most recent call last):
  File "F:\programme\nxy\Cell registration\benchmark\test_f1_fast2.py", line 49, in main
    matches = greedy_match_cells(fixed_feats, mv_feats, config)
  File "F:\programme\nxy\Cell registration\napari-cell-registration\src\napari_cell_registration\core\matching.py", line 692, in greedy_match_cells
    _ensure_columns(df1, report_cols)
  File "F:\programme\nxy\Cell registration\napari-cell-registration\src\napari_cell_registration\core\matching.py", line 53, in _ensure_columns
    raise ValueError(
ValueError: Missing required feature columns ['aspect_ratio', 'elongation', 'equivalent_diameter', 'nn_dist_1', 'nn_dist_2', 'nn_dist_3', 'local_density', 'neighbor_area_ratio_mean', 'neighbor_roundness_mean']. Compute features first via `compute_cell_features` (regionprops-based).
Traceback (most recent call last):
  File "F:\programme\nxy\Cell registration\benchmark\test_f1_fast2.py", line 56, in main
    robust = estimate_robust_transform(
TypeError: estimate_robust_transform() got an unexpected keyword argument 'method'
Traceback (most recent call last):
  File "F:\programme\nxy\Cell registration\benchmark\test_f1_fast2.py", line 49, in main
    matches = greedy_match_cells(fixed_feats, mv_feats, config)
  File "F:\programme\nxy\Cell registration\napari-cell-registration\src\napari_cell_registration\core\matching.py", line 692, in greedy_match_cells
    _ensure_columns(df1, report_cols)
  File "F:\programme\nxy\Cell registration\napari-cell-registration\src\napari_cell_registration\core\matching.py", line 53, in _ensure_columns
    raise ValueError(
ValueError: Missing required feature columns ['aspect_ratio', 'elongation', 'equivalent_diameter', 'nn_dist_1', 'nn_dist_2', 'nn_dist_3', 'local_density', 'neighbor_area_ratio_mean', 'neighbor_roundness_mean']. Compute features first via `compute_cell_features` (regionprops-based).
Traceback (most recent call last):
  File "F:\programme\nxy\Cell registration\benchmark\test_f1_fast2.py", line 49, in main
    matches = greedy_match_cells(fixed_feats, mv_feats, config)
  File "F:\programme\nxy\Cell registration\napari-cell-registration\src\napari_cell_registration\core\matching.py", line 692, in greedy_match_cells
    _ensure_columns(df1, report_cols)
  File "F:\programme\nxy\Cell registration\napari-cell-registration\src\napari_cell_registration\core\matching.py", line 53, in _ensure_columns
    raise ValueError(
ValueError: Missing required feature columns ['aspect_ratio', 'elongation', 'equivalent_diameter', 'nn_dist_1', 'nn_dist_2', 'nn_dist_3', 'local_density', 'neighbor_area_ratio_mean', 'neighbor_roundness_mean']. Compute features first via `compute_cell_features` (regionprops-based).
Traceback (most recent call last):
  File "F:\programme\nxy\Cell registration\benchmark\test_f1_fast2.py", line 49, in main
    matches = greedy_match_cells(fixed_feats, mv_feats, config)
  File "F:\programme\nxy\Cell registration\napari-cell-registration\src\napari_cell_registration\core\matching.py", line 692, in greedy_match_cells
    _ensure_columns(df1, report_cols)
  File "F:\programme\nxy\Cell registration\napari-cell-registration\src\napari_cell_registration\core\matching.py", line 53, in _ensure_columns
    raise ValueError(
ValueError: Missing required feature columns ['aspect_ratio', 'elongation', 'equivalent_diameter', 'nn_dist_1', 'nn_dist_2', 'nn_dist_3', 'local_density', 'neighbor_area_ratio_mean', 'neighbor_roundness_mean']. Compute features first via `compute_cell_features` (regionprops-based).
Traceback (most recent call last):
  File "F:\programme\nxy\Cell registration\benchmark\test_f1_fast2.py", line 49, in main
    matches = greedy_match_cells(fixed_feats, mv_feats, config)
  File "F:\programme\nxy\Cell registration\napari-cell-registration\src\napari_cell_registration\core\matching.py", line 692, in greedy_match_cells
    _ensure_columns(df1, report_cols)
  File "F:\programme\nxy\Cell registration\napari-cell-registration\src\napari_cell_registration\core\matching.py", line 53, in _ensure_columns
    raise ValueError(
ValueError: Missing required feature columns ['aspect_ratio', 'elongation', 'equivalent_diameter', 'nn_dist_1', 'nn_dist_2', 'nn_dist_3', 'local_density', 'neighbor_area_ratio_mean', 'neighbor_roundness_mean']. Compute features first via `compute_cell_features` (regionprops-based).
Traceback (most recent call last):
  File "F:\programme\nxy\Cell registration\benchmark\test_f1_fast2.py", line 49, in main
    matches = greedy_match_cells(fixed_feats, mv_feats, config)
  File "F:\programme\nxy\Cell registration\napari-cell-registration\src\napari_cell_registration\core\matching.py", line 692, in greedy_match_cells
    _ensure_columns(df1, report_cols)
  File "F:\programme\nxy\Cell registration\napari-cell-registration\src\napari_cell_registration\core\matching.py", line 53, in _ensure_columns
    raise ValueError(
ValueError: Missing required feature columns ['aspect_ratio', 'elongation', 'equivalent_diameter', 'nn_dist_1', 'nn_dist_2', 'nn_dist_3', 'local_density', 'neighbor_area_ratio_mean', 'neighbor_roundness_mean']. Compute features first via `compute_cell_features` (regionprops-based).
Traceback (most recent call last):
  File "F:\programme\nxy\Cell registration\benchmark\test_f1_fast2.py", line 49, in main
    matches = greedy_match_cells(fixed_feats, mv_feats, config)
  File "F:\programme\nxy\Cell registration\napari-cell-registration\src\napari_cell_registration\core\matching.py", line 692, in greedy_match_cells
    _ensure_columns(df1, report_cols)
  File "F:\programme\nxy\Cell registration\napari-cell-registration\src\napari_cell_registration\core\matching.py", line 53, in _ensure_columns
    raise ValueError(
ValueError: Missing required feature columns ['aspect_ratio', 'elongation', 'equivalent_diameter', 'nn_dist_1', 'nn_dist_2', 'nn_dist_3', 'local_density', 'neighbor_area_ratio_mean', 'neighbor_roundness_mean']. Compute features first via `compute_cell_features` (regionprops-based).
Traceback (most recent call last):
  File "F:\programme\nxy\Cell registration\benchmark\test_f1_fast2.py", line 49, in main
    matches = greedy_match_cells(fixed_feats, mv_feats, config)
  File "F:\programme\nxy\Cell registration\napari-cell-registration\src\napari_cell_registration\core\matching.py", line 692, in greedy_match_cells
    _ensure_columns(df1, report_cols)
  File "F:\programme\nxy\Cell registration\napari-cell-registration\src\napari_cell_registration\core\matching.py", line 53, in _ensure_columns
    raise ValueError(
ValueError: Missing required feature columns ['aspect_ratio', 'elongation', 'equivalent_diameter', 'nn_dist_1', 'nn_dist_2', 'nn_dist_3', 'local_density', 'neighbor_area_ratio_mean', 'neighbor_roundness_mean']. Compute features first via `compute_cell_features` (regionprops-based).
Traceback (most recent call last):
  File "F:\programme\nxy\Cell registration\benchmark\test_f1_fast2.py", line 49, in main
    matches = greedy_match_cells(fixed_feats, mv_feats, config)
  File "F:\programme\nxy\Cell registration\napari-cell-registration\src\napari_cell_registration\core\matching.py", line 692, in greedy_match_cells
    _ensure_columns(df1, report_cols)
  File "F:\programme\nxy\Cell registration\napari-cell-registration\src\napari_cell_registration\core\matching.py", line 53, in _ensure_columns
    raise ValueError(
ValueError: Missing required feature columns ['aspect_ratio', 'elongation', 'equivalent_diameter', 'nn_dist_1', 'nn_dist_2', 'nn_dist_3', 'local_density', 'neighbor_area_ratio_mean', 'neighbor_roundness_mean']. Compute features first via `compute_cell_features` (regionprops-based).
Traceback (most recent call last):
  File "F:\programme\nxy\Cell registration\benchmark\test_f1_fast2.py", line 49, in main
    matches = greedy_match_cells(fixed_feats, mv_feats, config)
  File "F:\programme\nxy\Cell registration\napari-cell-registration\src\napari_cell_registration\core\matching.py", line 692, in greedy_match_cells
    _ensure_columns(df1, report_cols)
  File "F:\programme\nxy\Cell registration\napari-cell-registration\src\napari_cell_registration\core\matching.py", line 53, in _ensure_columns
    raise ValueError(
ValueError: Missing required feature columns ['aspect_ratio', 'elongation', 'equivalent_diameter', 'nn_dist_1', 'nn_dist_2', 'nn_dist_3', 'local_density', 'neighbor_area_ratio_mean', 'neighbor_roundness_mean']. Compute features first via `compute_cell_features` (regionprops-based).
Traceback (most recent call last):
  File "F:\programme\nxy\Cell registration\benchmark\test_f1_fast2.py", line 49, in main
    matches = greedy_match_cells(fixed_feats, mv_feats, config)
  File "F:\programme\nxy\Cell registration\napari-cell-registration\src\napari_cell_registration\core\matching.py", line 692, in greedy_match_cells
    _ensure_columns(df1, report_cols)
  File "F:\programme\nxy\Cell registration\napari-cell-registration\src\napari_cell_registration\core\matching.py", line 53, in _ensure_columns
    raise ValueError(
ValueError: Missing required feature columns ['aspect_ratio', 'elongation', 'equivalent_diameter', 'nn_dist_1', 'nn_dist_2', 'nn_dist_3', 'local_density', 'neighbor_area_ratio_mean', 'neighbor_roundness_mean']. Compute features first via `compute_cell_features` (regionprops-based).
Traceback (most recent call last):
  File "F:\programme\nxy\Cell registration\benchmark\test_f1_fast2.py", line 49, in main
    matches = greedy_match_cells(fixed_feats, mv_feats, config)
  File "F:\programme\nxy\Cell registration\napari-cell-registration\src\napari_cell_registration\core\matching.py", line 692, in greedy_match_cells
    _ensure_columns(df1, report_cols)
  File "F:\programme\nxy\Cell registration\napari-cell-registration\src\napari_cell_registration\core\matching.py", line 53, in _ensure_columns
    raise ValueError(
ValueError: Missing required feature columns ['aspect_ratio', 'elongation', 'equivalent_diameter', 'nn_dist_1', 'nn_dist_2', 'nn_dist_3', 'local_density', 'neighbor_area_ratio_mean', 'neighbor_roundness_mean']. Compute features first via `compute_cell_features` (regionprops-based).
Traceback (most recent call last):
  File "F:\programme\nxy\Cell registration\benchmark\test_f1_fast2.py", line 49, in main
    matches = greedy_match_cells(fixed_feats, mv_feats, config)
  File "F:\programme\nxy\Cell registration\napari-cell-registration\src\napari_cell_registration\core\matching.py", line 692, in greedy_match_cells
    _ensure_columns(df1, report_cols)
  File "F:\programme\nxy\Cell registration\napari-cell-registration\src\napari_cell_registration\core\matching.py", line 53, in _ensure_columns
    raise ValueError(
ValueError: Missing required feature columns ['aspect_ratio', 'elongation', 'equivalent_diameter', 'nn_dist_1', 'nn_dist_2', 'nn_dist_3', 'local_density', 'neighbor_area_ratio_mean', 'neighbor_roundness_mean']. Compute features first via `compute_cell_features` (regionprops-based).
Traceback (most recent call last):
  File "F:\programme\nxy\Cell registration\benchmark\test_f1_fast2.py", line 49, in main
    matches = greedy_match_cells(fixed_feats, mv_feats, config)
  File "F:\programme\nxy\Cell registration\napari-cell-registration\src\napari_cell_registration\core\matching.py", line 692, in greedy_match_cells
    _ensure_columns(df1, report_cols)
  File "F:\programme\nxy\Cell registration\napari-cell-registration\src\napari_cell_registration\core\matching.py", line 53, in _ensure_columns
    raise ValueError(
ValueError: Missing required feature columns ['aspect_ratio', 'elongation', 'equivalent_diameter', 'nn_dist_1', 'nn_dist_2', 'nn_dist_3', 'local_density', 'neighbor_area_ratio_mean', 'neighbor_roundness_mean']. Compute features first via `compute_cell_features` (regionprops-based).
Traceback (most recent call last):
  File "F:\programme\nxy\Cell registration\benchmark\test_f1_fast2.py", line 49, in main
    matches = greedy_match_cells(fixed_feats, mv_feats, config)
  File "F:\programme\nxy\Cell registration\napari-cell-registration\src\napari_cell_registration\core\matching.py", line 692, in greedy_match_cells
    _ensure_columns(df1, report_cols)
  File "F:\programme\nxy\Cell registration\napari-cell-registration\src\napari_cell_registration\core\matching.py", line 53, in _ensure_columns
    raise ValueError(
ValueError: Missing required feature columns ['aspect_ratio', 'elongation', 'equivalent_diameter', 'nn_dist_1', 'nn_dist_2', 'nn_dist_3', 'local_density', 'neighbor_area_ratio_mean', 'neighbor_roundness_mean']. Compute features first via `compute_cell_features` (regionprops-based).
Traceback (most recent call last):
  File "F:\programme\nxy\Cell registration\benchmark\test_f1_fast2.py", line 49, in main
    matches = greedy_match_cells(fixed_feats, mv_feats, config)
  File "F:\programme\nxy\Cell registration\napari-cell-registration\src\napari_cell_registration\core\matching.py", line 692, in greedy_match_cells
    _ensure_columns(df1, report_cols)
  File "F:\programme\nxy\Cell registration\napari-cell-registration\src\napari_cell_registration\core\matching.py", line 53, in _ensure_columns
    raise ValueError(
ValueError: Missing required feature columns ['aspect_ratio', 'elongation', 'equivalent_diameter', 'nn_dist_1', 'nn_dist_2', 'nn_dist_3', 'local_density', 'neighbor_area_ratio_mean', 'neighbor_roundness_mean']. Compute features first via `compute_cell_features` (regionprops-based).
Traceback (most recent call last):
  File "F:\programme\nxy\Cell registration\benchmark\test_f1_fast2.py", line 49, in main
    matches = greedy_match_cells(fixed_feats, mv_feats, config)
  File "F:\programme\nxy\Cell registration\napari-cell-registration\src\napari_cell_registration\core\matching.py", line 692, in greedy_match_cells
    _ensure_columns(df1, report_cols)
  File "F:\programme\nxy\Cell registration\napari-cell-registration\src\napari_cell_registration\core\matching.py", line 53, in _ensure_columns
    raise ValueError(
ValueError: Missing required feature columns ['aspect_ratio', 'elongation', 'equivalent_diameter', 'nn_dist_1', 'nn_dist_2', 'nn_dist_3', 'local_density', 'neighbor_area_ratio_mean', 'neighbor_roundness_mean']. Compute features first via `compute_cell_features` (regionprops-based).
Traceback (most recent call last):
  File "F:\programme\nxy\Cell registration\benchmark\test_f1_fast2.py", line 49, in main
    matches = greedy_match_cells(fixed_feats, mv_feats, config)
  File "F:\programme\nxy\Cell registration\napari-cell-registration\src\napari_cell_registration\core\matching.py", line 692, in greedy_match_cells
    _ensure_columns(df1, report_cols)
  File "F:\programme\nxy\Cell registration\napari-cell-registration\src\napari_cell_registration\core\matching.py", line 53, in _ensure_columns
    raise ValueError(
ValueError: Missing required feature columns ['aspect_ratio', 'elongation', 'equivalent_diameter', 'nn_dist_1', 'nn_dist_2', 'nn_dist_3', 'local_density', 'neighbor_area_ratio_mean', 'neighbor_roundness_mean']. Compute features first via `compute_cell_features` (regionprops-based).
Traceback (most recent call last):
  File "F:\programme\nxy\Cell registration\benchmark\test_f1_fast2.py", line 49, in main
    matches = greedy_match_cells(fixed_feats, mv_feats, config)
  File "F:\programme\nxy\Cell registration\napari-cell-registration\src\napari_cell_registration\core\matching.py", line 692, in greedy_match_cells
    _ensure_columns(df1, report_cols)
  File "F:\programme\nxy\Cell registration\napari-cell-registration\src\napari_cell_registration\core\matching.py", line 53, in _ensure_columns
    raise ValueError(
ValueError: Missing required feature columns ['aspect_ratio', 'elongation', 'equivalent_diameter', 'nn_dist_1', 'nn_dist_2', 'nn_dist_3', 'local_density', 'neighbor_area_ratio_mean', 'neighbor_roundness_mean']. Compute features first via `compute_cell_features` (regionprops-based).
Traceback (most recent call last):
  File "F:\programme\nxy\Cell registration\benchmark\test_f1_fast2.py", line 49, in main
    matches = greedy_match_cells(fixed_feats, mv_feats, config)
  File "F:\programme\nxy\Cell registration\napari-cell-registration\src\napari_cell_registration\core\matching.py", line 692, in greedy_match_cells
    _ensure_columns(df1, report_cols)
  File "F:\programme\nxy\Cell registration\napari-cell-registration\src\napari_cell_registration\core\matching.py", line 53, in _ensure_columns
    raise ValueError(
ValueError: Missing required feature columns ['aspect_ratio', 'elongation', 'equivalent_diameter', 'nn_dist_1', 'nn_dist_2', 'nn_dist_3', 'local_density', 'neighbor_area_ratio_mean', 'neighbor_roundness_mean']. Compute features first via `compute_cell_features` (regionprops-based).
Traceback (most recent call last):
  File "F:\programme\nxy\Cell registration\benchmark\test_f1_fast2.py", line 49, in main
    matches = greedy_match_cells(fixed_feats, mv_feats, config)
  File "F:\programme\nxy\Cell registration\napari-cell-registration\src\napari_cell_registration\core\matching.py", line 692, in greedy_match_cells
    _ensure_columns(df1, report_cols)
  File "F:\programme\nxy\Cell registration\napari-cell-registration\src\napari_cell_registration\core\matching.py", line 53, in _ensure_columns
    raise ValueError(
ValueError: Missing required feature columns ['aspect_ratio', 'elongation', 'equivalent_diameter', 'nn_dist_1', 'nn_dist_2', 'nn_dist_3', 'local_density', 'neighbor_area_ratio_mean', 'neighbor_roundness_mean']. Compute features first via `compute_cell_features` (regionprops-based).
Traceback (most recent call last):
  File "F:\programme\nxy\Cell registration\benchmark\test_f1_fast2.py", line 49, in main
    matches = greedy_match_cells(fixed_feats, mv_feats, config)
  File "F:\programme\nxy\Cell registration\napari-cell-registration\src\napari_cell_registration\core\matching.py", line 692, in greedy_match_cells
    _ensure_columns(df1, report_cols)
  File "F:\programme\nxy\Cell registration\napari-cell-registration\src\napari_cell_registration\core\matching.py", line 53, in _ensure_columns
    raise ValueError(
ValueError: Missing required feature columns ['aspect_ratio', 'elongation', 'equivalent_diameter', 'nn_dist_1', 'nn_dist_2', 'nn_dist_3', 'local_density', 'neighbor_area_ratio_mean', 'neighbor_roundness_mean']. Compute features first via `compute_cell_features` (regionprops-based).
Traceback (most recent call last):
  File "F:\programme\nxy\Cell registration\benchmark\test_f1_fast2.py", line 49, in main
    matches = greedy_match_cells(fixed_feats, mv_feats, config)
  File "F:\programme\nxy\Cell registration\napari-cell-registration\src\napari_cell_registration\core\matching.py", line 692, in greedy_match_cells
    _ensure_columns(df1, report_cols)
  File "F:\programme\nxy\Cell registration\napari-cell-registration\src\napari_cell_registration\core\matching.py", line 53, in _ensure_columns
    raise ValueError(
ValueError: Missing required feature columns ['aspect_ratio', 'elongation', 'equivalent_diameter', 'nn_dist_1', 'nn_dist_2', 'nn_dist_3', 'local_density', 'neighbor_area_ratio_mean', 'neighbor_roundness_mean']. Compute features first via `compute_cell_features` (regionprops-based).
Traceback (most recent call last):
  File "F:\programme\nxy\Cell registration\benchmark\test_f1_fast2.py", line 49, in main
    matches = greedy_match_cells(fixed_feats, mv_feats, config)
  File "F:\programme\nxy\Cell registration\napari-cell-registration\src\napari_cell_registration\core\matching.py", line 692, in greedy_match_cells
    _ensure_columns(df1, report_cols)
  File "F:\programme\nxy\Cell registration\napari-cell-registration\src\napari_cell_registration\core\matching.py", line 53, in _ensure_columns
    raise ValueError(
ValueError: Missing required feature columns ['aspect_ratio', 'elongation', 'equivalent_diameter', 'nn_dist_1', 'nn_dist_2', 'nn_dist_3', 'local_density', 'neighbor_area_ratio_mean', 'neighbor_roundness_mean']. Compute features first via `compute_cell_features` (regionprops-based).
Traceback (most recent call last):
  File "F:\programme\nxy\Cell registration\benchmark\test_f1_fast2.py", line 49, in main
    matches = greedy_match_cells(fixed_feats, mv_feats, config)
  File "F:\programme\nxy\Cell registration\napari-cell-registration\src\napari_cell_registration\core\matching.py", line 692, in greedy_match_cells
    _ensure_columns(df1, report_cols)
  File "F:\programme\nxy\Cell registration\napari-cell-registration\src\napari_cell_registration\core\matching.py", line 53, in _ensure_columns
    raise ValueError(
ValueError: Missing required feature columns ['aspect_ratio', 'elongation', 'equivalent_diameter', 'nn_dist_1', 'nn_dist_2', 'nn_dist_3', 'local_density', 'neighbor_area_ratio_mean', 'neighbor_roundness_mean']. Compute features first via `compute_cell_features` (regionprops-based).
Traceback (most recent call last):
  File "F:\programme\nxy\Cell registration\benchmark\test_f1_fast2.py", line 49, in main
    matches = greedy_match_cells(fixed_feats, mv_feats, config)
  File "F:\programme\nxy\Cell registration\napari-cell-registration\src\napari_cell_registration\core\matching.py", line 692, in greedy_match_cells
    _ensure_columns(df1, report_cols)
  File "F:\programme\nxy\Cell registration\napari-cell-registration\src\napari_cell_registration\core\matching.py", line 53, in _ensure_columns
    raise ValueError(
ValueError: Missing required feature columns ['aspect_ratio', 'elongation', 'equivalent_diameter', 'nn_dist_1', 'nn_dist_2', 'nn_dist_3', 'local_density', 'neighbor_area_ratio_mean', 'neighbor_roundness_mean']. Compute features first via `compute_cell_features` (regionprops-based).
Traceback (most recent call last):
  File "F:\programme\nxy\Cell registration\benchmark\test_f1_fast2.py", line 49, in main
    matches = greedy_match_cells(fixed_feats, mv_feats, config)
  File "F:\programme\nxy\Cell registration\napari-cell-registration\src\napari_cell_registration\core\matching.py", line 692, in greedy_match_cells
    _ensure_columns(df1, report_cols)
  File "F:\programme\nxy\Cell registration\napari-cell-registration\src\napari_cell_registration\core\matching.py", line 53, in _ensure_columns
    raise ValueError(
ValueError: Missing required feature columns ['aspect_ratio', 'elongation', 'equivalent_diameter', 'nn_dist_1', 'nn_dist_2', 'nn_dist_3', 'local_density', 'neighbor_area_ratio_mean', 'neighbor_roundness_mean']. Compute features first via `compute_cell_features` (regionprops-based).
Traceback (most recent call last):
  File "F:\programme\nxy\Cell registration\benchmark\test_f1_fast2.py", line 49, in main
    matches = greedy_match_cells(fixed_feats, mv_feats, config)
  File "F:\programme\nxy\Cell registration\napari-cell-registration\src\napari_cell_registration\core\matching.py", line 692, in greedy_match_cells
    _ensure_columns(df1, report_cols)
  File "F:\programme\nxy\Cell registration\napari-cell-registration\src\napari_cell_registration\core\matching.py", line 53, in _ensure_columns
    raise ValueError(
ValueError: Missing required feature columns ['aspect_ratio', 'elongation', 'equivalent_diameter', 'nn_dist_1', 'nn_dist_2', 'nn_dist_3', 'local_density', 'neighbor_area_ratio_mean', 'neighbor_roundness_mean']. Compute features first via `compute_cell_features` (regionprops-based).
Traceback (most recent call last):
  File "F:\programme\nxy\Cell registration\benchmark\test_f1_fast2.py", line 49, in main
    matches = greedy_match_cells(fixed_feats, mv_feats, config)
  File "F:\programme\nxy\Cell registration\napari-cell-registration\src\napari_cell_registration\core\matching.py", line 692, in greedy_match_cells
    _ensure_columns(df1, report_cols)
  File "F:\programme\nxy\Cell registration\napari-cell-registration\src\napari_cell_registration\core\matching.py", line 53, in _ensure_columns
    raise ValueError(
ValueError: Missing required feature columns ['aspect_ratio', 'elongation', 'equivalent_diameter', 'nn_dist_1', 'nn_dist_2', 'nn_dist_3', 'local_density', 'neighbor_area_ratio_mean', 'neighbor_roundness_mean']. Compute features first via `compute_cell_features` (regionprops-based).
Traceback (most recent call last):
  File "F:\programme\nxy\Cell registration\benchmark\test_f1_fast2.py", line 49, in main
    matches = greedy_match_cells(fixed_feats, mv_feats, config)
  File "F:\programme\nxy\Cell registration\napari-cell-registration\src\napari_cell_registration\core\matching.py", line 692, in greedy_match_cells
    _ensure_columns(df1, report_cols)
  File "F:\programme\nxy\Cell registration\napari-cell-registration\src\napari_cell_registration\core\matching.py", line 53, in _ensure_columns
    raise ValueError(
ValueError: Missing required feature columns ['aspect_ratio', 'elongation', 'equivalent_diameter', 'nn_dist_1', 'nn_dist_2', 'nn_dist_3', 'local_density', 'neighbor_area_ratio_mean', 'neighbor_roundness_mean']. Compute features first via `compute_cell_features` (regionprops-based).
Traceback (most recent call last):
  File "F:\programme\nxy\Cell registration\benchmark\test_f1_fast2.py", line 49, in main
    matches = greedy_match_cells(fixed_feats, mv_feats, config)
  File "F:\programme\nxy\Cell registration\napari-cell-registration\src\napari_cell_registration\core\matching.py", line 692, in greedy_match_cells
    _ensure_columns(df1, report_cols)
  File "F:\programme\nxy\Cell registration\napari-cell-registration\src\napari_cell_registration\core\matching.py", line 53, in _ensure_columns
    raise ValueError(
ValueError: Missing required feature columns ['aspect_ratio', 'elongation', 'equivalent_diameter', 'nn_dist_1', 'nn_dist_2', 'nn_dist_3', 'local_density', 'neighbor_area_ratio_mean', 'neighbor_roundness_mean']. Compute features first via `compute_cell_features` (regionprops-based).
Traceback (most recent call last):
  File "F:\programme\nxy\Cell registration\benchmark\test_f1_fast2.py", line 49, in main
    matches = greedy_match_cells(fixed_feats, mv_feats, config)
  File "F:\programme\nxy\Cell registration\napari-cell-registration\src\napari_cell_registration\core\matching.py", line 692, in greedy_match_cells
    _ensure_columns(df1, report_cols)
  File "F:\programme\nxy\Cell registration\napari-cell-registration\src\napari_cell_registration\core\matching.py", line 53, in _ensure_columns
    raise ValueError(
ValueError: Missing required feature columns ['aspect_ratio', 'elongation', 'equivalent_diameter', 'nn_dist_1', 'nn_dist_2', 'nn_dist_3', 'local_density', 'neighbor_area_ratio_mean', 'neighbor_roundness_mean']. Compute features first via `compute_cell_features` (regionprops-based).
Traceback (most recent call last):
  File "F:\programme\nxy\Cell registration\benchmark\test_f1_fast2.py", line 49, in main
    matches = greedy_match_cells(fixed_feats, mv_feats, config)
  File "F:\programme\nxy\Cell registration\napari-cell-registration\src\napari_cell_registration\core\matching.py", line 692, in greedy_match_cells
    _ensure_columns(df1, report_cols)
  File "F:\programme\nxy\Cell registration\napari-cell-registration\src\napari_cell_registration\core\matching.py", line 53, in _ensure_columns
    raise ValueError(
ValueError: Missing required feature columns ['aspect_ratio', 'elongation', 'equivalent_diameter', 'nn_dist_1', 'nn_dist_2', 'nn_dist_3', 'local_density', 'neighbor_area_ratio_mean', 'neighbor_roundness_mean']. Compute features first via `compute_cell_features` (regionprops-based).
Traceback (most recent call last):
  File "F:\programme\nxy\Cell registration\benchmark\test_f1_fast2.py", line 49, in main
    matches = greedy_match_cells(fixed_feats, mv_feats, config)
  File "F:\programme\nxy\Cell registration\napari-cell-registration\src\napari_cell_registration\core\matching.py", line 692, in greedy_match_cells
    _ensure_columns(df1, report_cols)
  File "F:\programme\nxy\Cell registration\napari-cell-registration\src\napari_cell_registration\core\matching.py", line 53, in _ensure_columns
    raise ValueError(
ValueError: Missing required feature columns ['aspect_ratio', 'elongation', 'equivalent_diameter', 'nn_dist_1', 'nn_dist_2', 'nn_dist_3', 'local_density', 'neighbor_area_ratio_mean', 'neighbor_roundness_mean']. Compute features first via `compute_cell_features` (regionprops-based).
Traceback (most recent call last):
  File "F:\programme\nxy\Cell registration\benchmark\test_f1_fast2.py", line 49, in main
    matches = greedy_match_cells(fixed_feats, mv_feats, config)
  File "F:\programme\nxy\Cell registration\napari-cell-registration\src\napari_cell_registration\core\matching.py", line 692, in greedy_match_cells
    _ensure_columns(df1, report_cols)
  File "F:\programme\nxy\Cell registration\napari-cell-registration\src\napari_cell_registration\core\matching.py", line 53, in _ensure_columns
    raise ValueError(
ValueError: Missing required feature columns ['aspect_ratio', 'elongation', 'equivalent_diameter', 'nn_dist_1', 'nn_dist_2', 'nn_dist_3', 'local_density', 'neighbor_area_ratio_mean', 'neighbor_roundness_mean']. Compute features first via `compute_cell_features` (regionprops-based).
Traceback (most recent call last):
  File "F:\programme\nxy\Cell registration\benchmark\test_f1_fast2.py", line 49, in main
    matches = greedy_match_cells(fixed_feats, mv_feats, config)
  File "F:\programme\nxy\Cell registration\napari-cell-registration\src\napari_cell_registration\core\matching.py", line 692, in greedy_match_cells
    _ensure_columns(df1, report_cols)
  File "F:\programme\nxy\Cell registration\napari-cell-registration\src\napari_cell_registration\core\matching.py", line 53, in _ensure_columns
    raise ValueError(
ValueError: Missing required feature columns ['aspect_ratio', 'elongation', 'equivalent_diameter', 'nn_dist_1', 'nn_dist_2', 'nn_dist_3', 'local_density', 'neighbor_area_ratio_mean', 'neighbor_roundness_mean']. Compute features first via `compute_cell_features` (regionprops-based).
Traceback (most recent call last):
  File "F:\programme\nxy\Cell registration\benchmark\test_f1_fast2.py", line 49, in main
    matches = greedy_match_cells(fixed_feats, mv_feats, config)
  File "F:\programme\nxy\Cell registration\napari-cell-registration\src\napari_cell_registration\core\matching.py", line 692, in greedy_match_cells
    _ensure_columns(df1, report_cols)
  File "F:\programme\nxy\Cell registration\napari-cell-registration\src\napari_cell_registration\core\matching.py", line 53, in _ensure_columns
    raise ValueError(
ValueError: Missing required feature columns ['aspect_ratio', 'elongation', 'equivalent_diameter', 'nn_dist_1', 'nn_dist_2', 'nn_dist_3', 'local_density', 'neighbor_area_ratio_mean', 'neighbor_roundness_mean']. Compute features first via `compute_cell_features` (regionprops-based).
Traceback (most recent call last):
  File "F:\programme\nxy\Cell registration\benchmark\test_f1_fast2.py", line 49, in main
    matches = greedy_match_cells(fixed_feats, mv_feats, config)
  File "F:\programme\nxy\Cell registration\napari-cell-registration\src\napari_cell_registration\core\matching.py", line 692, in greedy_match_cells
    _ensure_columns(df1, report_cols)
  File "F:\programme\nxy\Cell registration\napari-cell-registration\src\napari_cell_registration\core\matching.py", line 53, in _ensure_columns
    raise ValueError(
ValueError: Missing required feature columns ['aspect_ratio', 'elongation', 'equivalent_diameter', 'nn_dist_1', 'nn_dist_2', 'nn_dist_3', 'local_density', 'neighbor_area_ratio_mean', 'neighbor_roundness_mean']. Compute features first via `compute_cell_features` (regionprops-based).
Traceback (most recent call last):
  File "F:\programme\nxy\Cell registration\benchmark\test_f1_fast2.py", line 49, in main
    matches = greedy_match_cells(fixed_feats, mv_feats, config)
  File "F:\programme\nxy\Cell registration\napari-cell-registration\src\napari_cell_registration\core\matching.py", line 692, in greedy_match_cells
    _ensure_columns(df1, report_cols)
  File "F:\programme\nxy\Cell registration\napari-cell-registration\src\napari_cell_registration\core\matching.py", line 53, in _ensure_columns
    raise ValueError(
ValueError: Missing required feature columns ['aspect_ratio', 'elongation', 'equivalent_diameter', 'nn_dist_1', 'nn_dist_2', 'nn_dist_3', 'local_density', 'neighbor_area_ratio_mean', 'neighbor_roundness_mean']. Compute features first via `compute_cell_features` (regionprops-based).
Traceback (most recent call last):
  File "F:\programme\nxy\Cell registration\benchmark\test_f1_fast2.py", line 49, in main
    matches = greedy_match_cells(fixed_feats, mv_feats, config)
  File "F:\programme\nxy\Cell registration\napari-cell-registration\src\napari_cell_registration\core\matching.py", line 692, in greedy_match_cells
    _ensure_columns(df1, report_cols)
  File "F:\programme\nxy\Cell registration\napari-cell-registration\src\napari_cell_registration\core\matching.py", line 53, in _ensure_columns
    raise ValueError(
ValueError: Missing required feature columns ['aspect_ratio', 'elongation', 'equivalent_diameter', 'nn_dist_1', 'nn_dist_2', 'nn_dist_3', 'local_density', 'neighbor_area_ratio_mean', 'neighbor_roundness_mean']. Compute features first via `compute_cell_features` (regionprops-based).
Traceback (most recent call last):
  File "F:\programme\nxy\Cell registration\benchmark\test_f1_fast2.py", line 56, in main
    robust = estimate_robust_transform(
TypeError: estimate_robust_transform() got an unexpected keyword argument 'method'
Traceback (most recent call last):
  File "F:\programme\nxy\Cell registration\benchmark\test_f1_fast2.py", line 49, in main
    matches = greedy_match_cells(fixed_feats, mv_feats, config)
  File "F:\programme\nxy\Cell registration\napari-cell-registration\src\napari_cell_registration\core\matching.py", line 692, in greedy_match_cells
    _ensure_columns(df1, report_cols)
  File "F:\programme\nxy\Cell registration\napari-cell-registration\src\napari_cell_registration\core\matching.py", line 53, in _ensure_columns
    raise ValueError(
ValueError: Missing required feature columns ['aspect_ratio', 'elongation', 'equivalent_diameter', 'nn_dist_1', 'nn_dist_2', 'nn_dist_3', 'local_density', 'neighbor_area_ratio_mean', 'neighbor_roundness_mean']. Compute features first via `compute_cell_features` (regionprops-based).
Traceback (most recent call last):
  File "F:\programme\nxy\Cell registration\benchmark\test_f1_fast2.py", line 49, in main
    matches = greedy_match_cells(fixed_feats, mv_feats, config)
  File "F:\programme\nxy\Cell registration\napari-cell-registration\src\napari_cell_registration\core\matching.py", line 692, in greedy_match_cells
    _ensure_columns(df1, report_cols)
  File "F:\programme\nxy\Cell registration\napari-cell-registration\src\napari_cell_registration\core\matching.py", line 53, in _ensure_columns
    raise ValueError(
ValueError: Missing required feature columns ['aspect_ratio', 'elongation', 'equivalent_diameter', 'nn_dist_1', 'nn_dist_2', 'nn_dist_3', 'local_density', 'neighbor_area_ratio_mean', 'neighbor_roundness_mean']. Compute features first via `compute_cell_features` (regionprops-based).
Traceback (most recent call last):
  File "F:\programme\nxy\Cell registration\benchmark\test_f1_fast2.py", line 49, in main
    matches = greedy_match_cells(fixed_feats, mv_feats, config)
  File "F:\programme\nxy\Cell registration\napari-cell-registration\src\napari_cell_registration\core\matching.py", line 692, in greedy_match_cells
    _ensure_columns(df1, report_cols)
  File "F:\programme\nxy\Cell registration\napari-cell-registration\src\napari_cell_registration\core\matching.py", line 53, in _ensure_columns
    raise ValueError(
ValueError: Missing required feature columns ['aspect_ratio', 'elongation', 'equivalent_diameter', 'nn_dist_1', 'nn_dist_2', 'nn_dist_3', 'local_density', 'neighbor_area_ratio_mean', 'neighbor_roundness_mean']. Compute features first via `compute_cell_features` (regionprops-based).
Traceback (most recent call last):
  File "F:\programme\nxy\Cell registration\benchmark\test_f1_fast2.py", line 49, in main
    matches = greedy_match_cells(fixed_feats, mv_feats, config)
  File "F:\programme\nxy\Cell registration\napari-cell-registration\src\napari_cell_registration\core\matching.py", line 692, in greedy_match_cells
    _ensure_columns(df1, report_cols)
  File "F:\programme\nxy\Cell registration\napari-cell-registration\src\napari_cell_registration\core\matching.py", line 53, in _ensure_columns
    raise ValueError(
ValueError: Missing required feature columns ['aspect_ratio', 'elongation', 'equivalent_diameter', 'nn_dist_1', 'nn_dist_2', 'nn_dist_3', 'local_density', 'neighbor_area_ratio_mean', 'neighbor_roundness_mean']. Compute features first via `compute_cell_features` (regionprops-based).
Traceback (most recent call last):
  File "F:\programme\nxy\Cell registration\benchmark\test_f1_fast2.py", line 49, in main
    matches = greedy_match_cells(fixed_feats, mv_feats, config)
  File "F:\programme\nxy\Cell registration\napari-cell-registration\src\napari_cell_registration\core\matching.py", line 692, in greedy_match_cells
    _ensure_columns(df1, report_cols)
  File "F:\programme\nxy\Cell registration\napari-cell-registration\src\napari_cell_registration\core\matching.py", line 53, in _ensure_columns
    raise ValueError(
ValueError: Missing required feature columns ['aspect_ratio', 'elongation', 'equivalent_diameter', 'nn_dist_1', 'nn_dist_2', 'nn_dist_3', 'local_density', 'neighbor_area_ratio_mean', 'neighbor_roundness_mean']. Compute features first via `compute_cell_features` (regionprops-based).
Traceback (most recent call last):
  File "F:\programme\nxy\Cell registration\benchmark\test_f1_fast2.py", line 49, in main
    matches = greedy_match_cells(fixed_feats, mv_feats, config)
  File "F:\programme\nxy\Cell registration\napari-cell-registration\src\napari_cell_registration\core\matching.py", line 692, in greedy_match_cells
    _ensure_columns(df1, report_cols)
  File "F:\programme\nxy\Cell registration\napari-cell-registration\src\napari_cell_registration\core\matching.py", line 53, in _ensure_columns
    raise ValueError(
ValueError: Missing required feature columns ['aspect_ratio', 'elongation', 'equivalent_diameter', 'nn_dist_1', 'nn_dist_2', 'nn_dist_3', 'local_density', 'neighbor_area_ratio_mean', 'neighbor_roundness_mean']. Compute features first via `compute_cell_features` (regionprops-based).
Traceback (most recent call last):
  File "F:\programme\nxy\Cell registration\benchmark\test_f1_fast2.py", line 56, in main
    robust = estimate_robust_transform(
TypeError: estimate_robust_transform() got an unexpected keyword argument 'method'
Traceback (most recent call last):
  File "F:\programme\nxy\Cell registration\benchmark\test_f1_fast2.py", line 49, in main
    matches = greedy_match_cells(fixed_feats, mv_feats, config)
  File "F:\programme\nxy\Cell registration\napari-cell-registration\src\napari_cell_registration\core\matching.py", line 692, in greedy_match_cells
    _ensure_columns(df1, report_cols)
  File "F:\programme\nxy\Cell registration\napari-cell-registration\src\napari_cell_registration\core\matching.py", line 53, in _ensure_columns
    raise ValueError(
ValueError: Missing required feature columns ['aspect_ratio', 'elongation', 'equivalent_diameter', 'nn_dist_1', 'nn_dist_2', 'nn_dist_3', 'local_density', 'neighbor_area_ratio_mean', 'neighbor_roundness_mean']. Compute features first via `compute_cell_features` (regionprops-based).
Traceback (most recent call last):
  File "F:\programme\nxy\Cell registration\benchmark\test_f1_fast2.py", line 49, in main
    matches = greedy_match_cells(fixed_feats, mv_feats, config)
  File "F:\programme\nxy\Cell registration\napari-cell-registration\src\napari_cell_registration\core\matching.py", line 692, in greedy_match_cells
    _ensure_columns(df1, report_cols)
  File "F:\programme\nxy\Cell registration\napari-cell-registration\src\napari_cell_registration\core\matching.py", line 53, in _ensure_columns
    raise ValueError(
ValueError: Missing required feature columns ['aspect_ratio', 'elongation', 'equivalent_diameter', 'nn_dist_1', 'nn_dist_2', 'nn_dist_3', 'local_density', 'neighbor_area_ratio_mean', 'neighbor_roundness_mean']. Compute features first via `compute_cell_features` (regionprops-based).
Traceback (most recent call last):
  File "F:\programme\nxy\Cell registration\benchmark\test_f1_fast2.py", line 49, in main
    matches = greedy_match_cells(fixed_feats, mv_feats, config)
  File "F:\programme\nxy\Cell registration\napari-cell-registration\src\napari_cell_registration\core\matching.py", line 692, in greedy_match_cells
    _ensure_columns(df1, report_cols)
  File "F:\programme\nxy\Cell registration\napari-cell-registration\src\napari_cell_registration\core\matching.py", line 53, in _ensure_columns
    raise ValueError(
ValueError: Missing required feature columns ['aspect_ratio', 'elongation', 'equivalent_diameter', 'nn_dist_1', 'nn_dist_2', 'nn_dist_3', 'local_density', 'neighbor_area_ratio_mean', 'neighbor_roundness_mean']. Compute features first via `compute_cell_features` (regionprops-based).
Traceback (most recent call last):
  File "F:\programme\nxy\Cell registration\benchmark\test_f1_fast2.py", line 49, in main
    matches = greedy_match_cells(fixed_feats, mv_feats, config)
  File "F:\programme\nxy\Cell registration\napari-cell-registration\src\napari_cell_registration\core\matching.py", line 692, in greedy_match_cells
    _ensure_columns(df1, report_cols)
  File "F:\programme\nxy\Cell registration\napari-cell-registration\src\napari_cell_registration\core\matching.py", line 53, in _ensure_columns
    raise ValueError(
ValueError: Missing required feature columns ['aspect_ratio', 'elongation', 'equivalent_diameter', 'nn_dist_1', 'nn_dist_2', 'nn_dist_3', 'local_density', 'neighbor_area_ratio_mean', 'neighbor_roundness_mean']. Compute features first via `compute_cell_features` (regionprops-based).
Traceback (most recent call last):
  File "F:\programme\nxy\Cell registration\benchmark\test_f1_fast2.py", line 49, in main
    matches = greedy_match_cells(fixed_feats, mv_feats, config)
  File "F:\programme\nxy\Cell registration\napari-cell-registration\src\napari_cell_registration\core\matching.py", line 692, in greedy_match_cells
    _ensure_columns(df1, report_cols)
  File "F:\programme\nxy\Cell registration\napari-cell-registration\src\napari_cell_registration\core\matching.py", line 53, in _ensure_columns
    raise ValueError(
ValueError: Missing required feature columns ['aspect_ratio', 'elongation', 'equivalent_diameter', 'nn_dist_1', 'nn_dist_2', 'nn_dist_3', 'local_density', 'neighbor_area_ratio_mean', 'neighbor_roundness_mean']. Compute features first via `compute_cell_features` (regionprops-based).
Traceback (most recent call last):
  File "F:\programme\nxy\Cell registration\benchmark\test_f1_fast2.py", line 49, in main
    matches = greedy_match_cells(fixed_feats, mv_feats, config)
  File "F:\programme\nxy\Cell registration\napari-cell-registration\src\napari_cell_registration\core\matching.py", line 692, in greedy_match_cells
    _ensure_columns(df1, report_cols)
  File "F:\programme\nxy\Cell registration\napari-cell-registration\src\napari_cell_registration\core\matching.py", line 53, in _ensure_columns
    raise ValueError(
ValueError: Missing required feature columns ['aspect_ratio', 'elongation', 'equivalent_diameter', 'nn_dist_1', 'nn_dist_2', 'nn_dist_3', 'local_density', 'neighbor_area_ratio_mean', 'neighbor_roundness_mean']. Compute features first via `compute_cell_features` (regionprops-based).
Traceback (most recent call last):
  File "F:\programme\nxy\Cell registration\benchmark\test_f1_fast2.py", line 56, in main
    robust = estimate_robust_transform(
TypeError: estimate_robust_transform() got an unexpected keyword argument 'method'
Traceback (most recent call last):
  File "F:\programme\nxy\Cell registration\benchmark\test_f1_fast2.py", line 56, in main
    robust = estimate_robust_transform(
TypeError: estimate_robust_transform() got an unexpected keyword argument 'method'
Traceback (most recent call last):
  File "F:\programme\nxy\Cell registration\benchmark\test_f1_fast2.py", line 49, in main
    matches = greedy_match_cells(fixed_feats, mv_feats, config)
  File "F:\programme\nxy\Cell registration\napari-cell-registration\src\napari_cell_registration\core\matching.py", line 692, in greedy_match_cells
    _ensure_columns(df1, report_cols)
  File "F:\programme\nxy\Cell registration\napari-cell-registration\src\napari_cell_registration\core\matching.py", line 53, in _ensure_columns
    raise ValueError(
ValueError: Missing required feature columns ['aspect_ratio', 'elongation', 'equivalent_diameter', 'nn_dist_1', 'nn_dist_2', 'nn_dist_3', 'local_density', 'neighbor_area_ratio_mean', 'neighbor_roundness_mean']. Compute features first via `compute_cell_features` (regionprops-based).
Traceback (most recent call last):
  File "F:\programme\nxy\Cell registration\benchmark\test_f1_fast2.py", line 49, in main
    matches = greedy_match_cells(fixed_feats, mv_feats, config)
  File "F:\programme\nxy\Cell registration\napari-cell-registration\src\napari_cell_registration\core\matching.py", line 692, in greedy_match_cells
    _ensure_columns(df1, report_cols)
  File "F:\programme\nxy\Cell registration\napari-cell-registration\src\napari_cell_registration\core\matching.py", line 53, in _ensure_columns
    raise ValueError(
ValueError: Missing required feature columns ['aspect_ratio', 'elongation', 'equivalent_diameter', 'nn_dist_1', 'nn_dist_2', 'nn_dist_3', 'local_density', 'neighbor_area_ratio_mean', 'neighbor_roundness_mean']. Compute features first via `compute_cell_features` (regionprops-based).
Traceback (most recent call last):
  File "F:\programme\nxy\Cell registration\benchmark\test_f1_fast2.py", line 56, in main
    robust = estimate_robust_transform(
TypeError: estimate_robust_transform() got an unexpected keyword argument 'method'
Traceback (most recent call last):
  File "F:\programme\nxy\Cell registration\benchmark\test_f1_fast2.py", line 49, in main
    matches = greedy_match_cells(fixed_feats, mv_feats, config)
  File "F:\programme\nxy\Cell registration\napari-cell-registration\src\napari_cell_registration\core\matching.py", line 692, in greedy_match_cells
    _ensure_columns(df1, report_cols)
  File "F:\programme\nxy\Cell registration\napari-cell-registration\src\napari_cell_registration\core\matching.py", line 53, in _ensure_columns
    raise ValueError(
ValueError: Missing required feature columns ['aspect_ratio', 'elongation', 'equivalent_diameter', 'nn_dist_1', 'nn_dist_2', 'nn_dist_3', 'local_density', 'neighbor_area_ratio_mean', 'neighbor_roundness_mean']. Compute features first via `compute_cell_features` (regionprops-based).
Traceback (most recent call last):
  File "F:\programme\nxy\Cell registration\benchmark\test_f1_fast2.py", line 49, in main
    matches = greedy_match_cells(fixed_feats, mv_feats, config)
  File "F:\programme\nxy\Cell registration\napari-cell-registration\src\napari_cell_registration\core\matching.py", line 692, in greedy_match_cells
    _ensure_columns(df1, report_cols)
  File "F:\programme\nxy\Cell registration\napari-cell-registration\src\napari_cell_registration\core\matching.py", line 53, in _ensure_columns
    raise ValueError(
ValueError: Missing required feature columns ['aspect_ratio', 'elongation', 'equivalent_diameter', 'nn_dist_1', 'nn_dist_2', 'nn_dist_3', 'local_density', 'neighbor_area_ratio_mean', 'neighbor_roundness_mean']. Compute features first via `compute_cell_features` (regionprops-based).
Traceback (most recent call last):
  File "F:\programme\nxy\Cell registration\benchmark\test_f1_fast2.py", line 49, in main
    matches = greedy_match_cells(fixed_feats, mv_feats, config)
  File "F:\programme\nxy\Cell registration\napari-cell-registration\src\napari_cell_registration\core\matching.py", line 692, in greedy_match_cells
    _ensure_columns(df1, report_cols)
  File "F:\programme\nxy\Cell registration\napari-cell-registration\src\napari_cell_registration\core\matching.py", line 53, in _ensure_columns
    raise ValueError(
ValueError: Missing required feature columns ['aspect_ratio', 'elongation', 'equivalent_diameter', 'nn_dist_1', 'nn_dist_2', 'nn_dist_3', 'local_density', 'neighbor_area_ratio_mean', 'neighbor_roundness_mean']. Compute features first via `compute_cell_features` (regionprops-based).
Traceback (most recent call last):
  File "F:\programme\nxy\Cell registration\benchmark\test_f1_fast2.py", line 49, in main
    matches = greedy_match_cells(fixed_feats, mv_feats, config)
  File "F:\programme\nxy\Cell registration\napari-cell-registration\src\napari_cell_registration\core\matching.py", line 692, in greedy_match_cells
    _ensure_columns(df1, report_cols)
  File "F:\programme\nxy\Cell registration\napari-cell-registration\src\napari_cell_registration\core\matching.py", line 53, in _ensure_columns
    raise ValueError(
ValueError: Missing required feature columns ['aspect_ratio', 'elongation', 'equivalent_diameter', 'nn_dist_1', 'nn_dist_2', 'nn_dist_3', 'local_density', 'neighbor_area_ratio_mean', 'neighbor_roundness_mean']. Compute features first via `compute_cell_features` (regionprops-based).
Traceback (most recent call last):
  File "F:\programme\nxy\Cell registration\benchmark\test_f1_fast2.py", line 49, in main
    matches = greedy_match_cells(fixed_feats, mv_feats, config)
  File "F:\programme\nxy\Cell registration\napari-cell-registration\src\napari_cell_registration\core\matching.py", line 692, in greedy_match_cells
    _ensure_columns(df1, report_cols)
  File "F:\programme\nxy\Cell registration\napari-cell-registration\src\napari_cell_registration\core\matching.py", line 53, in _ensure_columns
    raise ValueError(
ValueError: Missing required feature columns ['aspect_ratio', 'elongation', 'equivalent_diameter', 'nn_dist_1', 'nn_dist_2', 'nn_dist_3', 'local_density', 'neighbor_area_ratio_mean', 'neighbor_roundness_mean']. Compute features first via `compute_cell_features` (regionprops-based).
Traceback (most recent call last):
  File "F:\programme\nxy\Cell registration\benchmark\test_f1_fast2.py", line 49, in main
    matches = greedy_match_cells(fixed_feats, mv_feats, config)
  File "F:\programme\nxy\Cell registration\napari-cell-registration\src\napari_cell_registration\core\matching.py", line 692, in greedy_match_cells
    _ensure_columns(df1, report_cols)
  File "F:\programme\nxy\Cell registration\napari-cell-registration\src\napari_cell_registration\core\matching.py", line 53, in _ensure_columns
    raise ValueError(
ValueError: Missing required feature columns ['aspect_ratio', 'elongation', 'equivalent_diameter', 'nn_dist_1', 'nn_dist_2', 'nn_dist_3', 'local_density', 'neighbor_area_ratio_mean', 'neighbor_roundness_mean']. Compute features first via `compute_cell_features` (regionprops-based).
Traceback (most recent call last):
  File "F:\programme\nxy\Cell registration\benchmark\test_f1_fast2.py", line 49, in main
    matches = greedy_match_cells(fixed_feats, mv_feats, config)
  File "F:\programme\nxy\Cell registration\napari-cell-registration\src\napari_cell_registration\core\matching.py", line 692, in greedy_match_cells
    _ensure_columns(df1, report_cols)
  File "F:\programme\nxy\Cell registration\napari-cell-registration\src\napari_cell_registration\core\matching.py", line 53, in _ensure_columns
    raise ValueError(
ValueError: Missing required feature columns ['aspect_ratio', 'elongation', 'equivalent_diameter', 'nn_dist_1', 'nn_dist_2', 'nn_dist_3', 'local_density', 'neighbor_area_ratio_mean', 'neighbor_roundness_mean']. Compute features first via `compute_cell_features` (regionprops-based).
Traceback (most recent call last):
  File "F:\programme\nxy\Cell registration\benchmark\test_f1_fast2.py", line 49, in main
    matches = greedy_match_cells(fixed_feats, mv_feats, config)
  File "F:\programme\nxy\Cell registration\napari-cell-registration\src\napari_cell_registration\core\matching.py", line 692, in greedy_match_cells
    _ensure_columns(df1, report_cols)
  File "F:\programme\nxy\Cell registration\napari-cell-registration\src\napari_cell_registration\core\matching.py", line 53, in _ensure_columns
    raise ValueError(
ValueError: Missing required feature columns ['aspect_ratio', 'elongation', 'equivalent_diameter', 'nn_dist_1', 'nn_dist_2', 'nn_dist_3', 'local_density', 'neighbor_area_ratio_mean', 'neighbor_roundness_mean']. Compute features first via `compute_cell_features` (regionprops-based).
Traceback (most recent call last):
  File "F:\programme\nxy\Cell registration\benchmark\test_f1_fast2.py", line 49, in main
    matches = greedy_match_cells(fixed_feats, mv_feats, config)
  File "F:\programme\nxy\Cell registration\napari-cell-registration\src\napari_cell_registration\core\matching.py", line 692, in greedy_match_cells
    _ensure_columns(df1, report_cols)
  File "F:\programme\nxy\Cell registration\napari-cell-registration\src\napari_cell_registration\core\matching.py", line 53, in _ensure_columns
    raise ValueError(
ValueError: Missing required feature columns ['aspect_ratio', 'elongation', 'equivalent_diameter', 'nn_dist_1', 'nn_dist_2', 'nn_dist_3', 'local_density', 'neighbor_area_ratio_mean', 'neighbor_roundness_mean']. Compute features first via `compute_cell_features` (regionprops-based).
Traceback (most recent call last):
  File "F:\programme\nxy\Cell registration\benchmark\test_f1_fast2.py", line 49, in main
    matches = greedy_match_cells(fixed_feats, mv_feats, config)
  File "F:\programme\nxy\Cell registration\napari-cell-registration\src\napari_cell_registration\core\matching.py", line 692, in greedy_match_cells
    _ensure_columns(df1, report_cols)
  File "F:\programme\nxy\Cell registration\napari-cell-registration\src\napari_cell_registration\core\matching.py", line 53, in _ensure_columns
    raise ValueError(
ValueError: Missing required feature columns ['aspect_ratio', 'elongation', 'equivalent_diameter', 'nn_dist_1', 'nn_dist_2', 'nn_dist_3', 'local_density', 'neighbor_area_ratio_mean', 'neighbor_roundness_mean']. Compute features first via `compute_cell_features` (regionprops-based).
Traceback (most recent call last):
  File "F:\programme\nxy\Cell registration\benchmark\test_f1_fast2.py", line 49, in main
    matches = greedy_match_cells(fixed_feats, mv_feats, config)
  File "F:\programme\nxy\Cell registration\napari-cell-registration\src\napari_cell_registration\core\matching.py", line 692, in greedy_match_cells
    _ensure_columns(df1, report_cols)
  File "F:\programme\nxy\Cell registration\napari-cell-registration\src\napari_cell_registration\core\matching.py", line 53, in _ensure_columns
    raise ValueError(
ValueError: Missing required feature columns ['aspect_ratio', 'elongation', 'equivalent_diameter', 'nn_dist_1', 'nn_dist_2', 'nn_dist_3', 'local_density', 'neighbor_area_ratio_mean', 'neighbor_roundness_mean']. Compute features first via `compute_cell_features` (regionprops-based).
Traceback (most recent call last):
  File "F:\programme\nxy\Cell registration\benchmark\test_f1_fast2.py", line 49, in main
    matches = greedy_match_cells(fixed_feats, mv_feats, config)
  File "F:\programme\nxy\Cell registration\napari-cell-registration\src\napari_cell_registration\core\matching.py", line 692, in greedy_match_cells
    _ensure_columns(df1, report_cols)
  File "F:\programme\nxy\Cell registration\napari-cell-registration\src\napari_cell_registration\core\matching.py", line 53, in _ensure_columns
    raise ValueError(
ValueError: Missing required feature columns ['aspect_ratio', 'elongation', 'equivalent_diameter', 'nn_dist_1', 'nn_dist_2', 'nn_dist_3', 'local_density', 'neighbor_area_ratio_mean', 'neighbor_roundness_mean']. Compute features first via `compute_cell_features` (regionprops-based).
Traceback (most recent call last):
  File "F:\programme\nxy\Cell registration\benchmark\test_f1_fast2.py", line 49, in main
    matches = greedy_match_cells(fixed_feats, mv_feats, config)
  File "F:\programme\nxy\Cell registration\napari-cell-registration\src\napari_cell_registration\core\matching.py", line 692, in greedy_match_cells
    _ensure_columns(df1, report_cols)
  File "F:\programme\nxy\Cell registration\napari-cell-registration\src\napari_cell_registration\core\matching.py", line 53, in _ensure_columns
    raise ValueError(
ValueError: Missing required feature columns ['aspect_ratio', 'elongation', 'equivalent_diameter', 'nn_dist_1', 'nn_dist_2', 'nn_dist_3', 'local_density', 'neighbor_area_ratio_mean', 'neighbor_roundness_mean']. Compute features first via `compute_cell_features` (regionprops-based).
Traceback (most recent call last):
  File "F:\programme\nxy\Cell registration\benchmark\test_f1_fast2.py", line 49, in main
    matches = greedy_match_cells(fixed_feats, mv_feats, config)
  File "F:\programme\nxy\Cell registration\napari-cell-registration\src\napari_cell_registration\core\matching.py", line 692, in greedy_match_cells
    _ensure_columns(df1, report_cols)
  File "F:\programme\nxy\Cell registration\napari-cell-registration\src\napari_cell_registration\core\matching.py", line 53, in _ensure_columns
    raise ValueError(
ValueError: Missing required feature columns ['aspect_ratio', 'elongation', 'equivalent_diameter', 'nn_dist_1', 'nn_dist_2', 'nn_dist_3', 'local_density', 'neighbor_area_ratio_mean', 'neighbor_roundness_mean']. Compute features first via `compute_cell_features` (regionprops-based).
Traceback (most recent call last):
  File "F:\programme\nxy\Cell registration\benchmark\test_f1_fast2.py", line 49, in main
    matches = greedy_match_cells(fixed_feats, mv_feats, config)
  File "F:\programme\nxy\Cell registration\napari-cell-registration\src\napari_cell_registration\core\matching.py", line 692, in greedy_match_cells
    _ensure_columns(df1, report_cols)
  File "F:\programme\nxy\Cell registration\napari-cell-registration\src\napari_cell_registration\core\matching.py", line 53, in _ensure_columns
    raise ValueError(
ValueError: Missing required feature columns ['aspect_ratio', 'elongation', 'equivalent_diameter', 'nn_dist_1', 'nn_dist_2', 'nn_dist_3', 'local_density', 'neighbor_area_ratio_mean', 'neighbor_roundness_mean']. Compute features first via `compute_cell_features` (regionprops-based).
Traceback (most recent call last):
  File "F:\programme\nxy\Cell registration\benchmark\test_f1_fast2.py", line 49, in main
    matches = greedy_match_cells(fixed_feats, mv_feats, config)
  File "F:\programme\nxy\Cell registration\napari-cell-registration\src\napari_cell_registration\core\matching.py", line 692, in greedy_match_cells
    _ensure_columns(df1, report_cols)
  File "F:\programme\nxy\Cell registration\napari-cell-registration\src\napari_cell_registration\core\matching.py", line 53, in _ensure_columns
    raise ValueError(
ValueError: Missing required feature columns ['aspect_ratio', 'elongation', 'equivalent_diameter', 'nn_dist_1', 'nn_dist_2', 'nn_dist_3', 'local_density', 'neighbor_area_ratio_mean', 'neighbor_roundness_mean']. Compute features first via `compute_cell_features` (regionprops-based).
Traceback (most recent call last):
  File "F:\programme\nxy\Cell registration\benchmark\test_f1_fast2.py", line 49, in main
    matches = greedy_match_cells(fixed_feats, mv_feats, config)
  File "F:\programme\nxy\Cell registration\napari-cell-registration\src\napari_cell_registration\core\matching.py", line 692, in greedy_match_cells
    _ensure_columns(df1, report_cols)
  File "F:\programme\nxy\Cell registration\napari-cell-registration\src\napari_cell_registration\core\matching.py", line 53, in _ensure_columns
    raise ValueError(
ValueError: Missing required feature columns ['aspect_ratio', 'elongation', 'equivalent_diameter', 'nn_dist_1', 'nn_dist_2', 'nn_dist_3', 'local_density', 'neighbor_area_ratio_mean', 'neighbor_roundness_mean']. Compute features first via `compute_cell_features` (regionprops-based).
Traceback (most recent call last):
  File "F:\programme\nxy\Cell registration\benchmark\test_f1_fast2.py", line 49, in main
    matches = greedy_match_cells(fixed_feats, mv_feats, config)
  File "F:\programme\nxy\Cell registration\napari-cell-registration\src\napari_cell_registration\core\matching.py", line 692, in greedy_match_cells
    _ensure_columns(df1, report_cols)
  File "F:\programme\nxy\Cell registration\napari-cell-registration\src\napari_cell_registration\core\matching.py", line 53, in _ensure_columns
    raise ValueError(
ValueError: Missing required feature columns ['aspect_ratio', 'elongation', 'equivalent_diameter', 'nn_dist_1', 'nn_dist_2', 'nn_dist_3', 'local_density', 'neighbor_area_ratio_mean', 'neighbor_roundness_mean']. Compute features first via `compute_cell_features` (regionprops-based).
Traceback (most recent call last):
  File "F:\programme\nxy\Cell registration\benchmark\test_f1_fast2.py", line 49, in main
    matches = greedy_match_cells(fixed_feats, mv_feats, config)
  File "F:\programme\nxy\Cell registration\napari-cell-registration\src\napari_cell_registration\core\matching.py", line 692, in greedy_match_cells
    _ensure_columns(df1, report_cols)
  File "F:\programme\nxy\Cell registration\napari-cell-registration\src\napari_cell_registration\core\matching.py", line 53, in _ensure_columns
    raise ValueError(
ValueError: Missing required feature columns ['aspect_ratio', 'elongation', 'equivalent_diameter', 'nn_dist_1', 'nn_dist_2', 'nn_dist_3', 'local_density', 'neighbor_area_ratio_mean', 'neighbor_roundness_mean']. Compute features first via `compute_cell_features` (regionprops-based).
Traceback (most recent call last):
  File "F:\programme\nxy\Cell registration\benchmark\test_f1_fast2.py", line 49, in main
    matches = greedy_match_cells(fixed_feats, mv_feats, config)
  File "F:\programme\nxy\Cell registration\napari-cell-registration\src\napari_cell_registration\core\matching.py", line 692, in greedy_match_cells
    _ensure_columns(df1, report_cols)
  File "F:\programme\nxy\Cell registration\napari-cell-registration\src\napari_cell_registration\core\matching.py", line 53, in _ensure_columns
    raise ValueError(
ValueError: Missing required feature columns ['aspect_ratio', 'elongation', 'equivalent_diameter', 'nn_dist_1', 'nn_dist_2', 'nn_dist_3', 'local_density', 'neighbor_area_ratio_mean', 'neighbor_roundness_mean']. Compute features first via `compute_cell_features` (regionprops-based).
Traceback (most recent call last):
  File "F:\programme\nxy\Cell registration\benchmark\test_f1_fast2.py", line 49, in main
    matches = greedy_match_cells(fixed_feats, mv_feats, config)
  File "F:\programme\nxy\Cell registration\napari-cell-registration\src\napari_cell_registration\core\matching.py", line 692, in greedy_match_cells
    _ensure_columns(df1, report_cols)
  File "F:\programme\nxy\Cell registration\napari-cell-registration\src\napari_cell_registration\core\matching.py", line 53, in _ensure_columns
    raise ValueError(
ValueError: Missing required feature columns ['aspect_ratio', 'elongation', 'equivalent_diameter', 'nn_dist_1', 'nn_dist_2', 'nn_dist_3', 'local_density', 'neighbor_area_ratio_mean', 'neighbor_roundness_mean']. Compute features first via `compute_cell_features` (regionprops-based).
Traceback (most recent call last):
  File "F:\programme\nxy\Cell registration\benchmark\test_f1_fast2.py", line 49, in main
    matches = greedy_match_cells(fixed_feats, mv_feats, config)
  File "F:\programme\nxy\Cell registration\napari-cell-registration\src\napari_cell_registration\core\matching.py", line 692, in greedy_match_cells
    _ensure_columns(df1, report_cols)
  File "F:\programme\nxy\Cell registration\napari-cell-registration\src\napari_cell_registration\core\matching.py", line 53, in _ensure_columns
    raise ValueError(
ValueError: Missing required feature columns ['aspect_ratio', 'elongation', 'equivalent_diameter', 'nn_dist_1', 'nn_dist_2', 'nn_dist_3', 'local_density', 'neighbor_area_ratio_mean', 'neighbor_roundness_mean']. Compute features first via `compute_cell_features` (regionprops-based).
Traceback (most recent call last):
  File "F:\programme\nxy\Cell registration\benchmark\test_f1_fast2.py", line 49, in main
    matches = greedy_match_cells(fixed_feats, mv_feats, config)
  File "F:\programme\nxy\Cell registration\napari-cell-registration\src\napari_cell_registration\core\matching.py", line 692, in greedy_match_cells
    _ensure_columns(df1, report_cols)
  File "F:\programme\nxy\Cell registration\napari-cell-registration\src\napari_cell_registration\core\matching.py", line 53, in _ensure_columns
    raise ValueError(
ValueError: Missing required feature columns ['aspect_ratio', 'elongation', 'equivalent_diameter', 'nn_dist_1', 'nn_dist_2', 'nn_dist_3', 'local_density', 'neighbor_area_ratio_mean', 'neighbor_roundness_mean']. Compute features first via `compute_cell_features` (regionprops-based).
Traceback (most recent call last):
  File "F:\programme\nxy\Cell registration\benchmark\test_f1_fast2.py", line 49, in main
    matches = greedy_match_cells(fixed_feats, mv_feats, config)
  File "F:\programme\nxy\Cell registration\napari-cell-registration\src\napari_cell_registration\core\matching.py", line 692, in greedy_match_cells
    _ensure_columns(df1, report_cols)
  File "F:\programme\nxy\Cell registration\napari-cell-registration\src\napari_cell_registration\core\matching.py", line 53, in _ensure_columns
    raise ValueError(
ValueError: Missing required feature columns ['aspect_ratio', 'elongation', 'equivalent_diameter', 'nn_dist_1', 'nn_dist_2', 'nn_dist_3', 'local_density', 'neighbor_area_ratio_mean', 'neighbor_roundness_mean']. Compute features first via `compute_cell_features` (regionprops-based).
Traceback (most recent call last):
  File "F:\programme\nxy\Cell registration\benchmark\test_f1_fast2.py", line 49, in main
    matches = greedy_match_cells(fixed_feats, mv_feats, config)
  File "F:\programme\nxy\Cell registration\napari-cell-registration\src\napari_cell_registration\core\matching.py", line 692, in greedy_match_cells
    _ensure_columns(df1, report_cols)
  File "F:\programme\nxy\Cell registration\napari-cell-registration\src\napari_cell_registration\core\matching.py", line 53, in _ensure_columns
    raise ValueError(
ValueError: Missing required feature columns ['aspect_ratio', 'elongation', 'equivalent_diameter', 'nn_dist_1', 'nn_dist_2', 'nn_dist_3', 'local_density', 'neighbor_area_ratio_mean', 'neighbor_roundness_mean']. Compute features first via `compute_cell_features` (regionprops-based).
Traceback (most recent call last):
  File "F:\programme\nxy\Cell registration\benchmark\test_f1_fast2.py", line 49, in main
    matches = greedy_match_cells(fixed_feats, mv_feats, config)
  File "F:\programme\nxy\Cell registration\napari-cell-registration\src\napari_cell_registration\core\matching.py", line 692, in greedy_match_cells
    _ensure_columns(df1, report_cols)
  File "F:\programme\nxy\Cell registration\napari-cell-registration\src\napari_cell_registration\core\matching.py", line 53, in _ensure_columns
    raise ValueError(
ValueError: Missing required feature columns ['aspect_ratio', 'elongation', 'equivalent_diameter', 'nn_dist_1', 'nn_dist_2', 'nn_dist_3', 'local_density', 'neighbor_area_ratio_mean', 'neighbor_roundness_mean']. Compute features first via `compute_cell_features` (regionprops-based).
Traceback (most recent call last):
  File "F:\programme\nxy\Cell registration\benchmark\test_f1_fast2.py", line 49, in main
    matches = greedy_match_cells(fixed_feats, mv_feats, config)
  File "F:\programme\nxy\Cell registration\napari-cell-registration\src\napari_cell_registration\core\matching.py", line 692, in greedy_match_cells
    _ensure_columns(df1, report_cols)
  File "F:\programme\nxy\Cell registration\napari-cell-registration\src\napari_cell_registration\core\matching.py", line 53, in _ensure_columns
    raise ValueError(
ValueError: Missing required feature columns ['aspect_ratio', 'elongation', 'equivalent_diameter', 'nn_dist_1', 'nn_dist_2', 'nn_dist_3', 'local_density', 'neighbor_area_ratio_mean', 'neighbor_roundness_mean']. Compute features first via `compute_cell_features` (regionprops-based).
Traceback (most recent call last):
  File "F:\programme\nxy\Cell registration\benchmark\test_f1_fast2.py", line 49, in main
    matches = greedy_match_cells(fixed_feats, mv_feats, config)
  File "F:\programme\nxy\Cell registration\napari-cell-registration\src\napari_cell_registration\core\matching.py", line 692, in greedy_match_cells
    _ensure_columns(df1, report_cols)
  File "F:\programme\nxy\Cell registration\napari-cell-registration\src\napari_cell_registration\core\matching.py", line 53, in _ensure_columns
    raise ValueError(
ValueError: Missing required feature columns ['aspect_ratio', 'elongation', 'equivalent_diameter', 'nn_dist_1', 'nn_dist_2', 'nn_dist_3', 'local_density', 'neighbor_area_ratio_mean', 'neighbor_roundness_mean']. Compute features first via `compute_cell_features` (regionprops-based).
Traceback (most recent call last):
  File "F:\programme\nxy\Cell registration\benchmark\test_f1_fast2.py", line 49, in main
    matches = greedy_match_cells(fixed_feats, mv_feats, config)
  File "F:\programme\nxy\Cell registration\napari-cell-registration\src\napari_cell_registration\core\matching.py", line 692, in greedy_match_cells
    _ensure_columns(df1, report_cols)
  File "F:\programme\nxy\Cell registration\napari-cell-registration\src\napari_cell_registration\core\matching.py", line 53, in _ensure_columns
    raise ValueError(
ValueError: Missing required feature columns ['aspect_ratio', 'elongation', 'equivalent_diameter', 'nn_dist_1', 'nn_dist_2', 'nn_dist_3', 'local_density', 'neighbor_area_ratio_mean', 'neighbor_roundness_mean']. Compute features first via `compute_cell_features` (regionprops-based).
Traceback (most recent call last):
  File "F:\programme\nxy\Cell registration\benchmark\test_f1_fast2.py", line 49, in main
    matches = greedy_match_cells(fixed_feats, mv_feats, config)
  File "F:\programme\nxy\Cell registration\napari-cell-registration\src\napari_cell_registration\core\matching.py", line 692, in greedy_match_cells
    _ensure_columns(df1, report_cols)
  File "F:\programme\nxy\Cell registration\napari-cell-registration\src\napari_cell_registration\core\matching.py", line 53, in _ensure_columns
    raise ValueError(
ValueError: Missing required feature columns ['aspect_ratio', 'elongation', 'equivalent_diameter', 'nn_dist_1', 'nn_dist_2', 'nn_dist_3', 'local_density', 'neighbor_area_ratio_mean', 'neighbor_roundness_mean']. Compute features first via `compute_cell_features` (regionprops-based).
Traceback (most recent call last):
  File "F:\programme\nxy\Cell registration\benchmark\test_f1_fast2.py", line 49, in main
    matches = greedy_match_cells(fixed_feats, mv_feats, config)
  File "F:\programme\nxy\Cell registration\napari-cell-registration\src\napari_cell_registration\core\matching.py", line 692, in greedy_match_cells
    _ensure_columns(df1, report_cols)
  File "F:\programme\nxy\Cell registration\napari-cell-registration\src\napari_cell_registration\core\matching.py", line 53, in _ensure_columns
    raise ValueError(
ValueError: Missing required feature columns ['aspect_ratio', 'elongation', 'equivalent_diameter', 'nn_dist_1', 'nn_dist_2', 'nn_dist_3', 'local_density', 'neighbor_area_ratio_mean', 'neighbor_roundness_mean']. Compute features first via `compute_cell_features` (regionprops-based).
Traceback (most recent call last):
  File "F:\programme\nxy\Cell registration\benchmark\test_f1_fast2.py", line 49, in main
    matches = greedy_match_cells(fixed_feats, mv_feats, config)
  File "F:\programme\nxy\Cell registration\napari-cell-registration\src\napari_cell_registration\core\matching.py", line 692, in greedy_match_cells
    _ensure_columns(df1, report_cols)
  File "F:\programme\nxy\Cell registration\napari-cell-registration\src\napari_cell_registration\core\matching.py", line 53, in _ensure_columns
    raise ValueError(
ValueError: Missing required feature columns ['aspect_ratio', 'elongation', 'equivalent_diameter', 'nn_dist_1', 'nn_dist_2', 'nn_dist_3', 'local_density', 'neighbor_area_ratio_mean', 'neighbor_roundness_mean']. Compute features first via `compute_cell_features` (regionprops-based).
Traceback (most recent call last):
  File "F:\programme\nxy\Cell registration\benchmark\test_f1_fast2.py", line 49, in main
    matches = greedy_match_cells(fixed_feats, mv_feats, config)
  File "F:\programme\nxy\Cell registration\napari-cell-registration\src\napari_cell_registration\core\matching.py", line 692, in greedy_match_cells
    _ensure_columns(df1, report_cols)
  File "F:\programme\nxy\Cell registration\napari-cell-registration\src\napari_cell_registration\core\matching.py", line 53, in _ensure_columns
    raise ValueError(
ValueError: Missing required feature columns ['aspect_ratio', 'elongation', 'equivalent_diameter', 'nn_dist_1', 'nn_dist_2', 'nn_dist_3', 'local_density', 'neighbor_area_ratio_mean', 'neighbor_roundness_mean']. Compute features first via `compute_cell_features` (regionprops-based).
Traceback (most recent call last):
  File "F:\programme\nxy\Cell registration\benchmark\test_f1_fast2.py", line 49, in main
    matches = greedy_match_cells(fixed_feats, mv_feats, config)
  File "F:\programme\nxy\Cell registration\napari-cell-registration\src\napari_cell_registration\core\matching.py", line 692, in greedy_match_cells
    _ensure_columns(df1, report_cols)
  File "F:\programme\nxy\Cell registration\napari-cell-registration\src\napari_cell_registration\core\matching.py", line 53, in _ensure_columns
    raise ValueError(
ValueError: Missing required feature columns ['aspect_ratio', 'elongation', 'equivalent_diameter', 'nn_dist_1', 'nn_dist_2', 'nn_dist_3', 'local_density', 'neighbor_area_ratio_mean', 'neighbor_roundness_mean']. Compute features first via `compute_cell_features` (regionprops-based).
Traceback (most recent call last):
  File "F:\programme\nxy\Cell registration\benchmark\test_f1_fast2.py", line 49, in main
    matches = greedy_match_cells(fixed_feats, mv_feats, config)
  File "F:\programme\nxy\Cell registration\napari-cell-registration\src\napari_cell_registration\core\matching.py", line 692, in greedy_match_cells
    _ensure_columns(df1, report_cols)
  File "F:\programme\nxy\Cell registration\napari-cell-registration\src\napari_cell_registration\core\matching.py", line 53, in _ensure_columns
    raise ValueError(
ValueError: Missing required feature columns ['aspect_ratio', 'elongation', 'equivalent_diameter', 'nn_dist_1', 'nn_dist_2', 'nn_dist_3', 'local_density', 'neighbor_area_ratio_mean', 'neighbor_roundness_mean']. Compute features first via `compute_cell_features` (regionprops-based).
Traceback (most recent call last):
  File "F:\programme\nxy\Cell registration\benchmark\test_f1_fast2.py", line 49, in main
    matches = greedy_match_cells(fixed_feats, mv_feats, config)
  File "F:\programme\nxy\Cell registration\napari-cell-registration\src\napari_cell_registration\core\matching.py", line 692, in greedy_match_cells
    _ensure_columns(df1, report_cols)
  File "F:\programme\nxy\Cell registration\napari-cell-registration\src\napari_cell_registration\core\matching.py", line 53, in _ensure_columns
    raise ValueError(
ValueError: Missing required feature columns ['aspect_ratio', 'elongation', 'equivalent_diameter', 'nn_dist_1', 'nn_dist_2', 'nn_dist_3', 'local_density', 'neighbor_area_ratio_mean', 'neighbor_roundness_mean']. Compute features first via `compute_cell_features` (regionprops-based).
Traceback (most recent call last):
  File "F:\programme\nxy\Cell registration\benchmark\test_f1_fast2.py", line 49, in main
    matches = greedy_match_cells(fixed_feats, mv_feats, config)
  File "F:\programme\nxy\Cell registration\napari-cell-registration\src\napari_cell_registration\core\matching.py", line 692, in greedy_match_cells
    _ensure_columns(df1, report_cols)
  File "F:\programme\nxy\Cell registration\napari-cell-registration\src\napari_cell_registration\core\matching.py", line 53, in _ensure_columns
    raise ValueError(
ValueError: Missing required feature columns ['aspect_ratio', 'elongation', 'equivalent_diameter', 'nn_dist_1', 'nn_dist_2', 'nn_dist_3', 'local_density', 'neighbor_area_ratio_mean', 'neighbor_roundness_mean']. Compute features first via `compute_cell_features` (regionprops-based).
Traceback (most recent call last):
  File "F:\programme\nxy\Cell registration\benchmark\test_f1_fast2.py", line 49, in main
    matches = greedy_match_cells(fixed_feats, mv_feats, config)
  File "F:\programme\nxy\Cell registration\napari-cell-registration\src\napari_cell_registration\core\matching.py", line 692, in greedy_match_cells
    _ensure_columns(df1, report_cols)
  File "F:\programme\nxy\Cell registration\napari-cell-registration\src\napari_cell_registration\core\matching.py", line 53, in _ensure_columns
    raise ValueError(
ValueError: Missing required feature columns ['aspect_ratio', 'elongation', 'equivalent_diameter', 'nn_dist_1', 'nn_dist_2', 'nn_dist_3', 'local_density', 'neighbor_area_ratio_mean', 'neighbor_roundness_mean']. Compute features first via `compute_cell_features` (regionprops-based).
Traceback (most recent call last):
  File "F:\programme\nxy\Cell registration\benchmark\test_f1_fast2.py", line 49, in main
    matches = greedy_match_cells(fixed_feats, mv_feats, config)
  File "F:\programme\nxy\Cell registration\napari-cell-registration\src\napari_cell_registration\core\matching.py", line 692, in greedy_match_cells
    _ensure_columns(df1, report_cols)
  File "F:\programme\nxy\Cell registration\napari-cell-registration\src\napari_cell_registration\core\matching.py", line 53, in _ensure_columns
    raise ValueError(
ValueError: Missing required feature columns ['aspect_ratio', 'elongation', 'equivalent_diameter', 'nn_dist_1', 'nn_dist_2', 'nn_dist_3', 'local_density', 'neighbor_area_ratio_mean', 'neighbor_roundness_mean']. Compute features first via `compute_cell_features` (regionprops-based).
Traceback (most recent call last):
  File "F:\programme\nxy\Cell registration\benchmark\test_f1_fast2.py", line 49, in main
    matches = greedy_match_cells(fixed_feats, mv_feats, config)
  File "F:\programme\nxy\Cell registration\napari-cell-registration\src\napari_cell_registration\core\matching.py", line 692, in greedy_match_cells
    _ensure_columns(df1, report_cols)
  File "F:\programme\nxy\Cell registration\napari-cell-registration\src\napari_cell_registration\core\matching.py", line 53, in _ensure_columns
    raise ValueError(
ValueError: Missing required feature columns ['aspect_ratio', 'elongation', 'equivalent_diameter', 'nn_dist_1', 'nn_dist_2', 'nn_dist_3', 'local_density', 'neighbor_area_ratio_mean', 'neighbor_roundness_mean']. Compute features first via `compute_cell_features` (regionprops-based).
Traceback (most recent call last):
  File "F:\programme\nxy\Cell registration\benchmark\test_f1_fast2.py", line 49, in main
    matches = greedy_match_cells(fixed_feats, mv_feats, config)
  File "F:\programme\nxy\Cell registration\napari-cell-registration\src\napari_cell_registration\core\matching.py", line 692, in greedy_match_cells
    _ensure_columns(df1, report_cols)
  File "F:\programme\nxy\Cell registration\napari-cell-registration\src\napari_cell_registration\core\matching.py", line 53, in _ensure_columns
    raise ValueError(
ValueError: Missing required feature columns ['aspect_ratio', 'elongation', 'equivalent_diameter', 'nn_dist_1', 'nn_dist_2', 'nn_dist_3', 'local_density', 'neighbor_area_ratio_mean', 'neighbor_roundness_mean']. Compute features first via `compute_cell_features` (regionprops-based).


