cell_id,area,perimeter,eccentricity,solidity,major_axis_length,minor_axis_length,orientation,centroid_y,centroid_x,roundness,aspect_ratio,elongation,equivalent_diameter,pos_x_norm,pos_y_norm,axis_vec_x,axis_vec_y,nn_dist_1,nn_dist_2,nn_dist_3,local_density,neighbor_area_ratio_mean,neighbor_roundness_mean,x,y
1,328.0,73.11269837220809,0.8250454322600546,0.9704142011834319,28.260101273291227,15.96883364757037,1.4823967556264028,5.838414634146342,406.3780487804878,0.7710775917535834,1.7697035298248567,0.4349336015061418,20.435815879801165,0.20925749164803698,0.002980303539635703,0.08828448330353665,0.9960953016693872,0.8630278531695205,1.9231306070446852,2.5877203142878513,0.5582559871343543,1.1412601626016259,0.8021527280128615,406.3780487804878,5.838414634146342
2,395.0,79.35533905932738,0.8040023230829593,0.9228971962616822,29.898721481893162,17.778561800909657,-0.6232922626681064,12.29620253164557,425.7974683544304,0.7882330789341755,1.6817289169230418,0.4053738447753876,22.42609239636699,0.21925719276747188,0.006276775156531684,0.8119611289426696,-0.5837115084407242,0.8630278531695205,2.4444432157414333,2.6745482995765375,0.5015028897772572,1.09957805907173,0.7555493040627487,425.7974683544304,12.29620253164557
3,139.0,57.31370849898476,0.9695728493207462,0.9328859060402684,27.361133492822937,6.6980865035006225,1.5638101028773321,2.2805755395683454,587.5971223021583,0.5317501771511974,4.084917905811336,0.7551970387024504,13.303394180365686,0.30257318347176015,0.00116415290432279,0.006986167087886731,0.9999755964369431,1.3901481396487045,1.4892922572386658,2.8912299383594924,0.5198702794848985,3.935251798561151,0.81176249475957,587.5971223021583,2.2805755395683454
4,242.0,72.38477631085023,0.954412206233303,0.937984496124031,32.67705822721355,9.753833158558235,-1.5446040112962374,3.768595041322314,676.5330578512396,0.5804044809574214,3.350176048330492,0.7015082235757926,17.55346033766304,0.34836923679260534,0.0019237340690772403,0.026189320783419814,-0.9996570009142651,1.8785739746642367,1.9123914558422768,2.2397594174444113,0.49745264054275623,1.4077134986225897,0.8384267115523558,676.5330578512396,3.768595041322314
5,289.0,63.4558441227157,0.7052009165502732,0.9697986577181208,23.067969178935243,16.35536368211403,-1.1322143357157677,7.0899653979238755,795.3737024221454,0.9019126024706416,1.4104222704727754,0.29099247726370714,19.182445840623714,0.4095642133996629,0.0036191758029218354,0.424656091337659,-0.9053547393645331,2.0059794308925962,2.7910537998859115,3.541564748086168,0.3597727109046285,1.7658592848904267,0.8701075585709034,795.3737024221454,7.0899653979238755
6,564.0,94.18376618407358,0.7320272377344701,0.9510961214165261,33.17109710343673,22.598651292898605,-1.2114067463681888,9.618794326241135,892.4007092198582,0.7989817552235893,1.4678352558969041,0.31872463480994584,26.797520467958073,0.45952662678674466,0.0049100532548448875,0.3517028779400022,-0.9361116843885242,1.7470229034506226,3.9653103049501817,3.985673200460534,0.309341927971796,1.00177304964539,0.7397077708513292,892.4007092198582,9.618794326241135
7,315.0,83.14823227814082,0.6892610108339823,0.9077809798270894,24.015336473853132,17.39942632158405,1.5490593245075737,8.495238095238095,933.8126984126984,0.5725512624500574,1.3802372578262552,0.2754868814547822,20.026743534373637,0.48085102904876337,0.004336517659641702,0.02173529054872891,0.9997637606678701,1.7470229034506226,4.745786369444328,5.223336704980391,0.256056898374702,2.057142857142857,0.8151846017758398,933.8126984126984,8.495238095238095
8,570.0,102.5685424949238,0.9225409669465606,0.9390444810543658,43.63764113071329,16.839729204666792,-0.6186235585245853,24.410526315789475,488.6842105263158,0.6808576967038685,2.5913505259110696,0.6141008366097369,26.939683377854365,0.25163965526586807,0.012460707665027809,0.8146774463203023,-0.5799143544154007,1.8306743926640245,2.34535422648499,2.700747841861832,0.4362509116021226,0.8461988304093567,0.8042282971462907,488.6842105263158,24.410526315789475
9,534.0,96.66904755831213,0.8941809128658605,0.9518716577540107,39.22015762950119,17.55909256067455,1.310873390865337,19.080524344569287,362.7397003745318,0.7180856395438903,2.2336095953693467,0.5522941869191598,26.075082298788182,0.18678666342663844,0.009739930752715308,0.25700607718349694,0.9664097869386208,0.7732933311699742,1.9231306070446852,2.411401128835304,0.5873341315764085,0.6604244694132335,0.8075894568983916,362.7397003745318,19.080524344569287
10,295.0,62.384776310850235,0.6499595886863853,0.9768211920529801,22.34969685697901,16.985071655258487,-1.4769695279525914,18.37627118644068,1118.413559322034,0.9525211674761719,1.3158435425298698,0.24003122888198558,19.38054864282415,0.575908114995898,0.009380434500480183,0.09368919255387988,-0.995601494172544,1.6591769333695887,1.768616313148904,2.0292195889341396,0.549751318250503,1.647457627118644,0.8492657843292841,1118.413559322034,18.37627118644068
11,477.0,83.49747468305833,0.8056920707065005,0.959758551307847,32.11525887802569,19.022979261151008,0.7349097974276404,24.90146750524109,1166.0880503144654,0.8597685633736973,1.6882349729314965,0.4076653925350373,24.64417299969047,0.6004572864647092,0.012711315724982691,0.7418912390707215,0.6705202378676646,0.7871375057815442,1.5042614213970715,1.5045750183639592,0.7903110092530408,0.6526904262753319,0.788659628463705,1166.0880503144654,24.90146750524109
12,173.0,62.142135623730944,0.9660724646795742,0.9301075268817204,29.763275897462343,7.686995843306619,-1.5207084335829146,13.803468208092486,1255.6763005780347,0.5629678815876046,3.8718995696320615,0.7417288382572826,14.841510746523857,0.6465892381967223,0.007046180810664873,0.050066952445869305,-0.9987458637074714,2.2026246119499,3.027624648609042,3.0452134854208825,0.36251749202271305,3.2832369942196533,0.8755574561113676,1255.6763005780347,13.803468208092486
13,415.0,76.52691193458118,0.6959146436758302,0.9496567505720824,27.266228075570787,19.580546616608032,1.4060217646803614,20.68433734939759,1333.2602409638555,0.8904910999649894,1.3925161850407093,0.2818754921898695,22.98683125324351,0.6865397739257753,0.010558620392750174,0.16402995075031593,0.98645535897822,1.0808378177954379,1.3747016130741205,1.7596362253786542,0.7117141122109724,1.0995983935742972,0.7629356671292089,1333.2602409638555,20.68433734939759
14,144.0,52.970562748477136,0.948305182911821,0.9290322580645162,24.25054113945858,7.69614831509057,1.510364801948702,13.9375,1374.4375,0.6449160457581656,3.1509971152593614,0.6826401410660482,13.540550005146152,0.7077433058702368,0.0071145992853496685,0.0603947492174836,0.9981745710380311,1.0859663848470276,1.7596362253786542,2.565328883326968,0.5544331883659264,3.796296296296296,0.8447940185314836,1374.4375,13.9375
15,510.0,93.94112549695427,0.8444502293465584,0.9139784946236559,35.60178524552574,19.06952757539946,-0.2057894970686718,27.268627450980393,1554.2686274509804,0.7262205296713654,1.8669463679558391,0.464365973675547,25.482389366284572,0.8003442983784657,0.013919666896876157,0.9788999637330864,-0.20434006215953382,0.7628848909332399,1.1052076111529539,1.4632658367854432,0.9005335646408211,0.5248366013071896,0.7368757056134493,1554.2686274509804,27.268627450980393
16,117.0,44.142135623730944,0.9106320997037259,0.9512195121951219,19.352941744794315,7.996985368086743,-1.5276984001883263,13.811965811965813,1762.8290598290598,0.7545517735370539,2.4200296554280745,0.58678192320618,12.205286835384658,0.9077389597471986,0.007050518535970297,0.04308458593945147,-0.9990714281043303,0.7446535203586854,1.4015422756170872,1.6527608908401177,0.7896904985548706,3.8917378917378915,0.772337857349997,1762.8290598290598,13.811965811965813
17,95.0,39.89949493661167,0.9059668067699829,0.9595959595959596,17.382163106176446,7.358716631276117,-1.4959755915517352,13.494736842105263,1780.4842105263158,0.7498919176766902,2.3621188282068832,0.5766512725529928,10.998079684646791,0.9168301804975879,0.006888584401278848,0.07475094525873371,-0.9972022343451331,0.7446535203586854,0.9452035328078114,1.6694533714298507,0.8930404222350122,4.038596491228071,0.7724894404467267,1780.4842105263158,13.494736842105263
18,620.0,105.01219330881975,0.7964162722373078,0.884450784593438,37.95257692687191,22.95177567394246,-0.891504873792821,22.324193548387097,1801.0854838709677,0.7065161518583885,1.6535791158834006,0.395251191555014,28.096414677602564,0.9274384571941131,0.011395708804689687,0.6282419194097729,-0.7780180529372852,0.7447169305503196,0.9452035328078114,1.2571200129622675,1.01797040933273,0.37311827956989246,0.8080663632835746,1801.0854838709677,22.324193548387097
19,185.0,53.31370849898475,0.8009522694466568,0.9487179487179487,20.258734619159114,12.129475790512013,1.5169367442628128,15.54054054054054,1830.1135135135135,0.817906776229296,1.6702069379623163,0.40127179616436104,15.347615963921077,0.9423859492860522,0.007932894609770567,0.05383354650547608,0.9985499232740658,1.0213839390805064,1.07595178857871,1.2571200129622675,0.8943328611168935,2.5045045045045042,0.8150197307504558,1830.1135135135135,15.54054054054054
20,356.0,71.21320343559641,0.45895343273369443,0.967391304347826,23.092887473449267,20.51711427713628,1.4817635403843332,18.90730337078652,1855.4044943820224,0.8821426444482414,1.125542664602856,0.11153967641657836,21.290215544369623,0.9554091114222567,0.009651507591008943,0.08891520828961631,0.9960391988947093,1.07595178857871,1.220811390554585,1.4741012480389035,0.7955735502932744,0.48501872659176026,0.9052019761460879,1855.4044943820224,18.90730337078652
21,786.0,109.1543289325507,0.5424719962995356,0.9379474940334129,35.14363832593724,29.5232528018322,-1.408303475108929,27.31552162849873,1906.3727735368957,0.8289922721215152,1.1903714865645239,0.15992611442159643,31.634890266315733,0.9816543633042717,0.013943604710821199,0.1617787202370604,-0.9868270596606372,1.3096888400216387,1.5097752962707125,1.5151094027968248,0.6921096096181101,0.577184054283291,0.7858084884811639,1906.3727735368957,27.31552162849873
22,621.0,103.98275605729688,0.8889041703855773,0.9092240117130308,42.51249562381427,19.47468497399156,-1.0544667174836846,26.760064412238325,1499.159420289855,0.7217367436217859,2.1829619159739786,0.5419068043824177,28.11906394744562,0.7719667457723249,0.013660063508033856,0.49369156263571806,-0.8696370742915132,1.62518176139605,1.6660498894328326,2.286938795781609,0.5378107443495052,1.035426731078905,0.8237820029026444,1499.159420289855,26.760064412238325
23,435.0,78.76955262170047,0.7543354826296039,0.9623893805309734,29.163758923976268,19.145690764352096,-1.1958299313447265,26.51264367816092,266.29655172413794,0.8810130942324177,1.523254464042483,0.34351086860027713,23.534213434057992,0.13712489790120388,0.013533764001103073,0.3662412595894963,-0.9305199298103718,1.0672823506762568,1.6021918350776578,1.736599383830714,0.6808783268416504,1.5908045977011493,0.8493454439661359,266.29655172413794,26.51264367816092
24,383.0,85.698484809835,0.9217686539904018,0.9296116504854369,36.38386867064043,14.1074925418364,-1.506455437369329,23.237597911227155,199.4125326370757,0.6553334726105335,2.5790457491111507,0.6122596893270922,22.082815618339236,0.10268410537439532,0.011861969326813248,0.06429650607996987,-0.9979308389392064,1.4016516338201435,1.6693190310761696,1.912392425541627,0.60200309420688,0.5683202785030461,0.9108823439653029,199.4125326370757,23.237597911227155
25,488.0,84.76955262170047,0.758181985442018,0.9587426326129665,31.19380154396859,20.339700014338675,-1.2353223178694082,26.99795081967213,291.6004098360656,0.853394626111896,1.533641180645644,0.3479569976211696,24.926710529686012,0.15015469095574951,0.0137814960794651,0.3292167918385674,-0.9442543640203742,1.0672823506762568,1.164814202099083,2.0907467325183253,0.6939876840333341,0.9590163934426229,0.8671803629440914,291.6004098360656,26.99795081967213
26,426.0,76.76955262170046,0.7067057344248272,0.9659863945578231,27.809303138819406,19.675293338581664,1.2045445326034072,28.901408450704224,568.1549295774648,0.9083253683524004,1.4134123776588177,0.29249239938282956,23.28948359361322,0.2925617557041528,0.0147531436705994,0.358118345202163,0.9336762023472936,1.3901481396487045,1.5516435817622307,1.6178556289624897,0.6579456193589854,0.8834115805946792,0.7454950568795448,568.1549295774648,28.901408450704224
27,726.0,102.42640687119284,0.7449523025684284,0.966711051930759,37.30823363286552,24.88898416551497,-1.1559608478206655,31.28374655647383,1206.457300275482,0.8696061629169378,1.498985791656298,0.3328822690873846,30.403485153477522,0.6212447478246561,0.015969242754708436,0.4030393690539554,-0.9151826413304557,0.9384130952234264,1.5776268998595024,1.7235514074594551,0.7076153608107069,0.38659320477502296,0.898268617529247,1206.457300275482,31.28374655647383
28,411.0,78.87005768508882,0.8180957991557589,0.9535962877030162,30.393113009387598,17.478531070924575,0.12441802612374872,33.15571776155718,1537.1630170316303,0.8302853383360989,1.7388825689102871,0.4249180376644559,22.875783109789968,0.7915360540842586,0.01692481764244879,0.9922700566376006,0.12409727918215216,0.7628848909332399,1.1908614460456037,1.62518176139605,0.8382398074334685,1.1938361719383617,0.7718047542880281,1537.1630170316303,33.15571776155718
29,595.0,95.01219330881975,0.8303197516002861,0.9581320450885669,37.04216890699899,20.64312947746906,1.3705487926468578,32.188235294117646,606.3781512605042,0.8282627736599966,1.7944066546416162,0.4427127221060586,27.524126309792685,0.312244156158859,0.016430952166471488,0.19891192465140273,0.9800173703723188,1.4019472010769434,1.4892922572386658,1.6178556289624897,0.665321964148452,0.6638655462184874,0.7129249625899702,606.3781512605042,32.188235294117646
30,115.0,37.72792206135785,0.44407106116976863,0.9583333333333334,12.843010560144787,11.50722918900733,1.1590771044379564,26.843478260869563,1184.6521739130435,1.0152708845672425,1.1160819298196918,0.10400843049080222,12.100518486599809,0.6100165674114539,0.013702643318463279,0.4001854727405572,0.9164341697074683,0.7871375057815442,0.9384130952234264,1.684524119150291,0.879746118836777,4.6927536231884055,0.7679335522551192,1184.6521739130435,26.843478260869563
31,456.0,83.94112549695429,0.7284796548944419,0.9519832985386222,29.663692367949345,20.321629684435624,-1.1480997859677164,35.776315789473685,133.09868421052633,0.8132519825269432,1.4597103100775832,0.3149325636078776,24.095585330081406,0.06853691256978699,0.01826253996399882,0.4102211492020747,-0.9119860792508454,0.9341423099392037,1.2436235601297032,2.107026233024463,0.7001506555788728,0.4590643274853801,0.8796492373003454,133.09868421052633,35.776315789473685
32,414.0,77.94112549695427,0.7474551593065367,0.9539170506912442,28.315120953960417,18.810082121815185,-1.2748277974203013,33.95169082125604,1814.376811594203,0.8564003959447378,1.5053161794079393,0.33568773545414676,22.959119571977435,0.9342826012328542,0.0173311336504625,0.29166640459515225,-0.9565201035161451,0.7447169305503196,1.0213839390805064,1.6694533714298507,0.8732215501490072,0.7246376811594203,0.7581049485881248,1814.376811594203,33.95169082125604
33,362.0,71.01219330881975,0.554150708702492,0.9602122015915119,23.886608756212457,19.883603851161652,0.6866226221465624,36.389502762430936,1361.8259668508288,0.9020956347795384,1.2013218999440556,0.16758364261355008,21.468877828012552,0.7012492105308078,0.018575550159484908,0.7733914388176554,0.6339287675784692,1.0859663848470276,1.3747016130741205,1.5291655532631623,0.7519110663424804,0.9226519337016574,0.7616305470543302,1361.8259668508288,36.389502762430936
34,250.0,61.21320343559643,0.7342942820366646,0.9541984732824428,22.207414414209705,15.075087563113888,-1.2918052652631757,32.228,154.964,0.838416192112693,1.4731200944097584,0.32116871951252934,17.841241161527712,0.07979608650875386,0.016451250638080655,0.2753858622677143,-0.9613337749517945,0.9341423099392037,1.4326723893480366,1.9027237474460412,0.70265206354925,1.112,0.871261167438429,154.964,32.228
35,194.0,52.62741699796952,0.8022107645446088,0.941747572815534,20.38887102617918,12.172990812014797,-1.4664985546389566,33.654639175257735,67.62886597938144,0.8802124032822498,1.674927003646078,0.40295905563457857,15.716503163191918,0.03482433881533545,0.01717949932376607,0.10410878267654507,-0.9945659160506195,2.516663662861145,2.6117363000145173,2.762369618052855,0.38019105351280397,2.013745704467354,0.8644435348863739,67.62886597938144,33.654639175257735
36,194.0,52.04163056034261,0.8122178153892825,0.9556650246305419,20.601926413452873,12.018222026697934,1.3385803987965448,33.74226804123711,351.72680412371136,0.9001394655605187,1.7142241479385742,0.4166457162544691,15.716503163191918,0.1811157590750316,0.017224230751014348,0.2301345366722058,0.973158823127381,0.7732933311699742,1.955328387394636,2.1190467456317514,0.6188542022123072,2.7010309278350517,0.7993782261036358,351.72680412371136,33.74226804123711
37,650.0,94.32590180780451,0.5221305497853937,0.9672619047619048,31.298397636530968,26.69332589613791,-0.3258545440884284,44.473846153846154,1672.9261538461537,0.918039332848224,1.1725177206583814,0.1471344250230272,28.76813695875796,0.8614449813831894,0.02270232065025327,0.9473775170038228,-0.32011847849768293,1.8973625180806262,1.9244521200201081,3.054917570364778,0.4362537189258131,1.278974358974359,0.8941398372522534,1672.9261538461537,44.473846153846154
38,593.0,89.49747468305833,0.46664043520853926,0.9689542483660131,29.323249597764107,25.934863591996198,0.7385934489070753,44.57504215851602,766.089376053963,0.9303427874091382,1.1306498487546934,0.11555288217531912,27.47782833536798,0.3944847456508563,0.022753977620477806,0.7394162483281107,0.6732485512114985,2.0059794308925962,2.0588212841056546,2.231050130072543,0.4765043000262289,0.6897133220910624,0.8606308302580712,766.089376053963,44.57504215851602
39,863.0,120.9116882454314,0.8708654379581591,0.955703211517165,47.94080840627389,23.56393825451061,1.5002744577002436,43.269988412514486,1321.1448435689456,0.7417953208499228,2.0344989826603816,0.5084784959231756,33.14823867276277,0.6803011552878195,0.022087793982906834,0.07046342882690049,0.9975143634043353,1.0808378177954379,1.1084635711501734,1.7399233595651031,0.7635093923138613,0.4712244109694863,0.8473570767281212,1321.1448435689456,43.269988412514486
40,583.0,105.74011537017762,0.8855101065291041,0.8983050847457628,41.610715275267886,19.333175315182427,-0.5945974102712656,49.07032590051458,1928.5368782161236,0.6552376724631145,2.152295967780875,0.5353798850299152,27.245158369526866,0.9930673935201461,0.025048660490308617,0.8283740867883933,-0.5601753050050453,1.3096888400216387,1.7025250557015212,2.34270440333223,0.560232637074818,0.8942252715837622,0.8437266883672975,1928.5368782161236,49.07032590051458
41,651.0,97.49747468305833,0.7912614607371686,0.970193740685544,36.856880561494485,22.537170294009236,-0.9678822552658763,46.235023041474655,1755.5284178187403,0.8606055025149125,1.6353819082288104,0.38852203575919253,28.79025779013781,0.9039796178263338,0.023601338969614423,0.5670451595909902,-0.8236867043873104,1.4015422756170872,1.444071722997354,1.6649337768709345,0.6651076874309735,0.8750640040962621,0.8575296054386987,1755.5284178187403,46.235023041474655
42,614.0,108.22539674441617,0.8477867555827079,0.883453237410072,40.57628806535179,21.51911772865889,-1.331289428577717,46.009771986970684,693.0309446254072,0.6587488378054258,1.8855925497035038,0.46966273272704484,27.96013377055607,0.3568645440913528,0.02348635629758585,0.23722362906080288,-0.9714550683460469,1.1157903701260097,1.2622523289952772,1.7719783821328878,0.7228878941244733,0.3393051031487514,0.8975091242040882,693.0309446254072,46.009771986970684
43,403.0,80.76955262170048,0.852254436034479,0.9393939393939394,31.855493802415875,16.664484681988046,0.3085070322559507,50.45657568238214,1141.1910669975186,0.7762820703491502,1.9115798904269248,0.4768725047757937,22.65205369339104,0.587637006692852,0.02575629182357434,0.9527879510677372,0.3036364936896473,0.8492339746374798,1.013368865196169,1.3902553899566907,0.9222658314848733,1.3953680727874278,0.7663865443471964,1141.1910669975186,50.45657568238214
44,231.0,56.87005768508881,0.7865331774165406,0.9585062240663901,21.934788193773993,13.545785085974963,-0.9061801380419234,41.502164502164504,1873.5021645021645,0.897541433872837,1.6193072645516013,0.38245197690945465,17.14987856615383,0.9647282000526078,0.021185382594264678,0.6167570597730745,-0.7871535613970582,0.9964183487507583,1.0237495155381482,1.220811390554585,0.9256461594182193,1.4502164502164503,0.8956489072973041,1873.5021645021645,41.502164502164504
45,240.0,56.87005768508881,0.6819957096766691,0.9523809523809523,20.58887103361694,15.057797928315356,0.12303126750525757,46.24166666666667,663.1,0.9325105806471032,1.367322840406877,0.26864382686503796,17.480774889473267,0.3414521112255407,0.023604730304577166,0.9924411954370239,0.12272112124459601,0.5306727896094153,0.6066058816945894,1.2622523289952772,1.2502443184213181,1.3875,0.8062552099235291,663.1,46.24166666666667
46,889.0,111.39696961966999,0.5007553271780414,0.9726477024070022,36.50040428020175,31.594343915454708,1.2192965672671598,58.61192350956131,245.9718785151856,0.9002536100834705,1.1552828689171541,0.13441112397234867,33.64386950500135,0.12665905175859196,0.029919307559755644,0.34430625446721225,0.9388573923311033,1.4121649624911872,1.442015064212938,1.6021918350776578,0.6731933718835833,0.4731908511436071,0.8809210338014793,245.9718785151856,58.61192350956131
47,699.0,105.1543289325507,0.8651512250632014,0.9694868238557559,42.24293705592677,21.185300749815966,-1.2140326101253434,54.11444921316166,296.85693848354794,0.794388095703041,1.9939739140259185,0.49848892557427826,29.83277462405867,0.15286145133035425,0.027623506489618,0.34924356649695676,-0.9370319798493997,0.9572760261626581,1.164814202099083,1.259524959490396,0.8871500254865462,0.6008583690987125,0.9026774167982184,296.85693848354794,54.11444921316166
48,1053.0,120.22539674441619,0.5258639684392368,0.9768089053803339,39.96954671934177,33.99684476479732,0.37466395907195227,62.344729344729345,1481.997150997151,0.9154735420866296,1.1756840082032847,0.1494313157085212,36.61586050615398,0.7631293259511591,0.03182477250879497,0.9306306519324996,0.3659598197667209,1.3732162237052778,1.558857917647821,1.6660498894328326,0.6524399907253539,0.45805634694523584,0.7516910902577978,1481.997150997151,62.344729344729345
49,341.0,70.2842712474619,0.7691997467915298,0.9605633802816902,26.236529446893886,16.76536299626598,0.29333779825165884,53.34310850439883,1556.909090909091,0.8674569895709332,1.5649246278018163,0.3609915888379508,20.83685880248485,0.8017039603033425,0.027229764422868213,0.9572840886046389,0.2891490510176124,0.8713652204860706,1.1052076111529539,1.1908614460456037,0.9471388313044898,0.9501466275659824,0.6897968856469268,1556.909090909091,53.34310850439883
50,749.0,102.42640687119285,0.6777052472644721,0.963963963963964,36.19368268373968,26.61443331178798,-1.528713676640975,54.18825100133511,1716.857142857143,0.8971556694556283,1.359926858473026,0.26466633571541087,30.881327999401787,0.8840664999264382,0.027661179684193522,0.04207023021274515,-0.999114655947878,1.4075296858325548,1.6649337768709345,1.8973625180806262,0.6036428662893897,0.9541611036938139,0.8998420695621835,1716.857142857143,54.18825100133511
51,662.0,97.35533905932738,0.6491009409551917,0.9664233576642336,33.562882194001936,25.531361221317834,-0.1598013073935207,59.69486404833837,531.6737160120846,0.8777044620146498,1.3145747264731835,0.2392977136546225,29.03247455203703,0.27377637281775724,0.030472110285011927,0.9872589192379,-0.15912204870857327,0.9884316153970811,1.0391637677908019,1.8917973280619966,0.765424702502779,0.7240684793554883,0.8098442311573358,531.6737160120846,59.69486404833837
52,168.0,47.79898987322333,0.5528646961180836,0.9385474860335196,16.127748142328134,13.438785483708438,0.11603854524305192,50.476190476190474,651.25,0.9240207162045382,1.200089707650998,0.16672895898977802,14.625465582862905,0.3353501544799176,0.02576630447993388,0.9932750789823024,0.11577831175440811,0.5306727896094153,0.8640585874142457,1.2269047525600585,1.1443235642607503,2.136904761904762,0.8224019995580131,651.25,50.476190476190474
53,238.0,55.698484809834994,0.39498266214984235,0.952,18.214665609716477,16.73360518085377,0.3194656287603854,53.634453781512605,212.85714285714286,0.9640511100106455,1.0885081494905418,0.08131142567188543,17.407785949022028,0.10960717963807562,0.02737848585069556,0.9494033778690507,0.31405927162055985,1.4016516338201435,1.4121649624911872,1.4581892974091148,0.7022462221809651,2.0126050420168067,0.8285889374888581,212.85714285714286,53.634453781512605
54,416.0,95.39696961966999,0.9218670804283604,0.8303393213572854,38.937091907041406,15.088366080605745,-0.5638981593152632,60.44230769230769,1163.048076923077,0.5744259304747221,2.5806036053890744,0.6124937600212215,23.014509567006368,0.5988919036679078,0.030853653747987594,0.8451780305457499,-0.5344848891061443,1.013368865196169,1.0358370993832482,1.3707802687592776,0.8771965134699705,1.3365384615384615,0.7338857173723278,1163.048076923077,60.44230769230769
55,547.0,92.42640687119285,0.7343356742406801,0.9131886477462438,32.51127798765653,22.068216714436833,-1.0061246837993,58.981718464351005,1889.400365630713,0.8046463591075401,1.4732172702648845,0.3212134963499308,26.390567083147985,0.9729147093875968,0.030108074764855032,0.5351384605695613,-0.8447643624225871,0.9964183487507583,1.5151094027968248,1.5700751259521164,0.7350053618733565,0.6819012797074955,0.9088971414434943,1889.400365630713,58.981718464351005
56,578.0,89.25483399593904,0.672125594462319,0.9697986577181208,31.602202306502686,23.39944486923,0.6801268226148799,60.01038062283737,1123.4636678200693,0.9117467192650046,1.3505535059961709,0.25956284178285993,27.128075067297424,0.5785085828115701,0.030633170302622442,0.7774929673223872,0.6288916327669096,0.8492339746374798,1.1755036040622495,1.6694089668786671,0.8120955579281944,0.8719723183391004,0.7212316613752451,1123.4636678200693,60.01038062283737
57,102.0,35.798989873223334,0.7254603349741651,0.9622641509433962,13.744175171469642,9.459620667528247,-0.379271010298191,53.745098039215684,1852.5392156862745,1.0001577183361308,1.452930900141573,0.311736022750593,11.396070970426017,0.9539336846994204,0.027434965818895193,0.9289347859967045,-0.370243383958791,1.0237495155381482,1.4741012480389035,1.5700751259521164,0.7374765621276418,3.7058823529411766,0.8614434791428729,1852.5392156862745,53.745098039215684
58,165.0,47.21320343559642,0.7551199940800568,0.9482758620689655,17.923358598312834,11.750313784755521,0.1504873777929111,56.8,178.42424242424244,0.9301797297725704,1.5253514864910265,0.3444133966129761,14.494292838262302,0.09187654089816809,0.028994384890250125,0.9886981276768326,0.1499200197716287,1.4326723893480366,1.4581892974091148,1.6693190310761696,0.6578686647807654,1.7595959595959594,0.8192669249112906,178.42424242424244,56.8
59,395.0,75.25483399593904,0.7729376507813271,0.9705159705159705,28.288646198881505,17.948636364585205,0.4098096508992395,63.20506329113924,554.8481012658228,0.8764722198274403,1.5760888807518754,0.36551801601255596,22.42609239636699,0.28570962990001175,0.032263942466125184,0.9171966811283649,0.39843474764020315,0.9884316153970811,0.9906975777996568,1.3660882715389682,0.8968026837194034,1.308860759493671,0.8385217750410892,554.8481012658228,63.20506329113924
60,217.0,57.112698372208094,0.7583925166270241,0.9273504273504274,21.176344090412595,13.8027012907856,-1.1810036258477008,58.903225806451616,669.926267281106,0.8359960757606235,1.5342173712438076,0.34820187885808607,16.622063085174787,0.34496718191612047,0.030068007047703734,0.3799966741835974,-0.9249878526820798,0.6066058816945894,0.8640585874142457,1.1157903701260097,1.1598888001027288,1.5698924731182797,0.8384267115523558,669.926267281106,58.903225806451616
61,51.0,35.34924240491749,0.9389340104601557,0.6219512195121951,16.491018055686624,5.6745141194657185,1.1847557765879977,52.98039215686274,1577.5686274509803,0.5128847889333159,2.906155083677777,0.6559027404915753,8.058239062071396,0.8123422386462309,0.027044610595642032,0.376523313557023,0.9264071428632444,0.8713652204860706,1.2791902350107922,1.4632658367854432,0.8301461963287489,15.019607843137255,0.7571830205640299,1577.5686274509803,52.98039215686274
62,620.0,105.59797974644665,0.9046819356733959,0.9408194233687405,43.77294251067676,18.65110557389785,1.4928523200993349,60.43225806451613,623.9129032258064,0.6986993422663127,2.3469355388742645,0.5739124558658898,28.096414677602564,0.32127337962193947,0.0308485237695335,0.07786510887503303,0.9969639034688664,0.6510616721825271,1.2269047525600585,1.4019472010769434,0.9146582325778203,0.5231182795698924,0.8841745574693594,623.9129032258064,60.43225806451613
63,443.0,86.18376618407356,0.8890609519145243,0.9465811965811965,35.29330190448267,16.156879806169616,1.30985740356234,63.57787810383747,1337.8329571106094,0.7494844954398356,2.1844132238333342,0.5422111580861324,23.74963406702674,0.6888944166378009,0.03245425120155052,0.2579878044428951,0.9661481732936903,1.1084635711501734,1.5291655532631623,1.8191082944758423,0.673138154221286,1.2340105342362677,0.8447940185314836,1337.8329571106094,63.57787810383747
64,1447.0,163.78174593052023,0.6120365251852814,0.8981998758535071,50.827128955948346,40.19559277842897,-0.4847044470905956,80.69384934346925,1565.2363510711818,0.6778715424497909,1.2644950712911196,0.20917050393961234,42.92292652221864,0.8059919418492183,0.041191347291204314,0.8848126997046946,-0.4659468708353884,1.205679036481928,1.2791902350107922,1.9619844099417418,0.674634295372692,0.21515779774245564,0.765772764789897,1565.2363510711818,80.69384934346925
65,213.0,55.45584412271571,0.7857134305987372,0.9551569506726457,21.14421098809612,13.079611436074194,-1.036256389007336,63.136150234741784,122.09389671361502,0.8703517900157731,1.616577915287252,0.38140933972718005,16.46815177937675,0.06287018368363287,0.03222876479568238,0.5094452083980086,-0.8605030968220333,1.1086187759793635,1.2436235601297032,1.3961658725374928,0.8003397263616632,1.9921752738654146,0.8902167198961148,122.09389671361502,63.136150234741784
66,390.0,81.01219330881976,0.8386165852986016,0.9090909090909091,31.14756867906912,16.966770639932918,-1.0539146751979227,66.95641025641025,480.0615384615385,0.7467473504900468,1.8357982989267467,0.4552778480159695,22.283703068536735,0.2471995563653648,0.034178872004293134,0.4941715638231902,-0.8693644031754133,1.7720250135125892,1.8306743926640245,1.8757850251666506,0.5475967008022387,1.747008547008547,0.781392680050192,480.0615384615385,66.95641025641025
67,502.0,82.42640687119285,0.21755885861220334,0.9653846153846154,25.725705333016055,25.10950274280964,-1.4322113934593454,69.63545816733068,322.37450199203187,0.9284977253859446,1.0245406130307726,0.023952796715571045,25.281737508665255,0.16600128835840983,0.03554643091747355,0.13814175375353302,-0.9904124675456677,1.2575048436911997,1.259524959490396,1.4554372835416163,0.7551982016481915,1.1361221779548474,0.8332153001777874,322.37450199203187,69.63545816733068
68,250.0,61.90559159102154,0.2622650956398781,0.9191176470588235,18.81371097625416,18.155153298773705,0.5847671906739524,66.868,1194.912,0.8197664046468013,1.0362738703795433,0.035004134926472474,17.841241161527712,0.6152996910401648,0.0341337417049515,0.833840620458247,0.5520052714184943,0.8891561100327696,1.3707802687592776,1.5776268998595024,0.7817460670131662,2.876,0.6832135901708973,1194.912,66.868
69,441.0,84.42640687119285,0.8590018885633788,0.962882096069869,33.753616297309335,17.28092050753461,1.1331090681967626,68.94331065759637,438.08843537414964,0.7774846808907724,1.9532302276717555,0.48802758331669027,23.695962509005764,0.22558621800934586,0.03519311416926818,0.4238458711752059,0.9057343305228807,1.0098256237415686,1.4026846778738526,1.7720250135125892,0.7169254825390872,1.0650037792894935,0.8382941819337701,438.08843537414964,68.94331065759637
70,1015.0,145.12489168102786,0.6817368179116793,0.8333333333333334,44.452066199793535,32.521020777983956,0.9417049930521906,79.75566502463055,1178.2246305418719,0.6056086771210321,1.366871799727967,0.2684024937825048,35.949104827605794,0.6067068128433943,0.04071243748066899,0.5884102874906939,0.808562510616909,0.8891561100327696,0.979005326864513,1.0358370993832482,1.0330583719378967,0.37602627257799676,0.7282699214885507,1178.2246305418719,79.75566502463055
71,536.0,94.66904755831213,0.8681715342866378,0.950354609929078,37.70154986288856,18.70993065341914,-1.1163804055240003,72.07649253731343,384.214552238806,0.7515513133810727,2.0150555638750487,0.503735768915001,26.123866405607867,0.19784477458228938,0.03679249236207934,0.438937583715108,-0.8985175555337483,0.7419917129504676,0.9005621737434323,1.8599514366227599,0.8565297474435192,0.8233830845771144,0.9018624778977736,384.214552238806,72.07649253731343
72,1078.0,125.39696961966999,0.757839814672812,0.9720468890892696,45.975626635823254,29.996368202941635,-1.345550333086339,77.47588126159555,1641.408163265306,0.8614985329214178,1.532706437151768,0.3475593396356432,37.04797199880859,0.845215326089241,0.03954868875017639,0.22334614859639806,-0.974739194814262,1.9244521200201081,2.087608430814757,2.883549859861249,0.43505938145034345,0.46660482374768086,0.7950464246781245,1641.408163265306,77.47588126159555
73,843.0,107.25483399593905,0.3346869586506001,0.9711981566820277,33.84799031939275,31.895955360117217,-1.307391853337491,77.24080664294188,1740.994068801898,0.9208813733234137,1.0612000781050868,0.057670630984467675,32.7618823667344,0.8964954010308435,0.03942869149716278,0.26036910472984587,-0.9655091554729963,1.2983499442354784,1.4075296858325548,1.444071722997354,0.7229000402098764,0.7987346777382365,0.8553224584640486,1740.994068801898,77.24080664294188
74,272.0,64.38477631085024,0.8218957779528387,0.9611307420494699,25.079702804791562,14.28634908572196,-1.4469727818418465,71.20220588235294,811.8051470588235,0.8245412468872386,1.755501188883637,0.43036210608554315,18.609705966725112,0.41802530744532623,0.03634620004203826,0.12350737142350167,-0.9923436547910492,1.0196755193391807,1.2794319822931357,1.4407547778277217,0.8021685762271279,2.618872549019608,0.797835598487841,811.8051470588235,71.20220588235294
75,275.0,60.76955262170048,0.7088196758155592,0.975177304964539,22.461326385203307,15.843988890412614,-0.8799481219255318,74.95636363636363,405.37454545454545,0.9357729338755251,1.4176560297132574,0.2946102728443477,18.712051592547777,0.20874075461099148,0.03826256438813866,0.6371911277901239,-0.7707058236873198,0.8123892342148827,0.9005621737434323,1.0154262657866617,1.0995545187416058,1.9212121212121214,0.8404552710662895,405.37454545454545,74.95636363636363
76,465.0,89.7401153701776,0.8567561406453054,0.9135559921414538,34.71612251246864,17.90385918754638,-0.8254039849985392,80.02580645161291,1509.3419354838709,0.7255871282852048,1.9390301358389022,0.4842782577139474,24.33220886606579,0.7772100594664628,0.04085033509525927,0.6782601639756101,-0.7348218491333656,0.9824652229626578,1.3732162237052778,1.513098384079378,0.7754382857761395,1.4021505376344086,0.8800664856061581,1509.3419354838709,80.02580645161291
77,270.0,60.52691193458118,0.7153798367566397,0.9608540925266904,22.209439104942632,15.51852973902905,0.7016390232686422,76.54444444444445,293.3666666666667,0.9261398988968153,1.4311561390436343,0.30126422078009807,18.5411616971131,0.1510641949879849,0.03907322329986955,0.7637852726430366,0.6454704155060882,0.9572760261626581,1.2575048436911997,1.4567781521064813,0.8170915902635343,2.2098765432098766,0.8401949060834535,293.3666666666667,76.54444444444445
78,210.0,54.14213562373095,0.7448644724682473,0.958904109589041,20.21438654995891,13.487358000807532,-1.536779379740129,73.13809523809523,615.1428571428571,0.9002401825435435,1.4987654771786,0.3327842045825057,16.351767622932517,0.3167573929674856,0.03733440287804759,0.034010386967382664,-0.9994214794461488,0.6510616721825271,1.2444033392914315,1.655770906794913,0.8447763170469441,2.757142857142857,0.732098557161465,615.1428571428571,73.13809523809523
79,465.0,89.84062043356596,0.7343329691840891,0.9226190476190477,30.08751175904234,20.423084959023416,-1.441221575574292,79.16129032258064,572.0903225806452,0.7239646018795747,1.473210918889555,0.3212105699340334,24.33220886606579,0.29458821966047644,0.040409030282072815,0.12921247042611247,-0.9916169308187416,0.7693898186326869,0.8719946543525443,0.9906975777996568,1.13978209725848,0.7433691756272401,0.8618172263165141,572.0903225806452,79.16129032258064
80,662.0,96.08326112068522,0.6311661094701577,0.9650145772594753,33.04812251904216,25.63369996005317,-0.19654268305039432,84.78851963746223,1232.5090634441087,0.9010987427963075,1.289245117581286,0.22435230790241822,29.03247455203703,0.6346596619176667,0.043281531208505475,0.9807475819357077,-0.19527974940393175,1.738160648449645,1.7563980043401395,1.7896335848376825,0.5677310485863325,0.6505538771399799,0.8680901731039695,1232.5090634441087,84.78851963746223
81,503.0,83.35533905932738,0.7329851503864553,0.9729206963249516,30.77979912783151,20.93779335581282,0.2610292980948676,85.31212723658052,97.51093439363817,0.9097268321164056,1.470059361307352,0.31975536068782906,25.30690599424961,0.0502116037042421,0.043548814311679694,0.966124853735854,0.2580751188973371,0.9496929883423832,1.3222422706695833,1.3961658725374928,0.817861856151375,0.8356527501656726,0.857955988497455,97.51093439363817,85.31212723658052
82,693.0,103.49747468305833,0.7912390141759125,0.9545454545454546,38.352803066616694,23.453007902256765,1.4201889419284015,83.33189033189034,1138.7316017316018,0.8129869833018627,1.6353042316131312,0.38849299068127585,29.70446102021492,0.5863705467207012,0.04253797362526306,0.150038669460753,0.9886801290945656,0.9850631886712842,1.1755036040622495,1.3902553899566907,0.844874748903111,0.860990860990861,0.8435500284546534,1138.7316017316018,83.33189033189034
83,578.0,93.59797974644667,0.7742034298605905,0.9475409836065574,34.5087445187906,21.841855865192304,1.0408308152801287,84.24567474048443,529.5588235294117,0.8290958717649926,1.5799364638141646,0.3670631554474826,27.128075067297424,0.27268734476282785,0.04300442814726107,0.5055035839952886,0.8628245050807947,1.0391637677908019,1.0476709356629021,1.333217930596704,0.8771794825996773,0.7797001153402537,0.9098395836616474,529.5588235294117,84.24567474048443
84,605.0,97.25483399593904,0.725862188380658,0.9438377535101404,34.29501445828053,23.589488176603602,-0.19324357614252044,86.78842975206612,837.8347107438017,0.8037904554481246,1.453826136520199,0.3121598416207134,27.754457742221764,0.4314287902903201,0.044302414370630996,0.9813864922615854,-0.1920431014290833,0.991548805653563,1.2794319822931357,1.4578515177109037,0.8045414097727658,1.0539944903581266,0.8005335133807033,837.8347107438017,86.78842975206612
85,589.0,96.32590180780451,0.5737934939280784,0.9246467817896389,31.147788053623355,25.510038916522344,-0.47274197442630533,89.21392190152801,261.22920203735146,0.7976988971613751,1.2210011970404935,0.18099998392807815,27.384997568906428,0.13451555202747242,0.04554054206305667,0.8903231355468624,-0.45532923726684105,1.442015064212938,1.4567781521064813,2.0816381485090405,0.6023574626860315,1.2478777589134125,0.8742768006176208,261.22920203735146,89.21392190152801
86,744.0,105.98275605729691,0.7299237565150927,0.9453621346886912,37.44014744802391,25.59141054621175,1.217939939515461,88.96774193548387,424.9569892473118,0.8323622614357384,1.4629966324215022,0.3164714273163882,30.77808020788433,0.21882440229006786,0.04541487592418778,0.34557961723259173,0.938389433099806,1.0098256237415686,1.0154262657866617,1.0378810846677224,0.9793894111918127,0.3382616487455197,0.7347683488006238,424.9569892473118,88.96774193548387
87,218.0,58.698484809834994,0.7246368964493789,0.923728813559322,20.614099932581347,14.205812805030897,-0.062060063122881266,86.45871559633028,588.8119266055046,0.795083197893059,1.4511031656901037,0.310869121063196,16.66031874701878,0.3031987263674071,0.0441341069914907,0.9980748922731717,-0.062020233907142945,0.7693898186326869,0.9114752733638605,1.2444033392914315,1.0255469097853414,2.406727828746177,0.7755726385827137,588.8119266055046,86.45871559633028
88,262.0,62.76955262170047,0.8634506855272913,0.9597069597069597,25.79721283127221,13.012972164022873,0.6270753507081838,86.57251908396947,1444.7977099236641,0.8356282019325064,1.9824228090331344,0.49556674013061863,18.26441241104166,0.74397410397717,0.044192199634491815,0.8097470918960153,0.5867790445865855,1.3719056381206483,1.4540645433931374,1.5385696333731382,0.6873576888375169,1.256997455470738,0.7159155522084998,1444.7977099236641,86.57251908396947
89,666.0,98.91168824543142,0.7382051725874849,0.9596541786743515,35.56136390471371,23.98885166853961,1.013386102602228,90.21621621621621,783.4204204204204,0.8554386414163333,1.4824120969221286,0.32542374547788777,29.120053859730724,0.4034090733369827,0.04605217775202461,0.5289902182688238,0.8486279213977714,1.3814118971962395,1.4407547778277217,2.0588212841056546,0.6146296661905645,0.8663663663663663,0.829720577631814,783.4204204204204,90.21621621621621
90,866.0,121.74011537017762,0.7408410339799365,0.9154334038054969,41.1162876317777,27.61700460344376,0.5011783780943612,95.04618937644342,815.8198614318707,0.7342776985990649,1.4888033015228097,0.3283195980441751,33.20580439833751,0.4200926165972558,0.048517707695989495,0.8770170081740457,0.4804593295726974,0.991548805653563,1.0196755193391807,1.3814118971962395,0.8842681040716921,0.5939183987682833,0.827923447917232,815.8198614318707,95.04618937644342
91,314.0,64.52691193458118,0.7134228098990952,0.9751552795031055,23.92185302425206,16.76285158470975,0.5622007298840184,88.5828025477707,128.69426751592357,0.947671345044996,1.4270753936682465,0.2992661744173617,19.994929783493642,0.06626893280943541,0.045218378023364314,0.8460840629000486,0.533049489734815,1.1086187759793635,1.2942274418082416,1.3222422706695833,0.8053499961936482,1.5074309978768576,0.8553995127960837,128.69426751592357,88.5828025477707
92,305.0,63.941125496954285,0.5596866600010901,0.9682539682539683,21.76113941318814,18.033550143068126,-1.4199785615659846,88.16065573770491,391.34754098360656,0.9374522383820572,1.2067030196798412,0.17129568444660315,19.706294962377495,0.2015177862943391,0.04500288705344815,0.150246665022744,-0.9886485420257005,0.7419917129504676,0.8123892342148827,1.3184249604843583,1.0442752126106392,0.9289617486338797,0.7261238929640572,391.34754098360656,88.16065573770491
93,834.0,118.25483399593904,0.8557918060473205,0.9455782312925171,45.51664213858708,23.546687009503696,-1.2736473541388988,91.98681055155875,201.5107913669065,0.7494421399175785,1.9330380583993017,0.48267961116705904,32.586527589007176,0.10376456816009604,0.04695600334433831,0.2927953188519283,-0.9561751415187479,1.247020629085424,1.311694798887273,1.6866472124274616,0.7066534131739631,0.6966426858513189,0.8219607973640053,201.5107913669065,91.98681055155875
94,775.0,107.49747468305833,0.6667812501528994,0.9485924112607099,36.75125975885555,27.389004599337593,0.29686576522608227,100.80129032258064,869.4374193548387,0.8427815946558062,1.341825316271055,0.2547465099413915,31.412746571571088,0.4477020696986811,0.051455482553639936,0.956258024981677,0.29252451120913336,1.4578515177109037,1.8159152072920792,1.9339430413788112,0.5760689697737008,0.8275268817204302,0.6817649075265875,869.4374193548387,100.80129032258064
95,361.0,74.94112549695427,0.7583983379174695,0.9304123711340206,27.174478860831695,17.712090201986292,0.38723218483054866,97.37673130193906,1493.7950138504154,0.8077493988664025,1.5342333146984684,0.3482086522175829,21.43920417481474,0.7692044355563417,0.04970736666765649,0.9259578070065987,0.3776269847925735,0.9358540716763144,0.9824652229626578,1.558857917647821,0.8627687968848231,1.7479224376731302,0.8408760129975157,1493.7950138504154,97.37673130193906
96,734.0,110.46803743153546,0.8703585537824007,0.9483204134366925,44.077388031229,21.704521688329447,0.6575401152964065,101.42643051771117,81.77929155313352,0.7558448304315961,2.030792876441478,0.5075814911502535,30.570538527078803,0.042110860737967826,0.051774594444977624,0.7914980366087965,0.611171709132892,0.9496929883423832,1.100655762531982,1.8410825439602028,0.7709245706026362,0.7556766575840145,0.8784461080021665,81.77929155313352,101.42643051771117
97,424.0,76.35533905932738,0.6044303703155078,0.9636363636363636,26.095821134441575,20.789443993233284,1.1445174942151581,95.30896226415095,559.1745283018868,0.913896261229043,1.2552438219576942,0.20334202606120988,23.23474912642073,0.2879374502069448,0.04865184393269574,0.4134855102816801,0.9105106988866735,0.8207011293315624,0.8719946543525443,1.2471336525534573,1.0204673655623515,0.8608490566037735,0.873169263778915,559.1745283018868,95.30896226415095
98,527.0,84.18376618407356,0.4599840669973397,0.96875,27.563972325307326,24.474799923452295,0.24982457381408762,98.37381404174573,1272.7134724857685,0.9344665862470987,1.126218494595125,0.11207283062821705,25.903614421069328,0.6553622412388097,0.05021634203253993,0.9689558079345505,0.2472339828379233,1.394979684415847,1.5267198089452485,1.7482969922329143,0.6423987703747509,1.0651486401012018,0.8207999264047591,1272.7134724857685,98.37381404174573
99,1033.0,121.05382386916236,0.5530970656820265,0.9663236669784846,39.853115560434055,33.202300906796125,0.7036653295783788,105.80445304937076,501.7260406582769,0.8858356625559353,1.2003118600818592,0.1668831798997622,36.266464532835606,0.2583553247467955,0.054009419627039694,0.7624757847433532,0.6470167522406262,1.047876357634584,1.3205738382776768,1.4846575964795297,0.7785922848884979,0.3336560180703453,0.8751985986717625,501.7260406582769,105.80445304937076
100,479.0,87.25483399593902,0.7688126175081882,0.9429133858267716,31.373791518878743,20.062727943632783,-0.8772052995531257,100.9937369519833,1168.849686847599,0.7906174293441287,1.5637849253115004,0.36052587295480953,24.695783889727878,0.60187934441174,0.051553719730466206,0.639302637498681,-0.7689552247609935,0.979005326864513,1.4723859998711273,1.651276951256454,0.7312314320153234,1.7515657620041754,0.7537389853909001,1168.849686847599,100.9937369519833
101,809.0,109.84062043356595,0.6252222384579776,0.951764705882353,36.63349926025345,28.59049597746656,0.9870828231816499,104.95426452410383,1129.89369592089,0.8426212957498056,1.281317375155924,0.21955323529558024,32.09440436728413,0.5818196168490679,0.05357542854727097,0.5511263580749362,0.8344217982741445,0.6844474386216106,0.9850631886712842,1.084953772163667,1.0891409598874762,0.4540585084466419,0.8068105062480857,1129.89369592089,104.95426452410383
102,742.0,109.39696961966999,0.8573297603234515,0.9686684073107049,43.37893508043983,22.33007030418794,-0.9281650951095468,103.51347708894879,328.9636118598383,0.7791179059335057,1.942624205365992,0.4852323999475754,30.736683981742253,0.16939423885676536,0.05283995767684982,0.599303871395575,-0.8005216235244843,0.8815519541353485,1.4554372835416163,1.5518144402401255,0.7714454748733552,0.3634321653189578,0.9997233917342087,328.9636118598383,103.51347708894879
103,899.0,126.8111831820431,0.8905473909667575,0.9493136219640972,50.55258048099941,22.9958873584004,-1.0352617924482785,107.05561735261402,595.3637374860957,0.702513131325023,2.1983313665229165,0.5451095247839309,33.83256346653194,0.30657247038418933,0.05464809461593365,0.5103008096987975,-0.8599959788398732,0.9114752733638605,1.441116885867296,1.531996555014949,0.7722825299363049,0.3882091212458287,0.8255576538295183,595.3637374860957,107.05561735261402
104,375.0,73.11269837220809,0.7748660300640945,0.9541984732824428,27.713360312649034,17.51832147474183,0.06310135211029744,103.62666666666667,1472.5013333333334,0.8815673686207127,1.5819643652850282,0.3678745097271351,21.850968611841584,0.7582396155166495,0.05289773694061596,0.9980097702006296,0.06305948448953855,0.7300413653925382,0.9358540716763144,1.3719056381206483,0.9875564349824508,0.6862222222222222,0.7266205639657567,1472.5013333333334,103.62666666666667
105,620.0,98.18376618407358,0.5782957063350007,0.9051094890510949,31.81807772453063,25.958054347020017,-0.37517984906036117,107.84677419354838,1744.3354838709677,0.8082062034216053,1.225749715258738,0.18417276581711095,28.096414677602564,0.8982160061127537,0.05505195211513445,0.9304417330935242,-0.3664398740829374,1.1062347927582077,1.2349698010452743,1.2983499442354784,0.8242766988776706,0.736021505376344,0.8691942858839811,1744.3354838709677,107.84677419354838
106,568.0,91.84062043356593,0.7183189101833363,0.9578414839797639,32.78285230238443,22.80748868180434,1.0394523850552169,107.3855633802817,1788.399647887324,0.8462303199787173,1.4373722929231734,0.30428601906169517,26.89237924411993,0.9209061008688588,0.054816520357468965,0.506692446749255,0.8621268841691769,1.097297044834341,1.3611155381984923,1.8583266121320015,0.6949690181330135,0.5745305164319249,0.8879750768308075,1788.399647887324,107.3855633802817
107,667.0,95.25483399593905,0.23530971701859896,0.9624819624819625,29.599956122085096,28.768802307910363,0.36084852866672196,110.5952023988006,1702.5187406296852,0.9237653093797143,1.0288908034918853,0.0280795623732224,29.14190756176324,0.8766831826105486,0.05645492720714681,0.9355975720050667,0.3530682416449038,1.6748127230907883,1.7672539129241527,1.8628021143768412,0.5655182326195045,0.9240379810094953,0.8601036147056674,1702.5187406296852,110.5952023988006
108,757.0,100.9116882454314,0.6056293544177053,0.9767741935483871,34.86417350684677,27.743057029802465,1.2249915518261498,111.94583883751652,465.9141347424042,0.9341632962170472,1.2566810308393404,0.20425312751629776,31.045810270703488,0.23991459049557373,0.05714437919219832,0.33895392161531024,0.9408029756657884,1.5322657869643068,1.980452152469664,1.9888380414168503,0.5453002769474768,0.9542051959489213,0.8216484248272402,465.9141347424042,111.94583883751652
109,464.0,89.3908729652601,0.8717006917732912,0.9527720739219713,35.00685299997219,17.154711894537677,0.31843058255329865,114.5,1421.3211206896551,0.7296951969064259,2.0406552564207683,0.5099613240141493,24.306031118985995,0.7318852320750027,0.05844818785094436,0.9497279351112234,0.3130764272016847,0.9274146662235018,1.5385696333731382,1.583697231124326,0.740798993017584,0.5028735632183908,0.8949232472932623,1421.3211206896551,114.5
110,542.0,86.18376618407358,0.6786728569402917,0.9730700179533214,30.75252104497115,22.585903322457852,0.7878005735589299,109.98339483394834,1529.0885608856088,0.916976515865442,1.3615803010363983,0.2655592922144754,26.26967516446403,0.7873782496836297,0.056142621150560665,0.7054059817454774,0.7088034995100541,1.513098384079378,1.5804590457381198,1.9619844099417418,0.593408203331746,1.3979089790897907,0.7370693565337993,1529.0885608856088,109.98339483394834
111,1046.0,128.46803743153546,0.7645013592647023,0.9578754578754579,46.20552676452225,29.78510440682195,-1.3831796717344673,115.49713193116635,219.44646271510516,0.7964368928725766,1.551296451186499,0.35537788458475716,36.493952427669164,0.1130002382673044,0.058957188326271746,0.18651790597739434,-0.9824515615285101,1.247020629085424,1.6947554290231228,1.7287421734084396,0.6423270076874529,0.5516252390057361,0.7942909615946773,219.44646271510516,115.49713193116635
112,359.0,71.59797974644665,0.7056527536100484,0.9497354497354498,25.53966401851653,18.096328787358665,-0.1803382126550122,111.80222841225627,1320.6629526462395,0.8800407374575272,1.4113174179481898,0.2914421750325833,21.37973331358283,0.6800530137210297,0.05707107116501086,0.9837830864520645,-0.1793623115675359,1.0042594854682543,1.099031238502994,2.099870858158509,0.7137484346913662,1.372330547818013,0.8432586104885477,1320.6629526462395,111.80222841225627
113,271.0,65.94112549695429,0.8740551211963435,0.9409722222222222,26.969134350362335,13.10232728296629,0.3338548731913925,113.56457564575646,1373.6420664206642,0.7831887561615754,2.058346869828509,0.514173235493921,18.575465448360347,0.7073337108242349,0.05797068690441882,0.9447861727308006,0.3276874849863599,1.21581108724191,1.7046390399577824,2.011054879355535,0.6083335606497885,1.8536285362853628,0.7903274648507529,1373.6420664206642,113.56457564575646
114,266.0,59.698484809834994,0.7071657783779357,0.9672727272727273,21.952452287897053,15.521432635349118,-1.484274874192361,108.86466165413533,532.890977443609,0.9379180277412494,1.4143315764487925,0.29295222092766005,18.403307281560924,0.27440318096993255,0.055571547551881234,0.08641354361964126,-0.9962593535215096,0.6334652435755477,1.0476709356629021,1.2471336525534573,1.0244957508455423,1.493734335839599,0.8671913431676938,532.890977443609,108.86466165413533
115,41.0,26.86396103067893,0.9511174688801072,0.82,13.693684933813806,4.229011661350041,0.15651028056051725,107.58536585365853,1113.878048780488,0.7139266980097847,3.238034328201007,0.6911706613822153,7.225151993843567,0.5735726306799629,0.054918512431678675,0.9877772467990484,0.15587209726596937,0.6844474386216106,0.8387323534281159,1.464447487277408,1.0041413200229086,15.203252032520327,0.8497087054947593,1113.878048780488,107.58536585365853
116,459.0,90.42640687119285,0.9039800306588519,0.9425051334702259,37.05839519751138,15.845231346242972,-1.214757773324299,113.75816993464052,179.2962962962963,0.7053943892087938,2.338772744160546,0.5724253232825623,24.17471718621419,0.09232559026585803,0.0580695099206945,0.34856397362158176,-0.937284992034511,0.9302911382645438,1.311694798887273,1.5001375198320808,0.8016838659882058,1.225127087872186,0.8393284135491816,179.2962962962963,113.75816993464052
117,941.0,119.74011537017762,0.8031926966543149,0.9731127197518097,45.022118411681674,26.82054515375266,-0.15253822357258587,127.2826780021254,298.3007438894793,0.8247458576401437,1.6786429266663245,0.40428069358029894,34.61384710770804,0.1536049144642015,0.06497329147632741,0.9883885858367067,-0.15194737045343998,1.312850707855446,1.636092537067935,1.9015137732859158,0.6184984195793467,0.6223875309953949,0.8300527873782896,298.3007438894793,127.2826780021254
118,222.0,52.8700576850888,0.30554198098713814,0.9694323144104804,17.278863673126846,16.452564326724687,-1.058388548070319,114.55855855855856,346.7117117117117,0.9980292506813824,1.05022313421744,0.047821393931550604,16.812470934731934,0.17853332219964557,0.058478079917589874,0.4902772054316828,-0.8715665561700378,0.7217795929215358,0.8815519541353485,1.8155231807469774,0.8774868307806346,1.9444444444444444,0.9159526418856204,346.7117117117117,114.55855855855856
119,364.0,69.11269837220809,0.5397843174606868,0.9706666666666667,23.510790401803607,19.791462268743814,1.5037408263984184,114.56043956043956,562.0247252747253,0.957625161715921,1.1879258885753803,0.15819664373233788,21.528102431092233,0.2894051108520727,0.05847904010231728,0.06700525985246346,0.9977526222226147,0.8207011293315624,1.2518554751176652,1.441116885867296,0.8538072784132682,1.455128205128205,0.8514424734317719,562.0247252747253,114.56043956043956
120,593.0,97.74011537017762,0.864077469005844,0.9579967689822294,38.89049604932027,19.575875200550538,-0.6962064059368491,121.42158516020235,1296.441821247892,0.7800435726614574,1.9866542696505616,0.496641154288062,27.47782833536798,0.6675807524448465,0.06198141151618293,0.7672805782648662,-0.6413115578387252,1.099031238502994,1.394979684415847,1.5596002709838532,0.7400808455711044,0.8218100056211355,0.882275333946479,1296.441821247892,121.42158516020235
121,704.0,106.08326112068524,0.8634559677805559,0.9565217391304348,42.3192891653695,21.346874343525172,1.3537971587372917,118.52272727272727,121.9502840909091,0.7861199162560727,1.9824583442215076,0.49557578200076113,29.93928254807644,0.06279623279655464,0.0605016474082324,0.2153001406603018,0.9765479248002396,1.2942274418082416,1.738865616774658,1.7532595196585365,0.6267820748596494,0.603219696969697,0.9322965842651408,121.9502840909091,118.52272727272727
122,39.0,31.59188309203678,0.9814748209354357,0.8125,16.363907921522564,3.1351802408743046,1.0877810329430595,110.56410256410257,413.15384615384613,0.491047431635574,5.219447261175382,0.8084088314411271,7.046725639945928,0.21274657371464786,0.05643905184487114,0.4644516225800661,0.8855984927057768,1.0378810846677224,1.2210546277817416,1.3184249604843583,0.838607083344402,10.256410256410257,0.9110065088242739,413.15384615384613,110.56410256410257
123,808.0,103.1543289325507,0.3595473665318478,0.9805825242718447,33.26863330525604,31.043854519143736,0.9574228637224834,123.27227722772277,1660.204207920792,0.9542151522528335,1.0716656749161209,0.06687316445189873,32.07456238432586,0.8548940308551967,0.06292612415912341,0.5756292474913102,0.8177108103923953,1.8628021143768412,2.0326947260966697,2.087608430814757,0.5014118695849132,1.1163366336633664,0.8391517273050466,1660.204207920792,123.27227722772277
124,190.0,52.734018715767725,0.46363672003925843,0.8878504672897196,17.01183992907423,15.072922108798805,0.42440547053307237,119.60526315789474,522.3894736842105,0.8585818965090456,1.1286358282939435,0.11397460993985153,15.553633450087505,0.26899560951813106,0.061054243572177,0.9112837087838866,0.41177906953254,0.6334652435755477,1.047876357634584,1.5065288299064448,0.9410671057133355,2.856140350877193,0.9107802863910224,522.3894736842105,119.60526315789474
125,880.0,147.25483399593904,0.9614938349868365,0.9452201933404941,64.29339130829771,17.669527727451193,-0.05192153904700108,140.0818181818182,851.7943181818182,0.5099803178115516,3.638659295257347,0.7251734996724187,33.47313548753602,0.4386170536466623,0.07150679845932527,0.9986523796804029,-0.05189821344389817,0.8146413919730514,1.8159152072920792,2.3232506620459565,0.6055948166231264,0.6890151515151516,0.7926986664746721,851.7943181818182,140.0818181818182
126,149.0,59.077164466275356,0.7793082045913637,0.861271676300578,18.098785028152108,11.341437562764057,0.5597568647500952,116.83892617449665,1461.3154362416108,0.5364840910983609,1.5958104894544953,0.3733591760373529,13.773623058786647,0.7524796273128789,0.05964212668427598,0.8473842360584843,0.5309801846392941,0.7300413653925382,0.969140289732948,1.3017613294334545,0.9996857705848486,2.6129753914988814,0.9416606009351841,1461.3154362416108,116.83892617449665
127,515.0,87.25483399593904,0.49724970899593385,0.9537037037037037,28.130804031331454,24.406495794185975,0.6553393215648748,125.11456310679611,1241.0330097087378,0.8500375284180088,1.1525949594956877,0.13239252717403416,25.60699837034026,0.6390489236399268,0.06386654574109041,0.7928411815824999,0.6094283065192044,0.9095791081430528,1.323921696165495,1.4541022624809745,0.8135365834294745,0.801294498381877,0.7509747188108123,1241.0330097087378,125.11456310679611
128,439.0,86.84062043356595,0.8581324845566486,0.9502164502164502,33.67297329455505,17.2886580808307,0.05750630935085182,130.872437357631,834.8132118451025,0.731523949320086,1.947691552295255,0.4865716808076971,23.642169108157916,0.4298729206205471,0.06680573627239969,0.998346967812517,0.05747461926409941,0.8146413919730514,1.710011168366092,1.863423163972246,0.6836709729914207,1.7851176917236142,0.6826828239529137,834.8132118451025,130.872437357631
129,457.0,78.18376618407356,0.3476790312665833,0.9661733615221987,25.012748186791192,23.45229325095843,0.6261092000907916,127.52297592997812,81.36105032822758,0.9394915756340211,1.0665374135968129,0.06238638490179227,24.121991458915023,0.041895494504751586,0.06509595504337831,0.8103136308160439,0.5859964331919778,1.100655762531982,1.2396152744925206,1.6275568692115916,0.7560811786431076,1.1254558716265501,0.8562882003610245,81.36105032822758,127.52297592997812
130,368.0,71.94112549695427,0.5295471355624494,0.9509043927648578,23.631721512826736,20.04632888254691,-0.14012405787074986,127.22554347826087,1117.0135869565217,0.8935178374326097,1.1788553231510337,0.1517194855370042,21.646065519224038,0.575187222943626,0.06494412632887232,0.990198677171113,-0.1396659576581849,0.7709797397940323,0.8387323534281159,1.084953772163667,1.1133105735061026,0.9347826086956522,0.8262599960498743,1117.0135869565217,127.22554347826087
131,358.0,74.2842712474619,0.675640460697061,0.9396325459317585,25.40680677087798,18.73069280837458,-0.3146002032813558,129.56703910614524,1336.522346368715,0.8152656725570872,1.3564264296469846,0.26276871480581954,21.349935761383176,0.6882195398397091,0.06613937677700114,0.950920166532915,-0.3094363212052088,1.0042594854682543,1.2719010353503315,1.7046390399577824,0.7536174464948231,2.281191806331471,0.7881189079627724,1336.522346368715,129.56703910614524
132,576.0,93.25483399593904,0.6847244362557459,0.9458128078817734,32.110072294165626,23.40188691699459,-0.312435171293578,132.70486111111111,1261.2222222222222,0.8323186781348109,1.3721146678495868,0.2711979374382568,27.081100010292303,0.6494450165922874,0.06774112358913278,0.9515878768897563,-0.30737682501523417,0.9095791081430528,1.4071517291775149,1.5267198089452485,0.780548594507051,0.8414351851851852,0.9035344430871151,1261.2222222222222,132.70486111111111
133,105.0,38.97056274847714,0.8442765455866656,0.9375,15.929393857526836,8.536685592251084,0.7243064461503277,124.25714285714285,1768.5904761904762,0.8688119958859657,1.8659928007640645,0.46409225180797486,11.562445770562215,0.9107057034966407,0.0634288631225844,0.7489591620479624,0.6626161585597004,1.097297044834341,1.2349698010452743,1.4064847832933232,0.8024068720134906,5.917460317460318,0.8271187157101312,1768.5904761904762,124.25714285714285
134,621.0,90.66904755831213,0.4297987236930054,0.9733542319749217,29.631349800990336,26.754878339188565,-0.9306635091244045,134.7487922705314,1486.4573268921094,0.9492560130793711,1.1075120366960716,0.0970752760546073,28.11906394744562,0.7654260179671006,0.06878447793288994,0.5973019685847295,-0.802016432702477,1.3017613294334545,1.438365062681159,1.4517765163169774,0.7156654306009337,0.5131508319914118,0.7130302299268841,1486.4573268921094,134.7487922705314
135,421.0,80.42640687119285,0.6589388512063099,0.9334811529933481,27.187792215074055,20.450562431700636,-0.8974623489900586,132.57957244655583,1735.5938242280286,0.8178894884425636,1.329439828653806,0.24780348952490583,23.152404806704283,0.89371463657468,0.06767716817077889,0.6235957749792398,-0.7817469599736486,1.034796378400205,1.1062347927582077,1.4350758466726925,0.8389010689673061,1.3990498812351544,0.8407409638298456,1735.5938242280286,132.57957244655583
136,85.0,31.556349186104047,0.6236801498544371,0.9770114942528736,11.75144021992935,9.185861643934654,-0.04681920083610645,129.5529411764706,354.9647058823529,1.0726431991352994,1.2792964531192048,0.21832035290820895,10.403141895720198,0.18278306173138667,0.0661321802840585,0.9989041814114348,-0.046802097802890893,0.7217795929215358,1.5518144402401255,1.6581773026254385,0.7630148713619002,5.6156862745098035,0.8910813257343148,354.9647058823529,129.5529411764706
137,415.0,78.76955262170047,0.8483065241660707,0.9718969555035128,31.633680745106496,16.75020693990803,-1.2666957782615615,133.12048192771084,168.7253012048193,0.8405067450723065,1.8885546225544236,0.47049453160776533,22.98683125324351,0.08688223542987605,0.06795328327090906,0.299435114813957,-0.9541166658309415,0.9302911382645438,1.1653917378712613,2.0060091319923705,0.7314054770701964,1.7076305220883534,0.7847753763499025,168.7253012048193,133.12048192771084
138,685.0,102.08326112068524,0.7776952332765851,0.9620786516853933,37.73831121047719,23.72386822514057,-0.5064727975384125,141.57956204379562,1380.451094890511,0.8260215250887456,1.5907317833811472,0.37135850905394585,29.53250900522315,0.7108399046810047,0.0722713435649799,0.874460975092064,-0.4850958699484429,1.21581108724191,1.6359359236204662,1.6986782023853326,0.659279047431889,1.1469586374695864,0.7797663684242008,1380.451094890511,141.57956204379562
139,266.0,62.526911934581186,0.6756146137367177,0.9399293286219081,21.77099524189791,16.050774486985386,0.1191050834550734,136.35714285714286,1418.890977443609,0.8549831188418123,1.3563828499086266,0.2627450280226077,18.403307281560924,0.7306338709802312,0.06960548384744403,0.9929153707164083,0.11882367859605043,0.9274146662235018,1.3579831441086658,1.374899243534399,0.8196056101050434,1.6491228070175439,0.8692374793846813,1418.890977443609,136.35714285714286
140,254.0,56.8700576850888,0.46170074350352636,0.9694656488549618,19.126669500349276,16.96603964325156,-0.6143604595415605,136.61417322834646,1802.0905511811025,0.9869070311848512,1.1273502775267374,0.11296424905853375,17.983404693292407,0.9279559995783225,0.0697366887332039,0.8171422681584484,-0.5764360446648582,1.2158830465343518,1.3611155381984923,1.5057730092265418,0.7347949624315533,1.7703412073490814,0.8473206465315847,1802.0905511811025,136.61417322834646
141,1820.0,180.61017305526642,0.4544464883304445,0.8895405669599218,52.375458459034775,46.654698696250286,0.20217993428773878,158.77912087912088,1344.0269230769231,0.7011272302692143,1.1226191556831182,0.10922596061395728,48.13830046250071,0.6920838944783332,0.08105110815677431,0.9796311634052467,0.200805337790814,1.2719010353503315,1.6986782023853326,2.1172651690958015,0.589640672967886,0.3302197802197802,0.8243528859049363,1344.0269230769231,158.77912087912088
142,172.0,46.62741699796952,0.4546481482159656,0.9555555555555556,15.706432118460711,13.989265638882427,0.8368651188101036,137.4127906976744,1451.0755813953488,0.9941584211054686,1.1227488650158668,0.10932887027601867,14.798554040663838,0.7472067875362249,0.0701443546185168,0.6697939099916755,0.7425470477606542,0.890453402908104,0.969140289732948,1.3579831441086658,0.932378666372578,2.122093023255814,0.7584420100274408,1451.0755813953488,137.4127906976744
143,1042.0,124.46803743153546,0.7735774435749924,0.9720149253731343,45.92669118259941,29.10382569162753,-0.5045292284654708,153.57101727447218,1748.3013435700575,0.845204692181966,1.5780293515093247,0.3662982256676415,36.424107478619696,0.9002581583779905,0.07839255603597355,0.87540214020825,-0.48339537949675865,1.034796378400205,1.351594819284844,1.5034096057122759,0.7712477197752187,0.38451695457453616,0.8378737026862001,1748.3013435700575,153.57101727447218
144,151.0,44.384776310850235,0.6662987093004068,0.949685534591195,16.08690624338561,11.99576371949293,-1.3907583233086498,139.18543046357615,417.5364238410596,0.9632050266550263,1.3410489419064362,0.2543150598378615,13.86575534383214,0.21500330784812544,0.07104922433056465,0.17906696278678,-0.983836888329726,1.2210546277817416,1.380671020549224,1.7623353742845849,0.6874331006036171,2.130242825607064,0.6942867094030563,417.5364238410596,139.18543046357615
145,278.0,63.45584412271571,0.4434713558945163,0.9586206896551724,20.476166897940338,18.352553843018455,-1.386702696967024,143.94604316546761,17.744604316546763,0.8675837490894059,1.1157121277554367,0.1037114546636897,18.81384047546846,0.009137283376182678,0.07347934822126984,0.18305555399468085,-0.9831025705142371,1.7362535624621598,1.9108193455858689,1.9276200676553807,0.5381462285143089,0.8633093525179856,0.9372528038794821,17.744604316546763,143.94604316546761
146,660.0,101.98275605729688,0.838117694156006,0.9593023255813954,39.39162967285638,21.48771806838337,-1.1481642784899868,148.56666666666666,607.1575757575757,0.7974442127206889,1.8332160514901998,0.4545105585415795,28.988585676524604,0.3126455075991636,0.07583801259145823,0.4101623320664757,-0.9120125335508225,1.8198395313949411,2.143198208541373,2.383083312123535,0.4727297155837026,0.9348484848484848,0.8386948434682152,607.1575757575757,148.56666666666666
147,438.0,77.01219330881976,0.6402902061949175,0.9711751662971175,27.0793603247163,20.800552860662332,0.8562345419489692,146.662100456621,192.81506849315068,0.9280363556576596,1.3018577201343695,0.23186690485901462,23.615226456547084,0.0992868529830848,0.07486579911006687,0.6552864604567622,0.7553804701883999,1.1653917378712613,1.1818612956058734,1.5001375198320808,0.7797492764075229,1.6004566210045663,0.755598839488118,192.81506849315068,146.662100456621
148,332.0,73.35533905932738,0.8324445638019651,0.9325842696629213,27.926772808902026,15.474457615321757,0.1547364179596721,149.3855421686747,1565.7680722891566,0.7753262537615435,1.8047012375574851,0.4458916638449155,20.56004690782767,0.806265742682367,0.07625601948375431,0.9880521882740324,0.1541196718361933,1.174828767763603,2.2256947288607183,2.270155479203425,0.529037177521073,2.180722891566265,0.7922262257295948,1565.7680722891566,149.3855421686747
149,961.0,128.42640687119285,0.8872391508616814,0.9403131115459883,52.50967556532201,24.223225520088835,1.5472678861668405,147.45993756503643,1618.5109261186265,0.7321913396140076,2.16774085357768,0.5386902459537166,34.97975417996089,0.8334247817294678,0.075273066648819,0.023526269846299713,0.9997232190097013,1.7415777122363096,2.0326947260966697,2.2256947288607183,0.5000027360821641,0.6281651057925771,0.8431579539355653,1618.5109261186265,147.45993756503643
150,493.0,92.66904755831213,0.8967276296133768,0.924953095684803,38.12324006902041,16.872691344018953,-1.2340076087657723,147.16632860040568,1218.6876267748478,0.7214186816084437,2.259464082624517,0.557417173527966,25.05408341078227,0.627542547257903,0.07512318968882373,0.3304579267704773,-0.9438207237789166,0.8331819843051204,1.323921696165495,1.3649712503152962,0.8517706349111044,0.947261663286004,0.8009378482454198,1218.6876267748478,147.16632860040568
151,126.0,39.79898987322333,0.5476234079840449,0.9473684210526315,13.859206408555057,11.59634346687179,-1.1758827352661056,143.29365079365078,255.515873015873,0.999623161145279,1.1951359019459686,0.16327507326007062,12.666024736934256,0.13157357003906953,0.07314632506056702,0.38472843264971596,-0.9230298116046377,0.7718691426621276,1.435237464506369,1.9187429392388669,0.7271229758274363,2.6031746031746033,0.8812451737619525,255.515873015873,143.29365079365078
152,468.0,81.01219330881976,0.7266003326971074,0.970954356846473,29.61957432333475,20.350435790829874,-1.4205101199556138,148.8803418803419,320.72222222222223,0.8960968205880563,1.4554761690499842,0.3129396267252399,24.410573670769317,0.1651504748827097,0.07599813265969468,0.14972111939416194,-0.9887282672237904,1.312850707855446,1.6581773026254385,1.8155231807469774,0.6267560671863264,0.8888888888888888,0.9651394358189419,320.72222222222223,148.8803418803419
153,182.0,49.79898987322333,0.7259118654342251,0.9479166666666666,18.443443769229464,12.685174351352785,-1.1811698933262849,145.42857142857142,1115.3131868131868,0.9222319943900322,1.4539369549353178,0.31221226848554273,15.222667215103916,0.5743116306968006,0.07423612630350761,0.3798428735338395,-0.9250510209850891,0.7709797397940323,1.1567832716091309,1.165065290667386,0.9699859503974393,3.166666666666667,0.8491627937946108,1115.3131868131868,145.42857142857142
154,329.0,67.45584412271572,0.42788856259681385,0.9536231884057971,21.715134988538853,19.626823000641856,-0.06801238688277632,151.9939209726444,507.3161094224924,0.9085871688758823,1.1064009181633065,0.09616850132403953,20.466944330257718,0.2612338359539096,0.07758750432498437,0.9976880490177819,-0.06795996503156981,0.7124538893669669,1.1580176942667186,1.5065288299064448,0.8883623430934323,0.9412360688956434,0.8096936591162675,507.3161094224924,151.9939209726444
155,368.0,87.698484809835,0.8882112661497371,0.8782816229116945,33.5869883594662,15.431046311147282,-0.16668608245451497,155.75271739130434,490.8451086956522,0.6012754924462813,2.17658528671534,0.5405647524572361,21.646065519224038,0.2527523731697488,0.079506236544821,0.9861400103729334,-0.16591527940991674,0.7124538893669669,0.9599154658669816,1.4558649028870527,0.9590074631437524,0.9221014492753623,0.852114685803492,490.8451086956522,155.75271739130434
156,680.0,98.32590180780451,0.6728214183931888,0.9645390070921985,34.44471735437516,25.482371815959887,0.7680402715283702,157.27205882352942,1443.9014705882353,0.8838588201421492,1.3517076668978691,0.2601950669592844,29.42452872043851,0.7435126007148483,0.08028180644386392,0.7192735262046229,0.6947269927828971,0.890453402908104,1.1512555457661273,1.2177491215717933,0.920398402233031,0.5519607843137254,0.8760166998633393,1443.9014705882353,157.27205882352942
157,676.0,101.35533905932736,0.6563344100125716,0.9428172942817294,34.333034060475235,25.903247878439537,-1.52649676220796,155.48816568047337,1780.2943786982248,0.826919623730071,1.325433560362606,0.24552989308160822,29.33785834448333,0.91673242981371,0.07937119228201805,0.044285076718006064,-0.9990189347455234,0.9288767849351085,1.2158830465343518,1.351594819284844,0.8580365265156324,1.096646942800789,0.846756044328138,1780.2943786982248,155.48816568047337
158,488.0,81.35533905932738,0.6275903878266955,0.9663366336633663,28.319860014334758,22.048248822711972,-1.5631987739370696,153.64754098360655,94.8360655737705,0.9265259067938536,1.2844494019480757,0.22145629210201823,24.926710529686012,0.04883422532120005,0.07843161867463326,0.007597479766021988,-0.9999711387341161,1.2396152744925206,1.2986930331281163,1.4638628119435515,0.7495931359193561,0.9132513661202186,0.8680183817053226,94.8360655737705,153.64754098360655
159,539.0,86.18376618407356,0.7176939703792533,0.9817850637522769,31.573339151077235,21.986367724119027,-0.07220769737674626,158.33580705009277,1139.5176252319109,0.9119010000949694,1.4360416212106426,0.30364135326596,26.196872229566885,0.5867752962059273,0.08082481217462623,0.9973941567433806,-0.07214496582687378,0.8993425616897277,1.1567832716091309,1.1589127716693086,0.9331147673823044,0.9554730983302412,0.8153484322342551,1139.5176252319109,158.33580705009277
160,1530.0,147.88225099390857,0.7239892381926957,0.9795134443021767,53.395276351648945,36.83266318941228,-1.442503095270355,162.6202614379085,1690.3993464052287,0.8791625695801931,1.4496718870710839,0.31018873379658385,44.13679308065777,0.8704425058729293,0.08301187413879965,0.12794158804381398,-0.9917817048367181,2.0119787038831527,2.036462936377352,2.091612272529666,0.4885950583838988,0.5450980392156862,0.8731743489702621,1690.3993464052287,162.6202614379085
161,210.0,52.384776310850235,0.6261122102374559,0.9545454545454546,18.529147246486644,14.447786962819084,1.44455842539734,153.7047619047619,240.46190476190475,0.961654285289678,1.282490342235168,0.22026703276598103,16.351767622932517,0.12382178412044528,0.07846082792484017,0.12590288042468967,0.9920425720203575,0.7718691426621276,1.1859084663581876,1.7304019071134316,0.8134094305541958,1.4285714285714286,0.8939014657138195,240.46190476190475,153.7047619047619
162,822.0,117.9827560572969,0.7787016486865389,0.8896103896103896,42.579122360345316,26.713903237354213,0.2366381518288051,171.93795620437956,1123.0924574209246,0.7420695438562532,1.5938937107777897,0.37260559268282756,32.35124272377035,0.5783174343053165,0.0877682267505766,0.9721316044497359,0.23443579852484603,0.8993425616897277,1.165065290667386,1.547305196672612,0.8306307725099976,0.49148418491484186,0.9202729565624171,1123.0924574209246,171.93795620437956
163,669.0,107.49747468305833,0.8904684006977935,0.9570815450643777,43.4577616863777,19.775240763842053,0.22379861783830227,171.5695067264574,1548.916292974589,0.7275108217093346,2.1975844544880507,0.5449549172238934,29.185565874723483,0.7975882044153393,0.08758014636368423,0.9750614395387015,0.22193510115507925,1.174828767763603,1.3545312821022424,1.942674449820398,0.6708356118921889,0.9397110114598903,0.8471615083860984,1548.916292974589,171.5695067264574
164,321.0,67.45584412271572,0.7845515697675,0.9582089552238806,25.73444674845223,15.956992996160121,1.4139982517869798,157.22429906542055,56.716510903426794,0.8864938638576237,1.612737860738859,0.37993642715012566,20.216574731145414,0.029205206438427802,0.08025742678173586,0.15615636761383817,0.987732346768927,1.029021026874534,1.330767190614047,1.6145963054280872,0.7548338573436273,0.9169262720664589,0.8896583340072884,56.716510903426794,157.22429906542055
165,169.0,55.11269837220809,0.6796808171996713,0.898936170212766,18.33290998887957,13.447336148455737,-1.138482853589716,158.97633136094674,1234.526627218935,0.6991867966891822,1.3633116467446145,0.26649199954548075,14.668929172241665,0.635698572203365,0.08115177711125408,0.4189725528809383,-0.9079988986405376,0.6919897405731024,0.8331819843051204,0.8744609409939715,1.2501913491453454,3.1992110453648914,0.8337023719445832,1234.526627218935,158.97633136094674
166,1229.0,146.36753236814712,0.5418054109947321,0.9164802386278896,45.161526565958894,37.95844164540854,0.9407594040076569,174.67209113100083,191.8820179007323,0.7208953841832536,1.189762398252238,0.15949604604331014,39.55769710788932,0.09880639438760674,0.08916390563093457,0.5891745921684477,0.8080057548948171,1.1818612956058734,1.4277349190416626,1.7537639166860115,0.6875435237299856,0.22620016273393004,0.920634946257931,191.8820179007323,174.67209113100083
167,406.0,79.1126983722081,0.8056930458632731,0.9552941176470588,29.779714688641572,17.639516110459645,-0.23745987646420513,166.4655172413793,470.7610837438424,0.8151612043392231,1.6882387533852583,0.40766671894315964,22.736210219877808,0.2424104447702587,0.08497474080723803,0.9719386345934858,-0.23523454377397576,0.6890888805887774,0.8626994820722533,0.9599154658669816,1.1944083398392373,0.6510673234811165,0.6689970457932284,470.7610837438424,166.4655172413793
168,412.0,74.76955262170047,0.36489599466922074,0.9515011547344111,23.764943388024715,22.12630983652299,-0.1222351783382095,164.1626213592233,1250.0946601941748,0.9260992145962375,1.074058149036533,0.06895171281272405,22.903595622322865,0.6437150670412847,0.08379919415988937,0.9925385778981574,-0.12193101075568694,0.6919897405731024,1.1355648518117298,1.4071517291775149,0.9274412270449995,1.1828478964401294,0.795031564817687,1250.0946601941748,164.1626213592233
169,547.0,91.84062043356595,0.7973842878514896,0.9496527777777778,34.318113281200844,20.710015985483,-1.2128829617358072,167.9981718464351,278.92504570383915,0.8149436356133068,1.6570780681799882,0.3965281303262157,26.390567083147985,0.14362772693297587,0.08575710660869582,0.35032059277014704,-0.9366298534005698,1.2733305115510627,1.3836936133555962,1.435237464506369,0.7330909655827509,0.5039609993906156,0.7277324902050908,278.92504570383915,167.9981718464351
170,474.0,91.698484809835,0.9236360318974461,0.948,39.90071323222028,15.292776951033096,-0.02231626742258199,174.3438818565401,440.126582278481,0.7083760778517824,2.6091215061843176,0.6167292333340046,24.566553364370574,0.22663572722887795,0.08899636644029611,0.9997510024381457,-0.022314415159774115,0.6929078532795747,1.3339213849562868,1.3827986376395351,0.879861412802936,0.7032348804500703,0.7572392612663562,440.126582278481,174.3438818565401
171,432.0,86.76955262170047,0.8811937183870516,0.9250535331905781,34.65448087215371,16.38309159009476,-1.2001922441475192,165.02777777777777,1470.076388888889,0.7210392300615788,2.1152589352003535,0.5272446397181716,23.452920571340155,0.7569909314566884,0.0842408258181612,0.36217856872226595,-0.9321087299013409,0.7697183388219273,1.1512555457661273,1.4135855760440688,0.8996690673589902,0.8094135802469137,0.9376688722885286,1470.076388888889,165.02777777777777
172,541.0,93.25483399593905,0.7091125361283956,0.9061976549413735,32.18387383710976,22.69269884072293,-1.2252096058850996,170.52495378927912,1164.1478743068392,0.78174375845648,1.4182479599718014,0.29490467941876486,26.245429958408437,0.5994582256986813,0.08704693914715626,0.3387487676512019,-0.940876863577159,1.1589127716693086,1.7323684032418825,2.0568699320427783,0.6062870626129219,1.188539741219963,0.8673345352329513,1164.1478743068392,170.52495378927912
173,588.0,92.91168824543142,0.7304741747824782,0.9514563106796117,33.25908253927205,22.7139684550896,0.917866226339827,172.57142857142858,562.3622448979592,0.8559462373637017,1.4642567900467243,0.31705968051676914,27.361740666563517,0.28957891086403664,0.08809159192007585,0.6075164099900253,0.794307126741811,1.6050267520203267,1.742963533446182,2.143198208541373,0.5463298160814681,0.8497732426303856,0.8875882072340735,562.3622448979592,172.57142857142858
174,452.0,80.18376618407356,0.5053148759060514,0.9495798319327731,26.006394078669953,22.44182860797166,-0.9977737640614354,170.37389380530973,407.5774336283186,0.8834366187218122,1.1588357853081592,0.13706496409749835,23.98967015655475,0.20987509455629177,0.0869698283845379,0.5421742783656601,-0.8402660601730119,0.7612177629088608,1.380671020549224,1.3827986376395351,0.8511393044509382,0.8355457227138644,0.7876862298711136,407.5774336283186,170.37389380530973
175,717.0,102.7401153701776,0.6964558900135537,0.956,35.7419777177265,25.64842909637488,0.4518332587803071,178.3863319386332,1227.2301255230125,0.8535892196290681,1.3935347690661581,0.28240039488205626,30.2144461073691,0.6319413622672567,0.09105989379205369,0.8996481852869088,0.4366155548190786,0.8744609409939715,1.1355648518117298,1.3104637225732814,0.9034812445892022,0.45560204556020456,0.7637486185724315,1227.2301255230125,178.3863319386332
176,142.0,55.798989873223334,0.9599421150056117,0.8987341772151899,25.842345780515465,7.240983592982325,0.04219167577449289,174.54225352112675,456.556338028169,0.5731199607380333,3.5688999220438564,0.7198016134262137,13.446189622059965,0.23509595161079763,0.08909762813737966,0.9991100632768994,0.04217915905788023,0.6890888805887774,0.6929078532795747,0.9287300105237555,1.2982928454351803,2.7300469483568075,0.7853776554621253,456.556338028169,174.54225352112675
177,928.0,128.3259018078045,0.7481230373453124,0.8762983947119924,44.19548905476594,29.32636029546028,-1.5328579104382423,177.4719827586207,1781.6648706896551,0.7081564096175964,1.5070226447980797,0.33643996428866785,34.37391885593249,0.9174381414467843,0.09059315097428315,0.03792931606962959,-0.9992804245968647,0.9288767849351085,1.5953302587441565,1.730744268265332,0.7050609466619115,0.7579022988505748,0.8538036912890998,1781.6648706896551,177.4719827586207
178,671.0,102.66904755831214,0.6521781725181118,0.9092140921409214,34.52055662304533,26.16885050769278,-0.982106919989777,178.72727272727272,1645.4903129657228,0.7999324557923184,1.319146846472963,0.2419342829998602,29.229158977248975,0.8473173599205576,0.09123393196900088,0.5552715202072221,-0.8316691282275425,1.3414649463975659,1.7415777122363096,2.0119787038831527,0.5888100925484537,1.6780923994038748,0.7724922839943179,1645.4903129657228,178.72727272727272
179,314.0,64.87005768508881,0.521472627165933,0.9573170731707317,21.750984695001044,18.559419454632476,1.5269329778210574,174.06369426751593,370.21974522292993,0.9376719917902006,1.17196471302188,0.14673198869484172,19.994929783493642,0.19063838579965495,0.08885334061639404,0.04384928486133857,0.9990381575381139,1.5681784653400763,1.583072533944974,1.730486889644141,0.6145352471306176,1.1825902335456475,0.7458493913609088,370.21974522292993,174.06369426751593
180,371.0,69.35533905932738,0.43793248861141904,0.9686684073107049,22.925921371914743,20.610583550325007,0.16830540907342215,175.71428571428572,521.1509433962265,0.9692235883934753,1.1123373249445538,0.10099213828876363,21.73411767467788,0.2683578493286439,0.08969590899146795,0.9858700465248157,0.16751194394776064,1.1580176942667186,1.2126568564244067,1.2197362381654115,0.835558986540209,1.0521114106019767,0.8836164310680231,521.1509433962265,175.71428571428572
181,664.0,105.94112549695427,0.8743440836075447,0.9526542324246772,42.394607593613834,20.57437970104187,0.08521294965019265,184.09487951807228,90.21536144578313,0.74344488608233,2.060553378018342,0.5146934747394356,29.076297180076903,0.046454872011216855,0.09397390480759177,0.9963715729786552,0.0851098617085021,0.9521752516188237,0.9537080203206652,1.2986930331281163,0.9361612002360202,0.4246987951807229,0.9469799915614553,90.21536144578313,184.09487951807228
182,227.0,57.35533905932737,0.7871544088864999,0.941908713692946,21.70109538938155,13.384280313571923,-0.6714662738375087,177.58590308370043,225.6123348017621,0.8671376003828726,1.6213867971202167,0.38324402186071604,17.000746355818674,0.11617524964045423,0.09065130325865259,0.7829102881088086,-0.6221346162796138,1.1859084663581876,1.4277349190416626,1.5636708198962683,0.7181647950246391,2.723935389133627,0.7130151136419939,225.6123348017621,177.58590308370043
183,244.0,63.79898987322333,0.9114821754251193,0.9644268774703557,27.674433150492185,11.383589500556798,-0.19915337587005355,181.61475409836066,55.99180327868852,0.7533071423561829,2.4310814395704066,0.5886604275269738,17.625846048215095,0.028832030524556396,0.09270788876894367,0.9802344248281556,-0.1978395116800862,0.6855486863719314,0.7999941422937769,1.029021026874534,1.1930498378039653,0.8387978142076502,0.9563104004067827,55.99180327868852,181.61475409836066
184,1068.0,128.22539674441617,0.3283413799885582,0.9612961296129613,39.15590468799293,36.98506702023349,-1.0866481343472025,191.66104868913857,1523.8558052434457,0.8162684556914399,1.058694977261278,0.05544087628819683,36.875735026940866,0.7846837308153686,0.09783616574228615,0.46545461760200246,-0.8850717479125484,1.2507645611193194,1.3545312821022424,2.147404939319056,0.631220044615624,0.4219725343320849,0.8707966710108715,1523.8558052434457,191.66104868913857
185,216.0,54.2842712474619,0.7027419536105852,0.9473684210526315,19.714403479785474,14.0257104391806,-0.2808366595508316,183.36111111111111,112.7824074074074,0.9211186833996168,1.4055903667249254,0.2885551696473029,16.583719174624104,0.05807539001411298,0.0935993420679485,0.9608238863759474,-0.27715962795728494,0.9521752516188237,1.4638628119435515,1.65710318161924,0.73653227801734,2.0385802469135803,0.8789005585364814,112.7824074074074,183.36111111111111
186,283.0,65.35533905932738,0.6876605314816239,0.9433333333333334,22.464998920384637,16.310316271366375,-0.37632334175942367,186.46289752650176,475.0742049469965,0.8325956841953707,1.3773490683208354,0.2739676360916061,18.982275710779543,0.24463141346395287,0.09518269399004683,0.9300221035528166,-0.367503587605882,0.8626994820722533,0.9287300105237555,1.0848734056594973,1.043005589508503,1.3191990577149586,0.7209854982494684,475.0742049469965,186.46289752650176
187,522.0,84.76955262170047,0.5944735673315941,0.9613259668508287,28.76679585014836,23.131816418812523,-1.4034166946036832,185.8352490421456,1439.6590038314175,0.9128524484229706,1.243602980817064,0.1958848479576767,25.780439141949365,0.7413280143313169,0.09486230170604676,0.1665991765960731,-0.9860247027116057,1.2177491215717933,1.4171572818403597,1.4403926820950783,0.7361422896956789,0.9042145593869731,0.9090430738844789,1439.6590038314175,185.8352490421456
188,508.0,96.08326112068522,0.7611566550793658,0.8523489932885906,33.87686267319212,21.971451572317648,-1.54486258788677,188.1811023622047,404.62204724409446,0.691477585106532,1.5418581954719088,0.3514319261416028,25.43237481489809,0.2083532684058159,0.09605977660143171,0.025930832011768677,-0.9996637394400066,0.7612177629088608,1.3922230220268066,1.5681784653400763,0.8061007314968405,0.7926509186351707,0.9099211607835356,404.62204724409446,188.1811023622047
189,197.0,51.4558441227157,0.6418322069219383,0.9425837320574163,18.141054830014724,13.911379132545198,1.125327081297007,182.91878172588832,1473.6903553299492,0.9349893756179684,1.3040443120103271,0.23315489298182634,15.837556323903858,0.7588518822502313,0.09337354860943763,0.43088137888490224,0.9024085756076597,0.7697183388219273,1.4403926820950783,1.657660250663286,0.7756404888891638,2.764805414551607,0.8392501662088995,1473.6903553299492,182.91878172588832
190,1023.0,121.88225099390856,0.7393127846870498,0.9724334600760456,44.08965523776399,29.68830574248308,-0.644973527322905,196.04692082111438,1725.2512218963832,0.8653754388656343,1.485084922669501,0.32663783414994274,36.09049811604256,0.8883888887211036,0.10007499786682715,0.7991156819950764,-0.6011772839932858,1.3965061910700287,2.036462936377352,2.0379974410200745,0.5483491742192038,1.0755946562398175,0.808829463302246,1725.2512218963832,196.04692082111438
191,151.0,43.79898987322333,0.46634782770127253,0.94375,14.74547952278055,13.043872385572582,0.4651464321610335,183.9271523178808,39.90066225165563,0.9891419528718288,1.1304526054003765,0.11539856229016665,13.86575534383214,0.020546170057495178,0.09388828602239958,0.893755892504253,0.4485536808609713,0.6855486863719314,0.9835753822474844,1.330767190614047,1.0000362482360663,1.794701986754967,0.8586412003742668,39.90066225165563,183.9271523178808
192,248.0,57.698484809834994,0.6637615573695724,0.9538461538461539,20.552238387810807,15.371928442300117,0.12678450047861253,189.2540322580645,17.193548387096776,0.9361225949089935,1.3369980523234568,0.25205575411109704,17.769732893161912,0.008853526460914921,0.09660746924862916,0.9919736054284906,0.1264451111478867,0.9835753822474844,1.6675709632760234,1.9108193455858689,0.6576112586393567,0.9045698924731184,0.8700109481058059,17.193548387096776,189.2540322580645
193,169.0,46.87005768508881,0.5197695379287258,0.949438202247191,15.914384524651295,13.595762436298402,-0.5467600777574756,186.33727810650888,151.96449704142012,0.9667308827332606,1.170540056081192,0.14569348156451545,14.668929172241665,0.07825154327570552,0.09511856973277635,0.8542135105636376,-0.5199223772550535,1.5025814848815109,1.65710318161924,1.7537639166860115,0.6105691245585928,3.477317554240631,0.8047100083098426,151.96449704142012,186.33727810650888
194,760.0,107.15432893255071,0.6700329038231072,0.9359605911330049,36.630153631634045,27.19171323667565,0.9386168192722707,199.0407894736842,1314.0315789473684,0.8317714600689758,1.3471072349434758,0.25766859975185297,31.10726690017501,0.6766383001788715,0.10160326159963462,0.5909044592880597,0.8067415447300863,1.4746731180704797,1.9863045885333728,2.1172651690958015,0.5378037613006809,1.2109649122807018,0.74638744533534,1314.0315789473684,199.0407894736842
195,416.0,107.01219330881976,0.9729089102417989,0.859504132231405,49.32697617596547,11.403843483133471,-1.3086240932793212,193.97115384615384,258.875,0.4564956714530501,4.325469412915139,0.7688112191906468,23.014509567006368,0.1333032955715757,0.09901539246868496,0.2591791684111679,-0.9658292595804372,0.7121303236656372,1.326095292136523,1.3836936133555962,0.8767009970420593,0.9479166666666666,0.7916565538512904,258.875,193.97115384615384
196,468.0,81.01219330881975,0.7242344157842626,0.9649484536082474,29.42586832810424,20.290720772701434,-0.3632019941209055,200.3354700854701,536.3290598290598,0.8960968205880566,1.4502130632881696,0.3104461507658536,24.410573670769317,0.2761735632487435,0.10226415012019913,0.9347640478198951,-0.35526915839031803,0.9318960087654343,1.16657984062054,1.2197362381654115,0.9041013415793429,0.9109686609686609,0.9045883415809587,536.3290598290598,200.3354700854701
197,142.0,42.38477631085023,0.5135873945212899,0.9403973509933775,14.517653950223403,12.456688428567166,0.36971499142148995,194.3450704225352,70.05633802816901,0.9932953844908956,1.1654505154780772,0.14196271165593688,13.446189622059965,0.03607432442233214,0.09920626361538296,0.9324303712384472,0.3613496959900914,0.7999941422937769,0.9537080203206652,1.3454414735527203,0.9680093445782405,2.4859154929577465,0.8286313271034471,70.05633802816901,194.3450704225352
198,285.0,70.18376618407356,0.9047788465832497,0.9405940594059405,29.624869792309813,12.616690479154967,-1.1380619544691315,195.9859649122807,290.2561403508772,0.7270786380169432,2.3480697922530007,0.5741182807686103,19.04923279949934,0.14946248215802121,0.10004388203791767,0.41935469169581885,-0.9078224730379308,1.2733305115510627,1.326095292136523,1.6865451521251476,0.6999580797278456,1.5368421052631578,0.7014622316633261,290.2561403508772,195.9859649122807
199,572.0,96.32590180780451,0.8628153617507922,0.9438943894389439,38.23185486508057,19.326936306186912,0.5425323525301199,206.36713286713288,491.3723776223776,0.7746753296711487,1.9781642708079832,0.4944808099321555,26.986904594423443,0.2530238813709462,0.1053430999832225,0.8564039590164363,0.5163063615538493,0.9812784843051752,1.0848734056594973,1.1083413775559585,0.9450327177235078,0.6532634032634033,0.8682284716117978,491.3723776223776,206.36713286713288
200,374.0,74.52691193458118,0.8378872814866297,0.9639175257731959,29.583074251522643,16.147722748077374,0.3665163122481015,203.68716577540107,514.4866310160428,0.8461653037401305,1.8320276309577428,0.4541567042429253,21.821814538001895,0.2649261745705679,0.10397507186084792,0.9335814409151189,0.35836530688509793,0.9318960087654343,0.9812784843051752,1.177306128231667,0.970722799334639,1.161319073083779,0.7799359643162703,514.4866310160428,203.68716577540107
201,399.0,86.76955262170047,0.8479804043505971,0.87117903930131,32.83359213784728,17.402709330154917,-0.5922433401436308,201.68671679197996,1206.6691729323309,0.6659598444318748,1.8866942793185757,0.469972421625631,22.539356209735228,0.6213538480599026,0.10295391362530881,0.8296904822452097,-0.5582237039679625,1.0328653568901962,1.1032983683584254,1.285611909585029,0.876737787673751,1.0467836257309941,0.898517876296489,1206.6691729323309,201.68671679197996
202,887.0,125.63961030678927,0.8583606826094645,0.9191709844559586,47.44125594772326,24.339580832829746,0.4154040364953396,210.28297632468997,1649.5062006764374,0.7061229427887526,1.9491402203497887,0.4869532783944389,33.60600357347016,0.8493852732628411,0.10734199914481367,0.9149533423583299,0.40355963785705923,1.2847685499462844,1.3414649463975659,1.690404851794688,0.6949852542763256,0.962044344231492,0.8317345357471666,1649.5062006764374,210.28297632468997
203,491.0,81.59797974644667,0.7209879344784197,0.9722772277227723,30.0429571447627,20.81819552707473,1.0866007669219533,207.6354378818737,1131.5743380855397,0.9266858752022495,1.4431105282727732,0.3070523841324353,25.003212122944625,0.5826850350594952,0.10599052469723007,0.4654965406496823,0.8850496995328447,1.4380556524651422,1.547305196672612,2.082329543983636,0.591985651702803,1.3346911065852003,0.7912197760501333,1131.5743380855397,207.6354378818737
204,351.0,72.76955262170047,0.8449220188332903,0.9616438356164384,28.924478959748992,15.471400220496704,-0.9401975800070145,209.6809116809117,252.6809116809117,0.8329473879236216,1.8695450022312448,0.46511049543791105,21.14017691983778,0.13011375472755493,0.1070346665037834,0.5896284561849628,-0.8076746149638091,0.7121303236656372,1.6865451521251476,1.7705733682651361,0.719554076096246,0.8812915479582145,0.6835706366176219,252.6809116809117,209.6809116809117
205,612.0,93.01219330881976,0.5390705480308051,0.9683544303797469,30.839552338938272,25.974940331504182,1.2854013409471035,213.44444444444446,835.9820261437909,0.8889585576856349,1.1872809694786461,0.15773938460487935,27.914558950087667,0.4304747817424258,0.10895581645964494,0.2815364821246835,0.9595505245857864,1.6173182990138928,1.6301107085473947,1.883567258436602,0.5846817741576649,0.477124183006536,0.929469914449833,835.9820261437909,213.44444444444446
206,568.0,86.76955262170047,0.4550115638336898,0.9759450171821306,28.615373030749467,25.481575581487558,-0.16007794980664886,214.29401408450704,1185.6707746478874,0.9480330617476314,1.122982875970143,0.10951447132610848,26.89237924411993,0.6105410786034435,0.10938949162047322,0.9872148615529568,-0.1593951603060032,1.0328653568901962,1.2241543982904066,1.6084693965002372,0.7760984140119763,0.8186619718309859,0.8044009878557188,1185.6707746478874,214.29401408450704
207,392.0,74.42640687119285,0.6934368546677844,0.9631449631449631,26.4797308076931,19.07910688403592,-0.0808194239224447,214.7423469387755,1775.1811224489795,0.8892867579552626,1.3878915280803585,0.27948259660959596,22.34076770248023,0.9140994451333572,0.10961834963694513,0.9967358876439469,-0.08073147021226144,1.5953302587441565,1.6098374184817557,1.6823445270796595,0.6138092089789976,1.844387755102041,0.7002694170440048,1775.1811224489795,214.7423469387755
208,442.0,78.18376618407356,0.7262366373321186,0.9650655021834061,28.695597753553688,19.726639323942415,0.6555017887716775,215.45701357466064,386.0226244343891,0.9086548718385937,1.4546622606277169,0.31255520469165166,23.722813466638858,0.1987758107283157,0.10998316160013305,0.7927421590044722,0.6095571091677368,1.062433919390868,1.3036556929656509,1.3922230220268066,0.7982305603195909,1.0369532428355956,0.7545325470536852,386.0226244343891,215.45701357466064
209,995.0,120.22539674441619,0.5801267858050732,0.9641472868217055,39.672656300432614,32.31441753962693,-0.9398472473529182,220.5065326633166,1620.8070351758795,0.8650485986478599,1.2277076092051584,0.18547381110766326,35.593164329846914,0.8346071241894333,0.11256076195166748,0.5899113747872563,-0.8074679993018976,1.2847685499462844,2.0463835714600718,2.3371326001155097,0.5292606401032262,0.6938023450586265,0.7530162220750952,1620.8070351758795,220.5065326633166
210,486.0,80.18376618407356,0.49617485397024197,0.9681274900398407,26.710318152814068,23.19050235241614,-1.2365983008536992,216.7119341563786,1539.7345679012346,0.9498898157053115,1.151778333513815,0.13177738206862577,24.875578761936154,0.7928602306391528,0.11062375403592577,0.3280116716599228,-0.9446736702453726,1.2507645611193194,1.2873261646701573,1.942674449820398,0.6695285029284471,1.6899862825788752,0.8258563018311262,1539.7345679012346,216.7119341563786
211,729.0,114.22539674441619,0.9118843553111792,0.9554390563564875,47.847099080563694,19.638708927006352,-0.47200928894127736,226.26886145404663,1738.7887517146776,0.7021211281445789,2.436366833400454,0.5895527774016308,30.46623751157884,0.8953598103577124,0.11550222636755826,0.8906565096648756,-0.45467678827006486,1.3965061910700287,1.4934471934812314,1.548684458166546,0.6758830313047304,0.840877914951989,0.8407975046385786,1738.7887517146776,226.26886145404663
212,539.0,86.35533905932736,0.5935634393031434,0.9573712255772646,29.24948536315251,23.539611540224826,0.2622985081365961,219.40630797773656,1438.1465677179963,0.908281025893319,1.2425644880830158,0.1952127961239546,26.196872229566885,0.740549210977341,0.11199913628266286,0.9657965241290476,0.2593011260682258,0.811289893136861,1.4171572818403597,1.7489311168635648,0.7542656946044624,0.7860235003092146,0.7513802422538474,1438.1465677179963,219.40630797773656
213,318.0,71.94112549695427,0.8767444421465553,0.9436201780415431,29.13642031514099,14.013351593686702,-1.3551134943393712,215.125786163522,172.95911949685535,0.7721159573466573,2.0791899868028385,0.5190434706076592,20.12188299403865,0.08906236843298422,0.10981408175779582,0.21401448970148634,-0.9768304859072593,1.5025814848815109,1.8833809951775915,2.6536315007301803,0.496722132239748,1.8658280922431867,0.857143521224429,172.95911949685535,215.125786163522
214,154.0,54.04163056034262,0.7948462553958938,0.7549019607843137,20.585065161296754,12.491241271257518,1.4136103652364027,214.0194805194805,360.87012987012986,0.6626339702543824,1.6479599356281118,0.39318913137360045,14.002817212590296,0.18582395976834698,0.10924935197523253,0.15653948394978326,0.9876717015105452,1.062433919390868,1.730486889644141,2.1427840246724656,0.6078159251971592,2.7359307359307357,0.8459348162451087,360.87012987012986,214.0194805194805
215,292.0,65.698484809835,0.794086087030163,0.9419354838709677,24.8386755846157,15.09707874044318,-0.297331239521216,221.90068493150685,1229.4897260273972,0.8501234738442206,1.645263697146654,0.3921946969751544,19.281751659604673,0.6331049052664249,0.11327242722384219,0.9561217587514781,-0.2929695930331001,0.7898709545061946,1.0017055625687885,1.0159545630180231,1.0685545108553587,1.5650684931506849,0.8261897997837012,1229.4897260273972,221.90068493150685
216,534.0,86.42640687119285,0.632348553196219,0.9638989169675091,29.816606260677272,23.098447947136727,0.5005824636516789,226.79026217228466,544.4157303370787,0.8983761326092702,1.2908489059055297,0.2253159952144046,26.075082298788182,0.28033765722815585,0.11576838293633725,0.8773031650901995,0.47993661719306036,1.16657984062054,1.480392191620108,1.594429856137682,0.7073133079466396,0.6897627965043696,0.8037659556725975,544.4157303370787,226.79026217228466
217,384.0,73.94112549695427,0.5009375061031921,0.9504950495049505,23.837123454510387,20.63063602113743,1.5380439653025557,223.34375,780.5833333333334,0.8826102659314885,1.1554235860730468,0.13451654263116364,22.111625566165472,0.401948163405424,0.11400906074527821,0.032746506136245565,0.9994636893533796,0.8414256409505382,1.4386890981961393,1.819999666791681,0.7316869001642932,1.015625,0.9128250254110641,780.5833333333334,223.34375
218,591.0,102.18376618407356,0.9096973405180857,0.9410828025477707,43.07813541711164,17.88913902510801,0.07106442063811075,235.24027072758037,1249.1438240270727,0.7112684321487706,2.4080608550612763,0.5847281027395159,27.431452220735256,0.643225450065434,0.1200818125204596,0.9974759865488971,0.07100462138695122,0.805090368797191,0.8246539245940444,1.0017055625687885,1.1400559251415108,0.6463620981387479,0.7738631975373305,1249.1438240270727,235.24027072758037
219,713.0,99.25483399593904,0.49536991311309014,0.9635135135135136,32.42171559310769,28.16416507539444,-1.2046009868132999,230.06872370266478,413.2650771388499,0.9094860858001411,1.1511690655950904,0.13131786643080468,30.130048048354833,0.21280385022597834,0.11744192123668443,0.3580656346792164,-0.93369641814766,1.3036556929656509,1.8036497145689152,1.91854271930508,0.5969141773264167,0.7246376811594203,0.8447601101127086,413.2650771388499,230.06872370266478
220,393.0,74.18376618407356,0.7380043392622097,0.960880195599022,27.363870533747363,18.465029440186754,-0.7221752987834753,227.38422391857506,1211.5801526717557,0.897397093297615,1.4819294289449347,0.3252040343702778,22.36924542940416,0.6238826738783501,0.11607157933566874,0.750369592853941,-0.6610185126909918,0.7898709545061946,1.1032983683584254,1.194442143098748,0.971624841101556,0.914334181509754,0.7953290640602712,1211.5801526717557,227.38422391857506
221,464.0,79.35533905932738,0.4165658984141452,0.9586776859504132,25.58535038167565,23.259783344505482,0.5416285279554433,229.4375,478.7823275862069,0.9259244268998923,1.0999823172351053,0.09089447681888108,24.306031118985995,0.246540848396605,0.11711970393057683,0.8568702595328502,0.5155321118302,1.1083413775559585,1.301054846672873,1.7476021866167077,0.7216745602242836,1.0222701149425286,0.750743066346575,478.7823275862069,229.4375
222,603.0,94.42640687119284,0.7904297180068539,0.963258785942492,35.665133573592335,21.846775339842964,-0.5517317382942293,234.1028192371476,1153.0762852404644,0.8498460258376667,1.6325124884013522,0.3874472586857476,27.70854462932514,0.5937570984760373,0.11950118388828361,0.8516180866966342,-0.5241627938066227,1.4380556524651422,1.6084693965002372,2.325032588562045,0.5584972185797724,0.9917081260364843,0.9189452105412267,1153.0762852404644,234.1028192371476
223,877.0,138.66904755831214,0.9516353352973764,0.8985655737704918,61.74867895826081,18.971038166170572,1.4403992107783068,230.13911060433296,43.212086659064994,0.5731263712823103,3.2548919261768154,0.6927701371717749,33.416030295843605,0.022251331956264157,0.1174778512528499,0.13002789749705432,0.9915103357365951,1.1324221086230224,1.4411449030422911,1.8868006188678612,0.6725902993878089,0.4199923983276321,0.9238061687786177,43.212086659064994,230.13911060433296
224,298.0,63.698484809834994,0.5381590498106918,0.9612903225806452,21.344493208930626,17.990063203861748,-1.2919546380326332,227.70469798657717,800.0536912751678,0.9229282174385307,1.1864601567574713,0.15715669480807204,19.47884453275087,0.41197409437444277,0.11623516997783419,0.27524226210767516,-0.9613748993758106,0.8414256409505382,1.1536241333339863,1.6301107085473947,0.8275495703452131,1.6655480984340043,0.9006764622340236,800.0536912751678,227.70469798657717
225,467.0,98.76955262170047,0.9460160347010506,0.8861480075901328,43.97006464622567,14.251569735053089,-0.19699603901037283,239.14989293361884,1268.304068522484,0.6015622448630523,3.0852787070940773,0.6758801732560922,24.384480051691096,0.6530916933689412,0.12207753595386363,0.9806589499131638,-0.19572435708212405,0.6568662462883007,0.8246539245940444,1.4842343699401264,1.0115469634139147,0.7530335474660956,0.7150170575102668,1268.304068522484,239.14989293361884
226,325.0,79.11269837220807,0.937331287549666,0.9129213483146067,34.846842418793344,12.14201495987953,-0.20837442395017086,234.6676923076923,1283.2215384615386,0.6525305207148958,2.8699390120945036,0.6515605398631129,20.342144725641095,0.6607731917927593,0.11978953155063415,0.9783684897736092,-0.2068697614880124,0.6568662462883007,1.4123719665371073,1.4372902415654933,0.8555470286412128,1.716923076923077,0.7327784206779108,1283.2215384615386,234.6676923076923
227,417.0,86.76955262170048,0.8842579318113627,0.9084967320261438,34.61710767905357,16.166148888150886,-1.5279227266808382,227.81774580335733,96.06954436450839,0.6960031456844403,2.1413329741399614,0.5330011669942938,23.04215463350949,0.049469384327759214,0.11629287687767091,0.0428604666680363,-0.9990810679804708,1.1680604571443665,1.1683664598255548,1.7877207419691703,0.7274230333381732,0.7090327737809753,0.9365349556452479,96.06954436450839,227.81774580335733
228,616.0,93.49747468305833,0.7421034731916716,0.9640062597809077,34.296055022441756,22.98814285169208,-0.7647519171822779,233.90746753246754,1316.7045454545455,0.8855045850219094,1.4919019445677988,0.3297146614486798,28.00563442518059,0.6780146989982212,0.11940146377359241,0.7215541417660555,-0.6923580146862252,0.9380122174177421,1.4123719665371073,1.4746731180704797,0.7843019759237412,0.7830086580086579,0.7946165054118772,1316.7045454545455,233.90746753246754
229,727.0,98.91168824543142,0.5147935342680733,0.9745308310991957,32.923883249036265,28.22611223594454,-0.8691952702400063,234.56808803301237,1564.493810178817,0.9337896280926041,1.1664335128345926,0.14268581192436458,30.424416987387996,0.8056095829963013,0.11973868710209921,0.6454414166240673,-0.7638097784830443,1.2873261646701573,2.014362789015196,2.241782282673975,0.5411771563498269,0.7106831728564877,0.7688047143553366,1564.493810178817,234.56808803301237
230,894.0,116.32590180780451,0.8021437231127387,0.9654427645788337,43.81865800071559,26.165479669049283,1.5670204007958042,232.1711409395973,1683.0872483221476,0.8302225528013218,1.6746743631284529,0.4028689863431695,33.73834840345975,0.8666772648414767,0.11851513064808439,0.0037759170264809547,0.9999928711998947,1.6169094346945128,1.6675750982637838,1.690404851794688,0.6030284832451521,0.6290082028337063,0.8356853497881723,1683.0872483221476,232.1711409395973
231,263.0,70.2842712474619,0.8175670255150365,0.8708609271523179,25.518365956688918,14.694328633009516,0.23273407410417676,231.17110266159696,509.58555133079847,0.6690357426896055,1.736613260395181,0.42416655290744376,18.29923496393627,0.26240244661730094,0.11800464658580753,0.9730394491841312,0.2306387442114671,1.177306128231667,1.2977103367926142,1.301054846672873,0.7944765213270432,1.7870722433460076,0.8489216867703906,509.58555133079847,231.17110266159696
232,379.0,73.35533905932736,0.7020106862876947,0.9546599496221663,26.263740184323414,18.704153575096917,-1.2291045190247374,236.81530343007915,749.240105540897,0.885086295709714,1.404166196501481,0.2878335894344075,21.967197988242077,0.3858084992486597,0.12088581083720222,0.33508157379293674,-0.9421891205614978,1.3018952222993039,1.319800214977326,1.4386890981961393,0.7388462776840657,1.6121372031662269,0.8585031505548382,749.240105540897,236.81530343007915
233,344.0,92.18376618407356,0.9388570976500057,0.8210023866348448,38.87166299488093,13.383787925537701,-1.3852485411882902,237.61046511627907,1431.9244186046512,0.508697275862032,2.904384260356489,0.6556929419947833,20.928315827817965,0.737345220702704,0.12129171266783005,0.18448494423308798,-0.982835339897439,0.811289893136861,1.4568372701599805,1.8811536040952073,0.723016871641008,1.4069767441860466,0.7798773478329629,1431.9244186046512,237.61046511627907
234,387.0,74.76955262170047,0.7834295507099717,0.9626865671641791,28.273194634196983,17.57124203109756,0.07734081834914862,245.70801033591732,1233.1782945736434,0.8699038739047182,1.6090606790435826,0.37851939766846154,22.197831060995757,0.6350042711501768,0.12542522222354124,0.9970106894265197,0.07726373773806049,0.805090368797191,0.8493616943781099,1.0159545630180231,1.1234244143097085,0.8802756244616711,0.7808813752200418,1233.1782945736434,245.70801033591732
235,512.0,96.5269119345812,0.9190811520315384,0.9326047358834244,40.901245761097165,16.11788495142954,-0.06425050504715135,253.021484375,1763.947265625,0.6905307133698388,2.537631077796564,0.6059316861502562,25.532305945691693,0.9083147608779608,0.12915849125829504,0.9979366462627188,-0.06420630845888294,0.9731560838643878,1.548684458166546,1.6823445270796595,0.7135746763485504,1.1432291666666667,0.7759970275963944,1763.947265625,253.021484375
236,363.0,69.94112549695429,0.5857930723307047,0.9654255319148937,24.012818490816908,19.461444648481617,-1.122294712993035,244.72176308539946,74.11845730027548,0.9325051856880751,1.2338661864287854,0.18953934308360543,21.498510523728477,0.03816604392393176,0.12492177799152601,0.43361582882200106,-0.901097837637517,1.1683664598255548,1.4094433102974182,1.4411449030422911,0.746462760585764,1.7392102846648303,0.7049158177078777,74.11845730027548,244.72176308539946
237,865.0,111.94112549695427,0.6581413448018066,0.9730033745781778,38.56409201618551,29.034688733398223,-0.37571842268865435,252.1664739884393,722.4554913294797,0.8674543579523138,1.3282075234312996,0.24710560484057964,33.186626918021,0.3720162159266116,0.1287220387894024,0.930244243307845,-0.36694093229376123,1.3018952222993039,1.3436780712923277,1.606593821208789,0.7055226003601713,0.771868978805395,0.8361386993762215,722.4554913294797,252.1664739884393
238,730.0,105.94112549695429,0.8238108285129733,0.9746328437917223,40.955195271564996,23.216059203179043,-0.1358344034759834,252.64246575342466,1059.7534246575342,0.8173415163254528,1.7640890261839477,0.433135184700295,30.487126261041215,0.5457020724292143,0.12896501569853225,0.9907886836470601,-0.13541707557367336,1.613828797683843,1.8046569889745911,1.8372814108646387,0.570801538054013,0.6493150684931507,0.7631072544770792,1059.7534246575342,252.64246575342466
239,382.0,73.698484809835,0.7724736313576216,0.9646464646464646,27.763614706223787,17.63119578317421,-1.371090798064183,245.16230366492147,117.66492146596859,0.8838042967567731,1.5746869950091043,0.3649531601077214,22.05396803500069,0.060589557912445205,0.1251466583281886,0.19838072073643057,-0.9801250377579864,1.1680604571443665,1.836486936044965,2.614331793375555,0.5339143093115793,0.8691099476439791,0.8498756715907106,117.66492146596859,245.16230366492147
240,405.0,78.18376618407356,0.7848058299975699,0.9310344827586207,29.129141763620172,18.052544646511592,0.48942906467694824,252.5530864197531,1463.0716049382715,0.8325910024765394,1.613575389730388,0.3802582721795913,22.708192698181442,0.7533839366314478,0.12891939071962893,0.8826014117332666,0.4701220564985702,1.1654486208736377,1.4568372701599805,1.4591635319246115,0.7350329966420615,1.2641975308641975,0.6705626524093097,1463.0716049382715,252.5530864197531
241,493.0,81.59797974644665,0.6329525000605521,0.9666666666666667,28.49588822104163,22.061249674268097,-1.242907181507139,251.77484787018255,813.052738336714,0.9304605630849474,1.29167153455857,0.22580936929778295,25.05408341078227,0.4186677334380608,0.12852212754986347,0.32204535001880025,-0.9467242431306322,1.1536241333339863,1.2344296084410165,1.352047601085949,0.8021173024432491,1.218390804597701,0.9134431380734881,813.052738336714,251.77484787018255
242,415.0,75.25483399593904,0.6348915380690657,0.962877030162413,26.268006927867145,20.29469572504104,1.1760830393255945,251.7301204819277,1359.6144578313254,0.9208505600718676,1.2943286898091213,0.22739872192165256,22.98683125324351,0.700110431427047,0.12849929580496566,0.38454353831467614,0.9231068557542129,1.136982383806639,1.4934232689061042,1.5280242690363643,0.7214261287197904,0.717269076305221,0.9273153950520866,1359.6144578313254,251.7301204819277
243,362.0,71.11269837220809,0.7314768941328611,0.9627659574468085,26.10809315496169,17.80222700870637,-0.35894227618094393,254.8011049723757,1324.3342541436464,0.8995475354517599,1.46656332054373,0.3181337716606407,21.468877828012552,0.6819434882305079,0.1300669244371494,0.9362689089247074,-0.35128411603848253,0.9380122174177421,1.1936420640155951,1.4934232689061042,0.8275685025604732,1.0589318600368323,0.9303362468104016,1324.3342541436464,254.8011049723757
244,85.0,33.798989873223334,0.7512446471730496,0.9340659340659341,12.891038608573862,8.508392908759912,1.068219471275559,248.61176470588236,851.2823529411764,0.9350209628260205,1.5150967693677788,0.3399761518749188,10.403141895720198,0.43835342581934933,0.126907485812089,0.4816853478336935,0.876344239258942,0.9976633127011928,1.6173182990138928,1.6176855820278804,0.7087729468631072,7.290196078431372,0.8744219165235704,851.2823529411764,248.61176470588236
245,304.0,62.87005768508881,0.5321013882314113,0.9712460063897763,21.400195613773306,18.119131400431094,-0.3231267538137969,253.62828947368422,1716.3026315789473,0.9664863616802624,1.1810828643399622,0.15331935616656223,19.67396303746374,0.883780963737872,0.12946824373337631,0.9482472073533156,-0.3175330435508059,1.257290587959883,1.2831851682418485,1.3816003573562594,0.7649010149572261,1.575657894736842,0.8132878160195948,1716.3026315789473,253.62828947368422
246,650.0,110.42640687119285,0.9026360219168926,0.935251798561151,45.343087931382776,19.515878482445114,-1.5511072635474203,253.3276923076923,1021.4907692307693,0.6698496558904017,2.3233946641023464,0.5695952928486412,28.76813695875796,0.5259993662362354,0.12931479954450859,0.019687791164344107,-0.9998061766557902,1.1418033126945821,1.613828797683843,2.933663793463095,0.5273060235756666,0.7702564102564103,0.8122712079554294,1021.4907692307693,253.3276923076923
247,635.0,104.08326112068524,0.8942252320310774,0.9739263803680982,42.81982686260195,19.166894671585176,-0.3865921788765688,267.503937007874,1745.9811023622046,0.7365831966893418,2.2340513471951264,0.5523827143653122,28.43425945768288,0.8990633894759035,0.1365512695292874,0.9261993008690693,-0.37703428898396923,0.9731560838643878,1.202548091387036,1.2070101491036385,0.8868617661268132,0.6524934383202099,0.7439688401031667,1745.9811023622046,267.503937007874
248,600.0,94.42640687119284,0.8058837758687819,0.9630818619582665,36.069485665712094,21.35579607584816,-1.4105867447516651,256.9916666666667,43.03,0.8456179361568823,1.6889787455174305,0.4079262378795401,27.63953195770684,0.022157569515962927,0.1311851284669049,0.15952510822491814,-0.9871938714588073,1.1324221086230224,1.4094433102974182,2.5527535087876503,0.5888566039127887,0.9205555555555556,0.7338782342182752,43.03,256.9916666666667
249,1145.0,130.8111831820431,0.6867183457711603,0.9517871986699917,45.041472828506954,32.741709371602866,1.129375142873047,266.3834061135371,1108.1772925764192,0.8408636971940019,1.3756603944316899,0.27307640457794957,38.18192345497751,0.5706371228508853,0.13597927826112155,0.42722485300172197,0.9041454114121561,1.4245278120576945,1.5957381320033182,2.122701779960116,0.5833207908321056,0.5438136826783114,0.8072045542885342,1108.1772925764192,266.3834061135371
250,687.0,118.22539674441617,0.9293559753723035,0.920911528150134,49.70545089494178,18.3505006156241,0.4611095259450678,272.71615720524017,1668.8850072780203,0.6176536907529135,2.7086700213846617,0.630815126203965,29.575590733458846,0.8593640614201958,0.1392119230246249,0.895559374141965,0.44494202699503665,0.9482490413628628,0.9505938438808136,1.516066166093868,0.8785007023320186,0.512372634643377,0.8226438132647583,1668.8850072780203,272.71615720524017
251,584.0,94.29036790187179,0.739513325874637,0.9495934959349593,33.472549082011604,22.531775866667697,-0.6748523111217954,266.98801369863014,757.5513698630137,0.8254448277807122,1.4855708347218695,0.32685808267956384,27.26851470332286,0.39008824400773107,0.13628790898347634,0.7807992330014201,-0.6247820081791682,1.3023860828786473,1.319800214977326,1.4092485950379887,0.7441519160554898,1.3401826484018264,0.8667640435065757,757.5513698630137,266.98801369863014
252,530.0,88.76955262170047,0.7924568087316494,0.9584086799276673,33.55299343039538,20.464911307796882,1.2507718969768307,264.3283018867925,581.377358490566,0.8451964637866953,1.6395376909164565,0.39007196629860497,25.977239243415305,0.2993704214678507,0.1349302204628854,0.3145897501708118,0.9492277329953367,1.0649320804286821,1.3488650403558804,2.221595875769209,0.6471943160440505,1.1213836477987422,0.8714360094672801,581.377358490566,264.3283018867925
253,754.0,108.5685424949238,0.6323319909987506,0.9285714285714286,36.188153338817756,28.034872777284814,-1.2290287880101842,268.6392572944297,863.8753315649867,0.8038466288001286,1.2908263799270427,0.22530247634347245,30.984231743425763,0.44483796682028154,0.13713081025749346,0.33515292576999195,-0.9421637417921654,0.9976633127011928,1.044208371851919,1.627861081349508,0.8174982189097112,0.4036251105216622,0.8221005078344704,863.8753315649867,268.6392572944297
254,929.0,112.8111831820431,0.5429116561733036,0.974816369359916,37.65269894857233,31.620353089056827,-1.270859925579324,271.8449946178687,788.0505920344457,0.9173208601717743,1.1907741460864072,0.1602101848729287,34.39243429969688,0.40579330176850964,0.13876722543025455,0.2954594478242921,-0.9553552819194356,1.3023860828786473,1.317731897270676,1.352047601085949,0.7552555246367786,0.5554359526372443,0.837045656548654,788.0505920344457,271.8449946178687
255,139.0,47.2842712474619,0.8412578221409218,0.9144736842105263,18.222149744174263,9.851516312402469,-0.8169940112497832,263.40287769784175,1242.7985611510792,0.781252219667134,1.8496797007008625,0.45936585689885134,13.303394180365686,0.639958064444428,0.13445782424596311,0.6844159378543394,-0.7290917802382393,0.6903037005251657,0.8493616943781099,1.217413502512549,1.0881081433004554,2.964028776978417,0.7755970406275301,1242.7985611510792,263.40287769784175
256,600.0,89.84062043356595,0.5336426181993884,0.9646302250803859,30.0639482553496,25.42538437969458,0.2804469553796577,271.405,432.26666666666665,0.9341478733929999,1.1824382989214317,0.1542899101693881,27.63953195770684,0.2225883968417439,0.13854262378764676,0.9609318236764651,0.27678516984445356,1.1770315643342453,1.8798455189124061,1.91854271930508,0.6029641957973872,0.9161111111111111,0.7944975817478257,432.26666666666665,271.405
257,588.0,95.59797974644665,0.7800049554178987,0.9468599033816425,35.20274745271785,22.028940751339334,1.525819211529572,269.36224489795916,489.88945578231295,0.8085181266789709,1.5980227034101748,0.37422666282149586,27.361740666563517,0.2522602758920252,0.13749986977945847,0.04496195245809149,0.9989887000517855,1.0926609996201466,1.7345218949731807,1.7476021866167077,0.655768510814173,0.6808390022675737,0.8671470788634806,489.88945578231295,269.36224489795916
258,605.0,95.1543289325507,0.42221059632786734,0.94679186228482,29.68009348948024,26.90493864891864,-1.3071304160380062,272.9851239669421,1536.107438016529,0.8396690338014493,1.1031466704598167,0.093502227058187,27.754457742221764,0.7909925015533105,0.13934922101426347,0.2606215159351612,-0.9654410522821466,0.8951153968097779,1.3151759659296018,2.014362789015196,0.7101173000762785,0.9432506887052341,0.7222078936779376,1536.107438016529,272.9851239669421
259,496.0,86.42640687119284,0.7178256433834534,0.9483747609942639,30.381979415878263,21.152630235955527,0.8968943241493381,269.6532258064516,1691.1612903225807,0.8344467448955021,1.4363215863450665,0.3037770861993041,25.13019725725687,0.870834855984851,0.13764840521003144,0.6240397260455057,0.7813926159857477,0.9482490413628628,1.257290587959883,1.2813409766734898,0.8603678585498544,0.8051075268817204,0.8481993806581847,1691.1612903225807,269.6532258064516
260,508.0,103.25483399593905,0.8528929899240997,0.8115015974440895,39.276001692088634,20.5054414543537,-0.7010850055843014,280.7992125984252,1443.0866141732283,0.5987600151290304,1.9153941054875256,0.4779142333501806,25.43237481489809,0.7430930042086654,0.14333803603799142,0.7641427574332119,-0.6450471659207312,1.3664721631270462,1.4591635319246115,1.8811536040952073,0.6373771608055131,0.9402887139107612,0.7485063148584793,1443.0866141732283,280.7992125984252
261,684.0,97.49747468305831,0.40961137364732136,0.9647390691114246,31.160715466555093,28.426677963110635,0.577777771793892,277.33479532163744,1475.3040935672514,0.9042306662368668,1.0961785793961722,0.08773988217243955,29.51094455619561,0.7596828494167103,0.14156957392630803,0.8376784178126611,0.5461637742755161,1.1654486208736377,1.3664721631270462,1.546578950842116,0.735564593610457,0.7012670565302145,0.7157765923291767,1475.3040935672514,277.33479532163744
262,752.0,106.08326112068524,0.7786822262922212,0.9543147208121827,39.34902543872506,24.688307028809803,-1.1477454557008606,278.281914893617,552.5957446808511,0.8397190014553506,1.5938324727089248,0.3725814869988372,30.943111311580196,0.28454981703442384,0.14205304486657325,0.410544267714523,-0.911840668234723,1.180734647256801,1.3488650403558804,2.1986780972732483,0.6344804887711087,0.6919326241134752,0.873261830244395,552.5957446808511,278.281914893617
263,405.0,77.94112549695429,0.8066483592947481,0.9688995215311005,29.84416565032598,17.638846799073423,-0.5352635673205408,278.3925925925926,1293.9308641975308,0.8377829960328954,1.6919567356236525,0.4089683388793026,22.708192698181442,0.6662877776506337,0.1421095419053561,0.8601342219591922,-0.5100677604148836,1.2905227245892472,1.622852947655234,1.8984190706693382,0.6234679906947416,0.594238683127572,0.802065107347045,1293.9308641975308,278.3925925925926
264,1040.0,127.9827560572969,0.39621089624017286,0.9386281588447654,38.75731064495884,35.58539419276094,0.6450295982150633,283.45576923076925,728.473076923077,0.7978849746382386,1.0891353467947016,0.08184046827331859,36.38913473173784,0.37511486968232594,0.1446941139513881,0.7990819721922474,0.6012220901774554,1.3436780712923277,1.4092485950379887,2.0455022131059537,0.6252046399721666,0.603525641025641,0.7219135447570074,728.473076923077,283.45576923076925
265,575.0,89.59797974644665,0.6911852123449359,0.9729272419627749,31.973794497679155,23.106747032541247,-0.6443581927754783,279.7739130434783,821.591304347826,0.9000803366101592,1.3837427852847672,0.2773223386352074,27.05758189903005,0.4230645233510948,0.14281465699003484,0.7994854558364813,-0.6006854467239352,1.2344296084410165,1.4534262493745962,1.6283817921049808,0.6950497732800212,1.021449275362319,0.8994851732853264,821.591304347826,279.7739130434783
266,517.0,85.84062043356596,0.6472801082245736,0.955637707948244,29.791131919790732,22.70835672751578,0.6438217614518235,281.11992263056095,1389.7040618955511,0.881687555943783,1.3119017054938515,0.2377477704219002,25.65667251667837,0.715604563282982,0.14350174713147573,0.7998075672809228,0.6002564912769974,1.1193035254849257,1.7737581593731062,1.913014620450556,0.6242098147060894,0.6099290780141844,0.9344164032587892,1389.7040618955511,281.11992263056095
267,513.0,92.5269119345812,0.886533786523073,0.957089552238806,37.75706092611267,17.468827468843383,-1.473454920275684,274.5730994152047,1632.982456140351,0.7529932676442143,2.1613964070258564,0.5373361421581945,25.557227675339483,0.8408766509476575,0.14015982614354502,0.09718775535885084,-0.995266065034023,1.5144233023965419,1.516066166093868,1.6748854658790473,0.6375687467723578,0.9915529564652372,0.6988843901875404,1632.982456140351,274.5730994152047
268,258.0,65.94112549695429,0.8926175104011642,0.945054945054945,27.24693059690623,12.283319453614867,-0.5634771781861773,279.6821705426357,1241.0852713178294,0.7456188158291013,2.218205811531484,0.5491852041855465,18.12445316531431,0.6390758348701491,0.14276782569812949,0.845402963697815,-0.5341290377530048,0.6903037005251657,1.4710108330273484,1.9047159842911279,0.7378203352962055,1.4431524547803616,0.7874748419068743,1241.0852713178294,279.6821705426357
269,434.0,107.39696961967,0.9641606205758168,0.889344262295082,47.4131110348286,12.579610462195081,-1.013562569896888,284.94239631336404,679.9907834101382,0.4728414485379964,3.7690444531106126,0.7346807626069004,23.507147049675353,0.35014973399080235,0.14545298433556103,0.5288404549595745,-0.8487212576565701,1.0230140491186441,2.0455022131059537,2.224106550357299,0.5668267145106667,2.046850998463902,0.8272703824331872,679.9907834101382,284.94239631336404
270,119.0,38.970562748477136,0.4686492126276296,0.9224806201550387,13.108373250859755,11.57973182589982,-1.4075920503080857,274.29411764705884,1344.857142857143,0.984653595337428,1.1320100886568802,0.11661564678589487,12.309163489997376,0.692511402089157,0.14001741584842206,0.16248073248207945,-0.9867117165474862,0.9851835754194911,1.0858625840598908,1.136982383806639,0.9351537742014805,3.0,0.8298702194497927,1344.857142857143,274.29411764705884
271,735.0,102.32590180780451,0.5953708448325832,0.9545454545454546,34.32876673156862,27.581482978753208,-1.137793360153218,285.2761904761905,1173.5945578231292,0.8821166946737995,1.2446309271337235,0.19654897030165175,30.591356056578213,0.6043226353363178,0.1456233744135735,0.41959851252227054,-0.9077098040062683,1.6168777202223679,2.325032588562045,2.740274562129179,0.44895495379939077,0.7845804988662131,0.752265789503216,1173.5945578231292,285.2761904761905
272,372.0,78.76955262170048,0.8498693279222076,0.9276807980049875,30.678017384578673,16.167115068074235,-1.2409266783833344,279.88709677419354,1026.752688172043,0.7534180943780671,1.8975566918033275,0.4730065223771216,21.76338922689847,0.5287089022513095,0.14287243326911359,0.3239197075200148,-0.9460845750143843,1.1418033126945821,1.8046569889745911,2.211035432277939,0.5816776503087969,1.4686379928315414,0.8001423821984974,1026.752688172043,279.88709677419354
273,526.0,96.08326112068524,0.7854926486025786,0.8840336134453781,34.700278817679454,21.474995813434624,0.09488292728316183,289.7528517110266,1509.8117870722433,0.7159787593819601,1.615845661584305,0.381129012643745,25.879026267050612,0.7774520015819997,0.14790855115417387,0.995501991119554,0.09474062316136383,1.3151759659296018,1.3729478037975689,1.546578950842116,0.7084322555696894,1.0,0.7735356466895457,1509.8117870722433,289.7528517110266
274,459.0,105.63961030678927,0.9632813540775256,0.8595505617977528,49.033652756467994,13.165242006112097,-0.9951700499990788,286.3747276688453,1552.5773420479302,0.5168552935592489,3.724477889104023,0.7315059909670817,24.17471718621419,0.7994733996127343,0.14618413867730745,0.54436025066337,-0.8388515467576566,0.8951153968097779,1.7280292612167973,1.8090791029913045,0.6768611337688956,1.0196078431372548,0.7742829046452223,1552.5773420479302,286.3747276688453
275,306.0,66.52691193458118,0.7775409379426661,0.9473684210526315,25.093148820279637,15.779383051544361,0.3953873037772906,283.4738562091503,1722.2287581699347,0.8688335064739404,1.5902490444848996,0.37116767749801616,19.738573927438622,0.8868325222296265,0.14470334671217475,0.9228474574750984,0.3851656399936869,1.2070101491036385,1.2831851682418485,1.3569131050706522,0.7798064599686741,1.2483660130718954,0.8878425493036608,1722.2287581699347,283.4738562091503
276,451.0,86.5685424949238,0.9000401257949411,0.9616204690831557,36.49573153315688,15.905096558143418,-0.6285403218616007,289.6541019955654,876.9711751662971,0.7562514052856492,2.2945935222550435,0.5641929647664846,23.96311821686732,0.45158144962219215,0.14785814292780264,0.808886608914391,-0.5879646706384467,0.8096402415582042,1.044208371851919,1.7499250552651724,0.8324607136337628,1.0872135994087213,0.8098499602637093,876.9711751662971,289.6541019955654
277,425.0,89.11269837220809,0.9099594221326492,0.9320175438596491,36.99893427309033,15.343358121157449,-0.18150083307655526,292.85411764705884,1759.04,0.6725423004657207,2.411397425578649,0.5853027006694942,23.26213245840639,0.9057878475798146,0.14949163739002494,0.9835738913298009,-0.18050595639577388,1.202548091387036,1.6019702271467822,1.6924768584293746,0.667112123083461,1.139607843137255,0.7653158055110403,1759.04,292.85411764705884
278,356.0,75.74011537017762,0.8833100906638016,0.9595687331536388,31.299325533295974,14.67278476561238,-0.68704994113103,289.13483146067415,453.8230337078652,0.7798443631719055,2.1331550917757682,0.5312108323227736,21.290215544369623,0.2336884828567792,0.14759307374204908,0.7731204784174901,-0.6342591945344672,0.8897639783090237,1.1770315643342453,1.6147313202596458,0.8148792910435195,1.3314606741573034,0.8561972239389753,453.8230337078652,289.13483146067415
279,377.0,78.18376618407356,0.8737689120413934,0.9448621553884712,31.58533316535063,15.36125291037953,-0.5015942618170731,289.7851458885942,896.1697612732096,0.7750291553917417,2.056169073553145,0.5136586709418993,21.909160375631842,0.46146743628898534,0.14792503618611239,0.8768171171211012,-0.48082402511047734,0.8096402415582042,1.627861081349508,2.247672342918867,0.6403177798684068,1.5251989389920424,0.7905024319413569,896.1697612732096,289.7851458885942
280,497.0,84.42640687119285,0.5267614254834796,0.9502868068833652,27.54692558060238,23.41524972204214,0.284926205250208,289.39235412474846,578.2957746478874,0.8762128943372197,1.1764523508229277,0.1499868232653021,25.15551736167189,0.2977836120740924,0.14772452992585425,0.9596823979881548,0.2810866325382708,1.0649320804286821,1.180734647256801,1.461047397355757,0.8093421555584956,1.2521797451374916,0.8393110438765962,578.2957746478874,289.39235412474846
281,412.0,75.94112549695427,0.6738636004043415,0.9626168224299065,26.87842151446234,19.859276809679443,1.5461878902341966,287.6990291262136,1363.990291262136,0.897745054367072,1.3534441244789817,0.2611442305496303,22.903595622322865,0.7023636927199465,0.14686014758867463,0.02460595292629252,0.9996972277047631,0.9020985358073029,0.9851835754194911,1.1193035254849257,0.9978095961640653,0.7119741100323624,0.8457853983972164,1363.990291262136,287.6990291262136
282,400.0,76.18376618407356,0.7545171303854763,0.9478672985781991,28.144158684244335,18.470458358039576,0.713149737258756,291.3525,1079.745,0.8660540131627685,1.5237390506876143,0.343719648355319,22.56758334191025,0.555996395468589,0.14872511485451761,0.7563050124780341,0.654219174360245,1.2418439436265214,1.3413128945531176,1.588329234409036,0.7191681688004072,1.5525,0.6776212032081506,1079.745,291.3525
283,531.0,116.5685424949238,0.9676443308164318,0.9155172413793103,52.627097510335034,13.27877190655769,-0.3866310575650984,305.80414312617705,382.33709981167607,0.4910680200995383,3.963250357839588,0.7476818495652364,26.001734523957655,0.19687801226141918,0.1561021659653788,0.9261846415703873,-0.3770702981131414,1.0828751465099056,1.3601570037549666,2.5569132380769,0.6000065534705665,0.9303201506591338,0.7659967273850145,382.33709981167607,305.80414312617705
284,738.0,112.08326112068524,0.7324364841314964,0.9190535491905355,38.434809848532474,26.167777861887302,-0.4526624999980858,300.0948509485095,1110.3265582655827,0.7382181333773812,1.4687838627869043,0.31916463317987653,30.653723819701746,0.5717438508061703,0.1531877748588614,0.8992858163965541,-0.4373614299729495,1.3413128945531176,1.4245278120576945,1.4947670450297903,0.7041248983422167,0.8735320686540198,0.7918836398837902,1110.3265582655827,300.0948509485095
285,381.0,73.1126983722081,0.7705909067606503,0.9744245524296675,27.764060499110325,17.694871411868995,-1.407123143164383,294.6771653543307,495.41207349081367,0.8956724465186438,1.5690456207829422,0.36266990152841616,22.025082668269306,0.2551040543207074,0.15042223856780537,0.16294339077515207,-0.986635419698024,1.0926609996201466,1.6128649585130421,1.7693517154213194,0.6704093874407575,1.037620297462817,0.8428813306677908,495.41207349081367,294.6771653543307
286,471.0,88.52691193458118,0.8858453483537867,0.9553752535496958,36.09536074151402,16.747547975167777,-0.2793471930316421,303.07643312101914,787.0509554140127,0.7552315787803028,2.155262417819849,0.5360193766977351,24.488687706168772,0.4052785558259592,0.15470976677948908,0.961235640410871,-0.27572820603613046,1.2782430074655051,1.317731897270676,1.6026530295998038,0.7145191350408265,1.3085633404104742,0.8869124128495987,787.0509554140127,303.07643312101914
287,244.0,67.59797974644665,0.9298147113369741,0.9172932330827067,29.51181996267597,10.86117582853094,0.7786466983946373,299.9918032786885,1346.483606557377,0.6710150439104385,2.717184624260675,0.6319720084268869,17.625846048215095,0.6933489220171869,0.15313517267926927,0.7118646358963929,0.7023166950600676,0.9020985358073029,1.0320354671622132,1.0858625840598908,0.9933786060834338,0.9890710382513661,0.9042808405056034,1346.483606557377,299.9918032786885
288,47.0,25.899494936611667,0.8847514986927795,0.9215686274509803,11.441681764129527,5.3325453331641715,0.12842082083066622,294.4468085106383,1662.8936170212767,0.8804914272545585,2.145632348021761,0.5339369296319643,7.735777827895049,0.8562788965094112,0.1503046495715356,0.9917653727856968,0.1280681277416353,0.9505938438808136,1.2337202729791312,1.353512312117564,0.8479782884280873,11.957446808510639,0.725539944283147,1662.8936170212767,294.4468085106383
289,580.0,102.46803743153548,0.913070960614346,0.943089430894309,42.971114268315674,17.523651003277266,-0.6856944077416841,310.2310344827586,454.1672413793103,0.6941622962714306,2.4521781596928194,0.5921992877853262,27.17496892263898,0.23386572676586526,0.15836193694883033,0.7739795273768526,-0.6332106215166513,0.8887679040435403,0.8897639783090237,1.8588986815481705,0.8247580118155817,0.5626436781609195,0.8719327706143484,454.1672413793103,310.2310344827586
290,207.0,52.04163056034261,0.4531152550877701,0.9452054794520548,17.20859427546159,15.340634792814566,0.3468501585673984,299.8502415458937,1694.5314009661836,0.9604580895413782,1.1217654619821835,0.10854805760111508,16.23454913941803,0.8725702373667269,0.15306291043690337,0.9404481247926333,0.3399372362275419,1.1102735486199646,1.2813409766734898,1.353512312117564,0.8010409607579219,1.5587761674718197,0.8005747634365356,1694.5314009661836,299.8502415458937
291,836.0,120.66904755831213,0.8253144596335245,0.9136612021857924,45.18157100764681,25.512831080279337,-1.1376506036130576,307.86602870813397,672.0538277511962,0.7214801248273456,1.7709352155187053,0.4353266052665281,32.625576767294035,0.3460627331365583,0.15715468540486674,0.4197280897573308,-0.9076498943252636,1.0230140491186441,1.534062488295368,2.082110300948096,0.646665052416636,0.8265550239234449,0.7683906742400751,672.0538277511962,307.86602870813397
292,792.0,128.95331880577405,0.7110705024656846,0.8461538461538461,40.930540097667574,28.779110638050035,0.8055667183592661,313.5290404040404,1640.7184343434344,0.5985080525551493,1.4222308886624049,0.29687928452989043,31.755404570407364,0.8448601618658261,0.1600454519673509,0.6927026157812415,0.721223326085496,1.2337202729791312,1.4092969593562557,1.6748854658790473,0.6947817516222816,0.42634680134680136,0.8055599786195122,1640.7184343434344,313.5290404040404
293,389.0,85.49747468305833,0.8381294857554143,0.841991341991342,32.209577389461295,17.56940081823606,-0.6472634300004362,310.0616966580977,1144.3419023136246,0.6687332092946,1.8332769411253655,0.4545286761823637,22.255115881567058,0.5892594759596419,0.15827549599698706,0.7977369505836263,-0.6030056033516911,1.4947670450297903,1.6168777202223679,2.3913800363644455,0.5451547300166085,2.2433590402742074,0.8203995084150608,1144.3419023136246,310.0616966580977
294,585.0,93.94112549695427,0.6723748519178366,0.9450726978998385,32.090444460141754,23.75369421805079,0.7282629737846625,312.20512820512823,604.3709401709401,0.8330176663877427,1.3509664713859852,0.25978917968698456,27.29185104880338,0.3112105768130485,0.15936964175861573,0.7463316476083641,0.6655742421234349,1.105640642304377,1.461047397355757,2.2397843535538158,0.6241583753264806,0.9384615384615385,0.8708879909728982,604.3709401709401,312.20512820512823
295,35.0,22.69238815542512,0.8121115138680558,0.8536585365853658,8.945138637350343,5.2195086233079575,-0.21278117814542247,305.0571428571429,1278.9142857142858,0.8541172658744792,1.7137894163840275,0.41649773861369266,6.6755811781245455,0.6585552449610123,0.1557208488295778,0.9774473688453155,-0.21117916833193986,1.2905227245892472,1.5000647771449462,1.92093988078059,0.6367361911412147,10.085714285714285,0.8431452213747382,1278.9142857142858,305.0571428571429
296,736.0,99.49747468305833,0.5215182556957737,0.9671484888304862,33.14926762502009,28.284285214462063,0.24104312869247463,319.3383152173913,812.6304347826087,0.9342509798132383,1.172003017706472,0.14675987613331398,30.612159429303247,0.41845027537724444,0.16301088066227223,0.9710894920022327,0.23871572743086225,1.211701237589505,1.2782430074655051,1.283342685909501,0.7950627807764287,0.5625,0.8144074891952018,812.6304347826087,319.3383152173913
297,340.0,70.87005768508881,0.7764609065815071,0.9550561797752809,26.350489247902324,16.605167207465254,1.3126659186143008,312.3911764705882,842.2588235294118,0.8506740965992575,1.5868849086961212,0.3698345768366659,20.806283791440396,0.4337069122190586,0.15946461279764584,0.25527334885107505,0.966868924604756,0.9076667219911463,1.1638170074630623,1.283342685909501,0.8942340462866419,1.653921568627451,0.8609923445858589,842.2588235294118,312.3911764705882
298,406.0,85.91168824543142,0.8825436763701512,0.888402625820569,34.196198972036235,16.080093419747385,-0.5093936578281457,318.95073891625617,1069.472906403941,0.6912440256561089,2.1266169343295673,0.5297695678722423,22.736210219877808,0.5507069548938933,0.16281303671069738,0.8730403496471224,-0.48764797537571125,0.7203563193427802,1.2418439436265214,1.249981405331236,0.9339446861320282,1.3932676518883413,0.7476073379867453,1069.472906403941,318.95073891625617
299,425.0,88.18376618407358,0.9044587193938048,0.91792656587473,36.75985062263383,15.680324595922164,-0.17479152938096712,321.8094117647059,1680.0070588235294,0.6867861181595462,2.344329697880975,0.5734388380167288,23.26213245840639,0.8650911734415703,0.16427228778188152,0.9847628139377862,-0.17390284726056957,1.1102735486199646,1.3610041363851082,1.6932335681762032,0.7203726482209157,0.8203921568627451,0.8131525231170288,1680.0070588235294,321.8094117647059
300,218.0,62.62741699796952,0.9247755568915809,0.9396551724137931,27.11546046339068,10.317786141060372,-0.15467219294714793,318.5183486238532,404.6467889908257,0.6984532741251072,2.6280308675407364,0.6194869655637714,16.66031874701878,0.20836600874913785,0.16259231680645903,0.988062084574095,-0.15405621385421006,0.8953376699780397,1.0828751465099056,2.1173626645646815,0.7324977927714699,2.7140672782874615,0.616873117002635,404.6467889908257,318.5183486238532
301,345.0,86.5269119345812,0.9550606679615722,0.9224598930481284,38.90815990696329,11.532782931806999,-0.25152829884997885,325.65507246376814,1722.368115942029,0.5790639790094068,3.3737008783592026,0.7035896079541144,20.958712816717327,0.886904282153465,0.16623536113515475,0.9685331831285469,-0.24888445748757543,1.6007015036522505,1.778828959949592,1.7937495523017972,0.5799028838140278,0.906280193236715,0.8386925713916216,1722.368115942029,325.65507246376814
302,620.0,108.91168824543142,0.9205320267882643,0.9064327485380117,46.000128463907885,17.970737059483668,-0.34939654364261347,328.31129032258065,1321.7483870967742,0.6568293841412659,2.5597240843069544,0.6093328940682488,28.096414677602564,0.6806119398026643,0.16759126611668232,0.939579465655884,-0.3423308746195753,0.9239793691178889,1.558133553793121,1.585661434553735,0.7375040344838009,0.4790322580645161,0.7962681820106087,1321.7483870967742,328.31129032258065
303,719.0,122.36753236814712,0.8992657245417559,0.9078282828282829,47.57775876039538,20.810642028805525,-0.6324642127913027,328.83866481223924,1083.4019471488177,0.6034014505909617,2.286222534342744,0.5625972603373512,30.256556854086718,0.5578794784494427,0.1678604720838383,0.8065732784234544,-0.591134118904704,0.7203563193427802,1.4663292002435049,1.588329234409036,0.7946988807990547,0.6416318961520631,0.7768881963417943,1083.4019471488177,328.83866481223924
304,289.0,79.35533905932738,0.9185547861300194,0.7810810810810811,33.51160824860288,13.246927431793127,-0.48707993423893403,321.9515570934256,1504.9965397923875,0.5767072400303208,2.529764613050854,0.6047063055427846,19.182445840623714,0.7749724715717752,0.16434484792926268,0.8837033534712418,-0.4680474154011337,1.3729478037975689,1.6106511324210062,2.260098566448757,0.5721153820322354,1.7104959630911187,0.7958034487903616,1504.9965397923875,321.9515570934256
305,520.0,89.74011537017762,0.8524602417689411,0.9576427255985267,35.828388239707884,18.73079683278091,-0.61897737632633,327.0269230769231,858.0403846153846,0.8114092617382932,1.9128064096560136,0.4772079417175137,25.731003930322746,0.44183335974015686,0.16693564220363608,0.8144722113089766,-0.5802025654936952,0.9076667219911463,1.131467636464975,1.7667047480612688,0.7882624346527384,0.7833333333333333,0.8147474313636506,858.0403846153846,327.0269230769231
306,242.0,56.87005768508881,0.7515620145939538,0.968,21.610471747875042,14.25561657963735,0.5172395737728234,323.6363636363636,470.4297520661157,0.940281502152496,1.5159268367769747,0.34033755736780225,17.55346033766304,0.24223983113600192,0.16520488189707178,0.869187472531433,0.49448269696160185,0.8887679040435403,1.6128649585130421,1.6147313202596458,0.7287984898234968,1.8140495867768596,0.7898930353206599,470.4297520661157,323.6363636363636
307,273.0,66.8700576850888,0.8680534299621555,0.9413793103448276,26.75722709430208,13.284181603862075,-0.1082134896499996,326.20512820512823,1542.952380952381,0.7672009207522578,2.0142172014964794,0.5035292126107146,18.643883600599406,0.794517188955912,0.16651614507663515,0.9941506317587481,-0.10800241374007413,1.3130528145527331,1.4744305800079645,1.6106511324210062,0.682107375660199,1.5213675213675213,0.7033490198087146,1542.952380952381,326.20512820512823
308,217.0,54.94112549695428,0.6712908029638109,0.9559471365638766,19.42525012766487,14.397880313660746,-1.0222809302094549,321.41013824884794,1577.5852534562212,0.9033883674432114,1.3491743023613096,0.2588059242976899,16.622063085174787,0.8123507999259635,0.16406847281717607,0.5214209925655626,-0.8532995655172593,0.9772115658619142,1.3944149646886572,1.4744305800079645,0.7800196184721582,2.262672811059908,0.8227946708195528,1577.5852534562212,321.41013824884794
309,664.0,111.98275605729691,0.9022663234318874,0.9431818181818182,45.02723847244913,19.414807570862635,0.4592620574980299,336.2530120481928,392.97439759036143,0.6653890346369362,2.319221465785998,0.5688208242497039,29.076297180076903,0.20235550854292556,0.17164523330688758,0.8963798616958146,0.4432867509256195,0.8953376699780397,1.3601570037549666,2.1399390055581002,0.6825265079380832,0.8885542168674698,0.6855513326345876,392.97439759036143,336.2530120481928
310,193.0,54.04163056034261,0.8242722483333597,0.9368932038834952,21.00682683282393,11.893932169523502,-0.5370065408504121,324.2538860103627,1343.279792746114,0.8304438718123106,1.76618014407808,0.4338063399971098,15.67594437773643,0.6916991723718404,0.16552010516098148,0.8592438812795481,-0.5115661760551198,0.9239793691178889,1.0137683857215671,1.0320354671622132,1.0101747419725686,3.2987910189982728,0.7009769744878471,1343.279792746114,324.2538860103627
311,944.0,127.05382386916237,0.6391796855944478,0.9059500959692899,41.221958095653086,31.70205312273308,-0.14267448169650776,335.78072033898303,1595.7637711864406,0.7348629937358265,1.300293010552475,0.23094257072479762,34.668979365276876,0.8217115196634607,0.17140414514496327,0.989839249719267,-0.14219092697918043,0.9772115658619142,1.2408729795315334,1.5849587636828908,0.7888419237404433,0.3269774011299435,0.8843012354578498,1595.7637711864406,335.78072033898303
312,789.0,101.49747468305833,0.283182879413956,0.9789081885856079,32.37342113990827,31.04824523122543,-1.1661721051000264,335.1622306717364,696.1001267427123,0.9624460478339771,1.0426811853234816,0.040934070667286715,31.695204697178458,0.3584449674267314,0.17108842811216762,0.393673353818298,-0.9192503959713333,1.534062488295368,1.7172218481801134,2.224106550357299,0.547906087803594,0.8956485002112378,0.6880686999045312,696.1001267427123,335.1622306717364
313,620.0,93.49747468305831,0.6440046835191507,0.9538461538461539,32.26066775653103,24.68010595922762,-1.2876848110142163,333.91129032258067,589.666129032258,0.8912546147947793,1.30715272494481,0.23497845284894192,28.096414677602564,0.3036385834357662,0.17044986744389007,0.2793446451296176,-0.9601909024966899,1.105640642304377,1.6384081703128486,1.9376687470572835,0.6407904709673625,0.8456989247311829,0.8760571006424063,589.666129032258,333.91129032258067
314,259.0,59.698484809834994,0.6793934007954237,0.9487179487179487,21.295348739258923,15.625977925564532,0.9160707664796601,331.41698841698843,1017.0772200772201,0.9132359743796375,1.3628170243616653,0.26622577930563085,18.159544104586082,0.5237266838708652,0.16917661481214316,0.6089415765686902,0.7932150757052201,1.3569481930127392,1.5205345109357826,2.099351930880117,0.6027927829881161,2.153153153153153,0.8135594897617237,1017.0772200772201,331.41698841698843
315,431.0,80.42640687119285,0.6301120551407957,0.9451754385964912,27.11739137314551,21.056768736908293,-0.1970614971092182,338.6844547563805,833.8747099767982,0.8373167922060449,1.2878230136808293,0.2234957836777428,23.42576026046658,0.42938965498290327,0.17288639854843313,0.9806461360679152,-0.195788548733239,1.131467636464975,1.1638170074630623,1.1986289704959843,0.8586359970707392,1.0293890177880898,0.8285830244313032,833.8747099767982,338.6844547563805
316,578.0,96.91168824543142,0.8529492613052819,0.9429037520391517,37.73460401808896,19.697230441708015,-0.28664078011818706,342.44809688581313,1051.4048442906574,0.7733665502065057,1.9157314592912311,0.4780061708805612,27.128075067297424,0.5414031124050759,0.17480760433170656,0.9591990435274478,-0.2827316658883991,1.249981405331236,1.4663292002435049,1.5205345109357826,0.7080740309126069,0.798154555940023,0.7359604835422361,1051.4048442906574,342.44809688581313
317,1046.0,130.22539674441617,0.8353174624216879,0.9406474820143885,49.75467423269641,27.353522455999283,-1.1560115300261111,342.54206500956025,1358.8824091778204,0.7750864954118368,1.818949435588469,0.45023210627266363,36.493952427669164,0.6997334753747788,0.1748555717251456,0.40299298506168635,-0.9152030670791436,1.0137683857215671,1.6770288374174593,1.7959801734948635,0.6686313437904645,0.6195028680688337,0.7963606452369634,1358.8824091778204,342.54206500956025
318,1515.0,154.12489168102786,0.8064719481894355,0.9631277813095995,57.396144332360734,33.93675337859867,1.200621460750016,347.83432343234324,530.4125412541254,0.8014509132155072,1.6912679799404773,0.40872764584877075,43.9199033500049,0.2731269522420831,0.1775570818950195,0.3617784588308287,0.9322640970915862,2.566831525322099,2.6839760208693773,2.7276043686996654,0.3760146796132088,0.27348734873487346,0.9090695211553065,530.4125412541254,347.83432343234324
319,396.0,72.52691193458118,0.5723301661881142,0.9682151589242054,24.877182717342777,20.399868986161998,0.37142701521488464,339.760101010101,1271.1035353535353,0.9460338522622176,1.2194775728323506,0.17997671931152726,22.45446191105733,0.6545332313869904,0.17343547779994944,0.9318103657751348,0.3629455086290635,1.3764937521744485,1.5000647771449462,1.5205199749002982,0.6822711937303428,0.7348484848484849,0.8637518887473833,1271.1035353535353,339.760101010101
320,453.0,85.25483399593904,0.8068003691936241,0.9320987654320988,32.1401261051166,18.989162361801498,0.9340351193257971,345.7880794701987,1631.991169977925,0.7831952409597639,1.6925510189838344,0.4091758601165386,24.016192740836935,0.8403662049319902,0.17651254694752358,0.5945944919336669,0.8040257397385636,1.3803153685356937,1.4092969593562557,1.5849587636828908,0.6857815171361186,1.423841059602649,0.759284233278,1631.991169977925,345.7880794701987
321,184.0,53.45584412271571,0.8683953357642152,0.9484536082474226,21.80437312862909,10.812189114629115,1.0510013215327834,340.8641304347826,791.0978260869565,0.8091653985637837,2.016647405762384,0.5041274953952821,15.306079714651624,0.40736242331975103,0.1739990456532836,0.4967022290395537,0.8679210192564406,1.2794126598123254,1.2839729068696633,1.5235711206574538,0.734042523448655,2.4565217391304346,0.9263533785926507,791.0978260869565,340.8641304347826
322,740.0,121.49747468305833,0.9106674474194274,0.9273182957393483,49.027644779253876,20.255289507282882,0.15795058972322684,356.6581081081081,1549.4405405405405,0.6299514519526114,2.420486004982835,0.5868598298269889,30.695231927842155,0.797858156817992,0.18206131092807967,0.987551718299695,0.15729463971578897,0.988949497398386,1.3130528145527331,1.5319326803123112,0.7824858809692278,0.34144144144144145,0.8278552481919911,1549.4405405405405,356.6581081081081
323,850.0,110.81118318204308,0.72904387691809,0.9670079635949943,39.88989721733112,27.303316863624197,0.45763783686805987,356.0141176470588,661.1235294117647,0.8698845263482518,1.4609908904685436,0.3155330354734126,32.897623212397704,0.3404343611801054,0.1817325766447467,0.8970986744987868,0.44183024818647254,1.4020816524006992,1.7172218481801134,1.8810238514084152,0.599960720332948,0.8431372549019608,0.8356585951036575,661.1235294117647,356.0141176470588
324,1131.0,125.53910524340094,0.5089483989148273,0.9716494845360825,41.124694925986695,35.40001526114722,0.7840655664463888,363.40937223695846,1396.0079575596817,0.9018086797573136,1.1617140451101025,0.13920296977624635,37.94777892176918,0.7188506475590534,0.18550759174934073,0.7080484414031499,0.7061638652795611,1.7959801734948635,2.7696390086119775,3.393236605709025,0.3769386052443205,0.43707633362805776,0.7588484703781954,1396.0079575596817,363.40937223695846
325,454.0,80.18376618407358,0.7685702876562813,0.9680170575692963,30.085441668599213,19.247623351119007,-0.20735697612471612,359.19823788546256,1301.4713656387664,0.8873456303090766,1.563073067244436,0.36023464228520397,24.04268606686374,0.6701706311219189,0.1833579570625128,0.9785784625227483,-0.20587421569155787,1.4785216873029106,1.5205199749002982,1.558133553793121,0.6583025356298734,1.0279001468428781,0.8175520021540259,1301.4713656387664,359.19823788546256
326,256.0,57.698484809834994,0.6636596898975217,0.9660377358490566,20.87416406023099,15.614597705522577,0.7263564100424711,354.12109375,1572.75390625,0.966320097970574,1.33683649453538,0.2519653644348242,18.0540666735282,0.809862979531411,0.18076625510464522,0.7475992501054841,0.6641501044505811,0.988949497398386,1.2408729795315334,1.3944149646886572,0.8277603353328324,2.4752604166666665,0.7560676043772164,1572.75390625,354.12109375
327,1021.0,121.63961030678927,0.7293908823611908,0.9696106362773029,43.78217046216754,29.951258996869665,1.0166228839973148,363.06072477962783,436.0597453476983,0.867132703679117,1.4617806372260813,0.3159028280073336,36.05520177692258,0.22454157844886627,0.1853296195914384,0.5262406289500675,0.8503356986756685,1.3444739072221021,1.4244864828520765,2.1399390055581002,0.6111349527083947,0.5377081292850147,0.782991081196692,436.0597453476983,363.06072477962783
328,593.0,96.42640687119284,0.7682393970975342,0.9294670846394985,34.83936071193709,22.302857757723892,1.1536840888712172,361.5733558178752,1005.8532883642496,0.8014429066139326,1.5621029865498548,0.3598373419612658,27.47782833536798,0.5179471103832387,0.18457037050427524,0.4051219729195431,0.9142626466490781,1.0444268440203661,1.3569481930127392,1.5786946264290138,0.7537556509476792,0.9156829679595279,0.8025293171260075,1005.8532883642496,361.5733558178752
329,471.0,84.76955262170047,0.8286235152590186,0.9573170731707317,33.01544343863402,18.482252539500095,-0.2621671434589832,367.07218683651803,835.2929936305733,0.8236657149563587,1.786332232398282,0.44019372104290666,24.488687706168772,0.43011997612284925,0.1873773286557009,0.9658305788045602,-0.2591742522822207,1.0010985677731878,1.1986289704959843,1.665251589123408,0.77620082828853,0.5145081387119604,0.8170970969891077,835.2929936305733,367.07218683651803
330,219.0,53.45584412271571,0.6658503009081123,0.9563318777292577,19.34616620457011,14.433891537790066,-1.3214069619310185,362.93150684931504,811.917808219178,0.9630827298123296,1.3403291935455508,0.25391463170721784,16.698486766680407,0.41808332040122453,0.185263658422315,0.24681226119736266,-0.9690633146098581,1.0010985677731878,1.2794126598123254,1.3700495197231537,0.8217915568756703,1.1141552511415524,0.7612409608230304,811.917808219178,362.93150684931504
331,568.0,101.49747468305831,0.8887276578163896,0.8888888888888888,41.04087600052405,18.814596415338706,0.5266822861616033,374.4630281690141,1690.5105633802816,0.6928635680224323,2.1813317221657353,0.5415644535682314,26.89237924411993,0.8704997751700729,0.19115009094896074,0.8644795338482636,0.5026680172414881,1.4839291208172478,1.8133353972651556,1.9643243355883995,0.5701699778208665,1.0498826291079812,0.8539727710471392,1690.5105633802816,374.4630281690141
332,304.0,72.18376618407356,0.9085441863190693,0.95,30.646830336094055,12.803901740053604,-0.5029901665312456,370.76644736842104,1252.1644736842106,0.7331694704437335,2.3935540086365696,0.5822112238154067,19.67396303746374,0.6447808824326522,0.1892631175949061,0.8761450785548895,-0.4820475094055009,0.7114962851616705,1.3698920218398096,1.5321917064553536,0.8302016252104878,1.375,0.9186090324718154,1252.1644736842106,370.76644736842104
333,491.0,81.94112549695427,0.6570568662309442,0.9665354330708661,28.84038272049295,21.741063357038094,0.6516562477248862,371.0977596741344,600.918533604888,0.9189407412022564,1.3265396566335215,0.24615898590036156,25.003212122944625,0.3094328185401071,0.1894322407729119,0.7950803685087012,0.6065040870530617,1.6384081703128486,1.8763968599919787,2.4878181964360144,0.499781493303698,1.3306177868295996,0.7751042221775292,600.918533604888,371.0977596741344
334,384.0,75.35533905932738,0.8079999294860772,0.9576059850374065,28.97753607216761,17.073059498856754,-0.4248932025319867,372.3307291666667,1268.9635416666667,0.849792770058594,1.697266742033436,0.41081741883309697,22.111625566165472,0.6534312778922073,0.19006162795644038,0.9110827625739326,-0.4122234827622648,0.7114962851616705,1.1117107315069954,1.3764937521744485,0.937587673576327,1.019097222222222,0.8797345992668618,1268.9635416666667,372.3307291666667
335,515.0,84.18376618407356,0.646021733610475,0.9662288930581614,29.39924019175885,22.440999084994765,0.17848528704339692,376.79417475728155,1773.1281553398057,0.9131884097101629,1.3100682407414175,0.23668098431722762,25.60699837034026,0.9130423045004149,0.19234005857952097,0.9841137424556082,0.17753912782825298,1.6985621747277728,1.9466358162876387,2.589423768455209,0.481183962033124,0.6796116504854369,0.9077244068175819,1773.1281553398057,376.79417475728155
336,401.0,75.59797974644665,0.7760649398974122,0.9593301435406698,28.47868698090709,17.96016944047195,-0.7472877489963122,375.54114713216956,780.9600997506234,0.881726426152384,1.5856580348697833,0.3693469978966041,22.595775212167435,0.4021421728890955,0.1917004324309186,0.7335349507563768,-0.6796517314175252,1.3905085353698312,1.4096578129381458,1.5235711206574538,0.6938441618005614,0.39900249376558605,0.8077132991083541,780.9600997506234,375.54114713216956
337,229.0,61.941125496954285,0.8810773942967727,0.9346938775510204,25.04429076197024,11.84525126810172,-0.6081266453454863,375.10917030567686,1518.1484716157206,0.7500447258531415,2.1142895321615036,0.5270278810974063,17.075475271404667,0.7817448360534092,0.1914799235863588,0.8207197628809753,-0.5713309643425566,0.7382597415931496,1.2067934937587785,1.5319326803123112,0.8628162646517028,2.2139737991266375,0.7245804463240058,1518.1484716157206,375.10917030567686
338,715.0,107.1543289325507,0.828444204366695,0.9457671957671958,40.92541444041967,22.921162460471642,0.9445733464617543,380.76363636363635,1733.0461538461539,0.7825218341438395,1.785485989682984,0.4399283972104695,30.172276587716105,0.8924027568723758,0.19436632790384703,0.5860886270799348,0.8102469507548653,1.0629092624325132,1.6985621747277728,1.8133353972651556,0.6557653926336271,0.6167832167832168,0.8288374985025421,1733.0461538461539,380.76363636363635
339,868.0,131.74011537017762,0.8058970887221178,0.8518155053974484,46.882123909435144,27.756825936471532,0.8150327203086786,389.713133640553,981.1635944700461,0.628482964533652,1.689030439457907,0.4079443587050159,33.244126170349574,0.5052335707878713,0.1989347287598535,0.6858445816833704,0.7277480400355351,1.5786946264290138,1.5806250121933973,1.72668782261597,0.6139982437193487,0.554147465437788,0.836637684935473,981.1635944700461,389.713133640553
340,755.0,125.63961030678928,0.9277760711972582,0.9118357487922706,51.84348593237615,19.344746495691272,0.44291817763019214,394.5801324503311,638.712582781457,0.6010403853500654,2.679977530019504,0.6268625431375454,31.004771508189638,0.3288942238833455,0.20141915898434462,0.9035048456437398,0.4285778737852457,1.1947240023432362,1.8763968599919787,1.8810238514084152,0.6057981285712702,0.8596026490066225,0.9107715398924793,638.712582781457,394.5801324503311
341,502.0,85.35533905932736,0.7617153228599615,0.9580152671755725,31.501817130236603,20.41040065289231,-1.4331296188691698,381.02988047808765,1021.1772908366534,0.8658690124647328,1.5434198311914349,0.3520881488039096,25.281737508665255,0.5258379458479162,0.19450223607865627,0.1372322737511502,-0.9905388952691809,1.0444268440203661,1.72668782261597,2.0669151038032623,0.6200871309908064,1.3539176626826028,0.7344308071180302,1021.1772908366534,381.02988047808765
342,199.0,51.45584412271571,0.694520135466757,0.9476190476190476,18.777358029919682,13.509807120937081,1.3394824768591895,378.38693467336685,1634.9346733668342,0.9444816535430239,1.3899057078926844,0.28052673334498546,15.91774699517169,0.841881912135342,0.19315310600988608,0.22925657793006463,0.9733660264647602,0.8862325885722893,0.9554910245504681,1.3803153685356937,0.9310874316163107,1.9731993299832498,0.8107201225543067,1634.9346733668342,378.38693467336685
343,578.0,92.66904755831213,0.8031077773547726,0.9649415692821369,35.226258410788425,20.98899483904688,0.25110345454099187,389.24221453287197,414.71626297577853,0.8458012129202442,1.678320409382123,0.40416621617075366,27.128075067297424,0.21355111378773353,0.19869434126231342,0.968638832864148,0.24847295922812437,0.8401721961089009,1.4244864828520765,2.415388530416964,0.6410191747614339,1.2053056516724336,0.7901015781163162,414.71626297577853,389.24221453287197
344,606.0,89.84062043356595,0.353503374892606,0.9742765273311897,28.825102141195266,26.963958958014153,0.4072608050502671,388.83168316831683,666.453795379538,0.9434893521269299,1.0690233650807404,0.06456675067670514,27.777385840094972,0.34317909133858804,0.19848477956524596,0.91820924944605,0.3960956629801967,1.1947240023432362,1.4020816524006992,2.2973395995507944,0.612977311486092,1.1446644664466445,0.73733851930781,666.453795379538,388.83168316831683
345,466.0,93.39696961966999,0.9151210483468178,0.8876190476190476,39.26385464490972,15.83036948322523,0.8998762903693439,390.35407725321886,1615.6952789699571,0.6713209650844896,2.480286684812756,0.5968208005456865,24.35835848013133,0.831974911930977,0.19926190773518063,0.6217068685965083,0.7832500044940467,0.629578249498007,0.9554910245504681,1.2314697691239425,1.065137018878652,0.5650929899856938,0.9183816947046567,1615.6952789699571,390.35407725321886
346,378.0,73.01219330881976,0.7491320610976423,0.9717223650385605,27.064841351922933,17.92831056634436,-0.2974956133684675,392.23015873015873,1521.8015873015872,0.8910680540109195,1.5096147097501746,0.33757932170289373,21.938198374294355,0.783625946087326,0.20021958077088245,0.9560735892959474,-0.2931267504864815,0.6416472440978997,0.7382597415931496,1.435259950469752,1.0656561646362845,0.9426807760141093,0.7498739536986866,1521.8015873015872,392.23015873015873
347,403.0,88.08326112068522,0.8873289248770613,0.8666666666666667,35.17325295302669,16.21969011305418,-0.3940221926204346,397.37965260545906,1536.119106699752,0.6527218330084864,2.1685527101851356,0.5388629497898498,22.65205369339104,0.7909985101440535,0.20284821470416492,0.9233723913480641,-0.3839054921411747,0.6416472440978997,1.2067934937587785,1.6111351866532073,0.8671583065271236,1.032258064516129,0.8309106962865039,1536.119106699752,397.37965260545906
348,405.0,77.94112549695429,0.7644096330655149,0.9484777517564403,28.788532145962773,18.5608557816103,-0.48407291350535525,394.8641975308642,433.8296296296296,0.8377829960328954,1.551034741322964,0.3552691159277037,22.708192698181442,0.22339321814090093,0.20156416413009914,0.8851067843360201,-0.4653879890181417,0.8401721961089009,1.3444739072221021,2.6137166250151393,0.6252132591555899,1.980246913580247,0.7884707604051459,433.8296296296296,394.8641975308642
349,1134.0,141.78174593052023,0.6175654916713853,0.8901098901098901,45.33641354835978,35.657971575539754,0.5720858000355177,408.3888888888889,1590.8492063492063,0.7088955962901295,1.2714243560466332,0.21348053838656988,37.99807421080277,0.8191808477596325,0.20846803924904997,0.8407735800615505,0.5413869106937141,0.9295313258848857,1.294709211077313,1.9887749289739551,0.7120790379850609,0.42298647854203414,0.7853198476774067,1590.8492063492063,408.3888888888889
350,1477.0,149.29646455628165,0.7535048447496807,0.965359477124183,53.70963341190767,35.31098782711912,-1.2339569820518923,404.7806364251862,735.3006093432633,0.8327052684892872,1.521045904319285,0.34255764591961424,43.36559474484162,0.3786305918348421,0.2066261543773283,0.33050570888870123,-0.9438039925704792,1.4445950689506522,1.640095887923055,2.2864775810271807,0.5585376773845255,0.3850146693748589,0.8334134708075314,735.3006093432633,404.7806364251862
351,474.0,78.76955262170047,0.5487752471868889,0.9753086419753086,26.898355451954238,22.48621639202855,-0.7624276142779998,398.69198312236284,1268.759493670886,0.9600004750946344,1.1962152717470873,0.16403006748150972,24.566553364370574,0.653326206833618,0.20351811287512142,0.7231614410060325,-0.6906790356179044,0.9399955911285702,1.1117107315069954,1.3698920218398096,0.8767832159037305,0.6146272855133614,0.7602990800901419,1268.759493670886,398.69198312236284
352,437.0,80.52691193458118,0.7943623289944708,0.9438444924406048,30.52656237434472,18.54318411859507,0.2887413510084463,401.6636155606407,1489.1006864988558,0.8468553022344318,1.6462416691280513,0.39255577188150004,23.58825303088947,0.7667871712146528,0.20503502580941332,0.9586030298738567,0.28474590623336776,1.435259950469752,1.591064565330052,1.6596868346870444,0.640203314848633,0.8749046529366895,0.8236628439581356,1489.1006864988558,401.6636155606407
353,506.0,89.25483399593904,0.7945064676339235,0.9457943925233645,33.00917831668499,20.04501135096803,-0.6947280198703614,403.300395256917,1310.2865612648222,0.7981727334742081,1.6467527874505736,0.39274431012310373,25.38226171238474,0.6747098667687035,0.2058705437758637,0.7682278454970922,-0.6401765205026625,1.761983586323452,1.896615584085361,2.177713755078334,0.5140231578226411,0.8642951251646903,0.8990462918207683,1310.2865612648222,403.300395256917
354,259.0,57.698484809834994,0.5520630436641767,0.9664179104477612,19.904161339861286,16.596136941038893,0.7554093982102715,397.3204633204633,1644.054054054054,0.9776441616186666,1.199324964030775,0.16619762783963887,18.159544104586082,0.8465777827260834,0.20281800067404968,0.7279909262043919,0.6855867642859448,0.8862325885722893,1.0946942747488981,1.2314697691239425,0.9338821892975703,1.2972972972972974,0.8498565312636863,1644.054054054054,397.3204633204633
355,77.0,38.55634918610404,0.8092346466179333,0.8279569892473119,13.62190110178884,8.002670237679641,1.3003390123321479,395.1168831168831,807.4935064935065,0.6508917689489487,1.702169488085577,0.41251443701725865,9.901487006738307,0.41580510118100233,0.2016931511571634,0.26717215515151144,0.9636488154466318,0.9160372123729248,0.9855400488141,1.3700495197231537,0.9169750099567864,6.437229437229438,0.9217765534965684,807.4935064935065,395.1168831168831
356,343.0,67.94112549695427,0.4826442345315648,0.9554317548746518,22.374612935518375,19.596055205383916,0.3444212080138815,402.6588921282799,1669.4577259475218,0.9337669751635453,1.1417916872050382,0.12418349931424566,20.897874625046462,0.8596589731964582,0.20554307918748335,0.9412710404918961,0.337651933699932,1.0946942747488981,1.4839291208172478,1.623295673296322,0.7139594910884736,1.5140913508260447,0.8387124111583772,1669.4577259475218,402.6588921282799
357,332.0,70.76955262170047,0.7211576307651373,0.9458689458689459,25.088833026847453,17.380816182924665,0.8809617234204857,404.96385542168673,1612.6234939759036,0.8330192689522795,1.4434784168245982,0.3072289905104184,20.56004690782767,0.8303931482883129,0.20671968117492942,0.6364096120276005,0.7713512855495083,0.629578249498007,0.9295313258848857,1.3640841333790186,1.0262747867197,1.8664658634538152,0.7859535743310953,1612.6234939759036,404.96385542168673
358,827.0,108.91168824543142,0.7151389440912552,0.9661214953271028,38.86127670752521,27.1633455449839,-1.0398612478991471,410.8718258766626,792.5392986698912,0.8761256462658499,1.4306513401734307,0.30101767501313426,32.44948541188257,0.4081046852059172,0.20973549049344697,0.5063399127577959,-0.8623339798178127,0.9160372123729248,1.3567534971451032,1.538222990564779,0.7871921320919982,0.5239822652156388,0.7947875576244011,792.5392986698912,410.8718258766626
359,441.0,77.35533905932738,0.7071779834777084,0.9713656387665198,28.1980660979289,19.937035785086593,-0.25637375733528167,410.9183673469388,824.7120181405895,0.9261212844115255,1.4143559956401226,0.29296442827506763,23.695962509005764,0.42467148204973715,0.209759248262858,0.9673158587257655,-0.2535745047468985,0.9855400488141,1.3567534971451032,1.9021101183358056,0.7068130737037936,1.039304610733182,0.7835610433903858,824.7120181405895,410.9183673469388
360,358.0,84.32590180780451,0.9392197553213709,0.9470899470899471,36.92922053839797,12.678412466277445,-0.983381446755428,408.9581005586592,1224.036312849162,0.6326607646793626,2.9127637735894623,0.6566834533348792,21.349935761383176,0.6302967625381884,0.20875860161238347,0.5542110849335095,-0.8323761609613903,1.4053556870466835,1.429224204942802,1.6073810256546617,0.6753773965195287,1.260707635009311,0.7501325458298762,1224.036312849162,408.9581005586592
361,240.0,58.52691193458118,0.5589017728218388,0.9448818897637795,19.54386384546735,16.206433818115116,-1.1786042842080344,405.64166666666665,1737.0916666666667,0.8804605177750311,1.2059324133124059,0.17076613169950305,17.480774889473267,0.8944859251630621,0.20706567976858942,0.38221494013574514,-0.92407344921117,1.0629092624325132,1.4154976608524312,1.490875924424049,0.7558040369261041,2.6708333333333334,0.8435454095033076,1737.0916666666667,405.64166666666665
362,731.0,104.22539674441619,0.7373688534954874,0.9568062827225131,37.38284615326268,25.251750751560106,-0.6522201851778189,418.9439124487004,1704.3365253077975,0.8456295038340328,1.4804061120773218,0.32450967890372373,30.508000708034015,0.8776192200349112,0.21385600431276183,0.7947382117288914,-0.6069523661853241,1.2368700216329602,1.490875924424049,1.623295673296322,0.6894900721372257,0.4833561331509348,0.905570794490209,1704.3365253077975,418.9439124487004
363,648.0,102.42640687119285,0.7705945902922126,0.945985401459854,37.07782520426619,23.630648852967727,-0.28681201939791695,427.00308641975306,518.0833333333334,0.7761774016118118,1.569056585579522,0.36267435528422587,28.723844188903154,0.2667782354960522,0.21796992670737778,0.9591506146976164,-0.28289591429567273,2.347399958033107,3.378859793769009,3.5817627014197484,0.3223026174546436,1.0380658436213992,0.8808591779268621,518.0833333333334,427.00308641975306
364,186.0,57.8700576850888,0.8437487575903518,0.8611111111111112,22.082714622012542,11.852639351084488,0.981150835030392,417.19354838709677,1256.3279569892472,0.6979349997680981,1.863105251742265,0.4632616707698829,15.389040103942165,0.6469247976257709,0.21296250555747664,0.5560664126443664,0.8311378614458766,0.9399955911285702,1.19193605482753,1.4053556870466835,0.8481075235280128,3.094982078853046,0.7275079321308886,1256.3279569892472,417.19354838709677
365,782.0,110.32590180780451,0.7920526227875294,0.9536585365853658,40.628800941779346,24.801966017927047,0.3779532899964298,432.1611253196931,762.920716112532,0.807349619512729,1.6381282400118016,0.38954718222011997,31.554291688816235,0.3928530978952276,0.22060292257258454,0.9294218565842186,0.3690189866437012,1.3471197052593094,1.538222990564779,1.640095887923055,0.6629191722487031,1.2169650468883204,0.8828339305309031,762.920716112532,432.1611253196931
366,895.0,138.08326112068522,0.9517844224665551,0.889662027833002,62.44297724007887,19.155487632468578,-0.10022040238546924,442.07150837988826,1242.912849162011,0.589862556618669,3.2597957534757787,0.6932323140387727,33.757212452126,0.6400169151194701,0.22566182153133652,0.9949821375877616,-0.10005271551181727,0.8719539016785378,1.19193605482753,1.2521775749678308,0.9046860389681464,0.20782122905027933,0.7303875961237744,1242.912849162011,442.07150837988826
367,540.0,90.42640687119285,0.759183793977073,0.9473684210526315,32.72102591536413,21.29734050775198,0.47499634826757736,433.6222222222222,1509.1537037037037,0.8298757520103457,1.5363902316091562,0.34912369303947066,26.221162334209897,0.7771131327001564,0.2213487607055754,0.8892943916948745,0.4573351997168414,1.591064565330052,1.743412523734759,1.82521122080468,0.5814304701820026,0.8987654320987654,0.8631808884136007,1509.1537037037037,433.6222222222222
368,641.0,97.25483399593905,0.6338274023887603,0.9538690476190477,33.2454219103731,25.714486558581196,1.017813334837378,432.78003120124805,1550.4867394695789,0.8516193089954508,1.2928674206515998,0.22652548588779176,28.568278705151968,0.7983968792325329,0.2209188520680184,0.5252279734553255,0.850961559590098,1.6111351866532073,1.743412523734759,1.9887749289739551,0.5614484100024789,1.0800832033281331,0.7304977271029873,1550.4867394695789,432.78003120124805
369,348.0,72.0416305603426,0.8114149529353927,0.9560439560439561,27.79470551272213,16.24518563720342,-1.5490158476851883,426.76149425287355,986.8448275862069,0.8426011357277535,1.7109503168168743,0.4155294924867,21.049640414216977,0.5081590255335772,0.2178466024772198,0.021778757079622707,-0.99976281474161,0.6233311024772424,1.5711884993657312,1.5806250121933973,0.7946715441961337,1.4252873563218391,0.7972985006504483,986.8448275862069,426.76149425287355
370,523.0,90.01219330881977,0.3343531332410772,0.9339285714285714,26.93961435165943,25.38918208751194,-0.39142506597013915,433.50669216061186,716.6386233269599,0.811164366757481,1.0610666487326543,0.05755213285196803,25.805121233904135,0.36902091829400613,0.22128978670781616,0.9243663273095388,-0.3815060850579902,1.1370563405104537,1.4445950689506522,1.5623068140551228,0.7239455221762447,1.6003824091778203,0.7752392575086144,716.6386233269599,433.50669216061186
371,807.0,124.66904755831214,0.9283296295397181,0.9438596491228071,53.08490804733385,19.734745554128097,0.018197952903825174,449.3940520446097,404.36926889714994,0.6524783646160761,2.689921078624173,0.6282418811664634,32.05470811910906,0.20822310447845002,0.2293997202882132,0.9998344218246122,0.018196948498125146,1.795646508529084,2.573911280778865,2.6137166250151393,0.42959789663239234,0.4791408508880628,0.8938044578727534,404.36926889714994,449.3940520446097
372,477.0,81.49747468305833,0.6101966844859824,0.959758551307847,27.758457195564873,21.991636727621994,1.5271993550543659,437.6352201257862,1726.9392033542977,0.9024848905320506,1.2622278886909595,0.20775003550500915,24.64417299969047,0.8892580861762603,0.2233972537650772,0.043583162288408035,0.9990498025448693,1.2368700216329602,1.4154976608524312,1.843560503713629,0.6672704446679076,0.7449336128581411,0.9287602967143131,1726.9392033542977,437.6352201257862
373,476.0,89.84062043356595,0.8603271765149669,0.9083969465648855,35.040409039477844,17.861576529324164,1.1781303217793044,437.93697478991595,690.0420168067227,0.7410906462251132,1.9617758254401791,0.4902577618543026,24.61832697999475,0.355325446347437,0.2235512888156794,0.3826528732852057,0.9238921899045236,0.991279206845803,1.1370563405104537,1.386697466555482,0.8534770479044296,1.11484593837535,0.6867774060543956,690.0420168067227,437.93697478991595
374,801.0,124.81118318204308,0.8749060533276024,0.9112627986348123,48.134283444722385,23.31108102740564,-0.4192510325081642,452.4406991260924,1647.2734082397003,0.6461530217574238,2.0648670642143703,0.5157073221173806,31.935323316554435,0.8482355346239445,0.23095492553654537,0.9133940835078933,-0.4070764648229808,0.8802207534791883,1.7361279407501777,1.9330210120954352,0.6594320078733596,0.5726175613816064,0.8159022842936526,1647.2734082397003,452.4406991260924
375,519.0,84.42640687119285,0.6345110186987424,0.9628942486085343,29.352090574462352,22.68663633702093,0.8381840977428505,441.6955684007707,1116.8882466281311,0.9149989781911811,1.2938053106870002,0.22708618387954516,25.70625067405882,0.5751226810649491,0.22546991750932655,0.6688139237411199,0.74342984565459,1.6755298902558002,2.5117036516450058,2.6835146760991395,0.43663366853418056,1.0847784200385358,0.9293434675271577,1116.8882466281311,441.6955684007707
376,273.0,59.698484809834994,0.6215997012524613,0.9612676056338029,21.064451267254622,16.500523132463684,0.057024643411863904,442.8021978021978,1222.2490842490843,0.9626000811028612,1.2765929357604253,0.2166649430780907,18.643883600599406,0.62937645944855,0.22603481255854915,0.9983745355686197,0.056993742885890666,0.8719539016785378,1.2656911984325752,1.4054399375825055,0.8467197281702442,2.028083028083028,0.6868451788267,1222.2490842490843,442.8021978021978
377,95.0,33.55634918610404,0.5755070125409729,0.9693877551020408,12.161471825667414,9.945613280844608,0.6345947837516175,438.14736842105265,1770.6526315789474,1.0601908685338755,1.2227975774093873,0.18220315571887624,10.998079684646791,0.9117675754783457,0.22365868730018001,0.8053119955374078,0.5928512375322819,1.843560503713629,1.9176112474166807,1.9703143202198532,0.5234244596695481,3.0280701754385966,0.9255220411831525,1770.6526315789474,438.14736842105265
378,337.0,73.45584412271572,0.850338148544417,0.9413407821229051,29.107239845108936,15.317296976652235,1.459448970896905,440.86646884272994,991.2640949554897,0.7848507131721598,1.9002856632913991,0.4737633297364644,20.71428798138497,0.5104346523972655,0.2250466915991475,0.11111741339892013,0.9938072853624759,0.6233311024772424,0.98788157769782,2.198832126864077,0.7873923147721087,1.4826904055390704,0.8165486415023128,991.2640949554897,440.86646884272994
379,511.0,113.63961030678928,0.9666821432041133,0.8780068728522337,52.18703022524226,13.358823113421765,0.4802152425365081,457.94520547945206,677.7045009784736,0.49724599359426297,3.9065589672199,0.7440202468742845,25.507359866510456,0.3489724515852078,0.23376478074499848,0.8868955077120527,0.46197008388009314,0.991279206845803,1.1585323980156292,1.848024049673624,0.7504060344743954,0.9778212654924984,0.7826779444403859,677.7045009784736,457.94520547945206
380,808.0,109.39696961966999,0.7474965519896528,0.9688249400479616,39.533176945941214,26.260532997981613,0.26553769452773546,463.88861386138615,1816.4591584158416,0.8484194986445723,1.5054217273114654,0.3357343116165187,32.07456238432586,0.9353548704509997,0.2367986798679868,0.9649515341963176,0.2624281552200008,1.0264177925240543,2.2158180654201263,2.9642449952825523,0.4833657060974107,0.28135313531353134,0.9736629850609941,1816.4591584158416,463.88861386138615
381,962.0,114.9116882454314,0.5964993825386707,0.9726996966632963,39.124569443399636,31.401908987923438,-1.3471321222180261,462.2474012474012,1082.8846153846155,0.9154961570990546,1.2459296490046572,0.19738646495901624,34.997949111844065,0.5576130872217382,0.23596089905431405,0.22180403796244674,-0.9750912617512032,1.6755298902558002,2.557948755343148,3.386550622265528,0.39369927523136067,0.40540540540540543,0.8698151954970642,1082.8846153846155,462.2474012474012
382,551.0,85.84062043356593,0.46753743472115955,0.9666666666666667,28.20163718084965,24.92949351882236,0.36311373698821425,461.3666061705989,775.8620689655172,0.9396708768375721,1.1312559222094403,0.11602672713799911,26.486883341553696,0.3995170283035619,0.23551128441582383,0.9347953992165188,0.35518665741216887,1.3471197052593094,2.1438968691585685,2.242544784174142,0.523235003930734,1.0804597701149425,0.9021778803286503,775.8620689655172,461.3666061705989
383,667.0,94.42640687119285,0.5715909430518639,0.9765739385065886,32.278444661886134,26.485713721564476,0.043762497242700656,468.00749625187404,1205.9550224887557,0.940045272361067,1.2187115288347037,0.17946127829268121,29.14190756176324,0.6209861083876188,0.2389012232015692,0.9990425747337495,0.043748529910851076,1.2656911984325752,1.4077635480619843,1.6691141501222826,0.6908353261446709,0.4007996001999,0.8199292161657854,1205.9550224887557,468.00749625187404
384,558.0,96.5685424949238,0.8691764389699302,0.9362416107382551,38.787753688877096,19.180625301839687,-0.6734923563954583,468.0501792114695,703.2508960573476,0.7519218578114428,2.0222361408184546,0.5054979090645306,26.654599339742866,0.36212713494199156,0.23892301133816718,0.7816481859495199,-0.6237195791393956,0.7238896362291012,1.1585323980156292,1.386697466555482,0.9176782920494837,0.8673835125448028,0.6977859897013259,703.2508960573476,468.0501792114695
385,283.0,60.284271247461895,0.5544523600733856,0.9725085910652921,20.841502384762634,17.344620601237285,0.3939156706416331,464.0106007067138,987.643109540636,0.978561824245533,1.2016118924662957,0.1677845348654876,18.982275710779543,0.5085700873020783,0.23686094982476455,0.9234132804819606,0.38380713050898885,0.98788157769782,1.5711884993657312,2.947838503074312,0.5447702565501634,1.3085983510011778,0.7840835071066218,987.643109540636,464.0106007067138
386,223.0,61.94112549695427,0.8972601583665455,0.9369747899159664,25.859180480266215,11.416885529181354,-0.5856774766207637,469.94618834080717,1658.6412556053813,0.7303928989748937,2.2649942853653577,0.5584977823294182,16.85029431422316,0.8540892150388163,0.23989085673343907,0.8333377924178095,-0.5527640760109253,0.8802207534791883,0.9020427790696094,1.2153078018916212,1.0008102110971229,2.9207772795216744,0.7878223252211627,1658.6412556053813,469.94618834080717
387,177.0,47.21320343559643,0.2588041568011563,0.9619565217391305,15.286760445919576,14.765937696728724,-0.5685333977125878,466.9830508474576,443.14689265536725,0.9978291646651207,1.0352719048317693,0.0340701845255823,15.012108426804138,0.2281909848894785,0.23837828016715548,0.8426914950439713,-0.5383967349274663,1.4700316067478478,1.795646508529084,2.568411766081088,0.5142190231909283,3.2674199623352167,0.8321572333421691,443.14689265536725,466.9830508474576
388,708.0,102.91168824543144,0.7952695717535243,0.9645776566757494,38.67340338304049,23.4459819070792,0.09185271180092697,480.92090395480227,1677.0014124293784,0.840066596367413,1.6494682771790237,0.3937440241589648,30.024216853608277,0.8635434667504523,0.24549305970127733,0.995784504734694,0.09172360726814036,0.9020427790696094,1.2727264041222603,1.7361279407501777,0.7670874239146708,0.6916195856873824,0.751264426090323,1677.0014124293784,480.92090395480227
389,99.0,48.42031021678297,0.8342009719626844,0.5657142857142857,18.391629531509736,10.142258139680921,-1.5054669511290968,471.52525252525254,1239.1515151515152,0.5306277075003639,1.813366340928919,0.4485394498456733,11.227230955528665,0.6380800798926443,0.2406969129786894,0.06528291541010428,-0.9978667951964115,1.2521775749678308,1.4054399375825055,1.4077635480619843,0.7379382043827756,6.178451178451178,0.8308359700275325,1239.1515151515152,471.52525252525254
390,465.0,82.66904755831213,0.7809313630048886,0.9607438016528925,31.005784038057765,19.36673508246265,-0.969719165045946,480.0043010752688,715.5698924731183,0.8550213292846013,1.6009814718917046,0.3753831524243628,24.33220886606579,0.3684705934465079,0.24502516644985647,0.5655311656066162,-0.8247269249440218,0.7238896362291012,0.7621958032970032,1.848024049673624,0.8997904867005664,0.893189964157706,0.7574087422043592,715.5698924731183,480.0043010752688
391,326.0,69.698484809835,0.8184745955583148,0.9588235294117647,27.090862196333973,15.564857637410634,-0.15485683859585408,482.340490797546,524.1042944785277,0.8432974558999584,1.7405146148732011,0.42545728059120524,20.37341629633241,0.26987862743487523,0.24621770842141194,0.9880336219212102,-0.15423865259154404,1.8243205179955078,2.347399958033107,3.152607251136364,0.40959390564589165,1.2494887525562373,0.886319644839037,524.1042944785277,482.340490797546
392,430.0,74.76955262170047,0.5124825764302798,0.9706546275395034,25.253389791326583,21.685025802819688,-1.2117499422107572,479.4953488372093,1168.0790697674418,0.9665598598941313,1.164554288334898,0.14130237635394471,23.398568422792877,0.6014825282015663,0.24476536438857033,0.3513815875956693,-0.9362323322224815,1.38390382254267,1.6240519335502144,1.6691141501222826,0.6414272311845121,0.8116279069767441,0.8925048332775732,1168.0790697674418,479.4953488372093
393,146.0,42.97056274847714,0.5597656445392889,0.954248366013072,15.0262987493969,12.451556971742068,-1.2560822709927126,476.23972602739724,1795.486301369863,0.9936207152423758,1.206780708910382,0.17134903415641012,13.63425735166143,0.9245552530225865,0.24310348444481739,0.30954458385752287,-0.950884930264684,1.0264177925240543,1.9176112474166807,1.94631806485227,0.6134533880140562,3.0684931506849313,0.9252625795283929,1795.486301369863,476.23972602739724
394,177.0,46.62741699796952,0.6027874775154732,0.9779005524861878,16.818762732455703,13.419720789322277,-1.08620480375547,487.271186440678,732.1186440677966,1.0230583752073719,1.2532870837251662,0.20209821597484023,15.012108426804138,0.37699209272286127,0.24873465361953956,0.46584695123018405,-0.8848653106713713,0.7621958032970032,1.4625420064555792,1.8947672470006838,0.7282428249680098,2.7005649717514126,0.8416091737112249,732.1186440677966,487.271186440678
395,386.0,71.35533905932738,0.578493924489057,0.9674185463659147,24.55668003056242,20.030557097972792,-0.8842258678505306,492.6502590673575,1546.541450777202,0.9526737974630914,1.225960911144488,0.18431330810828517,22.16913314200113,0.7963653196587034,0.25148047936057044,0.6338884241420275,-0.7734245055199228,0.7452392266132685,1.1754484610105669,1.5996664338887603,0.8521869949580486,0.9101899827288428,0.8562853353150232,1546.541450777202,492.6502590673575
396,297.0,64.18376618407356,0.6399191018493867,0.945859872611465,22.31706437066185,17.14937590626316,0.23496954027848244,499.64646464646466,1130.6397306397307,0.9059743855882874,1.3013339081634678,0.23155771648856138,19.44613444328572,0.5822037747887387,0.2550517941023301,0.9725214332139911,0.2328133628883973,1.101105415563842,1.3356271534451154,1.339774713014552,0.794384804785165,1.0190796857463524,0.8511139907377069,1130.6397306397307,499.64646464646466
397,445.0,79.84062043356595,0.6989508894584812,0.956989247311828,28.4577670046238,20.35213178266731,1.3773590773466957,498.0202247191011,1652.1325842696629,0.8772473575386511,1.3982695920266974,0.2848303319315072,23.803184606416586,0.8507376849998264,0.2542216563139873,0.19223316619229566,0.9813492802339467,0.9993051433163989,1.0429573855692575,1.2153078018916212,0.920931766739225,0.7655430711610487,0.7994708486946599,1652.1325842696629,498.0202247191011
398,434.0,77.11269837220809,0.7449226130515386,0.9752808988764045,28.863424424842357,19.25625908877204,-0.31507620811248815,501.79953917050693,444.8663594470046,0.9171656744280641,1.4989113042040483,0.332849117092342,23.507147049675353,0.22907639518383346,0.2561508622616166,0.9507727656246273,-0.3098889287252734,1.108867106991956,1.265049925780253,1.4700316067478478,0.7804474724653372,0.7549923195084486,0.9612081204346291,444.8663594470046,501.79953917050693
399,191.0,51.45584412271571,0.7803058493506463,0.955,19.81815292984747,12.39423515591833,0.11445308198552985,499.3874345549738,1530.2041884816754,0.9065125418428018,1.598981516853355,0.3746019016105291,15.594510349620345,0.787952723214045,0.2549195684303082,0.9934573927702907,0.11420336575625224,0.7452392266132685,1.051045187501619,1.2673686762534826,0.9792231403194818,3.076788830715532,0.9031853107168706,1530.2041884816754,499.3874345549738
400,69.0,32.55634918610404,0.5027561447581151,0.8734177215189873,10.25513528889048,8.864829004286335,1.2283318487819936,495.1304347826087,1574.304347826087,0.8180645228820916,1.1568339653175377,0.1355717155784656,9.373021315815206,0.8106613531545247,0.25274652107330714,0.335809475191914,0.9419299317737659,1.1754484610105669,1.8683873169623417,1.9058969621779596,0.6060933301842394,4.8647342995169085,0.855764731517343,1574.304347826087,495.1304347826087
401,441.0,79.94112549695427,0.7443865323017512,0.9504310344827587,29.120258274031105,19.445022546934812,-0.11139746184696833,505.6621315192744,1759.9274376417234,0.8671773714067309,1.4975687584698345,0.3322510273105814,23.695962509005764,0.9062448185590749,0.2581225786213754,0.9938017164715026,-0.11116720891654627,0.8775723562327296,1.9019539215127963,1.94631806485227,0.634807196876675,0.7074829931972789,0.9513774248911132,1759.9274376417234,505.6621315192744
402,892.0,118.8111831820431,0.8030637292568199,0.9601722282023681,44.03116806361005,26.23787145537748,-0.10947015683738465,514.0582959641256,1219.2466367713005,0.794072355141188,1.678153204557522,0.4041068495509207,33.70058862844632,0.6278303999852216,0.26240852269735865,0.9940141237175559,-0.10925164461013544,1.4014113849890124,1.5556308371921466,1.8191822476981785,0.628111182570904,0.26345291479820626,0.9217577653682816,1219.2466367713005,514.0582959641256
403,583.0,89.59797974644665,0.6667802724153041,0.9716666666666667,31.620925669906416,23.565632875878688,0.12694652648720253,508.87993138936537,1501.6895368782161,0.9126031934673441,1.3418237412275469,0.2547456351568461,27.245158369526866,0.7732695864460433,0.25976515129625594,0.9919531050110576,0.12660583501135214,1.1567835554673704,1.2673686762534826,2.0114656891174896,0.6763431958163323,0.7838765008576329,0.9011550935086898,1501.6895368782161,508.87993138936537
404,263.0,66.76955262170048,0.8762677762915366,0.9037800687285223,27.26304385539548,13.136000647404073,-0.9580732179914059,510.1368821292776,1631.768060836502,0.7413250573641997,2.07544477099148,0.5181755670027872,18.29923496393627,0.8402513186593727,0.2604067800557823,0.5750973240782526,-0.8180850003746758,0.7014497580911226,0.9993051433163989,1.7677845003045565,0.8649173766107988,1.570342205323194,0.9286847496233497,1631.768060836502,510.1368821292776
405,794.0,108.71067811865476,0.7259746225379132,0.9647630619684082,38.69737185055282,26.613014217542762,0.37429130970733704,523.7103274559194,1524.7657430730478,0.8442789412201762,1.4540769991038556,0.3122785102740103,31.79547449747714,0.7851522878851945,0.2673355423460538,0.9307669620064559,0.365612995443642,1.051045187501619,1.1567835554673704,1.5996664338887603,0.7879195798419476,0.4869857262804366,0.9239298442577457,1524.7657430730478,523.7103274559194
406,137.0,44.04163056034262,0.7968034810252121,0.9319727891156463,17.040122922185827,10.2962989875291,-0.8775744675576723,511.2919708029197,1176.197080291971,0.8875721203192319,1.6549755346872561,0.39576146049254324,13.207339536360731,0.6056627601915401,0.2609964118442673,0.6390187202755337,-0.7691911824360829,0.8206955599981764,1.1322841515676665,1.38390382254267,0.8990424656224884,2.559610705596107,0.9172847655600006,1176.197080291971,511.2919708029197
407,243.0,59.941125496954285,0.6405017314122662,0.94921875,20.467779528413878,15.718368942460733,0.8109599019915826,516.5102880658436,1157.4485596707818,0.8498971071524208,1.3021567061658255,0.23204327461901253,17.58969042850512,0.5960085271219268,0.26366017767526473,0.6888028707013759,0.7249486915041254,0.6841055250318815,0.8206955599981764,1.2860655255279028,1.074934928330462,1.1344307270233196,0.9126473641005526,1157.4485596707818,516.5102880658436
408,158.0,50.38477631085024,0.9035642006721301,0.9634146341463414,21.76877333657053,9.326890197628689,0.03644617582075813,520.9430379746835,692.7911392405064,0.7821107970604333,2.3339798019821356,0.5715472776796318,14.183506197980657,0.35674106037101255,0.26592293924179866,0.9993359116492634,0.03643810763658783,1.5415226564515052,1.7660231463001628,1.9756741683326593,0.567835527655359,2.5654008438818563,0.8268764230511064,692.7911392405064,520.9430379746835
409,536.0,85.25483399593904,0.7218672198483137,0.9781021897810219,31.446486153053865,21.761961706773164,-1.2425796309582453,521.3843283582089,1644.0223880597016,0.9266945897448862,1.4450207466023848,0.30796841335928427,26.123866405607867,0.8465614768587547,0.2661482023268039,0.3223554327827237,-0.9466187062146315,0.7014497580911226,1.0429573855692575,1.3211173767650235,0.978625347803021,0.6007462686567164,0.8668949054964542,1644.0223880597016,521.3843283582089
410,318.0,83.45584412271572,0.9502432211472005,0.9164265129682997,37.29948698554601,11.619123711117146,1.4965212077242436,518.1163522012579,885.6572327044025,0.5737510265476231,3.2101807255789834,0.6884910584529034,20.12188299403865,0.4560541877983535,0.2644800164375997,0.07420684449284308,0.997242871235696,0.7233224866634884,1.1177036619047045,1.615928504626765,0.8678158382052726,1.3731656184486374,0.8034354647738611,885.6572327044025,518.1163522012579
411,311.0,65.35533905932738,0.4381245327418235,0.9539877300613497,21.12510696603069,18.989660447802894,-0.30494058171189314,522.8906752411575,1142.5337620578778,0.9149726423489761,1.1124531175319075,0.10108571386935972,19.899183360445615,0.5883284047671873,0.2669171389694525,0.9538647937903236,-0.3002364987261599,0.6841055250318815,0.8258484854171453,1.101105415563842,1.148958913042071,0.9581993569131833,0.8481145718174773,1142.5337620578778,522.8906752411575
412,262.0,59.698484809834994,0.7307314906010576,0.9597069597069597,22.159904492859383,15.127790980191559,-0.24359685085120336,523.6259541984733,511.1832061068702,0.9238139972488998,1.4648473476316353,0.31733500994707764,18.26441241104166,0.26322513187789404,0.2672924727914616,0.9704767125452366,-0.2411948390977515,1.8243205179955078,1.9736115348003982,1.9773451161156042,0.5194555884086551,1.460559796437659,0.7165844977605103,511.1832061068702,523.6259541984733
413,312.0,63.94112549695428,0.5128878232958527,0.9629629629629629,21.523409409603847,18.476892135355985,-0.21321300361203618,525.5961538461538,463.1314102564103,0.9589675356563996,1.164882559898603,0.14154436298965212,19.931149940667517,0.23848167366447492,0.26829818981426945,0.9773560851713613,-0.21160123529533295,0.9221325176978122,1.0571468129972668,1.1528243295354943,0.9578227049417488,1.5886752136752138,0.7747354741103406,463.1314102564103,525.5961538461538
414,494.0,81.84062043356595,0.5561205594484961,0.9667318982387475,27.59808359300657,22.93681232493975,1.0207291055757002,527.8623481781376,441.3825910931174,0.9268276609823669,1.203222278755732,0.16889836761158294,25.079480359432697,0.22728248768955583,0.2694550016223265,0.5227445354874524,0.8524893844605971,0.9221325176978122,0.9691272045386998,1.108867106991956,0.9999577253777299,0.8022941970310391,0.8908998958443028,441.3825910931174,527.8623481781376
415,254.0,57.69848480983499,0.6245897851967586,0.9621212121212122,20.37682728125652,15.913344552578813,-1.1795804319670251,523.992125984252,1769.7795275590552,0.9587707222051792,1.2804867772409532,0.2190469923049998,17.983404693292407,0.9113179853548173,0.26747939049732106,0.3813127259529079,-0.924446107150851,0.8775723562327296,1.1486110672294938,1.6289439028356387,0.8207648413273156,1.6377952755905512,0.8822574620095146,1769.7795275590552,523.992125984252
416,354.0,75.11269837220809,0.8834548098662285,0.944,31.235140759519936,14.634175097305244,-0.2991692875261312,530.8446327683616,1124.638418079096,0.7884722227117238,2.134397091180877,0.5314836193640332,21.23032733700184,0.5791135005556622,0.2709773521022775,0.9555816517885063,-0.2947264948475959,0.8258484854171453,1.339774713014552,1.4590637930678763,0.8276576727964217,0.6195856873822976,0.8793929185505348,1124.638418079096,530.8446327683616
417,426.0,85.94112549695429,0.6511935526012145,0.922077922077922,27.52766785734574,20.89106900487431,-0.5805458753830465,530.0140845070423,964.62441314554,0.7247986724199522,1.3176763645231835,0.2410883074753627,23.28948359361322,0.49671699956001025,0.2705533866804708,0.8361633725290896,-0.5484804594885574,1.4957165784911477,2.7140749646534275,2.947838503074312,0.41913314611514324,0.852112676056338,0.8433530102619266,964.62441314554,530.0140845070423
418,672.0,112.08326112068524,0.8682924529688167,0.8912466843501327,43.54127205662139,21.598762709789117,1.2060746680500265,534.6279761904761,769.7053571428571,0.6721986255143634,2.015915107807882,0.5039473655776081,29.25093116572581,0.3963467338531705,0.27290861469651667,0.3566892754730207,0.9342230786929487,1.1058390871485833,1.4933057730798298,1.7774537057864517,0.6854638264737325,0.7281746031746031,0.9012035132305538,769.7053571428571,534.6279761904761
419,411.0,75.01219330881976,0.26322662754972215,0.958041958041958,23.408263694693595,22.58274849558564,-1.11536900363251,531.978102189781,727.6399026763991,0.9178843340376305,1.0365551252217737,0.03526597315695357,22.875783109789968,0.37468584071905203,0.2715559480294952,0.43984612141335516,-0.8980731537450767,1.2042101006775485,1.2364081614857678,1.5415226564515052,0.7533635954409024,0.8369829683698297,0.8061162928753692,727.6399026763991,531.978102189781
420,409.0,81.4558441227157,0.5939360519700867,0.9191011235955057,26.193978379274945,21.073376576296088,-0.264687287664268,533.3936430317848,893.4547677261613,0.7746199445591659,1.2429891472038064,0.1954877464138991,22.820056393372074,0.4600693963574466,0.27227853140979313,0.9651743559512711,-0.2616074590183719,0.7233224866634884,0.885078187204797,1.5701957533774733,0.9438128018659757,0.993480032599837,0.7364791587700136,893.4547677261613,533.3936430317848
421,379.0,71.35533905932738,0.3902852673497931,0.9668367346938775,23.12988053206648,21.295541830333818,-0.34166470313082503,537.9841688654353,1179.1029023746703,0.9353973296334498,1.0861372167164016,0.07930601713180474,21.967197988242077,0.6071590640446294,0.27462183198848156,0.9421982024806069,-0.33505603597355665,1.1322841515676665,1.2860655255279028,1.472426890039509,0.7710542993757697,0.6200527704485488,0.8740779513614471,1179.1029023746703,537.9841688654353
422,243.0,55.4558441227157,0.319747548664925,0.9642857142857143,18.07149518968507,17.12279180715373,0.3627267556950145,536.395061728395,1243.851851851852,0.9929365491729245,1.0554058820089711,0.05249722685220004,17.58969042850512,0.6405004386466797,0.2738106491722282,0.9349327798101829,0.35482488249332816,1.4014113849890124,1.4709461136055368,2.7313427773020393,0.535360538982432,2.1893004115226335,0.8714114371291087,1243.851851851852,536.395061728395
423,430.0,87.35533905932738,0.8920696022878888,0.9188034188034188,35.660024308287376,16.114694543544985,1.2808551688577694,536.6139534883721,1592.239534883721,0.7081078552461355,2.2128886285698544,0.5481019753595643,23.398568422792877,0.8198967738845113,0.27392238565001126,0.2858958395634589,0.9582606998725894,0.8611962912686089,1.563239186712814,1.8117971511156727,0.7081764064121793,0.8682170542635659,0.810232555689797,1592.239534883721,536.6139534883721
424,550.0,107.25483399593905,0.8902177348753783,0.847457627118644,40.578878074470026,18.48511028236456,-0.5484683794172712,549.1090909090909,471.82363636363635,0.6008122839002106,2.195219690584356,0.5444647274761802,26.462837142006137,0.2429575882408014,0.2803007100097452,0.8533240803125873,-0.5213808722600753,0.8702686818010571,0.9383616893564789,1.0571468129972668,1.046836445131649,0.6224242424242424,0.8203925888620688,471.82363636363635,549.1090909090909
425,507.0,87.84062043356595,0.8240016559668271,0.949438202247191,33.8729674004162,19.191996204615034,0.27848880861305847,544.5739644970414,857.938856015779,0.8257090300691919,1.7649527979935138,0.4334126095967836,25.40733061895184,0.4417810793078162,0.2779856888703631,0.9614719670469993,0.27490299485959385,0.7000788372269584,1.5701957533774733,1.5878689196499483,0.7775760523232067,0.8645627876397107,0.7560789705780032,857.938856015779,544.5739644970414
426,394.0,78.18376618407358,0.8158997633427318,0.9425837320574163,29.647043598355438,17.141724127257604,0.3747179367312691,542.0888324873097,874.3527918781726,0.8099774196932256,1.729525185346597,0.42180662734922825,22.397686948112614,0.450233157506783,0.27671711714513,0.9306108969222971,0.3660100524978483,0.7000788372269584,0.885078187204797,1.1177036619047045,1.1099351199141128,1.0439932318104908,0.7246933337253271,874.3527918781726,542.0888324873097
427,489.0,85.25483399593904,0.7534568081799499,0.9569471624266145,31.088821077778857,20.440819197937973,-0.1600313520147017,552.6748466257669,937.3394683026585,0.8454359223605398,1.5209185491408794,0.3425025945242962,24.952237121658943,0.4826670794555399,0.28212090179977894,0.9872222879436748,-0.1593491581002424,1.2223573749783603,1.4957165784911477,2.021403138677181,0.6329812216986972,0.7852760736196319,0.7351599670529417,937.3394683026585,552.6748466257669
428,325.0,67.94112549695429,0.6113270675890371,0.9475218658892128,23.157544243538553,18.326372182994092,-0.29532384648368853,550.1907692307692,1211.8153846153846,0.8847646266126883,1.2636185717666224,0.2086219510038272,20.342144725641095,0.6240038025825874,0.28085286841795265,0.9567079370714779,-0.2910496918817076,1.4709461136055368,1.472426890039509,1.4955833374087704,0.675834536207174,1.1723076923076923,0.9613334663804519,1211.8153846153846,550.1907692307692
429,536.0,86.42640687119285,0.6625792940190512,0.9605734767025089,30.298435638743726,22.69327909120426,-1.2799947600217603,550.5876865671642,1763.902985074627,0.9017408372257842,1.3351281459578561,0.2510082249201827,26.123866405607867,0.9082919593587162,0.28105548063663305,0.2867202296102805,-0.9580143578946132,0.7602457322798937,1.1486110672294938,1.2712914029213571,0.9433522619187845,0.527363184079602,0.8761051916370982,1763.902985074627,550.5876865671642
430,443.0,83.59797974644665,0.7345310371952501,0.9345991561181435,29.70174826887979,20.15486656223515,1.440233566915324,549.3340857787811,449.5733634311512,0.7965664774484446,1.4736762546735465,0.3214249080633227,23.74963406702674,0.23150018714271434,0.2804155619085151,0.13019213331465662,0.9914887838109813,0.9383616893564789,0.9691272045386998,1.1528243295354943,0.9802918136062359,1.020316027088036,0.828869160179659,449.5733634311512,549.3340857787811
431,271.0,62.2842712474619,0.7983107620582366,0.9644128113879004,24.072475145378775,14.497545524297273,1.5164589161176825,546.2324723247233,1801.361623616236,0.8778541773960287,1.6604517713039304,0.39775426345884557,18.575465448360347,0.9275806506777735,0.278832298277041,0.054310675599347116,0.9985240860970468,1.0296373423416316,1.5903051388390725,1.6289439028356387,0.7060673618587541,1.8991389913899137,0.8780445516729755,1801.361623616236,546.2324723247233
432,340.0,77.698484809835,0.9066646168750934,0.9340659340659341,32.80991876751688,13.84093617520028,-0.018495220951215488,557.5029411764706,713.214705882353,0.7077236058310873,2.370498523525062,0.5781478072751782,20.806283791440396,0.3672578300115103,0.28458547278023,0.9998289682765137,-0.018494166516020497,0.8028305882189779,1.2190960232261652,1.2364081614857678,0.920715705741146,1.427450980392157,0.8525767894424244,713.214705882353,557.5029411764706
433,258.0,57.4558441227157,0.6003683471059447,0.9699248120300752,20.272328992289808,16.212260066541948,0.007935326418551,551.7906976744187,1636.4806201550387,0.9821123015865117,1.2504320131236253,0.2002763928748409,18.12445316531431,0.8426779712435832,0.2816695751273194,0.9999685154625296,0.007935243138348876,1.3211173767650235,1.4795280792927032,1.7677845003045565,0.6566807477965184,1.430232558139535,0.8445265534218263,1636.4806201550387,551.7906976744187
434,443.0,81.59797974644667,0.7886566437425518,0.9588744588744589,30.756843450221897,18.910349352153364,0.37245114408358415,558.7607223476298,1148.5733634311512,0.8360933660175082,1.6264555919861705,0.3851661213947839,23.74963406702674,0.59143839517567,0.28522752544544655,0.9314381742070378,0.36389961202213433,1.330130326098078,1.53396390556203,1.5507133632934784,0.679531312628255,0.5379984951091046,0.8402255309250136,1148.5733634311512,558.7607223476298
435,76.0,32.72792206135785,0.8713610959873613,0.95,14.03765832275207,6.887468592009205,0.11295119527552376,551.4868421052631,414.0921052631579,0.8916339405489973,2.038144803888974,0.5093577266483201,9.83698151873187,0.21322971434766114,0.2815144676392359,0.9936277927704025,0.11271117705985581,1.4990276154675612,1.5221804980213864,2.338557628853785,0.5597259552408557,5.478070175438596,0.8941205580290704,414.0921052631579,551.4868421052631
436,534.0,85.01219330881976,0.682404112695274,0.9726775956284153,30.523212762961418,22.311709131348486,0.005715531886559063,560.189138576779,732.061797752809,0.9285144757345872,1.3680356167818435,0.26902487937237174,26.075082298788182,0.3769628206760087,0.2859566812540985,0.9999836663920915,0.005715500768106237,0.8028305882189779,1.1558431545939547,1.2042101006775485,0.9485014779073498,0.7846441947565543,0.8451519600833369,732.061797752809,560.189138576779
437,308.0,66.87005768508881,0.38819119572090605,0.9361702127659575,20.913192383531296,19.2731559999268,-0.446223806723937,554.8019480519481,1601.525974025974,0.865560013156393,1.0850943345039454,0.07842113980149634,19.802974013476614,0.8246786683964851,0.28320671161406236,0.9020831923581257,-0.4315621786776185,0.8611962912686089,1.1432325537108274,1.4795280792927032,0.8610898656925137,1.0887445887445888,0.8225236393613614,1601.525974025974,554.8019480519481
438,506.0,83.59797974644667,0.6929865373123683,0.9730769230769231,30.14024689142847,21.729626811769936,-0.7428220230206118,558.7549407114625,759.4328063241106,0.9098479403812931,1.3870577323998443,0.2790494752732239,25.38226171238474,0.39105705783939787,0.2852245741252999,0.7365627647349716,-0.6763691991848644,0.9477698974342886,1.1058390871485833,1.1558431545939547,0.9347389741008734,1.157444005270092,0.8255304555072295,759.4328063241106,558.7549407114625
439,140.0,48.2842712474619,0.9095634254011274,0.9395973154362416,21.043200377083057,8.744820247165617,-0.9476432847376837,552.6714285714286,1843.6714285714286,0.754616918233706,2.406361684095635,0.5844348725258968,13.351162356249091,0.9493673679564514,0.2821191570043025,0.5835984610598375,-0.8120423857463288,1.656808250251815,1.8047856952688073,2.055005187589873,0.5438133037425308,3.666666666666667,0.8291688262832652,1843.6714285714286,552.6714285714286
440,494.0,88.76955262170047,0.8671960545405575,0.9518304431599229,35.677064340955475,17.765996038146557,0.07407071026520755,566.493927125506,1561.3684210526317,0.7877868926615613,2.0081657265008315,0.5020331306308718,25.079480359432697,0.8040002168139195,0.2891750521314477,0.9972580189341498,0.07400299771992351,0.8301252819999422,1.2371765036354716,1.763797705661921,0.7830650200587985,0.767881241565452,0.7647131607069687,1561.3684210526317,566.493927125506
441,551.0,88.91168824543142,0.7395954949963495,0.9717813051146384,32.5437698057985,21.903637486646055,-0.45537612846759673,568.6206896551724,779.6261343012704,0.8758782652727379,1.4857701067066778,0.3269483646991822,26.486883341553696,0.4014552699800569,0.2902606889510834,0.8980956703561286,-0.4398001442559745,0.9477698974342886,1.139225282978718,1.4933057730798298,0.83791838702087,0.9516031457955234,0.8252412750644625,779.6261343012704,568.6206896551724
442,272.0,69.59797974644665,0.8319636438337052,0.8774193548387097,26.39049650766322,14.642243135681557,1.0494080036946438,563.4742647058823,486.6397058823529,0.705643753481362,1.8023533869173667,0.44516985000908293,18.609705966725112,0.25058687223602105,0.28763362159565203,0.4980844720171856,0.8671285133908131,0.8702686818010571,1.2983934224472837,1.6729985002665204,0.7809122951866931,1.8590686274509804,0.762971718843961,486.6397058823529,563.4742647058823
443,318.0,71.698484809835,0.8366517672959086,0.9325513196480938,27.793826114032026,15.22365616858397,0.24210407549928092,571.7232704402516,1580.3459119496856,0.7773507612514368,1.8256998060287426,0.4522648265077065,20.12188299403865,0.8137723542480358,0.29184444637072565,0.9708356808279325,0.23974586718307553,0.8301252819999422,1.1432325537108274,1.2098547366266037,0.9424441289502561,1.3773584905660377,0.7681918711770103,1580.3459119496856,571.7232704402516
444,754.0,110.66904755831214,0.8568645794099536,0.9568527918781726,43.80924768378176,22.58548757318756,-1.281756038063817,569.657824933687,1808.2453580901856,0.773622095587963,1.9397078562868868,0.4844584473074909,30.984231743425763,0.9311253131257392,0.290790109716022,0.28503245611277694,-0.9585178657501997,1.0234850181780215,1.0296373423416316,1.3968230012163114,0.869578989068523,0.5534924845269673,0.8687172434192107,1808.2453580901856,569.657824933687
445,512.0,97.01219330881975,0.7804618936806342,0.8904347826086957,34.066045928831116,21.298206135705136,0.7383046904498378,571.466796875,884.29296875,0.6836395474816181,1.599479585828662,0.3747966470719801,25.532305945691693,0.45535168318743563,0.2917135257146503,0.7396106237115962,0.6730350104511232,1.1008041483883377,1.3078903746233457,1.3899423271202824,0.7897569887197242,1.0970052083333333,0.6964191639108955,884.29296875,571.466796875
446,317.0,75.11269837220809,0.7662206604422027,0.8854748603351955,26.726600940013423,17.173913580239475,-0.4137582393682625,573.5110410094637,917.1892744479495,0.7060612841797074,1.556232411159061,0.3574224564213945,20.090219901261573,0.47229107850048896,0.29275703982106366,0.9156162802080076,-0.4020532644041725,1.2223573749783603,1.3899423271202824,1.965693702917094,0.6553089387837786,1.4826498422712935,0.7678984714671079,917.1892744479495,573.5110410094637
447,50.0,27.727922061357855,0.8673533140368194,0.8771929824561403,11.527061850233132,5.736936909266118,-0.5915781927134203,564.72,1117.6,0.8172317277143409,2.0092711550679576,0.5023070940536256,7.978845608028654,0.5754891864057672,0.2882695252679939,0.8300615997437252,-0.5576717140315507,1.330130326098078,1.4590637930678763,2.0535900346000604,0.6194783630129448,7.386666666666667,0.8465127436927361,1117.6,564.72
448,226.0,57.11269837220809,0.6419627645128301,0.9456066945606695,19.7607629822677,15.151284697026664,1.1841730529102994,568.6106194690266,1763.486725663717,0.8706687240640598,1.3042301941660177,0.2332641856682025,16.96325844612841,0.9080776136270426,0.2902555484783188,0.37706308897638385,0.9261875765370574,0.582455638648133,0.7602457322798937,1.2525760925518328,1.1559457677320832,2.0206489675516224,0.8642947709545465,1763.486725663717,568.6106194690266
449,511.0,95.01219330881976,0.88724394615083,0.9358974358974359,38.23530299160566,17.637965577856434,-0.1460628548498092,585.6751467710371,706.7318982387476,0.7113315585550557,2.167784193864633,0.5386994688722946,25.507359866510456,0.36391961804260947,0.29896638426290817,0.9893517725188489,-0.14554404904980428,1.2190960232261652,1.515302927333975,2.4300521464991744,0.5808942603228884,0.8382257012393999,0.851374138534435,706.7318982387476,585.6751467710371
450,521.0,82.76955262170047,0.4181720309007602,0.9756554307116105,27.0794143691173,24.59806943445816,-0.5399247217826608,579.1612284069098,1191.358925143954,0.9556665203349816,1.1008755968134292,0.0916321490869827,25.75573339679963,0.6134700953367425,0.2956412600341551,0.8577473821744731,-0.5140714234158892,0.9309805825902131,1.4955833374087704,1.8117587879345323,0.7078271775729683,0.5399872040946897,0.8709254419188154,1191.358925143954,579.1612284069098
451,368.0,76.08326112068522,0.7843273196586324,0.9387755102040817,28.23436936245563,17.5151121390949,0.8592946743416451,579.3125,1754.7554347826087,0.7988761286420556,1.6120004906754,0.37965279428605037,21.646065519224038,0.9035815833072136,0.29571847881572233,0.6529718316356489,0.7573821935392895,0.582455638648133,1.1074158658763973,1.2712914029213571,1.0131154866408925,1.013586956521739,0.8668768891628563,1754.7554347826087,579.3125
452,974.0,146.12489168102783,0.8931825421638162,0.8521434820647419,55.98084385967947,25.17426532985407,0.37898325643208547,594.6232032854209,872.2443531827515,0.5732187878597534,2.2237329719923142,0.550305718989242,35.21555503711461,0.4491474527202634,0.303534049660756,0.929041286501406,0.36997606405794997,1.1008041483883377,1.4894895700117008,2.0940591627162126,0.6404299753107241,0.4288158795345654,0.7507295395857705,872.2443531827515,594.6232032854209
453,524.0,85.94112549695429,0.6794278940034358,0.9650092081031307,30.311593195700798,22.240897571877507,0.2944545602819729,587.2290076335878,506.2270992366412,0.8915363951832277,1.362876345153816,0.2662577176896128,25.829779740470595,0.2606730686079512,0.29975957510647666,0.9569605810485602,0.29021792901060056,1.2983934224472837,1.8675645766645437,2.165435485366106,0.5627046678761077,0.688295165394402,0.6970506851905656,506.2270992366412,587.2290076335878
454,395.0,74.5269119345812,0.7555163291394791,0.9541062801932367,27.898296492453316,18.277005860406852,0.013848958160138957,586.3746835443038,799.9873417721519,0.8936772592977311,1.5264150323926355,0.3448701835486295,22.42609239636699,0.4119399288219114,0.29932347296799583,0.9999041047116296,0.013848515474030012,1.139225282978718,1.2586117873078058,1.6694033076766215,0.7376008598494455,1.2354430379746835,0.8635496486030361,799.9873417721519,586.3746835443038
455,497.0,81.25483399593904,0.4687896040830692,0.970703125,26.837350154264747,23.70569598217138,0.8570934452062094,587.0905432595573,1022.5975855130785,0.9459492517218921,1.1321055570124845,0.11669014094507058,25.15551736167189,0.5265693025299065,0.29968889395587406,0.6546374200829862,0.7559430191668496,0.8611350195514655,0.9661093335933728,1.4729233257420735,0.9090447189070849,0.9624413145539906,0.7526098926643775,1022.5975855130785,587.0905432595573
456,512.0,99.39696961966997,0.8837266445810158,0.8752136752136752,39.036094232179686,18.269026293313036,0.8576604836345523,595.66015625,1564.53125,0.6512287077130763,2.1367364415293424,0.5319965623442717,25.532305945691693,0.8056288619979403,0.3040633773608984,0.6542086661208256,0.7563141021906243,1.2098547366266037,1.2371765036354716,2.082876911571006,0.6622650834070477,0.80078125,0.711932155309758,1564.53125,595.66015625
457,466.0,81.01219330881976,0.402847680281981,0.9608247422680413,25.766554740201872,23.5832781751882,0.7820374125325608,591.0450643776824,1782.9527896995708,0.8922673469957997,1.0925773146886204,0.08473296438065303,24.35835848013133,0.9181013335219211,0.3017075366910068,0.7094791931827762,0.7047263826767926,0.9563108459991999,1.2525760925518328,1.2879349536370621,0.8579218766337526,0.6866952789699571,0.8189868482105925,1782.9527896995708,591.0450643776824
458,931.0,119.1126983722081,0.8100569590359059,0.9697916666666667,45.43095892343591,26.6384970252933,-0.08154237195951095,600.7078410311493,1929.6519871106336,0.8246001672058627,1.705462544688581,0.4136488056484402,34.42943531556155,0.9936415999539823,0.30664004136352696,0.9966772625171912,-0.08145203730563089,1.159053332690016,1.4027350110958845,1.5289143231291689,0.7333703386128516,0.3594701038310061,0.8985069002110091,1929.6519871106336,600.7078410311493
459,515.0,87.9827560572969,0.7076653372262913,0.9572490706319703,31.038398635051053,21.93011176161254,-0.9257932630140989,592.6970873786407,1815.8757281553399,0.836030205865804,1.4153324420982691,0.29345221641533736,25.60699837034026,0.9350544429224201,0.30255083582370634,0.6012008867777408,-0.7990979249989691,0.7918765149661829,0.865479344559619,1.0234850181780215,1.11905187098219,0.8860841423948219,0.813004561887463,1815.8757281553399,592.6970873786407
460,249.0,61.94112549695428,0.8434916433994905,0.9540229885057471,24.50111215911523,13.160583670788208,-0.6860571903265317,591.9718875502008,1042.425702811245,0.8155508154473026,1.861704068148508,0.46285770273117854,17.805522925178455,0.5367794556185608,0.3021806470394083,0.7737497586636767,-0.6334913661352474,0.6506785201271269,0.8611350195514655,1.513881024415236,0.991507879083782,2.253012048192771,0.7960760380892405,1042.425702811245,591.9718875502008
461,435.0,78.76955262170047,0.7209953753860797,0.9623893805309734,28.413320814253964,19.688722938651477,0.0352899511245842,598.3080459770115,1718.9379310344827,0.8810130942324177,1.443126651880249,0.3070601262217003,23.534213434057992,0.8851379665471075,0.30541503112660107,0.999377374296003,0.03528262667697146,0.9936566711757968,1.3155001085144111,1.4770596469123283,0.7923477324015449,1.29272030651341,0.8020956067360863,1718.9379310344827,598.3080459770115
462,671.0,115.29646455628166,0.9300338251806233,0.9141689373297003,49.880971648078855,18.329956330152154,0.6574820116823257,605.7198211624441,1009.2637853949329,0.634308313615465,2.7212815322438253,0.6325260770885941,29.229158977248975,0.5197032880509438,0.3091984794091088,0.7915335465578406,0.611125719204786,0.9661093335933728,1.513881024415236,1.9026660094509285,0.6845163636999877,0.626428216592151,0.8564902053665198,1009.2637853949329,605.7198211624441
463,424.0,78.59797974644667,0.6927739354548312,0.9380530973451328,27.756951327145657,20.017059237021737,0.4677413443376893,599.6462264150944,837.2830188679245,0.862487787095986,1.3866647941875956,0.2788451800379995,23.23474912642073,0.4311447059052134,0.3060981247652345,0.8925889273202787,0.45087138612384153,0.8352046149214157,1.4894895700117008,1.6694033076766215,0.7511083556550354,1.466194968553459,0.79657376037152,837.2830188679245,599.6462264150944
464,140.0,47.112698372208094,0.8895060629006917,0.9395973154362416,19.872671320157206,9.080287907250085,-0.7701702544721806,595.6428571428571,1176.6714285714286,0.7926143695103078,2.1885507952110226,0.543076632176783,13.351162356249091,0.6059070178019714,0.3040545467804273,0.7177921390690077,-0.696257456039602,0.9309805825902131,1.53385897049596,1.8420492431055624,0.6965585001063131,2.8666666666666667,0.8733517762116988,1176.6714285714286,595.6428571428571
465,515.0,89.49747468305833,0.8169154106328865,0.960820895522388,34.19319817271288,19.721183437717837,-1.03707301321852,601.9184466019417,1054.221359223301,0.8079705489303647,1.7338309478586629,0.4232425016781295,25.60699837034026,0.542853429054223,0.30725801255841845,0.5087423309452945,-0.860918835143214,0.6506785201271269,1.2633947859354773,1.4729233257420735,0.8857404733826157,0.7572815533980582,0.8821202452180733,1054.221359223301,601.9184466019417
466,357.0,73.59797974644665,0.7803248533093098,0.941952506596306,27.48359224865983,17.187534641707497,0.6439097501700939,602.3501400560224,1742.1512605042017,0.8282211061987247,1.5990421442972853,0.3746256134859661,21.320096563347295,0.8970912772936157,0.3074783767514152,0.7997547483856291,0.6003268629960175,0.9936566711757968,1.1074158658763973,1.463097504683394,0.8417106829558382,1.181139122315593,0.8368733170162326,1742.1512605042017,602.3501400560224
467,366.0,76.42640687119285,0.7740426560147933,0.9242424242424242,27.88304178628923,17.6536864682051,0.47019413575337704,605.8551912568306,1800.1256830601094,0.7874156919256622,1.5794458475575373,0.36686654908339855,21.587164551489145,0.9269442240268329,0.3092675810397298,0.8914803499746543,0.4530593621249514,0.865479344559619,0.9095145361347949,0.9563108459991999,1.0983761609169314,1.1202185792349726,0.8687578170034557,1800.1256830601094,605.8551912568306
468,868.0,120.81118318204308,0.8186299883431045,0.9089005235602095,45.00277131469563,25.846049598165713,-0.2038114029763419,616.1751152073733,1688.8122119815669,0.7473349858353098,1.7411856749624695,0.4256787117080121,33.244126170349574,0.8696252378895812,0.31453553609360557,0.9793022521924816,-0.20240330741055867,1.3524995148542311,1.4492088372199645,1.4770596469123283,0.7011364020462397,0.4704301075268817,0.8456897537116119,1688.8122119815669,616.1751152073733
469,308.0,65.698484809835,0.6344118324194729,0.9595015576323987,22.63543551144758,17.49708369811254,-0.9751716403318821,603.6168831168832,1838.724025974026,0.8967055820000684,1.2936690423381427,0.22700476916984358,19.802974013476614,0.9468197868043389,0.3081250041433809,0.5610259782571358,-0.8277981950455218,0.7999304620321024,0.8749940554285716,1.0679202540704633,1.0937549332495804,1.0919913419913418,0.8822107089463227,1838.724025974026,603.6168831168832
470,353.0,68.52691193458118,0.5119172404145718,0.9618528610354223,22.94797341959833,19.71310710717055,-1.512683217677473,604.2067988668555,1902.3909348441925,0.9446311149581196,1.1640972321025493,0.14096522831358593,21.200319792199185,0.9796039829269787,0.30842613520513296,0.05808040535270118,-0.9983119084304594,0.889153914828582,1.159053332690016,1.7495739412983649,0.7899349253806068,1.5495750708215297,0.8832595886385457,1902.3909348441925,604.2067988668555
471,496.0,82.18376618407356,0.6636685192932738,0.9763779527559056,29.210752378205058,21.850425685262504,0.3407384379816387,616.5604838709677,826.9798387096774,0.9228252339570755,1.3368504943089912,0.2519731980075356,25.13019725725687,0.42583925783196575,0.31473225312453684,0.942508148977862,0.3341831670062459,0.8352046149214157,1.2299941342222989,1.707674823629649,0.7951498883104,0.8790322580645161,0.8694826466113671,826.9798387096774,616.5604838709677
472,249.0,59.698484809834994,0.5912064418596231,0.9467680608365019,20.074834569907065,16.190760962465912,-0.7706791222753094,610.722891566265,1821.136546184739,0.8779758981487635,1.2398944445196474,0.19347973174650845,17.805522925178455,0.9377634120415752,0.31175236935490813,0.7174377431473737,-0.6966226271860562,0.7918765149661829,0.7999304620321024,0.9095145361347949,1.1993660088271858,1.5917001338688086,0.840050493263845,1821.136546184739,610.722891566265
473,489.0,84.91168824543142,0.7788799745762249,0.9569471624266145,31.846458195832493,19.973239063095956,0.99001226496772,616.1411042944785,797.8159509202454,0.8522828934403843,1.59445636710344,0.3728269894166848,24.952237121658943,0.4108218078889008,0.3145181747291876,0.5486796067086777,0.8360327082010672,1.2299941342222989,1.2586117873078058,1.8038743397155972,0.6988966325798276,0.896387184730743,0.8929967601169309,797.8159509202454,616.1411042944785
474,424.0,77.59797974644665,0.6985059411192661,0.9614512471655329,27.843827184700924,19.92516121755261,-1.0375386027156612,618.4551886792453,1079.2028301886792,0.8848606684850253,1.3974204213802068,0.28439574468768813,23.23474912642073,0.5557172143093095,0.31569943271018136,0.5083414410512954,-0.8611556069084683,1.128208822139462,1.2633947859354773,1.9111938185484882,0.6972208316007609,0.8121069182389936,0.8049761898320783,1079.2028301886792,618.4551886792453
475,269.0,65.35533905932738,0.8728015364216185,0.9539007092198581,26.62836702192967,12.996647664883053,-0.7714964660268213,621.7620817843866,1105.7509293680298,0.7914072051185678,2.0488642693515136,0.5119247209496653,18.5067943613625,0.5693877082224664,0.3173874843207691,0.7168681234168586,-0.6972087876875848,1.128208822139462,1.630651439474136,2.32368937014054,0.5902549345031405,1.3717472118959109,0.8497498255950466,1105.7509293680298,621.7620817843866
476,151.0,45.79898987322333,0.8064700086593326,0.9556962025316456,18.1417846148812,10.726783690616235,-0.30371941031408733,620.2384105960265,1864.1258278145694,0.9046383868897983,1.6912604130119253,0.40872500041603654,13.86575534383214,0.9599000143226413,0.3166097042348272,0.9542307226941006,-0.2990714427468703,0.5794385921931291,0.9936551199560392,1.2801671758356397,1.05142856464094,2.543046357615894,0.8705880414319171,1864.1258278145694,620.2384105960265
477,245.0,57.45584412271571,0.6507990489031077,0.9607843137254902,20.395815953166565,15.485523738547485,-1.1347626899204977,620.7714285714286,1850.395918367347,0.9326260228244005,1.317089192301329,0.24074997665669406,17.66192765414112,0.9528300300552764,0.3168817910012397,0.42234755039723093,-0.9064339725945064,0.5794385921931291,0.8749940554285716,1.0629331287255714,1.1917219294023438,1.4394557823129253,0.8612588294537163,1850.395918367347,620.7714285714286
478,348.0,73.4558441227157,0.772526288806656,0.93048128342246,27.114809787264626,17.21743734499027,0.19797878240052857,628.2097701149426,1160.4741379310344,0.8104689857089368,1.5748458521415314,0.3650172182628767,21.049640414216977,0.597566497389822,0.3206788004670457,0.9804661295733064,0.19668799851424687,0.6963044350616093,1.53385897049596,1.5703447532321566,0.7893681251707539,1.7385057471264367,0.8026549472579761,1160.4741379310344,628.2097701149426
479,559.0,87.35533905932738,0.7011595393633419,0.9738675958188153,31.614516360223796,22.541289843809,-1.433139617928638,625.2826475849731,1902.9964221824687,0.9205402118199761,1.402515853320025,0.28699558180907014,26.678472698169138,0.9799157683740828,0.3191846082618546,0.1372223692869707,-0.9905402674133295,0.889153914828582,1.5272148208260743,1.5289143231291689,0.7604017139710075,0.8205128205128206,0.8665268853396378,1902.9964221824687,625.2826475849731
480,335.0,70.21320343559641,0.3637026630060274,0.9490084985835694,21.704994972456532,20.2185304620079,0.9501375100901482,624.955223880597,1144.2865671641791,0.8539198225911778,1.0735199085433933,0.06848490461918755,20.65272978291924,0.5892309820618842,0.3190174700768744,0.5815712311253144,0.8134954843927446,0.6963044350616093,1.630651439474136,1.8420492431055624,0.7195961423279101,0.7532338308457712,0.7981635201126042,1144.2865671641791,624.955223880597
481,462.0,83.59797974644667,0.7824784136208843,0.9625,31.181601295828177,19.416088131246447,0.14885250905902797,629.4632034632035,1720.504329004329,0.8307307281742242,1.6059672311461857,0.3773222886457679,24.253590861306396,0.8859445566448656,0.32131863372292163,0.988941905826761,0.14830342848273517,0.9939540914535507,1.1131390221394655,1.3155001085144111,0.8765283530108728,0.5678210678210678,0.8554088646571664,1720.504329004329,629.4632034632035
482,1340.0,148.71067811865476,0.7623173757349961,0.9403508771929825,52.09183495585744,33.71401179746657,-0.5749869695386824,645.2873134328358,1193.5649253731344,0.7614306496724426,1.5451093530130364,0.3527966172426873,41.30545956583848,0.6146060377822525,0.3293962804659703,0.8391993887676126,-0.5438238555746385,1.5703447532321566,1.7111880243529116,2.2114447373717376,0.5461518806205401,0.22189054726368157,0.8112061924809186,1193.5649253731344,645.2873134328358
483,418.0,95.94112549695429,0.9114700168418558,0.831013916500994,38.75658452766029,15.943161050858944,1.3027709317182836,631.3492822966507,1530.3875598086124,0.5706588120162758,2.430922224521608,0.5886334865374829,23.06976657227589,0.788047147172303,0.3222814100544414,0.2648278511671637,0.9642957063298491,0.9909342800419232,1.4567649336020883,2.082876911571006,0.6621674412010067,0.9952153110047847,0.6944034149505961,1530.3875598086124,631.3492822966507
484,260.0,64.52691193458118,0.873057613461169,0.9523809523809523,26.11380608738696,12.733537520429984,1.0324638977255098,629.8153846153846,518.376923076923,0.784696018190124,2.050789581880869,0.5123829334636778,18.19456736586892,0.2669294145607225,0.3214984097066792,0.5127049873993577,0.8585648466457408,1.8675645766645437,1.9185963965518311,3.1013225022959303,0.4355727328662453,2.385897435897436,0.8226055689947588,518.376923076923,629.8153846153846
485,92.0,37.31370849898476,0.8965077577155776,0.9787234042553191,16.51255749780148,7.315525911508435,-0.07322851940398206,632.7934782608696,1938.4239130434783,0.8303493738549313,2.2571934947048327,0.5569719643681822,10.823032759612019,0.9981585546052926,0.3230186208580243,0.9973199899048862,-0.0731630899847562,1.4027350110958845,1.4350400654320021,1.5272148208260743,0.6872868140699678,7.760869565217392,0.8934611577091753,1938.4239130434783,632.7934782608696
486,454.0,79.84062043356593,0.6942326391073541,0.9578059071729957,28.39670360140034,20.43854675522506,-0.7024165820192385,638.2819383259912,1804.555066079295,0.8949894389270737,1.3893699949161402,0.28024931900133765,24.04268606686374,0.9292250597730665,0.3258202850056106,0.7632831506324188,-0.6460641082436389,1.3563343133431411,1.3801631927728666,1.443782954490285,0.7176551976048254,0.580029368575624,0.7561655578234756,1804.555066079295,638.2819383259912
487,1065.0,123.9827560572969,0.6868882746725173,0.9752747252747253,43.57943555653896,31.67192252110523,1.1080481051481996,644.7051643192489,561.3671361502347,0.870636558319687,1.3759643269996924,0.27323697251620427,36.823906842470535,0.2890664964728294,0.3290991139965538,0.4464089782286597,0.8948290474480832,1.5590429397054324,1.9185963965518311,2.247681265241785,0.5239881237767743,0.415962441314554,0.8811549777978523,561.3671361502347,644.7051643192489
488,599.0,98.08326112068524,0.7972499619985839,0.9187116564417178,36.3593259828953,21.948282301536576,-1.154980997950427,643.6026711185309,1861.0751252086811,0.7824325194712827,1.656590957022173,0.39635068285199193,27.616489409343153,0.9583291066985999,0.328536330331052,0.40393591702261705,-0.9147872839841498,0.9936551199560392,1.0629331287255714,1.5331800503036743,0.8357085332911336,0.6304952698942683,0.8766862080418975,1861.0751252086811,643.6026711185309
489,1580.0,160.71067811865476,0.4195558648416578,0.9170052234474754,48.45750696938173,43.986309402851504,-0.8322983065558978,655.346835443038,1471.0943037974685,0.7687364675919136,1.1016497548266775,0.09227048286564543,44.85218479273398,0.757515089494062,0.3345313095676559,0.6731779866383606,-0.7394804921737443,1.3214632530301738,1.5811137685031258,2.2901414811181366,0.5777320681774257,0.30738396624472575,0.6638256590225379,1471.0943037974685,655.346835443038
490,328.0,70.66904755831213,0.8351750545822665,0.9618768328445748,27.816064779113848,15.298396335826988,0.8766114959855872,646.1981707317074,1700.091463414634,0.8253254387281937,1.8182340271817903,0.45001579276900294,20.435815879801165,0.8754332973298836,0.32986124080230084,0.6397591331176805,0.768575469028588,0.8131998569050268,1.1131390221394655,1.3524995148542311,0.9149581771344428,1.3760162601626016,0.8126512583401405,1700.091463414634,646.1981707317074
491,155.0,58.284271247461895,0.9591856753813576,0.8806818181818182,27.01897842735196,7.640346064734711,-0.3759347340140659,648.9225806451612,678.6645161290322,0.5733750893817586,3.536355316686839,0.7172229851221834,14.048207338801282,0.3494667951230856,0.3312519554084539,0.9301648480657136,-0.36714214607272716,1.1246993390212097,1.3333926327240941,2.498425189515398,0.6052637169195119,2.576344086021505,0.7959862495984805,678.6645161290322,648.9225806451612
492,384.0,90.35533905932738,0.8635660100970259,0.8421052631578947,31.979744049741,16.12533195801284,0.096171568168265,654.3098958333334,1525.390625,0.5910625573500747,1.9831991138545177,0.4957641958318476,22.111625566165472,0.7854740602471678,0.3340019886847031,0.9953790779499927,0.09602338871036718,0.7301540127854579,0.9909342800419232,1.9238700095796206,0.8230546829627395,1.03125,0.7631326553816965,1525.390625,654.3098958333334
493,612.0,91.84062043356595,0.6783804325146213,0.9698890649762282,32.714816086760806,24.035929347825387,0.7202221383867129,656.4313725490196,1255.625816993464,0.911783372934815,1.361079724163885,0.26528918016591363,27.914558950087667,0.646563242530105,0.33508492728382827,0.7516592359457439,0.6595516606130717,1.713040970959871,1.7733031571467974,1.9052196626997793,0.5564248363555525,0.9161220043572984,0.8851168683460301,1255.625816993464,656.4313725490196
494,352.0,72.5269119345812,0.7639196082449585,0.9565217391304348,26.846715582199685,17.3244922245042,-0.8118038985442353,658.0653409090909,1508.4886363636363,0.8409189797886374,1.54963939111745,0.35468857739935433,21.17026971360491,0.7767706675404924,0.33591901016288456,0.6881907712500145,-0.7255297804820352,0.7301540127854579,1.4567649336020883,1.5811137685031258,0.7961714313531495,2.2556818181818183,0.6434859456527547,1508.4886363636363,658.0653409090909
495,916.0,121.84062043356595,0.852917942798016,0.9755058572949947,47.76768160567581,24.936879381725642,0.288959034236335,671.599344978166,21.352620087336245,0.7753916752279252,1.915543676274151,0.477954999206773,34.15095054280933,0.010995169972881691,0.34282763909043695,0.9585410227541736,0.28495457128704366,1.6583835557820295,3.3616657098118563,3.8833084105667335,0.33695153099742536,0.9468704512372635,0.7188219287287296,21.352620087336245,671.599344978166
496,1159.0,157.1959594928933,0.669116634154936,0.8190812720848056,47.26600100818578,35.126078695020325,-1.3369359677722816,665.0388265746333,850.2476272648835,0.5894005573374105,1.3456099503326138,0.25684259413151955,38.414640859287665,0.43782061136193795,0.33947872719481026,0.23173451735177852,-0.9727790671410124,1.091443179941039,2.2676566739699067,2.540480568427065,0.5085107389401595,0.3505895887259131,0.8602130554655982,850.2476272648835,665.0388265746333
497,407.0,82.18376618407356,0.7810785410574204,0.9487179487179487,30.161722605086506,18.833968681363864,-0.6683614978364304,658.0786240786241,1319.4545454545455,0.7572376415736487,1.6014533694606496,0.3755672072195345,22.764193258431348,0.6794307649096527,0.3359257907496805,0.7848381001502824,-0.6197008605387726,0.7946452418966755,0.9259558762120611,1.3900578085026962,0.9644258887836417,1.3267813267813269,0.8620982721325002,1319.4545454545455,658.0786240786241
498,769.0,110.56854249492379,0.8186644659373266,0.9672955974842767,42.067285937127096,24.1580703715322,-0.8837021475597615,664.8101430429128,1337.0546163849156,0.7904475072894555,1.7413346881669431,0.42572785875375085,31.29091257699814,0.6884936232672068,0.33936199236493764,0.6342933952980403,-0.7730924192367197,0.7946452418966755,1.679988059120509,1.901430095884637,0.6855476550280212,0.5452969224100563,0.8510283168938981,1337.0546163849156,664.8101430429128
499,338.0,70.04163056034261,0.5303491953577842,0.9415041782729805,23.001148524115855,19.499897452191895,-1.4224208005973729,659.6449704142012,1297.5532544378698,0.8657929968327837,1.1795522812624022,0.15222070620747596,20.7449985808745,0.6681530661369052,0.3367253549842783,0.1478317032900664,-0.9890125315193725,0.8495081721084209,0.9259558762120611,1.679988059120509,0.8681931934578927,1.665680473372781,0.8259131537127887,1297.5532544378698,659.6449704142012
500,24.0,18.727922061357855,0.5672021081968127,0.8275862068965517,6.524568474625936,5.373495199994303,-0.03247458448401135,652.9166666666666,1718.1666666666667,0.8598880610108874,1.2142131390817756,0.1764213647397771,5.527906391541368,0.8847408170271198,0.333290794623107,0.9994727470204283,-0.03246887684289198,0.8131998569050268,0.9939540914535507,1.9832092007439306,0.7914808903496088,23.027777777777775,0.8011303842459093,1718.1666666666667,652.9166666666666
501,652.0,93.59797974644667,0.4528539038406772,0.9760479041916168,30.651382424740188,27.3283047124925,0.4817168333831217,665.319018404908,1928.420245398773,0.9352430941016872,1.1215983847958422,0.10841526382723521,28.812361638146328,0.9930073354267626,0.33962175518372023,0.8862008180486222,0.4633013167366923,1.4350400654320021,1.902035106493117,1.9337669004356708,0.569169016793613,0.35685071574642124,0.7951093395074937,1928.420245398773,665.319018404908
502,249.0,61.45584412271571,0.8660806244605013,0.9576923076923077,25.22113224267398,12.608153538037376,-0.3471420721565289,666.0160642570281,699.1365461847389,0.828481537214254,2.0003827020812106,0.5000956572161948,17.805522925178455,0.36000852017751744,0.3399775723619337,0.940348852425878,-0.3402117513275141,1.1246993390212097,1.7544329653938453,2.3153175268498125,0.5775395080232181,1.3855421686746987,0.7874544127505008,699.1365461847389,666.0160642570281
503,175.0,60.384776310850235,0.9597123143132086,0.9459459459459459,28.162599323731907,7.913253113678283,0.17610681188630428,672.4742857142858,1802.817142857143,0.603105083396001,3.5589155204769143,0.7190155275543055,14.927053303604616,0.9283301456524938,0.3432742652957048,0.9845332308271169,0.17519793776502948,1.443782954490285,1.9826469751578182,1.996086123381381,0.5532487079174143,2.683809523809524,0.8658958494300499,1802.817142857143,672.4742857142858
504,327.0,68.2842712474619,0.7498389144304553,0.956140350877193,25.214837317762886,16.682651680292352,-0.47052757073952756,672.954128440367,658.1162079510704,0.8812847580800782,1.5114406151361313,0.33837956318916784,20.404639941160397,0.3388857919418488,0.34351920798385244,0.8913292345784206,-0.4533565876722724,1.1695764104307977,1.3333926327240941,1.7544329653938453,0.7046550910569612,1.0458715596330275,0.6933496933657072,658.1162079510704,672.954128440367
505,529.0,84.42640687119285,0.5847699823470571,0.9706422018348624,28.865722393610568,23.415849590553407,0.3817364604838683,676.4574669187145,580.3024574669187,0.9326290163066181,1.2327429027070531,0.18880084581785805,25.95272084319679,0.2988169193959416,0.3453075379881136,0.928019147063833,0.37253249882784173,1.2535709622158864,1.5590429397054324,2.087362596286367,0.6122478344737654,1.2848141146817895,0.8545816979090791,580.3024574669187,676.4574669187145
506,737.0,108.08326112068522,0.7276708704936846,0.9178082191780822,37.91815131018359,26.00906317927499,-1.4856241262570784,678.0664857530529,1849.4979647218454,0.7927942144114936,1.4578822408489598,0.314073543129467,30.632948674096244,0.9523676440380254,0.3461288850194247,0.0850692603806573,-0.9963750403027406,0.7862955188689545,1.2837852651724015,1.5331800503036743,0.8325791936584336,0.5382180009045681,0.8659981466213565,1849.4979647218454,678.0664857530529
507,404.0,78.18376618407356,0.8098475513029367,0.964200477326969,29.88049633824211,17.529105935341537,1.5013296084207612,673.4108910891089,1164.3143564356435,0.830535222223511,1.7046218129127828,0.4133596130092668,22.680140565547774,0.5995439528504859,0.34375236911133683,0.0694108617979513,0.9975881576404492,1.7111880243529116,1.9130382581115057,2.0250030529252414,0.5310458864196692,1.740924092409241,0.7201948550048876,1164.3143564356435,673.4108910891089
508,513.0,83.25483399593904,0.5763463272583325,0.9679245283018868,28.35556184240197,23.17232251280127,1.0169511743362307,679.5477582846004,1294.4424951267056,0.9300543122752619,1.2236823402892516,0.182794449935739,25.557227675339483,0.6665512333299205,0.34688502209525285,0.525961443602699,0.8505084125647229,0.8495081721084209,1.3900578085026962,1.901430095884637,0.7244633765841908,0.9837556855100715,0.8044927152319626,1294.4424951267056,679.5477582846004
509,721.0,127.25483399593904,0.9445579164256724,0.899002493765586,55.30611220831814,18.159477285231507,1.386744294025604,682.3287101248267,1455.1595006934813,0.5594954399289015,3.0455784238512607,0.6716551469604062,30.29860907292697,0.7493097325919059,0.34830459934906927,0.1830146596611048,0.9831101842362991,1.3214632530301738,2.1455591642842333,2.4707632972078275,0.5052388456294075,1.5201109570041609,0.8146593788263342,1455.1595006934813,682.3287101248267
510,344.0,77.35533905932738,0.8068922415368118,0.884318766066838,28.49614185904171,16.832632898668734,-0.26781790298138436,689.9680232558139,857.203488372093,0.7224166028062693,1.6929105524124763,0.40930133693422055,20.928315827817965,0.4414024141977822,0.3522041976803542,0.9643506352572716,-0.2646277617312603,1.091443179941039,1.5357176269019275,1.927257835408606,0.6587009749540474,1.9738372093023255,0.7181038007765733,857.203488372093,689.9680232558139
511,672.0,97.74011537017762,0.6260998843517321,0.9627507163323782,33.493694118922114,26.116468996609186,-0.10526735285048226,694.21875,1380.9315476190477,0.8839616877377731,1.2824740635217857,0.22025713545121317,29.25093116572581,0.711087305674072,0.3543740428790199,0.9944645067115498,-0.10507304550146968,1.4843717785298063,2.2275056491274356,2.866607027669924,0.4560320876901429,0.683531746031746,0.8479864915441825,1380.9315476190477,694.21875
512,831.0,110.22539674441619,0.7615401945834414,0.9651567944250871,40.57105194828283,26.29481621741009,-0.7817493459317831,694.7160048134778,1242.0469314079423,0.8595032959300446,1.5429296638863854,0.35188231621578603,32.52786592561707,0.6395710254417829,0.3546278738200499,0.7096821718763735,-0.7045219761801852,0.907918489924475,1.218487649177697,1.2441211312095664,0.8900684549935511,0.5146409947853992,0.6641460292510489,1242.0469314079423,694.7160048134778
513,404.0,79.84062043356595,0.8575618579000024,0.9483568075117371,31.792021147398643,16.353206892796916,-1.1079053330219184,689.4826732673267,1646.2351485148515,0.7964223201025058,1.944084811976668,0.4856191490003773,22.680140565547774,0.8477009003681006,0.3519564437301311,0.4465367303242145,-0.8947653035692431,1.0582797835958295,1.191752689326697,2.066822531641174,0.6949503740173008,1.2590759075907592,0.8657741618782012,1646.2351485148515,689.4826732673267
514,424.0,79.25483399593904,0.7774453013024237,0.9571106094808126,29.54960732016194,18.585241990950284,-0.5226088310808347,691.4127358490566,1674.4292452830189,0.848250646482411,1.58995009774694,0.3710494427359303,23.23474912642073,0.8622189728542836,0.35294167220472517,0.866519951614179,-0.499142438042049,1.191752689326697,1.3796999980455393,2.192442546728888,0.6297367705581073,1.0212264150943395,0.817751689506769,1674.4292452830189,691.4127358490566
515,390.0,75.59797974644667,0.7412520374658585,0.9512195121951219,27.47938422117782,18.444899135000995,0.7485866595159544,693.3230769230769,1893.0641025641025,0.8575394169561836,1.489809405844514,0.328773200063709,22.283703068536735,0.9748012886529879,0.3539168335492991,0.732651525422528,0.6806039540702382,1.0229922358202448,1.2782616955124566,1.3443302490052842,0.822913380022915,0.9760683760683762,0.9098676317489813,1893.0641025641025,693.3230769230769
516,312.0,70.2842712474619,0.8327671486223911,0.9203539823008849,27.2813812339544,15.103611211551527,-0.11401114403372703,695.8621794871794,1212.5673076923076,0.7936849875253115,1.8062820110920945,0.4463765935445535,19.931149940667517,0.6243909926324962,0.35521295532780983,0.9935077665545397,-0.11376430809269845,1.2441211312095664,1.3359850249864003,1.3758423190684443,0.7583516364680366,1.8044871794871795,0.9080363973708426,1212.5673076923076,695.8621794871794
517,418.0,77.35533905932738,0.7752563730418724,0.9698375870069605,29.0714235790242,18.3628688240757,0.23586673082682075,697.0215311004785,1541.421052631579,0.8778201743401762,1.5831634946337159,0.3683532980708589,23.06976657227589,0.7937286573798038,0.35580476319575216,0.9723121638773381,0.23368580610762069,1.1417751398035598,1.2387918616337008,1.461675375876043,0.7807940534188155,0.43301435406698563,0.8723052908314027,1541.421052631579,697.0215311004785
518,540.0,85.59797974644667,0.38426420473952855,0.9608540925266904,27.41614285508249,25.31121830590948,0.7424421543860991,697.9814814814815,559.8,0.9261398988968149,1.0831617239333584,0.07677683036229122,26.221162334209897,0.28825952626158596,0.3562947838088216,0.7368196430298444,0.6760893532998229,0.9172585520384229,1.2535709622158864,1.3376674305143066,0.8550670122353061,0.6086419753086421,0.7386807394112003,559.8,697.9814814814815
519,622.0,107.35533905932736,0.9167066683202851,0.9325337331334332,45.47536067366942,18.17017441381444,1.455924157178807,696.0514469453376,642.7636655948553,0.6781924535011091,2.5027476147447083,0.6004391357288319,28.14169498849121,0.33098026034750533,0.35530956965050414,0.11461970141984085,0.9934094443110688,1.1695764104307977,1.2370277203310616,1.9039288242982877,0.6959696240063057,0.454983922829582,0.8645886963347372,642.7636655948553,696.0514469453376
520,218.0,54.8700576850888,0.7782731445613857,0.956140350877193,21.032985023543382,13.207155658084607,-1.073846081808623,695.8715596330276,1843.9633027522937,0.9099038949515826,1.592544645346728,0.37207411866165885,16.66031874701878,0.9495176636211605,0.3552177435594832,0.47674690136691183,-0.879040608866876,0.7862955188689545,0.9097015604049352,1.3711025177574923,0.9781227850910588,1.952599388379205,0.8482253676123195,1843.9633027522937,695.8715596330276
521,937.0,136.36753236814712,0.9133295813220343,0.8847969782813976,56.251314456876166,22.90672571323324,-0.690377023772027,711.9690501600854,1254.9252934898614,0.633180441397348,2.455668049684627,0.5927788366475564,34.54020054106298,0.646202519819702,0.3634349413782978,0.7710059705381915,-0.6368279150559132,0.907918489924475,0.9901036264700049,1.8680984054805012,0.7965756758380201,0.415866239772323,0.7841344239985605,1254.9252934898614,711.9690501600854
522,790.0,116.36753236814712,0.9042315195614914,0.966952264381885,48.621570645882926,20.763480624920124,0.7749039480560408,709.493670886076,31.864556962025315,0.7331170253424734,2.341686903279973,0.5729574271439484,31.71528401797434,0.016408113780651552,0.3621713480786503,0.714488239849469,0.6996474505898008,1.6583835557820295,1.9857379157691561,2.262240674636144,0.5079268635663592,1.1510548523206752,0.7329134786905468,31.864556962025315,709.493670886076
523,544.0,88.08326112068524,0.7211409174531025,0.9527145359019265,31.77652439592697,22.014407723160833,-0.5041880486345508,708.2757352941177,494.15257352941177,0.8810934917037632,1.44344216730826,0.3072115927825454,26.318098569918163,0.25445549615314716,0.3615496351680029,0.8755670140088812,-0.4830966818138703,1.0145125091142906,1.6127151831556883,1.9462736902646045,0.6559525731109397,0.7555147058823529,0.78061200808314,494.15257352941177,708.2757352941177
524,373.0,71.94112549695429,0.5531573215386527,0.9491094147582697,23.99546251921699,19.990063460259645,-0.49493839996409567,705.1233243967829,1863.4504021447722,0.9056580254412044,1.2003695019237983,0.16692318623779734,21.792621462004423,0.9595522153165665,0.35994044124389124,0.8799979701334107,-0.47497744426559535,0.9097015604049352,0.9791896515390828,1.1455026327296247,0.9886653327042516,0.9749776586237713,0.7969872425860774,1863.4504021447722,705.1233243967829
525,93.0,38.970562748477136,0.9090573743363521,0.9207920792079208,16.95984623467018,7.066675437642026,-0.35839294502709274,701.8172043010753,1514.774193548387,0.7695191963561412,2.3999752619640984,0.5833290384911647,10.881694613449236,0.7800073087272847,0.35825278422719514,0.9364617389573376,-0.35076974138172073,1.1417751398035598,1.5118643764143542,1.5251967193660148,0.7179032225417648,8.304659498207887,0.8369683847022085,1514.774193548387,701.8172043010753
526,567.0,92.5685424949238,0.8359719718376264,0.9692307692307692,36.42271873043999,19.987773324281616,-0.7450574353103685,714.1410934744268,1650.8959435626102,0.8315073096896075,1.8222499394763907,0.4512278593970802,26.86869594648831,0.8501008978180279,0.36454369243207085,0.7350489616475486,-0.6780140293392612,1.0582797835958295,1.141301864702126,1.3796999980455393,0.8381570092604267,0.5825984714873603,0.8003252378072824,1650.8959435626102,714.1410934744268
527,216.0,62.38477631085024,0.8953955994366067,0.9642857142857143,25.84876101978568,11.50971693484835,0.09367161819699259,710.3796296296297,1936.9212962962963,0.6974392277113662,2.245820741387873,0.5547284867526784,16.583719174624104,0.9973848075676088,0.3626235985858242,0.9956160209342889,0.09353469334409378,0.8879246615331313,1.476726023199228,1.5611447616504095,0.7641763410684584,1.5339506172839505,0.9300889985065764,1936.9212962962963,710.3796296296297
528,376.0,91.39696961966999,0.9534869647236706,0.9306930693069307,40.70714881513172,12.270528942206804,0.6519900884429428,716.0531914893617,531.5957446808511,0.5656321887762423,3.3174730288204435,0.6985657482931945,21.880083839428522,0.2737362228016741,0.3655197506326502,0.7948778484468321,0.6067694834519408,0.8804222915821102,1.0185249184245297,1.412609309432472,0.9059184049523995,1.2863475177304966,0.8386188603720237,531.5957446808511,716.0531914893617
529,1356.0,142.9116882454314,0.6929423242102245,0.9603399433427762,49.335681629628326,35.57068210659601,-0.7386057583133429,723.1297935103245,1485.5538348082596,0.8343226890984521,1.386975978750765,0.2790069797022082,41.55132756797165,0.7649607800248505,0.3691321049057297,0.7394079609821563,-0.6732576529354939,1.5251967193660148,1.614925807457821,2.0907632222593797,0.5735166363604465,0.20845624385447395,0.8241141390091552,1485.5538348082596,723.1297935103245
530,422.0,94.91168824543144,0.9363804101091285,0.8755186721991701,40.58035756004523,14.243169483840536,-0.7922036690315218,720.2488151658767,1153.7298578199052,0.5886849296332832,2.8491100668348657,0.6490132088470277,23.179885415554555,0.5940936446034527,0.367661467670177,0.7022782244202698,-0.7119025884944605,1.482886819559745,1.5275333866587308,2.0250030529252414,0.5957791124216548,0.769352290679305,0.927767998873339,1153.7298578199052,720.2488151658767
531,402.0,74.42640687119285,0.5329514597962641,0.9571428571428572,24.74506838404309,20.937936073456502,-0.8868971736263579,715.8432835820895,1884.047263681592,0.9119726446377948,1.1818293979516432,0.15385418425602837,22.623931952327283,0.9701582202273904,0.36541260009295023,0.6318201115776567,-0.7751150537862088,0.8160781975172672,0.8676293096516992,0.9791896515390828,1.1265925122904492,1.004145936981758,0.7955718129260013,1884.047263681592,715.8432835820895
532,553.0,87.49747468305833,0.6367125902480335,0.9634146341463414,30.37448100685448,23.421799084218094,-0.555041461944259,720.7902350813744,702.8987341772151,0.9077033907896657,1.2968466212879945,0.2288987891206241,26.534910368014152,0.3619457951478966,0.36793784332893026,0.8498785914455682,-0.5269785382750392,1.2525561055552097,1.5969703801379889,1.9649184722121715,0.6231247893018212,0.6576250753465944,0.7790424952691782,702.8987341772151,720.7902350813744
533,554.0,86.18376618407356,0.46925698579767605,0.9770723104056437,28.5137952569982,25.17943914519519,-0.44273443326922124,717.9747292418773,1189.8808664259927,0.9372785789473341,1.1324237641901282,0.11693834797332536,26.558891313141824,0.612708994040161,0.3665006274843682,0.9035835791587807,-0.42841185263086196,1.1018987140934842,1.2784681895723584,1.3359850249864003,0.8072432475704656,0.3802647412755716,0.9121675000698777,1189.8808664259927,717.9747292418773
534,434.0,84.32590180780451,0.8369919547730167,0.949671772428884,32.197730418980385,17.619087271127537,0.9639831034155706,719.3087557603686,555.5276497695853,0.7669686365107355,1.8274346408251763,0.4527848068216267,23.507147049675353,0.2860595518895908,0.3671816006944199,0.570252520492895,0.8214694534013425,0.6152987473999634,0.9172585520384229,1.0185249184245297,1.175971506913309,0.7211981566820277,0.6694055510297682,555.5276497695853,719.3087557603686
535,196.0,50.87005768508881,0.6963482101071394,0.9751243781094527,18.733758938015722,13.445295534585055,0.6719709481455537,717.6377551020408,1562.3469387755101,0.9517907398738663,1.3933318825032341,0.2822959033971012,15.797308339337176,0.8045040879379558,0.36632861414090906,0.7825962130630362,0.6225296517431077,0.831811720578394,0.9565357993380389,1.2387918616337008,0.9910346442203674,1.9149659863945576,0.8409265274194367,1562.3469387755101,717.6377551020408
536,367.0,71.11269837220809,0.6106117584526302,0.9532467532467532,24.444552150902677,19.358376585386132,-0.16260205551811785,721.6784741144414,1903.7765667574931,0.9119722251679445,1.262737711661016,0.20806990179726914,21.616635097022034,0.9803174906063301,0.36839125784300225,0.9868093869202704,-0.16188648456878646,0.8496023725100285,0.8676293096516992,1.2031631924309294,1.0272583430754192,1.019981834695731,0.9361769536003015,1903.7765667574931,721.6784741144414
537,282.0,62.2842712474619,0.7069007034144916,0.9494949494949495,22.54496738159814,15.946343980175378,-0.5073397131265324,722.0354609929078,1402.5,0.9134866347811074,1.4138016469246006,0.29268720108279034,18.948708441878455,0.722193614830072,0.36857348697953435,0.8740401093760154,-0.48585377141889413,1.4843717785298063,1.860954905642837,2.170073349866715,0.5439315337935453,2.078014184397163,0.8015351145879057,1402.5,722.0354609929078
538,379.0,71.35533905932738,0.7189177862577428,0.9717948717948718,26.40048985252896,18.350851486524274,-0.43074148767494463,725.2453825857519,848.1662269129288,0.9353973296334498,1.4386520359513475,0.30490488665056314,21.967197988242077,0.43674882951232175,0.37021203807338027,0.9086563952646857,-0.4175446746691751,1.153167626319326,1.5357176269019275,1.5469879667881832,0.7082364943852867,1.2506596306068603,0.6844867636870728,848.1662269129288,725.2453825857519
539,477.0,85.35533905932738,0.788728403422856,0.9520958083832335,32.10264049218917,19.734835652820923,1.5535337627856372,724.0545073375262,512.3123689727463,0.8227480457085207,1.6266991555919228,0.3852581796932695,24.64417299969047,0.2638065751661927,0.3696041385081808,0.017261706659195592,0.9998510056419466,0.8804222915821102,1.0145125091142906,1.2755416455269561,0.9462300228010124,0.9084556254367575,0.8000604900815542,512.3123689727463,724.0545073375262
540,326.0,65.35533905932738,0.2722632276619484,0.9702380952380952,20.882674102323854,20.09378534180074,-1.0999426876505436,723.601226993865,632.6901840490798,0.9591031556455505,1.0392603358254258,0.03777719063457141,20.37341629633241,0.32579309168335724,0.3693727549738974,0.4536471978682426,-0.8911813619383495,1.0394869738866979,1.2370277203310616,1.4945664058327464,0.7955278394728293,1.5051124744376279,0.7790489120141135,632.6901840490798,723.601226993865
541,482.0,80.76955262170047,0.5782554396541354,0.9620758483033932,27.50172389792113,22.437440279904532,0.02974365080090201,726.4730290456431,1923.344398340249,0.928456471236453,1.2257068344178406,0.18414422444257794,24.77299861870477,0.9903936139754114,0.37083870803759217,0.9995576902286858,0.029739265369116318,0.8496023725100285,0.8879246615331313,1.024317907161678,1.086230423454283,0.5034578146611342,0.8530832506648808,1923.344398340249,726.4730290456431
542,34.0,27.485281374238568,0.93704403427756,0.6071428571428571,14.08700437972784,4.919340018889278,0.23040284917841866,722.4411764705883,1233.9117647058824,0.5655726588304874,2.8635964022890414,0.6507887776361777,6.579524642479541,0.6353819591688376,0.3687805903372069,0.9735744754428826,0.22836974573291446,0.8848378680732473,0.9901036264700049,1.218487649177697,0.9697975484873825,20.313725490196077,0.8066703515208472,1233.9117647058824,722.4411764705883
543,556.0,102.22539674441619,0.90568169190073,0.9407783417935702,41.55037128541415,17.61562638265817,0.791224635782535,732.2410071942446,73.09352517985612,0.6686010373670279,2.358722328847682,0.5760416612969723,26.60678836073137,0.03763827249220191,0.3737830562502525,0.7029748640441479,0.7112146936910906,1.085257786248591,1.4399306010670958,1.9857379157691561,0.6650518759192362,1.001199040767386,0.7558146498409561,73.09352517985612,732.2410071942446
544,508.0,92.08326112068524,0.861792623747659,0.9566854990583804,36.03608355626718,18.279690955225952,0.8815966881572169,729.1062992125984,608.6633858267717,0.7528564812030841,1.9713726913947023,0.49273924491034604,25.43237481489809,0.3134208989839195,0.37218289903654844,0.6359197029006776,0.7717552276873244,0.9090662188269172,1.0394869738866979,1.5937175248470197,0.8469143775848769,0.797244094488189,0.8559303174203589,608.6633858267717,729.1062992125984
545,304.0,64.18376618407356,0.636875272216929,0.9589905362776026,22.438205157519956,17.29911240582205,-0.9378379849758764,728.4638157894736,1213.8125,0.9273273172351493,1.2970726261058534,0.2290331475098215,19.67396303746374,0.6250321833161689,0.37185493404261033,0.5915325979916506,-0.8062810834400421,0.7683089749222334,0.8848378680732473,1.1018987140934842,1.0889112132032617,0.8344298245614035,0.8022544212036965,1213.8125,728.4638157894736
546,543.0,92.42640687119285,0.8402779780310992,0.9559859154929577,35.82461817248613,19.422524794674253,-0.21929692972015216,737.0847145488029,1521.2154696132598,0.7987622906679969,1.844488219281842,0.4578441924723414,26.29389801439097,0.7833241347133161,0.37625559701317146,0.976050638883276,-0.21754344470828954,1.0065307934631216,1.2677102975603847,1.5118643764143542,0.7923709536887689,0.4653161448741559,0.8458544060831441,1521.2154696132598,737.0847145488029
547,454.0,87.25483399593905,0.8670018448378501,0.9497907949790795,34.692211514684004,17.28729995328116,-0.4907097780082903,733.022026431718,1574.691629955947,0.7493534716539336,2.0068033532384772,0.5016950722220737,24.04268606686374,0.8108607775262343,0.3741817388625411,0.8819985964796716,-0.4712520300305235,0.831811720578394,1.277536888075559,1.290075870909595,0.8825023229770852,0.6321585903083701,0.9066115872557191,1574.691629955947,733.022026431718
548,163.0,48.87005768508881,0.8708619715930679,0.9644970414201184,20.564443739806617,10.107992615420304,-0.9866241450744884,725.2515337423313,1810.6625766871166,0.8576533041741488,2.034473561885514,0.5084723543552869,14.406180819073164,0.9323700188914091,0.3702151780205877,0.5515090310979972,-0.8341689209131136,1.3051613115694385,1.5018245771005267,1.8727488015851461,0.6410619829040902,1.656441717791411,0.8960486723549832,1810.6625766871166,725.2515337423313
549,471.0,101.98275605729691,0.930728323019106,0.8177083333333334,43.530683435204736,15.9196648395369,0.9398773315917922,730.9299363057324,1871.927813163482,0.569085188168855,2.734396978452408,0.6342886538128154,24.488687706168772,0.9639175145023079,0.3731138010749017,0.5898870824601328,0.8074857459712044,0.8160781975172672,1.092931298159571,1.1455026327296247,0.9821535727753349,0.6666666666666666,0.8879515110210865,1871.927813163482,730.9299363057324
550,535.0,85.59797974644667,0.5602454041596088,0.9674502712477396,28.816481886124016,23.8694607407596,1.2024116333910462,732.0841121495328,1622.003738317757,0.9175645294625853,1.2072531591347122,0.17167332101517063,26.099485750361293,0.835223346198639,0.3737029668961372,0.3601089663425702,0.9329102488233719,0.9366738692546559,1.0683782963955888,1.4342512567173744,0.8722696521886975,0.7663551401869159,0.7834715860667268,1622.003738317757,732.0841121495328
551,499.0,99.80508652763321,0.8090197999907671,0.8087520259319287,35.770691809096,21.02534697692874,-1.0547108058571855,732.2264529058116,874.6052104208417,0.6295135153588599,1.7013127939504364,0.4122186093257978,25.206081266687335,0.4503631361590328,0.37377562680235404,0.4934792796319682,-0.8697575527547396,0.5815497495808511,1.153167626319326,1.927257835408606,0.8192300130092376,0.7040748162992652,0.7863794034484645,874.6052104208417,732.2264529058116
552,254.0,59.698484809834994,0.6529729769687058,0.9372693726937269,21.00041543773193,15.905319972763024,-0.8906126640034003,731.5511811023622,1544.4330708661416,0.8956059362642006,1.3203390735737461,0.24261879390321162,17.983404693292407,0.7952796451421944,0.3734309245035029,0.628935824588553,-0.777457219754963,0.7659627218612267,0.9565357993380389,1.0065307934631216,1.099291965784961,1.5091863517060367,0.8743303720569847,1544.4330708661416,731.5511811023622
553,167.0,49.79898987322333,0.8401218478301995,0.943502824858757,19.8981241715325,10.792697075375784,1.472618727441071,728.311377245509,1846.1437125748503,0.8462238629842603,1.8436655854013841,0.4576022854045463,14.581872443920643,0.9506404287203143,0.37177711957402193,0.09801995563624599,0.9951844493846698,1.092931298159571,1.2201949578174593,1.3711025177574923,0.814281681253753,2.1197604790419162,0.7948823695205474,1846.1437125748503,728.311377245509
554,196.0,57.17766952966369,0.8520444516371701,0.9158878504672897,21.94941491149706,11.489847886353,0.19112154805423665,733.9030612244898,667.3724489795918,0.753378175278583,1.9103312009523947,0.4765305620818785,15.797308339337176,0.3436521364467517,0.3746314758675292,0.9817918032187024,0.1899601409047926,1.1714976457605297,1.438044899564395,1.5257396684159585,0.7254643927399873,2.076530612244898,0.8476174887248341,667.3724489795918,733.9030612244898
555,23.0,23.65685424949238,0.9943412614006618,0.7419354838709677,16.99041282419389,1.8049429723432036,-0.908067406539422,729.0,566.4347826086956,0.5164445654162468,9.413268499079882,0.8937669737033691,5.4115163798060095,0.2916759951641069,0.3721286370597244,0.6152703921589469,-0.7883161450411731,0.6152987473999634,0.7676600278761191,1.3376674305143066,1.1026873128013734,22.043478260869566,0.7985661768949764,566.4347826086956,729.0
556,488.0,93.698484809835,0.9164056357209225,0.9494163424124513,40.00331964361469,16.01136108571184,0.12445672037148021,746.0963114754098,104.30122950819673,0.698497007762224,2.498433420461219,0.5997491901083373,24.926710529686012,0.053708151137073494,0.3808556975372179,0.9922652540439026,0.12413567423262865,1.1867383203676551,1.4399306010670958,2.021084542551455,0.6454731351922894,0.9631147540983607,0.6863014349076719,104.30122950819673,746.0963114754098
557,547.0,98.91168824543142,0.8814238444197363,0.9302721088435374,39.118018726527474,18.476463781773962,0.3295128591714439,745.3089579524681,574.5210237659963,0.7025899952773789,2.1171810357518357,0.5276738346350772,26.390567083147985,0.29583986805664075,0.3804537814969209,0.9462000858606354,0.32358213411331316,0.7676600278761191,1.326973313899255,1.3578493287950433,0.8689399154911156,0.5648994515539305,0.7210169928792999,574.5210237659963,745.3089579524681
558,343.0,67.698484809835,0.6027995089898596,0.9634831460674157,23.440470784548882,18.702980395001134,0.2833594889390957,738.2390670553935,384.2448979591837,0.940472469086556,1.25330136103944,0.20210730548426237,20.897874625046462,0.197860400596902,0.3768448530144939,0.9601216030020616,0.27958273810940415,1.4470769007961595,2.712877917546827,4.069678274770472,0.36453630022830474,1.8260447035957241,0.7817499815813944,384.2448979591837,738.2390670553935
559,579.0,101.84062043356593,0.9050985344355917,0.946078431372549,42.20058342973395,17.943767620189103,-0.27221406961747446,749.7668393782384,820.8825561312608,0.7015301728960893,2.351824005024047,0.5747981150529267,27.151532118863187,0.422699565464089,0.38272937181124983,0.9631779726266431,-0.26886463703289365,1.0617379076430822,1.5469879667881832,2.3832292250913554,0.6009669438506947,0.945308002302821,0.7885524280637773,820.8825561312608,749.7668393782384
560,331.0,77.01219330881976,0.8411721548736164,0.9019073569482289,28.529923268188522,15.428053086426722,-0.7554156592853503,744.1510574018126,881.5317220543807,0.7013242779056742,1.8492238202945095,0.45923257691935915,20.529059630371258,0.4539298259806286,0.37986271434497837,0.7279866336799187,-0.6855913222783525,0.5815497495808511,1.617230545015871,1.945468157591782,0.7238948230566999,1.3474320241691844,0.7867361468896304,881.5317220543807,744.1510574018126
561,163.0,52.04163056034261,0.9100323275522966,0.9314285714285714,22.529059609274174,9.339135262579635,-1.3539897669705268,739.9570552147239,1642.7730061349694,0.7563027468369307,2.41232822695527,0.5854627124012249,14.406180819073164,0.8459181288027648,0.3777218250202777,0.21511204549740465,-0.976589375265737,0.9366738692546559,0.9685099821855163,1.141301864702126,0.9847412000338666,3.276073619631902,0.8372255136086117,1642.7730061349694,739.9570552147239
562,411.0,76.94112549695429,0.6826932433975107,0.9470046082949308,26.862632577605083,19.628662481489112,-0.21143417998434294,749.1995133819952,1548.7274939172748,0.8724380856290908,1.3685411628498882,0.26929490530078604,22.875783109789968,0.7974909855392764,0.38243977201735335,0.9777309399686004,-0.20986235733956013,0.7659627218612267,1.2677102975603847,1.290075870909595,0.902595261852364,1.0145985401459854,0.8145738995287104,1548.7274939172748,749.1995133819952
563,1256.0,144.61017305526644,0.8550107423080581,0.9565879664889566,56.22620317493502,29.159487406433392,0.7024930451309728,763.1361464968153,31.386146496815286,0.7547477234766874,1.9282301636938228,0.4813897122715135,39.989859566987285,0.01616176441648573,0.3895539287885734,0.7632337483290623,0.646122469359772,0.7751823426315625,2.002702513637383,2.0537710027855987,0.6209051487758565,0.27733545647558383,0.6599940729848249,31.386146496815286,763.1361464968153
564,826.0,115.98275605729691,0.694903857695214,0.9301801801801802,38.71050368576533,27.836825980381047,0.060954123524786796,757.2070217917676,1192.4479418886199,0.771619265306602,1.39062203834043,0.28089734490803764,32.429860683500394,0.6140308660600514,0.38652732097588954,0.9981428725179173,0.060916385658381936,0.7801109647551355,0.9533462805493067,1.5102925824253435,0.9248555404470327,0.19895076674737694,0.9489098461725298,1192.4479418886199,757.2070217917676
565,342.0,68.8700576850888,0.26086899417680726,0.957983193277311,21.481259120755897,20.73745358180987,-0.7173256973488042,750.6345029239766,609.7719298245614,0.9060978013381472,1.0358677373772867,0.03462578868234678,20.867389014906145,0.31399172493540756,0.3831722832690029,0.7535664327992806,-0.6573717603899389,0.9090662188269172,1.1679321766947022,1.318052893999832,0.8836390805815674,1.1900584795321638,0.8603185114143276,609.7719298245614,750.6345029239766
566,446.0,79.35533905932736,0.67672233075784,0.9509594882729211,27.949275936398383,20.577328401320173,-1.4828627607729072,749.9865470852018,697.4417040358744,0.8900049448218796,1.3582558139376952,0.26376166423251457,23.829914749152643,0.359135789925785,0.38284152480102185,0.08782028819738615,-0.9961363345350515,0.9402972885769291,1.2525561055552097,1.2551921529696595,0.8700581123476179,0.8729446935724963,0.8536420775599742,697.4417040358744,749.9865470852018
567,764.0,109.49747468305833,0.6524271386021332,0.9420468557336621,36.69329907274687,27.80807011450941,-0.6301808199335979,758.4528795811518,797.2513089005236,0.8007464391990221,1.3195197984487754,0.24214854436015443,31.18902069924069,0.4105310550466136,0.38716328717771914,0.8079209659871494,-0.5892908557905777,1.0617379076430822,2.391210664388303,2.5634441872850315,0.49863765881216515,0.5,0.8676093969117895,797.2513089005236,758.4528795811518
568,173.0,49.04163056034261,0.6598014793794258,0.9453551912568307,17.29882093597147,12.999025246839336,-0.887637040401143,746.6300578034682,1212.4277456647399,0.9039120258332682,1.3307783166416738,0.2485600437768024,14.841510746523857,0.624319127530762,0.38112815610182144,0.6312464568249901,-0.7755823043016749,0.7683089749222334,0.9533462805493067,1.3643210669264196,0.9721396688062883,2.2427745664739884,0.7548397471240795,1212.4277456647399,746.6300578034682
569,145.0,43.798989873223334,0.7648279962543297,0.9666666666666667,16.976817439013345,10.93705208937899,0.5458547730191224,747.3793103448276,1935.7103448275861,0.9498382991153319,1.552229732497991,0.35576546495427075,13.58748446131949,0.9967612486238857,0.38151062294273996,0.8546838486443402,0.5191488407638974,0.7746779685881628,1.024317907161678,1.4337481637895233,0.9280041857033234,2.0183908045977015,0.891239648295906,1935.7103448275861,747.3793103448276
570,380.0,70.76955262170047,0.6526726929068501,0.9743589743589743,25.283860273601743,19.156063669657,-0.3939896217470526,753.2631578947369,504.45526315789476,0.9534557897646573,1.3198880892033735,0.2423600090189797,21.996159369293583,0.2597606916364031,0.3845141183740362,0.9233848949954518,-0.38387541689230165,0.7465066524468318,1.1929776969524408,1.2755416455269561,0.9331184272644854,1.1263157894736842,0.8715540967662153,504.45526315789476,753.2631578947369
571,239.0,55.698484809834994,0.6252264611229417,0.9598393574297188,19.746117594254393,15.410726794151161,0.49043862562700735,750.1422594142259,1901.824267782427,0.9681017449266566,1.281322929022961,0.2195566181255154,17.44431859350499,0.9793121873235978,0.3829210104207381,0.882126345164371,0.4710128566896544,1.172196518857136,1.2031631924309294,1.3490389801268785,0.8054991553174088,1.9874476987447698,0.9261707760663275,1901.824267782427,750.1422594142259
572,449.0,90.18376618407355,0.9135101377490954,0.918200408997955,38.317355579064525,15.588111932022128,0.3189408975869195,759.8017817371938,677.4209354120268,0.6937443657070723,2.4581139618551546,0.5931840364124967,23.90992587997897,0.3488264343007347,0.38785185387299326,0.9495680438459321,0.31356104685788055,0.9402972885769291,0.9550976170742952,1.1714976457605297,0.9781888180657121,0.7461024498886414,0.8415869231748255,677.4209354120268,759.8017817371938
573,16.0,14.071067811865476,0.9075974065501193,0.8421052631578947,7.153197322914305,3.0032096262917802,-0.257365971954915,745.8125,1177.875,1.0154901954491722,2.3818508239622056,0.5801584255656694,4.51351666838205,0.6065267765190525,0.3807108218478816,0.9670637822799883,-0.2545341647054933,0.7801109647551355,1.2784681895723584,1.4575277175920878,0.8532163865548777,32.354166666666664,0.8709366233624015,1177.875,745.8125
574,392.0,76.76955262170047,0.8196593173832263,0.9560975609756097,29.680486429105922,17.0025050157384,0.5310562249604374,757.3954081632653,78.52806122448979,0.8358299164181708,1.7456537375893801,0.4271487074057845,22.34076770248023,0.04043669476029341,0.38662348553510223,0.8622726324021719,0.5064443774100261,1.085257786248591,1.1401502548614595,1.1867383203676551,0.8792119921552204,1.280612244897959,0.6405237986890229,78.52806122448979,757.3954081632653
575,425.0,75.698484809835,0.6382115900785577,0.9681093394077449,26.54833602409122,20.43852863999406,0.9730665722967097,754.16,1821.715294117647,0.9320182591291067,1.2989357742778755,0.23013899547424854,23.26213245840639,0.9380614284848852,0.3849719244512506,0.5627673054501637,0.8266153639488938,0.987321044884482,1.3051613115694385,1.4761516830058186,0.7960443939603304,1.1372549019607843,0.7974199052356097,1821.715294117647,754.16
576,500.0,90.76955262170047,0.719841104145408,0.9009009009009009,31.808434527783696,22.079471118930773,-0.5733049735753303,756.872,1627.238,0.7626047016736425,1.4406338972726291,0.3058611199603354,25.2313252202016,0.837918640576725,0.3863563042368555,0.8401129107725734,-0.542411556987159,0.9685099821855163,1.0683782963955888,1.1743850505760343,0.9342088612517477,0.7706666666666666,0.8698658681774787,1627.238,756.872
577,578.0,90.66904755831213,0.700878258061321,0.9633333333333334,32.42080798279288,23.125143666496083,0.3395439126188409,761.3321799307959,531.5692041522491,0.8835265306922327,1.4019721758427144,0.2867190824247936,27.128075067297424,0.2737225562061015,0.38863306785645524,0.9429066667236942,0.3330570789639704,0.8679598164440476,1.0263034184659423,1.1929776969524408,0.9717414565989829,0.6222606689734718,0.9138270934578223,531.5692041522491,761.3321799307959
578,570.0,95.79898987322332,0.7768669472999585,0.945273631840796,34.68890949297132,21.8423848678944,0.05985204496057208,764.9526315789474,1412.7701754385964,0.7804819435160202,1.5881466104903097,0.3703352112489984,26.939683377854365,0.7274820676820785,0.3904811799790441,0.9982094009864636,0.0598163170234135,0.7947037129691138,0.9490289659438995,1.174283963991819,1.0280955755665449,0.5748538011695907,0.8881132814484255,1412.7701754385964,764.9526315789474
579,327.0,69.94112549695429,0.653283668838752,0.9478260869565217,24.029387411114495,18.192967196898035,-1.1000208589585372,759.0336391437309,1360.4434250764525,0.8400253325619849,1.3208063946386706,0.24288676670620812,20.404639941160397,0.7005372940661444,0.3874597443306436,0.4535775316695282,-0.8912168214102436,1.162372199860438,1.2012183826223284,1.4793742519266815,0.7806472682597453,0.7859327217125383,0.777732147541589,1360.4434250764525,759.0336391437309
580,247.0,55.45584412271571,0.2652046991991597,0.9762845849802372,18.066779727042853,17.419846864440935,1.405217567057477,758.1538461538462,1439.7732793522266,1.009281183727211,1.0371376894203646,0.03580786794193169,17.733870630789692,0.741386858574782,0.38701064122197354,0.16482320267772319,0.986323127508961,0.9059712449856147,1.174283963991819,1.6963230881793863,0.7943698670986212,1.3522267206477734,0.8664799405424963,1439.7732793522266,758.1538461538462
581,191.0,63.798989873223334,0.9492220103998855,0.9502487562189055,28.683218485954683,9.023941797928238,0.14916468687635276,767.2303664921466,13.465968586387435,0.5896789515984873,3.178568648629795,0.6853929832753255,15.594510349620345,0.0069340723925784935,0.3916438828443831,0.9888955605982462,0.14861214697688824,0.7751823426315625,2.5554422704935167,2.703567350087534,0.497166815091311,4.37696335078534,0.6807793665856593,13.465968586387435,767.2303664921466
582,804.0,115.1543289325507,0.69336816023497,0.9284064665127021,38.48390295371014,27.730865855223833,-1.1901209157882955,767.4029850746268,366.16293532338307,0.7619129850342512,1.3877642030589785,0.2794164903549533,31.99507140118726,0.18854940026950726,0.39173199850670076,0.37154761507835216,-0.9284139000088207,1.3548708284512652,1.4470769007961595,2.842997910374365,0.531448873297033,0.8631840796019901,0.8888422131796633,366.16293532338307,767.4029850746268
583,597.0,92.32590180780451,0.5112905849229075,0.9567307692307693,30.073450729095104,25.845361122616517,0.0883553960073508,767.8425460636516,631.4723618090452,0.8801102488912627,1.1635918177509508,0.14059210047312742,27.570346537664197,0.3251659947523405,0.39195637879716777,0.9960992006787498,0.08824048054694479,1.1679321766947022,1.264008347018738,1.3424329574064324,0.7948339015750734,0.5019542155220548,0.9015466816206463,631.4723618090452,767.8425460636516
584,516.0,93.59797974644667,0.8409087995682742,0.9573283858998145,35.89977477449015,19.428127287965676,-0.19333050288648107,773.0503875968992,1395.7538759689924,0.7401617125099241,1.8478247667611005,0.45882314276325165,25.631847476983474,0.7187198125483998,0.39461479713981584,0.9813697948722939,-0.1921284094357514,0.7947037129691138,0.9221095332130587,1.1887665336349502,1.0324961719649701,0.6382428940568475,0.8498606757892367,1395.7538759689924,773.0503875968992
585,470.0,81.94112549695429,0.7424986914311392,0.9591836734693877,30.07078822634801,20.14284276462326,0.00691788818903036,769.5617021276596,554.4723404255319,0.8796377767109171,1.4928770768722444,0.3301524850960138,24.462677409178383,0.28551613822118016,0.3928339469768553,0.9999760715069315,0.006917833010729143,1.0263034184659423,1.216216919575067,1.326973313899255,0.840455339756465,1.0361702127659576,0.7514060232405834,554.4723404255319,769.5617021276596
586,157.0,50.384776310850235,0.856548436761381,0.9751552795031055,20.37049481298672,10.512532784869911,0.09985771542322253,765.6815286624204,1937.2866242038217,0.7771607287246081,1.9377342482398543,0.48393336139444687,14.138550439257221,0.9975729269844602,0.390853256080868,0.9950183599615334,0.09969184189019863,0.7746779685881628,1.6327527974211764,1.754882574136941,0.7207530415993545,1.8386411889596603,0.9487988384261472,1937.2866242038217,765.6815286624204
587,352.0,78.5269119345812,0.8631938237612653,0.9336870026525199,30.598050164028603,15.448119577270194,-1.3050977973193219,766.0426136363636,291.8323863636364,0.717324210689345,1.9806973923900402,0.495127320386213,21.17026971360491,0.1502741433386387,0.39103757714975174,0.26258334975477154,-0.9649093140972178,1.2189382794671457,1.271593577526526,2.271949963438485,0.6299236644073476,1.75,0.8437258289043031,291.8323863636364,766.0426136363636
588,212.0,54.2842712474619,0.7568036477570765,0.9464285714285714,20.398509305556352,13.333328264309436,-0.8587000419763962,765.5754716981132,1459.933962264151,0.9040609300033277,1.5298887795449352,0.34635771346891664,16.42944866646031,0.7517682606921477,0.39079911776320225,0.6534220801328658,-0.7569937814769938,0.9059712449856147,1.1357331071378516,1.9522005806093385,0.7511445691691185,2.2342767295597485,0.873423475849933,1459.933962264151,765.5754716981132
589,229.0,56.284271247461895,0.7092558610655281,0.9581589958158996,20.429193865489356,14.40158370409233,-0.3402764795694811,769.0393013100437,512.4847161572052,0.9083877138978925,1.4185380084055776,0.2950488502426595,17.075475271404667,0.2638953224290449,0.39256727989282475,0.9426624271293264,-0.3337477317955098,0.7465066524468318,0.8679598164440476,1.2263427817256802,1.0560371131391135,1.8893740902474527,0.8823290346724978,512.4847161572052,769.0393013100437
590,394.0,87.59797974644665,0.855039276642935,0.8775055679287305,33.33962704971132,17.28870507210802,1.3213479771099803,766.989847715736,1334.0532994923858,0.6452349825024843,1.928405100940634,0.4814367585357342,22.397686948112614,0.6869481459796013,0.3915211065419786,0.24686942079416072,0.9690487547470228,0.665436283601128,1.162372199860438,1.188259686032751,0.9946724780106643,0.6895093062605754,0.8482567103941023,1334.0532994923858,766.989847715736
591,576.0,87.84062043356596,0.5527174693055532,0.9746192893401016,29.717724821807174,24.765821861904616,-0.5175134326664448,771.828125,1884.435763888889,0.9380836317945848,1.1999490663994354,0.16663129460936388,27.081100010292303,0.9703582718274403,0.39399087544665645,0.8690520214548586,-0.4947207131354255,1.172196518857136,1.8035688035084778,2.2437899780187656,0.5747616084801465,0.5017361111111112,0.7714492206067066,1884.435763888889,771.828125
592,458.0,78.42640687119285,0.5736440012953364,0.9642105263157895,26.757435052503432,21.91714163164192,0.8134644040171471,771.0786026200873,1603.2860262008733,0.9357303282329202,1.2208451039013934,0.18089526934715117,24.148368712786887,0.8255849774463817,0.3936082708627296,0.6869850768658351,0.7266715242553836,1.1743850505760343,1.824066570026054,2.007414997627988,0.599296830857373,1.0836972343522562,0.8098409009300539,1603.2860262008733,771.0786026200873
593,363.0,71.94112549695429,0.5549266964839847,0.9428571428571428,23.852662748592426,19.843012242151417,0.5104277889066813,774.9559228650138,660.5895316804408,0.8813776494240141,1.2020686404619318,0.16810075037335703,21.498510523728477,0.34015938809497465,0.3955875052909718,0.8725355909838277,0.48855055262122316,0.7803487164560843,0.9550976170742952,1.264008347018738,1.0001818061977794,1.1634527089072544,0.823014977012264,660.5895316804408,774.9559228650138
594,462.0,102.32590180780451,0.9544224916133666,0.8918918918918919,45.54780203721328,13.59414632217369,0.4422992766021569,784.2359307359308,75.27922077922078,0.5544733509378168,3.350545224227823,0.7015411125422242,24.253590861306396,0.038763759412575066,0.4003246200795971,0.9037699198749283,0.42801861166223326,1.0108659880286288,1.1401502548614595,2.021084542551455,0.7190622073341172,0.7518037518037518,0.8349553735703905,75.27922077922078,784.2359307359308
595,850.0,117.63961030678927,0.8543279716140233,0.9465478841870824,46.013881549225694,23.91499138056096,1.1692373706099686,778.8129411764706,1773.134117647059,0.7718299650635444,1.9240601352098992,0.4802657247036054,32.897623212397704,0.9130453746895257,0.39755637630243523,0.39085376225008267,0.9204527888680417,1.4078312938170805,1.4731301630132714,1.6578904469598623,0.6609600981902095,0.7439215686274511,0.806902633198859,1773.134117647059,778.8129411764706
596,534.0,91.84062043356595,0.7989856681406035,0.9501779359430605,34.42448575882183,20.70116678960121,-1.4021444371805603,775.6029962546817,1812.3164794007491,0.7955756881490053,1.662924902190259,0.3986499338106685,26.075082298788182,0.9332216680745361,0.39591781329999065,0.1678535186731163,-0.9858119477207881,0.987321044884482,0.9879511700682854,1.6107033325302222,0.8365924307837826,1.0649188514357053,0.8547799193720057,1812.3164794007491,775.6029962546817
597,166.0,46.62741699796952,0.6988875251925949,0.9431818181818182,17.183860278484,12.29043970687025,0.32941308127731345,773.9939759036145,715.0361445783133,0.9594784761831848,1.3981485356360661,0.28476841014244203,14.538148590038452,0.36819574901046,0.3950964654944433,0.9462323674944938,0.3234877226507449,1.2551921529696595,1.40159975920697,1.695417690227417,0.689305036766354,2.174698795180723,0.8498833329115939,715.0361445783133,773.9939759036145
598,461.0,101.7401153701776,0.959660213690012,0.9275653923541247,46.158376444864786,12.97799818467375,-0.42898213836626103,786.2689804772234,478.2234273318872,0.5596626671962405,3.5566638080883,0.7188376371908207,24.22732816723524,0.24625305217913862,0.4013624198454433,0.9093895955341906,-0.4159453852781169,1.0502870303311633,1.61723986444203,1.777938514936203,0.6748449765119446,0.6666666666666666,0.9298586988803845,478.2234273318872,786.2689804772234
599,493.0,80.18376618407356,0.5605442479987958,0.9762376237623762,27.542184357517304,22.8083569604484,1.3257244573156393,780.8235294117648,1291.133874239351,0.9635713562607378,1.2075479354027017,0.17187552503535775,25.05408341078227,0.6648475150563083,0.3985827102663424,0.2426260474264373,0.9701198900704099,0.711718662424088,1.340998253457902,1.5642316279607427,0.8294284432403698,1.0033806626098716,0.8220133634815,1291.133874239351,780.8235294117648
600,378.0,74.52691193458118,0.7659988087655978,0.9569620253164557,27.483200030015215,17.667355017300654,-0.6474840858088171,783.3121693121693,1522.5873015873017,0.8552152000368165,1.5555922209692652,0.35715800932913155,21.938198374294355,0.7840305363477351,0.3998530726453136,0.7976038744753388,-0.6031816139621035,0.7098420987703555,1.8123587388968163,1.9503109149612785,0.6707640283420004,1.0582010582010581,0.861885597504819,1522.5873015873017,783.3121693121693
601,475.0,84.42640687119285,0.7870154957033358,0.9443339960238568,31.608043815200027,19.50005254554173,-1.1672078863129587,783.1368421052632,268.5242105263158,0.8374268104832583,1.6209209560528353,0.38306677061222216,24.592453796829673,0.1382719930619546,0.3997635743263212,0.392721000523643,-0.9196576622568361,1.1701196058907635,1.2189382794671457,1.4748711143436808,0.7764117819534699,0.7894736842105263,0.7471668407807203,268.5242105263158,783.1368421052632
602,888.0,113.25483399593905,0.6878961536936758,0.9631236442516269,39.74551529112674,28.84765756113518,0.7120581338110062,788.5495495495495,1254.8547297297298,0.8699801310006068,1.3777727084736902,0.27419087789319796,33.62494186946387,0.646166184206864,0.4025265694484684,0.7570187096367618,0.6533931995819149,1.1218991391972082,1.5642316279607427,2.3987669137585272,0.5899823729509724,0.4369369369369369,0.8736704268410523,1254.8547297297298,788.5495495495495
603,417.0,78.5269119345812,0.8230235497223624,0.972027972027972,30.81903034402499,17.505432688292835,-1.5128116470562742,780.1702637889688,173.84652278177458,0.8497846473223207,1.7605409070885711,0.4319927495159924,23.04215463350949,0.0895193217207902,0.3982492413419953,0.05795219229581181,-0.998319359427688,1.0550992090133655,1.798635689100938,1.8213102233642908,0.6417050364320716,1.234212629896083,0.8445382507148218,173.84652278177458,780.1702637889688
604,1016.0,121.84062043356595,0.6853082298315561,0.9612109744560076,42.495705464177725,30.947630771733117,0.19915748168215053,793.6102362204724,304.0492125984252,0.8600414214318473,1.3731489100933816,0.2717468639785072,35.96680938658481,0.15656499103935387,0.4051098704545546,0.9802336125280331,0.19784353633677795,1.271593577526526,1.5126641441866173,1.5618707918427481,0.6902695101267212,0.44258530183727035,0.8374172780843164,304.0492125984252,793.6102362204724
605,675.0,105.9827560572969,0.8619292522416503,0.9547383309759547,41.7860671564739,21.186729601582346,-0.48825000603270213,792.3792592592592,1462.5555555555557,0.7551673742864566,1.9722754734809602,0.49297143657368825,29.316150714175198,0.7531182057443644,0.4044815003875749,0.8831550995923729,-0.46908109113881996,1.1357331071378516,1.3082479611963436,1.6223084371089653,0.737773342499146,0.56,0.8853790294075137,1462.5555555555557,792.3792592592592
606,116.0,39.21320343559643,0.6880668979352736,0.9206349206349206,14.281972916139704,10.363674494508286,-0.6130256238076183,780.1293103448276,599.4310344827586,0.9479888041486355,1.3780800355807898,0.2743527413641462,12.153015559492998,0.3086668560673319,0.3982283360616782,0.8179109873743039,-0.5753447807466331,0.6413351735105028,0.9869978190937612,1.0331696250963525,1.1271828102096049,2.1120689655172415,0.8461945673795407,599.4310344827586,780.1293103448276
607,753.0,113.1543289325507,0.8904527448570702,0.9483627204030227,46.32997651366689,21.083647330101996,-1.1692709899786107,787.452855245684,1832.5258964143427,0.739030723383675,2.197436515053051,0.5449242819304576,30.96367835360614,0.9436281649919376,0.40196674591408066,0.3908228169875783,-0.9204659286045811,0.9879511700682854,1.466566491298365,1.4761516830058186,0.7632287880676338,0.9251881363435148,0.8374805381366266,1832.5258964143427,787.452855245684
608,179.0,51.94112549695428,0.4170506746971301,0.9226804123711341,16.224281142774576,14.745977129439538,-0.15485645855479288,782.7597765363129,1334.6033519553073,0.8337583243787338,1.1002513431533598,0.09111676507118438,15.09668435477122,0.6872313861767803,0.39957109573063443,0.9880336805381601,-0.15423827709818672,0.665436283601128,0.6941134428199508,1.0344406514464257,1.2531378687797028,2.525139664804469,0.774015092551737,1334.6033519553073,782.7597765363129
609,188.0,49.45584412271572,0.698845615668078,0.9740932642487047,18.386176317673435,13.15112702256489,0.33353186863712486,784.1223404255319,746.6914893617021,0.9659006882058295,1.398068491478044,0.28472746071060095,15.471555655790098,0.38449613252404846,0.4002666362560142,0.9448919679932994,0.3273822976609296,1.3436501740341797,1.40159975920697,1.7406780202479237,0.6687579540074099,0.8191489361702128,0.9598350120513363,746.6914893617021,784.1223404255319
610,198.0,53.97056274847714,0.8151136574110159,0.9428571428571428,20.90221293867992,12.108674244953397,0.01364218336473317,785.6666666666666,1370.5454545454545,0.8542031357435489,1.7262181239528727,0.4206989336260144,15.877702285203682,0.7057391629997191,0.40105496001361235,0.9999069468597052,0.013641760212773897,1.0201050159140024,1.1265830635400467,1.1887665336349502,0.8994276187202167,2.4444444444444446,0.722750438489585,1370.5454545454545,785.6666666666666
611,218.0,58.52691193458118,0.8490037678875287,0.9478260869565217,23.048256106967564,12.178394108886,0.27759465081023227,788.7385321100918,586.894495412844,0.7997516369789867,1.8925529836606567,0.4716132078554771,16.66031874701878,0.302211377658519,0.4026230383410372,0.9617173893149876,0.2740431774176555,0.6413351735105028,0.7874976081734003,0.8871815405728942,1.2953287771885216,1.1850152905198776,0.8125859396535438,586.894495412844,788.7385321100918
612,246.0,58.142135623730944,0.6855275719426968,0.9647058823529412,21.059674409606504,15.332425744324167,-0.18706347786087654,787.1544715447154,1506.19918699187,0.9144564162173695,1.3735383272540862,0.27195333384023335,17.697935698969246,0.7755917543727445,0.4018144316205796,0.9825545886585949,-0.1859744076639027,0.7098420987703555,1.8536322913327363,2.1528327031869283,0.6360908949860701,1.7140921409214094,0.8381478347755337,1506.19918699187,787.1544715447154
613,416.0,87.01219330881976,0.42568108148549544,0.8739495798319328,25.98929038412623,23.517013917876294,-0.010240134527452977,793.1370192307693,242.64182692307693,0.6904670568550118,1.1051271421994038,0.09512673988821019,23.014509567006368,0.12494429810663076,0.4048683099697648,0.9999475702805821,-0.010239955564367414,1.1701196058907635,1.4610899738220517,1.5645468041723967,0.7150081476422712,0.8982371794871795,0.8623707469252819,242.64182692307693,793.1370192307693
614,460.0,85.25483399593904,0.8507872128830121,0.944558521560575,33.65466481344744,17.685874379051548,-1.134778410102093,789.1152173913043,871.2130434782608,0.7952975956765814,1.9029121259229629,0.4744896590981712,24.201036973199617,0.44861639725966057,0.4028153228133253,0.422333301038392,-0.906440611862694,1.1662222850235633,1.4045239429540777,1.945468157591782,0.6642731597476518,0.760144927536232,0.7646656729638508,871.2130434782608,789.1152173913043
615,220.0,54.970562748477136,0.5987250701670763,0.9523809523809523,18.853340411417644,15.100669952593387,-1.2511117283950146,787.45,1412.209090909091,0.9148969481081413,1.2485101966075203,0.19904538808155336,16.73656774376801,0.7271931467091096,0.4019652884124554,0.31426715460507704,-0.9493345856632575,0.9221095332130587,0.9490289659438995,1.1351773381899066,0.997899143773118,2.401515151515152,0.7921551751873586,1412.209090909091,787.45
616,309.0,66.76955262170047,0.5462323547631421,0.9335347432024169,21.8301124426346,18.285637846761354,-0.8818211894060045,791.9255663430421,1320.9320388349515,0.8709864742415886,1.19383926475942,0.16236630045710732,19.83509564693766,0.6801915750952376,0.40424990624963864,0.6357464268643246,-0.7718979730050105,0.6941134428199508,0.7991652926696584,1.188259686032751,1.118760774010034,0.9730312837108954,0.7304409109025318,1320.9320388349515,791.9255663430421
617,723.0,102.42640687119284,0.6662505139813618,0.964,35.5447178162987,26.50669139052433,0.10386306270891528,799.4923928077455,364.5864453665284,0.8660127490205868,1.3409715038597878,0.25427199823288693,30.340603007249587,0.1877376134740105,0.4081125027094158,0.9946110791478373,0.10367642565392793,1.3548708284512652,1.8294786507320626,2.564931700445051,0.5218043623662034,1.1111111111111112,0.8485050332278264,364.5864453665284,799.4923928077455
618,221.0,55.698484809834994,0.27127774653580794,0.9324894514767933,17.263998283411677,16.61661748825061,-0.49321952425988236,791.4570135746607,668.9638009049773,0.8951903164384566,1.0389598421952495,0.03749889130741568,16.774562271083887,0.34447157616116236,0.4040107266843597,0.880813096928878,-0.4734641362115604,0.7803487164560843,0.7816747690284108,1.3340686030349802,1.035878662799581,1.8114630467571644,0.8730739602735987,668.9638009049773,791.4570135746607
619,287.0,70.5269119345812,0.8519819512338921,0.9053627760252366,27.368900924079867,14.329567078974051,0.9582937366430071,794.205574912892,1280.8501742160279,0.7250734852023045,1.9099600688033758,0.4764288445954171,19.115955360352558,0.6595520979485211,0.4054137697360347,0.5749169070954839,0.8182118001689799,0.711718662424088,1.1218991391972082,1.6930202133239096,0.8506685368009371,1.9628339140534263,0.901512653834311,1280.8501742160279,794.205574912892
620,336.0,79.49747468305833,0.9135368053191809,0.935933147632312,33.12765089352623,13.474873283095148,-0.8698362745632469,795.5446428571429,566.9880952380952,0.6681015437521383,2.4584758756200253,0.5932439240438749,20.683531783305643,0.2919609141287823,0.4060973164150806,0.6449516786858634,-0.7642233522735921,0.8871815405728942,1.216216919575067,1.3002257432018205,0.8814134054656967,1.1785714285714286,0.7628414768808232,566.9880952380952,795.5446428571429
621,835.0,119.7401153701776,0.873602290154419,0.9360986547085202,47.79443679627407,23.25871168384162,1.271983326158504,799.8215568862275,1745.2251497005989,0.731841435844336,2.054904736167223,0.5133594358903543,32.60605802383755,0.8986741244596287,0.40828052929363323,0.2943860149338502,0.9556865983215245,1.3489293899015822,1.450649757339212,1.4731301630132714,0.7021306113196858,0.8059880239520958,0.811093603645625,1745.2251497005989,799.8215568862275
622,653.0,100.91168824543144,0.8023086193742966,0.9532846715328467,37.71517034295732,22.51254119996597,-0.5449170878788742,802.2006125574272,1349.5620214395099,0.8058238209111381,1.6752960053667478,0.4030905602373923,28.834448541840736,0.6949340996083985,0.40949495281134624,0.8551702709847433,-0.5183471883051752,0.836615897115896,1.0344406514464257,1.1265830635400467,1.000787415501217,0.3603879530372639,0.8000969619828866,1349.5620214395099,802.2006125574272
623,366.0,77.18376618407356,0.8538108216617736,0.9481865284974094,30.318439995780707,15.78327670550591,-0.3392525073657037,797.6065573770492,1660.622950819672,0.772038604571182,1.9209217807861332,0.4794165957185659,21.587164551489145,0.8551096554169269,0.40714985062636505,0.9430036812703125,-0.3327822968708503,0.7893594921807825,0.9987334328015233,1.572848753301982,0.8926069795806326,1.1320582877959926,0.880085643071069,1660.622950819672,797.6065573770492
624,355.0,71.11269837220809,0.7626178394816124,0.9646739130434783,26.641036266043685,17.232735948140434,-1.1655469612412463,794.1549295774648,1711.2957746478874,0.8821529698491015,1.5459551139306171,0.3531506891830235,21.260292528114064,0.8812027675838761,0.4053879170890581,0.3942479405958661,-0.9190041138841101,1.450649757339212,1.4610053237793552,1.9779172062480372,0.6135505978204325,2.3220657276995307,0.7987058940058119,1711.2957746478874,794.1549295774648
625,685.0,99.9827560572969,0.7509333371035286,0.9567039106145251,36.599262709648855,24.16934847338193,-1.2002353661789142,801.9664233576642,161.56204379562044,0.8610933343610814,1.5142842079485996,0.33962198459779247,29.53250900522315,0.08319363738188489,0.409375407533264,0.3621383739636268,-0.9321243469103145,0.8689371111869781,1.0550992090133655,1.3622379391522008,0.9128878977346992,0.6282238442822384,0.810228945740473,161.56204379562044,801.9664233576642
626,194.0,51.55634918610404,0.5159820659303396,0.9463414634146341,17.20802165388382,14.740380778398103,0.9762106067146518,796.5154639175257,617.6443298969073,0.9171645940997776,1.1674068609612869,0.1434006142669383,15.716503163191918,0.3180454839839893,0.4065928861243112,0.5601656211154574,0.8283806352881107,0.6107600526072413,0.8665527786392462,1.0331696250963525,1.194989430187163,1.2027491408934707,0.8956177935609407,617.6443298969073,796.5154639175257
627,399.0,71.94112549695429,0.46095444332983615,0.973170731707317,23.95648672394455,21.259556488180156,0.18238248407711724,799.7443609022556,969.1804511278195,0.9687870030858996,1.1268573141337086,0.11257619979263522,22.539356209735228,0.49906305413378965,0.40824112348251945,0.9834143658232126,0.18137305503444712,1.0064361065991383,1.4502674577954957,2.806817647272174,0.5699606554924446,1.112781954887218,0.9032547107624492,969.1804511278195,799.7443609022556
628,340.0,72.62741699796952,0.8768053336761835,0.9631728045325779,30.08545017609738,14.466453707017193,1.522628945711544,796.6676470588235,521.5588235294117,0.8100047835606032,2.079670027320098,0.5191544875565578,20.806283791440396,0.26856788029320894,0.4066705702188992,0.04814875774769689,0.998840175967784,0.8960163503085546,1.2263427817256802,1.4148736578179724,0.8481206011112846,1.0215686274509803,0.8150851079430207,521.5588235294117,796.6676470588235
629,363.0,72.76955262170047,0.784831758648831,0.9552631578947368,27.363239638617934,16.957242913393245,0.3350220779179123,802.8264462809917,683.603305785124,0.8614242216987882,1.613660886877181,0.3802911081675663,21.498510523728477,0.35200994118698453,0.40981441872434493,0.94440305086373,0.3287900204070663,0.7816747690284108,1.224100368473352,1.2402261744913818,0.924214044189005,1.0459136822773187,0.9195488329929259,683.603305785124,802.8264462809917
630,499.0,85.59797974644665,0.8065545495476829,0.9727095516569201,32.92399119925421,19.46333586069287,-0.5767526656287388,803.6973947895791,1433.6713426853707,0.8558218695361312,1.691590354033081,0.4088403273193151,25.206081266687335,0.7382447696629097,0.4102590070390909,0.8382378534327317,-0.5453047781493265,1.1351773381899066,1.3082479611963436,1.3856413351162604,0.7834807503656236,0.935871743486974,0.7662512073445117,1433.6713426853707,803.6973947895791
631,728.0,107.15432893255071,0.7780942112918274,0.9553805774278216,38.885421864137705,24.425784139395084,-0.903973753197162,804.2032967032967,1678.14010989011,0.7967495038555453,1.5919825395255753,0.3718524071890834,30.445334430207833,0.8641298197168434,0.4105172520180177,0.6184923208248853,-0.7857908430878074,0.7893594921807825,1.2403345753165538,1.4610053237793552,0.8594266259354912,0.7467948717948717,0.8405727722459461,1678.14010989011,804.2032967032967
632,329.0,76.18376618407356,0.8837748335474476,0.9215686274509803,30.527526625702162,14.28420921228566,-0.3819387823215307,808.1945288753799,1330.6504559270518,0.7123294258263771,2.137152023749823,0.5320875684615962,20.466944330257718,0.6851959093342183,0.4125546344437876,0.9279437566107691,-0.37272024974113455,0.7991652926696584,0.836615897115896,1.085482215016282,1.1024291124138574,1.1560283687943262,0.8368562065104869,1330.6504559270518,808.1945288753799
633,528.0,86.18376618407356,0.6787749922837957,0.9617486338797814,30.31218498185093,22.259641330619687,-0.19866659431833944,807.1496212121212,1790.784090909091,0.8932907756032354,1.361755319038066,0.2656536853431256,25.928179257714298,0.9221339294073589,0.41202124615218033,0.9803306133124896,-0.1973623282249123,1.4078312938170805,1.4111192612768173,1.6107033325302222,0.6772538162364359,1.5877525252525253,0.7840844401147725,1790.784090909091,807.1496212121212
634,323.0,70.2842712474619,0.570347993098563,0.9176136363636364,23.027488876998515,18.914852347844064,-1.239594620906688,803.5077399380805,598.3219814241486,0.8216674710598576,1.2174289523134032,0.1785968305585609,20.279456919490165,0.30809576798359867,0.41016219496583994,0.32517965880119615,-0.9456522561184622,0.7689526164367925,0.7874976081734003,0.8400093446073879,1.2518466985777144,0.8792569659442725,0.849771478243142,598.3219814241486,803.5077399380805
635,283.0,75.59797974644665,0.9139887338758758,0.8707692307692307,31.44994786481943,12.760488155929275,0.8352130986557292,808.5265017667845,1378.4558303886927,0.6222657820476926,2.4646351675978733,0.5942604353184501,18.982275710779543,0.7098124770281631,0.41272409482735295,0.6710196981314547,0.7414395219568292,1.0201050159140024,1.247338290672457,1.632542159278498,0.7692336359347548,1.8268551236749118,0.8501262351603861,1378.4558303886927,808.5265017667845
636,500.0,101.56244584051393,0.9205564893211768,0.9074410163339383,41.33951907605305,16.14760720851996,-1.369683423846858,808.672,539.09,0.6091350169525657,2.5601018492845853,0.6093905403492257,25.2313252202016,0.27759526261585993,0.4127983665135273,0.1997599265224303,-0.979844871270832,0.8960163503085546,1.3002257432018205,1.7722972864998903,0.7559456295460119,0.764,0.7859147013412194,539.09,808.672
637,689.0,98.32590180780451,0.7193813013346779,0.9704225352112676,35.6964728010181,24.79531946020265,-1.3549484556295708,809.3889695210449,897.6371552975327,0.895556951585207,1.4396456096608146,0.3053846076496539,29.618609797263055,0.4622230459822516,0.4131643540178892,0.21417570162920302,-0.9767951519288159,1.4045239429540777,1.602524629570037,1.610457408308646,0.6497013782879723,0.34252539912917274,0.7835456759403648,897.6371552975327,809.3889695210449
638,308.0,65.11269837220809,0.7304745390951867,0.9625,24.091842528938486,16.453281245791253,1.2781152814793748,805.3928571428571,1638.2564935064936,0.9129125835061023,1.464257625517778,0.3170600701864955,19.802974013476614,0.843592427140316,0.41112448042003935,0.28852028956837855,0.9574737816292302,0.8001420223926382,0.9987334328015233,1.6826753667690608,0.8616849655258861,1.4080086580086582,0.8331276500927621,1638.2564935064936,805.3928571428571
639,485.0,84.66904755831213,0.7631460498423182,0.949119373776908,31.15313001284975,20.131964127102375,-1.3233517011947773,807.6103092783505,207.1979381443299,0.8501631051125821,1.5474461317418247,0.35377395084222574,24.849973424463737,0.10669306804548398,0.41225641106602884,0.24492722018511442,-0.9695414672990488,0.9521453632337197,1.3998532004309974,1.4193102190849682,0.7954798116034085,0.7601374570446736,0.7877031321555906,207.1979381443299,807.6103092783505
640,313.0,65.11269837220809,0.6784047532428014,0.9601226993865031,23.302418181084914,17.120015468194918,-0.7144275476851788,808.1884984025559,490.0479233226837,0.9277325929786039,1.3611213275113851,0.26531163696600335,19.963065333312567,0.25234187606729336,0.41255155610135574,0.7554684271762317,-0.6551850544234588,1.0502870303311633,1.4148736578179724,1.48774383916358,0.758935607797104,1.2183173588924388,0.7118959033543958,490.0479233226837,808.1884984025559
641,162.0,45.79898987322333,0.49287083249048647,0.9642857142857143,15.548467526961268,13.528760305317213,-0.6070431746797815,808.2037037037037,75.65432098765432,0.9705391965307769,1.1492898961961984,0.12989751035861596,14.361922094451577,0.038956910910223644,0.4125593178681489,0.8213383013751561,-0.5704414033835319,1.0108659880286288,1.8918814669105657,2.1460553194372296,0.594200275603067,2.730452674897119,0.765324590641562,75.65432098765432,808.2037037037037
642,572.0,91.25483399593904,0.6957232496480599,0.9581239530988275,31.916360782728727,22.92583897661603,-1.1125870739001253,813.5034965034965,937.6625874125874,0.8631656200091363,1.39215671955486,0.2816900669633313,26.986904594423443,0.4828334641671408,0.4152646740701871,0.44234279258634485,-0.8968460591689713,1.010743752433327,1.4502674577954957,1.488022175172804,0.7596795740167926,0.6754079254079254,0.9384618384547035,937.6625874125874,813.5034965034965
643,261.0,59.79898987322333,0.23310826785542116,0.9490909090909091,18.67770877032517,18.1631526153445,-0.1800277548055633,810.9731800766283,616.7892720306513,0.9171971054743294,1.028329671939549,0.027549211806867313,18.229523339239496,0.3176051864215506,0.4139730373030262,0.9838387234781798,-0.17905687974726284,0.6107600526072413,0.8400093446073879,0.980238559837904,1.2340560183263816,1.136653895274585,0.8570659191452483,616.7892720306513,810.9731800766283
644,580.0,87.59797974644665,0.3446689049444723,0.9715242881072027,28.08800382436917,26.366892245379702,-0.4497725716452399,816.4793103448276,709.6517241379311,0.9498382991153322,1.0652754811971086,0.06127568159529484,27.17496892263898,0.3654231329237544,0.41678372146239284,0.9005460025604162,-0.43476073566095513,0.9069169806845275,0.9565452240881055,1.2402261744913818,0.9665918846889511,0.37873563218390804,0.9271502605565374,709.6517241379311,816.4793103448276
645,186.0,48.384776310850235,0.30929755406583964,0.9789473684210527,15.853815338019,15.07642843615291,-1.0413162869575634,811.6236559139785,730.6021505376344,0.9984017488228205,1.0515630678153147,0.04903468882987683,15.389040103942165,0.3762112000708725,0.41430508214087725,0.5050846475826928,-0.8630698110676025,0.46067095810358794,0.9069169806845275,0.9901383607483385,1.2724123239367613,1.7508960573476704,0.9371584986465145,730.6021505376344,811.6236559139785
646,1131.0,134.5685424949238,0.8108896457736806,0.9584745762711865,50.03487672851749,29.280364647861695,-1.2266412168694167,820.4341290893015,1821.4960212201593,0.7848476671317676,1.7088201369845804,0.4148009036430126,37.94777892176918,0.9379485176210913,0.4188025161252177,0.3374014513240837,-0.941360855700088,1.4111192612768173,1.466566491298365,1.8081688849253543,0.6402247257077138,0.4532861774241084,0.8610047963743722,1821.4960212201593,820.4341290893015
647,107.0,38.970562748477136,0.8034411207117991,0.9469026548672567,15.400688270632587,9.169326723348517,0.2611252494415208,811.411214953271,1937.3551401869158,0.8853607958076034,1.6795876878742586,0.40461578325473857,11.67204486311899,0.9976082081292048,0.41419663856726446,0.9661000866333042,0.2581678186899409,1.2634886629524684,1.4855937239041386,1.6048477281391853,0.6890326488400467,2.9906542056074765,0.7348408728158192,1937.3551401869158,811.411214953271
648,475.0,82.52691193458118,0.8220143899296504,0.977366255144033,32.63694689331175,18.58565502825791,-1.5031675540162945,815.818947368421,648.7831578947369,0.8764200096979942,1.7560288751561377,0.43053328214145403,24.592453796829673,0.3340798959293187,0.4164466295908224,0.06757723283330079,-0.9977140460084712,1.0406646690136274,1.3340686030349802,1.3645981217734646,0.8022824628371914,0.7466666666666667,0.9054956294022783,648.7831578947369,815.818947368421
649,374.0,75.59797974644667,0.785769211671696,0.949238578680203,28.098691167478165,17.379596909241098,-0.503473598424342,822.0909090909091,165.9866310160428,0.8223583126708018,1.6167631110326557,0.381480197577441,21.821814538001895,0.08547200361279238,0.4196482435379832,0.8759119390435802,-0.482471009534164,0.6634389757204822,0.8689371111869781,1.798635689100938,0.9006272573418953,1.427807486631016,0.8231406196372327,165.9866310160428,822.0909090909091
650,590.0,87.84062043356593,0.4225358564331684,0.9735973597359736,28.803291705161094,26.105754235107337,-0.11579089647695594,823.2677966101695,439.6,0.960884275622926,1.1033311447644778,0.09365379129811058,27.408234736913393,0.22636457260556128,0.4202490028637925,0.9933037208793198,-0.11553232485888185,1.9205503940587616,2.2204395835984716,2.2555241392136676,0.46900545284305023,0.6310734463276836,0.7511385064937294,439.6,823.2677966101695
651,500.0,91.01219330881975,0.872303396788487,0.9487666034155597,36.433612830561714,17.814761971823504,-0.19215651620772226,828.124,180.516,0.7585438772282963,2.0451361005095934,0.5110349869865254,25.2313252202016,0.09295365602471678,0.42272792240939255,0.9815946747299783,-0.19097616223431657,0.6634389757204822,1.3622379391522008,1.4193102190849682,0.870830538212651,1.0293333333333332,0.8445382507148218,180.516,828.124
652,357.0,73.35533905932738,0.781377277160459,0.9545454545454546,27.413404661890166,17.107580038601537,1.4751682309183587,817.3977591036414,275.54901960784315,0.8337092547978042,1.6024127667405075,0.37594106789718396,21.320096563347295,0.14188929948910564,0.41725255696969954,0.09548241360753036,0.9954311169999059,0.9447075791047406,1.274421369084629,1.4748711143436808,0.8121277610219745,1.3043884220354809,0.8933761419026576,275.54901960784315,817.3977591036414
653,342.0,67.35533905932738,0.5704140168162989,0.9688385269121813,23.051600531163636,18.93360086628902,-0.0010902718135606816,821.8304093567251,960.1374269005848,0.9473095526472636,1.217496909011463,0.1786426785987143,20.867389014906145,0.4944065020085401,0.4195152676655054,0.9999994056537451,-0.0010902715975610166,1.0064361065991383,1.010743752433327,1.9607426429969972,0.7541625052950267,1.3538011695906433,0.910413860908661,960.1374269005848,821.8304093567251
654,373.0,75.04163056034261,0.6341918848702283,0.9325,25.22980736838469,19.507073811296852,0.12886193446941294,821.6085790884719,596.1206434316354,0.8323656922761099,1.2933670940319975,0.2268243064058808,21.792621462004423,0.30696222627787606,0.4194020311834976,0.9917087837002257,0.1285055964999927,0.7648747842601608,0.7689526164367925,0.980238559837904,1.1932861138463378,0.8123324396782842,0.8766609350868385,596.1206434316354,821.6085790884719
655,29.0,22.86396103067893,0.8639256393827117,0.7837837837837838,9.42386449239204,4.746040883669313,1.5676390782876983,814.3793103448276,859.9655172413793,0.6971157894006712,1.985626488136393,0.49638061036416337,6.076507779746499,0.44282467417166804,0.4157117459646899,0.0031572432618439334,0.9999950158950721,1.1662222850235633,1.4399924524727816,1.4767341944890149,0.7347630474871579,14.126436781609197,0.8497536057969824,859.9655172413793,814.3793103448276
656,814.0,114.56854249492379,0.8347541359255863,0.9633136094674556,43.75160929793038,24.090636185629922,0.51503142473288,831.5528255528255,1741.1867321867321,0.7792978760242288,1.816125110221383,0.44937714127078976,32.19343084255579,0.8965946097768961,0.4244782162086909,0.8702772440922899,0.49256219750923724,1.3131999053204246,1.3489293899015822,1.9004790059005692,0.6575186389026394,0.6703521703521703,0.803092109468775,1741.1867321867321,831.5528255528255
657,296.0,69.11269837220809,0.844157987534481,0.9367088607594937,27.208043387575078,14.586081886785033,-0.6007809047164067,824.8648648648649,1901.7567567567567,0.7787281534832765,1.8653428383824942,0.46390551944481373,19.413369239820483,0.9792774236646533,0.42106424954816996,0.824894431334094,-0.5652868096409129,1.0751126468149912,1.6048477281391853,1.629122090658686,0.6962038958271184,0.8682432432432432,0.7703850869239282,1901.7567567567567,824.8648648648649
658,246.0,59.79898987322333,0.8003533197139088,0.9571984435797666,23.01631166987283,13.79893752347813,1.173883098760224,822.4674796747968,224.1991869918699,0.8644846281482186,1.6679770910413825,0.4004713821485034,17.697935698969246,0.11544757311630788,0.41984046946135617,0.386573386350041,0.9222586497105147,0.5443511623267873,0.9521453632337197,1.3491250212876684,1.054251224419781,1.6869918699186992,0.825148266115736,224.1991869918699,822.4674796747968
659,910.0,114.8111831820431,0.7685589443605415,0.9711846318036286,42.620335894885756,27.267595219063324,-0.7842208166703835,832.8527472527472,1684.7945054945055,0.8675267423175544,1.5630397749592901,0.3602210154722101,34.03891869182977,0.8675563879992304,0.4251417801188092,0.7079388007724133,-0.7062737814480424,1.2403345753165538,1.8023098304256995,1.9779172062480372,0.597542711722786,0.5307692307692308,0.8169803594252762,1684.7945054945055,832.8527472527472
660,207.0,52.8700576850888,0.6779298430392632,0.9495412844036697,18.950283035542714,13.93085726441937,0.7575103610126663,823.927536231884,1634.1980676328503,0.9305948418515592,1.360309898798791,0.26487339327381154,16.23454913941803,0.841502609491684,0.4205857765349076,0.7265489282828194,0.6871147319124272,0.8001420223926382,1.572848753301982,2.0311963814354113,0.6811699623489517,2.257648953301127,0.8272335639776099,1634.1980676328503,823.927536231884
661,400.0,75.35533905932738,0.7716255924882408,0.966183574879227,28.508429337033267,18.133556097340122,1.0863041965782902,827.85,255.735,0.8852008021443688,1.5721367162624522,0.36392300386103305,22.56758334191025,0.13168640576725027,0.42258805513016845,0.46575899966825,0.8849116081440175,0.9447075791047406,1.00879394403471,1.3137401334608327,0.9182057268214557,0.9991666666666668,0.7644894435565708,255.735,827.85
662,522.0,82.76955262170048,0.5002385197681588,0.9738805970149254,27.730717054331365,24.01168543768395,1.3834591726170102,829.471264367816,303.2528735632184,0.9575008130803458,1.1548842386053735,0.13411234947011674,25.780439141949365,0.1561549297441907,0.4234156530718816,0.18624330261700806,0.9825036550722392,1.274421369084629,1.372708597797032,1.5126641441866173,0.721189539649973,1.2535121328224776,0.8724371231490107,303.2528735632184,829.471264367816
663,110.0,38.72792206135785,0.7667885149765479,0.9322033898305084,14.954304714293839,9.59916543891287,1.5697102136767258,822.5090909090909,731.5181818181818,0.9216248111480032,1.5578755058926719,0.35810018437449265,11.834540545406394,0.3766828948600318,0.41986171052020976,0.0010861129046334358,0.9999994101792052,0.46067095810358794,0.6759469998572439,0.9565452240881055,1.4332375161803612,3.190909090909091,0.962750811204787,731.5181818181818,822.5090909090909
664,506.0,100.5685424949238,0.93972913578227,0.9250457038391224,43.9466273636301,15.026222150016068,-0.5745905334954612,834.9683794466404,1443.7588932806325,0.628689299638937,2.9246624284456693,0.6580801974703603,25.38226171238474,0.7434391829457427,0.42622173529690677,0.8394149141945471,-0.5434911239641004,0.615965442917667,0.9624596947457539,1.3075801754289957,1.0394991257952453,0.6007905138339921,0.8715390169433537,1443.7588932806325,834.9683794466404
665,590.0,89.59797974644665,0.42376340758992953,0.9640522875816994,28.896783716362147,26.17392403429587,1.3465803306567588,831.8728813559322,335.71525423728815,0.9235606932173808,1.1040294790532172,0.09422708453621165,27.408234736913393,0.17287088271745013,0.4246415933414662,0.2223420512980707,0.9749687237160821,1.372708597797032,1.5687060977366887,1.76418397251402,0.637538432754751,0.8067796610169492,0.8594823737553264,335.71525423728815,831.8728813559322
666,287.0,61.94112549695428,0.46342953837494766,0.9534883720930233,20.398093382496658,18.0754394431007,-0.8421723603537251,829.3275261324042,746.0243902439024,0.9400123856762082,1.1284977854456812,0.11386622738912444,19.115955360352558,0.3841526211348622,0.42334227980214606,0.6658436189943046,-0.7460913315704502,0.6759469998572439,0.9155489077747427,0.9901383607483385,1.1620546088746144,0.6655052264808362,0.8678936908860226,746.0243902439024,829.3275261324042
667,423.0,77.01219330881976,0.24885064490668057,0.9613636363636363,23.68993502167311,22.94469399770103,0.9464036234998084,830.6784869976359,1466.174940898345,0.8962542886830821,1.0324798850682755,0.03145812866478048,23.207333483685147,0.7549819469095495,0.42403189739542413,0.5846046698458035,0.8113182975839255,0.6948531510092508,0.9624596947457539,1.2546488919775485,1.0302333169858198,0.7840819542947203,0.7823506872619722,1466.174940898345,830.6784869976359
668,338.0,68.18376618407356,0.6519010531356247,0.952112676056338,23.95733109558853,18.166940954880342,0.8271241301197396,831.5917159763313,679.7130177514792,0.9136178834249888,1.318732259607673,0.24169596010527328,20.7449985808745,0.35000670327058664,0.424498068390164,0.6769951609287195,0.7359874673383353,1.224100368473352,1.288157123174734,1.4142727829345378,0.7640333297363636,1.5039447731755424,0.9051206623693897,679.7130177514792,831.5917159763313
669,325.0,67.698484809835,0.49256329082341194,0.9587020648967551,22.04556192213056,19.185737232302927,0.8096375525551491,834.0892307692308,582.96,0.8911182287263284,1.1490599321360746,0.12972337470594397,20.342144725641095,0.30018537590113287,0.4257729610868968,0.6897609036926217,0.7240372198562295,0.7648747842601608,1.029984553875384,1.1524120209104352,1.017890663780307,1.366153846153846,0.861261057259104,582.96,834.0892307692308
670,384.0,71.94112549695427,0.59925008471919,0.9624060150375939,24.804366107054353,19.857430152722905,-0.8130909427832087,834.3567708333334,1288.578125,0.9323664390601145,1.2491226667441209,0.19943811234605757,22.111625566165472,0.6635314752832132,0.42590953079802624,0.6872564125956081,-0.7264149112912093,0.786454812880654,1.3032468893224598,1.6765848259248917,0.7965405652477321,1.467013888888889,0.8501744478553475,1288.578125,834.3567708333334
671,480.0,85.01219330881976,0.785676154277983,0.9448818897637795,31.594879520307362,19.54579321853444,-0.1474904998400235,839.9833333333333,1306.3583333333333,0.8346197534692918,1.6164541989704102,0.38136199551033156,24.721548929484133,0.6726870923446618,0.4287816913391186,0.9891429791234633,-0.1469563433498527,0.786454812880654,1.1696246156762353,1.6871702915996867,0.8234406725957476,0.9069444444444444,0.8003709212452325,1306.3583333333333,839.9833333333333
672,453.0,90.8111831820431,0.9289301591882163,0.949685534591195,39.649516852113884,14.680431558249632,-0.6186260451615443,842.2781456953643,1920.3774834437086,0.6902865282937468,2.7008413679659804,0.6297450076628877,24.016192740836935,0.9888658514128262,0.42995311163622474,0.8146760042813168,-0.5799163802206555,0.6888726718150697,1.0751126468149912,1.4855937239041386,0.9231965004490046,0.4518027961736571,0.7998656286537713,1920.3774834437086,842.2781456953643
673,473.0,81.01219330881975,0.7457572053261388,0.971252566735113,30.114179122907817,20.062602924979373,1.0634162818502975,837.6659619450318,41.82241014799154,0.9056705045686984,1.5010105735289967,0.3337821747325074,24.54062559633988,0.021535741579810266,0.42759875545943427,0.4858890226504006,0.8740205132992237,1.246359638748034,1.459686934215327,1.8918814669105657,0.6524678015800915,0.7787174066243834,0.8595250735908908,41.82241014799154,837.6659619450318
674,360.0,78.18376618407358,0.8625524989118865,0.9,30.747380239732834,15.557177407457761,1.5394193634481248,835.3111111111111,225.48888888888888,0.740080891090257,1.9764112367191513,0.4940324253266223,21.409489393833255,0.11611168325895412,0.4263966876524304,0.031371815091151015,0.9995077834703873,0.5443511623267873,0.9592122677292828,0.9967516894970717,1.199848761677753,1.1296296296296298,0.8148508256535719,225.48888888888888,835.3111111111111
675,582.0,89.94112549695427,0.5320035633563843,0.9588138385502472,29.754299474893468,25.194218454738216,1.1497893118755023,840.4381443298969,650.4759450171821,0.9040994662940489,1.1809971215557848,0.15325788543612073,27.221781995965376,0.33495156798001136,0.42901385621740523,0.4086797403391435,0.9126778565497962,1.0406646690136274,1.1346597387242465,1.288157123174734,0.8661804525949115,0.9095074455899199,0.8524089367959998,650.4759450171821,840.4381443298969
676,700.0,99.39696961966999,0.6363519042934943,0.9655172413793104,34.234208495668845,26.40823057579707,0.6419254441517158,843.9842857142858,1362.9185714285713,0.8903517488264711,1.296346167434793,0.22860110584598103,29.854106607209232,0.701811828747977,0.4308240355866696,0.8009444053063283,0.5987387239927714,1.4800043037890913,1.539955036401405,1.632542159278498,0.6448144079786756,0.5761904761904761,0.7931613281337339,1362.9185714285713,843.9842857142858
677,211.0,60.04163056034261,0.8623510625417756,0.9461883408071748,23.758636966887128,12.029254929217737,-0.03578286370747976,841.3649289099526,1936.6872037914693,0.7355079366704341,1.9750713661558548,0.49368918149710594,16.39065416446578,0.9972642655980789,0.42948694686572364,0.9993598616402933,-0.035775228053692563,0.6888726718150697,1.2634886629524684,1.629122090658686,0.8376417376950381,1.3522906793048972,0.7847918258615422,1936.6872037914693,841.3649289099526
678,343.0,75.01219330881976,0.32978197524093344,0.8909090909090909,22.144370689208323,20.905550852057736,0.5543658132587969,842.2827988338192,480.98250728862973,0.7660202593063438,1.0592579380432183,0.055942878419855235,20.897874625046462,0.24767379366046846,0.4299554868983253,0.8502344497898626,0.5264041986824665,1.48774383916358,1.5784063904013554,1.9205503940587616,0.6016001814482265,2.066083576287658,0.9046152564348263,480.98250728862973,842.2827988338192
679,550.0,87.84062043356595,0.7091023243806547,0.9683098591549296,31.635468031290227,22.306345362540878,1.3233274158979744,843.2,841.6527272727272,0.8957395789705239,1.418227303358074,0.2948944096392706,26.462837142006137,0.43339481321973594,0.430423685553854,0.2449507657151821,0.9695355188829061,1.3485584115770166,1.4399924524727816,1.4567724260491495,0.7066599632109708,0.6212121212121212,0.7994823469955114,841.6527272727272,843.2
680,418.0,76.42640687119285,0.7366330560165577,0.9631336405529954,28.086961009433608,18.995005132447094,-0.5019912572074992,843.4258373205741,918.9617224880383,0.8992889596309476,1.4786498247086923,0.323707355663462,23.06976657227589,0.47320377059116286,0.4305389674939123,0.8766261631090114,-0.4811720795648611,1.488022175172804,1.5302827612384295,1.6486641674262976,0.6428154832936811,1.1084529505582137,0.8681493182297011,918.9617224880383,843.4258373205741
681,252.0,57.4558441227157,0.43520601170994516,0.9581749049429658,18.979746416393414,17.088052150462904,-1.0196974895150563,839.6150793650794,787.9960317460317,0.9592724806193837,1.1107027441907278,0.09966910117917038,17.91246396432554,0.40576520687231293,0.4285937107529757,0.5236236989113747,-0.8519496592747543,1.411492691116787,1.4978123071122458,1.822373948420245,0.634024420047442,1.593915343915344,0.7274231633588081,787.9960317460317,839.6150793650794
682,156.0,47.66295090390226,0.7563615865718977,0.9017341040462428,17.75812685792426,11.616545571891793,0.6016638080877202,843.3910256410256,1455.6923076923076,0.8629241207306456,1.528692565963247,0.3458462333988729,14.093451279891855,0.7495840925295096,0.4305211973665266,0.8243950162587875,0.5660148912949848,0.615965442917667,0.6948531510092508,0.7523662408944929,1.4540626459478994,2.6965811965811968,0.7934607432461176,1455.6923076923076,843.3910256410256
683,393.0,71.35533905932738,0.5454186348200318,0.9727722772277227,24.437177946771765,20.482357304638153,-0.301352374045618,845.4631043256998,610.2569974554707,0.969950265292733,1.1930842521352782,0.1618362255554986,22.36924542940416,0.31424150229426917,0.4315789200233281,0.9549359617752322,-0.296811908299536,0.9035957373599524,1.169339335115428,1.2470687960830278,0.9036134049152906,1.0390161153519932,0.84652102209595,610.2569974554707,845.4631043256998
684,1223.0,136.46803743153546,0.7512414777011903,0.9706349206349206,49.05018389167262,32.3744680720527,0.6371382557794554,855.9836467702371,515.8135731807032,0.8252289007029491,1.515088488326863,0.33997254437309044,39.46101827387509,0.2656094609581376,0.43694928370098884,0.8038014917430141,0.594897606207745,1.2976785555094963,1.5784063904013554,1.9132349941818805,0.6263937338756937,0.485145816298719,0.6938753336434197,515.8135731807032,855.9836467702371
685,360.0,69.01219330881976,0.6059393283674338,0.9703504043126685,24.08589568247741,19.160591617904828,0.8951967508501729,845.7194444444444,1259.838888888889,0.9498624172795154,1.2570538615295197,0.2044891387682859,21.409489393833255,0.6487326925277492,0.431709772559696,0.6253652974848563,0.7803321374271838,1.0672831407920036,1.3032468893224598,1.5101669924741339,0.7730570004660829,1.635185185185185,0.826996238112201,1259.838888888889,845.7194444444444
686,482.0,91.7401153701776,0.7984831020163291,0.9060150375939849,32.75755879893051,19.72061455334127,1.2873171569971684,848.6473029045643,243.9149377593361,0.719678184781651,1.6610820474344896,0.3979827778257664,24.77299861870477,0.12559986496361283,0.4332043404311201,0.279697644284666,0.960088135423831,0.9592122677292828,1.00879394403471,1.3820821655830606,0.8954987636402926,0.6957123098201936,0.8299221071276147,243.9149377593361,848.6473029045643
687,219.0,56.62741699796952,0.8282279432303373,0.9399141630901288,22.68425752173122,12.712061876435442,1.5416865303165834,843.1917808219179,879.8675799086758,0.8582236427438421,1.7844672046303833,0.43960864206124206,16.698486766680407,0.45307290417542523,0.4304194899550372,0.02910568547472179,0.9995763397925376,0.7728191436708517,1.4767341944890149,1.610457408308646,0.7771999087683038,1.7184170471841704,0.8211671253630994,879.8675799086758,843.1917808219179
688,393.0,77.45584412271572,0.8490935589490992,0.9679802955665024,31.061336676749306,16.407917826201047,0.005575922758990396,853.1552162849873,16.651399491094146,0.8231785245026478,1.8930699803450315,0.4717575100854223,22.36924542940416,0.008574356071624174,0.43550547028330133,0.9999844545829697,0.005575893865612246,1.1902355369090727,1.246359638748034,2.033657331539281,0.6711030294531422,1.1314673452078032,0.8675643298468793,16.651399491094146,853.1552162849873
689,284.0,66.52691193458118,0.8638174964252285,0.9498327759197325,26.88414627208373,13.544363439701742,-0.34563384390846025,849.6302816901408,1398.9964788732395,0.8063683524137225,1.9848955170000768,0.49619514405908083,19.015783725757565,0.720389535980041,0.4337061162277391,0.940860899674795,-0.33879310421426123,1.1466578055414294,1.539955036401405,1.9377689333801864,0.6487353652349444,1.6643192488262912,0.7163878088036753,1398.9964788732395,849.6302816901408
690,277.0,71.35533905932738,0.9239284570160705,0.9421768707482994,30.58201586457681,11.699617975983369,1.1337248344733042,849.5595667870036,753.8989169675091,0.6836545126872443,2.6139328589492985,0.6174347031996981,18.77997214831907,0.3882074752664825,0.43367001877846023,0.4232880701997931,0.9059951487875281,0.9155489077747427,1.4805678209607864,1.4978123071122458,0.7704300649502844,0.7809867629362215,0.9403032258145316,753.8989169675091,849.5595667870036
691,492.0,84.76955262170047,0.7641813544896451,0.9666011787819253,31.432982981918347,20.274319283136357,-1.5489578224513165,854.1260162601626,211.1829268292683,0.8603896640308459,1.550384135859174,0.35499856011759845,25.028660691489268,0.10874507045791365,0.4360010292292816,0.021836768514068086,-0.9997615493410731,0.9967516894970717,1.0258909020987474,1.3995403519864298,0.8766334382052879,0.7574525745257453,0.8136321709938232,211.1829268292683,854.1260162601626
692,527.0,90.08326112068524,0.8240232866166253,0.9529837251356239,34.587617223117036,19.59581968186755,0.7282069000335625,856.7590132827324,592.0493358633776,0.816079145285412,1.7650508008665609,0.433444068856803,25.903614421069328,0.30486577541883497,0.43734508079771944,0.7463689676794035,0.6655323914620396,0.9035957373599524,0.984113165897734,1.029984553875384,1.028209455200206,0.7273877292852624,0.9321356094116172,592.0493358633776,856.7590132827324
693,775.0,112.66904755831214,0.7261350021789784,0.9215219976218787,39.109995270697745,26.890161324645092,-0.6691610533136583,864.7935483870967,661.9109677419355,0.7671889172650166,1.4544351295822482,0.31244785026113464,31.412746571571088,0.3408398392079997,0.4414464259250111,0.7843423641166354,-0.6203281839896745,1.0832541336217612,1.1346597387242465,1.5597894263476288,0.7941333034379452,0.5733333333333334,0.8406070709775708,661.9109677419355,864.7935483870967
694,291.0,63.11269837220809,0.7065555691622387,0.9603960396039604,22.909399767895884,16.21201002920447,-0.3195911941612471,855.2405498281787,107.96219931271477,0.9180563851422711,1.4131128543978613,0.2923424361417276,19.248706645328987,0.05559330551633099,0.4365699590751295,0.9493639354063541,-0.3141784813601337,0.9573544545796726,1.2462260176081887,1.9174231026946134,0.7279780144538107,2.4467353951890036,0.8323452000795032,107.96219931271477,855.2405498281787
695,432.0,76.18376618407356,0.28647091848402634,0.9578713968957872,23.985424574296772,22.980169954674558,0.44306306883080504,857.4143518518518,568.7222222222222,0.9353383342157899,1.0437444379917533,0.04191106213310325,23.452920571340155,0.2928538734408971,0.43767960788762217,0.9034427389974218,0.4287087791879663,0.984113165897734,1.0541754623341295,1.1524120209104352,0.9402323595622919,0.9259259259259259,0.8356876425040505,568.7222222222222,857.4143518518518
696,550.0,93.84062043356593,0.8522313386118389,0.9450171821305842,36.77528954946903,19.239548865193942,0.058914257038134944,864.6654545454545,63.481818181818184,0.7848574997392478,1.9114424047644278,0.47683487741643826,26.462837142006137,0.03268888680835128,0.4413810385632744,0.9982650570622169,0.05888018213770067,1.2563522165847667,1.459686934215327,1.5507620745796675,0.7031028261066904,0.8787878787878788,0.8722885360299877,63.481818181818184,864.6654545454545
697,795.0,114.22539674441619,0.8867776849048072,0.9659781287970839,47.01399221139167,21.729689068773588,-0.5900587715931898,866.0553459119496,350.388679245283,0.7656876500342116,2.163583292084589,0.537803788900352,31.815490536285218,0.18042671433845675,0.44209052879629895,0.8309079794414009,-0.5564098576594492,0.8521952764873207,0.9692706456070144,1.5509947632122072,0.8895581831600545,0.2968553459119497,0.8032972493033288,350.388679245283,866.0553459119496
698,696.0,99.39696961966999,0.6915686797252337,0.9707112970711297,35.31578193765817,25.50896751196357,-1.133872190725317,860.5086206896551,1729.7298850574712,0.8852640245474627,1.3844457609307497,0.27768929038598844,29.768686956862464,0.8906951004415402,0.4392591223530654,0.42315456155519904,-0.9060575130945205,1.183480687304541,1.3131999053204246,1.3330826715591761,0.7833382360878364,0.7040229885057471,0.7799541393108996,1729.7298850574712,860.5086206896551
699,901.0,131.88225099390854,0.8766359138349308,0.8947368421052632,51.37509552155531,24.719348879408443,-0.6349907803723671,872.8446170921198,541.5549389567148,0.6509714661453687,2.0783353061678524,0.518845685278833,33.87017611123954,0.2788645411723557,0.4455562108688718,0.805077165315049,-0.5931700918693432,1.2976785555094963,1.3175647689937406,1.5333868143232592,0.7231302621854346,0.7410284868664446,0.8534775961397166,541.5549389567148,872.8446170921198
700,411.0,77.01219330881976,0.7551481758910581,0.958041958041958,28.407984209361654,18.622971700343427,-0.9134624250368465,859.7347931873479,871.9829683698297,0.8708286351034202,1.5254270191925265,0.344445858491911,22.875783109789968,0.4490128570390472,0.4388641108664359,0.6110084785285775,-0.7916240516597464,0.7728191436708517,1.4567724260491495,1.6183987584367112,0.7796277391988867,1.0981346309813462,0.8614886127322697,871.9829683698297,859.7347931873479
701,593.0,99.25483399593904,0.8511124211457199,0.9280125195618153,38.53951751051682,20.232609737507186,-0.2632051629890348,865.8600337268128,1316.3406408094436,0.7564168988492057,1.9048218697695887,0.4750165273349354,27.47782833536798,0.6778273124662428,0.4419908288549325,0.965561030583603,-0.26017666347758894,1.1696246156762353,1.472489610473317,1.7707819851687423,0.6798256420138622,0.9634626194491288,0.8443424551155472,1316.3406408094436,865.8600337268128
702,333.0,69.94112549695427,0.724243204820564,0.9353932584269663,24.9221426915684,17.184929363055712,1.3029830203774595,860.1201201201201,1461.8918918918919,0.8554386414163335,1.4502324778329438,0.3104553819576005,20.590987552733093,0.7527764633840844,0.4390608065952629,0.26462332902910224,0.9643518516255131,0.7523662408944929,1.074253256768832,1.2546488919775485,0.9736250208147738,1.075075075075075,0.858108608057938,1461.8918918918919,860.1201201201201
703,525.0,83.84062043356595,0.4183141715162295,0.9668508287292817,27.153422657312216,24.6635190285811,0.7888563697457018,864.1409523809524,157.0990476190476,0.9385560216818152,1.1009549215521806,0.09169759776344821,25.854414729132053,0.08089549310970526,0.4411132988162085,0.7046572366925977,0.7095478692637673,1.4605152643683728,1.811667592582742,1.8124629105358558,0.5900116030074434,1.3136507936507935,0.8314120921858636,157.0990476190476,864.1409523809524
704,257.0,58.284271247461895,0.6303143043511934,0.9625468164794008,20.5472143305995,15.951625460279187,-0.7051672514675529,862.6031128404669,1829.2568093385214,0.9506928901362063,1.2880953343446844,0.22365994710418868,18.089294154193436,0.9419448039848205,0.44032828628916126,0.761503156501253,-0.6481612011210083,0.8262719948188417,0.8861308657728251,1.0025710371402115,1.1049829991022146,1.2918287937743191,0.8063967816839285,1829.2568093385214,862.6031128404669
705,532.0,92.42640687119285,0.6819036328113668,0.9032258064516129,31.30406898441923,22.897111600626506,0.4886936954276921,868.6898496240601,1249.2142857142858,0.7825811024592529,1.3671623535067496,0.26855797525801084,26.026206750102993,0.6432617331175519,0.4434353494762941,0.8829468863645946,0.46947289150606736,1.0672831407920036,1.4104263990934585,1.529288572632863,0.748690145530055,1.1748120300751879,0.8805363476702882,1249.2142857142858,868.6898496240601
706,1298.0,137.88225099390857,0.7140609362926813,0.9679343773303505,49.0020644639947,34.305539327083686,1.052828258559564,874.5454545454545,278.1748844375963,0.8579615531984303,1.4284009353937874,0.299916448371468,40.65298179797198,0.1432414440976294,0.4464244280477052,0.49511576395420476,0.8688270140160492,1.119429992491653,1.1943072895233655,1.8111196077594454,0.7272979597030412,0.2627118644067797,0.880184240099986,278.1748844375963,874.5454545454545
707,315.0,75.25483399593904,0.912051648285414,0.9264705882352942,31.6694830037534,12.986874256891724,0.6102223309963112,868.6476190476191,1810.6190476190477,0.6989588588497309,2.4385762406952853,0.5899246522163766,20.026743534373637,0.932347604335246,0.4434137922652471,0.8195206313953305,0.5730496791006857,0.6146796491653377,0.8262719948188417,1.0602172155779783,1.199439209604251,0.7608465608465608,0.8968669384125606,1810.6190476190477,868.6476190476191
708,391.0,78.42640687119285,0.7927804142766193,0.9467312348668281,28.984987404592953,17.66656298248477,-0.40823168689894557,871.7800511508951,92.41176470588235,0.7988440138407683,1.6406692933611169,0.390492645869312,22.312253628700276,0.0475858726600836,0.44501278772378516,0.9178242546596433,-0.3969869488515589,0.9573544545796726,1.2563522165847667,1.4368073427176573,0.8218020773490154,1.7357203751065642,0.872082657180004,92.41176470588235,871.7800511508951
709,1195.0,128.22539674441617,0.5425480449532738,0.9795081967213115,42.8231655750504,35.972519932750565,-0.057539817303984345,878.8451882845188,125.74225941422594,0.9133340866584931,1.190441082668295,0.1599752272001852,39.00668219624068,0.06474884624831408,0.4486192895786211,0.9983450413952053,-0.05750807179523485,1.2462260176081887,1.400667585426899,1.4368073427176573,0.7346277408291005,0.19721059972105998,0.9481303268418496,125.74225941422594,878.8451882845188
710,708.0,121.39696961967,0.8961298764052873,0.9159120310478654,46.3176219140401,20.55538512525795,-0.6988987324012376,876.9901129943503,1902.8658192090395,0.6037086940117974,2.253308397375934,0.556208106637982,30.024216853608277,0.9798485165854992,0.44767233945602364,0.7655511794100341,-0.6433750008384734,1.1951892004982128,1.639563178459838,1.8588809899420113,0.639163684977602,0.7504708097928438,0.6987088050205656,1902.8658192090395,876.9901129943503
711,331.0,67.94112549695429,0.6325681384094962,0.9622093023255814,23.65093853953326,18.31776336283981,-0.8327623920783189,868.0996978851964,305.7522658610272,0.9010987427963071,1.2911477275392997,0.22549528712270284,20.529059630371258,0.15744194946499854,0.4431340979505852,0.6728347319671704,-0.7397928246871999,1.113745466123718,1.1943072895233655,1.4988795722857453,0.7880360725059185,2.240684793554884,0.8132120591626597,305.7522658610272,868.0996978851964
712,599.0,92.32590180780451,0.699260375148025,0.9692556634304207,32.85842889770979,23.489408790391078,0.44454571034061496,874.4691151919866,937.7529215358932,0.8830586919361246,1.3988614694785908,0.2851329300157661,27.616489409343153,0.4828799801935598,0.4463854595160728,0.902806124813243,0.43004778920451986,1.0803847887356877,1.4551769524311284,1.5302827612384295,0.7378540911304601,0.8219254312743461,0.7205981394636484,937.7529215358932,874.4691151919866
713,850.0,118.08326112068524,0.7067111658478368,0.9413067552602437,39.86661453368131,28.205716504757433,-1.3081286804500567,873.6141176470588,1282.295294117647,0.7660411728172354,1.4134232160688789,0.2924978246916895,32.897623212397704,0.6602962379596534,0.44594901360237815,0.25965762079199767,-0.9657007403769757,1.2413472475285907,1.4104263990934585,1.472489610473317,0.7274026445423463,0.7019607843137254,0.8215678180741909,1282.295294117647,873.6141176470588
714,467.0,97.84062043356593,0.9079635021119267,0.8761726078799249,39.58987622326777,16.590108170752675,-0.28200570167878086,876.1927194860814,1654.7730192719487,0.6130393450435768,2.38635431522154,0.5809507441449808,24.384480051691096,0.8520973322718582,0.4472652983594086,0.9604992186090309,-0.2782826819107525,1.3719804378195743,2.223346854751886,2.368704536348094,0.5030154241385866,0.8565310492505354,0.8670180637952702,1654.7730192719487,876.1927194860814
715,585.0,94.08326112068522,0.8088983036673649,0.9637561779242174,35.71454622204744,20.99831678519393,-0.8839494107500785,874.7897435897436,836.6820512820512,0.8305026164824431,1.7008290039337837,0.4120514186393003,27.29185104880338,0.4308352478280387,0.4465491289381029,0.6341022186119389,-0.7732492330105584,1.3485584115770166,1.6183987584367112,1.6453844468453618,0.6504288383658232,0.9726495726495726,0.830402214817266,836.6820512820512,874.7897435897436
716,435.0,92.66904755831213,0.8721238769925472,0.8562992125984252,36.075714290402644,17.65131073117981,-0.5695255877103705,876.696551724138,1396.3977011494253,0.636545895536862,2.0437980408263625,0.5107148651558189,23.534213434057992,0.7190513394178297,0.4475224868423369,0.8421568884863926,-0.5392325798529959,1.1466578055414294,1.607119182008717,1.6410393534659617,0.6826223821918306,0.9563218390804598,0.7702971385010894,1396.3977011494253,876.696551724138
717,641.0,120.08326112068524,0.9450033196567404,0.851261620185923,52.76791105280139,17.258311891041245,1.5662728461051043,873.0608424336973,786.7020280811232,0.5586025917129718,3.057536066444199,0.672939262769527,28.568278705151968,0.4050988816071695,0.44566658623465916,0.004523465263323428,0.9999897690786699,1.2885132211335093,1.411492691116787,1.7017162388929186,0.6815514239627416,0.6630265210608425,0.7891884745614938,786.7020280811232,873.0608424336973
718,643.0,92.18376618407358,0.3366039330177439,0.9712990936555891,29.526737774791236,27.803743972057337,-0.7900069849812608,878.6640746500777,1357.533437013997,0.9508498499397863,1.0619698485378624,0.05835367983675199,28.61281229213077,0.6990388450123568,0.4485268374936589,0.7038403538307695,-0.710358188746619,1.244480951704267,1.4800043037890913,1.6410393534659617,0.6872026316935957,0.8942457231726283,0.7896118965127207,1357.533437013997,878.6640746500777
719,111.0,40.38477631085023,0.8371209399028257,0.9098360655737705,16.154840097098358,8.83698595249413,-0.3082592832824144,873.5045045045046,331.60360360360363,0.8552586581514219,1.8280938980715313,0.4529821465653888,11.888212206450685,0.17075365788033142,0.44589305998188083,0.9528631474557578,-0.3034004321366511,0.8521952764873207,1.113745466123718,1.2941250676675922,0.9202268219682339,5.831831831831832,0.7977341196562153,331.60360360360363,873.5045045045046
720,387.0,75.01219330881976,0.7031176140265342,0.9508599508599509,26.63209857857462,18.937381392130206,-0.637386425958997,876.6330749354005,1848.4496124031007,0.8642852488383529,1.406324244472475,0.288926430778338,22.197831060995757,0.9518278127719365,0.4474900841936705,0.803653831146349,-0.595097067446812,0.7969747603264081,1.0025710371402115,1.4962539424140961,0.9102494801788469,0.776916451335056,0.8143306926680115,1848.4496124031007,876.6330749354005
721,100.0,36.970562748477136,0.8605467868535571,0.9803921568627451,15.790987092819583,8.043477272573439,-0.3758255896838612,873.99,371.96,0.9193856936786339,1.9632040419463257,0.4906285955846966,11.283791670955125,0.19153450051493304,0.4461408882082695,0.9302049140089699,-0.36704062166681906,0.9692706456070144,1.1550872489169277,1.3987485152244261,0.8515212574048451,6.196666666666666,0.7651100614055547,371.96,873.99
722,440.0,81.59797974644667,0.8006940477216036,0.967032967032967,31.095628096171765,18.62856633110845,-1.1682484929539874,875.6,1184.6886363636363,0.8304313341934618,1.669244296285118,0.4009265137370921,23.66908109081279,0.6100353431326655,0.4469627360898418,0.39176378619420205,-0.920065832333091,1.315446763534892,1.876382617319765,2.2919076685331463,0.5470721832541033,1.509090909090909,0.8586591769542631,1184.6886363636363,875.6
723,276.0,59.45584412271571,0.579818036036719,0.9752650176678446,20.79582274794407,16.943313407877525,0.5486770521116288,877.1231884057971,219.1159420289855,0.9811374371095619,1.227376384259963,0.18525399964987743,18.746042631630413,0.1128300422394364,0.44774026973241304,0.8532152637832789,0.5215589263422012,0.9997304258788122,1.0258909020987474,1.5923998095348317,0.8291825520020818,1.718599033816425,0.7318749673980741,219.1159420289855,877.1231884057971
724,495.0,87.35533905932738,0.7330534937401982,0.9357277882797732,31.056968409934797,21.124048942426086,-1.2977351760344316,879.9414141414142,1445.8909090909092,0.8151474147600862,1.4702185407059525,0.3198290102369191,25.104851615652017,0.7445370283681304,0.4491788739874498,0.2696804303718476,-0.9629498769273793,1.074253256768832,1.1456952345092113,1.5958202673667707,0.7862111647104796,0.5454545454545454,0.7573453250989127,1445.8909090909092,879.9414141414142
725,576.0,94.76955262170047,0.7650903711576914,0.9320388349514563,34.44467018412246,22.179712524776253,0.41432576314172664,883.9375,452.8732638888889,0.805925108788667,1.5529809119773492,0.3560770822825249,27.081100010292303,0.23319941497883054,0.4512187340479837,0.9153879579821858,0.4025728336353611,1.0243170059337574,1.2791445068655567,2.0064085427113882,0.6960766708416485,0.4930555555555556,0.8074447088459656,452.8732638888889,883.9375
726,106.0,41.00609665440987,0.8619204931434346,0.8833333333333333,16.567944293736254,8.400667688206061,-1.1886251239988734,874.7924528301887,1753.8867924528302,0.7921708680145264,1.9722175556350678,0.4929565467345244,11.617374563210365,0.9031342906554223,0.44655051190923367,0.3729359128003675,-0.927857103730826,0.8259897684796793,1.1517818871163854,1.183480687304541,0.9489909929959439,5.915094339622642,0.7645221085446291,1753.8867924528302,874.7924528301887
727,962.0,149.78174593052023,0.6341717000086189,0.8030050083472454,44.601627301305406,34.48563255084003,0.025614597739219404,897.9594594594595,927.5280665280666,0.5388490962422566,1.293339399692089,0.2268077503568866,34.997949111844065,0.47761486432959144,0.45837644689099516,0.9996719641274869,0.025611796842323495,0.6144536642054996,1.0803847887356877,1.1764584851851885,1.0448240166889906,0.40055440055440056,0.8151880999791228,927.5280665280666,897.9594594594595
728,294.0,65.698484809835,0.7862711083027575,0.9514563106796117,24.90872194426141,15.390642432841299,0.0022952033455733395,883.5544217687075,1830.8639455782313,0.8559462373637017,1.6184328921260605,0.3821183412267738,19.347672370394786,0.9427723715644858,0.4510231862014842,0.9999973660219575,0.0022952013304012473,0.7969747603264081,0.8861308657728251,0.9707937752794349,1.130412101695165,0.9206349206349207,0.8996466089041109,1830.8639455782313,883.5544217687075
729,311.0,65.4558441227157,0.6872392481445283,0.9628482972136223,23.5158285745598,17.082630396553267,-1.2247411026824047,881.225080385852,19.59807073954984,0.9121649852326913,1.376592950187844,0.27356884991780306,19.899183360445615,0.010091694510581792,0.449834140064243,0.33918953428213144,-0.9407180554414116,1.1902355369090727,1.255115379755877,1.6435256069456028,0.733697870962106,1.3140407288317257,0.8957003947628516,19.59807073954984,881.225080385852
730,348.0,73.94112549695429,0.8449746964292746,0.9456521739130435,29.117143533060293,15.57203136051606,-1.1448276179384642,881.0057471264367,576.9885057471264,0.799865553500411,1.8698359166478935,0.4651937150759583,21.049640414216977,0.29711045610047704,0.4497221782166599,0.4132031194343169,-0.9106388867656321,0.7349061051116014,0.9937600065103731,1.0541754623341295,1.0780347785789264,0.8371647509578544,0.8583070780757152,576.9885057471264,881.0057471264367
731,168.0,48.8700576850888,0.8024382611775359,0.9438202247191011,19.01795222318406,11.348680536786238,0.7256677493126501,882.9583333333334,1807.8511904761904,0.8839616877377734,1.6757853180850604,0.4032648518828702,14.625465582862905,0.9309223431906233,0.45071890420282457,0.7480564468891627,0.6636351047583011,0.6146796491653377,0.7621262044450591,0.9707937752794349,1.2779010369066572,2.0238095238095237,0.8078217388222458,1807.8511904761904,882.9583333333334
732,550.0,94.84062043356595,0.7646286886034867,0.9243697478991597,33.84714424172804,21.813505489053785,-0.7677592854200457,891.9836363636364,1732.6636363636364,0.7683936738939435,1.5516600144214712,0.3555289234073322,26.462837142006137,0.892205785975096,0.45532600120655253,0.7194687064416336,-0.6945248594911505,1.1082314910074231,1.1517818871163854,1.3330826715591761,0.8349345407186336,0.8709090909090909,0.7724478399181568,1732.6636363636364,891.9836363636364
733,166.0,51.55634918610405,0.8971008543928477,0.9378531073446328,22.204006909463978,9.810303606016639,1.4983514172876586,882.6807228915662,600.4939759036145,0.7847903227864076,2.263335346303279,0.5581741779302362,14.538148590038452,0.3092141997443947,0.450577193921167,0.07238155778773205,0.9973770150210106,0.541405200054494,0.9937600065103731,1.002538298439489,1.182171200884577,1.863453815261044,0.8487640237581185,600.4939759036145,882.6807228915662
734,635.0,109.15432893255071,0.7938814364266311,0.905848787446505,37.54582706070582,22.830588001567715,1.1793558353592875,890.4472440944882,660.5984251968504,0.6697329424900279,1.6445405198555396,0.39192741806821374,28.43425945768288,0.34016396766058205,0.45454172746017774,0.3815203437934645,0.9243604422906233,1.0832541336217612,1.2124693718781,1.4741125561860229,0.795790573094149,0.7186351706036745,0.8412921891696684,660.5984251968504,890.4472440944882
735,635.0,111.66904755831214,0.6566705322471841,0.8686730506155951,34.01315804837304,25.65196099740609,-0.5977754156815848,893.7307086614173,1758.8850393700786,0.6399086271924811,1.3259476751821209,0.24582242669368648,28.43425945768288,0.9057080532286708,0.456217819633189,0.826589666466035,-0.5628050490992142,0.8067411156099994,0.8259897684796793,1.1082314910074231,1.0945060856202822,0.389501312335958,0.8090568261320016,1758.8850393700786,893.7307086614173
736,816.0,118.81118318204308,0.8870439347151595,0.9390103567318757,47.84228486986224,22.088066256969626,-0.48836422694888604,901.2671568627451,318.5281862745098,0.7264159661381273,2.1659788735361194,0.5383149797913649,32.23295624828558,0.16402069324125118,0.46006490906725117,0.8831015149594899,-0.4691819628632946,1.2941250676675922,1.4636597428166254,1.4988795722857453,0.7047771988187129,0.38112745098039214,0.8499324544463702,318.5281862745098,901.2671568627451
737,662.0,101.25483399593904,0.7745699925831813,0.9552669552669553,36.87057993503361,23.32020683663666,-0.7509066039476515,895.4712990936556,402.2235649546828,0.8114024626697534,1.5810571575681291,0.3675117972723202,29.03247455203703,0.20711821058428567,0.457106329297425,0.731070591869009,-0.6823018318195377,1.1178171338730907,1.5650624062783964,2.0107631332671088,0.6391624179211243,0.5861027190332326,0.8163427426203621,402.2235649546828,895.4712990936556
738,116.0,39.21320343559643,0.6814653390422617,0.943089430894309,14.238752705127652,10.42063670422129,0.6931376897079781,886.6810344827586,632.0948275862069,0.9479888041486355,1.366399492591435,0.26814961113352187,12.153015559492998,0.3254865229589119,0.452619211068279,0.7692449656162132,0.638953975552317,1.1135637674347076,1.2124693718781,1.343271018743949,0.8175937100806556,2.764367816091954,0.8271722347642405,632.0948275862069,886.6810344827586
739,321.0,85.35533905932738,0.9562565014209573,0.9224137931034483,37.8083944296133,11.060070402929847,0.28475989583677486,899.4423676012461,1426.9750778816199,0.5536732131497591,3.4184587486529687,0.707470508341209,20.216574731145414,0.7347966415456333,0.45913341888782344,0.9597291320690788,0.28092702443505263,0.8830705911999022,1.1456952345092113,1.4871357648864538,0.8532662029063854,1.1973001038421598,0.844181616588127,1426.9750778816199,899.4423676012461
740,679.0,99.49747468305831,0.7273663728115055,0.97,35.93299639207717,24.658995138204546,0.7115198216364071,896.4830633284241,1207.860088365243,0.8618973033874853,1.4571962965516647,0.3137506577758825,29.40288507740653,0.6219670897864279,0.45762279904462694,0.7573703294494725,0.6529855925436621,1.1869634862773244,1.315446763534892,2.1012074386953397,0.651661411304675,0.8100147275405007,0.8452966670090603,1207.860088365243,896.4830633284241
741,952.0,113.9827560572969,0.44245617560256756,0.9694501018329938,36.81611688640793,33.016330154352254,-0.8919553068409957,899.3981092436975,1533.0409663865546,0.9208067722689515,1.1150881007759363,0.10320987256150616,34.815571898044055,0.7894134739374637,0.4591108265664612,0.627891410646525,-0.778300954924454,2.6159031916742155,3.283059841364391,3.4272637757402826,0.3216734979226608,0.4369747899159664,0.9051441813786832,1533.0409663865546,899.3981092436975
742,536.0,100.66904755831213,0.8653463846630578,0.8758169934640523,38.715686357388655,19.403305293079526,-0.7825729172970344,897.8638059701492,498.3675373134328,0.6646342754785465,1.9953139824686041,0.4988257443258133,26.123866405607867,0.25662592034677284,0.4583276191782283,0.7091017071382161,-0.7051062111013259,0.9986174863286617,1.06877376042811,1.3537467659258327,0.8769011916147812,0.28544776119402987,0.8585676352266006,498.3675373134328,897.8638059701492
743,497.0,99.1543289325507,0.9235971558616931,0.922077922077922,41.065373722822336,15.743003991411062,-0.4858940471610927,902.5352112676056,355.0684104627767,0.6352473960799306,2.6084839808988454,0.61663556022475,25.15551736167189,0.18283646264818573,0.46071220585380585,0.8842577833345023,-0.4669991141451472,0.8978810693272984,1.3987485152244261,1.5418612111876189,0.7815571691170776,0.994634473507713,0.8467322659730944,355.0684104627767,902.5352112676056
744,746.0,113.74011537017762,0.7765143399346357,0.9075425790754258,39.758998789758756,25.05212841213625,-1.404140810174206,897.5415549597856,804.985254691689,0.7246384303778532,1.5870507342002094,0.36990042066679873,30.81942083122964,0.4145135194086967,0.45816312147002836,0.16588513714073186,-0.9861450812511314,1.2885132211335093,1.6453844468453618,2.389142721134489,0.5635876831097462,0.7426273458445041,0.7137116228079162,804.985254691689,897.5415549597856
745,586.0,89.84062043356595,0.6150142172042974,0.9638157894736842,30.840332549823607,24.318096254977405,1.3306967425099383,896.5290102389079,45.12457337883959,0.9123510896804965,1.2682050529967468,0.21148398073559382,27.315167457198672,0.023236134592605352,0.45764625331235725,0.23779935524600118,0.9713142985895894,1.255115379755877,1.2908519174468507,1.5507620745796675,0.7322914763819918,0.6302616609783845,0.8828646850257832,45.12457337883959,896.5290102389079
746,86.0,35.31370849898476,0.9022253049294529,0.9347826086956522,15.985158079596161,6.893839179180716,-0.1867825309767675,892.9651162790698,1778.0,0.866605936487535,2.318759933923478,0.5687350012521817,10.464157913908982,0.9155509783728115,0.45582701188313923,0.9826067988111823,-0.1856983546777964,0.8067411156099994,1.0574243630334148,1.2733180872950118,0.9561803072274245,4.465116279069767,0.7668798718201043,1778.0,892.9651162790698
747,107.0,38.970562748477136,0.792622024893174,0.9304347826086956,15.094720322476448,9.20345195649073,0.16396870871392993,893.9158878504672,475.01869158878503,0.8853607958076034,1.6401150778899762,0.39028668568396463,11.67204486311899,0.2446028278006102,0.45631234703954426,0.9865872227556352,0.16323495917027905,0.7254575556906113,0.9986174863286617,1.0243170059337574,1.091547329368226,4.115264797507788,0.7809661465063199,475.01869158878503,893.9158878504672
748,304.0,65.45584412271572,0.605373905194873,0.9470404984423676,22.161997396752326,17.63964737388436,0.889210477638406,895.2401315789474,597.8322368421053,0.8916339405489968,1.2563741738717147,0.20405877421187135,19.67396303746374,0.3078435823079842,0.4569883264823621,0.6300253458606078,0.7765745705167157,0.541405200054494,0.6734345110887406,1.0644108892774402,1.3162220948614858,0.8662280701754386,0.8131494845039221,597.8322368421053,895.2401315789474
749,665.0,95.01219330881976,0.409904661856162,0.9736456808199122,30.62039096654787,27.929727382147668,1.2706393987041071,899.5172932330827,1268.3127819548872,0.9257054529141137,1.096336908254967,0.0878716273524951,29.098183744847088,0.6530961802033405,0.4591716657647181,0.2956701221532211,0.9552901019407137,1.0778619533133726,1.2413472475285907,1.529288572632863,0.7795249410502546,0.8541353383458646,0.8156648458534854,1268.3127819548872,899.5172932330827
750,449.0,95.7401153701776,0.8577932729232521,0.8439849624060151,36.302697568536715,18.659399418334093,-1.5007052097851246,898.1046770601337,230.15144766146994,0.6155570533817255,1.9455448031659002,0.48600515476552186,23.90992587997897,0.11851258890909884,0.4584505753242132,0.07003374091130161,-0.9975446231291955,0.9997304258788122,1.0000279211361456,1.5733095881660912,0.8396145985531027,0.5033407572383074,0.9707239702122971,230.15144766146994,898.1046770601337
751,567.0,89.25483399593904,0.7122993015974735,0.9675767918088737,32.114532746291786,22.540414880132,-0.6760329278073015,901.0335097001764,376.30687830687833,0.8943951381025218,1.4247534003732463,0.29812415275652093,26.86869594648831,0.1937728518573009,0.4599456404799267,0.7800610609484274,-0.6257033971395823,0.8978810693272984,1.1178171338730907,1.1550872489169277,0.9461378088500836,0.7401528512639625,0.788678517476106,376.30687830687833,901.0335097001764
752,276.0,63.698484809834994,0.6355095372338837,0.9292929292929293,21.776957381326053,16.81383674233451,0.6508069075879364,897.6811594202899,582.0507246376811,0.8547925772249478,1.2951807320987727,0.22790698223285621,18.746042631630413,0.2997171599576113,0.4582343845943287,0.7955952099341344,0.6058285747056347,0.6734345110887406,0.7349061051116014,1.002538298439489,1.2443594664928161,0.9879227053140097,0.8254299389452718,582.0507246376811,897.6811594202899
753,411.0,77.11269837220809,0.7604455219970453,0.9647887323943662,28.550950166140915,18.541036456263882,0.9199067202600801,900.07299270073,1802.0462287104622,0.8685601202533051,1.539878864565594,0.35059826911638026,22.875783109789968,0.9279331764729465,0.459455330628244,0.6058943675198982,0.7955451058284895,0.7621262044450591,0.8435849413174561,1.0574243630334148,1.126491682489103,0.7818329278183292,0.8087485537231722,1802.0462287104622,900.07299270073
754,83.0,36.04163056034261,0.9032403302124181,0.9120879120879121,15.73719633842935,6.753382807809991,-0.7260721971514499,895.0602409638554,1681.2771084337348,0.802932607216697,2.3302686647986213,0.5708649328267825,10.280023453913834,0.865745163972057,0.4568964987053882,0.7477879799298008,-0.6639376002852284,1.3719804378195743,2.1708959032581525,2.50960568419796,0.4956644212195495,6.879518072289157,0.755565681161661,1681.2771084337348,895.0602409638554
755,705.0,116.18376618407355,0.9283065971442825,0.9657534246575342,49.52732793635546,18.415034571345224,-1.3638641113747718,900.3390070921986,1918.9304964539008,0.6563085776356993,2.689505020719463,0.6281843713634367,29.96053869739811,0.988120749976262,0.4595911215376205,0.2054585354547347,-0.978665821518661,1.1087420844809792,1.1306113794960135,1.1951892004982128,0.8734787402789178,0.583451536643026,0.6719530656083315,1918.9304964539008,900.3390070921986
756,210.0,50.87005768508881,0.42132972151978787,0.9767441860465116,17.172439342177558,15.573814526997506,0.23941936149863927,898.8285714285714,267.45238095238096,1.0197757927219997,1.1026482505239037,0.09309247121657549,16.351767622932517,0.13772007258104066,0.4588200977174943,0.9714758304020953,0.2371385901631351,1.119429992491653,1.4470755814885077,1.5733095881660912,0.7246700353753657,3.077777777777778,0.7949257624618284,267.45238095238096,898.8285714285714
757,590.0,93.84062043356596,0.7035243486148559,0.9531502423263328,33.00707310703228,23.457174776434687,0.42402011448123245,907.4542372881356,1364.0135593220339,0.8419380451748288,1.4071205685090225,0.2893288447488229,27.408234736913393,0.7023756742131997,0.46322319412360163,0.9114423226739352,0.41142787027465977,1.244480951704267,1.8834708561168505,2.0062932586426054,0.5843118045914174,0.8864406779661017,0.8275920452548245,1364.0135593220339,907.4542372881356
758,818.0,112.66904755831213,0.8050827448156568,0.9511627906976744,42.36371108485841,25.128565583199133,1.5242082730946682,910.2555012224939,874.0305623471883,0.8097555281584307,1.6858786047534138,0.4068374809547656,32.27243324562564,0.450067230868789,0.46465313998085445,0.046571202714102505,0.9989149728969738,1.0001884181842073,1.9669223503359328,2.019528934883812,0.6016075310097412,0.4751426242868786,0.7538056513732606,874.0305623471883,910.2555012224939
759,541.0,85.94112549695427,0.5868277195006728,0.9660714285714286,29.332593644783337,23.75094771620881,-0.8985121275457765,911.184842883549,1316.2957486136784,0.9204602858666532,1.235007292983317,0.19028818236014378,26.245429958408437,0.6778041959905656,0.46512753592830475,0.6227747703232362,-0.782401166569197,1.4724965938062942,1.9113882867604426,2.01844277427894,0.5553161880711025,0.9272951324707333,0.8322424021026675,1316.2957486136784,911.184842883549
760,491.0,83.01219330881976,0.5973620532818923,0.9665354330708661,28.149048038874696,22.57473937732005,0.6072456429028746,913.2525458248473,1411.2342158859472,0.8953803902878257,1.2469268224267933,0.19802831889221817,25.003212122944625,0.7266911513315897,0.46618302492335234,0.8212227882839063,0.5706076865966725,0.8752293602925691,0.8830705911999022,1.654122016620889,0.879140981986651,0.7515274949083504,0.7022346978549573,1411.2342158859472,913.2525458248473
761,351.0,83.25483399593904,0.9382465263490273,0.918848167539267,36.17075272928108,12.513902006044205,-1.104100739371741,908.8974358974359,1863.210826210826,0.6363529505041265,2.890445578989721,0.6540325798662767,21.14017691983778,0.9594288497481082,0.46395989581288205,0.4499377087132469,-0.8930599410330045,0.7041296102670053,1.011388082766401,1.2155111730756571,1.0235313731258115,0.8214624881291548,0.8373729978183689,1863.210826210826,908.8974358974359
762,710.0,114.91168824543144,0.669516394552905,0.8595641646489104,37.37254211146832,27.76022258304696,0.40703897444017845,918.9549295774648,1795.4408450704225,0.6756780369442084,1.3462623363218837,0.25720272117832943,30.066594033278285,0.9245318460712784,0.46909388952397385,0.9182970929959051,0.3958919663181736,0.8435849413174561,1.0860560228202074,1.125088542332528,0.9820836815979062,0.6638497652582159,0.8703871177052661,1795.4408450704225,918.9549295774648
763,381.0,79.45584412271569,0.8818850433545883,0.9477611940298507,32.257630472731165,15.208327469681421,0.02858064500315797,916.8503937007874,79.9028871391076,0.758373498252658,2.121050492701344,0.5285355047222793,22.025082668269306,0.041144638073690835,0.46801959862214776,0.9995916011668974,0.02857675412985914,0.8629663019903946,1.0679756860576577,1.4191435192408648,0.895499530824744,0.48556430446194226,0.8569324006473572,79.9028871391076,916.8503937007874
764,209.0,54.8700576850888,0.6050065279992939,0.9330357142857143,18.47227953056916,14.70800783488185,1.2215737529563029,909.8755980861245,468.5980861244019,0.8723390552517467,1.255933484530779,0.20377948966492976,16.312788383647018,0.24129664579011426,0.46445921290766945,0.34216741098449244,0.9396390066723335,0.7254575556906113,0.984287264220523,1.2791445068655567,1.003717325069139,2.4178628389154704,0.8169363962740315,468.5980861244019,909.8755980861245
765,604.0,103.98275605729688,0.901999879522272,0.94375,42.85608826159165,18.502528214400666,-0.4333605365304637,923.9652317880794,646.4718543046357,0.7019790549880172,2.3162287750620165,0.5682637178301935,27.73151068766428,0.3328897293020781,0.47165147105057653,0.9075597101878344,-0.41992305538488106,0.7622254101465116,1.1119986057847,1.5060925816387325,0.8874908350764104,0.6782560706401767,0.9180903424271407,646.4718543046357,923.9652317880794
766,97.0,41.04163056034261,0.9199594919364875,0.9150943396226415,18.218291814061324,7.1418151532923435,-0.8845779612855484,908.9690721649484,937.0721649484536,0.723656362517741,2.5509329803450282,0.6079865650312992,11.11324596323283,0.4825294361217578,0.46399646358598695,0.6336160671652725,-0.7736476455273504,0.5856247205954814,0.6144536642054996,1.4551769524311284,1.1298348441047705,6.9450171821305835,0.7535856778872946,937.0721649484536,908.9690721649484
767,460.0,83.01219330881976,0.7454588754058514,0.9523809523809523,30.265714708701587,20.173661236608567,-1.4488361629663187,915.1217391304348,949.5217391304348,0.8388492454835027,1.5002588946908288,0.3334483777841034,24.201036973199617,0.4889401334348274,0.4671371817919524,0.12165804363783385,-0.9925720731605413,0.5856247205954814,1.1764584851851885,1.7847508548743956,0.8458247407960013,1.2014492753623187,0.7151880502320407,949.5217391304348,915.1217391304348
768,143.0,46.8700576850888,0.896586274710894,0.9470198675496688,20.333943236405883,9.005275422131783,0.6093067389037095,913.2447552447552,518.5104895104895,0.8180030546204516,2.2580034794307613,0.5571308861525324,13.493452297211721,0.2669981923328988,0.466179048108604,0.8200449675711884,0.5722990923993927,0.9679857291676857,1.06877376042811,1.3799181118265258,0.8780459703751786,2.822843822843823,0.7921189306739778,518.5104895104895,913.2447552447552
769,678.0,96.08326112068522,0.3725911673086545,0.9685714285714285,30.60316665731907,28.39960381318737,0.8321440837347572,919.5368731563422,1191.712389380531,0.9228775643744659,1.0775913234081271,0.07200440623698312,29.381225490616288,0.6136521057572251,0.46939095107521295,0.6732920233999289,0.7393766639717739,1.1869634862773244,1.6111376807180515,1.876382617319765,0.6417820958254816,0.8623402163225171,0.8278437668939284,1191.712389380531,919.5368731563422
770,161.0,44.38477631085024,0.512790361284649,0.9698795180722891,15.454205749846983,13.267649809587104,-0.1518985988525067,913.0869565217391,632.0372670807453,1.026993439016286,1.164803561417478,0.14148614142021043,14.317526556719258,0.3254568831517741,0.46609849745877446,0.9884855729397181,-0.15131514164166565,0.7622254101465116,1.1135637674347076,1.3005587666696614,0.9444809109877065,1.7246376811594204,0.8367559274106048,632.0372670807453,913.0869565217391
771,635.0,100.42640687119285,0.7805580765534803,0.9379615952732644,36.628603948940025,22.89592737645564,-1.0051093418905894,920.1165354330709,1153.5118110236222,0.791202663100838,1.5997868680613472,0.37491673424484384,28.43425945768288,0.5939813650997025,0.46968684810263955,0.5359959092401091,-0.8442205785681066,1.6111376807180515,2.2906893699476916,2.2919076685331463,0.48436042807917135,0.8299212598425196,0.7955762266450543,1153.5118110236222,920.1165354330709
772,25.0,16.692388155425117,0.7802096530180512,0.8333333333333334,7.584174327838871,4.744038339321238,0.6845495507397494,909.4,112.72,1.1274905815425096,1.5986747545813447,0.374481896874717,5.641895835477563,0.058043254376930996,0.46421643695763143,0.7747039556057519,0.6323241108551857,0.7012710362277285,1.400667585426899,1.4191435192408648,0.8520107966686148,25.106666666666666,0.7962169458788112,112.72,909.4
773,478.0,86.18376618407358,0.5970809447793681,0.93359375,28.319097385749927,22.717041659132967,-1.2981937399341381,918.2907949790795,681.7322175732218,0.808698846095353,1.2466014638118497,0.1978190070929272,24.669991941291908,0.35104645601092777,0.46875487237319013,0.269238827982223,-0.9630734413879135,1.3560089575987748,1.4741125561860229,1.5060925816387325,0.6918477579707655,1.2754532775453278,0.763430246549276,681.7322175732218,918.2907949790795
774,766.0,110.08326112068524,0.8591638947925481,0.9696202531645569,43.97712979866077,22.503119314474286,-0.12453050474782314,929.0600522193212,1770.7493472584856,0.7943210290118733,1.954268169852085,0.48829949981957277,31.229817342839755,0.9118173775790348,0.47425219613033237,0.9922560920695932,-0.12420888756759296,0.935955917112022,1.125088542332528,1.5525624767600763,0.8301954398922263,0.4751958224543081,0.8118767365083716,1770.7493472584856,929.0600522193212
775,257.0,60.2842712474619,0.5512749495204894,0.9413919413919414,20.20476219802484,16.857310666934538,-0.3705276736617639,918.0155642023346,721.9066147859922,0.8886586177777451,1.1985756564157235,0.16567636373456263,18.089294154193436,0.3717335812492236,0.4686143768261024,0.9321364008773804,-0.3621073461825425,0.6014377598724929,1.6942296732888256,2.7209320122994347,0.5980146576610849,1.5408560311284047,0.8634581495686295,721.9066147859922,918.0155642023346
776,90.0,41.31370849898476,0.9423248419589273,0.9574468085106383,18.932364720883353,6.336656878547156,-0.0660268260101016,917.4666666666667,1938.8777777777777,0.6626191936809461,2.9877528614464115,0.6653002954481695,10.704744696916627,0.9983922645611626,0.46833418410753785,0.9978210209086265,-0.0659788620155461,1.1087420844809792,1.3027256679815047,1.5659979012157805,0.7542491277644778,7.04074074074074,0.7127839541971571,1938.8777777777777,917.4666666666667
777,307.0,73.35533905932738,0.8045730661953672,0.8696883852691218,27.203170707241025,16.15470275510454,-0.6718658755032663,920.2149837133551,100.08794788273616,0.7169432527252827,1.6839165114718935,0.40614633018479596,19.77080019204319,0.051538593142500595,0.46973710245704703,0.7826616195782938,-0.6224474188548637,0.7012710362277285,0.8629663019903946,1.1210448089252887,1.117201037213681,0.6829533116178067,0.8707424824898157,100.08794788273616,920.2149837133551
778,120.0,41.79898987322333,0.7730262892323805,0.9302325581395349,15.756278042077888,9.995372931437426,1.039835280254796,914.9416666666667,735.8333333333334,0.8630968604407525,1.5763571954900526,0.3656260123904701,12.360774464742066,0.378904909028493,0.4670452611876808,0.5063623053691758,0.862320831072295,0.6014377598724929,2.2858593887861693,2.7786830059816805,0.5294759102788332,3.8222222222222224,0.7519866851953566,735.8333333333334,914.9416666666667
779,154.0,45.21320343559642,0.6972245460059678,0.9506172839506173,16.58855106500669,11.891549227739493,-1.1834983053523684,914.9090909090909,1472.9805194805194,0.9466730800710613,1.3949865360108398,0.28314720308366503,14.002817212590296,0.7584863643051079,0.4670286324191378,0.37768794589897436,-0.9259329433185826,0.8757829901377214,1.8653577180765257,2.046796072020766,0.6265746892031324,3.4134199134199132,0.7607138168528333,1472.9805194805194,914.9090909090909
780,322.0,67.11269837220809,0.7457509941272273,0.9554896142433235,24.879513157832264,16.575348129150463,-0.5098433883262043,920.6521739130435,1282.6863354037266,0.898372262283968,1.50099490906484,0.3337752220472041,20.248040236149336,0.6604975980451734,0.4699602725436669,0.8728209511981854,-0.4880405589185134,1.0778619533133726,1.4724965938062942,1.983705041611611,0.6616581221877968,2.1283643892339548,0.870735637199334,1282.6863354037266,920.6521739130435
781,436.0,85.49747468305833,0.8808063915781064,0.9416846652267818,34.91202044555053,16.530025101273587,-0.901037938223288,921.059633027523,1901.9174311926606,0.7495313091322509,2.112036747171102,0.5265233896429988,23.56124872549269,0.9793601602433886,0.4701682659660658,0.6207965886407402,-0.7839716803125095,1.0801473161722188,1.1306113794960135,1.213060962434618,0.8762143744633762,0.9533639143730888,0.7659743515665935,1901.9174311926606,921.059633027523
782,247.0,57.11269837220809,0.6507341824226204,0.96484375,20.411970529332375,15.498923928292689,0.9157874496095311,919.7894736842105,25.22672064777328,0.9515715701054105,1.3169927553532352,0.24069438048519365,17.733870630789692,0.012990072424188094,0.469519894683109,0.609166283338874,0.7930425204508915,1.2908519174468507,1.3783959718307672,1.6435256069456028,0.6956080588575213,1.7651821862348178,0.7907205751133533,25.22672064777328,919.7894736842105
783,182.0,51.21320343559642,0.8200662509924778,0.9629629629629629,20.276605753204098,11.603664670871266,-0.6843786672107249,919.1703296703297,1876.3736263736264,0.8720017721811717,1.7474312062899022,0.427731405734036,15.222667215103916,0.966206810697027,0.46920384362957107,0.7748119980696412,-0.6321917174776417,0.6458950032730594,0.7041296102670053,1.0801473161722188,1.234480558071124,2.100732600732601,0.7184989881730958,1876.3736263736264,919.1703296703297
784,192.0,51.45584412271571,0.6252367007691105,0.9458128078817734,17.976276843668547,14.02931882922361,-0.19350261595770346,919.609375,240.14583333333334,0.9112586808053296,1.2813363971900953,0.2195648213904261,15.635280380893438,0.12365902849296259,0.46942796069423176,0.9813367125263259,-0.19229731315861665,1.0000279211361456,1.4470755814885077,1.8673493285961238,0.6953373040240536,2.0815972222222223,0.8343909513168924,240.14583333333334,919.609375
785,565.0,86.42640687119284,0.41623729572414725,0.9724612736660929,28.163713060881985,25.60802570411291,0.8502416012952156,925.0513274336283,580.516814159292,0.9505290541652394,1.0998002495896668,0.09074397794226918,26.821266613927218,0.2989272987431988,0.4722058843459052,0.6598016163057966,0.7514398359950438,0.9830587402202485,1.0499942218923912,1.156035421425729,0.9407077005095197,0.29557522123893804,0.8465617582262066,580.516814159292,925.0513274336283
786,296.0,64.5269119345812,0.7457110595392129,0.9579288025889967,23.90575103985387,15.927672237216619,-0.9069215279031739,922.293918918919,1749.6114864864865,0.8933462360933716,1.5008942100149238,0.3337305232258463,19.413369239820483,0.9009327942772845,0.470798325124512,0.6161733026538659,-0.7876106024531585,0.935955917112022,1.2664302209501317,1.4644551883100387,0.8181428463849197,2.1970720720720722,0.7342077766994327,1749.6114864864865,922.293918918919
787,405.0,73.94112549695427,0.6055869496282283,0.9688995215311005,25.62476629018743,20.391654590280726,-1.4021305487662525,922.8444444444444,186.08395061728396,0.9308780148496167,1.2566300677925841,0.20422085573949744,22.708192698181442,0.09582077786677856,0.47107934887414216,0.16786721002168684,-0.9858096164065021,1.1020877473942408,2.131195067663118,2.2839156989189133,0.5437542246124265,0.9267489711934156,0.7516063665979367,186.08395061728396,922.8444444444444
788,833.0,117.39696961966999,0.763992340759943,0.9265850945494994,41.28201498715767,26.636201000546006,-0.5831433478864869,932.734693877551,463.88235294117646,0.7595232842258237,1.5498462031545508,0.35477468798865075,32.56698544176895,0.23886835887805175,0.4761279703305518,0.8347358904804502,-0.5506505181544914,0.984287264220523,1.3037917492971913,1.516767722122145,0.7884680273449941,0.3985594237695078,0.9034742482940011,463.88235294117646,932.734693877551
789,112.0,41.31370849898476,0.7881282793588315,0.9180327868852459,15.80789667207421,9.72993459869187,1.2578554333470673,920.0535714285714,556.125,0.8245927743585106,1.6246662823611873,0.38448898037899615,11.941642642883693,0.28636714727085477,0.4696547072121345,0.30785802475921775,0.9514323079396415,1.0499942218923912,1.4441099601331189,1.511491641389523,0.7489522488672617,3.681547619047619,0.9141555660207278,556.125,920.0535714285714
790,237.0,56.04163056034261,0.6425316332410117,0.9634146341463414,19.948540793226307,15.285752111452858,-0.6378858073711028,924.1012658227849,1820.675105485232,0.94828020385062,1.3050414953595808,0.2337408399995221,17.371176474327626,0.9375258009707683,0.4717209115991755,0.803356550536504,-0.5954983230119876,1.0860560228202074,1.2495993210154441,1.2783060866379132,0.8301140058395386,2.0956399437412094,0.8149407140995569,1820.675105485232,924.1012658227849
791,485.0,91.49747468305831,0.8768000804161017,0.9168241965973535,37.084603577693116,17.83232044508296,-0.482975473038453,935.680412371134,163.31958762886597,0.7280033656067548,2.079628598639205,0.5191449085407147,24.849973424463737,0.08409865480374148,0.4776316551154334,0.8856169868450151,-0.4644163569595243,1.1020877473942408,1.481471875386978,2.404472205775185,0.6014396265126151,0.7615120274914089,0.9906646931797879,163.31958762886597,935.680412371134
792,113.0,40.62741699796952,0.8252006992948268,0.9262295081967213,16.039199279131832,9.059575361684587,-0.4848936472226061,925.5398230088496,603.8230088495575,0.8602999230951613,1.7704140248080475,0.4351603715360183,11.994835078277376,0.3109284288617701,0.47245524400655925,0.8847245266590656,-0.46611426917430043,0.9830587402202485,1.3005587666696614,1.3025006644260557,0.8365591585898902,3.03834808259587,0.956385477910174,603.8230088495575,925.5398230088496
793,323.0,68.2842712474619,0.7803539612502532,0.9584569732937686,25.711774227857283,16.0785511356166,-0.5862173232219573,929.2631578947369,1850.5448916408668,0.8705045163910252,1.5991350222409986,0.3746619353013616,20.279456919490165,0.952906741318675,0.47435587437199433,0.8330392631929803,-0.5532138700167382,1.011388082766401,1.1155724376816882,1.1694258984576864,0.9100874772429866,0.9215686274509804,0.7593224758560694,1850.5448916408668,929.2631578947369
794,761.0,102.32590180780451,0.6226893649122498,0.9731457800511509,35.37817356533967,27.682329039306705,1.3853387972824545,933.0249671484888,1462.826544021025,0.9133208226486549,1.278005673406507,0.2175308601451562,31.127725479762553,0.7532577466637616,0.4762761445372582,0.18439623660280052,0.9828519867847467,0.8757829901377214,1.7444947786218912,1.9381202267331008,0.6581259475294527,0.41173893999123956,0.8332346534953913,1462.826544021025,933.0249671484888
795,540.0,88.42640687119285,0.6305233762630321,0.9591474245115453,30.198651616836404,23.439295266922855,-0.0012145081750064126,934.9722222222222,281.6759259259259,0.8678400078469523,1.288377115136744,0.22382974033665337,26.221162334209897,0.14504424609985886,0.4772701491690772,0.9999992624850371,-0.0012145078764337473,1.637986214810549,1.6940911440764947,1.8673493285961238,0.576986691094625,0.5512345679012346,0.9081581453062371,281.6759259259259,934.9722222222222
796,360.0,76.66904755831213,0.8810823749157032,0.9473684210526315,31.36945217087276,14.83658520761375,-0.8301950163472617,934.4861111111111,1876.4777777777779,0.76961270488291,2.114331008915365,0.527037159374117,21.409489393833255,0.9662604416981349,0.4770220066927571,0.6747318385584289,-0.7380629688824405,0.6458950032730594,0.9373117067858121,1.1155724376816882,1.1116137467238196,0.9490740740740742,0.8822258960546433,1876.4777777777779,934.4861111111111
797,491.0,88.18376618407356,0.6685122072349446,0.9281663516068053,30.08637230747445,22.375270256157233,1.030778364504037,935.8167006109979,321.83910386965374,0.7934399623913819,1.3446260967147547,0.2562988309960361,25.003212122944625,0.16572559416563015,0.4777012254267473,0.5141513979829784,0.8576994461652339,1.4636597428166254,1.6940911440764947,1.9833072708412236,0.5835374562893674,1.2579769178547182,0.7431677900216701,321.83910386965374,935.8167006109979
798,121.0,45.79898987322333,0.8934627247178497,0.8705035971223022,18.99194082655796,8.529989982119924,-1.3831868113685521,927.8181818181819,858.0909090909091,0.7249089060507655,2.226490402259297,0.5508626495828298,12.412170838050638,0.44185937646287804,0.47361826534874013,0.1865108916279852,-0.9824528931730692,0.9735466239612309,1.0001884181842073,1.5898874168570407,0.8418400193941289,3.7851239669421486,0.8458184951940652,858.0909090909091,927.8181818181819
799,760.0,114.18376618407356,0.8657711663685591,0.9394313967861557,44.79331392241215,22.416370221046463,0.022209117289348046,944.8894736842105,1924.6552631578948,0.7325119758235211,1.998241172888742,0.49955990619773005,31.10726690017501,0.9910686216055071,0.48233255420327237,0.9997533876915524,0.022207291578769495,0.8964274884607506,1.3027256679815047,1.3409170899764968,0.8474408108242755,0.24385964912280703,0.801576897463522,1924.6552631578948,944.8894736842105
800,678.0,96.56854249492379,0.5155023551960795,0.9685714285714285,31.972987904140215,27.397274831579967,0.29583987179154714,939.9262536873156,128.44690265486724,0.9136254831472371,1.167013438405413,0.1431118382266593,29.381225490616288,0.06614155646491619,0.4797990064764245,0.9565576206941828,0.29154333861689236,1.287413413118928,1.4481187630991583,1.4564315283448663,0.7156550512912361,0.4646017699115044,0.9048956677780033,128.44690265486724,939.9262536873156
801,325.0,67.49137802864846,0.47222293959579653,0.9475218658892128,21.782704725836574,19.20100008887078,0.9658062942216462,935.6492307692308,494.66153846153844,0.8965956631004907,1.1344567795956728,0.11852084805169394,20.342144725641095,0.25471757902241937,0.4776157380139004,0.5687538780012376,0.8225077666858553,0.8985806337853185,1.3037917492971913,1.3799181118265258,0.837453021820381,1.36,0.7975510640963904,494.66153846153844,935.6492307692308
802,350.0,73.4558441227157,0.7858231133518808,0.9408602150537635,27.072269112113702,16.742880552728288,-1.2314838500757963,936.0571428571428,515.9657142857143,0.8151268534428961,1.6169421400848625,0.3815486805560546,21.11004122822376,0.2656878034426953,0.47782396266316635,0.3328388475934364,-0.9429837228354863,0.8985806337853185,0.9679857291676857,1.0139359876668435,1.0414850032510607,0.8228571428571428,0.8839145947976461,515.9657142857143,936.0571428571428
803,167.0,50.526911934581186,0.5642921574206631,0.9277777777777778,16.41358133159195,13.550645195682545,-1.4035256757383552,933.2275449101796,1416.868263473054,0.8220170447164691,1.2112767395623039,0.17442483014958987,14.581872443920643,0.7295923086884932,0.4763795532976925,0.16649171751602987,-0.9860428530234183,0.785711833357359,0.8752293602925691,1.1139801996814445,1.081111705437686,3.4271457085828345,0.776193017794513,1416.868263473054,933.2275449101796
804,411.0,97.11269837220809,0.91322481343434,0.9133333333333333,38.54734942280261,15.706351086009107,-0.1425697953440798,945.9367396593674,5.613138686131387,0.5476456504268721,2.454252372923192,0.5925439408625579,22.875783109789968,0.00289039067257023,0.48286714632943717,0.9898541297447945,-0.14208730353967483,1.3783959718307672,1.7558702307902443,2.6678800865111,0.517050045018555,1.5279805352798053,0.8109372965607334,5.613138686131387,945.9367396593674
805,223.0,62.11269837220809,0.8246818949707249,0.9176954732510288,22.80017245439207,12.8957052233749,0.01986687714051736,941.7533632286995,84.5067264573991,0.7263633676742794,1.7680438610727718,0.4344031717667661,16.85029431422316,0.043515307135632904,0.4807316810764163,0.9998026600871902,0.019865570280722833,0.7952960819611105,1.0679756860576577,1.1210448089252887,1.0052552812852056,1.944693572496263,0.7818566400147194,84.5067264573991,941.7533632286995
806,590.0,89.84062043356596,0.5034389319810102,0.9640522875816994,29.541128999913155,25.524445637538953,-1.1559635624564024,944.4661016949152,663.0559322033898,0.918578742169783,1.1573661351714861,0.13596918934228985,27.408234736913393,0.34142941926024195,0.48211643782282554,0.40303688466496645,-0.9151837354321583,1.1119986057847,1.3560089575987748,1.8606912780425025,0.6930489068192437,0.7022598870056497,0.8458904466998854,663.0559322033898,944.4661016949152
807,436.0,85.35533905932736,0.8156612282323217,0.8989690721649485,31.725452562160424,18.354120583102947,-1.2234081261085332,942.1100917431193,839.9610091743119,0.7520296602283336,1.7285193490211297,0.4214701729741668,23.56124872549269,0.4325236916448568,0.4809137783272686,0.34044318770086957,-0.9402650881257213,0.9735466239612309,0.984501986244915,1.420994489549136,0.8878253136863707,0.4793577981651376,0.86933529378215,839.9610091743119,942.1100917431193
808,619.0,103.1543289325507,0.8746945527932272,0.9266467065868264,40.88031136443774,19.813647353498236,-0.4626027031361724,949.951534733441,1425.0807754442649,0.7310138356986435,2.063240080692162,0.5153254294747285,28.07374713484229,0.7338212025974588,0.48491655678072537,0.8948939987431631,-0.44627875931246325,0.785711833357359,1.0136454199552556,1.654122016620889,0.8686891582406298,0.6812062466343565,0.8065274208004549,1425.0807754442649,949.951534733441
809,607.0,104.22539674441619,0.8911550559173299,0.9309815950920245,42.01769011267474,19.06337860163273,-0.7010535263586338,954.7298187808897,1401.523887973641,0.7021848273970697,2.2041051059582917,0.5463011281554906,27.80029502818709,0.7216909824787029,0.48735570126640615,0.7641630626399004,-0.6450231109788297,1.0136454199552556,1.1139801996814445,1.79642758345751,0.7645156282882271,0.7012630422844591,0.8161370902343128,1401.523887973641,954.7298187808897
810,1092.0,137.63961030678928,0.7104930127646795,0.9138075313807531,45.58235348068931,32.07649610723309,-0.4521842801058222,958.7234432234433,1849.14652014652,0.7243452786423309,1.4210515178561138,0.2962957447815391,37.28776720119881,0.9521866736078888,0.4893943048613799,0.8994948684937513,-0.43693132361208553,0.853655975827427,1.243765097746532,1.4291396251251425,0.8506871868408952,0.23382173382173382,0.8534460473945534,1849.14652014652,958.7234432234433
811,457.0,79.94112549695429,0.6409317927401238,0.9661733615221987,27.66356505836264,21.234492660844037,-0.8824921630910341,949.1028446389497,1804.770240700219,0.8986395889634373,1.3027655287179842,0.23240216450609308,24.121991458915023,0.9293358602987739,0.48448333059670734,0.6352283605674498,-0.772324368339359,1.1966174826398972,1.2495993210154441,1.3308468804802458,0.7942677833579009,0.8103574033552151,0.8309881064237267,1804.770240700219,949.1028446389497
812,613.0,94.08326112068524,0.6818838723120382,0.9489164086687306,32.93288897244804,24.089105669772554,-1.1167795267073002,951.9363784665579,100.38009787928222,0.8702531690662177,1.36712792180462,0.26853955357740644,27.937355653723827,0.051689030833821946,0.4859297490896161,0.43857893137377135,-0.8986926732510068,0.7952960819611105,1.287413413118928,1.3377760470547142,0.8770684638320897,0.656878738444807,0.7856440345155997,100.38009787928222,951.9363784665579
813,609.0,98.76955262170047,0.84319184184697,0.936923076923077,38.76468546043979,20.840390915529017,1.4230817715755617,950.8292282430214,899.4696223316913,0.7844783878406828,1.8600747758313239,0.46238720453962945,27.846056861676377,0.4631666438371222,0.48536458817918393,0.1471779624647152,0.9891100279365966,1.3316358155983556,1.5798974199221991,1.9966505696246422,0.6112240533565862,0.4707170224411604,0.8839542347205867,899.4696223316913,950.8292282430214
814,1051.0,152.36753236814712,0.9266132984088562,0.8517017828200972,62.33636494841172,23.43945095370866,1.2387834478595947,958.2426260704092,45.39010466222645,0.5688892298962935,2.6594635288822186,0.6239843152049904,36.581071082141044,0.02337286542854091,0.48914886476284286,0.3259466393547779,0.9453881680523225,1.7558702307902443,1.7901557844016485,1.8310164372100672,0.5579275273640215,0.2794164287979702,0.741860196068854,45.39010466222645,958.2426260704092
815,396.0,72.8700576850888,0.7030284144848274,0.9753694581280788,26.690273063486366,18.981101558089772,-1.5045610620853063,949.5984848484849,535.8333333333334,0.937145066671996,1.4061498476157162,0.288838240322956,22.45446191105733,0.27591829728801925,0.4847363373397064,0.06618684509667917,-0.9978072466845228,1.0139359876668435,1.511491641389523,1.698222446336087,0.7102861142494732,0.5092592592592592,0.8192408941406195,535.8333333333334,949.5984848484849
816,520.0,85.01219330881975,0.6289747701347119,0.959409594095941,29.298566547099618,22.777458974574607,-0.8267621469899565,953.7980769230769,1887.4807692307693,0.9041713995917332,1.28629653464876,0.22257428744992858,25.731003930322746,0.9719262457418998,0.48688008010366357,0.6772615316158674,-0.7357423582976104,0.730352556140534,0.9373117067858121,1.5088828477761163,0.944421692942114,0.566025641025641,0.7986089212392221,1887.4807692307693,953.7980769230769
817,87.0,35.31370849898477,0.6027420230189005,0.8969072164948454,12.01872470005324,9.590174570221818,-0.479899882856786,952.3103448275862,1904.7356321839081,0.8766827497025058,1.2532331514978094,0.202063878692609,10.524820207108489,0.9808113450998497,0.4861206456496101,0.8870411503456866,-0.46169036982960876,0.730352556140534,0.8964274884607506,1.3232181363770372,1.0169497796114217,6.574712643678161,0.7954048948491684,1904.7356321839081,952.3103448275862
818,463.0,95.84062043356596,0.9247654129302738,0.8835877862595419,41.115622544751936,15.646043893052695,0.37536573628236664,967.8596112311016,1127.6047516198705,0.6334197813672355,2.627860616127281,0.6194623132357318,24.279825147895533,0.5806409637589447,0.4940579945028594,0.9303736005284219,0.3666128249799515,0.9658159096943749,1.6019603114930099,2.097665603924541,0.6430259153275432,1.0237580993520519,0.8389233913523991,1127.6047516198705,967.8596112311016
819,462.0,78.52691193458118,0.594082794240096,0.9726315789473684,27.14657623487592,21.836811782371264,0.07578697891457747,965.8528138528138,449.8528138528139,0.9414880265297658,1.2431565791482069,0.19559610046452425,24.253590861306396,0.23164408540309675,0.4930335956369647,0.997129541221238,0.07571445056211906,1.0003631068897474,1.1709497728730753,1.2379264201628482,0.879961697046437,0.8903318903318903,0.7748263498523552,449.8528138528139,965.8528138528138
820,337.0,72.04163056034261,0.8479335322687995,0.9546742209631728,28.631041476668777,15.177388402113401,0.0947829462550673,966.3946587537092,1253.4391691394658,0.8159671917823357,1.8864274088605388,0.4698974393061691,20.71428798138497,0.6454372652623408,0.4933101882356862,0.9955114584088227,0.09464109137546398,1.6892134185161438,1.9253053522351464,2.2896001362376137,0.5081198477301667,1.1444114737883284,0.7921317419395191,1253.4391691394658,966.3946587537092
821,612.0,91.59797974644665,0.6085053533191144,0.9652996845425867,31.389613416717555,24.90922045807542,0.2820607901708252,970.3594771241831,615.2058823529412,0.9166203522790672,1.260160408052482,0.20645023156579534,27.914558950087667,0.3167898467316896,0.4953340873528244,0.9604838869782965,0.2783355939420306,1.0048903950955834,1.9500882783530418,2.0778886712062437,0.5960816756249566,0.3790849673202614,0.9344798240475942,615.2058823529412,970.3594771241831
822,386.0,73.11269837220809,0.6933241337302424,0.9601990049751243,26.15958871140298,18.851276393489833,-1.4987230698769765,964.5725388601036,846.3212435233161,0.9074266781002536,1.3876826250575278,0.2793741292548475,22.16913314200113,0.4357987865722534,0.492380060673866,0.07201087504723207,-0.9974038469320899,0.7776504686420248,0.984501986244915,1.2055627655741388,1.0108786649461283,0.7607944732297064,0.8889828219118723,846.3212435233161,964.5725388601036
823,164.0,48.698484809834994,0.416082568927477,0.9265536723163842,15.478942551165115,14.075417864591794,-0.17394930704113298,963.189024390244,1829.4024390243903,0.8690060784763513,1.0997146017315789,0.09067316335944908,14.450303987687134,0.9420197935244029,0.4916738256203389,0.9849089295183412,-0.17307339643930006,0.853655975827427,0.8952345843871183,1.1966174826398972,1.018500019810759,4.607723577235772,0.8263161199316219,1829.4024390243903,963.189024390244
824,120.0,39.31370849898475,0.6669188053315313,0.96,14.3989271098872,10.729078259868258,-1.0240062726951766,964.925,864.7583333333333,0.9756702971954309,1.3420469830801667,0.25486960396507563,12.360774464742066,0.44529265362169584,0.49255997958141906,0.519947983217996,-0.8541979248087287,0.7776504686420248,1.420994489549136,1.5798974199221991,0.7939569547709854,3.975,0.81464490872309,864.7583333333333,964.925
825,718.0,102.66904755831214,0.7014007252969039,0.9447368421052632,36.24595680087056,25.834927644125617,-0.17849585759870437,978.9261838440111,1815.1545961002785,0.8559634921890978,1.4029827100797867,0.2872328412777584,30.23550881198871,0.934683108187579,0.4997070872098066,0.9841118657134575,-0.17754953044707744,0.8952345843871183,1.0955030442731497,1.1849219271921194,0.9446856463160018,0.4001857010213556,0.8379168160196313,1815.1545961002785,978.9261838440111
826,415.0,83.01219330881975,0.6932731866904145,0.8943965517241379,27.973443213152635,20.15975794636229,-0.9400995473187703,977.3301204819277,1090.8168674698795,0.7567879062514211,1.387588248211099,0.27932511586977193,22.98683125324351,0.5616976660504014,0.4988923534874567,0.5897076318652825,-0.8076168082202354,0.9317864310652499,1.0034646156914524,1.36036247168636,0.9103009145979234,0.789558232931727,0.9256824551644062,1090.8168674698795,977.3301204819277
827,380.0,72.42640687119285,0.692593849506218,0.9644670050761421,25.97280052895503,18.73490242758691,-0.3677697843786869,977.7763157894736,592.5605263157895,0.9103315204089152,1.386332308339669,0.27867222455657636,21.996159369293583,0.3051290042820749,0.49912012036216113,0.9331315066900718,-0.35953524336609394,1.0048903950955834,1.4246029890123413,2.1621868869230196,0.6533555959736775,1.037719298245614,0.9389744019955351,592.5605263157895,977.7763157894736
828,379.0,74.18376618407358,0.38453493717746,0.949874686716792,23.24957843004187,21.461928544813695,0.8110657090800241,976.3087071240105,1929.5435356200528,0.8654287490071144,1.0832940004201141,0.07688956127128166,21.967197988242077,0.9935857546962167,0.4983709582052121,0.6887261621355792,0.7250215676722974,1.3159868086886402,1.3409170899764968,1.455569810310142,0.7294879462579036,0.8372911169744942,0.7596576851064191,1929.5435356200528,976.3087071240105
829,701.0,112.08326112068522,0.8752306016799856,0.9211563731931669,43.48954976818491,21.036151639851596,-1.4685473470662371,980.506419400856,980.9472182596292,0.7012071971511441,2.0673719467679077,0.5162941039403277,29.87542335866304,0.5051221515240109,0.5005137413991098,0.10207090648398315,-0.9947771258174054,1.2716957459583882,1.6086838875170122,1.9580729338180507,0.6200329461280943,0.9210651450309082,0.7823707856840931,980.9472182596292,980.506419400856
830,346.0,69.94112549695429,0.7603470102432555,0.9584487534626038,26.129402386405953,16.971492874700832,0.6187738345778194,980.1127167630058,475.5115606936416,0.8888341439340879,1.5396054182927355,0.3504829301595356,20.98906578384008,0.24485662239631392,0.5003127701699877,0.8145902898813484,0.5800367743781603,1.0161399500274386,1.2379264201628482,1.634608066902111,0.7714711140084874,1.2909441233140655,0.9010616318318312,475.5115606936416,980.1127167630058
831,619.0,90.42640687119284,0.4209525512992466,0.9748031496062992,29.516665142354796,26.774055090688,-0.8640544825469216,982.1857835218094,903.1954765751211,0.9512835009155634,1.102435362980211,0.09291734138797747,28.07374713484229,0.4650852093589707,0.501370997203578,0.6493594544914091,-0.7604816229618041,1.3316358155983556,1.3556990780978515,1.7768654692610544,0.6720128480104064,0.864297253634895,0.8650874467593558,903.1954765751211,982.1857835218094
832,876.0,114.81118318204308,0.7738120322644441,0.9573770491803278,42.15686061073817,26.702800392630152,-0.7650736851955721,987.0308219178082,934.9760273972603,0.8351136552419537,1.578743052821279,0.36658470280331,33.396973533360814,0.4814500656010609,0.5038442174159307,0.7213313257540968,-0.6925901518833756,1.1416081654085788,1.3556990780978515,1.7463558295797041,0.7069364245777173,0.7343987823439879,0.796064646654354,934.9760273972603,987.0308219178082
833,209.0,62.04163056034261,0.8972996846319601,0.9008620689655172,25.220259981295374,11.132774569794416,0.07734687898256377,984.0430622009569,434.6267942583732,0.6823225799738233,2.2654065096874683,0.5585781202076804,16.312788383647018,0.2238037045614692,0.5023190720780791,0.9970102211410183,0.07726978025294105,0.9484155591304815,1.0003631068897474,1.7320952701341525,0.8150238372831292,2.3716108452950557,0.8612148320376694,434.6267942583732,984.0430622009569
834,489.0,81.59797974644665,0.6199193689568695,0.9644970414201184,28.195026106070166,22.123664779884617,0.04025693197650029,985.6053169734151,1113.1267893660531,0.9229111873195522,1.2744283728121655,0.21533448145587752,24.952237121658943,0.5731857823718091,0.5031165477148623,0.9991897991418015,0.04024605932220452,0.9658159096943749,1.0034646156914524,1.1521157939053976,0.9611083288139488,0.9516019086571234,0.74242625603496,1113.1267893660531,985.6053169734151
835,109.0,36.970562748477136,0.6733697456173402,0.956140350877193,13.712442006017003,10.137689017975937,1.3490322092636804,977.5963302752293,1058.559633027523,1.0021304061097107,1.3526201071765358,0.26069411899590667,11.780624362746345,0.5450873496537193,0.49902824414253666,0.2199508804096551,0.9755109482763469,1.3356591368954527,1.36036247168636,2.12369853438153,0.622442779043907,5.581039755351682,0.798802413083707,1058.559633027523,977.5963302752293
836,325.0,65.94112549695429,0.5525210947715476,0.9530791788856305,22.32248972938319,18.605770949805102,-0.014801678317815366,984.8523076923077,826.1723076923076,0.9392485083118524,1.1997616110402036,0.16650108588406043,20.342144725641095,0.42542343341519445,0.5027321631915813,0.9998904571594853,-0.014801137841239164,1.2055627655741388,1.8313912950946958,1.893949510790815,0.6084077606717297,0.9661538461538461,0.8783755451746726,826.1723076923076,984.8523076923077
837,679.0,106.42640687119284,0.796457486824342,0.9339752407152683,38.45197383859322,23.25169815472753,0.48082882295788193,993.0972017673049,455.2135493372607,0.7533223256491545,1.6537275506810745,0.39530547242309777,29.40288507740653,0.23440450532299728,0.506940889110416,0.8866118849814902,0.4625141786038225,0.9484155591304815,1.0161399500274386,1.1709497728730753,0.9567835899344352,0.4992636229749632,0.8375482501458924,455.2135493372607,993.0972017673049
838,286.0,85.7401153701776,0.9695579587524612,0.89937106918239,39.660851038268,9.711432519046086,0.973743737598137,991.3916083916084,94.5979020979021,0.4888861905718097,4.083934163212795,0.7551380702931536,19.08262324195121,0.04871158707409994,0.506070244201944,0.5622074212215806,0.8269962608883913,1.6816345725262636,2.136107185670747,2.5020745124085244,0.47469734428095234,2.199300699300699,0.721835255545597,94.5979020979021,991.3916083916084
839,279.0,65.35533905932738,0.859843234758515,0.9522184300341296,26.514702986685457,13.537297369938253,-0.9476093999060609,991.4408602150538,1840.3118279569892,0.820827547316284,1.9586408026734805,0.4894418626248198,18.847647942942654,0.9476373985360398,0.506095385510492,0.5836259766443053,-0.812022610144558,1.1849219271921194,1.2771451147795405,1.4291396251251425,0.7709690737753273,2.3584229390681,0.8164382831025933,1840.3118279569892,991.4408602150538
840,757.0,113.39696961967,0.82328450388181,0.9231707317073171,42.11746094397644,23.90709016160318,-1.2391051379635778,999.3764861294584,1401.6195508586525,0.7397804428898359,1.7617142303508215,0.4323710493041407,31.045810270703488,0.7217402424606861,0.5101462410053387,0.325642500476722,-0.9454929729422996,0.9760214320214391,1.4879088482371203,1.8827938304535117,0.6901749279662808,0.7926023778071334,0.7926491103654109,1401.6195508586525,999.3764861294584
841,877.0,113.63961030678927,0.7642747102103009,0.9647964796479648,41.770409705492554,26.93735368939642,-0.9922281288712714,1002.3911060433295,1334.5952109464083,0.8533947874406435,1.5506500819319529,0.35510918185094265,33.416030295843605,0.687227194102167,0.511685097520842,0.5468257265020142,-0.8372464540597018,1.4305505810684735,1.5791811177520547,1.8152920207826875,0.621758601478275,0.44241733181299886,0.8179053764287231,1334.5952109464083,1002.3911060433295
842,385.0,75.35533905932736,0.45917335674926507,0.9390243902439024,23.80839708616076,21.15011056904791,-0.3323963158095443,997.9350649350649,1082.838961038961,0.8520057720639552,1.1256866487025894,0.11165331741959417,22.140398025397776,0.5575895782898873,0.5094104466233104,0.9452631185975241,-0.3263091120690366,0.9317864310652499,0.9824939853631866,1.3356591368954527,0.9230940916829475,0.9021645021645022,0.8653297976157851,1082.838961038961,997.9350649350649
843,430.0,95.25483399593904,0.8982789114390228,0.8382066276803118,37.14385107537337,16.32196493370127,1.1976867896087295,997.9930232558139,1228.820930232558,0.5955308591203559,2.275697272126806,0.5605742414651547,23.398568422792877,0.6327605202021411,0.5094400322898489,0.36451278557534117,0.9311983833491687,1.020439101946804,1.081797426447731,1.6892134185161438,0.7912540168028429,0.7573643410852714,0.8419206052443649,1228.820930232558,997.9930232558139
844,644.0,112.29646455628166,0.9326509237665996,0.9160739687055477,48.458616788675954,17.482902854111238,-0.7622426584315759,1006.8788819875776,953.3850931677018,0.641746582097459,2.771771781439633,0.6392199362529736,28.635053113438516,0.49092950214608744,0.5139759479262775,0.7232891737617504,-0.6905452708686408,1.1416081654085788,1.2654381329644138,1.6086838875170122,0.7470621434032205,1.2712215320910973,0.7453583851123603,953.3850931677018,1006.8788819875776
845,417.0,77.59797974644667,0.792503478630351,0.9652777777777778,29.66886858260655,18.094075519051867,-1.0514887556456685,999.6882494004797,1004.2158273381295,0.8702521197128666,1.6397007159258947,0.39013260756227275,23.04215463350949,0.5171039275685528,0.5103053850946808,0.4962791157379901,-0.8681630257516837,1.2020633545200106,1.2716957459583882,1.3730512215276136,0.7798668894169904,1.694644284572342,0.7763050376180439,1004.2158273381295,999.6882494004797
846,419.0,79.94112549695429,0.7688034041252595,0.9436936936936937,29.290612571205237,18.73091334783583,1.2605057189449547,1000.071599045346,1800.0644391408114,0.8239168222662587,1.5637578385674116,0.36051479625763594,23.09734550211416,0.9269126875081418,0.5105010714881807,0.30533537916917347,0.9522448772388419,0.9671900181473881,1.0955030442731497,1.1716313258557036,0.9275507462623048,1.058870326173429,0.8775629119622681,1800.0644391408114,1000.071599045346
847,811.0,113.39696961966999,0.8412881293736315,0.9552414605418139,43.9320645785798,23.7491021331514,0.781823144928627,1006.8890258939581,1884.4315659679407,0.792552099317909,1.849841073244406,0.4594130196027508,32.13405157741889,0.9703561101791662,0.5139811260306065,0.709630176928756,0.704574348093984,1.0397563551667353,1.566661478948032,1.9358923376960386,0.6604568791047664,0.3616933826551582,0.7876007812502631,1884.4315659679407,1006.8890258939581
848,542.0,95.94112549695427,0.68972894246775,0.8899835796387521,31.88773626351347,23.088878791829032,0.6455885446032218,1009.3911439114391,1367.7878228782288,0.7399451581646449,1.381086390162795,0.2759323333262842,26.26967516446403,0.70431916729054,0.5152583685101783,0.7987457964689428,0.6016686402191775,1.0709219751578583,1.4305505810684735,1.4879088482371203,0.7519962861017752,1.2687576875768758,0.7749294362222701,1367.7878228782288,1009.3911439114391
849,405.0,75.94112549695429,0.7428574900352966,0.9597156398104265,27.880919303250245,18.66486991199131,0.15054966970509912,1009.2518518518518,1269.1753086419753,0.8824921044142331,1.493764458831725,0.33055041302689636,22.708192698181442,0.6535403237085352,0.515187264855463,0.9886887869539179,0.14998160737767258,1.2783387937824917,1.4836313959823924,1.5055967848133411,0.7029766651281432,0.8386831275720165,0.7512195758835003,1269.1753086419753,1009.2518518518518
850,518.0,88.18376618407356,0.6974022954552199,0.955719557195572,30.898525992853354,22.144351639833594,0.06550044704360299,1010.7007722007722,1102.3281853281853,0.8370710804862236,1.3953231277845417,0.2833201284438147,25.68147355921802,0.567625224164874,0.5159268872898276,0.9978556125566863,0.06545362090152407,0.9824939853631866,1.1085006199597878,1.1206658597690409,0.9340962510226151,0.8256113256113257,0.8324082194815485,1102.3281853281853,1010.7007722007722
851,199.0,49.798989873223334,0.42645988715537064,0.9660194174757282,16.7535783099619,15.153720073102109,-0.9048909324856271,1006.0552763819095,504.3115577889447,1.0083745433165734,1.105575279808655,0.0954935242645144,15.91774699517169,0.25968669299121766,0.5135555264838741,0.6177713496962144,-0.7863577808443925,1.634608066902111,2.109932771057281,2.141403418428965,0.5096888229520568,2.333333333333333,0.8365504315506914,504.3115577889447,1006.0552763819095
852,1025.0,127.88225099390856,0.7284602877078437,0.9526022304832714,44.194789000236966,30.277320944802085,-1.452511755840156,1016.8312195121952,1026.989268292683,0.7876135609357449,1.459666430884275,0.31491196972023683,36.12575996921783,0.5288307251764588,0.5190562631506866,0.1180089392155502,-0.9930125327835598,1.179809533165988,1.2020633545200106,1.6269867205255142,0.7483424946722943,0.43414634146341463,0.8517288314744356,1026.989268292683,1016.8312195121952
853,368.0,73.01219330881976,0.809910513282403,0.9709762532981531,28.502883435638207,16.718464875744157,1.0381277436495755,1011.6086956521739,554.0353260869565,0.8674948250688316,1.7048744395779647,0.41344654082118426,21.646065519224038,0.28529110509112077,0.5163903500011097,0.5078340108427839,0.861454942194501,1.3089215166229657,1.3328509359792673,1.417054082422185,0.7391298874471244,0.6920289855072463,0.8792625044536196,554.0353260869565,1011.6086956521739
854,203.0,49.698484809834994,0.37615016041830596,0.9854368932038835,16.72912255618084,15.50051433912923,-0.37280894459494857,1011.1970443349753,587.6354679802955,1.0328080286387065,1.0792624160831963,0.07344128258524119,16.07692842495848,0.3025929289290914,0.5161802166079507,0.9313079111206306,-0.3642328577766257,0.8221890639783589,1.417054082422185,1.4246029890123413,0.8188116774346816,1.8160919540229885,0.8486696764343221,587.6354679802955,1011.1970443349753
855,152.0,43.79898987322333,0.5604457403311552,0.95,15.327706596926078,12.694270871996688,-0.16067347763187045,1009.9868421052631,1206.1447368421052,0.9956925618312449,1.2074507272992494,0.17180885530895518,13.911592676604096,0.6210837985798688,0.5155624513043712,0.987119762245856,-0.15998304592576312,1.081797426447731,1.3275206002602322,1.9472097179256618,0.6886218052198572,3.2785087719298245,0.732123510110802,1206.1447368421052,1009.9868421052631
856,377.0,73.25483399593904,0.5795324395052184,0.9568527918781726,24.343027587366993,19.838330155651995,0.7666136906022045,1014.2466843501327,1299.0742705570292,0.8828331597738526,1.2270703933431413,0.18505082884812352,21.909160375631842,0.6689362876194795,0.5177369496427425,0.7202638782366844,0.693700184306917,1.2783387937824917,1.5791811177520547,1.641861499891755,0.6667583220176487,1.2696728558797525,0.7975367992040036,1299.0742705570292,1014.2466843501327
857,105.0,44.38477631085023,0.8568248852632069,0.8015267175572519,17.213971862002886,8.875653363037241,1.260295468517909,1007.504761904762,1930.3333333333333,0.6697783297932305,1.9394596834629287,0.48439247872660707,11.562445770562215,0.9939924476484723,0.5142954374194804,0.3055355823110777,0.9521806592983448,0.9802732425795211,1.3159868086886402,1.9358923376960386,0.7088591629693741,5.761904761904762,0.7441973189050709,1930.3333333333333,1007.504761904762
858,416.0,79.84062043356595,0.8631166254669398,0.9607390300230947,32.641810833984806,16.48426607204498,-0.5678407819295087,1019.0384615384615,1812.9591346153845,0.8200784286204021,1.980179808510903,0.4949953556227801,23.014509567006368,0.9335525924898993,0.5201829818981427,0.8430641949637748,-0.5378129444054711,0.9671900181473881,1.381286684797791,1.5291302594127465,0.7736730486412517,0.9046474358974359,0.8597533563648594,1812.9591346153845,1019.0384615384615
859,667.0,102.66904755831213,0.796362566201704,0.9447592067988668,37.98036583521797,22.97126699117893,-0.17381681406242575,1024.4347826086957,917.2038980509745,0.7951638569500395,1.6533857644771008,0.39518047059256034,29.14190756176324,0.47229860867712387,0.5229376123576803,0.984931851883366,-0.1729429014027557,1.6959243503874868,1.706775789631566,1.7425513845379395,0.583061874756123,0.8605697151424287,0.8604961277378104,917.2038980509745,1024.4347826086957
860,651.0,93.49747468305833,0.5606335829861689,0.9730941704035875,31.670035821128856,26.224816494993558,-0.9327764843056101,1020.2227342549924,1411.674347158218,0.9358173455345179,1.2076361269172204,0.1719360014901684,28.79025779013781,0.7269177894738508,0.5207875111051518,0.5956059956526734,-0.8032767256323238,0.9760214320214391,1.2603241197855841,1.5967556301863628,0.7826560942593913,0.9457245263696876,0.847401967453325,1411.674347158218,1020.2227342549924
861,197.0,50.87005768508881,0.6191439492727556,0.9609756097560975,17.940916225454803,14.088598047684235,1.1436011335237546,1015.3857868020305,1776.8832487309644,0.9566468150773044,1.27343516826387,0.2147224884928034,15.837556323903858,0.9149759262260373,0.5183184210321748,0.41431969277309494,0.9101314147860232,0.8682524947021458,1.1716313258557036,1.2310367922416559,0.9171729782314616,2.170896785109983,0.8414306073322173,1776.8832487309644,1015.3857868020305
862,170.0,56.07716446627535,0.5892260560119499,0.8808290155440415,16.800754846744443,13.57447609616944,-0.5502419086645938,1016.2117647058824,407.9470588235294,0.6793392296930331,1.237672432270548,0.19203177357237455,14.712264360219255,0.21006542678863513,0.5187400534486383,0.8523980545464052,-0.5228934467035361,1.7624371604680704,2.2188475718630416,2.7627937217507914,0.44483468281485183,2.6470588235294117,0.7923776440509146,407.9470588235294,1016.2117647058824
863,488.0,92.66904755831214,0.8542110303964359,0.9259962049335864,35.54040598831025,18.47839719018389,0.993919910926966,1021.2377049180328,1235.545081967213,0.7141020621195141,1.9233489583820642,0.48007354794253887,24.926710529686012,0.6362230082220458,0.5213056176202312,0.5454085061084919,0.8381703654177373,1.020439101946804,1.0498016181035341,1.3275206002602322,0.882934296198824,0.7916666666666666,0.8259870100147122,1235.545081967213,1021.2377049180328
864,1122.0,131.63961030678928,0.6577820594441334,0.9412751677852349,44.03280642732679,33.165875831200275,0.9403328646627263,1028.5401069518716,1475.2450980392157,0.8136348551654417,1.327653961301502,0.2467916873311643,37.796491493164446,0.7596524706690091,0.5250332347891126,0.5895191848074118,0.8077543752552533,1.451201166805563,1.8694658822233514,2.142528224709678,0.5491291908273727,0.49910873440285203,0.8941978570301421,1475.2450980392157,1028.5401069518716
865,625.0,116.91168824543142,0.8875871479883973,0.8355614973262032,43.59480894344963,20.08150546309025,-0.0657281288606675,1030.3504,1926.0416,0.574611108390189,2.1708934633201062,0.5393601681076386,28.209479177387816,0.9917824922760041,0.525957325165901,0.9978406840935514,-0.06568081278207065,0.9802732425795211,1.5185127869981354,1.87500189447077,0.685904312713719,0.3562666666666667,0.8155083356017577,1926.0416,1030.3504
866,879.0,125.63961030678928,0.8236803503322936,0.895112016293279,46.48305177320708,26.358418538190552,-0.2607229196704523,1033.0216154721275,968.1160409556314,0.6997543029439834,1.7634992670693832,0.43294561065408377,33.454111254406506,0.4985149541481109,0.5273208858969513,0.9662038770389482,-0.257779106979028,0.955252228026702,1.224741708816731,1.2654381329644138,0.8707180809886964,0.5437997724687145,0.7906583778061225,968.1160409556314,1033.0216154721275
867,488.0,83.84062043356595,0.7551738205113065,0.9644268774703557,30.938335561505934,20.280840034399727,-0.3018010578515307,1027.077868852459,310.50204918032784,0.8724101687251921,1.5254957639342994,0.3444754002980841,24.926710529686012,0.15988776991777953,0.5242868141155993,0.9548026909605494,-0.2972403427102277,1.021077571571975,1.438180460171214,1.4693824963373856,0.7636229322985977,0.8299180327868853,0.8797394796108837,310.50204918032784,1027.077868852459
868,501.0,88.5685424949238,0.8069316567939352,0.9597701149425287,33.33620732170144,19.6898581129272,-0.9192252652447027,1027.6167664670659,1871.0798403193612,0.8025804824235749,1.6930648829721555,0.40935518180229935,25.25654394235911,0.9634808652519883,0.5245619022292322,0.606436354997373,-0.7951320313869265,0.8741660574709962,1.0397563551667353,1.0454529302675661,1.0137274432565964,0.8483033932135728,0.8757573497606389,1871.0798403193612,1027.6167664670659
869,528.0,85.84062043356595,0.5280246300597182,0.9565217391304348,28.234763767264095,23.977781788696202,-1.0119931346654933,1026.9469696969697,1122.9924242424242,0.9004468656447149,1.1775386070355662,0.15077094370817856,25.928179257714298,0.5782659239147395,0.5242199947406686,0.5301718161557013,-0.8478902319016096,0.902900758127858,1.1085006199597878,1.3578499329145985,0.8904055302148407,0.7859848484848485,0.8258632415880861,1122.9924242424242,1026.9469696969697
870,394.0,76.76955262170047,0.8171644134552398,0.9563106796116505,29.801240527125355,17.17757363733723,-0.466239198149276,1029.1903553299492,990.4416243654822,0.840094354767243,1.7348923169422068,0.42359534927071074,22.397686948112614,0.5100111351006602,0.5253651635170746,0.8932651947617984,-0.4495300788903523,0.955252228026702,1.1525115669555543,1.3730512215276136,0.861867116112372,1.4314720812182742,0.8200468730701718,990.4416243654822,1029.1903553299492
871,848.0,134.22539674441617,0.9113086881433413,0.8861024033437827,53.10001484136946,21.862539079841085,-0.2735318515711203,1041.2912735849056,1168.1096698113208,0.5914749056031094,2.4288128038308088,0.5882762152674901,32.85889733292062,0.6014982851757574,0.5315422529785123,0.9628228314596471,-0.2701336617677035,1.1120999945967796,1.413673134316563,1.915515013568133,0.6754797040310502,0.5373427672955975,0.8895499482685456,1168.1096698113208,1041.2912735849056
872,780.0,116.66904755831214,0.8666413434969523,0.948905109489051,45.76689213307552,22.83455056565192,-1.2575571374112873,1028.7948717948718,201.64743589743588,0.7201005817550982,2.0042825892933833,0.5010683596505454,31.513915099419602,0.10383493094615648,0.5251632832030995,0.308141819448962,-0.9513404328139761,1.2490406327084391,1.5533710108169405,2.5549539180773237,0.5599767209282099,0.5927350427350427,0.7193930563816968,201.64743589743588,1028.7948717948718
873,414.0,88.52691193458118,0.925065432035263,0.917960088691796,38.10444671322981,14.472365148987842,-1.2840296745888597,1027.695652173913,238.46618357487924,0.6638341265712215,2.632910814573714,0.6201922243378735,22.959119571977435,0.12279412130529312,0.524602170583927,0.2828524000345831,-0.9591634479037846,1.5533710108169405,1.5998377972186266,1.627686295757417,0.6274975574385457,0.9524959742351046,0.7543260003050009,238.46618357487924,1027.695652173913
874,315.0,64.52691193458118,0.6840360232885457,0.9722222222222222,23.494428497150203,17.137969259456497,1.271703435296716,1027.647619047619,276.4031746031746,0.9506894066534196,1.370899208737132,0.27055177096411276,20.026743534373637,0.14232913213345758,0.5245776513770388,0.29465349134502383,0.9556041649334666,0.9401897605108137,1.438180460171214,1.5998377972186266,0.7541083790744391,1.0476190476190477,0.7094774359342996,276.4031746031746,1027.647619047619
875,358.0,76.52691193458118,0.8485294616837451,0.9470899470899471,29.783747909693634,15.760014768939936,-1.1462288170139658,1029.2458100558658,580.2625698324023,0.7681826838252198,1.8898299491693291,0.4708518613330538,21.349935761383176,0.2987963799342957,0.525393471187272,0.4119267278526674,-0.9112169724498081,0.8221890639783589,1.3328509359792673,1.6159089314030473,0.7955557220759042,0.7206703910614525,0.9123665515348236,580.2625698324023,1029.2458100558658
876,370.0,79.01219330881975,0.8976343581890072,0.9511568123393316,32.98246111356055,14.536720271374834,0.44455462237930166,1035.1216216216217,1091.8486486486486,0.7447720207359755,2.2689066376621674,0.5592590795051935,21.70480664627101,0.5622289642886965,0.5283928645337528,0.9028022921748561,0.4300558350305525,0.81871770643035,1.0055764411693895,1.1206658597690409,1.0186895552039756,1.4693693693693692,0.8595350544097048,1091.8486486486486,1035.1216216216217
877,351.0,69.94112549695429,0.7406202747362793,0.9590163934426229,25.847960941254872,17.367860438783893,-0.5442128196083726,1033.1709401709402,1753.7350427350427,0.9016785679793782,1.4882639708190077,0.3280761883594554,21.14017691983778,0.9030561497090849,0.5273971108580603,0.8555351143528267,-0.5177447905187418,1.2310367922416559,1.2322356570077018,1.2846283659043791,0.8004480769262144,1.2146248812915479,0.8687465529126301,1753.7350427350427,1033.1709401709402
878,513.0,89.84062043356595,0.7941802007925132,0.9395604395604396,33.191060481149435,20.169620817468765,-0.7136500717581081,1034.64522417154,1784.1617933723196,0.798696431751015,1.645596651594109,0.3923176745460146,25.557227675339483,0.918723889481112,0.5281496805367738,0.7559775894039622,-0.6545974979473831,0.8682524947021458,1.2846283659043791,1.381286684797791,0.8488561907318387,0.6263807667316439,0.8928012705590284,1784.1617933723196,1034.64522417154
879,429.0,85.84062043356596,0.8894415790958918,0.9225806451612903,34.87338772176477,15.938842749151224,-0.8732961328655687,1034.6293706293707,1364.972027972028,0.7316130783363306,2.187949794762976,0.5429511214591962,23.371344948277684,0.7028692214068115,0.528141587865937,0.6423037192192188,-0.7664502151328284,1.0709219751578583,1.3517046512027566,1.5330397510048799,0.7584057182289532,0.9992229992229993,0.8287316831497585,1364.972027972028,1034.6293706293707
880,756.0,105.9827560572969,0.8065713448445685,0.9642857142857143,40.4692710909604,23.922873677681,0.5803239370415242,1041.8068783068784,1073.6216931216932,0.8457874592008314,1.6916559288074353,0.40886324283155573,31.025297674958463,0.5528433023283693,0.5318054508968241,0.8362850807783327,0.5482948692697913,0.81871770643035,1.3378895669581454,1.5359709183372494,0.8124404803999384,0.5718694885361552,0.8507895711873954,1073.6216931216932,1041.8068783068784
881,524.0,88.2842712474619,0.6949101615359247,0.9579524680073126,30.71580979867668,22.087633266149798,-0.6443332066112601,1040.4885496183206,1041.9236641221373,0.8448400199431969,1.390633818868675,0.28090343666923634,25.829779740470595,0.5365209393007916,0.5311324908720371,0.7995004644121324,-0.6006654704615412,0.9242552562305085,1.179809533165988,1.3378895669581454,0.8715978451199702,1.3517811704834606,0.8410869707506233,1041.9236641221373,1040.4885496183206
882,620.0,93.84062043356596,0.689352223035761,0.9657320872274143,33.216406268347924,24.0628394033613,0.9589850411189825,1041.8258064516128,824.1612903225806,0.884748454251515,1.3804026080026108,0.27557366655010795,28.096414677602564,0.42438789408989736,0.5318151130431918,0.5743511362838546,0.8186090472560421,2.40411916501474,2.9677256988792857,3.3892200379661257,0.34242412693039626,0.8263440860215054,0.854931977542103,824.1612903225806,1041.8258064516128
883,591.0,91.49747468305833,0.7238625727462189,0.9609756097560975,33.312678196524885,22.983888544781003,-0.7621250467913825,1041.3553299492385,1432.8071065989848,0.8871133795331795,1.4493926095934389,0.3100558169118135,27.431452220735256,0.7377997459315061,0.5315749514799584,0.7233703849210498,-0.6904601988667937,0.8890343915143067,1.2603241197855841,1.6689835406828142,0.785681313815829,0.9199097574732091,0.913595204181488,1432.8071065989848,1041.3553299492385
884,607.0,104.32590180780451,0.8567631168978406,0.8797101449275362,40.51025923692465,20.891551974070413,1.271846303230037,1040.3113673805601,134.19275123558484,0.700832543158206,1.9390737120537538,0.4842898473720949,27.80029502818709,0.06910028384942576,0.531042045625605,0.2945169631462489,0.9556462517161416,0.9427351005347195,2.2693680741910565,2.336943206816534,0.540633433877728,1.0615046677649644,0.7908352897322674,134.19275123558484,1040.3113673805601
885,557.0,93.25483399593905,0.8314744483714699,0.9620034542314335,35.88444844532628,19.936071661638536,-0.3817420210195878,1047.5906642728905,323.3662477558348,0.8048637217380026,1.7999758956713618,0.4444370047372127,26.63070457981699,0.16651197103801998,0.534757868439454,0.9280170755692196,-0.3725376591056981,1.021077571571975,1.157663204095529,1.7588492071416684,0.7618873506630892,0.7492519449431477,0.8979261067669949,323.3662477558348,1047.5906642728905
886,577.0,90.42640687119285,0.7098568304202533,0.9616666666666667,32.33965714602965,22.77830798205776,1.1269028548332645,1046.1230502599653,1234.8890814558058,0.8867376090925361,1.419756777874075,0.2956540052604033,27.104597715372734,0.6358852118721966,0.5340087035528154,0.42945885296852043,0.903086426432688,0.9560253251406067,1.0498016181035341,1.3197131201267809,0.9021091139581885,0.46562680531484696,0.857106306224103,1234.8890814558058,1046.1230502599653
887,154.0,54.284271247461895,0.9009689113497424,0.88,21.923271476103622,9.512149023838761,-0.054968174490121154,1044.090909090909,1274.0714285714287,0.6567235057571345,2.3047653502022385,0.5661163511017501,14.002817212590296,0.6560614977195822,0.5329713675808622,0.9984896302526143,-0.05494049761330517,0.7003626081164607,1.1789476638209486,1.4836313959823924,0.8920761334096214,1.9025974025974026,0.8502885876337767,1274.0714285714287,1044.090909090909
888,203.0,55.21320343559643,0.7990494983643422,0.9441860465116279,21.23580382249632,12.768350864371715,1.338031150268436,1040.896551724138,543.7586206896551,0.8367968008969326,1.663159483011376,0.3987347514085876,16.07692842495848,0.2799992897475052,0.5313407614722501,0.2306690079837541,0.9730322752898749,1.3089215166229657,1.6159089314030473,2.21948109660134,0.5831684131053763,1.5188834154351394,0.8813506840702082,543.7586206896551,1040.896551724138
889,357.0,70.76955262170047,0.7178068857677721,0.9545454545454546,25.69342592770141,17.888848753011523,1.1652482467565808,1045.9355742296918,1113.1008403361345,0.8957466235420595,1.4362816904791602,0.3037577470848435,21.320096563347295,0.5731724203584627,0.5339130036905012,0.3945224428426285,0.91888630531393,0.902900758127858,1.0055764411693895,1.1870008407749506,0.9691556396665727,1.3893557422969187,0.8569516830776509,1113.1008403361345,1045.9355742296918
890,274.0,62.18376618407356,0.6577226982091081,0.9547038327526133,21.62456653327991,16.28892421163215,1.5096309482298333,1044.0328467153286,1883.7372262773722,0.890443531533984,1.3275625972792915,0.24673985087452643,18.677998695187732,0.9699985717185233,0.5329417287980238,0.061127247010239666,0.9981299813516019,0.6520924656165247,0.7687068879491453,0.8741660574709962,1.3072092440142096,1.1922141119221412,0.8777200154438859,1883.7372262773722,1044.0328467153286
891,245.0,60.87005768508881,0.7153198993980431,0.9245283018867925,21.62358014242646,15.110495939247523,-1.1197915398255618,1045.4367346938775,1334.795918367347,0.8309378113476715,1.4310304724189797,0.30120286096380333,17.66192765414112,0.6873305449883352,0.53365836380494,0.43587007190411053,-0.90000960018119,1.3517046512027566,1.8152920207826875,1.8442232477856657,0.5986566241413381,2.5360544217687075,0.8201466777852979,1334.795918367347,1045.4367346938775
892,961.0,115.1543289325507,0.334260019069076,0.9756345177664975,36.22911025485577,34.1452443005638,-1.352373222983291,1056.5785639958376,943.1696149843913,0.9106945007685515,1.0610294638968965,0.057519103826533136,34.97975417996089,0.485669214719048,0.5393458723817446,0.2166904634255158,-0.9762403613149967,1.2094397540210526,1.4469309591264838,1.7425513845379395,0.6819852530642612,0.5768296912937912,0.8413218200804812,943.1696149843913,1056.5785639958376
893,69.0,30.14213562373095,0.5293725765255152,0.8961038961038961,10.255487379223657,8.700647395971073,-0.07415743606187569,1044.0434782608695,1257.463768115942,0.9543571148118976,1.1787039414989475,0.1516105403632495,9.373021315815206,0.6475096643233481,0.5329471558248441,0.9972515972148546,-0.07408948543768912,0.7003626081164607,0.9560253251406067,1.333915246364526,1.0032427549301652,5.888888888888888,0.7525210589897281,1257.463768115942,1044.0434782608695
894,481.0,82.42640687119285,0.5871419877555154,0.9487179487179487,27.881835371698397,22.569898589990373,-1.3065203245993635,1052.5987525987525,1450.6403326403326,0.8896561870729867,1.2353549246368276,0.19051603708627918,24.747287144606645,0.7469826635635081,0.5373143198564332,0.26121047471596404,-0.965281869662256,0.8890343915143067,0.9825945683239687,1.451201166805563,0.9028448297566426,1.6084546084546083,0.8688574130609604,1450.6403326403326,1052.5987525987525
895,289.0,64.01219330881976,0.5825824213075178,0.9413680781758957,21.5447807329254,17.51098655231241,0.3966603398449997,1054.0726643598616,1898.9515570934257,0.8863031454780588,1.230357905224952,0.18722837009189985,19.182445840623714,0.9778329336217434,0.5380666995200927,0.9223563800629788,0.38634014567103653,0.6796932655704409,0.7687068879491453,1.1919154329554038,1.1362278113144855,0.9400230680507498,0.8711866070845694,1898.9515570934257,1054.0726643598616
896,590.0,89.49747468305833,0.6184327153746264,0.9656301145662848,30.9559321465722,24.326340209604307,-0.8304012257773549,1057.4966101694915,1138.764406779661,0.9256361628522625,1.2725273049642896,0.21416224540025675,27.408234736913393,0.5863874391244392,0.5398145023836097,0.6745796286697368,-0.7382020892572712,1.0347008211802693,1.1225184172478522,1.1870008407749506,0.8970701475827813,0.6237288135593221,0.8954190680140878,1138.764406779661,1057.4966101694915
897,190.0,50.2842712474619,0.649056689406749,0.95,17.9056518200914,13.621546346300645,0.3679064963694273,1052.4052631578948,1870.7368421052631,0.9442764184300241,1.3145094811467009,0.23925995640011755,15.553633450087505,0.9633042441324733,0.5372155503613552,0.9330823451911706,0.3596628102717116,0.6520924656165247,0.9076321326901383,1.0010911864249883,1.1715016823493891,1.712280701754386,0.8451916203795223,1870.7368421052631,1052.4052631578948
898,88.0,43.21320343559643,0.9399412762883966,0.8543689320388349,18.822438513910775,6.4247795184833105,1.2351742372766532,1049.159090909091,270.54545454545456,0.5921880125064851,2.929662949485022,0.6586638063003867,10.585134856802455,0.13931279842711358,0.5355584945937167,0.3293566139744818,0.9442056030501323,0.9401897605108137,1.2761870716330537,1.627686295757417,0.7804242282664824,4.0606060606060606,0.8327296145552902,270.54545454545456,1049.159090909091
899,396.0,74.76955262170047,0.6547598766705309,0.9588377723970944,26.165374791355532,19.776757232249825,-1.0874683136250516,1056.111111111111,985.7323232323232,0.8901341965536652,1.3230366578342698,0.2441630441011824,22.45446191105733,0.5075861602638122,0.5391072542680506,0.46472854362207505,-0.8854532064106522,0.8878490486559509,1.1525115669555543,1.224741708816731,0.9188073456550373,1.3257575757575757,0.7991082878156485,985.7323232323232,1056.111111111111
900,499.0,82.76955262170047,0.7094757259452057,0.9727095516569201,30.130959558293778,21.23418731134851,-1.4315383755969722,1054.436873747495,1395.4549098196392,0.9153120799369593,1.4189834118205424,0.2952701267190929,25.206081266687335,0.7185658649946649,0.5382526154913195,0.13880828769912532,-0.9903192713797085,1.5330397510048799,1.5967556301863628,1.639437928735524,0.629031922962491,1.094188376753507,0.8476208638165894,1395.4549098196392,1054.436873747495
901,930.0,125.81118318204308,0.7539102410241745,0.9375,43.95068550222003,28.874608573542258,0.5505988839741235,1062.9537634408603,53.865591397849464,0.7383364672842663,1.522122296144023,0.34302256623315364,34.41093978088511,0.027737173737306622,0.5426001855236653,0.8522113401892554,0.5231976984399235,1.0560478070432924,1.6527387989160955,2.1188199523726046,0.6214259517114715,0.6494623655913978,0.8056563110906364,53.865591397849464,1062.9537634408603
902,617.0,100.66904755831213,0.6896457386215464,0.9073529411764706,34.162418640936004,24.738610084216102,0.08573869033416975,1062.6612641815234,134.67585089141005,0.7650734103922819,1.3809352475599486,0.2758530845186581,28.02835705319874,0.0693490478328579,0.5424508750288531,0.996326689563633,0.08563368299432209,0.9427351005347195,1.6654009725737742,1.7394672050184279,0.6900353615733978,1.0388978930307942,0.7694216673209087,134.67585089141005,1062.6612641815234
903,343.0,69.84062043356595,0.6800593497048231,0.9554317548746518,24.629155088218592,18.05703903976172,0.6748675745841326,1059.9096209912536,298.8338192419825,0.883665310441229,1.3639642155053788,0.26684293573678697,20.897874625046462,0.1538794125859848,0.5410462588010483,0.780789696573817,0.6247939258060747,1.157663204095529,1.2761870716330537,1.4693824963373856,0.7685936697062804,1.1010689990281828,0.7564873009898933,298.8338192419825,1059.9096209912536
904,295.0,72.94112549695429,0.6867721191961222,0.8805970149253731,24.193054363444457,17.585272981234347,-1.1054404441097652,1056.9627118644069,210.80338983050848,0.6967660146400638,1.3757565429471255,0.2731272076251118,19.38054864282415,0.10854963431025154,0.539541966240126,0.44874086866078544,-0.8936619230970757,1.2490406327084391,1.6982833748942927,1.9514617039210325,0.6123966584092227,2.1152542372881356,0.7271712454200417,210.80338983050848,1056.9627118644069
905,569.0,91.66904755831214,0.43920707854484065,0.9343185550082101,28.8588972414037,25.926425035506004,-0.7695300130137689,1062.3514938488577,1752.2161687170474,0.8508964119095708,1.1131074647538834,0.10161414628451204,26.916041702938184,0.9022740312652149,0.5422927482638376,0.7182377648128694,-0.6957977530839069,1.2322356570077018,1.3315207995884317,1.4904722631754925,0.7399681190579177,1.0234329232571764,0.6824406005130438,1752.2161687170474,1062.3514938488577
906,344.0,69.698484809835,0.46233510224404006,0.9502762430939227,22.72075466449572,20.14661312214872,-1.300162308178194,1061.6308139534883,1036.1482558139535,0.8898598921152936,1.127770435990407,0.1132947201956036,20.928315827817965,0.5335469906354035,0.541924866745017,0.26734243172812805,-0.9636015899725836,0.8963165982221861,0.9242552562305085,1.7877903885023203,0.8314021148672684,1.7354651162790697,0.8540275614472831,1036.1482558139535,1061.6308139534883
907,351.0,75.25483399593905,0.769716058291448,0.9236842105263158,26.95173436146949,17.205620544078297,0.37532891605176716,1067.062678062678,1889.4102564102564,0.7788398712896997,1.5664494222933179,0.3616136047750734,21.14017691983778,0.97291980247696,0.544697640664971,0.9303870986665078,0.3665785681609302,0.6796932655704409,0.7588753808801443,1.0002205177932577,1.230118635913393,0.8679962013295347,0.8810127117756421,1889.4102564102564,1067.062678062678
908,826.0,120.22539674441619,0.8273158302539251,0.9037199124726477,44.956701647715946,25.253845108118256,1.1957682106462095,1068.0569007263923,889.4636803874092,0.7181207462142033,1.7801923412155518,0.4382629467346323,32.429860683500394,0.4580142535465547,0.5452051560624769,0.36629869123192377,0.9304973233716365,1.1152402545931275,2.180038558039019,2.3159763729181835,0.5346397375983483,0.7041969330104922,0.9116352193553371,889.4636803874092,1068.0569007263923
909,641.0,103.59797974644665,0.8877120431839621,0.9440353460972017,42.47208848051078,19.554111178030727,-0.14933856460343914,1076.3276131045243,75.03744149765991,0.7505252724337395,2.172028587432226,0.5396009031436364,28.568278705151968,0.03863925926759007,0.5494270613090987,0.9888697053071736,-0.14878409164189446,1.0560478070432924,1.0934067561683476,1.3439871591787398,0.8587519811114114,0.9173166926677067,0.8320769359602398,75.03744149765991,1076.3276131045243
910,152.0,47.55634918610404,0.8650911582074557,0.95,19.71385880052618,9.888760989507126,-0.19954765581004696,1067.2368421052631,1172.828947368421,0.8445715299425084,1.9935620672240308,0.49838531920279416,13.911592676604096,0.6039283972031004,0.5447865452298434,0.9801563444873937,-0.19822598306253753,1.1120999945967796,1.2056605546739279,1.4941026654907243,0.7870166978664151,4.524122807017544,0.8051844068220794,1172.828947368421,1067.2368421052631
911,117.0,37.798989873223334,0.3127501821691055,0.9512195121951219,12.536237050882553,11.907361974325534,-0.08897462917548064,1064.8803418803418,915.7179487179487,1.0290473003474205,1.0528139715507927,0.050164580807184556,12.205286835384658,0.4715334442419921,0.5435836354672495,0.9960443682729435,-0.08885728125343985,1.1152402545931275,1.2094397540210526,1.706775789631566,0.7441480572118451,6.9914529914529915,0.8079930346442649,915.7179487179487,1064.8803418803418
912,405.0,84.42640687119284,0.9053183491480374,0.9353348729792148,35.284472061412835,14.986503157481906,-1.1573020421104812,1069.7111111111112,1285.2592592592594,0.7140165436751994,2.3544166167807674,0.5752663343978108,22.708192698181442,0.6618224815959111,0.5460495717769838,0.40181156919526884,-0.9157223721526278,1.1789476638209486,1.595496161066719,2.258647662754943,0.5960551298075318,0.38847736625514406,0.8379801207699765,1285.2592592592594,1069.7111111111112
913,636.0,102.32590180780451,0.7971988338240357,0.925764192139738,37.32235446199777,22.53213378742536,-0.6929970768900526,1075.7327044025158,1538.2295597484276,0.7633009766156958,1.656405683283599,0.39628316294011023,28.456639830653998,0.7920852521876558,0.5491233815224685,0.7693348031302022,-0.6388458035336955,1.3767323207567985,2.381489642030474,2.421354373711644,0.4854701741090024,0.6011530398322851,0.9111951791005529,1538.2295597484276,1075.7327044025158
914,608.0,91.84062043356596,0.46814240521730427,0.9574803149606299,29.689025773749975,26.234797767665732,-0.1501037356390116,1075.375,1455.5542763157894,0.9058240044842601,1.1316658903443717,0.11634696377064535,27.823185353208192,0.7495130156106021,0.548940786115365,0.9887555705557816,-0.1495407024689631,0.9825945683239687,1.252876796611725,1.6610339796016815,0.7699206685821149,1.112390350877193,0.9054795924745237,1455.5542763157894,1075.375
915,351.0,71.35533905932738,0.5760570037629285,0.9538043478260869,23.93355907161361,19.563519106243987,0.698810679077531,1073.8347578347577,1872.7378917378917,0.8662914583148836,1.2233769876287166,0.18259047692378982,21.14017691983778,0.9643346507404179,0.548154547133618,0.7656078277493669,0.6433075890185781,0.7588753808801443,0.9076321326901383,1.1857978416453052,1.0517807970715145,0.8442545109211775,0.8847891201855411,1872.7378917378917,1073.8347578347577
916,182.0,54.04163056034261,0.8607279326961087,0.9238578680203046,21.465489657784428,10.92733479827417,1.1992501661947232,1069.7912087912089,1213.0934065934066,0.7831128739369976,1.964384733702368,0.4909347528295779,15.222667215103916,0.624661898348819,0.5460904588010255,0.3630565269577284,0.9317671158789583,0.8674186548324083,1.356849917920249,1.7014013405718493,0.7642007775074011,1.7912087912087913,0.8780562935919806,1213.0934065934066,1069.7912087912089
917,558.0,89.49747468305831,0.4156060048182745,0.9620689655172414,28.232255771721924,25.67849996360669,-1.542902518556438,1077.7060931899641,1364.3118279569892,0.8754321675789196,1.0994511288328597,0.09045525192050485,26.654599339742866,0.7025292625937123,0.5501307264879858,0.027890191182006422,-0.9996109929546749,1.490874190035506,1.639437928735524,1.8167968829198315,0.6064147765845945,0.7497013142174432,0.7886463257019276,1364.3118279569892,1077.7060931899641
918,638.0,99.49747468305833,0.8393003529982567,0.9565217391304348,38.93369366169995,21.167004197561486,-0.46993723955599465,1082.1191222570533,100.3103448275862,0.8098534308707148,1.839357771100421,0.4563319786330985,28.501347854812654,0.0516531126815583,0.5523834212644478,0.8915967097837774,-0.45283032926554595,1.0934067561683476,1.4521864527613302,1.6654009725737742,0.7124208371451393,0.7596656217345873,0.8212131975172533,100.3103448275862,1082.1191222570533
919,511.0,85.84062043356595,0.7690217198272231,0.9605263157894737,31.957883300271757,20.428202805619065,-1.074250244068116,1076.4990215264188,1051.3365949119375,0.8714552051978206,1.5644001385908157,0.3607773514384993,25.507359866510456,0.5413679685437371,0.5495145592273705,0.4763915874002993,-0.8792332201721128,0.8963165982221861,1.0426179998579663,1.2891484976332082,0.929344106409083,0.8290932811480757,0.9229888441269178,1051.3365949119375,1076.4990215264188
920,403.0,72.5269119345812,0.4509728525264161,0.9757869249394673,24.025005545097873,21.443222389063955,0.012750996472797997,1078.151364764268,1076.0049627791564,0.9627566728830139,1.120400894473334,0.10746233340873101,22.65205369339104,0.5540705266627993,0.5503580218296417,0.9999187071459206,0.012750650949293521,1.0426179998579663,1.4430597564732122,1.5359709183372494,0.7459627239187769,1.5467328370554179,0.8577664025140311,1076.0049627791564,1078.151364764268
921,678.0,103.35533905932738,0.7405897243238212,0.946927374301676,37.0008720599474,24.86301289307045,-0.08613595240090789,1081.3244837758111,171.46017699115043,0.7975790279338052,1.4881893927770868,0.32804251605777435,29.381225490616288,0.0882905133837026,0.5519777865113891,0.996292591931921,-0.08602947902652196,1.5102456567513147,1.7394672050184279,1.9514617039210325,0.5767927921107117,0.655850540806293,0.7826865974761362,171.46017699115043,1081.3244837758111
922,302.0,66.52691193458118,0.8233077088999843,0.9587301587301588,26.06464072171621,14.794167383481305,1.1532956153579372,1076.112582781457,992.3046357615895,0.8574762057357189,1.7618186982809965,0.43240470714966395,19.60913925979463,0.5109704612572551,0.5493172959578647,0.40547710916419794,0.9141051985104587,0.80383965473049,0.8878490486559509,1.3675635244959399,0.9806317938278024,1.1754966887417218,0.8969818064502281,992.3046357615895,1076.112582781457
923,625.0,93.49747468305833,0.5402261225963236,0.9645061728395061,30.92449342025727,26.02357650709189,-0.3923671086150174,1082.2672,1148.5088,0.898442152010866,1.188326032427933,0.15848010334601015,28.209479177387816,0.5914051493305871,0.5524590096988259,0.9240065221994863,-0.38237670814631236,1.1116467189814936,1.1225184172478522,1.2056605546739279,0.8721372155378668,0.4608,0.8874253737613697,1148.5088,1082.2672
924,551.0,104.46803743153546,0.8548439133590013,0.8569206842923794,39.28908945092057,20.386528287441312,1.4420648995492136,1079.3466424682395,1721.2268602540835,0.634445893739089,1.927208443583981,0.4811147681875422,26.486883341553696,0.8863166118713097,0.5509681686923121,0.1283761702458885,0.991725546163352,1.1430545404573982,1.436094681388133,1.4904722631754925,0.7371692947469541,1.0562613430127041,0.7544155768242456,1721.2268602540835,1079.3466424682395
925,122.0,41.45584412271571,0.6375759396838064,0.9172932330827067,14.42042971998542,11.109318997261969,0.3909051375769636,1076.1803278688524,1122.860655737705,0.8920684284893379,1.2980480372864902,0.22961248638343612,12.463355264843006,0.5781980719555638,0.5493518774215683,0.9245645582064853,0.38102542921496296,0.6756673166478853,1.0347008211802693,1.1116467189814936,1.0630702360623174,4.967213114754099,0.8933782860021897,1122.860655737705,1076.1803278688524
926,249.0,58.87005768508881,0.751718366117546,0.9613899613899614,22.158374752653803,14.613099525298752,1.2706077961230977,1077.305220883534,1232.2409638554218,0.9028597417408973,1.5163364017532615,0.34051573328731566,17.805522925178455,0.6345216085764273,0.549926095397414,0.2957003116384038,0.9552807575246928,0.8674186548324083,1.3197131201267809,1.7603672318246444,0.7599748587256024,1.108433734939759,0.8747358659471437,1232.2409638554218,1077.305220883534
927,478.0,78.76955262170047,0.3934784531276003,0.9735234215885947,25.768509495779078,23.68986275156724,1.071721276090344,1081.94769874477,1662.9874476987447,0.9681017449266566,1.0877441446584286,0.0806661613296773,24.669991941291908,0.85632721302716,0.5522959156430679,0.47861361426588905,0.8780256307416902,1.0243270163302431,1.4781688180063504,1.5290204059978858,0.7441369006493452,0.48535564853556484,0.9410572605006027,1662.9874476987447,1081.94769874477
928,603.0,94.08326112068524,0.798416453877771,0.963258785942492,35.79645500586415,21.55324639449666,0.8464449820558182,1085.0547263681592,1109.5207296849087,0.8560565431434409,1.6608382027778568,0.3978943895152237,27.70854462932514,0.571328903030334,0.5538819430159057,0.6626497851012185,0.7489294107626625,0.6756673166478853,1.4430597564732122,1.6483584211421165,0.7963716259077777,0.6357103372028745,0.9177557511277392,1109.5207296849087,1085.0547263681592
929,775.0,102.32590180780451,0.6623896501551743,0.9797724399494311,36.38109252545692,27.255240962647502,1.0943563643259862,1084.196129032258,1427.1845161290323,0.9301230454043463,1.3348292379919198,0.25084050338575714,31.412746571571088,0.7349044882229827,0.55344365953663,0.45861852073573006,0.8886332496807503,1.252876796611725,1.4156149800018711,1.6595031357091243,0.6931616281383242,0.6090322580645161,0.8381646701299132,1427.1845161290323,1084.196129032258
930,332.0,68.04163056034261,0.6457384891343122,0.9595375722543352,23.82493045851155,18.19173160714171,0.7787278035015007,1079.7168674698796,1687.1746987951808,0.9011529787425019,1.3096570998858823,0.23644135546080292,20.56004690782767,0.86878202821585,0.5511571554210718,0.711807672084514,0.7023744286074379,1.0243270163302431,1.436094681388133,1.8102548776667313,0.7024648078693423,1.1556224899598395,0.8568122437344127,1687.1746987951808,1079.7168674698796
931,991.0,126.5685424949238,0.8555368779135237,0.9593417231364957,49.83948941113115,25.80399076421643,1.2128814031646333,1088.0010090817357,1819.0776992936428,0.7773774893106712,1.9314643950441124,0.4822581236465603,35.52154823248202,0.9367032437145432,0.5553859158150769,0.35032205257401167,0.9366293073998546,2.039195168499547,2.3349761931004624,2.3404267640701955,0.446787721893715,0.4635048772283888,0.8588582412626918,1819.0776992936428,1088.0010090817357
932,845.0,144.12489168102786,0.949191242126279,0.8366336633663366,62.83921244790847,19.775489761105725,-1.1314346186521136,1093.003550295858,1744.6402366863906,0.5111973398206643,3.1776311589258404,0.6853001654420969,32.80072278626208,0.8983729334121476,0.5579395356283093,0.4253618827183973,-0.905023352588352,1.1430545404573982,1.3315207995884317,2.4873044736514687,0.6046095658581818,0.5727810650887574,0.7954984281303873,1744.6402366863906,1093.003550295858
933,421.0,75.11269837220809,0.4660694471189718,0.9633867276887872,24.73924016074107,21.887996706446245,-1.2533605831249315,1089.0736342042755,319.042755344418,0.937702841134564,1.1302651627983433,0.11525186043585478,23.152404806704283,0.16428566186633267,0.555933452886307,0.31213144615255123,-0.950038925688162,1.496288614438176,1.7588492071416684,2.6391086759194584,0.508970909389823,1.0989707046714172,0.8536464003014745,319.042755344418,1089.0736342042755
934,327.0,75.59797974644665,0.8675997674147045,0.9159663865546218,29.99634696789471,14.916078079291227,0.24651682462911895,1094.7125382262998,1395.3058103975536,0.7190138188324927,2.0110076394370857,0.5027368467481722,20.404639941160397,0.7184890887731996,0.5588119133365491,0.969768293681443,0.24402757338092454,1.4156149800018711,1.490874190035506,1.6984720841287515,0.6514712794349545,1.8674821610601426,0.9069557643067417,1395.3058103975536,1094.7125382262998
935,260.0,58.2842712474619,0.3152226175119676,0.959409594095941,18.71616459519082,17.7619725270823,-0.5832143291839073,1090.75,700.7384615384616,0.9617904725113369,1.0537210642935986,0.050982243891662615,18.19456736586892,0.36083339935039216,0.5567891781521185,0.8346968024894357,-0.5507097674037678,0.7170260831309635,1.2688334339639173,1.4793445089664923,0.8657498887330642,0.8179487179487179,0.7804231420344429,700.7384615384616,1090.75
936,773.0,104.08326112068524,0.675225104629017,0.9747793190416141,36.78385418284215,27.13220216640602,0.08433137115822632,1100.0815006468306,1486.2302716688228,0.8966595449462381,1.355726820743891,0.26238827417215427,31.372187811504013,0.7653090997264793,0.5615525781760238,0.9964462168121508,0.08423144900066794,1.3384797671207782,1.5720485955143881,1.6610339796016815,0.6562307971353425,0.47347994825355755,0.8869760825791245,1486.2302716688228,1100.0815006468306
937,348.0,68.52691193458118,0.6072698106584421,0.96398891966759,23.704887057256027,18.83343023543413,0.8211112654835345,1092.9137931034484,1893.3936781609195,0.9312510708368997,1.2586600932981662,0.20550432533407714,21.049640414216977,0.9749709980231306,0.5578937177659257,0.68140828908965,0.7319035070006947,1.00425107238169,1.1030309277547516,1.1857978416453052,0.9110012948780574,1.0363984674329503,0.8631359160115358,1893.3936781609195,1092.9137931034484
938,533.0,88.42640687119285,0.8196940847524823,0.970856102003643,34.46406423893588,19.74106916685166,-0.4458803187730661,1100.8968105065667,44.052532833020635,0.8565902299674547,1.745805353684006,0.42719845721071037,26.05065598682386,0.02268410547529384,0.5619687649344394,0.9022313755479595,-0.43125229851774344,1.4507244923642564,1.4763054281803427,1.6527387989160955,0.6550549129811242,0.7504690431519699,0.8374034213594991,44.052532833020635,1100.8968105065667
939,153.0,48.526911934581186,0.6284993701704443,0.9329268292682927,15.90637220258003,12.372136851615945,-0.7980377645342902,1091.3660130718954,659.6732026143791,0.8164620143087538,1.2856608679124393,0.2221899064068693,13.957279475043833,0.3396875399662096,0.5571036309708501,0.6981129887187743,-0.7159876081205181,0.37049804004857734,1.3216372960947664,1.694861941998174,0.8857403043577681,1.644880174291939,0.7252283751257739,659.6732026143791,1091.3660130718954
940,342.0,70.07716446627535,0.6324987581893279,0.9473684210526315,23.89819099304352,18.510615633115137,0.5234578375547749,1094.7865497076023,996.1286549707602,0.8751508698331947,1.2910532781141064,0.22543862677709137,20.867389014906145,0.51293957516517,0.5588496935720277,0.8660958642048057,0.4998779391084696,0.80383965473049,1.1160910358473013,1.1548958666512525,0.9756647876436726,0.7134502923976608,0.7977988438557286,996.1286549707602,1094.7865497076023
941,294.0,66.8700576850888,0.8353818775790559,0.9453376205787781,26.202189893808335,14.402557950421738,-1.5580662900406124,1092.591836734694,1605.391156462585,0.8262163761947392,1.8192733529699896,0.4503299911651617,19.347672370394786,0.8266689786110119,0.5577293704618141,0.012729692931855906,-0.9999189741763382,0.995730918042129,1.2583228400958346,2.1504133641002916,0.6811266645295027,0.9750566893424036,0.936871348501239,1605.391156462585,1092.591836734694
942,242.0,56.45584412271572,0.390675538183417,0.9565217391304348,18.307358651860696,16.852444449638654,0.35872969983317676,1094.396694214876,1628.9338842975208,0.9541297102218137,1.086332532148073,0.07947155184367183,17.55346033766304,0.8387919074652527,0.5586506861740052,0.9363435624641719,0.35108507947775747,0.995730918042129,1.5290204059978858,1.7897787548973831,0.6953248546453183,1.5702479338842976,0.9231001835438161,1628.9338842975208,1094.396694214876
943,153.0,48.62741699796952,0.8659266616973892,0.95625,20.001157200075365,10.003998544403228,0.666880677848615,1093.7320261437908,1925.2222222222222,0.8130905103045492,1.9993162845135641,0.49982901267505,13.957279475043833,0.9913605675706603,0.5583113967043343,0.785754904728395,0.6185379775690988,0.7545456762660758,1.3426813493029468,1.4256596904643348,0.8515743598414346,1.9629629629629628,0.9423496073417228,1925.2222222222222,1093.7320261437908
944,74.0,33.55634918610404,0.8709546223079943,0.9024390243902439,14.04130301582827,6.8993831764302165,-0.9872271038569642,1091.5675675675675,10.31081081081081,0.8258328870684924,2.0351533835367186,0.5086365440121345,9.706684619910241,0.005309377348512261,0.5572065173902846,0.5510059613984271,-0.8345013064719522,1.4763054281803427,2.119491324799305,2.1976529597687287,0.5178261914310841,7.463963963963964,0.8373637637838328,10.31081081081081,1091.5675675675675
945,327.0,66.62741699796952,0.6791761219220189,0.961764705882353,23.886389248148603,17.532020599533876,-1.4761853746603577,1097.4250764525993,967.8623853211009,0.925660352963824,1.3624435992725032,0.26602466294093585,20.404639941160397,0.49838433847636504,0.5601965678675852,0.0944698678587079,-0.9955277213954207,0.6136336549542374,1.1971955908684782,1.3675635244959399,0.9438732770900525,1.036697247706422,0.84029412239522,967.8623853211009,1097.4250764525993
946,59.0,30.556349186104043,0.8506906003427508,0.9076923076923077,12.12687367965737,6.374693933797107,-0.7525507626212159,1097.1864406779662,666.2542372881356,0.7940702894973325,1.9023460272129424,0.4743332781234004,8.667244841319219,0.3430763322801934,0.5600747527707841,0.7299477917637619,-0.6835029051139487,0.37049804004857734,1.1130658725444975,1.3479406701454462,1.0595073793235807,4.796610169491525,0.7326922833962476,666.2542372881356,1097.1864406779662
947,524.0,84.76955262170047,0.5356458520714644,0.9650092081031307,28.3099442468238,23.906126554119137,0.3975649186919272,1107.0248091603053,1052.973282442748,0.9163499673824458,1.184212933146456,0.1555572718303302,25.829779740470595,0.5422107530601175,0.5650968908424223,0.9220065276221734,0.38717433156409337,1.210846080447079,1.2891484976332082,1.5112796666742339,0.7478920205775139,0.6393129770992366,0.8150175485849486,1052.973282442748,1107.0248091603053
948,380.0,71.11269837220809,0.3480429336165653,0.9743589743589743,22.94360528513132,21.50913885032177,-0.7634993027953189,1106.6526315789474,1912.8447368421052,0.9442764184300243,1.0666910211883305,0.06252140485258262,21.996159369293583,0.9849869911648328,0.564906907390989,0.7224208330747914,-0.6914536426540281,0.7545456762660758,0.7547122350829616,1.00425107238169,1.193550538079712,0.5912280701754385,0.8986209712998977,1912.8447368421052,1106.6526315789474
949,196.0,50.970562748477136,0.7751682693831226,0.98,19.917414087388547,12.58292237605101,-0.11744241176240441,1108.0867346938776,77.6938775510204,0.9480409097257385,1.5828925500881437,0.3682451787745701,15.797308339337176,0.040007146009794235,0.5656389661530768,0.9931115629465869,-0.11717262283395177,1.3439871591787398,1.4507244923642564,1.4521864527613302,0.7063979229827606,3.0816326530612246,0.8056563110906364,77.6938775510204,1108.0867346938776
950,124.0,40.384776310850235,0.7378061286081389,0.9393939393939394,15.301893009130698,10.328971791342905,-0.8324225697780213,1106.3064516129032,1526.782258064516,0.9554240865835699,1.4814536546566797,0.3249873211648018,12.565098628628435,0.7861906581176705,0.5647301947998484,0.6730860912125541,-0.7395641377299235,1.2092958271692311,1.3767323207567985,1.7301443577950482,0.6950602636997261,4.451612903225806,0.8759704626785273,1526.782258064516,1106.3064516129032
951,183.0,56.2842712474619,0.9062498564595293,0.9242424242424242,23.71418661764478,10.024993873177657,-1.1240638018246472,1107.24043715847,696.5956284153006,0.7259168194031191,2.365506345205178,0.5772575279592993,15.26443044094783,0.3587001176185894,0.5652069612855897,0.4320210289945643,-0.9018635320859125,0.6200822253466429,0.7170260831309635,1.3479406701454462,1.1172980544803546,1.302367941712204,0.8590476930705155,696.5956284153006,1107.24043715847
952,312.0,70.42640687119285,0.8442883074024374,0.968944099378882,27.566898553018202,14.772803708644872,0.8660929062263684,1109.6923076923076,1024.3846153846155,0.7904845666200274,1.8660573237622033,0.46411078198612044,19.931149940667517,0.5274895032876495,0.5664585542074057,0.6478079227175747,0.7618037117685506,0.4447294392687216,0.8458223336337481,0.8974019833884663,1.3711441530124757,0.6538461538461539,0.773011066589488,1024.3846153846155,1109.6923076923076
953,250.0,59.698484809834994,0.7235135819964363,0.9541984732824428,21.789360053976438,15.041416304263901,-0.929983574913693,1111.268,1582.12,0.8815019057718508,1.4486242261508078,0.30968985472710453,17.841241161527712,0.8146858908341915,0.5672628892291985,0.5978471488833692,-0.8016101213008894,1.2583228400958346,1.606291158020374,1.6195488472674888,0.6690211982574193,1.7493333333333332,0.7599351952632838,1582.12,1111.268
954,373.0,77.11269837220809,0.8456043629419471,0.9187192118226601,30.47432320349208,16.267502615967825,1.4622877157761036,1111.975871313673,967.9597855227883,0.7882552916167463,1.8733252376169376,0.4661898639276847,21.792621462004423,0.49843449306013815,0.5676242324214767,0.10829580412772395,0.994118714645454,0.6136336549542374,1.39161238323466,1.615508759367232,0.8285565214261085,0.8230563002680965,0.8998895590563011,967.9597855227883,1111.975871313673
955,815.0,104.5685424949238,0.5226495992060344,0.9748803827751196,34.9091269746308,29.76169213745624,0.32198963569255223,1121.5349693251533,748.8,0.9366241754351079,1.1729550461513012,0.14745240810276672,32.21319960760119,0.3855818743563337,0.5725038128254993,0.948607666793827,0.31645456940921496,1.5938755709518029,1.9590147387529175,1.961703563831674,0.5440110493714676,0.42617586912065436,0.9025888618748535,748.8,1121.5349693251533
956,178.0,59.254833995939045,0.9509954553772483,0.9175257731958762,27.602805424089894,8.534921515534222,0.7760431202783025,1114.5898876404494,1015.0449438202247,0.6370628714595823,3.23410184544177,0.690795142580489,15.054455784347004,0.5226801976417224,0.5689585950180956,0.7136907574803503,0.7004609215988596,0.4447294392687216,0.4526748570741568,0.7699315936279916,1.799277528928147,1.397003745318352,0.8241516316429699,1015.0449438202247,1114.5898876404494
957,422.0,77.35533905932738,0.7250768739313516,0.9590909090909091,28.09394999602233,19.347402574480665,-1.5221792779329448,1114.6279620853081,158.29146919431278,0.886220367396063,1.4520786388700266,0.3113320634079595,23.179885415554555,0.08150951039871925,0.5689780306714182,0.0485978991077976,-0.9988184240402799,1.5102456567513147,2.00697950091199,2.126793717024952,0.5315361388060034,1.6777251184834123,0.8520278682984087,158.29146919431278,1114.6279620853081
958,656.0,102.42640687119284,0.8718974578844234,0.9718518518518519,41.409197017761095,20.27760740058189,-1.2946467142010791,1116.1722560975609,1858.3795731707316,0.785759838668748,2.0421145453567076,0.5103115041838535,28.900607975374268,0.9569410778428072,0.5697663379773154,0.27265317340077144,-0.9621123879435753,0.8838250876850865,1.228308927211453,1.677269855493029,0.791681251882921,0.4872967479674797,0.762095593834724,1858.3795731707316,1116.1722560975609
959,513.0,99.1543289325507,0.8131303470551813,0.860738255033557,35.99118089228427,20.94980569431689,-0.05335175874596611,1122.7056530214425,659.514619883041,0.6556980164768701,1.7179720622443622,0.4179183573604812,25.557227675339483,0.3396058804753043,0.5731014053197766,0.9985771324727778,-0.053326452183174645,1.1130658725444975,1.3216372960947664,1.6942906329156626,0.7265692670379496,0.2566601689408707,0.7788163744030685,659.514619883041,1122.7056530214425
960,403.0,87.25483399593904,0.7544787688594095,0.8466386554621849,29.7645946283079,19.535231282173836,0.8304784654394943,1118.590570719603,1188.2382133995038,0.6651749979659369,1.5236366643618138,0.34367554720215576,22.65205369339104,0.6118631376928444,0.5710008017966325,0.6745226081775693,0.7382541913577798,1.0031881579656596,1.0372771667343028,1.7217783744017576,0.7973965112138497,1.3416046319272126,0.8897901594058233,1188.2382133995038,1118.590570719603
961,396.0,77.84062043356595,0.8585395535196211,0.9635036496350365,31.473706002955854,16.13805904416775,-0.7448294870971678,1120.79797979798,702.2878787878788,0.8212823172028771,1.9502782780021097,0.48725265964382636,22.45446191105733,0.36163124551384074,0.5721276058182644,0.7352034946360085,-0.6778464586283538,0.6200822253466429,1.2688334339639173,1.8055793069289259,0.8120189707698015,0.8047138047138047,0.7811351027971086,702.2878787878788,1120.79797979798
962,252.0,59.35533905932738,0.7107725495402759,0.9545454545454546,21.542302443304134,15.153327520543668,0.7659202956530726,1119.531746031746,1005.515873015873,0.8988574543718848,1.4216219120255142,0.2965780904606282,17.91246396432554,0.5177733640658461,0.5714812384031374,0.7207447132519612,0.6932005902474032,0.4526748570741568,0.8974019833884663,0.9366754851149466,1.3119042086214054,0.8888888888888888,0.7368867706722023,1005.515873015873,1119.531746031746
963,122.0,39.79898987322333,0.3848227317766698,0.9384615384615385,13.087287260673115,12.079441826676955,-0.8563287096156392,1116.8934426229507,1665.7131147540983,0.9678890925374924,1.0834347686306476,0.0770094989069815,12.463355264843006,0.8577307491009776,0.5701344781127875,0.655215325135149,-0.7554421736361037,1.4331827065551366,1.4781688180063504,1.6942897894818991,0.6513750844757468,3.8114754098360657,0.9379378548441059,1665.7131147540983,1116.8934426229507
964,566.0,87.94112549695427,0.5437905046911864,0.9675213675213675,29.4762738927456,24.737108055471474,0.4734192355886852,1127.7632508833922,1210.1872791519434,0.9196916767303559,1.1915812400805637,0.1607789999006788,26.844991754889815,0.6231654372564075,0.5756831295984646,0.890014554574046,0.4559321140766051,1.0031881579656596,1.5321650264962967,1.5972895796476017,0.7259277346819976,0.85924617196702,0.8049512664843504,1210.1872791519434,1127.7632508833922
965,243.0,62.2842712474619,0.8697480618398201,0.9455252918287937,25.217976283128642,12.44497060036851,0.7976770880496339,1123.732510288066,1457.4156378600824,0.787153376779465,2.0263588475156307,0.5065039929990554,17.58969042850512,0.7504714922039559,0.5736255795242807,0.6983711831988342,0.7157357686167852,0.7236968425332714,1.4686955346362447,1.5720485955143881,0.7969310773549235,2.1371742112482854,0.7477174890255779,1457.4156378600824,1123.732510288066
966,247.0,56.62741699796952,0.5636764904921723,0.96484375,19.58279136398968,16.17530048444699,-0.15556346797867018,1125.3927125506073,1505.3805668016194,0.9679508664736483,1.2106601285595338,0.17400434985017732,17.733870630789692,0.7751702197742633,0.5744730538798404,0.9879243856914176,-0.15493678761428864,1.0129299368235705,1.2092958271692311,1.3384797671207782,0.8425296542457348,2.1443994601889336,0.9171799867542337,1505.3805668016194,1125.3927125506073
967,173.0,47.798989873223334,0.5302115129704069,0.9719101123595506,16.36016859188993,13.871221031914011,-0.36736288099673636,1124.4682080924856,1911.1445086705203,0.9515213327582444,1.1794324778077943,0.15213459115633698,14.841510746523857,0.9841114874719465,0.5740011271528768,0.9332777255430311,-0.35915551924650496,0.7547122350829616,1.3456423637617552,1.4256596904643348,0.8508190137221118,1.8670520231213872,0.8864255081546046,1911.1445086705203,1124.4682080924856
968,741.0,101.15432893255071,0.6988685411579434,0.9724409448818898,36.343113379284894,25.994416917573535,0.6362744454134666,1133.9082321187584,111.68960863697706,0.9100371579007045,1.3981122752061086,0.28474986041261896,30.71596494738128,0.05751267180070909,0.5788199245118726,0.8043150705124544,0.5942030522864599,1.8002866518559513,2.126793717024952,2.1793188684281746,0.4912878905248287,0.5668016194331984,0.8849474735163319,111.68960863697706,1133.9082321187584
969,84.0,42.87005768508881,0.9557596743118617,0.8842105263157894,19.553792428124908,5.751722198939095,0.7088533516658239,1127.3214285714287,1422.7738095238096,0.5743558043081399,3.399641316427209,0.7058513216768021,10.341765891652821,0.7326332695797166,0.575457594982863,0.7591088013864704,0.6509637683140255,1.287057190694975,1.4686955346362447,1.7979989781518153,0.6587974477627723,5.0436507936507935,0.7594347711447712,1422.7738095238096,1127.3214285714287
970,679.0,112.91168824543142,0.9128650534763875,0.9126344086021505,47.142134790521325,19.24631530024065,-0.3645622284162855,1139.1693667157585,1556.1899852724596,0.6692707368188138,2.4494109160693154,0.5917385713276941,29.40288507740653,0.8013336690383417,0.5815055470728732,0.9342799339080442,-0.35654032744807507,0.794514870842463,1.2757718466664048,1.606291158020374,0.8159761880654169,0.5076092292587138,0.8518074916414724,1556.1899852724596,1139.1693667157585
971,182.0,54.04163056034262,0.8940254559207194,0.9479166666666666,22.821852911014872,10.224559021028318,-1.312636127049298,1129.7307692307693,1025.2472527472528,0.7831128739369974,2.2320623181966437,0.5519838349280799,15.222667215103916,0.5279337037833434,0.5766874779125928,0.255302153276205,-0.9668613191831252,0.7699315936279916,0.8458223336337481,0.9366754851149466,1.175350818891622,1.358974358974359,0.7754682974838314,1025.2472527472528,1129.7307692307693
972,701.0,106.81118318204308,0.8393297524890201,0.944743935309973,41.01951188759242,22.299135036971094,0.7067108174949618,1139.5420827389444,1450.740370898716,0.7721371178223557,1.8395113451523422,0.4563773674811539,29.87542335866304,0.7470341765698847,0.5816958053797572,0.7605017701111698,0.6493358589033702,0.7236968425332714,1.287057190694975,1.4729132453012705,0.861161460076728,0.3832620066571565,0.7559260251178475,1450.740370898716,1139.5420827389444
973,199.0,59.526911934581186,0.766352830580284,0.8728070175438597,20.394100209839955,13.101575994307693,-0.972067821354123,1132.9798994974874,1870.8994974874372,0.7057261884750384,1.5566142743972695,0.3575800913253182,15.91774699517169,0.9633880007659306,0.5783460436434341,0.563592607505671,-0.8260528873897595,0.6533993478563369,0.8110277146238641,0.8838250876850865,1.2775459397700701,2.371859296482412,0.7887734772326271,1870.8994974874372,1132.9798994974874
974,368.0,68.87005768508881,0.4400911067575098,0.9761273209549072,22.862643635629457,20.529582337274984,-0.7130696966188302,1136.796195652174,1630.8125,0.9749824295100525,1.1136438754586058,0.1020468732985278,21.646065519224038,0.8397592687950567,0.5802941274385779,0.7563573741767101,-0.654158637127503,0.8135356855144268,1.060073000771895,1.1120481486935607,1.004804023306387,0.7001811594202899,0.8002411118812548,1630.8125,1136.796195652174
975,444.0,82.42640687119285,0.7861945232813129,0.9466950959488273,31.022726763066686,19.17139685308041,-0.8681788824143579,1139.8918918918919,1175.9391891891892,0.8212210957596799,1.6181776946567166,0.3820208971474285,23.77642441290137,0.6055299635371726,0.5818743705420582,0.6462174100656342,-0.7631533652733663,0.9988235932026759,1.0372771667343028,1.5321650264962967,0.8407445463861325,1.186936936936937,0.8377747934745757,1175.9391891891892,1139.8918918918919
976,371.0,71.01219330881975,0.5550041115593309,0.961139896373057,23.996049074312946,19.96105592608308,-0.04104207295871545,1143.245283018868,1822.7978436657681,0.924523426804444,1.2021432715369205,0.1681523960771194,21.73411767467788,0.9386188690348961,0.5835861577431689,0.999157892341059,-0.04103055169715344,1.2216349696673279,1.2626271484869234,1.6261522079501287,0.729853431306822,1.522012578616352,0.7233492114485603,1822.7978436657681,1143.245283018868
977,436.0,77.94112549695429,0.555220282094624,0.960352422907489,26.179450947733475,21.773536675873586,0.5950748447133496,1144.4954128440368,1886.302752293578,0.9019095957292405,1.2023517969288797,0.1682966644585545,23.56124872549269,0.9713196458772285,0.5842243046677064,0.8281065454030362,0.5605707354657833,0.8110277146238641,1.0542564375458825,1.2752220475169276,0.9552600151845928,0.6123853211009175,0.7818833106178608,1886.302752293578,1144.4954128440368
978,194.0,51.55634918610404,0.7632843267781904,0.9603960396039604,19.653424248131515,12.697344701523443,0.08433825315654231,1141.6134020618556,5.680412371134021,0.9171645940997776,1.5478373400206638,0.3539372812994356,15.716503163191918,0.002925032116958816,0.5827531404093188,0.9964456371078638,0.08423830653985927,2.119491324799305,2.359407527101189,2.7217521517456196,0.4166289962506061,1.147766323024055,0.7726735011495786,5.680412371134021,1141.6134020618556
979,549.0,89.01219330881975,0.7741296162236986,0.9716814159292035,33.35357929414782,21.11372031154826,-0.2640042897944592,1148.4462659380692,1653.0874316939892,0.8707293900956081,1.5797111452643855,0.36697287792279465,26.438769072322643,0.8512293675046289,0.5862410750066714,0.9653528081544179,-0.26094818602239733,0.841047879439379,1.060073000771895,1.3174092913593962,0.9321024940201119,0.3594414086217365,0.8349921250194029,1653.0874316939892,1148.4462659380692
980,499.0,83.59797974644667,0.5327269055616746,0.9670542635658915,27.710092317165266,23.45069675328138,0.5982489693725109,1148.1442885771544,775.6412825651303,0.8972611111665322,1.1816319407775329,0.15371278865229054,25.206081266687335,0.3994033380870908,0.586086926277261,0.8263230553850784,0.5631964205666338,0.9341404475208125,1.5938755709518029,1.6418846881869222,0.7194415913090811,0.9659318637274549,0.9224740835905986,775.6412825651303,1148.1442885771544
981,692.0,98.32590180780451,0.6144244623795235,0.9651324965132496,33.56531563621449,26.48221680102276,0.40623944024663905,1149.0303468208092,1509.6473988439307,0.899456328732893,1.2674662354897035,0.21102434763192257,29.683021493047715,0.77736735264878,0.5865392275757065,0.9186133286132455,0.39515762993278186,0.8969567405566168,1.0129299368235705,1.2601990124070983,0.946346658598147,0.35260115606936415,0.8773178230522346,1509.6473988439307,1149.0303468208092
982,666.0,94.08326112068522,0.5220465612559779,0.9736842105263158,31.547116230507374,26.907071345457275,-0.11474366895693043,1149.0375375375374,1766.8843843843845,0.9454952864569351,1.1724470428415272,0.14708301231549592,29.120053859730724,0.9098271804245028,0.5865428981814893,0.9934241648164167,-0.11449204670545901,1.6488264185824852,1.8276171798803937,2.3705384124066837,0.5130852112120388,0.7462462462462462,0.8508618110152174,1766.8843843843845,1149.0375375375374
983,419.0,76.76955262170047,0.7595155289712598,0.9632183908045977,28.67183752016591,18.650719812117675,-0.13568198674935206,1150.9474940334128,916.5727923627685,0.8933998341306468,1.5373046085619362,0.34951082925885135,23.09734550211416,0.4719736314947315,0.5875178632125639,0.9908093119659332,-0.1352660612333857,1.6654011394929404,1.738876281796947,2.246463550615751,0.530903825695675,0.9936356404136834,0.90537460878334,916.5727923627685,1150.9474940334128
984,324.0,77.4558441227157,0.9167764410227244,0.9230769230769231,32.55632494277203,13.003020521344125,1.459696517098665,1145.1512345679012,1861.3117283950617,0.6786509972998932,2.503750946892044,0.6005992523971604,20.310825007719227,0.9584509415010616,0.5845590783909653,0.11087139677807091,0.9938347616060125,0.6533993478563369,1.0542564375458825,1.0637124385362902,1.0824977980502974,1.2993827160493827,0.7942029232351144,1861.3117283950617,1145.1512345679012
985,705.0,102.18376618407356,0.7541339425726936,0.9527027027027027,37.204878864772915,24.43321179284912,0.11547224352360957,1157.804255319149,178.31063829787234,0.8484674190607162,1.5227174871729996,0.3432793617832882,29.96053869739811,0.09181804237789513,0.5910179965896626,0.9933404851653372,0.11521579983445124,2.00697950091199,2.2022713769827607,2.6328835943480886,0.43845966666840525,0.7115839243498818,0.8438716485930228,178.31063829787234,1157.804255319149
986,445.0,79.2842712474619,0.741753180509463,0.959051724137931,29.39244488014791,19.71271800784841,-0.05502214437899963,1153.8269662921348,1568.0269662921348,0.8896020963762677,1.4910396865843472,0.32932704005298075,23.803184606416586,0.807428921880605,0.5889877316447855,0.9984866636658898,-0.05499438590765612,0.7209374754075843,0.794514870842463,1.2916412196940026,1.0687210559691744,0.9363295880149813,0.7277282943480753,1568.0269662921348,1153.8269662921348
987,339.0,73.698484809835,0.7793833796942079,0.9658119658119658,27.555866146470926,17.26505415597787,-0.5912614845385595,1149.5929203539822,1584.589970501475,0.7843184727762985,1.5960486365998425,0.3734526774006338,20.775663783985824,0.8159577602994207,0.5868264014058102,0.8302381773022178,-0.5574087987732982,0.7209374754075843,1.2757718466664048,1.6047894946693158,0.8329865294007741,1.1396263520157326,0.7560940198829841,1584.589970501475,1149.5929203539822
988,742.0,114.08326112068524,0.8974309429794478,0.9636363636363636,46.5313730665536,20.527546226984335,0.1000052877030291,1167.0566037735848,1806.299191374663,0.7164236515447238,2.2667771662541005,0.5588450356359809,30.736683981742253,0.9301231675461704,0.5957409922274552,0.9950036373746561,0.09983867793197118,1.2216349696673279,1.2619876304151143,1.2763625331484407,0.7978754951677582,0.5157232704402516,0.8667139210520434,1806.299191374663,1167.0566037735848
989,612.0,91.01219330881976,0.6847368506226036,0.972972972972973,32.70975284481193,23.8385538207874,-0.26901278702315334,1159.4035947712418,1189.3660130718954,0.9284577057274344,1.372136627528503,0.27120960118876547,27.914558950087667,0.6124438790277525,0.5918344026397355,0.9640337474183097,-0.2657798597309636,0.9988235932026759,1.1475062450018554,1.5972895796476017,0.8013635108563525,0.6612200435729848,0.9030417069485662,1189.3660130718954,1159.4035947712418
990,484.0,85.01219330881976,0.7817940145430121,0.9584158415841584,31.890794490312583,19.88508338003991,0.3351142423028782,1161.4380165289256,812.2355371900826,0.8415749180815361,1.603754627567902,0.37646321774515934,24.824341676101277,0.4182469295520508,0.5928729027712739,0.9443727441227501,0.3288770593368696,1.6418846881869222,1.8067536932466428,2.108104884574692,0.5398845792195616,0.7796143250688705,0.9371656725301251,812.2355371900826,1161.4380165289256
991,35.0,24.899494936611667,0.9322547899853316,0.7954545454545454,12.003760858063032,4.342989983539883,0.4550320885812437,1154.142857142857,1622.3714285714286,0.7094092264538706,2.763939337543443,0.6381975586740669,6.6755811781245455,0.8354126820656173,0.5891489827171297,0.8982469259939441,0.4394911375015769,0.7563591664647784,0.8135356855144268,0.9898265992075326,1.1720025234031384,11.104761904761906,0.8514580373712152,1622.3714285714286,1154.142857142857
992,625.0,93.59797974644665,0.7403750888359676,0.9689922480620154,34.45714674700713,23.161886126462505,-1.336376150226608,1163.6304,677.7504,0.8965137021680287,1.4876658385622474,0.32780603407116715,28.209479177387816,0.34899608650875386,0.5939920367534456,0.23227905980088537,-0.9726491856666599,0.8964883284982389,1.5305940216746285,1.7423436090497202,0.7195235097925485,0.7573333333333333,0.7875687307565166,677.7504,1163.6304
993,189.0,53.79898987322332,0.8575696333927348,0.9264705882352942,21.75545854311371,11.190309256463706,-0.11268432887842174,1162.026455026455,1638.4814814814815,0.8205847190942854,1.9441338076110275,0.4856321123139098,15.512648837479231,0.8437082808864478,0.5931732797480629,0.9936578362138506,-0.11244600718037225,0.7563591664647784,0.841047879439379,0.9231990647811604,1.1901899258604678,1.3421516754850087,0.8593225937382,1638.4814814814815,1162.026455026455
994,457.0,84.42640687119285,0.6576713815516557,0.9232323232323232,28.200706200876986,21.24373169054495,-0.146066321291192,1166.2560175054705,1920.6477024070023,0.8056927418754717,1.3274836366639111,0.24669504588915891,24.121991458915023,0.9890049960901145,0.5953323213402095,0.9893512679929901,-0.14554747857885625,0.8233284439025087,1.5069144651916813,1.7145976420540867,0.7416856022046011,0.6900072939460248,0.943840143949369,1920.6477024070023,1166.2560175054705
995,628.0,100.91168824543142,0.8453741482509275,0.9387144992526159,39.03443070195577,20.851203093871273,-1.3406111388479072,1163.9171974522294,1844.4570063694268,0.7749729855010641,1.8720469282383536,0.4658253567708226,28.277100878514442,0.9497718879348233,0.594138436678014,0.22815783090570524,-0.973624159620335,0.9352283654371673,1.0637124385362902,1.2218448586129567,0.9314497499317869,0.5997876857749469,0.7898277646151383,1844.4570063694268,1163.9171974522294
996,609.0,100.42640687119285,0.8580878305031532,0.9530516431924883,39.22997678496166,20.14470863499351,0.05379638650386229,1176.5714285714287,1615.4515599343185,0.7588069635093077,1.9474084979722666,0.48649705439755087,27.846056861676377,0.8318494129424915,0.6005979727266099,0.9985533233464144,0.05377044200888768,0.9898265992075326,1.0340897999030796,1.148669860200083,0.9456007669439401,0.21948549534756429,0.8426077034044255,1615.4515599343185,1176.5714285714287
997,147.0,43.21320343559643,0.5411738846151334,0.9545454545454546,14.957128994658683,12.577610001749884,0.8553302370347546,1165.938775510204,762.4489795918367,0.9892231572551514,1.1891868958075298,0.15908928737316808,13.680870333281758,0.3926101851657244,0.5951703805565105,0.6559692866990263,0.7547875826400238,0.9341404475208125,1.9590147387529175,2.108104884574692,0.5998488295952733,4.0770975056689345,0.8918200682277254,762.4489795918367,1165.938775510204
998,479.0,81.49747468305833,0.35471350544497365,0.9599198396793587,25.675386065910484,24.00584516385848,1.1156790689144425,1173.7724425887266,1457.6826722338205,0.9062688942659376,1.069547266120234,0.06502495805773578,24.695783889727878,0.7506089970308035,0.5991691896828619,0.43956763896869677,0.898209491583943,1.4729132453012705,1.8978670140451084,2.1102583154224086,0.5473415227927952,0.9373695198329853,0.7839150331037908,1457.6826722338205,1173.7724425887266
999,278.0,60.2842712474619,0.4138119045275998,0.9553264604810997,19.727724180191213,17.95937842155429,0.19651056716867166,1170.5755395683452,1901.6079136690648,0.9612727460786504,1.0984636392824492,0.0896375954207903,18.81384047546846,0.9792007794382415,0.5975372841083947,0.9807538530112551,0.19524825172988725,0.8233284439025087,1.0685114330580647,1.2487686115446832,0.9552289026091955,1.3141486810551557,0.9002943822686692,1901.6079136690648,1170.5755395683452
1000,82.0,34.384776310850235,0.4990914048857162,0.9111111111111111,11.325244534536308,9.813883248065547,-0.5215432184172679,1168.060975609756,1519.1463414634147,0.8715479979735036,1.154002370750505,0.1334506537021667,10.217907939900583,0.7822586722262692,0.5962536884174354,0.8670513520366121,-0.49821878018746246,0.6670211169947471,0.8190954353023383,0.8969567405566168,1.2588786123348876,5.373983739837398,0.8370696783480519,1519.1463414634147,1168.060975609756
1001,407.0,74.2842712474619,0.7095452879841012,0.9760191846522782,27.207627207462345,19.17212212263924,1.2100226245395944,1172.6879606879606,1872.071253071253,0.9268523148903197,1.4191244471228588,0.2953401641220361,22.764193258431348,0.9639913764527565,0.5986156001469937,0.35299823324770985,0.935623988215349,1.0088807644318014,1.2218448586129567,1.2467461722960302,0.8626957101476659,1.1818181818181819,0.6851448568907768,1872.071253071253,1172.6879606879606
1002,403.0,79.94112549695427,0.7878536017629724,0.930715935334873,29.22145544800702,17.99640058165151,-0.0905488055243228,1178.0421836228288,1502.483870967742,0.7924546047095522,1.623738886863864,0.3841374323851856,22.65205369339104,0.7736786153283944,0.6013487410019545,0.9959032571858975,-0.09042511999726745,0.6702176457902486,0.8190954353023383,1.2601990124070983,1.091102674940951,0.8279569892473119,0.8634341427693689,1502.483870967742,1178.0421836228288
1003,553.0,89.35533905932738,0.7015882455129182,0.9567474048442907,31.833226342176715,22.68380256643013,-0.4165914610445511,1179.5424954792043,889.3345388788426,0.870350095174591,1.4033461210461626,0.287417419692212,26.534910368014152,0.45794775431454304,0.6021145969776438,0.9144735008183408,-0.4046457911569674,0.825462575371019,1.2267174258072735,1.6187942779909414,0.8172217432912443,0.4810126582278481,0.8607629314091844,889.3345388788426,1179.5424954792043
1004,346.0,73.11269837220809,0.8076281880277449,0.9402173913043478,27.480863516583344,16.205246651286977,-0.3990082464446719,1178.5953757225434,869.7832369942197,0.8133928254473776,1.6958003853894372,0.4103079533324012,20.98906578384008,0.4478801426334808,0.6016311259431053,0.9214467479987699,-0.38850468543183814,0.825462575371019,0.8737672812642383,1.826155593312694,0.8509707782575354,1.2321772639691715,0.8773198498536124,869.7832369942197,1178.5953757225434
1005,642.0,99.1543289325507,0.7816879803411629,0.9654135338345865,36.636981576552444,22.849375505313972,-0.3897141775546177,1185.5809968847352,110.93457943925233,0.820581143427194,1.6034128183517293,0.37633029463492973,28.590554169515052,0.057123882306515106,0.6051970377155361,0.9250176884583724,-0.3799240398278707,1.1539271032257061,1.9361560672823501,2.0257561113924676,0.5864140436572718,0.5773624091381101,0.8186034880970839,110.93457943925233,1185.5809968847352
1006,486.0,81.25483399593904,0.47314760768123915,0.9642857142857143,26.609543630066746,23.442560031846018,0.5028209963358637,1182.6440329218108,849.4629629629629,0.9250127491686913,1.1350954671298048,0.11901683254132478,24.875578761936154,0.43741656177289545,0.6036978218079687,0.8762266140888471,0.48189928487433425,0.8737672812642383,1.6864991372131957,1.8067536932466428,0.6869672965201014,0.948559670781893,0.8417726129011682,849.4629629629629,1182.6440329218108
1007,104.0,36.384776310850235,0.727318878593205,0.9629629629629629,13.945280985331642,9.570641858173666,0.11319787502049165,1176.4326923076924,1539.2211538461538,0.9871969042057738,1.4570894190781865,0.31370032140330806,11.507254783503184,0.7925958567693892,0.6005271527859584,0.9935999589747014,0.1129562814785955,0.9172373490581032,0.9745214091856359,1.1563509750380379,0.9842165350031611,1.733974358974359,0.8068139243414425,1539.2211538461538,1176.4326923076924
1008,232.0,63.21320343559643,0.9220747797113389,0.9469387755102041,27.698346334252857,10.719585700998488,-0.07678600537976663,1184.3491379310344,1565.4741379310344,0.7295956734491137,2.583900824793337,0.612988242271264,17.186959427966244,0.8061143861642813,0.6045682174226822,0.99705340289945,-0.07671057141377027,1.1563509750380379,1.2654005260221637,1.2916412196940026,0.8078865408533167,1.485632183908046,0.8495008038167833,1565.4741379310344,1184.3491379310344
1009,227.0,59.00609665440988,0.6139923878814213,0.9116465863453815,19.462855616993888,15.362264435914682,0.0948586393360546,1183.770925110132,1517.308370044053,0.8192981016017101,1.2669262202968357,0.21068805430066473,17.000746355818674,0.7813122399814897,0.6042730602910322,0.9955042918811725,0.09471644443371681,0.6670211169947471,0.6702176457902486,0.9745214091856359,1.2977124687820392,0.8649045521292218,0.8837331689629432,1517.308370044053,1183.770925110132
1010,399.0,81.01219330881976,0.8721740349954412,0.9614457831325302,32.64647856177988,15.97051759261685,-1.1296923457863168,1182.4887218045112,1832.3358395989974,0.7639799816552018,2.0441716038603723,0.5108042797818332,22.539356209735228,0.9435302984546845,0.603618540992604,0.4269380339548236,-0.9042808828913669,0.7372773293456729,0.9352283654371673,1.2763625331484407,1.0173394564003932,1.614870509607352,0.7746482649748789,1832.3358395989974,1182.4887218045112
1011,378.0,72.18376618407356,0.7446402059126325,0.9692307692307692,26.89850223117815,17.953837757241626,1.0836188494225047,1184.9603174603174,1782.3201058201057,0.9116383546964845,1.4982034813324923,0.3325339231553469,21.938198374294355,0.9177755436766765,0.6048802028893911,0.4681336123684851,0.8836576944557394,1.2619876304151143,1.6488264185824852,2.1117815436820644,0.5973007272121296,1.5934744268077603,0.8086329732189537,1782.3201058201057,1184.9603174603174
1012,351.0,72.87005768508881,0.5953436830763152,0.9385026737967914,24.19021908602981,19.436143300429542,-0.9554418917557207,1184.7293447293448,675.1509971509971,0.8306513090956325,1.2445997496579069,0.19652884369062262,21.14017691983778,0.3476575680489172,0.604762299504515,0.5772479791680105,-0.8165689012854016,0.6583710687999138,0.8964883284982389,1.0235147818643044,1.1635239075247414,1.6087369420702753,0.8095228617806486,675.1509971509971,1184.7293447293448
1013,204.0,51.45584412271571,0.6515595205574068,0.9577464788732394,18.524575959565745,14.052697306532323,0.648794597438402,1183.637254901961,1176.9901960784314,0.9682123483556626,1.318222086158128,0.24140248407274478,16.11647812414279,0.6060711617293674,0.6042048263920168,0.796812713263163,0.6042263648519455,1.1475062450018554,1.2189272408911929,1.4169858111607376,0.7929335250618804,2.3856209150326797,0.7840066972469663,1176.9901960784314,1183.637254901961
1014,177.0,47.21320343559643,0.6632827963164871,0.9672131147540983,17.34587184105327,12.981110120913936,-0.22790012403094162,1183.915254237288,1638.8474576271187,0.9978291646651207,1.3362394802511723,0.2516311523649709,15.012108426804138,0.8438967341025329,0.6043467351900399,0.9741429724966972,-0.22593244374214808,0.9231990647811604,1.0340897999030796,1.4127138243929542,0.8902070047966306,2.143126177024482,0.7845554478971097,1638.8474576271187,1183.915254237288
1015,484.0,81.59797974644665,0.7059986765880911,0.968,29.560120305557813,20.934865974891462,-0.15825332663433336,1191.185950413223,951.4814049586777,0.9134744676128084,1.412004277505821,0.2917868480069973,24.824341676101277,0.489949230153799,0.6080581676432991,0.9875040541526832,-0.15759360085997995,0.9179751117055283,1.077164942752991,1.6460572252323888,0.8239048229363345,0.7196969696969696,0.7676307233298134,951.4814049586777,1191.185950413223
1016,281.0,61.94112549695428,0.7513798211623675,0.9623287671232876,23.311798955849884,15.38275584875711,-0.6327544965053882,1189.373665480427,713.0533807829181,0.9203605587979599,1.51545010432792,0.3401300398184436,18.91508160359296,0.36717475838461283,0.6071330604800547,0.8064016478355049,-0.5913682290825086,1.090847790522849,1.1216752673358523,1.5115547934383833,0.8055685514079974,2.2206405693950177,0.7978048202693345,713.0533807829181,1189.373665480427
1017,667.0,101.25483399593904,0.8313224993328268,0.9652677279305355,39.15732061405682,21.76326053989028,-0.3577427842819748,1198.0104947526238,654.8365817091454,0.8175308800615189,1.799239619554462,0.444209659940889,29.14190756176324,0.3371970039696938,0.6115418554122632,0.9366895977322992,-0.35016081662588056,1.0134579922203766,1.0235147818643044,1.7423436090497202,0.7937943521711537,0.688655672163918,0.8138963381253532,654.8365817091454,1198.0104947526238
1018,589.0,100.32590180780451,0.8771692087928065,0.9424,40.28710651498874,19.345119302277514,-0.5211932718578532,1199.962648556876,1153.137521222411,0.7353583266380457,2.082546294260678,0.519818597667713,27.384997568906428,0.5937886309075237,0.6125383606722185,0.8672256488903374,-0.49791532804959243,1.2189272408911929,1.579965944302594,2.1139809086261288,0.6106405217617544,0.5636672325976231,0.8308755680009005,1153.137521222411,1199.962648556876
1019,212.0,53.4558441227157,0.688672971560577,0.954954954954955,19.363577110446705,14.03998935933021,1.0676309380306481,1191.1037735849056,925.938679245283,0.9322992635626207,1.3791732041149112,0.2749279082450321,16.42944866646031,0.47679643627460505,0.6080162192878539,0.48220102210170257,0.8760605996642432,0.9475913048373146,1.0554539012237807,1.077164942752991,0.9739595206369384,1.6823899371069184,0.8149217347048431,925.938679245283,1191.1037735849056
1020,402.0,84.08326112068524,0.848997595914568,0.881578947368421,32.41986099526027,17.13054785764396,-0.8275581609417257,1199.910447761194,678.7935323383084,0.7145240031123983,1.8925174643958595,0.4716032909533937,22.623931952327283,0.34953322983435037,0.6125117140179653,0.676675655926223,-0.7362812347716161,0.6583710687999138,1.0134579922203766,1.1780701402745157,1.0526688097028125,1.2263681592039801,0.851562444169922,678.7935323383084,1199.910447761194
1021,563.0,92.18376618407356,0.8077614996507063,0.9656946826758147,35.11140834553114,20.69850607080612,-1.180347619239538,1196.9325044404973,1842.1865008880995,0.8325481578788488,1.6963257263795222,0.41049057710496095,26.77375326109316,0.9486027296025229,0.6109915796020915,0.38060339051913644,-0.9247383733388259,0.7372773293456729,1.3955732550723108,1.502655175856649,0.8251946765649945,0.8987566607460036,0.7135878516758796,1842.1865008880995,1196.9325044404973
1022,491.0,101.25483399593904,0.9106965512425081,0.8927272727272727,40.54660315719821,16.74882912570512,1.2620344116718734,1195.9144602851325,1877.8044806517312,0.601810587871373,2.420861951177809,0.5869239881631931,25.003212122944625,0.9669436048670088,0.6104719041782197,0.3038793331487839,0.9527105283794498,0.9650883758955864,1.0088807644318014,1.3261740214225108,0.9090514723031748,0.6822810590631364,0.9271247860078393,1877.8044806517312,1195.9144602851325
1023,232.0,54.87005768508881,0.5808492076330601,0.9547325102880658,19.072145924461843,15.524939971932573,0.9882002796993671,1195.896551724138,1900.6896551724137,0.9683380900402162,1.2284843586475849,0.1859888219489575,17.186959427966244,0.9787279377818814,0.6104627624931791,0.55019358409378,0.8350371369119104,0.9650883758955864,1.0685114330580647,1.2106581549584803,0.9247106837282478,1.6307471264367814,0.816422429014335,1900.6896551724137,1195.896551724138
1024,1009.0,128.12489168102783,0.8508130843538205,0.9527856468366384,50.03901580500572,26.293924243464684,-0.7416676243121703,1209.0763131813676,730.9217046580773,0.7723853143429912,1.9030638158715636,0.4745315466249771,35.84269382507095,0.3763757490515331,0.6171905631349502,0.737343073506407,-0.6755184615923723,0.9887293197698549,1.1216752673358523,1.1787691678792283,0.9120831623605545,0.4245127188635613,0.8499258713232649,730.9217046580773,1209.0763131813676
1025,184.0,50.38477631085023,0.6341929986987619,0.968421052631579,17.882062654913952,13.825959858851983,-0.9657825647973859,1196.3315217391305,271.2771739130435,0.9108125737918976,1.29336862232137,0.2268252200171864,15.306079714651624,0.1396895849191779,0.610684799254278,0.5687733954768602,-0.8224942702522147,1.3257701371147874,2.1377576566553405,2.368214010233155,0.5144260670012186,2.7844202898550727,0.7979742429298321,271.2771739130435,1196.3315217391305
1026,777.0,117.98275605729688,0.8940178934258514,0.9087719298245615,48.143263003613015,21.5696865850785,0.371398158308575,1215.5907335907336,1032.790218790219,0.7014452987546336,2.231987136842202,0.5519687441322838,31.453253031430968,0.531817826359536,0.6205159436399865,0.9318208388717022,0.36291861931352754,1.0835934025206722,1.704446371591332,2.285026262993851,0.5913583576592819,0.4984984984984985,0.8046601003769075,1032.790218790219,1215.5907335907336
1027,257.0,70.04163056034263,0.909393579999555,0.9081272084805654,29.285191590455597,12.180785183271247,-0.013289553328771008,1211.6614785992217,119.21400778210116,0.6583100597219683,2.404212138202311,0.5840633261473653,18.089294154193436,0.06138723366740534,0.6185101983661162,0.9999116951858148,-0.013289162149289003,1.1163331537085068,1.1539271032257061,1.3023903245785047,0.8397126815379051,2.0570687418936444,0.8874527482297788,119.21400778210116,1211.6614785992217
1028,476.0,92.08326112068524,0.8567004228441188,0.8947368421052632,35.61503992180451,18.37074665937589,0.6130518279778734,1208.781512605042,189.64705882352942,0.7054324508910789,1.9386822202802323,0.48418570638386926,24.61832697999475,0.09765554007390805,0.6170400778994599,0.8178959106609027,0.5753662132278646,0.5936120294024074,1.6817527728498192,1.706695367618461,0.7533788722477847,0.8837535014005603,0.8701545767731064,189.64705882352942,1208.781512605042
1029,485.0,95.25483399593904,0.8855671821280818,0.9273422562141491,37.777756161281594,17.548195361986156,-1.1115586067661598,1206.0577319587628,1544.7587628865979,0.6717034108683083,2.1528000675851717,0.5354886805063532,24.849973424463737,0.7954473547304829,0.6156496845118749,0.44326493517698057,-0.8963906499080339,1.2654005260221637,1.2709524827399845,1.491100638516213,0.7448875301214987,0.3869415807560137,0.8453635597521991,1544.7587628865979,1206.0577319587628
1030,240.0,60.04163056034262,0.4136831622589806,0.9266409266409267,18.848193526469707,17.1597895839816,0.7077235960282062,1204.2708333333333,904.6541666666667,0.836596705217555,1.0983930446364103,0.08957908566234618,17.480774889473267,0.4658363371095091,0.6147375361579036,0.7598437467737909,0.6501057456204853,1.0554539012237807,1.0687096385608277,1.2267174258072735,0.8952869501498679,1.7388888888888887,0.8261827446266219,904.6541666666667,1204.2708333333333
1031,607.0,90.08326112068524,0.58222344449442,0.9743178170144462,30.881493023079507,25.10754380448361,-0.26582693808478564,1213.4728171334432,150.04448105436575,0.9399621274919263,1.2299687003857704,0.18697118090374376,27.80029502818709,0.07726286357073417,0.6194348224264641,0.9648755881794822,-0.26270725025263053,1.3023903245785047,1.3589087986364672,1.5657196626203365,0.7097200537771362,0.4728171334431631,0.8313208652240016,150.04448105436575,1213.4728171334432
1032,61.0,34.72792206135786,0.9060113869124454,0.782051282051282,14.578791502054466,6.170521799672366,-0.03104951667927346,1206.1475409836066,4.737704918032787,0.6355973864127886,2.362651324370745,0.5767466872132161,8.812923024107548,0.002439600884671878,0.6156955288328773,0.9995180024822372,-0.031044527922299933,2.7217521517456196,3.3171911020620772,3.3967522757095137,0.31794158582324444,4.049180327868853,0.9144192830632426,4.737704918032787,1206.1475409836066
1033,726.0,107.74011537017762,0.8430733632851786,0.9515072083879423,41.72352693429629,22.438853206930013,0.18822143707352015,1220.4476584022038,772.4559228650138,0.7859440169452123,1.8594322334356375,0.4622014279314073,30.403485153477522,0.39776309107364255,0.6229952314457395,0.9823385791893656,0.18711204086380584,1.1591190378565814,1.2335595626975178,1.468972138757055,0.7768698420756568,0.71900826446281,0.744903552086714,772.4559228650138,1220.4476584022038
1034,346.0,79.11269837220809,0.914758782536395,0.9251336898395722,33.65281281178074,13.595751776799482,1.2798833471476094,1209.199421965318,939.2601156069364,0.6946940312841656,2.4752447208699193,0.5959995423609863,20.98906578384008,0.4836560842466202,0.6172534058015916,0.28682696296364596,0.9579824076239872,0.7531708904124258,0.9179751117055283,0.9475913048373146,1.145590278197096,1.1396917148362236,0.840557535439361,939.2601156069364,1209.199421965318
1035,461.0,79.94112549695427,0.6690886138829494,0.9684873949579832,28.21889210287426,20.971790548153674,-0.7016686801926215,1213.3297180043385,703.295010845987,0.9065051433526143,1.3455642730209612,0.25681736647564657,24.22732816723524,0.36214985110503967,0.6193617753978247,0.7637661296401087,-0.6454930667439959,1.090847790522849,1.1780701402745157,1.1787691678792283,0.8701485703710062,1.2234273318872018,0.8024232920844497,703.295010845987,1213.3297180043385
1036,178.0,48.04163056034261,0.4101734005304406,0.9518716577540107,15.869459815786467,14.473067255512376,-1.3882276896194208,1209.2134831460673,1007.8988764044943,0.9691575602280529,1.0964821440833314,0.08799244438585119,15.054455784347004,0.5190004512896469,0.6172605835355116,0.1815561175220001,-0.983380585628137,1.0835934025206722,2.345222140635363,2.497685486940678,0.50620087379805,3.151685393258427,0.791851196576499,1007.8988764044943,1209.2134831460673
1037,340.0,74.2842712474619,0.8402039369324228,0.9366391184573003,28.47715722099938,15.442323576487201,-0.47362324635443975,1214.3029411764705,1624.7470588235294,0.7742746610877363,1.8440979480807722,0.4577294546416363,20.806283791440396,0.8366359726176773,0.6198585712998829,0.8899215209935889,-0.45611367713812023,0.9760630665791018,1.070904788204649,1.4127138243929542,0.8671317994532679,0.7245098039215686,0.8625686112484562,1624.7470588235294,1214.3029411764705
1038,487.0,95.15432893255071,0.9021309047739541,0.9206049149338374,39.44867372189548,17.020620722623732,0.8714144570319329,1219.6632443531828,924.7864476386037,0.6758988751426539,2.317698888000041,0.5685375675082163,24.901157769991823,0.47620311412904415,0.6225948159025946,0.6437447921123257,0.7652402515734902,0.7531708904124258,1.0687096385608277,1.2053579749304528,0.9910021942874401,0.5462012320328542,0.8211966666881138,924.7864476386037,1219.6632443531828
1039,259.0,68.76955262170047,0.8024308772015146,0.8633333333333333,25.13958250282856,15.001922104610513,1.1854598336342421,1215.6640926640928,1187.1544401544402,0.688204059375419,1.6757574347824709,0.4032549226733346,18.159544104586082,0.611305067020824,0.6205533908443557,0.3758709768136773,0.9266720071250302,1.4169858111607376,1.5319470313036812,1.579965944302594,0.662412683799801,1.7065637065637065,0.8465936570884427,1187.1544401544402,1215.6640926640928
1040,248.0,60.2842712474619,0.8144939921634593,0.9465648854961832,23.408069650158193,13.580706325755397,0.1278302246673415,1221.1854838709678,81.9475806451613,0.8575382770773572,1.723626819450878,0.4198280110780678,17.769732893161912,0.042197518354871934,0.6233718651714997,0.9918408363604139,0.1274823726162748,1.6220686092521168,1.8370228704006881,1.9361560672823501,0.556044921739354,1.6612903225806452,0.7935687256397927,81.9475806451613,1221.1854838709678
1041,267.0,59.941125496954285,0.6909484447338736,0.9638989169675091,21.763976654115925,15.733266584568787,0.7175554111428588,1220.2883895131085,181.53932584269663,0.9338375621798204,1.3833094695962291,0.277095962993814,18.437867513470433,0.09348060033094574,0.6229139303282841,0.7534154055571676,0.6575448476485302,0.5936120294024074,1.3589087986364672,1.5202618416379161,0.8638605652449907,3.0324594257178528,0.8439868261274791,181.53932584269663,1220.2883895131085
1042,543.0,97.1543289325507,0.8656602842430671,0.9543057996485061,38.323575606808674,19.18600343688696,-0.7344210927861781,1230.9907918968693,739.255985267035,0.7229119118192208,1.9974756979938755,0.499368126979302,26.29389801439097,0.3806673456575876,0.6283771270530216,0.7422188368163517,-0.6701575921191835,0.9887293197698549,1.0729131374468652,1.3969123546420565,0.8674143285841609,1.1111111111111112,0.8011234794717885,739.255985267035,1230.9907918968693
1043,516.0,83.35533905932738,0.590601227379066,0.9681050656660413,28.580592339837843,23.063496595484164,-0.16765227040068034,1226.1279069767443,1913.9670542635658,0.9332386587913822,1.2392133266312242,0.1930364381099101,25.631847476983474,0.9855649095075004,0.6258947968232488,0.9859792447645692,-0.1668679984103891,0.8965056812958422,1.340060269617369,1.392421195490385,0.8266769428966052,0.6414728682170543,0.9168715223644068,1913.9670542635658,1226.1279069767443
1044,498.0,82.66904755831213,0.30827664272216093,0.9688715953307393,26.121246636511806,24.849057099790333,-0.950161292193648,1227.7650602409637,270.7449799196787,0.9157002623306052,1.0511966925590994,0.04870324737653331,25.180812005932435,0.13941554063835154,0.6267305054828809,0.5815518843270449,-0.8135093151499025,1.0612227881661072,1.1321330991934382,1.3257701371147874,0.8524843893444034,0.818607764390897,0.7963450134169294,270.7449799196787,1227.7650602409637
1045,644.0,95.9827560572969,0.6041866195950369,0.9554896142433235,32.22025395276058,25.67447900980604,0.24464480075407677,1229.8214285714287,839.4829192546584,0.8784343280508062,1.254952590876507,0.2031571493058859,28.635053113438516,0.4322775073401949,0.6277802085612193,0.9702234195950656,0.24221171744830414,0.6519507820868203,0.9090346537064737,1.4024340522805163,1.0123440208426133,0.4192546583850932,0.9338449746357002,839.4829192546584,1229.8214285714287
1046,366.0,72.04163056034261,0.6021760944898084,0.953125,24.411906549427258,19.489570156480756,1.2734052797047548,1223.51912568306,1892.8688524590164,0.8861839530929818,1.2525625939117855,0.20163670473586948,21.587164551489145,0.974700747919164,0.6245631065252987,0.2930267758270859,0.9561042352423624,0.8339325750859305,0.8965056812958422,1.2106581549584803,1.020027765302976,1.040983606557377,0.9325564242638736,1892.8688524590164,1223.51912568306
1047,174.0,52.8700576850888,0.8754781147595907,0.93048128342246,21.876251570965366,10.571868511928683,-0.8882199779910215,1224.4310344827586,1601.4597701149426,0.7822391424259483,2.069289033086391,0.5167422317468732,14.884343478431232,0.8246445778140796,0.625028603615497,0.6307942335174805,-0.77595014979127,0.9962245469649745,1.070904788204649,1.0825551281846986,0.9524763622845851,2.400383141762452,0.8257476260045898,1601.4597701149426,1224.4310344827586
1048,623.0,94.91168824543144,0.31505687702942775,0.9540581929555896,29.230369891726678,27.74174876004948,-1.0434463194179786,1232.940609951846,872.5922953451044,0.8690775146007949,1.053659960103919,0.050927208146570035,28.16430784468183,0.4493266196421753,0.6293724399958377,0.5032451364658796,-0.8641436990590385,1.4024340522805163,1.53284264976571,1.5885389424531127,0.6631569974890117,0.6286784376672018,0.853597510963168,872.5922953451044,1232.940609951846
1049,474.0,82.42640687119284,0.7671793618669188,0.9693251533742331,30.85215018597605,19.789576024857777,-0.9772671360514499,1231.892405063291,799.3755274261604,0.8767090076353342,1.5590101651102846,0.358567363844443,24.566553364370574,0.411624885389372,0.6288373685876932,0.5592901001914703,-0.8289720042485241,1.1444065518420719,1.2335595626975178,1.3531626413034146,0.804046227378767,0.9556962025316456,0.8021746328560374,799.3755274261604,1231.892405063291
1050,880.0,128.5685424949238,0.8797784920786031,0.9272918861959958,50.79907041371555,24.149057671567316,-0.43943620637250236,1238.471590909091,1850.225,0.6689953436322033,2.103563257191832,0.524616149963107,33.47313548753602,0.9527420185375901,0.6321958095503272,0.9049916613696951,-0.4254293041755811,1.542215492605835,1.5957602035580918,1.7842387506390682,0.6094817754127954,0.4257575757575758,0.8849709012736997,1850.225,1238.471590909091
1051,388.0,77.69848480983501,0.8124242038513104,0.9463414634146341,29.41423214141476,17.150462706924998,-0.4375137647393755,1237.1958762886597,1621.3376288659795,0.8076375266542992,1.7150693041965515,0.4169331830771328,22.22649192646566,0.8348803444212046,0.6315446024954874,0.9058078515468653,-0.4236887254530762,0.9760630665791018,0.9962245469649745,1.4987464732484734,0.8642957473149407,0.8926116838487972,0.8172814979284729,1621.3376288659795,1237.1958762886597
1052,337.0,68.52691193458118,0.6882542489820286,0.9546742209631728,24.47259111101322,17.754120011147858,-0.3113552745620431,1237.9703264094956,122.1454005934718,0.9018149737702161,1.3784175783224861,0.27453043567756485,20.71428798138497,0.06289670473402256,0.6319399318067869,0.9519192571940537,-0.30634902934907626,0.9979970997939075,1.1163331537085068,1.5657196626203365,0.8152063337121138,1.3976261127596439,0.7755324616565482,122.1454005934718,1237.9703264094956
1053,529.0,106.66904755831213,0.8180602708540694,0.8188854489164087,37.05759587154906,21.31302777994931,-0.7770325044897657,1243.1833648393194,290.63327032136107,0.5842365208765881,1.738729769142036,0.4248674993967332,25.95272084319679,0.1496566788472508,0.6346010029807654,0.7129973833076635,-0.7011666930170206,1.0612227881661072,1.2194445225031252,1.4733584705922291,0.799142087668858,0.8594833018273472,0.9185448815792695,290.63327032136107,1243.1833648393194
1054,388.0,81.35533905932738,0.7179170666575824,0.8899082568807339,28.129523588925363,19.581767039680095,-0.729357616689386,1241.5360824742268,213.41752577319588,0.7366640406475721,1.436516098466715,0.30387135858250125,22.22649192646566,0.10989573932708335,0.6337601237744904,0.7456026344888321,-0.6663908098430777,1.423901089101863,1.6155820372999674,1.706695367618461,0.6320874791750244,0.9561855670103093,0.8188461640599752,213.41752577319588,1241.5360824742268
1055,395.0,74.42640687119285,0.621743752171971,0.9587378640776699,25.509314651068493,19.97942395704337,0.4246867764646055,1242.273417721519,1886.5974683544305,0.8960925239600223,1.2767792858249882,0.21677927336215186,22.42609239636699,0.9714714049198921,0.6341365072595809,0.9111678368343548,0.41203540274908745,0.8339325750859305,1.340060269617369,1.4978622614897619,0.8170257031493725,1.1383966244725738,0.9152202464580453,1886.5974683544305,1242.273417721519
1056,84.0,32.72792206135785,0.683924992597179,0.9655172413793104,12.260484966413053,8.944665393440074,0.2514724697324539,1237.3214285714287,825.9642857142857,0.9854901448173128,1.3707035900308542,0.2704476684288175,10.341765891652821,0.4253163160217743,0.6316086924815869,0.9685470766187609,0.24883038474682304,0.5182362503378793,0.6519507820868203,1.1444065518420719,1.2961238726280988,4.845238095238095,0.9007035333917112,825.9642857142857,1237.3214285714287
1057,1346.0,138.12489168102786,0.5526478433259587,0.9704397981254506,45.679971823134245,38.07036820966785,0.41841831238708604,1253.2934621099555,167.03863298662705,0.8865658999994325,1.1998825851002397,0.16658512056289354,41.397831189731775,0.08601371420526624,0.6397618489586296,0.9137327475476695,0.40631572214103023,1.5202618416379161,1.8258021069884598,1.8813856602516013,0.57389362393948,0.3524021792966815,0.8673749624758322,167.03863298662705,1253.2934621099555
1058,562.0,101.59797974644665,0.9164246131162564,0.9541595925297114,42.770696362891414,17.117147341912137,1.4725932369628765,1240.1725978647687,1081.0782918149466,0.6841889175406147,2.49870469118212,0.5997926431526781,26.749964937194992,0.5566829515010023,0.6330641132540933,0.0980453233319048,0.9951819504858105,1.9060814285316297,2.0729642052514894,2.272018177223099,0.47991831321861,0.9335705812574139,0.8573734132410696,1081.0782918149466,1240.1725978647687
1059,525.0,85.84062043356593,0.555827879505596,0.9562841530054644,28.76236670082355,23.910080675574505,1.223675044489359,1245.489523809524,1586.7790476190476,0.8953306902717338,1.2029389231716783,0.16870259932782616,25.854414729132053,0.8170849884753077,0.6357782153187973,0.340192201541471,0.9403559251742752,1.0764064094948171,1.0825551281846986,1.2759051737938518,0.8733963358692212,0.4012698412698413,0.8463553804530347,1586.7790476190476,1245.489523809524
1060,549.0,104.22539674441617,0.9356518466619465,0.9242424242424242,45.07513552289868,15.90811450303656,0.9600308106726232,1247.91985428051,771.5774134790528,0.635089736805587,2.8334681344099377,0.647075614560159,26.438769072322643,0.3973107175484309,0.6370188128027106,0.5734947459570134,0.819209238448701,1.0353318899722501,1.1307194971107548,1.1591190378565814,0.9022093957949556,0.9732847601700061,0.8373001746875685,771.5774134790528,1247.91985428051
1061,533.0,89.49747468305833,0.588485206141254,0.9483985765124555,29.430414979095907,23.794725518725887,1.2896434675159447,1247.3714821763601,1169.4258911819888,0.83621029627162,1.2368461639086723,0.19149201478718492,26.05065598682386,0.6021760510720849,0.6367388882982952,0.27746342634834187,0.9607362005457264,0.9581334025609526,1.5319470313036812,2.1075850256271402,0.65250506511007,1.0781738586616634,0.8185206907780115,1169.4258911819888,1247.3714821763601
1062,510.0,84.66904755831213,0.2311686423136054,0.9568480300187617,26.11968160329041,25.412195952858944,-1.463732292841348,1250.5019607843137,256.47058823529414,0.8939859455823028,1.0278403980413142,0.02708630454141292,25.482389366284572,0.13206518446719576,0.6383368865667758,0.10685961053590719,-0.994274118961222,0.8744614794773466,1.1321330991934382,1.3035690974860066,0.906299595276539,0.8,0.8929723927548441,256.47058823529414,1250.5019607843137
1063,340.0,72.18376618407356,0.8394091279552693,0.947075208913649,28.478977384789413,15.478325935328131,-0.872930198956852,1251.3,680.9617647058824,0.8199921708910177,1.839926197689652,0.4564999393694843,20.806283791440396,0.3506497243593627,0.6387442572741194,0.6425841463313372,-0.7662151231107532,0.7970452633073221,0.8895912212763972,1.5513081078648696,0.9265136923579501,1.169607843137255,0.8921227431301314,680.9617647058824,1251.3
1064,118.0,38.970562748477136,0.6841318836253754,0.9516129032258065,14.36762822748152,10.479149253888703,0.5038191554515075,1246.8813559322034,906.1610169491526,0.9763791953766093,1.371068192596822,0.2706416753013675,12.257335203001883,0.4666122641344761,0.6364886962390012,0.8757451655029777,0.4827736582480058,0.873857209393648,1.1543994496125862,1.3908289723139045,0.8774275708449202,3.1864406779661016,0.8608690462180916,906.1610169491526,1246.8813559322034
1065,103.0,36.970562748477136,0.7422346182970013,0.9363636363636364,14.031343509600667,9.402966128728195,-0.42459662548959615,1249.0291262135922,829.6990291262136,0.9469672644889928,1.4922252529158568,0.32985988673897104,11.451797811161432,0.42723945887034687,0.6375850567705933,0.9112049785249797,-0.41195325840596425,0.5182362503378793,0.9090346537064737,1.2129834036116531,1.1362541825235664,5.702265372168285,0.857073475813391,829.6990291262136,1249.0291262135922
1066,283.0,66.2842712474619,0.8556056149872319,0.933993399339934,26.473380131390762,13.703370104201165,-1.3927757146088977,1250.9151943462898,723.434628975265,0.8094226029985586,1.931888282231725,0.4823717244949609,18.982275710779543,0.37252040626944644,0.63854782763976,0.17708181576440504,-0.984196134175288,0.945452732904747,1.0729131374468652,1.2639053760400694,0.9140012432848161,1.3816254416961131,0.8431817842945767,723.434628975265,1250.9151943462898
1067,304.0,62.8700576850888,0.5416197245500033,0.9650793650793651,21.480399841240462,18.056931518008042,0.4286724654258019,1253.9276315789473,925.6480263157895,0.9664863616802626,1.1895930280190863,0.15937637793220516,19.67396303746374,0.47664676947260015,0.6400855699739394,0.9095183589586447,0.41566375198852007,0.873857209393648,0.9898633642964221,1.4419832764930034,0.9075223117260963,0.9375,0.8531485158216564,925.6480263157895,1253.9276315789473
1068,422.0,83.49747468305833,0.8790479755634428,0.9295154185022027,33.90225713453297,16.16233553735613,-1.0066841704444396,1255.590047393365,1038.590047393365,0.7606338233620551,2.097608792749935,0.5232666818253491,23.179885415554555,0.5348043498421035,0.6409341742692012,0.5346657424592157,-0.8450636330126481,1.387869363829659,1.6307373534920955,1.704446371591332,0.6351823584287486,1.0007898894154819,0.8254686429866513,1038.590047393365,1255.590047393365
1069,268.0,59.11269837220809,0.6088980115358582,0.9710144927536232,20.81948679140607,16.515027045933017,1.5130052082862298,1252.902985074627,1562.3544776119404,0.9637914941588404,1.2606389764607178,0.2067514818496804,18.47236308621676,0.8045079699340579,0.6395625242851593,0.05775895528830226,0.9983305580237459,0.9616351641705418,1.0764064094948171,1.5636190845683071,0.8329490989501677,1.3644278606965174,0.7991184394295479,1562.3544776119404,1252.902985074627
1070,854.0,180.53910524340097,0.8554619440473084,0.7756584922797457,50.14879560068243,25.970340123546993,1.015629814861097,1259.84074941452,1756.5819672131147,0.3292495296354747,1.9310026500274107,0.48213432022695313,32.97493853222215,0.9045221252384731,0.6431040068476365,0.5270848114634199,0.8498126861400523,0.7434951748603001,2.92157844531552,3.339106304804096,0.42831566752029177,0.27712724434035907,0.6828426624341183,1756.5819672131147,1259.84074941452
1071,549.0,97.32590180780453,0.8016240082455346,0.9305084745762712,34.91259620651384,20.871746013798816,-0.7660815481476351,1261.6120218579235,123.20765027322405,0.72832519775575,1.672720441472998,0.40217147157034805,26.438769072322643,0.06344369221072299,0.644008178590058,0.7206329235575019,-0.693316803117426,0.9979970997939075,1.435323373619964,1.8813856602516013,0.6952964830194379,1.5343047965998786,0.8407169134538003,123.20765027322405,1261.6120218579235
1072,518.0,89.01219330881976,0.7733911365905554,0.9299820466786356,32.96853157785935,20.899712748052362,0.5586946832755191,1261.8301158301158,751.3474903474903,0.8215625210738157,1.5774633831238507,0.3660708637054383,25.68147355921802,0.3868936613529816,0.6441195078254802,0.847947755246027,0.5300798094374317,1.0353318899722501,1.2639053760400694,1.285511540820764,0.8368787219571808,0.7664092664092664,0.7829687752826078,751.3474903474903,1261.8301158301158
1073,577.0,90.42640687119284,0.7129940541130946,0.9632721202003339,32.58133050071119,22.84505406053564,0.8149628985366653,1263.630849220104,1153.5563258232235,0.8867376090925364,1.4261874983694944,0.2988299216314393,27.104597715372734,0.5940042872416187,0.6450387183359387,0.68589539266929,0.7277001513776402,0.9581334025609526,1.2923271199294497,1.7611144752874897,0.7478359501347406,1.2611207394569612,0.8750829265306225,1153.5563258232235,1263.630849220104
1074,112.0,37.79898987322333,0.6800105726709059,0.9411764705882353,13.957136603160441,10.233404738140507,0.7269476084469586,1255.8392857142858,701.5625,0.9850709199906934,1.3638800536385867,0.26679769431910094,11.941642642883693,0.3612577239958805,0.6410614015897323,0.7472064749974863,0.6645919678433008,0.4891062184116188,0.8895912212763972,0.945452732904747,1.2907943881497452,2.7142857142857144,0.8166599174086917,701.5625,1255.8392857142858
1075,370.0,75.42640687119285,0.7561478773168913,0.9273182957393483,27.124957968400285,17.75059379218392,0.9843987614490289,1262.7162162162163,239.7135135135135,0.8172684791090267,1.5281155259349215,0.34559921483149214,21.70480664627101,0.1234364127258051,0.6445718306361492,0.5533640097958327,0.8329395372190455,0.8744614794773466,1.4177802785323703,1.423901089101863,0.8072886655398053,1.1081081081081081,0.8523073360707011,239.7135135135135,1262.7162162162163
1076,888.0,112.5685424949238,0.7281467374633624,0.9715536105032823,40.829706705485975,27.98554976194531,0.9522174367239272,1265.8547297297298,1122.992117117117,0.8806204038660791,1.4589567492079831,0.3145787217181968,33.62494186946387,0.5782657657657657,0.6461739304388615,0.579877963455147,0.814703349384984,1.015829009686417,1.2923271199294497,1.4904174621500739,0.7897701406925521,0.43956456456456455,0.915927783786727,1122.992117117117,1265.8547297297298
1077,413.0,85.74011537017762,0.9166462060120859,0.9198218262806236,37.08262691345355,14.821909416924722,0.6469928489334479,1267.2179176755449,856.9709443099274,0.7059790094620886,2.50187920262891,0.6003004465806239,22.93137440223813,0.4412826695725682,0.6468697895229938,0.7979000832783884,0.6027897287647999,0.9749547383431282,1.382400932077673,1.5885389424531127,0.7602838631858466,1.420500403551251,0.8411135778872804,856.9709443099274,1267.2179176755449
1078,289.0,66.5269119345812,0.8018266536193862,0.9383116883116883,25.13346343456461,15.018669634209097,1.090380787172423,1264.795847750865,694.1937716262976,0.8205649783364989,1.673481343335253,0.4024432934477792,19.182445840623714,0.357463322155663,0.6456334087549082,0.462147717197785,0.8868029586604208,0.4891062184116188,0.7970452633073221,1.3649956034829276,1.13158565088499,0.8477508650519031,0.8714952312934233,694.1937716262976,1264.795847750865
1079,1034.0,135.53910524340094,0.25440038993705005,0.8999129677980853,38.52597194543509,37.258428261229454,1.5053793851514932,1277.0802707930368,836.0609284332688,0.7072959545720537,1.0340203208605185,0.032901017682328004,36.2840142384516,0.4305154111396853,0.6519041708999678,0.065370294341144,0.9978610748083885,0.9749547383431282,1.2129834036116531,1.2338771620023852,0.8767276236477879,0.2862669245647969,0.8472149137425701,836.0609284332688,1277.0802707930368
1080,561.0,86.66904755831214,0.5609645277743753,0.9705882352941176,29.41377349851218,24.349893509277813,0.8275499179260342,1273.5098039215686,320.0944741532977,0.9385224753301474,1.2079631267095656,0.17216016127582245,26.726155439876237,0.16482722664948388,0.6500815742325516,0.6766817250810055,0.7362756568985521,1.6839705674277912,1.724896759511801,1.7830134955916563,0.577825281924977,0.8057040998217468,0.7558227183894148,320.0944741532977,1273.5098039215686
1081,219.0,58.62741699796952,0.8583458693315491,0.9399141630901288,23.550378906302115,12.083028334054058,0.34371364561068424,1270.0593607305937,807.5753424657535,0.8006679747506762,1.949046071499244,0.4869284956251544,16.698486766680407,0.4158472412285033,0.648320245395913,0.9415097146645137,0.33698584123423636,1.193305005303084,1.237211992216387,1.287233580254456,0.806939555852697,2.2770167427701673,0.852885735034908,807.5753424657535,1270.0593607305937
1082,467.0,79.59797974644667,0.5758972098380389,0.9628865979381444,27.016426242533644,22.08652584200552,-0.5756926850632114,1271.96573875803,1906.0899357601713,0.9262381274897721,1.2232085043973793,0.1824778879438419,24.384480051691096,0.9815087207827865,0.649293383745804,0.8388153948869068,-0.5444159561408195,0.9741144128311912,1.4978622614897619,1.7616626743496078,0.7086101939557167,1.0870806566738045,0.8254443106583048,1906.0899357601713,1271.96573875803
1083,356.0,68.76955262170047,0.693187183243477,0.978021978021978,25.117693857081136,18.10376893414318,1.1383610088623985,1270.191011235955,280.30056179775283,0.9459484368249004,1.3874289905296957,0.27924239234887416,21.290215544369623,0.1443360256425092,0.6483874483082976,0.41908318464881195,0.9079478423040663,1.2194445225031252,1.3035690974860066,1.5419921731170767,0.7380063283274189,1.4850187265917603,0.7953734183866907,280.30056179775283,1270.191011235955
1084,792.0,106.91168824543142,0.6777727719045233,0.967032967032967,37.40004711526194,27.49918596912713,0.21807856903548611,1280.3257575757575,658.3623737373738,0.8707323310632021,1.360041972051476,0.26472857415451057,31.755404570407364,0.3390125508431379,0.6535608767614893,0.9763149607719024,0.2163541018168104,1.5513081078648696,1.6468620039928308,2.094088406426368,0.5668657322077877,0.31186868686868685,0.87520935640607,658.3623737373738,1280.3257575757575
1085,359.0,70.62741699796952,0.4873608630819146,0.9573333333333334,23.113696270164322,20.182894791978107,0.17451347112065285,1273.5376044568245,779.4930362116992,0.9043939860436775,1.1452121466416745,0.12679934199747012,21.37973331358283,0.4013867333736865,0.6500957654195123,0.9848111309911805,0.17362901910646164,1.1307194971107548,1.1790914433068234,1.193305005303084,0.8563804471458449,1.5571030640668524,0.7631749456869095,779.4930362116992,1273.5376044568245
1086,337.0,67.11269837220809,0.6450235562790858,0.9628571428571429,23.71100527052612,18.11906549344258,-0.6053887511676525,1273.474777448071,912.6528189910979,0.9402219018313579,1.3086218645827679,0.23583731323422963,20.71428798138497,0.4699551076164253,0.6500636944604753,0.8222809285653573,-0.569081781923911,0.9898633642964221,1.1543994496125862,1.5748858162304205,0.806636221980602,0.7408506429277942,0.9706980588528268,912.6528189910979,1273.474777448071
1087,195.0,54.87005768508881,0.8826054550883574,0.9558823529411765,23.005807684232234,10.815362982279503,1.11639397115532,1270.3384615384616,967.9435897435898,0.8139048601631127,2.127141522843592,0.5298855345256077,15.756957549709801,0.4984261533180174,0.6484627164565909,0.43892539471682773,0.8985235099165058,0.7950757015889117,1.913196941042262,2.335408959960711,0.5948036050607037,1.7794871794871794,0.8498509045895407,967.9435897435898,1270.3384615384616
1088,844.0,120.2253967444162,0.7303332964372689,0.9085037674919269,41.19145630592358,28.137511928737037,-1.027668108909059,1284.3779620853081,97.9063981042654,0.7337698665917524,1.463933854928177,0.31690902793619624,32.78130832893156,0.05041524104236118,0.6556293834024033,0.5168165713146196,-0.8560961579253821,1.0917732602343702,1.3635380699798565,1.435323373619964,0.7710824141478828,0.42614533965244866,0.8361216363168876,97.9063981042654,1284.3779620853081
1089,382.0,82.28427124746189,0.9120752968082108,0.9432098765432099,34.70270910851228,14.228900112561771,-0.09369805121525009,1284.2670157068062,1542.5785340314137,0.7089891232425947,2.4388890802512218,0.5899772531283,22.05396803500069,0.7943246828174118,0.6555727492122543,0.9956135481822116,-0.09356101044787297,1.1352539085205522,1.3963451648710965,1.4222511121349881,0.7587540901225149,0.9938917975567191,0.8209430994849288,1542.5785340314137,1284.2670157068062
1090,190.0,54.8700576850888,0.8328619799462414,0.945273631840796,21.14243892076848,11.701932601928558,-1.4879653752773103,1272.7315789473685,1573.6157894736841,0.7930355047743152,1.8067476236603912,0.44651926649608986,15.553633450087505,0.8103067916960268,0.6496843179925311,0.08273626727370285,-0.9965714776560758,0.9616351641705418,1.2759051737938518,1.3963451648710965,0.8255626099554114,2.06140350877193,0.8560371025577229,1573.6157894736841,1272.7315789473685
1091,166.0,47.45584412271571,0.7388559094255043,0.9485714285714286,17.813897195806277,12.004134167604573,-0.263477618378631,1276.198795180723,1847.301204819277,0.9262720219822279,1.4839801810846507,0.3261365530710164,14.538148590038452,0.9512364597421612,0.6514542088722425,0.9654901082125347,-0.2604397261243917,1.2167415777186126,1.2472965765747206,1.5957602035580918,0.7389529566654872,3.7610441767068274,0.719131769466553,1847.301204819277,1276.198795180723
1092,400.0,88.42640687119284,0.913441805008382,0.9070294784580499,36.50924467609306,14.858144338414908,1.2961322226907561,1277.4375,950.4775,0.642844450257002,2.4571873744489365,0.5930306290849041,22.56758334191025,0.48943228630278063,0.6520865237366003,0.27122364696945234,0.962516354834862,0.7950757015889117,1.4419832764930034,1.6038301759259865,0.781069143031517,0.6966666666666668,0.9068710412249111,950.4775,1277.4375
1093,40.0,35.48528137423857,0.912199493157641,0.272108843537415,22.753252606811767,9.323062576783098,-1.376124749851915,1274.4,1766.525,0.3991842051526546,2.4405341505991185,0.5902536337159989,7.136496464611085,0.9096421215242019,0.6505359877488515,0.19344432584350568,-0.981111254037457,0.7434951748603001,2.3320320099873086,3.4072486238268134,0.4627647305010584,10.933333333333334,0.6644089930236395,1766.525,1274.4
1094,292.0,70.52691193458118,0.7162032987934782,0.9012345679012346,24.005247849470447,16.753063400309866,0.07417433475694304,1286.7191780821918,1820.4349315068494,0.7377054274532159,1.4328870652412409,0.302108292929813,19.281751659604673,0.9374021274494589,0.6568244911088268,0.997250345056842,0.07410633767775636,1.2167415777186126,2.1451340188720653,2.3320320099873086,0.5268789392603065,1.0353881278538812,0.6920502548163739,1820.4349315068494,1286.7191780821918
1095,701.0,108.32590180780453,0.8596200523722288,0.9260237780713342,42.515596410434206,21.72265596455952,0.3290637420341523,1294.2325249643366,1870.7446504992868,0.7506945373142395,1.9572006516973952,0.4890661827990179,29.87542335866304,0.9633082649326914,0.6606597881390182,0.9463453167102899,0.32315714681947105,1.2472965765747206,1.3379626086000547,1.7291071610389894,0.695351242629816,0.7051830718021873,0.8568359097687462,1870.7446504992868,1294.2325249643366
1096,299.0,62.284271247461895,0.542201611759699,0.9676375404530745,21.3211123799835,17.915031051999,0.39031657812134474,1286.561872909699,9.364548494983278,0.9685549780125928,1.1901242212809025,0.1597515770885466,19.511499785403828,0.004822115599888403,0.6567441923990297,0.9247886541771247,0.3804812020392891,1.3563770244102966,1.9841805450782115,2.646950826920613,0.5010431387117862,1.225195094760312,0.7834092033154958,9.364548494983278,1286.561872909699
1097,288.0,65.21320343559643,0.6653931911661272,0.935064935064935,22.58856301242313,16.862205713595618,0.20902893353094187,1287.4027777777778,72.19444444444444,0.8510033761707864,1.3395971675408087,0.25350693161305404,19.149229459268767,0.03717530609909601,0.6571734445011628,0.9782328819843057,0.20751006868265306,0.7559540166358387,1.0917732602343702,1.3368537618513252,0.9420391453452743,1.6886574074074074,0.8611317100841643,72.19444444444444,1287.4027777777778
1098,267.0,60.526911934581186,0.6712059861322535,0.9501779359430605,21.543205159921612,15.96935074346505,0.7210371634244273,1285.9176029962546,1051.370786516854,0.9158494555757394,1.3490345040318865,0.25872911551833555,18.437867513470433,0.5413855749314387,0.6564153154651632,0.7511214352374384,0.6601640625835752,0.581878774863074,1.387869363829659,2.300204910507497,0.7025838376751954,1.5068664169787764,0.7679779718440836,1051.370786516854,1285.9176029962546
1099,264.0,59.698484809834994,0.6536613171969469,0.96,21.105627296019243,15.97246881311915,-0.6110685664559274,1285.878787878788,1109.6022727272727,0.9308660124950746,1.3213753955608867,0.24321278921988088,18.333991376950163,0.5713708922385544,0.6563955017247514,0.8190354030593651,-0.5737429812515212,0.8989417140211742,1.015829009686417,1.4356018996298223,0.8954227894244204,2.1666666666666665,0.8600845984601896,1109.6022727272727,1285.878787878788
1100,640.0,105.7401153701776,0.8519528748188036,0.9329446064139941,40.97920954657981,21.457470885742854,0.2816529239821553,1297.2359375,1502.4359375,0.7193003608514467,1.9097874938191308,0.4763815329001696,28.54598585844434,0.7736539328012358,0.6621929236855539,0.9605973307624566,0.27794382189939687,1.1580338300067352,1.3043537138196493,1.7790021898584303,0.7073153349182258,0.9286458333333334,0.774826993051216,1502.4359375,1297.2359375
1101,427.0,80.42640687119285,0.8492523008960151,0.9660633484162896,32.13128700182259,16.96490965797569,-0.6364484668872125,1292.847775175644,1915.9648711943794,0.8295458707006524,1.8939851522708673,0.4720127563824822,23.31680264534386,0.9865936514904117,0.6599529224990526,0.8042116542433861,-0.594343011382414,0.9741144128311912,1.8977830653530057,1.9078706651708426,0.627645507067258,1.5995316159250585,0.8230012820347757,1915.9648711943794,1292.847775175644
1102,373.0,71.35533905932738,0.6352185527468696,0.9539641943734015,24.831382010964937,19.17808173444108,-0.985000503077963,1292.6943699731903,40.938337801608576,0.9205889286366142,1.294779235734059,0.22766756493969997,21.792621462004423,0.02108050350237311,0.6598746145855999,0.5528626952475397,-0.83327236855882,1.3368537618513252,1.3563770244102966,1.4626772451097358,0.7218639049166029,0.7408400357462019,0.9161982297358353,40.938337801608576,1292.6943699731903
1103,909.0,115.66904755831214,0.7176405827354696,0.9528301886792453,41.01505633792138,28.563445740174178,-0.08525857524694781,1301.4851485148515,780.3223322332233,0.8537671255044651,1.4359281688565377,0.3035863341295667,34.02021084832166,0.40181376531061963,0.6643619951581682,0.9963676887533555,-0.08515532166750697,1.1790914433068234,1.515650138968369,1.6846169145691081,0.6850318379191279,0.5702236890355703,0.8282729929421985,780.3223322332233,1301.4851485148515
1104,332.0,67.11269837220809,0.7643738224616307,0.9707602339181286,25.61114905993396,16.51338611188553,-0.37814381818101456,1295.5331325301204,232.40963855421685,0.926272021982228,1.550932612270254,0.35522666034070904,20.56004690782767,0.11967540605263484,0.6613237021593263,0.9293515311975752,-0.36919606100380115,1.0670999034032453,1.2334387036065415,1.4177802785323703,0.8068162232305632,1.577309236947791,0.844991833929226,232.40963855421685,1295.5331325301204
1105,720.0,111.63961030678928,0.7519716869535017,0.9230769230769231,38.79172631891729,25.571327742836367,-0.8763557834682665,1302.0541666666666,1471.8833333333334,0.7259483738410307,1.5170008655410758,0.3408045949642057,30.277590264241923,0.7579213868863715,0.664652458737451,0.6399556465669047,-0.7684118494838136,1.3043537138196493,1.483359702358491,2.068796601288394,0.6177275428672938,0.5546296296296296,0.8079352588074356,1471.8833333333334,1302.0541666666666
1106,762.0,102.66904755831213,0.683633875763678,0.9731800766283525,36.49855691506647,26.637564133588818,0.43636861091817136,1302.4133858267717,1169.0459317585303,0.9084180794541682,1.3701912356559423,0.27017486758242415,31.14817062185505,0.6019803974039806,0.6648358273745644,0.906292446275924,0.4226511585494609,1.7611144752874897,1.8810653426665958,2.321221135329564,0.5030686387686374,0.6299212598425197,0.884375878378909,1169.0459317585303,1302.4133858267717
1107,223.0,57.112698372208094,0.812355750227876,0.9529914529914529,22.17105330919198,12.929319911646632,1.0626494570986518,1294.219730941704,1040.3497757847533,0.8591111746295809,1.7147888257618613,0.4168378140931077,16.85029431422316,0.5357104921651665,0.6606532572443614,0.48655910029148763,0.8736476646357718,0.581878774863074,1.6307373534920955,2.8539143784144816,0.5921211756233474,1.8699551569506727,0.7868907321594697,1040.3497757847533,1294.219730941704
1108,547.0,87.01219330881975,0.6162491407479468,0.961335676625659,29.762486511180853,23.439483930228782,1.5017500509379602,1298.780621572212,257.50457038391227,0.9078977887011813,1.269758609010909,0.21244873403224263,26.390567083147985,0.13259761605762732,0.6629814301032221,0.06899142719923705,0.9976172527442638,0.8403073632766049,1.0670999034032453,1.1063746951273636,0.9954270209385189,0.6569165143205362,0.8938102885643545,257.50457038391227,1298.780621572212
1109,327.0,65.11269837220809,0.2935836047904338,0.9646017699115044,20.885938979092494,19.965566679732742,1.2378530599576547,1298.1467889908256,884.6177370030581,0.9692286195016085,1.0460979802939443,0.04406659907802446,20.404639941160397,0.45551891709735226,0.662657881057083,0.3268260758688507,0.9450845021119372,1.3313850856647882,1.3520142612934878,1.5748858162304205,0.7045089478586104,1.328236493374108,0.8325250496281952,884.6177370030581,1298.1467889908256
1110,623.0,91.59797974644665,0.5136796627706053,0.967391304347826,30.438928786504217,26.116054625304425,0.3075095275416645,1303.7752808988764,356.65168539325845,0.9330955546893118,1.1655255444676265,0.14201794654207522,28.16430784468183,0.18365174325090547,0.6655310264925351,0.9530903558319694,0.3026859323128345,1.4029424937584052,1.7656439575996885,2.00142010448449,0.5802700572226014,1.0214018191546281,0.8969381908127866,356.65168539325845,1303.7752808988764
1111,704.0,99.39696961966999,0.6310445483913781,0.967032967032967,34.043228196350704,26.408918318637152,-0.6909796048083058,1306.8451704545455,854.2684659090909,0.8954394731054794,1.2890807486168758,0.2242534061012439,29.93928254807644,0.43989107410354833,0.6670980961993597,0.7706220901587936,-0.6372923929871532,0.7574492079910995,1.0955310317453433,1.3313850856647882,0.9421029603825368,0.4550189393939394,0.8399469535753284,854.2684659090909,1306.8451704545455
1112,681.0,98.08326112068522,0.6389865852799401,0.9645892351274787,33.640511346491536,25.876882752727578,0.49023827001482134,1306.9706314243758,1528.1130690161526,0.8895434820700227,1.3000217865479033,0.2307821220016517,29.44615645486938,0.7868759366715513,0.6671621395734435,0.8822206975276676,0.4708361082731396,1.0473699035903576,1.1352539085205522,1.1580338300067352,0.8980267723867382,0.631424375917768,0.7361799319014967,1528.1130690161526,1306.9706314243758
1113,330.0,66.76955262170047,0.6329059768310411,0.9620991253644315,23.375824779494014,18.098233593942528,-1.1790166243303197,1301.1666666666667,1124.4575757575758,0.9301797297725702,1.2916080819797737,0.22577133578538588,20.49802550887777,0.579020378865899,0.6641994214735409,0.38183387509456634,-0.9242309732043539,0.8989417140211742,1.133705456019018,1.4904174621500739,0.8515313549995589,1.6666666666666667,0.8603133593676912,1124.4575757575758,1301.1666666666667
1114,372.0,72.52691193458118,0.667829064065654,0.9489795918367347,25.273972362609086,18.81178862297777,1.5028967086030676,1305.3010752688172,828.3360215053764,0.8886984672766285,1.343517773304025,0.2556853211247324,21.76338922689847,0.42653760118711453,0.6663098903873492,0.06784745662443091,0.9976957064303704,1.0955310317453433,1.2338771620023852,1.5699288230035826,0.7693615573909578,2.2123655913978495,0.7685151625777568,828.3360215053764,1305.3010752688172
1115,242.0,57.21320343559642,0.47301752729205115,0.9453125,18.776956889893295,16.543494519088505,0.8101514929128388,1305.297520661157,73.25206611570248,0.9290363350241266,1.1350054771213989,0.11894698293773853,17.55346033766304,0.037719910461226816,0.6663080758862465,0.6893887006663597,0.7243916201845162,0.7559540166358387,1.3635380699798565,1.4301488932155415,0.8451558952146848,1.9600550964187327,0.7526792574969553,73.25206611570248,1305.297520661157
1116,471.0,89.59797974644667,0.8159119074797683,0.9005736137667304,33.81560589639564,19.551379716451464,-0.03934260482000192,1312.619957537155,308.1188959660297,0.7372831974667563,1.729576448660632,0.4218237645555415,24.488687706168772,0.1586606055437846,0.6700459201312685,0.9992261795432708,-0.03933245625891126,1.218734633027717,1.5337530314220857,1.724896759511801,0.6700340457578111,1.365180467091295,0.8495426774746248,308.1188959660297,1312.619957537155
1117,309.0,66.5269119345812,0.8074245076620068,0.9537037037037037,25.82856120014616,15.23809953154006,0.5757525800777101,1310.8576051779935,730.9514563106796,0.8773514820276062,1.6949988511812641,0.41002909866098813,19.83509564693766,0.37639106916100906,0.6691463017753922,0.8387827855807514,0.5444661960245055,1.067377033042605,1.769086515702061,2.0968401188269907,0.6081117648848695,1.2146709816612729,0.8473008243741248,730.9514563106796,1310.8576051779935
1118,1192.0,137.4386001800126,0.46964729576515163,0.9400630914826499,42.79487581505308,37.78163292213919,1.051705873602213,1320.3112416107383,112.84144295302013,0.7929917571888001,1.132689947606162,0.11714586845816921,38.95768906550174,0.058105789368187506,0.6739720477849609,0.49609061026002227,0.8682707563956296,1.0205933189435323,1.5770358486238967,1.6410144114400753,0.707773594094567,0.5288031319910514,0.8011657199390617,112.84144295302013,1320.3112416107383
1119,268.0,65.69848480983501,0.8678990935866332,0.950354609929078,26.40451963356992,13.116195321871736,-0.2133741987624451,1316.9626865671642,1550.8507462686566,0.7802503116104488,2.013123393301365,0.5032594607327681,18.47236308621676,0.7985843183669704,0.6722627292328556,0.9773219633808089,-0.21175877760669276,1.0473699035903576,1.4222511121349881,1.9169915354669298,0.6838990143281755,2.1305970149253732,0.8028083650336256,1550.8507462686566,1316.9626865671642
1120,654.0,100.7401153701776,0.527210840234344,0.930298719772404,31.577049928863783,26.83210890834835,0.2968977227123518,1321.8914373088685,245.08715596330276,0.8098092339774703,1.1768381694008079,0.15026549443994142,28.856518540128786,0.12620347886884797,0.6747786816278042,0.956248676145324,0.2925550706624568,0.7598381834918164,0.9340532956857142,1.101057629730407,1.0733648031152099,0.16462793068297657,0.8937551424355767,245.08715596330276,1321.8914373088685
1121,881.0,118.22539674441617,0.7708360833092902,0.9534632034632035,42.74875114083494,27.23238832295497,0.2877778901897212,1330.0681044267878,1890.6696935300795,0.7920711813003156,1.5697760561382996,0.36296645875716016,33.49214891450948,0.9735683282853138,0.6789525801055578,0.9588769264405299,0.2838221977576148,1.078806466606033,1.2510682316994153,1.4252648738939389,0.7989050586055577,0.370790768066591,0.8853692926547291,1890.6696935300795,1330.0681044267878
1122,498.0,90.18376618407356,0.8871599790612167,0.9576923076923077,37.25058335003098,17.18972845606622,1.3542491634321887,1319.5923694779117,1104.8815261044176,0.7694536617419194,2.167025700565114,0.5385380063839478,25.180812005932435,0.5689400237406887,0.6736050890647839,0.21485871443473406,0.9766451417129219,1.133705456019018,1.374416034767658,1.4356018996298223,0.7607024385356724,0.8286479250334673,0.8852544208103855,1104.8815261044176,1319.5923694779117
1123,436.0,80.18376618407356,0.7922197296716902,0.960352422907489,30.349498717132526,18.520354814797862,0.5868343763500863,1324.5871559633028,1861.51376146789,0.852164526023695,1.638710436199803,0.38976406208834746,23.56124872549269,0.9585549750092122,0.6761547503641158,0.8326977422738794,0.5537277941479766,1.183476508514935,1.2510682316994153,1.3379626086000547,0.7952270791315535,1.3432721712538225,0.816921065173573,1861.51376146789,1324.5871559633028
1124,435.0,85.01219330881975,0.8688951555227065,0.9294871794871795,34.243248533773325,16.95027688622153,0.30021937264066784,1327.6896551724137,32.2183908045977,0.7563741515815461,2.0202176497546676,0.5050038296015092,23.534213434057992,0.016590314523479765,0.6777384661421203,0.9552716370905436,0.29572977423714475,0.8765390435262325,1.5209065804424373,1.6728499811080917,0.7370472051853402,0.767816091954023,0.8187144038406258,32.2183908045977,1327.6896551724137
1125,92.0,34.970562748477136,0.6243718102741924,0.9108910891089109,12.374891469251677,9.666365432289215,-0.5526255799970102,1318.0217391304348,262.6847826086956,0.9453496097333655,1.2802010803269437,0.2188727104146676,10.823032759612019,0.13526507858326242,0.6728033379940963,0.8511492279934855,-0.5249237960752909,0.6340388072704503,0.7598381834918164,0.8403073632766049,1.342771913417403,5.0398550724637685,0.870342874293658,262.6847826086956,1318.0217391304348
1126,262.0,70.5269119345812,0.9119676956679197,0.9257950530035336,29.717959033461945,12.192149794823258,-1.2312460152641522,1322.2595419847328,863.4885496183206,0.6619137739477483,2.437466692385955,0.5897379836517342,18.26441241104166,0.44463880000943384,0.6749665860054787,0.33306311253384524,-0.9429045355014829,0.7574492079910995,1.3520142612934878,1.6459020791289336,0.7988569851122403,1.7849872773536897,0.9177888532945722,863.4885496183206,1322.2595419847328
1127,786.0,105.49747468305833,0.5862341372622759,0.9656019656019657,35.721361381851096,28.93936360350413,-1.0453282658709349,1331.1882951653945,182.35368956743002,0.8874589674559614,1.2343520013524336,0.18985832331106745,31.634890266315733,0.09389994313461897,0.6795243977362913,0.501617974079522,-0.8650892486214102,1.9011855668040163,2.1615904321617156,2.5916706696638734,0.4508263645935583,0.8600508905852418,0.9219405770271697,182.35368956743002,1331.1882951653945
1128,291.0,73.698484809835,0.9301209608553032,0.941747572815534,31.925116129724703,11.724604765134814,-0.3796436906225899,1332.1374570446735,52.52233676975945,0.6732645297283271,2.7229161894360554,0.6327466839120338,19.248706645328987,0.02704548752304812,0.6800089112019773,0.9287967390652929,-0.37058955395650073,0.8765390435262325,0.9763664175174361,1.314375075583343,0.9471848058002602,1.6735395189003437,0.805575232982259,52.52233676975945,1332.1374570446735
1129,821.0,106.91168824543144,0.6283833282831942,0.9704491725768322,36.79714593153648,28.62464132101367,-0.9085151461382011,1333.94640682095,327.62241169305724,0.9026152068218292,1.2855059219387766,0.2220961545693868,32.33155836373447,0.16870361055255265,0.6809323158861409,0.6149173701443911,-0.7885915469333322,1.2030924316851457,1.218734633027717,1.5942536678438015,0.7469969355148346,0.5034510759236703,0.848971887712895,327.62241169305724,1333.94640682095
1130,547.0,98.5685424949238,0.8942402997122838,0.9071310116086235,40.27407079427281,18.02615789405871,-0.5806371313121138,1337.7184643510054,281.79707495429614,0.7074903502718977,2.234201599196402,0.5524128170171929,26.390567083147985,0.14510662973959637,0.6828578174328767,0.8361133169536173,-0.5485567620700885,0.5862689945895608,1.030660631657301,1.1573897000958568,1.081346322146264,0.19683120048750763,0.8937551424355767,281.79707495429614,1337.7184643510054
1131,339.0,69.94112549695427,0.8226758874874821,0.9685714285714285,27.612269642553358,15.697869969175331,0.3018560629501167,1331.448377581121,1452.5634218289085,0.8708519502706817,1.7589819317380888,0.4314893280274471,20.775663783985824,0.7479729257615388,0.6796571605825017,0.9547863397817963,0.29729286127668825,0.6707649182128905,1.2690342847497627,1.483359702358491,0.8763835051117953,1.2379547689282202,0.8153244501300368,1452.5634218289085,1331.448377581121
1132,650.0,100.42640687119284,0.8550196187280611,0.9774436090225563,40.188953958123456,20.841816832134825,0.08748081599043601,1338.6046153846153,1510.8753846153845,0.8098924897882595,1.9282845771947468,0.4814043467304021,28.76813695875796,0.7779996831181176,0.6833101660973023,0.9961759930766438,0.08736927845508688,1.4085167197557824,1.5192331298685766,1.7804864485784413,0.637181273409141,0.9507692307692308,0.7841241462933649,1510.8753846153845,1338.6046153846153
1133,465.0,81.59797974644667,0.6482381153357344,0.9528688524590164,28.268662136330303,21.524824612214147,0.23790882370620667,1334.32688172043,765.7225806451613,0.8776149327271812,1.3133051091291774,0.2385623165183015,24.33220886606579,0.3942958705690841,0.6811265348241092,0.9718329287485061,0.23567086922252606,1.3435050403716196,1.515650138968369,1.6194082105688594,0.6698576616688368,1.3942652329749106,0.7782262952980412,765.7225806451613,1334.32688172043
1134,731.0,114.32590180780451,0.8919224455338917,0.9058240396530359,46.62889857422411,21.085047146163955,-1.3540378216540447,1333.5731874145006,804.1162790697674,0.7028100600557369,2.21146759838796,0.5478115977240879,30.508000708034015,0.4140660551337628,0.6807418006199595,0.21506511555569327,-0.9765997112794045,0.9221478289486039,1.5699288230035826,1.6194082105688594,0.7296633942026689,0.7081623347013223,0.8867431547680162,804.1162790697674,1333.5731874145006
1135,688.0,104.08326112068524,0.788285487524745,0.9322493224932249,38.33934379074048,23.59056898095551,0.11593130194178464,1341.7209302325582,82.18023255813954,0.7980617942082947,1.625197926412523,0.3846903298680615,29.597108081327676,0.04231731851603478,0.6849009342687893,0.9932874897187556,0.11567178899028527,0.8374083026513758,0.9384870845322758,1.314375075583343,0.9707888148126144,0.4786821705426356,0.8024065939674672,82.18023255813954,1341.7209302325582
1136,190.0,51.698484809834994,0.7655797155254219,0.945273631840796,19.572137894238633,12.591559630465888,-1.1571665630601713,1331.4894736842105,269.36842105263156,0.8933216002023222,1.554385514474545,0.35665895578160567,15.553633450087505,0.1387067049704591,0.6796781386851508,0.40193562670467614,-0.9156679266991496,0.5862689945895608,0.6223443581651186,0.6340388072704503,1.6280880705987866,1.1929824561403508,0.8318113924587686,269.36842105263156,1331.4894736842105
1137,527.0,88.2842712474619,0.7578272710044327,0.9495495495495495,32.415272864557835,21.14951431652172,-1.3868165533495893,1335.878557874763,365.3776091081594,0.849676890286383,1.5326722107862047,0.3475447698715457,25.903614421069328,0.18814500983942295,0.68191861045164,0.1829436203060534,-0.9831234061852635,1.4029424937584052,1.4469778571150957,1.5697201419441635,0.6787882419113692,1.0290955091714105,0.9047548385849096,365.3776091081594,1335.878557874763
1138,327.0,70.76955262170048,0.8363726419286405,0.9533527696793003,27.725499328276822,15.198045578305463,1.173150258616276,1334.4434250764525,721.7675840978593,0.8204737980343232,1.824280575119063,0.45183870637073775,20.404639941160397,0.3716619897517298,0.6811860260727169,0.38724915064563786,0.9219751055881238,1.067377033042605,1.2669524635261755,1.6546950640686295,0.752063556991644,1.2130479102956169,0.8746735395499781,721.7675840978593,1334.4434250764525
1139,717.0,106.9116882454314,0.6190189104861987,0.9251612903225807,35.29543118942054,27.72018742146173,-0.9450354178815233,1343.813110181311,620.370990237099,0.7882766178943384,1.273275344527211,0.21462391909322853,30.2144461073691,0.3194495315330067,0.6859689179077647,0.5857141725664693,-0.8105176790513432,1.128173592573614,1.2821370508590428,2.2633468951127367,0.6418955550888962,0.5867038586703859,0.769691313322905,620.370990237099,1343.813110181311
1140,219.0,57.45584412271571,0.8303927627056472,0.9563318777292577,22.567571823016205,12.574165387327959,0.13981425388819518,1337.3196347031962,1437.7808219178082,0.8336534653001785,1.794757037772021,0.4428215190389325,16.698486766680407,0.7403608763737427,0.682654229047063,0.9902418987214354,0.13935918346691908,0.6208961955960357,0.6707649182128905,1.3526523789615732,1.1345099619246888,1.538812785388128,0.7932985437003848,1437.7808219178082,1337.3196347031962
1141,245.0,71.35533905932738,0.9394757203006173,0.8718861209964412,31.165141465900415,10.677660076800723,-0.42298715125311237,1343.073469387755,422.30204081632655,0.6046763740374544,2.918723881612667,0.6573845144106351,17.66192765414112,0.2174572815738036,0.6855913575231011,0.9118668261990001,-0.41048616453878506,0.6057024918890939,1.1484138778563515,1.7348949730666556,0.859842432493222,2.0707482993197277,0.8492241188799093,422.30204081632655,1343.073469387755
1142,359.0,71.94112549695427,0.598492336516967,0.9497354497354498,24.102379071686418,19.309103538526724,1.2493737912767786,1341.966573816156,102.03621169916434,0.8716654990171382,1.2482391543240654,0.19887146903230224,21.37973331358283,0.05254181858865311,0.6850263266034486,0.3159165629784352,0.9487869756883747,0.8374083026513758,1.0205933189435323,1.7128842439865501,0.8401276638147327,2.0594243268337977,0.8177811015180102,102.03621169916434,1341.966573816156
1143,356.0,69.35533905932738,0.25082467900989586,0.9595687331536388,21.773626434647255,21.077578698992376,1.0664512104145398,1343.323033707865,436.6629213483146,0.9300366508573511,1.033023135417739,0.031967469348481825,21.290215544369623,0.2248521737117995,0.6857187512546529,0.48323419919143284,0.8754911243021339,0.6057024918890939,1.4337233578804764,1.7351969945429861,0.7947813924032899,1.3211610486891385,0.740770693273277,436.6629213483146,1343.323033707865
1144,350.0,75.35533905932738,0.7264319570875032,0.8860759493670886,26.274736490926692,18.057007738127997,1.2819559676837606,1342.84,647.1057142857143,0.7745507018763226,1.4550991433340683,0.31276160488370564,21.11004122822376,0.33321612476092394,0.6854721796835119,0.2848408143048074,0.9585748330235747,1.0189950345909433,1.128173592573614,1.3565972292909971,0.8562215978195616,1.3533333333333333,0.7814981493741217,647.1057142857143,1342.84
1145,547.0,87.25483399593904,0.7005629624082113,0.9647266313932981,31.289427833400268,22.327841390411425,0.621966142032244,1348.9616087751372,685.3144424131627,0.9028553942614579,1.401363763128367,0.2864094061005069,26.390567083147985,0.3528910620047182,0.6885970437851645,0.8127344866368551,0.5826342370914427,0.7927942146253378,1.417270258088249,1.6318449132617632,0.7808617274918852,0.6806825106642291,0.8200591619253544,685.3144424131627,1348.9616087751372
1146,966.0,119.1543289325507,0.6327554325283106,0.9611940298507463,40.48249644791563,31.347690135846907,0.3671708924415985,1352.7691511387163,1820.2650103519668,0.8550024127120645,1.291402852091575,0.22564829527797214,35.070634442709576,0.9373146294294371,0.6905406590805085,0.9333466620916933,0.3589763339863711,1.4910230162873253,1.9693299621055458,2.106723541893064,0.5388824797123347,0.4396135265700483,0.7952454972936339,1820.2650103519668,1352.7691511387163
1147,41.0,24.72792206135786,0.6645969995580217,0.8541666666666666,8.72244802290717,6.517430603961256,-0.1277103564139682,1340.2439024390244,257.4878048780488,0.8425942173710427,1.3383261829601556,0.25279800041857825,7.225151993843567,0.13258898294441235,0.6841469639811253,0.9918561103241367,-0.12736348147202192,0.6223443581651186,0.9340532956857142,0.9624141943589553,1.19103775144309,7.609756097560975,0.8828268146377193,257.4878048780488,1340.2439024390244
1148,762.0,107.9827560572969,0.5693176393628642,0.9326805385556916,34.9282799411781,28.715155319030057,-0.42090173530806024,1350.9107611548557,396.2217847769029,0.8212133856798711,1.216370921665553,0.17788235299910038,31.14817062185505,0.20402769555968223,0.6895920169243775,0.9127208771359718,-0.40858365170444866,1.1484138778563515,1.4469778571150957,1.7351969945429861,0.6927464572089196,0.49343832020997375,0.7947966383937296,396.2217847769029,1350.9107611548557
1149,320.0,67.35533905932738,0.6597371236521172,0.9523809523809523,23.638296707636403,17.764096269209592,0.5309694907427887,1347.390625,1427.040625,0.8863715112489016,1.3306782596426552,0.24850354114258744,20.185060176161283,0.7348303939237899,0.687795112302195,0.8623165552156111,0.5063695869630026,0.6208961955960357,0.9373011327645568,1.2690342847497627,1.061108678216701,0.9479166666666666,0.775725861717477,1427.040625,1347.390625
1150,644.0,100.9116882454314,0.7827431161214621,0.9526627218934911,36.80832204789853,22.907472675379662,1.1923142652537406,1349.666149068323,1117.442546583851,0.7947175201635117,1.6068259720095237,0.3776550681780535,28.635053113438516,0.5754081084365865,0.6889566866096595,0.36951038686287535,0.9292265999208418,0.8946744765217816,1.374416034767658,1.4744937423712872,0.80137103821462,0.6485507246376812,0.8127711950414446,1117.442546583851,1349.666149068323
1151,338.0,70.18376618407356,0.6444329252695014,0.952112676056338,23.99290244088158,18.346433006635767,-1.057399054054409,1352.8343195266273,62.89940828402367,0.8622897531569361,1.307769332175008,0.235339156992727,20.7449985808745,0.03238898469826142,0.6905739252305397,0.49113937516795375,-0.8710810032136116,0.9384870845322758,0.9763664175174361,1.66980138817203,0.8369006478652745,1.1055226824457594,0.8308858695971707,62.89940828402367,1352.8343195266273
1152,716.0,100.32590180780451,0.7611545457112695,0.9768076398362893,37.6124522663064,24.394328830467177,-1.059972044447173,1355.3798882681565,802.4944134078212,0.893916064300239,1.5418523103341344,0.35142945060458464,30.19336870954244,0.4132309028876525,0.6918733477632244,0.4888964688492651,-0.8723418153147994,0.9221478289486039,1.4316883884150606,1.547913750821498,0.7688857626608511,0.6745810055865922,0.7693518162847942,802.4944134078212,1355.3798882681565
1153,283.0,68.66904755831213,0.8956674492313587,0.9528619528619529,29.04772757168749,12.918234144218898,0.7430772928045276,1354.1024734982332,1096.696113074205,0.7541786816097558,2.2485834555558646,0.555275568034101,18.982275710779543,0.5647250839722991,0.6912212728423854,0.7363900841193283,0.6765571993636079,0.8946744765217816,1.4956986907614684,1.8167175675382707,0.7130818394691149,2.177856301531213,0.7625701430383649,1096.696113074205,1354.1024734982332
1154,175.0,49.21320343559643,0.7957780739698472,0.9562841530054644,19.231890149977744,11.646608739746522,-1.2881581110994573,1349.6285714285714,1874.182857142857,0.9079974769061641,1.6512867032567893,0.39441164394546,14.927053303604616,0.9650787111961159,0.688937504557719,0.2788901554221744,-0.960323008788499,0.8361843479348922,1.078806466606033,1.183476508514935,0.9682206353047005,3.394285714285714,0.8364614547195895,1874.182857142857,1349.6285714285714
1155,515.0,87.59797974644665,0.7766589750732199,0.9662288930581614,32.324069922403446,20.361619947827293,-0.05847367566479267,1362.2466019417475,1652.8543689320388,0.8433909035248209,1.5874999143107285,0.37007870615590754,25.60699837034026,0.8511093557837481,0.6953785614812391,0.9982909016853014,-0.058440359447456264,3.6631473534199044,4.3709025357841025,4.549548577277893,0.23840557277720692,1.0355987055016183,0.7193872021415862,1652.8543689320388,1362.2466019417475
1156,334.0,70.5269119345812,0.8031392341497051,0.9542857142857143,26.878644900629872,16.014064984955613,-0.39850619162713957,1360.1766467065868,737.2724550898204,0.84381374236087,1.678439854333111,0.40420861824844667,20.62188177498708,0.37964596039640597,0.69432192277008,0.921641682510042,-0.38804201970928237,0.7234074044890455,0.9162612501267781,1.2669524635261755,1.032126265537385,0.9411177644710579,0.799166224661767,737.2724550898204,1360.1766467065868
1157,533.0,94.91168824543142,0.871706374174567,0.9586330935251799,37.42140056630614,18.3375553231762,-0.3381043312624962,1366.8236397748592,1493.0075046904315,0.7435285959586255,2.040697350699225,0.509971432237436,26.05065598682386,0.7687989210558349,0.6977149769141701,0.9433851522824457,-0.3316993434618567,1.2471736664478095,1.4085167197557824,1.6852172154123553,0.6910997135445176,1.0112570356472796,0.8456135601476203,1493.0075046904315,1366.8236397748592
1158,541.0,97.25483399593904,0.8885711706282504,0.9247863247863248,39.53914718363545,18.138140419332963,-0.31381084626901123,1366.203327171904,640.9390018484288,0.7187613824750998,2.1798897940767796,0.5412612129671827,26.245429958408437,0.3300406806634546,0.697398329337368,0.9511641259857776,-0.308685609379044,1.0189950345909433,1.2821370508590428,1.33686232570351,0.8246301838184498,0.7578558225508318,0.8000945891745292,640.9390018484288,1366.203327171904
1159,989.0,115.39696961966999,0.4762662530782491,0.9763079960513327,37.91484447846995,33.33856514006774,-1.4555870694086637,1366.5530839231546,145.24974721941354,0.9332915789969704,1.1372668355454278,0.12069888196431511,35.485685983831225,0.07479389661143848,0.6975768677504618,0.11495456107590826,-0.993370750972589,1.3702135326612281,1.9453746842905868,2.096663382603813,0.554297956186352,0.4627569935962252,0.7707362980214197,145.24974721941354,1366.5530839231546
1160,373.0,83.74011537017762,0.9291524569623859,0.9419191919191919,36.364899570770525,13.443986403147935,0.928060536931859,1360.6782841823056,1785.8042895442359,0.6684233090224484,2.7049193952067383,0.6303032165128272,21.792621462004423,0.9195696650588239,0.6945779909046991,0.5993875692016594,0.8004589570281078,1.4910230162873253,3.338994299120277,3.4439004935770834,0.36258518264978246,1.5397676496872208,0.8192854990000128,1785.8042895442359,1360.6782841823056
1161,369.0,71.94112549695429,0.4304165308667972,0.9534883720930233,23.219305658515868,20.958450780657945,-0.4376494249767629,1360.8970189701897,1904.520325203252,0.8959458750343283,1.1078731868838518,0.0973696160905112,21.675455981530703,0.9807004764177405,0.6946896472537977,0.9057503654988602,-0.4238116036621474,1.3647608104091884,1.4252648738939389,1.6981945470238928,0.6684163978987719,1.3739837398373984,0.8550724383470794,1904.520325203252,1360.8970189701897
1162,242.0,56.2842712474619,0.3587891236986846,0.9490196078431372,18.217431908306484,17.004490586561776,-0.21736783765252293,1360.6694214876034,337.6115702479339,0.9599555753855457,1.0713306473704813,0.06658135613459604,17.55346033766304,0.17384735852107822,0.694573466813478,0.9764684838215313,-0.21566014954849677,1.2030924316851457,1.5697201419441635,1.6184554452565132,0.6831739686800481,2.9944903581267215,0.8646417776484757,337.6115702479339,1360.6694214876034
1163,716.0,97.01219330881976,0.5808978083520413,0.984869325997249,33.54102386552286,27.3016050826653,1.2121233438884536,1365.5530726256984,512.6215083798883,0.9560271796813252,1.228536701925235,0.18602350387017008,30.19336870954244,0.2639657612666778,0.6970663974607955,0.35103197238386913,0.9363634734248718,2.190433525309683,2.7738280461732714,2.7864223444040137,0.38706261699703026,0.63268156424581,0.7093804205959433,512.6215083798883,1365.5530726256984
1164,305.0,70.18376618407356,0.8506974396372429,0.9442724458204335,27.336401652693816,14.36953407867687,-0.2549716382621052,1365.327868852459,758.3803278688524,0.7781017003339216,1.9023860831548214,0.474344346368614,19.706294962377495,0.3905151018892134,0.6969514389241751,0.967670449417551,-0.25221796392016743,0.8079166169014484,0.9162612501267781,1.0584699413193674,1.0781098459533316,1.2907103825136612,0.858242992006212,758.3803278688524,1365.327868852459
1165,163.0,49.45584412271571,0.8684162258765777,0.9476744186046512,20.524525932461703,10.176797179080001,0.502642861334965,1362.6625766871166,672.4417177914111,0.8374564477529269,2.0167962052592614,0.5041640809357588,14.406180819073164,0.3462624705414063,0.6955909018310957,0.8763124433156914,0.48174319060063864,0.7927942146253378,1.33686232570351,1.3565972292909971,0.8605225546524492,2.940695296523517,0.7987224928709601,672.4417177914111,1362.6625766871166
1166,465.0,82.18376618407356,0.6109508940411412,0.9451219512195121,27.7526631850889,21.970909080114318,1.4489305718212466,1367.0559139784946,1864.7247311827957,0.8651486568347583,1.2631549784258858,0.20833150557172597,24.33220886606579,0.9602084094659092,0.697833544654668,0.12156433550294149,0.9925835543337036,0.8361843479348922,1.6981945470238928,1.796056853261858,0.6927709298614317,0.7025089605734768,0.8853692926547291,1864.7247311827957,1367.0559139784946
1167,707.0,99.01219330881975,0.5230042193809291,0.9684931506849315,32.694308060703946,27.86634261223554,1.484975565865204,1373.7086280056576,197.33663366336634,0.9062581301023107,1.1732543633604986,0.1476699075418344,30.003005818213616,0.10161515636630605,0.7012295191453076,0.08571545183058177,0.9963196582008603,1.1184748354421572,1.150812170048678,1.4763281907145558,0.8009365198644113,0.7175860443187175,0.761259587614631,197.33663366336634,1373.7086280056576
1168,352.0,84.2842712474619,0.9261499368142813,0.8934010152284264,36.047739238741585,13.595604232742915,-1.5544026422357382,1368.9488636363637,1432.4488636363637,0.6226721695815711,2.6514260507764833,0.6228444690331284,21.17026971360491,0.7376152747870051,0.698799828298297,0.01639295026066586,-0.9998656265627653,0.9373011327645568,1.3245554278116187,1.3526523789615732,0.829988264016761,1.1571969696969697,0.8176008641814554,1432.4488636363637,1368.9488636363637
1169,604.0,94.59797974644667,0.5325794006961329,0.9467084639498433,30.586082252692723,25.887449698341683,-0.2711213405331993,1378.4983443708609,701.3476821192053,0.8481703361468139,1.1815023344942328,0.15361995418479535,27.73151068766428,0.36114710716745896,0.7036744994236145,0.9634711937322222,-0.2678119841385123,0.8716265010467169,1.3899298197738454,1.417270258088249,0.8154774180439459,0.5452538631346578,0.8692985303679303,701.3476821192053,1378.4983443708609
1170,404.0,79.84062043356595,0.869255650197673,0.9550827423167849,32.327771286288915,15.98164872673929,-0.920847859108863,1375.5123762376238,447.6039603960396,0.7964223201025058,2.0228057717349603,0.5056371630073508,22.680140565547774,0.23048607641402657,0.7021502686256375,0.605145380892247,-0.7961149841478787,0.9003339836210946,1.4337233578804764,1.5799455623641703,0.7664787363946489,0.665016501650165,0.8738558746422841,447.6039603960396,1375.5123762376238
1171,311.0,69.94112549695427,0.6705854795449837,0.9367469879518072,23.642437890308635,17.538723333604793,-1.3675749392933896,1376.427652733119,742.7652733118971,0.7989231756170562,1.3480136176735804,0.2581677314760269,19.899183360445615,0.38247439408439604,0.7026174848050633,0.20182546873060586,-0.9794215028125894,0.7234074044890455,0.8079166169014484,1.1734462880746017,1.1091514830304723,1.0267952840300107,0.8321940859892369,742.7652733118971,1376.427652733119
1172,472.0,80.52691193458118,0.69448622655092,0.9613034623217923,28.939894569098104,20.822427723412492,1.4413718781690958,1375.8538135593221,1140.6101694915253,0.9146812417726585,1.389842479153304,0.28049400201870156,24.514670406003766,0.5873378833632983,0.7023245602650955,0.12906342636940918,0.9916363405875099,1.2554594410899547,1.4744937423712872,1.5744251319986988,0.6969647600967058,1.1560734463276836,0.8389212988502154,1140.6101694915253,1375.8538135593221
1173,758.0,115.7401153701776,0.8722649146120094,0.9056152927120669,46.18608447108915,22.5865498413735,-0.5659122329462438,1385.4683377308706,221.1094986807388,0.7110681852476054,2.04484902720674,0.510966341918162,31.066309322306914,0.11385659046382018,0.7072324337574634,0.8440998251236104,-0.5361860546734597,0.7955069722085683,1.1184748354421572,1.2653827196402874,0.9435847869121693,0.5334212840809147,0.8531622223436788,221.1094986807388,1385.4683377308706
1174,536.0,85.01219330881975,0.586866457927009,0.9710144927536232,29.205131183359654,23.646919875110726,-0.10513786789672586,1381.9589552238806,777.179104477612,0.9319920580407096,1.2350501180536055,0.19031625892561843,26.123866405607867,0.4001952134282245,0.7054410184910059,0.994478103753178,-0.10494427643031967,1.0584699413193674,1.4698880361835907,1.5466970562612203,0.7361863766607497,0.5814676616915423,0.817230563741299,777.179104477612,1381.9589552238806
1175,217.0,53.4558441227157,0.39008581816363586,0.9559471365638766,17.381019608520102,16.004069242935334,0.4235029141392455,1377.225806451613,1197.2534562211981,0.9542874537409843,1.086037516126881,0.07922149543573342,16.622063085174787,0.6165053842539641,0.703024913962028,0.911654991395984,0.4109564169869942,1.2544349105152488,1.6422499621301034,2.3889575560909204,0.5675752835057479,1.7357910906298004,0.8775752277112118,1197.2534562211981,1377.225806451613
1176,575.0,88.18376618407358,0.6760206484159939,0.9762308998302207,31.549149955355883,23.248022145804608,1.0363864165703407,1381.8678260869565,267.3321739130435,0.9291812186864448,1.3570681306774872,0.2631173207930456,27.05758189903005,0.13765817400259706,0.7053945002996205,0.5093333149710484,0.8605693314664443,1.1661049516672133,1.1699863238339585,1.54213096883962,0.7735503050083532,0.6284057971014493,0.8044655301752789,267.3321739130435,1381.8678260869565
1177,826.0,111.05382386916236,0.29138707744956055,0.950517836593786,33.725717832026874,32.262198152325226,1.49891870540915,1386.9188861985472,309.6138014527845,0.8416332358372149,1.0453632970943787,0.04339476736983927,32.429860683500394,0.1594303817985502,0.7079728872886918,0.07181574603804479,0.9974179157309132,1.4426319519402442,1.6184554452565132,1.688293340621933,0.6316612976743257,0.3926553672316384,0.8848268841078105,309.6138014527845,1386.9188861985472
1178,182.0,58.2842712474619,0.9266360263369126,0.9285714285714286,25.120357568316347,9.444241382692555,1.0885986569357173,1376.7032967032967,828.9120879120879,0.6732533307579358,2.65985975478684,0.6240403283668091,15.222667215103916,0.4268342368239382,0.7027581912727395,0.4637273808402099,0.8859779434382545,1.4316883884150606,1.62112072363591,1.8437315627814774,0.6126774388742632,1.879120879120879,0.9275357098180725,828.9120879120879,1376.7032967032967
1179,599.0,90.66904755831213,0.6356775565031407,0.9692556634304207,31.490731874344128,24.309418177132105,-0.43320531243855137,1384.9282136894824,1528.6327212020033,0.9156269755789748,1.2954128167480163,0.22804530951732893,27.616489409343153,0.7871435227610727,0.7069567195964688,0.9076248814289107,-0.4197821751946547,1.1278278194412246,1.6076429046306127,1.6852172154123553,0.6786274084639509,0.5676126878130217,0.8451078597217961,1528.6327212020033,1384.9282136894824
1180,510.0,87.59797974644667,0.8037329171585526,0.940959409594096,33.36844743923747,19.853900891856064,-1.2249761141751148,1382.7686274509804,93.91176470588235,0.8352026423255505,1.6806998091203822,0.40500974976407944,25.482389366284572,0.04835827224813715,0.7058543274379685,0.3389684453629508,-0.9407977429013232,1.0541427083392845,1.7544376972895668,1.7676089144453597,0.6555672832065763,0.7503267973856209,0.8651137435968641,93.91176470588235,1382.7686274509804
1181,707.0,110.81118318204308,0.9046821112825179,0.9541160593792173,46.31607516223184,19.734685450450588,-0.4958144543172431,1391.6506364922207,1075.5770862800566,0.7235392472096636,2.346937592621946,0.5739128287246775,30.003005818213616,0.5538501989083711,0.7103882779439615,0.8795815264423994,-0.4757481879537311,1.0939368706861614,1.8167175675382707,1.905673887884482,0.6228811237259824,0.553983969825554,0.8229596557901454,1075.5770862800566,1391.6506364922207
1182,683.0,108.22539674441619,0.8775447328336872,0.9539106145251397,43.327891613706555,20.775497759072728,-0.8090226052259561,1393.1390922401172,1452.4831625183017,0.7327776159952862,2.0855284487605177,0.5205052222642538,29.489364337912,0.7479315975892388,0.7111480817968949,0.6902060179990835,-0.7236129163564238,1.0302049399890734,1.3245554278116187,2.0376548485408783,0.6829955394104775,0.6115178135675939,0.7258406602052746,1452.4831625183017,1393.1390922401172
1183,142.0,41.798989873223334,0.5452455005809265,0.9594594594594594,14.690487886830589,12.314689486647136,-0.4196387044516509,1383.5704225352113,37.936619718309856,1.0213312848548903,1.192923938744825,0.1617235872957805,13.446189622059965,0.019534819628377886,0.7062636153829562,0.9132362027507951,-0.40743053148396796,1.2461930169824633,1.6549162329365426,1.66980138817203,0.6563243601832697,2.6619718309859155,0.7717501660605556,37.936619718309856,1383.5704225352113
1184,469.0,89.25483399593905,0.8514160733896176,0.9417670682730924,34.89669576931777,18.302998233037563,0.49638103638986253,1394.5181236673775,577.2622601279318,0.739808324109493,1.9066108910139103,0.4755091326116293,24.436639426909572,0.2972514212811183,0.7118520284162213,0.8793118348829094,0.4762464666901488,0.9306009145052747,0.9441540800574176,2.806617714534759,0.6408376744218657,1.1201137171286426,0.7507950516436485,577.2622601279318,1394.5181236673775
1185,254.0,65.698484809835,0.8408459616925988,0.8788927335640139,25.597441269521717,13.855241854505428,-0.835358255240465,1386.3503937007874,239.95275590551182,0.7394909669740823,1.8474914792770634,0.45872551445200327,17.983404693292407,0.12355960654248807,0.7076826920371554,0.6709120662336991,-0.741536917072932,0.7955069722085683,1.0981698113177714,1.1699863238339585,0.9792199386390263,2.229658792650919,0.7887220744457232,239.95275590551182,1386.3503937007874
1186,368.0,75.49747468305833,0.8176065002190636,0.9533678756476683,28.788502908503933,16.575769265771324,-0.6783684377160115,1391.6032608695652,1476.8641304347825,0.8113212150756268,1.7367823144082786,0.42422260308385284,21.646065519224038,0.7604861639725966,0.7103640943693544,0.7785975983308838,-0.6275235293384462,1.0302049399890734,1.2454619674301572,1.2471736664478095,0.8515855137625159,1.4990942028985506,0.7805751717445383,1476.8641304347825,1391.6032608695652
1187,630.0,101.7401153701776,0.8012573674571288,0.9251101321585903,37.35323331392397,22.349180584803083,-0.2939944868755081,1397.1555555555556,368.9111111111111,0.7648318445415001,1.6713468832644045,0.40168015986792516,28.32209231647889,0.18996452683373383,0.7131983438262152,0.957094001316323,-0.28977762619689995,1.0537312859842594,1.317385268171453,1.7684156976567285,0.7247195618989292,0.6798941798941799,0.8646388845739961,368.9111111111111,1397.1555555555556
1188,488.0,97.25483399593905,0.6138426960818191,0.8808664259927798,29.336686086829065,23.15921215063268,0.6880863285278542,1395.719262295082,554.905737704918,0.6483466814193136,1.2667393819796942,0.21057163436635773,24.926710529686012,0.2857393088078877,0.7124651670725278,0.7724627250957632,0.6350601060825876,0.9441540800574176,1.8747419433393653,2.190433525309683,0.598882539236149,1.0628415300546448,0.8371991198027038,554.905737704918,1395.719262295082
1189,582.0,90.66904755831214,0.7096531096191188,0.9667774086378738,32.614289123585266,22.978438172923617,-0.7332600782474743,1394.4364261168384,1172.9914089347078,0.8896409011468498,1.4193431632797369,0.2954487499067827,27.221781995965376,0.6040120540343501,0.7118103247150783,0.7429963991105755,-0.6692954137813276,1.160224303686946,1.2544349105152488,1.5470751059395444,0.7572441152219085,0.4381443298969072,0.8991240785759232,1172.9914089347078,1394.4364261168384
1190,411.0,76.18376618407356,0.6030644691850026,0.9535962877030162,25.960534371944885,20.708522286311727,0.03880307881471513,1394.058394160584,393.70559610705595,0.8898704985247446,1.253615975733079,0.20230754923553962,22.875783109789968,0.2027320268316457,0.7116173528129576,0.9992472549937181,0.03879334205143003,1.0537312859842594,1.2223942430152939,1.658322894773384,0.762495698729519,1.0470397404703973,0.7942770028190612,393.70559610705595,1394.058394160584
1191,502.0,89.84062043356596,0.8565648075392107,0.9330855018587361,35.838843593753964,18.494257710725226,-0.5070282003172114,1398.593625498008,139.85258964143426,0.7815703874054764,1.9378362816351495,0.4839605339847398,25.281737508665255,0.07201472175151095,0.7139324275130209,0.874191416638295,-0.48558147315968603,1.3702135326612281,1.515157203991248,1.5495269884609735,0.676453029122167,1.3778220451527223,0.841651813003934,139.85258964143426,1398.593625498008
1192,371.0,75.59797974644665,0.8482114446791884,0.9345088161209067,30.384407747692975,16.093337415036924,1.3589627949222884,1393.1698113207547,599.288409703504,0.815761855617293,1.888011601577625,0.4703422377466332,21.73411767467788,0.30859341385350364,0.7111637627977309,0.21025279929164667,0.9776470530769407,0.9306009145052747,1.8747419433393653,2.0924423060450423,0.6125217623096978,1.3459119496855345,0.7023054626679688,599.288409703504,1393.1698113207547
1193,411.0,78.76955262170046,0.814053960158173,0.9535962877030162,30.166200458443285,17.52020486261392,0.17954323069123293,1397.6788321167883,1120.3625304136253,0.8324054752402845,1.7217949615882888,0.4192107525523603,22.875783109789968,0.5769117046414136,0.7134654579462931,0.9839253653660929,0.17858016516175737,1.0930409243607493,1.2554594410899547,1.7982666814394455,0.7234551558062172,1.1922141119221412,0.8922008700453494,1120.3625304136253,1397.6788321167883
1194,512.0,98.81118318204308,0.8987276642774186,0.8858131487889274,39.698990308749764,17.408294034184845,0.7834204005673674,1401.21875,175.685546875,0.6589730076416445,2.2804641414484643,0.5614927760430217,25.532305945691693,0.09046629602214212,0.7152724604389995,0.7085038868437338,0.7057069096496942,0.8311648171018142,1.4763281907145558,1.515157203991248,0.7847958441851234,0.951171875,0.86718869582081,175.685546875,1401.21875
1195,299.0,66.52691193458118,0.8124831553486644,0.9522292993630573,25.682433622722566,14.97246502028769,1.1005915695047723,1396.2742474916388,442.628762541806,0.8489582301820529,1.7153109783808391,0.41701533272762825,19.511499785403828,0.2279241825652966,0.7127484673260025,0.4530688309906915,0.8914755377377038,0.9003339836210946,0.9282315007168059,1.1488766666059875,1.0075762509941495,1.1393534002229655,0.7741224410853215,442.628762541806,1396.2742474916388
1196,449.0,83.59797974644665,0.7510626436169671,0.9472573839662447,29.993884135879163,19.802890572364237,-0.0873344325668779,1404.944320712695,58.342984409799556,0.807355188203954,1.5146215157971374,0.3397690514955446,23.90992587997897,0.030042731415962694,0.7171742321146988,0.9961887718176095,-0.08722345386719559,0.8897862969951492,0.9252034867270259,1.2461930169824633,0.9800133462495103,0.615441722345954,0.8610857950817223,58.342984409799556,1404.944320712695
1197,278.0,63.45584412271571,0.667935211361904,0.9553264604810997,22.125637244207564,16.466329040658497,-1.227987361860495,1398.294964028777,695.4064748201439,0.8675837490894059,1.3436897313041152,0.2557805744117341,18.81384047546846,0.35808778312056844,0.7137799714286763,0.3361339378024973,-0.9418141939137396,0.8716265010467169,1.0546819375997099,1.7876909939120638,0.8077545660617852,1.2434052757793765,0.8613267526624954,695.4064748201439,1398.294964028777
1198,319.0,67.698484809835,0.7317945709294493,0.9608433734939759,24.718084463747946,16.845999411265847,-0.24117893077053507,1403.808777429467,747.7210031347962,0.8746668152729193,1.4672970038938504,0.3184747209690727,20.153496341094687,0.385026263200204,0.7165945775546029,0.971057064955966,-0.23884760120023132,1.1734462880746017,1.5466970562612203,1.6838816883051302,0.6811950381219782,1.2037617554858935,0.8363389779972291,747.7210031347962,1403.808777429467
1199,340.0,68.2842712474619,0.6636221503177917,0.9577464788732394,24.091023148445036,18.021722039050015,-0.13584810592759314,1403.7,80.24705882352941,0.9163205435695002,1.3367769792611313,0.2519320608343181,20.806283791440396,0.041321863451868904,0.7165390505359878,0.9907868280081211,-0.13543065179495328,0.9252034867270259,1.0541427083392845,1.6405879889799926,0.8287443493369401,1.280392156862745,0.7627211291167604,80.24705882352941,1403.7
1200,252.0,58.8700576850888,0.7610087561178946,0.9618320610687023,22.318177729662025,14.47873049354705,0.5492889855909595,1400.9285714285713,195.39285714285714,0.9137375699546433,1.5414457600138973,0.351258392646275,17.91246396432554,0.10061424157716639,0.7151243345730328,0.8528959446861344,0.5220809396424527,0.8311648171018142,1.150812170048678,1.2653827196402874,0.9238274385576972,2.615079365079365,0.7587664409971868,195.39285714285714,1400.9285714285713
1201,812.0,121.63961030678928,0.8902739093365181,0.9463869463869464,49.05580446917699,22.34126321753026,0.9992456150637986,1407.084975369458,1299.8522167487686,0.6896295351493074,2.195748914980105,0.54457452162327,32.15385684991696,0.6693368778314978,0.7182669603723625,0.5409369451010156,0.8410631494868747,1.0493245309597357,1.536299401451006,2.189089043882342,0.628310018821088,0.6362889983579638,0.7980406756503918,1299.8522167487686,1407.084975369458
1202,151.0,47.4558441227157,0.8335350857422466,0.937888198757764,18.840890775066306,10.408961447432864,-1.0071297204172918,1402.364238410596,421.47682119205297,0.8425727428874483,1.810064420952677,0.4475334753700767,13.86575534383214,0.21703234870857516,0.7158571916337907,0.5342891713234013,-0.8453017694329956,0.9282315007168059,1.2128489819531052,1.2223942430152939,0.8919347533937071,2.295805739514349,0.836246087067282,421.47682119205297,1402.364238410596
1203,467.0,92.66904755831214,0.8609277826960128,0.8811320754716981,36.129655582015644,18.380138129255627,-0.11477761536088531,1411.5503211991436,465.18629550321197,0.6833722602660104,1.9656901013441324,0.4912728108483614,24.384480051691096,0.2395398020098929,0.7205463610000733,0.99342027765076,-0.114525769817482,1.0801244778845152,1.1488766666059875,1.4433689856329777,0.8169111210745872,0.7658815132048538,0.8815065727662935,465.18629550321197,1411.5503211991436
1204,481.0,82.76955262170046,0.6898393609980806,0.9449901768172888,29.335241892322635,21.237614138890972,-0.9237058317270219,1407.2744282744284,1096.2848232848232,0.8822948105203959,1.381287073984598,0.27603753134726683,24.747287144606645,0.5645132972630398,0.7183636693590753,0.602867637749737,-0.7978412193876999,1.0930409243607493,1.0939368706861614,1.8534105754074228,0.7425028796582384,0.9688149688149689,0.8209842428718622,1096.2848232848232,1407.2744282744284
1205,211.0,54.8700576850888,0.7896989150697877,0.9461883408071748,21.075396757091156,12.92964209145435,-0.05821692817553332,1406.8199052132702,1543.995260663507,0.8806867974072659,1.6300061987810643,0.38650540056362337,16.39065416446578,0.7950542021954207,0.7181316514615979,0.998305873197391,-0.058184048841541054,1.1278278194412246,1.1479552247102527,1.2417771451942556,0.8528638711248324,2.3270142180094786,0.8598443850820127,1543.995260663507,1406.8199052132702
1206,366.0,79.59797974644665,0.664303883366893,0.8755980861244019,26.441231800830376,19.763832083862273,-1.447465378754052,1407.0054644808743,255.81147540983608,0.7259168194031193,1.3378595653228804,0.25253739187591107,21.587164551489145,0.13172578548395267,0.7182263728845708,0.12301853103843642,-0.9924043737414427,1.0640396948693005,1.0981698113177714,1.1531972773376735,0.9048663394512864,1.1056466302367942,0.8726865902711718,255.81147540983608,1407.0054644808743
1207,290.0,72.62741699796952,0.9203737533676416,0.9477124183006536,31.323262337117523,12.248643398253135,0.03006920463833534,1411.7103448275861,855.1034482758621,0.690886433036985,2.5572842084360747,0.6089601630115422,19.21560480373171,0.4403210341276324,0.7206280473851895,0.9995479555276825,0.030064673629195668,0.7334793889375806,0.7902729685561857,1.1833772191674445,1.1081848559683631,1.717241379310345,0.8382858101755092,855.1034482758621,1411.7103448275861
1208,736.0,102.76955262170046,0.6734348239882847,0.9608355091383812,35.84229068631909,26.496291580092688,0.2734079523932187,1413.851902173913,872.3641304347826,0.8757068491355672,1.3527285725240237,0.26075339849285206,30.612159429303247,0.44920912998701473,0.7217212364338504,0.9628562934080284,0.27001436673731416,0.7334793889375806,1.0300421527186425,1.3625327070887978,0.959676244007721,0.4746376811594203,0.7766790048093152,872.3641304347826,1413.851902173913
1209,806.0,121.05382386916237,0.9127045690641553,0.9515938606847698,50.234664838727596,20.52689275473718,0.5510957442641597,1419.3014888337468,1278.1749379652606,0.6911747763989193,2.4472610364827125,0.5913799202077625,32.03484154879717,0.658174530363162,0.7245030570871602,0.8519512788469906,0.5236210638152149,1.0493245309597357,1.525263570967817,1.7300797862021844,0.6969178756560055,0.6435070306038048,0.7975255952338545,1278.1749379652606,1419.3014888337468
1210,439.0,79.84062043356595,0.7517050273984288,0.9543478260869566,29.299450332957544,19.322971984839217,1.1108148878814663,1411.5717539863326,1498.624145785877,0.8654193032797031,1.5163014445161884,0.34050052935280717,23.642169108157916,0.7716911152347462,0.7205573016775562,0.44393147518107,0.8960607375304194,0.9440571405558105,1.2454619674301572,1.6923050028320552,0.7728325432467381,0.9438116932422171,0.8793521254846995,1498.624145785877,1411.5717539863326
1211,364.0,70.18376618407356,0.7266779958910133,0.9706666666666667,26.02494838593729,17.878573011991673,-0.9143733366279827,1411.5412087912089,341.18131868131866,0.928619734169008,1.4556502002973957,0.3130217686943637,21.528102431092233,0.175685540000679,0.7205417094391061,0.6102871256086639,-0.7921802978592152,0.9839247192624858,1.294961026879831,1.317385268171453,0.8341974195102343,1.4972527472527473,0.7726835023251573,341.18131868131866,1411.5412087912089
1212,446.0,96.66904755831213,0.9342025902720263,0.8849206349206349,41.79479318413612,14.909997109533924,-1.2849085147707022,1412.1008968609865,1902.92600896861,0.5997494292819758,2.8031389192833047,0.6432570668828372,23.829914749152643,0.9798795102824974,0.7208274103425149,0.282009339532179,-0.9594116595167187,2.1603593475096967,2.4797396027134075,2.490721225247884,0.4207089684184682,0.9798206278026906,0.8067754768080743,1902.92600896861,1412.1008968609865
1213,464.0,78.42640687119285,0.6154934670875735,0.9747899159663865,27.45779489542607,21.640641032749013,-0.6546753219348972,1416.4547413793102,279.2068965517241,0.9479888041486355,1.2688069107506517,0.21185801280954575,24.306031118985995,0.14377286125217514,0.7230498935065391,0.7932456669427396,-0.6089017259595906,1.0640396948693005,1.54213096883962,1.6139452691057654,0.7108809444481524,1.1149425287356323,0.7885938522831543,279.2068965517241,1416.4547413793102
1214,347.0,82.18376618407356,0.9163558039139055,0.9378378378378378,33.946193952775516,13.590864016564518,-0.08335574444639796,1421.994236311239,45.913544668587896,0.6456055568207767,2.4977215511392035,0.5996351156341255,21.019374919894773,0.0236424019920638,0.7258776091430521,0.996527921018362,-0.08325924952112719,0.689713961065327,0.8897862969951492,1.6405879889799926,0.9316514858737962,1.1133525456292026,0.8634203338404512,45.913544668587896,1421.994236311239
1215,367.0,77.59797974644665,0.8197175479810221,0.9291139240506329,29.341140621763703,16.805665399628293,-0.3068815603043007,1419.7193460490464,319.32970027247956,0.7659053427688781,1.7459076998172693,0.4272320351730723,21.616635097022034,0.1644334192958185,0.7247163583711314,0.9532802447460023,-0.30208736315344614,0.9839247192624858,1.1406706752282336,1.4426319519402442,0.8409892918659982,1.6357856494096277,0.8269788295887072,319.32970027247956,1419.7193460490464
1216,319.0,65.4558441227157,0.7433098714323774,0.9755351681957186,24.65924005119715,16.495731035881455,-0.505114199659965,1415.5924764890283,1190.5799373040752,0.9356290362997701,1.494886161611053,0.3310527412185751,20.153496341094687,0.6130689687456617,0.7226097378708669,0.8751192180743267,-0.48390738179632997,0.8143588114121777,1.160224303686946,1.2543950155515413,0.9290865031022914,1.4158829676071056,0.8610215071021763,1190.5799373040752,1415.5924764890283
1217,496.0,81.84062043356595,0.6716568994184813,0.9725490196078431,29.28429574080958,21.695631919831385,0.6464305266817204,1419.6149193548388,231.54637096774192,0.9305799996907975,1.3497784184862394,0.2591376582228302,25.13019725725687,0.1192308810338527,0.7246630522485139,0.7982389191876028,0.6023409565140061,1.1508514010219821,1.1531972773376735,1.4468953046493955,0.7997986676392232,0.5625,0.8136529669273252,231.54637096774192,1419.6149193548388
1218,495.0,86.5269119345812,0.826041500502764,0.9611650485436893,33.55963118968233,18.914520135914987,-0.10490025923674798,1423.6626262626262,442.6181818181818,0.830830926404801,1.77427875243629,0.43639070319312323,25.104851615652017,0.22791873420091752,0.7267292630232906,0.994503011348778,-0.10470797686046758,1.0801244778845152,1.1549922786004168,1.2655330730600787,0.8569837447551613,0.6175084175084176,0.7916344111118372,442.6181818181818,1423.6626262626262
1219,20.0,14.485281374238571,0.6931216735062299,0.7142857142857143,6.734579976030595,4.854424017990986,1.3344570457132323,1412.05,813.8,1.1978046321169937,1.3873077323018264,0.27917939422077886,5.046265044040321,0.4190525231719876,0.7208014293006636,0.23414524635989117,0.9722016270337475,1.317313246801592,1.3576880486836564,1.62112072363591,0.6983041884396243,9.816666666666666,0.7235615691564593,813.8,1412.05
1220,332.0,64.87005768508881,0.3143600554989929,0.9764705882352941,21.12758733067217,20.056499503274278,-1.3742831832953,1420.1566265060242,656.7168674698795,0.9914238894087473,1.0534035277304015,0.0506961732371084,20.56004690782767,0.33816522526770315,0.7249395745308954,0.1952507784757206,-0.9807533499838913,0.7387695633853706,1.3888200971805416,1.7864480529089977,0.7664719196935329,1.035140562248996,0.7848203618555321,656.7168674698795,1420.1566265060242
1221,367.0,74.52691193458118,0.7089691374447483,0.9434447300771208,26.180772600359496,18.4637151600206,-0.3984977684752866,1425.226158038147,842.1226158038147,0.8303279852209303,1.4179579988890103,0.29476049305867047,21.616635097022034,0.433636774358298,0.7275273905248326,0.9216449510142042,-0.38803425656767093,0.5838314568753474,0.7902729685561857,0.9922053286078837,1.2677968278999991,0.8801089918256131,0.7370680084627814,842.1226158038147,1425.226158038147
1222,276.0,61.69848480983499,0.36799492152167007,0.9484536082474226,19.50174541823403,18.133265039250457,1.2439560594651797,1421.7028985507247,1518.5869565217392,0.9111081857994969,1.0754679521873982,0.07017219995621782,18.746042631630413,0.7819706264272601,0.7257288915521821,0.3210521748616416,0.9470615085709111,0.9440571405558105,1.2417771451942556,1.577837011946412,0.7970940506510554,1.5072463768115942,0.8329680315181783,1518.5869565217392,1421.7028985507247
1223,270.0,61.45584412271571,0.7064625193213281,0.9375,22.19218197199593,15.706526923264384,-1.2395744141801532,1423.037037037037,699.0555555555555,0.8983534740877454,1.4129273823817181,0.29224954341649334,18.5411616971131,0.35996681542510583,0.726409921917834,0.32519876727134384,-0.9456456851089622,1.0546819375997099,1.1556344160992889,1.7895871495804931,0.7500180935715879,1.1407407407407408,0.9055050619559996,699.0555555555555,1423.037037037037
1224,330.0,73.39087296526012,0.7746454964206311,0.9428571428571428,26.487796852656967,16.750769533596777,-0.20364796051448203,1429.4030303030304,411.6757575757576,0.7699095324950486,1.5812883580978638,0.3676042735159937,20.49802550887777,0.21198545704209967,0.7296595356319706,0.979335320406921,-0.20224324513682393,0.6585733655630023,0.91636200154888,1.2128489819531052,1.0761234099783181,1.1777777777777778,0.7661673068457171,411.6757575757576,1429.4030303030304
1225,246.0,67.21320343559643,0.9328854313095619,0.9389312977099237,29.648942824001658,10.678756179736176,0.03970840300398491,1429.4552845528456,641.869918699187,0.6842830487807192,2.7764415934753695,0.6398267471752341,17.697935698969246,0.3305200405248131,0.7296862095726624,0.9992117249501374,0.039697968741120214,0.6501030465771329,0.7387695633853706,1.2201608262364203,1.1498511128207969,1.513550135501355,0.8872006420648747,641.869918699187,1429.4552845528456
1226,574.0,87.9411254969543,0.2858886845651242,0.9728813559322034,27.805717956940693,26.645186105503893,-0.9271757958044495,1429.8519163763067,120.5383275261324,0.932690852373187,1.0435550289212308,0.04173716547200734,27.034043328329254,0.062069169683899285,0.7298886760471193,0.6000955334790047,-0.7999283409772082,1.5495269884609735,1.7330963121447374,2.0256556008727573,0.5651549316981886,0.7903600464576075,0.7908277258415488,120.5383275261324,1429.8519163763067
1227,517.0,85.94112549695427,0.796888888211096,0.9663551401869159,33.052501689429064,19.967872242699563,1.4428800584624477,1426.752417794971,1151.5570599613152,0.8796265578429939,1.655284112783392,0.3958741026526975,25.65667251667837,0.592974799156187,0.7283064919831399,0.1275677137650245,0.991829863638298,0.8455244826064189,1.004124396635937,1.1504258317502758,0.9999750969559664,0.5306254029658285,0.8627355691898458,1151.5570599613152,1426.752417794971
1228,370.0,73.24873734152916,0.3207318312529995,0.9536082474226805,22.77224938771342,21.569192456584723,0.9795474757979322,1428.654054054054,30.975675675675674,0.8665852697478994,1.0557766329708567,0.052829955910187576,21.70480664627101,0.015950399421048235,0.7292772098285115,0.5573983098802686,0.8302452192832067,0.689713961065327,1.1131802753465383,1.5269827004791554,0.900934195724658,1.3792792792792792,0.7217110367253706,30.975675675675674,1428.654054054054
1229,638.0,100.91168824543142,0.8766777681955312,0.9696048632218845,41.1546987959993,19.798622269065522,-0.4841774903152467,1437.960815047022,356.8322884012539,0.7873133196650939,2.0786647796347784,0.5189219494180779,28.501347854812654,0.18374474171022342,0.7340279811368157,0.8850581107049548,-0.4654805481170787,1.294961026879831,1.336404852279014,1.424800820214626,0.739614572661274,0.7351097178683386,0.8446269497982305,356.8322884012539,1437.960815047022
1230,510.0,90.91168824543144,0.8482990823009484,0.96045197740113,35.57089093522645,18.83540534999447,-1.0078203813301418,1433.2333333333333,390.28627450980395,0.7754264210282354,1.8885121012400667,0.4704826093815533,25.482389366284572,0.20097130510288566,0.7316147694401905,0.5337052270468048,-0.8456705804407048,0.91636200154888,1.1901669863580762,1.2019002508833452,0.9067747210144123,0.8941176470588236,0.7600823277713212,390.28627450980395,1433.2333333333333
1231,229.0,59.698484809834994,0.8447787841173189,0.9385245901639344,23.439227198407963,12.54269832778925,0.6223622964500627,1430.698689956332,1178.5502183406113,0.8074557456870154,1.8687547596099534,0.4648843060559107,17.075475271404667,0.6068744687644755,0.7303209239184951,0.8125036097413034,0.5829561597215966,0.7226406133909711,0.8143588114121777,1.1504258317502758,1.116310116042984,1.5720524017467248,0.9305146913521608,1178.5502183406113,1430.698689956332
1232,598.0,99.91168824543142,0.7123377404269428,0.9101978691019786,34.10189444144682,23.93396567688104,0.9784949425893457,1431.896321070234,1554.5869565217392,0.752797993867566,1.4248325957276466,0.29816316457210845,27.59342761875783,0.8005082165405455,0.7309322721134426,0.5582718616333021,0.829658079276329,0.9617524475831275,1.1479552247102527,1.4056453871500292,0.8533993454628974,0.5490523968784838,0.9068449491038941,1554.5869565217392,1431.896321070234
1233,938.0,125.7401153701776,0.8718615603989108,0.9561671763506626,49.842884333703964,24.4106725404905,1.105788705397424,1437.1567164179105,1730.4904051172707,0.7455297757040183,2.0418480585091836,0.5102475936774008,34.558626896356614,0.8910867173621373,0.73361751731389,0.44842961360203193,0.8938181479723559,1.2378174044284764,1.5411796392520374,1.7940742605510027,0.6560142627175012,0.4115138592750533,0.9008110987372372,1730.4904051172707,1437.1567164179105
1234,544.0,87.84062043356595,0.7202825149688833,0.9662522202486679,31.73283449421914,22.01245907817613,0.29492774847654574,1439.0349264705883,1208.889705882353,0.8859678744726637,1.441585166905778,0.3063191665974182,26.318098569918163,0.6224972738838068,0.7345762769119899,0.9568231462207071,0.2906707189524038,0.9792181297473945,1.2543950155515413,1.3268607606456058,0.8425844646666899,0.4430147058823529,0.8786627908446362,1208.889705882353,1439.0349264705883
1235,376.0,72.52691193458118,0.5969964925528503,0.9494949494949495,24.51889479172127,19.670132448741587,0.24131232723251617,1437.8643617021276,628.9494680851063,0.8982543647742268,1.246503797349361,0.1977561543523101,21.880083839428522,0.32386687337029163,0.7339787451261498,0.9710251948913139,0.23897713465159337,0.6501030465771329,0.9340202679683386,1.3888200971805416,1.0091009429130973,0.875,0.8158768700670388,628.9494680851063,1437.8643617021276
1236,391.0,77.94112549695429,0.5128700289689034,0.9354066985645934,24.579996878862612,21.101098189360034,-1.52918463901476,1437.4859335038363,866.1969309462916,0.8088225961700299,1.1648681342688016,0.14153373194665586,22.312253628700276,0.44603343509077836,0.733785570956527,0.04159968015438605,-0.9991343586380427,0.8822099642538955,1.0300421527186425,1.1229973765891677,0.9883866240200431,1.8823529411764706,0.7948126312768142,866.1969309462916,1437.4859335038363
1237,634.0,123.9827560572969,0.8496823165968688,0.781750924784217,45.30134759050524,23.88717166520215,0.4768092521726826,1449.6845425867507,1057.5851735015772,0.5182944394128466,1.896471806099103,0.4727050532552217,28.41186145542198,0.5445855682294424,0.7400125281198319,0.8884638259933048,0.45894665256578415,0.6986417685724057,1.660239113671282,1.7831849989522375,0.7242762635957446,0.6719242902208202,0.8577169608574732,1057.5851735015772,1449.6845425867507
1238,505.0,96.56854249492379,0.9262792010290815,0.9181818181818182,42.109410292945356,15.868423916471885,-1.002116780890314,1444.229702970297,416.58019801980197,0.6805027566214672,2.653660534568563,0.6231620484333797,25.357168021907675,0.21451091556117508,0.7372280260185283,0.5385198870155509,-0.8426128003352182,0.6585733655630023,0.8959951939245568,1.2019002508833452,1.0883489734086003,0.7531353135313531,0.8041929723338433,416.58019801980197,1444.229702970297
1239,279.0,60.2842712474619,0.5291660937787591,0.9587628865979382,20.46360638156106,17.363743772351647,-0.8137862485435106,1440.1612903225807,483.97132616487454,0.9647305617120269,1.1785250145274164,0.1514817354971495,18.847647942942654,0.24921283530632057,0.7351512456981014,0.6867511660370309,-0.7268925890025145,1.0307782171845645,1.4433689856329777,1.6608319554556596,0.7255175625245043,1.7670250896057347,0.6639165314976337,483.97132616487454,1440.1612903225807
1240,195.0,50.384776310850235,0.660624930196284,0.9701492537313433,18.251047400208364,13.701355596890942,0.5687927921906238,1438.7589743589745,1693.9794871794873,0.9652633254859782,1.3320614351728686,0.24928387415538034,15.756957549709801,0.8722860387124033,0.7344354131490426,0.8425518095550476,0.538615306332372,1.2963268459331758,1.4297599498957612,1.5411796392520374,0.7030261751029083,3.50940170940171,0.6621628257531973,1693.9794871794873,1438.7589743589745
1241,441.0,79.59797974644667,0.7706749339798377,0.962882096069869,29.832014043936013,19.00980920827768,-0.3959841057149753,1447.5351473922904,166.42630385487527,0.8746702660021188,1.5692958154964483,0.36277151183019685,23.695962509005764,0.08569840569252074,0.7389153381277643,0.9226174255420035,-0.3857163285190887,1.393524973653711,1.5732431324782052,1.6847427996995639,0.6449517287466695,1.5434618291761149,0.8678993370399843,166.42630385487527,1447.5351473922904
1242,175.0,49.62741699796952,0.788735123973565,0.9510869565217391,19.046893952198747,11.708758023256111,0.7552861978662979,1440.6,1232.057142857143,0.8929035905471231,1.6267219729340652,0.3852668024171748,14.927053303604616,0.6344269530675298,0.7353751914241959,0.7280753852045206,0.6854970703506243,0.9792181297473945,1.0774909377614328,1.4455039027092975,0.8566012477000089,2.4304761904761905,0.7971067041635278,1232.057142857143,1440.6
1243,217.0,52.87005768508881,0.5445066253536521,0.9559471365638766,18.18283909696195,15.250975225179982,-0.3626406605280636,1442.4147465437788,246.54377880184333,0.9755511144047743,1.1922410749800014,0.1612434590741021,16.622063085174787,0.1269535421224734,0.736301555152516,0.9349633250526043,-0.35474438798461394,1.1508514010219821,1.2184159777050585,1.543539367124842,0.7667130514892961,2.2872503840245777,0.8580003010018898,246.54377880184333,1442.4147465437788
1244,40.0,27.449747468305834,0.9754944364528224,0.5882352941176471,18.08656246840907,3.9794796238121886,1.5212432944718186,1436.75,834.45,0.6671033914905117,4.544956672270341,0.7799759002981935,7.136496464611085,0.42968589083419156,0.7334099030117407,0.04953275520940656,0.998772499702192,0.5838314568753474,0.5995838324784689,1.339155864635094,1.1892627866041112,11.641666666666667,0.8307882607506026,834.45,1436.75
1245,312.0,65.35533905932738,0.5875045559460951,0.9483282674772037,22.226675661184917,17.9862895451909,0.27397976921058964,1445.3878205128206,1572.974358974359,0.9179146765687477,1.2357565803296986,0.19077914217280478,19.931149940667517,0.8099764979270643,0.7378192039371213,0.9627017372459002,0.2705648999846908,0.9617524475831275,1.1232371964209698,1.7127327913835528,0.7899471462278619,1.408119658119658,0.779167882646738,1572.974358974359,1445.3878205128206
1246,735.0,113.88225099390856,0.8607901434368705,0.941101152368758,43.54400002223221,22.16215627733687,-0.7417110683823471,1452.6272108843536,19.926530612244896,0.7121723651513813,1.9647907666259226,0.4910399534718546,30.591356056578213,0.010260829357489648,0.7415146558878783,0.7373137255391391,-0.6755504941391095,1.1131802753465383,1.6940439172100097,2.552414708342336,0.5597392017392925,0.5034013605442177,0.7939668715585061,19.926530612244896,1452.6272108843536
1247,611.0,103.94112549695429,0.9149424601879416,0.9561815336463224,44.18059844610354,17.830596299140147,1.504245438615247,1443.4451718494272,306.3404255319149,0.7106835187598984,2.477797023997121,0.5964156909080371,27.891743614073043,0.15774481232333412,0.7368275507143579,0.06650177318039283,0.99778630686328,1.1406706752282336,1.6139452691057654,1.9922120488626847,0.6320009918833592,0.6519367157665029,0.8808379603621739,306.3404255319149,1443.4451718494272
1248,314.0,67.83452377915607,0.3687422390162663,0.9289940828402367,21.12206591290373,19.633629606713736,-1.473875744260841,1444.468152866242,716.1337579617834,0.8575075473698451,1.0758105524044836,0.07046831083320726,19.994929783493642,0.3687609464272829,0.7373497462308535,0.09676891493380661,-0.9953068758440955,0.8623343626252934,1.1556344160992889,1.7917313182478787,0.7874635597652625,1.01380042462845,0.8969727568499537,716.1337579617834,1444.468152866242
1249,639.0,97.01219330881975,0.6624118424302143,0.9466666666666667,33.28582885176989,24.935741636254235,-1.1527781726365616,1448.754303599374,842.0688575899843,0.8532142008608476,1.3348642016476227,0.25086012587220463,28.523675588636344,0.43360909247681995,0.7395376741191292,0.40595005194199907,-0.9138952649665542,0.5995838324784689,0.9922053286078837,1.1229973765891677,1.1050592591227038,0.4162754303599374,0.7687513242938241,842.0688575899843,1448.754303599374
1250,161.0,50.2842712474619,0.7388525914892485,0.8797814207650273,17.915020233124633,12.072342459596038,0.14087213003082144,1443.0869565217392,1305.4223602484471,0.8001500177222836,1.4839721696997072,0.32613291514600473,14.317526556719258,0.6722051288611983,0.7366446944980802,0.9900939199027272,0.1404066585730604,0.8803100677213233,1.525263570967817,1.536299401451006,0.7610595190283804,4.556935817805383,0.7612005147927331,1305.4223602484471,1443.0869565217392
1251,280.0,62.2842712474619,0.6038724828019766,0.958904109589041,21.378441433330146,17.040348188093716,1.273640979126084,1444.807142857143,1073.4178571428572,0.9070080061656386,1.254577734994142,0.20291906024884987,18.881394877652593,0.5527383404443137,0.7375227885947642,0.2928014144747588,0.9561732749254083,0.6986417685724057,1.3474188031626138,1.8534105754074228,0.7693350936058136,1.7666666666666668,0.713820788073949,1073.4178571428572,1444.807142857143
1252,244.0,56.04163056034262,0.47570825249404874,0.9606299212598425,18.818929372877037,16.553189096226763,-0.9608665966979975,1444.0983606557377,1167.8688524590164,0.9762884799137181,1.1368763604088072,0.1203968744319639,17.625846048215095,0.6013742803599467,0.7371609804266145,0.5728098620993685,-0.819688271162704,0.7226406133909711,0.9224165601666874,0.9619541117143542,1.1507430048147964,1.67896174863388,0.8373797645893285,1167.8688524590164,1444.0983606557377
1253,350.0,73.94112549695429,0.8537895132442606,0.9615384615384616,29.453048493637585,15.333797529520565,0.9946220240416243,1445.74,1145.1171428571429,0.8044624819688041,1.9207928392777258,0.4793816493110058,21.11004122822376,0.5896586729439459,0.7379989790709546,0.5448198813179111,0.8385530972578524,0.8455244826064189,0.9619541117143542,1.5460168487072286,0.8945889597783928,0.9428571428571428,0.887790261147909,1145.1171428571429,1445.74
1254,294.0,65.11269837220809,0.7225851764822165,0.9453376205787781,23.537377432482373,16.270962949310885,0.46383497991055844,1449.6360544217687,907.5578231292517,0.8714165569830976,1.4465878575108695,0.30871810183676585,19.347672370394786,0.4673315258132089,0.739987776631837,0.8943433804814525,0.44738117728510657,0.7849236236345918,1.058612402665396,1.4630685752330184,0.9072750937953518,1.2199546485260773,0.8009504280504093,907.5578231292517,1449.6360544217687
1255,533.0,91.49747468305831,0.7313295287109076,0.9450354609929078,32.51523688876015,22.17618107399585,-0.5213568024020298,1458.2851782363978,197.6735459662289,0.8000531832338151,1.4662234575135231,0.31797571858805374,26.05065598682386,0.10178864364893352,0.7444028474917804,0.8671442129303728,-0.49805713927356193,1.1719823432815533,1.393524973653711,1.55219096120117,0.7285623660016499,0.8642901813633521,0.91909637112098,197.6735459662289,1458.2851782363978
1256,523.0,97.59797974644665,0.8423899371979796,0.855973813420622,36.812041106065536,19.836847098445,1.3896555775016775,1450.3613766730402,1446.7667304015297,0.6899695058849814,1.8557405278861687,0.46113156178192816,25.805121233904135,0.7449880177144849,0.7403580279086474,0.18015177569321594,0.9836388248308325,0.6831841485462574,1.5702811528685552,1.61199569594809,0.7761040667715084,0.8444869343530912,0.8492388412353259,1446.7667304015297,1450.3613766730402
1257,833.0,126.36753236814712,0.9064219092609742,0.9163916391639164,50.74988696581053,21.435404312984694,-1.0744267014250826,1458.3877551020407,867.0660264105642,0.6555168438340275,2.3675731152441255,0.5776265604803137,32.56698544176895,0.4464809610765006,0.7444552093425425,0.476236432814166,-0.8793172692836405,0.8822099642538955,1.1297247653648976,1.1777261166357538,0.9405388674857842,0.640656262505002,0.8189635506964875,867.0660264105642,1458.3877551020407
1258,284.0,72.18376618407356,0.910405548061014,0.922077922077922,30.43220965768888,12.590321819851017,1.1167381720712057,1453.3309859154929,932.387323943662,0.6849346368619089,2.4171113410069283,0.5862830217893824,19.015783725757565,0.48011705661362614,0.741873908073248,0.43861609610719365,0.8986745352104315,1.058612402665396,1.1376626301471116,1.1904396394675463,0.8858142153381632,0.823943661971831,0.8340270857894677,932.387323943662,1453.3309859154929
1259,315.0,64.76955262170047,0.518621022455812,0.9603658536585366,21.71282847188081,18.56456021093039,-1.0330594116137506,1452.5460317460318,1770.152380952381,0.9435797744049219,1.1695848555085506,0.1449957689772009,20.026743534373637,0.9115099798930901,0.7414732168177803,0.512193609227422,-0.8588700173289244,1.468905491963738,1.4915641050508648,1.7940742605510027,0.6309753553385126,1.5756613756613755,0.7775721693116812,1770.152380952381,1452.5460317460318
1260,583.0,90.08326112068522,0.5964188646266673,0.966832504145937,30.58600369773882,24.550570644039762,0.1629133941763237,1458.2469982847342,1291.0720411663808,0.9027972328299724,1.2458367726439916,0.19732663061651468,27.245158369526866,0.664815675162915,0.7443833579809771,0.9867589375736124,0.16219370862828084,0.8803100677213233,1.1549983673479378,1.476407592113924,0.8542831985211393,0.5883361921097771,0.8817076371381134,1291.0720411663808,1458.2469982847342
1261,409.0,81.59797974644667,0.8738747399161771,0.9578454332552693,33.199600011845604,16.140023666914008,-0.5614423973131032,1458.1173594132028,637.9144254278729,0.7719236720116498,2.05697344049765,0.513848851758598,22.820056393372074,0.3284832262759386,0.7443171819362955,0.8464880483732358,-0.5324077234237595,0.9340202679683386,1.0880249555772739,1.1006345594337799,0.9607133002723892,0.7245313773431132,0.8407568818774815,637.9144254278729,1458.1173594132028
1262,648.0,101.29646455628166,0.8118898742805332,0.9487554904831625,38.00568456793036,22.188122011249856,0.5584241521342324,1463.375,1717.2932098765432,0.7935901963208116,1.7128842426889783,0.41618938683787177,28.723844188903154,0.8842910452505371,0.7470010209290454,0.8480911273106803,0.5298503937687501,1.2378174044284764,1.4297599498957612,1.514783263990847,0.7172982613844013,0.6610082304526749,0.8661890998414262,1717.2932098765432,1463.375
1263,627.0,92.66904755831214,0.5804268845594961,0.9661016949152542,31.39355955040914,25.56416379822035,-0.6222007102571495,1461.9170653907497,225.22647527910686,0.9175040839117528,1.2280299797091194,0.1856876326123018,28.254578293596012,0.11597655781622393,0.7462567970345838,0.8125977968001039,-0.5828248627466205,1.1719823432815533,1.2184159777050585,1.480571618208266,0.7749995600906084,0.5656565656565656,0.9135730203625526,225.22647527910686,1461.9170653907497
1264,650.0,95.25483399593902,0.6684883650778634,0.9672619047619048,33.46693300647073,24.890114429705445,-0.9351942007596097,1461.0661538461538,1181.6723076923076,0.900221066112166,1.3445873501702013,0.25627739999679644,28.76813695875796,0.6084821357838865,0.7458224368790984,0.5936621614252807,-0.8047143829284176,0.9224165601666874,1.0483168324604784,1.2747667673996972,0.9243567561479243,0.6964102564102564,0.9232613614261931,1181.6723076923076,1461.0661538461538
1265,533.0,89.84062043356595,0.7274745889659201,0.9551971326164874,31.95443738381376,21.925045883136164,-1.2615733018822597,1459.532833020638,380.046904315197,0.8298346941974482,1.457439932127658,0.31386537588541297,26.05065598682386,0.19569871488939083,0.7450397309957315,0.3043186049787686,-0.9525703053653185,1.1901669863580762,1.336404852279014,1.6703436635947784,0.7148106742689093,1.0337711069418387,0.7477474991049323,380.046904315197,1459.532833020638
1266,433.0,93.25483399593905,0.7929411404563749,0.8200757575757576,33.15645929846819,20.202172363336533,1.0140201467528664,1461.9838337182448,1246.041570438799,0.6256840063062031,1.6412323735362966,0.390701757944647,23.480049464818542,0.6416279971363538,0.7462908798970112,0.5284520444050443,0.8489631539496453,1.0774909377614328,1.148432398510222,1.159729308248195,0.8860920817898782,0.7644341801385681,0.9019317675368012,1246.041570438799,1461.9838337182448
1267,255.0,64.87005768508881,0.8609145683107681,0.9306569343065694,25.710522363167144,13.080216719041038,0.17798164525139223,1460.7450980392157,670.4705882352941,0.7614852162627426,1.9656036987323007,0.4912504485797715,18.01877032173579,0.34524747076997636,0.7456585492798447,0.9842030337636085,0.17704346452357173,0.5050088819248024,1.377387086691126,1.7876928008893993,0.8174189204705135,1.0287581699346404,0.7814962465173657,670.4705882352941,1460.7450980392157
1268,462.0,79.35533905932738,0.7106688544293563,0.9705882352941176,28.953809971112154,20.369777593922304,-1.3734387572728053,1458.530303030303,1534.5454545454545,0.9219333733356686,1.4214102160718265,0.296473327197848,24.253590861306396,0.7901881846269075,0.744527975002707,0.19607888241537574,-0.9805881254995582,1.1646053123078444,1.4056453871500292,1.692587946475634,0.7037564048692811,1.0360750360750361,0.7729538115219592,1534.5454545454545,1458.530303030303
1269,467.0,114.53300858899107,0.8665950168445548,0.6777939042089985,41.059580013507635,20.489227281960737,0.8317005591667186,1463.3747323340472,1675.5674518201286,0.44736850523476207,2.0039594196730683,0.5009878991645734,24.384480051691096,0.8628050730278726,0.7470008842950726,0.6736198888816867,0.7390779697048371,0.8621284084423464,1.2963268459331758,1.7225519341790108,0.7729952185729754,0.9371877230549608,0.9337603265853889,1675.5674518201286,1463.3747323340472
1270,113.0,40.76345596729059,0.6446581114876377,0.9186991869918699,14.01951095011617,10.717509642217376,1.3405710130272805,1455.4070796460178,960.5398230088496,0.8545673852583914,1.3080940832459689,0.23552899381782155,11.994835078277376,0.4946137090673788,0.7429336802685135,0.22819689819040506,0.9736150038163329,0.4797719894945661,0.7322379679965259,1.1904396394675463,1.2487254691202787,2.533923303834808,0.7487449389051054,960.5398230088496,1455.4070796460178
1271,432.0,79.45584412271572,0.721841117765941,0.9621380846325167,28.64672885460634,19.825221168516524,0.08755007282493359,1464.8009259259259,713.9606481481482,0.8598880610108872,1.4449638978100696,0.30794118696282957,23.452920571340155,0.36764194034405157,0.747728905526251,0.9961699397679069,0.08743827024138091,0.8623343626252934,1.4049480786863435,1.7146941010992982,0.7533946943302721,0.8371913580246914,0.8833161835772939,713.9606481481482,1464.8009259259259
1272,280.0,66.94112549695429,0.7909979522427376,0.9302325581395349,24.488893818579854,14.982765539638887,1.189809709301086,1462.3857142857144,976.4392857142857,0.7852028647264935,1.6344708694660708,0.3881812036658273,18.881394877652593,0.5028008680300132,0.7464960256690731,0.3718365255100905,0.9282982270243674,0.7322379679965259,0.8650136095506765,1.012221382380837,1.1496574389039578,1.0285714285714285,0.8431989413551205,976.4392857142857,1462.3857142857144
1273,570.0,93.39696961966999,0.7261198178318014,0.9437086092715232,32.7478613291596,22.516387603577712,1.0663845913629921,1466.5122807017544,513.240350877193,0.8211436697385387,1.4544012079431503,0.3124318141799233,26.939683377854365,0.26428442372666994,0.7486024914250916,0.4832925225074088,0.8754589297553745,0.976464771502567,1.0932834544408618,1.561243300349694,0.8262206007026125,1.0070175438596491,0.8070189470884661,513.240350877193,1466.5122807017544
1274,274.0,60.87005768508881,0.6474421657368359,0.958041958041958,21.461418208057072,16.35605985024143,-1.0657171708315403,1462.6058394160584,1406.8138686131388,0.9292937155480082,1.312138644915773,0.2378854141101907,18.677998695187732,0.7244149683898757,0.746608391738672,0.48387671408682786,-0.8751361754404479,1.0818154605029677,1.4861288104361678,1.762197156815433,0.6928180176220422,1.6751824817518248,0.8434007363576336,1406.8138686131388,1462.6058394160584
1275,381.0,80.66904755831213,0.8839970325951766,0.927007299270073,32.92201118729951,15.390793625072748,-0.7476870290024389,1468.981627296588,614.1837270341207,0.7357342620984899,2.139071706716092,0.5325074905809482,22.025082668269306,0.31626350516690044,0.7498630052560429,0.7332635209443737,-0.6799445630727993,1.1006345594337799,1.4524863563710129,1.874848106037966,0.6775115149183022,1.094488188976378,0.7436696610951947,614.1837270341207,1468.981627296588
1276,253.0,58.38477631085023,0.5779075362412925,0.9656488549618321,20.119002303200617,16.419163011656636,-1.3758768011758256,1462.592885375494,754.5612648221344,0.9326767354512286,1.2253366562544823,0.1838977517764584,17.94796937867892,0.3885485400731897,0.746601779160538,0.19368758513121012,-0.9810632596148121,0.9126219999185969,1.1286172492807347,1.568409068373917,0.8311058962156421,1.575757575757576,0.891629642667343,754.5612648221344,1462.592885375494
1277,629.0,92.42640687119285,0.6864548655922066,0.9751937984496124,33.22551714140217,24.1606794563584,-1.5389131948014907,1466.0015898251193,1018.5755166931638,0.9252697621181768,1.3751896837759736,0.2728275874974453,28.299605538565682,0.5244982063301564,0.7483418018504948,0.03187773055277265,-0.9994917760015861,1.129030240500555,1.7831849989522375,1.7834528367239015,0.6388867252394593,0.6094329623741388,0.7465507760230153,1018.5755166931638,1466.0015898251193
1278,413.0,75.94112549695429,0.6263883958819907,0.9582366589327146,26.15545339639264,20.388466625183682,1.115807720572773,1465.81598062954,1441.90799031477,0.8999240472174773,1.2828553454866303,0.22048888557995105,22.93137440223813,0.7424860918201699,0.7482470549410618,0.4394520791906983,0.8982660352562443,0.6831841485462574,0.9541684770389777,1.1488192031120232,1.0767462254482425,1.082324455205811,0.7926707178087987,1441.90799031477,1465.81598062954
1279,442.0,106.76955262170047,0.9619934331264792,0.896551724137931,47.90007013602071,13.08019579330918,-1.509294615673987,1461.0045248868778,471.20361990950227,0.48723366448835204,3.662030056195542,0.7269274187664934,23.722813466638858,0.24263832127162835,0.7457909774818161,0.0614629471542609,-0.9981093658147451,0.9217570044249964,1.0307782171845645,1.4390413077731616,0.8845443922640924,0.7368024132730016,0.9280322072969117,471.20361990950227,1461.0045248868778
1280,469.0,79.25483399593904,0.6565194352285204,0.9730290456431535,28.242366352494244,21.303474185302044,-1.0049350155543784,1468.1044776119404,780.7505330490405,0.9382772481137989,1.3257164585849366,0.24569089149923118,24.436639426909572,0.4020342600664472,0.749415251460919,0.5361430709754097,-0.8441271275377049,0.9158688756167523,1.056894187257731,1.1286172492807347,0.967311228565591,0.8720682302771855,0.8631866251988889,780.7505330490405,1468.1044776119404
1281,535.0,86.42640687119284,0.7020590871223095,0.9657039711191335,30.980608230877873,22.061870356330445,0.9189588195770574,1468.3420560747663,1480.4990654205608,0.9000584849175276,1.4042602794095507,0.28788130330050354,26.099485750361293,0.7623579121630076,0.749536526837553,0.6066481929533784,0.7949704208248258,1.2009909000832564,1.588153634688553,1.61199569594809,0.6816415389493933,0.7327102803738318,0.7863438008448793,1480.4990654205608,1468.3420560747663
1282,301.0,66.04163056034261,0.7674439670674552,0.9525316455696202,24.62880167003121,15.789919425282344,-1.4948916454962273,1464.471760797342,423.03654485049833,0.8672429634782463,1.5597800727593525,0.3588839750780154,19.576646877473273,0.21783550198274887,0.747560878405994,0.07583181456162982,-0.997120622542875,0.788590074770195,0.8959951939245568,1.3359871471733398,0.993189232689798,1.4141749723145072,0.8352208952301462,423.03654485049833,1464.471760797342
1283,252.0,61.45584412271571,0.6551036201987958,0.9230769230769231,21.164505789363012,15.990610467942483,1.30883778778766,1465.0515873015872,897.1269841269841,0.8384632424818957,1.323558336424554,0.2444609561363279,17.91246396432554,0.46196034198093927,0.7478568592657413,0.25897277008622066,0.9658846226925188,0.7153629173236526,0.7849236236345918,1.298471525033057,1.0719040121595578,2.205026455026455,0.802128935208183,897.1269841269841,1465.0515873015872
1284,295.0,69.11269837220809,0.8482810743389186,0.9365079365079365,26.88858307743524,14.238748032554488,1.2849108569910461,1465.9389830508474,956.2372881355932,0.776097315126914,1.8884092208078298,0.4704537613027452,19.38054864282415,0.49239819162491927,0.7483098433133473,0.28200709237789834,0.9594123200420993,0.4797719894945661,0.8650136095506765,1.1376626301471116,1.2084844166019235,0.7649717514124293,0.7749016289489313,956.2372881355932,1465.9389830508474
1285,519.0,98.32590180780451,0.8641080063075511,0.9089316987740805,37.43068283795023,18.839103015326014,-1.1252211143781998,1470.8574181117533,117.79768786127168,0.6745922465496698,1.9868612007429212,0.49669357898474087,25.70625067405882,0.060657923718471514,0.7508205299192207,0.43097700192180477,-0.9023629113690859,1.0608556154073379,1.0957151063491861,1.2962149268491199,0.8688636669963875,1.0622992935131663,0.8272651188368544,117.79768786127168,1470.8574181117533
1286,588.0,92.18376618407358,0.6556174711507241,0.971900826446281,31.96993783968854,24.14028247316735,-1.533816532604089,1469.75,1635.2210884353742,0.8695174366478917,1.3243398404813236,0.24490680606833082,27.361740666563517,0.8420293967226438,0.7502552322613578,0.036971366423737134,-0.9993163253268516,1.1471161187222192,1.4235164877812616,1.4339059933456555,0.7491499770068442,0.594671201814059,0.9232451020438042,1635.2210884353742,1469.75
1287,743.0,103.63961030678928,0.7654376840555027,0.9699738903394256,38.52749577265997,24.792829754448153,-0.6940292244475329,1476.6675639300136,143.12247644683714,0.8692548752361677,1.553977345637508,0.3564899753478985,30.757389059187485,0.07369849456582757,0.7537864032312473,0.7686750103144145,-0.6396395301403243,1.0957151063491861,1.2477096144702906,1.359711558755584,0.8101241146718623,0.7738896366083445,0.8076016355697443,143.12247644683714,1476.6675639300136
1288,132.0,43.21320343559643,0.7427358455573434,0.9166666666666666,15.974460766437712,10.696252053713264,0.4601094752757106,1468.6439393939395,661.469696969697,0.8882820187597278,1.493463381960234,0.33041545438666364,12.964089628857149,0.340612614299535,0.7496906275619906,0.89600389081469,0.444046199899219,0.5050088819248024,1.0880249555772739,1.8477884620211134,0.8718846074718021,2.297979797979798,0.7392306456850372,661.469696969697,1468.6439393939395
1289,519.0,83.59797974644665,0.5489219543087724,0.9664804469273743,28.151824098668282,23.531366773168315,-0.3549530472546031,1475.6377649325627,1269.913294797688,0.9332234803515638,1.1963531217731243,0.1641263922829973,25.70625067405882,0.6539203371769763,0.7532607273775206,0.9376628081077155,-0.34754633977579663,1.1549983673479378,1.159729308248195,1.3874447301797082,0.8103350333765207,0.8689788053949904,0.8131320370239138,1269.913294797688,1475.6377649325627
1290,258.0,69.94112549695427,0.6827815906077566,0.8403908794788274,22.840954004536265,16.688115886637735,1.1176893151905045,1471.406976744186,1578.6705426356589,0.6627722807369791,1.3686957928441246,0.26937745755613196,18.12445316531431,0.812909651202708,0.7511010601042297,0.4377611297333142,0.8990913153259865,1.1232371964209698,1.5428552486490763,1.8033530939912075,0.6712241985680643,1.896640826873385,0.9334502659174916,1578.6705426356589,1471.406976744186
1291,477.0,95.35533905932738,0.9316131660388357,0.9445544554455445,41.28882608167251,15.006481001953327,-1.2841349632961077,1470.2704402515724,1911.5283018867924,0.6592318985551363,2.7513996170253456,0.6365486155438438,24.64417299969047,0.9843091152867108,0.7505208985459788,0.2827514093874904,-0.9591932237507664,1.2060755363223468,1.5714817610723961,1.8394339367189207,0.6497738132647587,0.7288609364081062,0.7560399331391675,1911.5283018867924,1470.2704402515724
1292,369.0,79.11269837220809,0.8267376220973186,0.9225,29.803622813866046,16.76715118717844,-1.0754384505046872,1472.1842818428183,1089.891598915989,0.7408731142886045,1.7775006905559707,0.43741231420438,21.675455981530703,0.5612212146838255,0.7514978467804075,0.4753465407816617,-0.8797986509235554,1.3474188031626138,1.660239113671282,2.5821398116681027,0.5366920496430853,1.141824751580849,0.7432549758490964,1089.891598915989,1472.1842818428183
1293,471.0,86.08326112068522,0.8354927446117982,0.9515151515151515,33.18573715173473,18.23561159458127,-1.4396660364893372,1473.371549893843,87.16348195329087,0.798717773764803,1.8198313217855497,0.45049852256700484,24.488687706168772,0.04488335836935678,0.7521039049994094,0.1307548123694445,-0.9914147361433717,1.2962149268491199,1.590337535565391,2.0291122512364312,0.6102938615135638,1.1160651096956828,0.7563563283885255,87.16348195329087,1473.371549893843
1294,278.0,60.2842712474619,0.4716758887871167,0.9586206896551724,20.096180056877966,17.720248834995136,0.4685970640126002,1473.63309352518,453.363309352518,0.9612727460786504,1.1340800145645067,0.11822800229487707,18.81384047546846,0.2334517555883203,0.7522374137443492,0.8922027810495535,0.45163502686067486,0.9217570044249964,1.3359871471733398,1.3918651996820237,0.822005785070541,1.4832134292565946,0.7394546036523065,453.363309352518,1473.63309352518
1295,165.0,47.21320343559643,0.6562901878985724,0.9593023255813954,16.962580941019596,12.798412768729934,-0.8032419650661797,1470.6060606060605,1825.0060606060606,0.93017972977257,1.3253659846370853,0.24549142531840207,14.494292838262302,0.9397559529382392,0.7506922208300462,0.6943774087262219,-0.7196110159319807,1.5052058162715651,1.6146175757898071,1.961251635696566,0.5904262353165393,2.224242424242424,0.768871687350245,1825.0060606060606,1470.6060606060605
1296,299.0,65.35533905932738,0.7421638633771591,0.9583333333333334,23.94327349878845,16.047224173446526,1.5438189028888085,1473.1070234113713,1221.1839464882944,0.8796682317117166,1.4920507895943513,0.3297815282334502,19.511499785403828,0.6288279848034471,0.7519688736147888,0.026974151747268655,0.9996361313685672,0.9452871620466591,1.148432398510222,1.3751912684641783,0.8648247671579992,1.7034559643255294,0.7904756632487517,1221.1839464882944,1473.1070234113713
1297,57.0,35.97056274847714,0.9713961355288775,0.7307692307692307,19.363181775617967,4.598074766155402,-1.38244037786399,1469.6140350877192,1863.280701754386,0.5535925731919427,4.211149831260387,0.7625351649621305,8.51907589177983,0.959464830975482,0.7501858269973044,0.18724417535752633,-0.9823134015143435,1.6146175757898071,1.7690785112593332,1.7912219608685103,0.5797193254504152,4.128654970760234,0.8805952945281277,1863.280701754386,1469.6140350877192
1298,359.0,76.18376618407356,0.8131119072135977,0.9134860050890585,28.89445397166207,16.819675505961825,-1.1342630694314761,1479.9025069637883,532.1309192200557,0.7772834768135847,1.7178960415389866,0.41789259895834874,21.37973331358283,0.27401180186408636,0.7554377268829955,0.4228003706497129,-0.9062228459813102,0.976464771502567,1.0607681495387706,1.570454085019858,0.8315577252017057,1.7948003714020428,0.8216390113967841,532.1309192200557,1479.9025069637883
1299,494.0,84.76955262170047,0.7378569892800633,0.9573643410852714,30.629881365088664,20.67385536698769,0.7606868784328301,1483.1275303643724,421.753036437247,0.863887182990321,1.4815756820084414,0.32504291738617885,25.079480359432697,0.21717458106964313,0.7570839869139216,0.7243626345060281,0.6894191567772732,0.788590074770195,1.3918651996820237,1.654797181882879,0.7822170858777702,0.7314439946018892,0.8363394887261212,421.753036437247,1483.1275303643724
1300,615.0,96.08326112068524,0.8014904055419626,0.9534883720930233,36.33586661573972,21.729125609085504,0.8991904765564567,1483.3073170731707,760.8260162601626,0.8371234544104665,1.6722194564767374,0.4019923664164643,27.982893345973448,0.39177446769318364,0.7571757616504189,0.6222438860194452,0.7828234451722941,0.697308535750403,0.9126219999185969,1.056894187257731,1.124933323967247,0.45203252032520325,0.9234807363475971,760.8260162601626,1483.3073170731707
1301,441.0,76.76955262170047,0.6510635785447195,0.9756637168141593,27.292132687059773,20.71536186096532,-0.17167415401590422,1483.7233560090704,1421.3786848072561,0.9403086559704422,1.3174827874229555,0.24097680095233998,23.695962509005764,0.7319148737421505,0.7573881347672641,0.985300148538695,-0.17083213190037053,1.0818154605029677,1.139303451763119,1.1488192031120232,0.8902240626645446,0.8042328042328043,0.8589839181121527,1421.3786848072561,1483.7233560090704
1302,530.0,83.01219330881975,0.4844008308402348,0.9796672828096118,27.81834394779925,24.336771879750998,-1.1624130452854136,1481.922641509434,1666.9698113207546,0.9665002176222968,1.143058088609732,0.12515382204567516,25.977239243415305,0.8583778637079066,0.7564689338996601,0.39712608149988915,-0.9177640630317486,0.8621284084423464,1.0404423779459797,1.1485151310651054,0.9832564802055558,0.8226415094339623,0.7345455903330516,1666.9698113207546,1481.922641509434
1303,540.0,87.84062043356595,0.7576926214318379,0.9642857142857143,32.57267553502529,21.25730567192391,1.3295280288129212,1481.8296296296296,894.6259259259259,0.8794534048074234,1.5323049890582523,0.34738840691591333,26.221162334209897,0.46067246443147575,0.7564214546348288,0.2389343809083824,0.9710357159342431,0.7153629173236526,1.23083480248041,1.4630685752330184,0.8799547293701123,0.721604938271605,0.8891035093910752,894.6259259259259,1481.8296296296296
1304,743.0,104.42640687119285,0.7761740163408692,0.9636835278858625,38.76261869738488,24.44055795713963,1.2394506959221114,1483.5908479138627,1161.5127860026919,0.8562054893472482,1.585995653837414,0.36948124821121764,30.757389059187485,0.5981013316182759,0.7573204940856879,0.3253157584191519,0.9456054448469361,1.2248699173253714,1.2747667673996972,1.6868650187803471,0.7165887446046083,0.5675190668461194,0.9379332203478324,1161.5127860026919,1483.5908479138627
1305,766.0,101.49747468305833,0.44608919471054165,0.9720812182741116,33.09647321140212,29.62096319636858,-1.2891247242597332,1487.2506527415144,170.75195822454307,0.93438995264997,1.1173327819218122,0.1050114914913709,31.229817342839755,0.08792582812798305,0.7591886946102677,0.2779617644190722,-0.9605921390064757,1.2477096144702906,1.3276308600981643,1.6450030139900491,0.7108426146196639,0.6127067014795474,0.9245495786649559,170.75195822454307,1487.2506527415144
1306,571.0,95.01219330881976,0.6829690018358434,0.9406919275123559,31.986534709765152,23.36447976424015,-1.1628393675113147,1483.1593695271454,854.1698774080561,0.7948538550585847,1.3690240498622719,0.26955264219017694,26.963304323539017,0.43984030762515763,0.7571002396769502,0.39673478220457825,-0.9179332832995467,1.1553421040808511,1.1777261166357538,1.5380198098848432,0.7749759179550078,1.2230005837711617,0.8220539244677024,854.1698774080561,1483.1593695271454
1307,371.0,70.5269119345812,0.7177352864727042,0.9686684073107049,26.05735200077533,18.144152737928096,-0.005707071550734839,1484.2857142857142,1190.5498652291105,0.9372901150176131,1.436129444959184,0.30368393774669733,21.73411767467788,0.6130534836401187,0.7576751987165463,0.9999837147113594,-0.005707040570265371,1.0483168324604784,1.1754530684773716,1.2248699173253714,0.869908183543168,1.5193171608265947,0.8940913729602703,1190.5498652291105,1484.2857142857142
1308,152.0,46.384776310850235,0.8163760671626877,0.9440993788819876,18.39110661698945,10.621244099039949,0.04467256983215104,1480.2302631578948,1749.0131578947369,0.8877741983342822,1.7315397749545949,0.4224793363316055,13.911592676604096,0.9006246951054258,0.7556050347921872,0.9990023466817994,0.044657712931337704,1.171411514948168,1.3866757229742677,1.468905491963738,0.7449727876923179,2.004385964912281,0.8381964828212901,1749.0131578947369,1480.2302631578948
1309,756.0,105.15432893255071,0.7051665802462087,0.9655172413793104,37.330395278435084,26.468805923374124,1.3248606812037191,1485.1309523809523,254.69973544973544,0.8591665241080098,1.4103543388585311,0.2909583269624646,31.025297674958463,0.1311533138258164,0.7581066627774131,0.24346392319622231,0.969909953604923,1.5821432886764464,1.8339215289488893,1.9444973463204633,0.5596427964547215,0.5105820105820106,0.9527233205885319,254.69973544973544,1485.1309523809523
1310,236.0,56.284271247461895,0.706919589698062,0.9516129032258065,20.638424428812026,14.597432181542102,1.1152328630396555,1480.5974576271187,996.1313559322034,0.9361550239297058,1.413839377511103,0.2927060768668208,17.334489682638438,0.5129409659795074,0.7557924745416634,0.43996838154844353,0.8980132645109665,0.9112046246800067,1.129030240500555,1.1311275762009951,0.9459656710486533,1.9279661016949152,0.8698015835082421,996.1313559322034,1480.5974576271187
1311,562.0,103.84062043356593,0.9187375829120572,0.9461279461279462,43.06974921837506,17.00689389287725,-1.3401209249720383,1483.3950177935942,1522.5284697508896,0.6549552548988145,2.532487677624268,0.6051313462112866,26.749964937194992,0.7840002418902624,0.7572205297568118,0.2286350875452533,-0.9735121965045812,0.8020917036487525,1.1646053123078444,1.5002758015837248,0.8653081976363401,0.6263345195729537,0.8464144265567152,1522.5284697508896,1483.3950177935942
1312,420.0,78.42640687119285,0.781338881479628,0.9417040358744395,29.43261466291728,18.369100953535746,-1.2138164289531195,1485.1976190476191,495.2690476190476,0.8580933141000581,1.6022893410715342,0.37589299612312965,23.12489154112443,0.2550304055710853,0.7581406937455942,0.3494461270063674,-0.9369564580706244,1.0932834544408618,1.3232867857037631,1.4390413077731616,0.7780866829336434,1.5515873015873014,0.698019128192882,495.2690476190476,1485.1976190476191
1313,359.0,74.18376618407356,0.8441717027389948,0.9447368421052632,29.319971748364605,15.71764179574952,-0.9679807281835014,1485.5236768802229,793.7214484679665,0.8197596857349714,1.8654179888673583,0.4639271166205605,21.37973331358283,0.4087134132172845,0.758307134701492,0.5669640460088368,-0.8237425389849,0.9158688756167523,0.946373119114762,1.3903746222579376,0.922334339783559,1.4493964716805943,0.9052436720368799,793.7214484679665,1485.5236768802229
1314,456.0,79.84062043356595,0.3593150384360795,0.9559748427672956,25.162649341567235,23.4821950636595,-1.2989150347841671,1486.3618421052631,975.3070175438596,0.898932123680056,1.0715629128091337,0.06678367826442355,24.095585330081406,0.5022178257177444,0.7587349883130491,0.26854409809104873,-0.9632673914238274,0.9026939440960512,0.9112046246800067,1.012221382380837,1.0615260681953453,0.6864035087719298,0.8927948073435773,975.3070175438596,1486.3618421052631
1315,377.0,79.59797974644665,0.8681269678797225,0.9425,31.514166483281763,15.64181034693794,-0.8697564307271733,1487.5729442970821,1448.1193633952255,0.7477339915709725,2.01473907331008,0.5036578119482897,21.909160375631842,0.7456845331592304,0.7593532130153559,0.6450126951540653,-0.7641718544215619,0.7193841114912934,0.9541684770389777,1.139303451763119,1.066531652180497,0.9991158267020337,0.9205202027555345,1448.1193633952255,1487.5729442970821
1316,399.0,84.66904755831213,0.89501978534067,0.9068181818181819,34.55681652920092,15.413253802717522,-1.1517977646050592,1487.4561403508771,1775.8345864661653,0.6994125338967427,2.2420195613147036,0.5539735614913157,22.539356209735228,0.9144359353584786,0.759293588744705,0.40684584695662596,-0.9134968291210133,0.758584663355458,1.171411514948168,1.4447880331107945,0.8889457257306111,0.7117794486215538,0.826041686701727,1775.8345864661653,1487.4561403508771
1317,440.0,82.42640687119285,0.7885248624312134,0.944206008583691,30.504678910945866,18.760465356911133,0.019029215105927106,1496.009090909091,117.325,0.8138227075095928,1.6260086480055413,0.3849971208784173,23.66908109081279,0.060414521112255405,0.7636595665692143,0.9998189499496768,0.019028066678614307,1.0608556154073379,1.359711558755584,1.590337535565391,0.7479609258039969,1.3128787878787878,0.7808549651835467,117.325,1496.009090909091
1318,349.0,69.35533905932738,0.6507666849616446,0.9640883977900553,24.3985868279579,18.525304432841057,-1.1322217718878582,1490.5730659025787,1304.5157593123208,0.911749413340493,1.3170410730041704,0.24072223676441595,21.079862454783044,0.6717382900681363,0.7608846686587947,0.4246493589522732,-0.905357897155276,0.8108739251168238,0.9469590029873318,1.476407592113924,0.9275747988580996,1.32378223495702,0.8686203074318737,1304.5157593123208,1490.5730659025787
1319,477.0,79.84062043356595,0.5649716923912151,0.9675456389452333,27.195610500835404,22.439378003338664,-1.1050831362337499,1492.4633123689728,815.062893081761,0.9403303135863744,1.2119591949825472,0.1748897123434915,24.64417299969047,0.4197028285693929,0.7618495724190775,0.4490601524524783,-0.8935015274074001,0.946373119114762,1.2360047263151577,1.6952064422598985,0.7736775727929658,1.050314465408805,0.8552218401827251,815.062893081761,1492.4633123689728
1320,265.0,58.87005768508881,0.6463402659022294,0.9814814814814815,21.193746502442725,16.171873800293675,-0.8678303774325117,1490.0754716981132,1617.143396226415,0.9608748255475414,1.3105312819135315,0.23695068267284625,18.36868202552426,0.8327205953792044,0.760630664470706,0.6464833335665601,-0.7629281089464903,0.9328311914139717,1.1471161187222192,1.3688012559520664,0.8698807531227913,1.8880503144654088,0.8179807571360129,1617.143396226415,1490.0754716981132
1321,314.0,63.941125496954285,0.43181661595086035,0.9631901840490797,21.10832489373669,19.03889477712341,-0.10106548791540257,1493.2070063694268,209.30254777070064,0.9651147634490685,1.1086948660013525,0.09803857610829769,19.994929783493642,0.10777680111776552,0.7622292018220658,0.9948972292027632,-0.10089352469145108,1.0961846793833072,1.480571618208266,1.55219096120117,0.7265774571499771,2.0063694267515926,0.8829093848101417,209.30254777070064,1493.2070063694268
1322,518.0,87.01219330881975,0.7122976012894582,0.9539594843462247,30.88475203853979,21.677314797288783,0.1039086210050858,1497.2200772200772,721.6370656370657,0.859764267910808,1.4247498976396558,0.2981224272016635,25.68147355921802,0.3715947814814962,0.7642777321184672,0.9946063547943464,0.10372173833243732,1.4049480786863435,1.5362216587000082,1.5409152497908802,0.6693313510526196,0.5328185328185329,0.8989644684032907,721.6370656370657,1497.2200772200772
1323,276.0,61.35533905932737,0.7402027978092033,0.9550173010380623,22.92450443901427,15.414062741862447,-0.9020567997764875,1491.9710144927535,1464.6014492753623,0.9213279050786841,1.4872460831987215,0.3276163162929757,18.746042631630413,0.7541717040552843,0.7615982718186592,0.6199975079571872,-0.7846037790674204,0.7193841114912934,1.2009909000832564,1.4602815534995395,0.8874015867193695,1.6002415458937198,0.8492388412353259,1464.6014492753623,1491.9710144927535
1324,724.0,106.08326112068522,0.7636963558363121,0.9293966623876765,38.374192510729394,24.773442971843146,-1.5217460788587651,1495.3397790055249,1224.0414364640883,0.8084528684224388,1.549005221209846,0.3544243839159219,30.361578193306386,0.6302994008568941,0.7633179065878126,0.04903058175085663,-0.9987972777561884,0.9452871620466591,1.1223450395198635,1.4873102208390367,0.8438955244653329,0.44567219152854515,0.9142686367169088,1224.0414364640883,1495.3397790055249
1325,280.0,64.04163056034261,0.7758428917538257,0.9427609427609428,23.912402958632235,15.08696034657406,-0.1961040235683977,1495.9785714285715,1326.3107142857143,0.8579127722951952,1.5849715522094716,0.36907384955522604,18.881394877652593,0.6829612328968663,0.7636439874571574,0.9808331488879052,-0.19484951640339407,0.8029507342271465,0.9469590029873318,1.115662822490546,1.0469111974986296,1.526190476190476,0.878887540680874,1326.3107142857143,1495.9785714285715
1326,162.0,47.798989873223334,0.7948225249688043,0.9700598802395209,18.685273489643922,11.339007824177118,-0.36014930454794414,1494.8024691358025,1896.8271604938273,0.8910199763400901,1.647875526622624,0.39315804874562743,14.361922094451577,0.9767390115828153,0.7630436289616144,0.9358442171015439,-0.35241396300033057,0.5980710696664747,1.2060755363223468,1.3915246851128344,0.9387698942483532,2.7942386831275723,0.678777240544183,1896.8271604938273,1494.8024691358025
1327,623.0,90.42640687119285,0.3364003304945774,0.978021978021978,29.121789439667328,27.42454463549061,-1.2781771798166632,1502.2744783306582,873.7961476725521,0.9574307287082322,1.0618878025774139,0.05828092424378539,28.16430784468183,0.4499465230033739,0.7668578245689934,0.2884610229806174,-0.9574916387211826,1.1553421040808511,1.23083480248041,1.6355466251718356,0.7459488391802005,0.8892455858747994,0.8774603950675441,873.7961476725521,1502.2744783306582
1328,254.0,61.55634918610404,0.8669129944921884,0.9769230769230769,25.59881450875321,12.759971942712983,-0.08636033820071867,1501.1299212598426,1647.6614173228347,0.8423602629615742,2.0061810969241423,0.5015405132003334,17.983404693292407,0.8484353333279272,0.7662735687901188,0.996273263057463,-0.08625303076898365,1.0446467509882988,1.1485151310651054,1.1774805407183588,0.8900380472672699,2.335958005249344,0.8690490571453142,1647.6614173228347,1501.1299212598426
1329,573.0,98.91168824543142,0.8802567171649711,0.9332247557003257,39.64168437588665,18.80988992271898,-0.6367562801899231,1506.8342059336824,1904.3350785340315,0.7359854977951336,2.1074915663385454,0.5255022530233173,27.010484244701136,0.9806050867837444,0.7691854037435847,0.804028669461862,-0.5945905302671644,0.5980710696664747,0.9022340929856978,1.5567465625373529,0.9813376644171801,0.493891797556719,0.7842401596980307,1904.3350785340315,1506.8342059336824
1330,943.0,122.81118318204308,0.8470372849864105,0.9642126789366053,47.9112915299791,25.466455404738042,-1.2795833458822041,1502.6330858960764,521.3584305408272,0.7856800503517555,1.8813490440081109,0.4684665223686749,34.65061169280073,0.2684646913186546,0.7670408810087169,0.28711434598653607,-0.9578963160638648,1.0607681495387706,1.3232867857037631,1.561243300349694,0.7603987888509196,0.47684694238246733,0.8188401535507271,521.3584305408272,1502.6330858960764
1331,404.0,79.69848480983501,0.775908554119482,0.957345971563981,29.175223239228227,18.405055303751706,1.373222985958327,1499.8341584158416,578.6485148514852,0.7992655592148235,1.5851744402681105,0.36915460242289566,22.680140565547774,0.29796524966605825,0.765612127828403,0.1962904606380871,0.9805457944749381,1.2441986261964082,1.9845557821381714,2.134179090757025,0.5593953384855792,0.995049504950495,0.6912828951372608,578.6485148514852,1499.8341584158416
1332,359.0,78.04163056034263,0.8721028434730529,0.9497354497354498,31.493599194449153,15.410530598575878,-1.4485309134876831,1498.0863509749304,1510.4484679665738,0.7407158589547392,2.043641456275331,0.5106773759509826,21.37973331358283,0.7777798496223346,0.7647199341372795,0.12196102007308854,-0.9925348908641608,0.8020917036487525,1.0767671161659484,1.4068548154000355,0.91304365902354,1.053853296193129,0.8172348379852495,1510.4484679665738,1498.0863509749304
1333,891.0,110.22539674441617,0.20979516618097938,0.9663774403470716,34.183270818844136,33.42253441956024,-1.087344657684541,1507.7789001122335,1582.6206509539843,0.9215612956361854,1.022761182312933,0.02225464038580305,33.681692866586,0.814943692561269,0.769667636606551,0.46483803161777926,-0.8853957331960147,1.08521204693444,1.4828281782948465,1.5428552486490763,0.7297680077400982,0.265993265993266,0.7969476168675046,1582.6206509539843,1507.7789001122335
1334,587.0,89.84062043356595,0.6582964533150636,0.9734660033167496,31.621602110955934,23.80343859908373,-0.556974457506027,1505.0323679727428,1675.6098807495741,0.9139080028028183,1.3284468115532329,0.2472412208729755,27.33846397952051,0.8628269210862894,0.7682656293888427,0.8488583571310746,-0.5286203642773639,1.0404423779459797,1.1900454338363518,1.5013999865489438,0.8038826894370883,0.8710959681998864,0.8948684987092609,1675.6098807495741,1505.0323679727428
1335,778.0,107.32590180780451,0.34941692176542616,0.9628712871287128,32.70877838165054,30.647057398814813,0.922023687716314,1506.0989717223651,1828.780205655527,0.8487511355683248,1.067273048632573,0.06303265009714765,31.473486711896992,0.9416993849925474,0.7688100927628204,0.6042088680060106,0.7968259808909943,0.8840220530352135,1.113650338789911,1.477903725101705,0.8631662490110148,0.3299057412167952,0.8036038812751146,1828.780205655527,1506.0989717223651
1336,607.0,93.01219330881976,0.7584754315616843,0.9634920634920635,34.50531385649631,22.487169420877322,-1.3239293160306551,1503.1021416803953,928.6029654036244,0.8816958243712099,1.5344445185911757,0.34829836603142017,27.80029502818709,0.47816836529537815,0.7672803173457863,0.2443671578221217,-0.969682779148902,1.4220892025571887,1.6904997801952464,1.9529974859587165,0.5922315251215713,0.6908292147171883,0.8708590844362899,928.6029654036244,1503.1021416803953
1337,423.0,74.52691193458118,0.5763171556382239,0.9679633867276888,25.67823729268383,20.984926308228317,1.0302037288048682,1503.3806146572103,962.3238770685579,0.9570265333745326,1.2236515351790984,0.1827738769978855,23.207333483685147,0.49553237748123474,0.7674224679209853,0.5146441777887938,0.8574038548246075,0.9026939440960512,1.1998033850800107,1.412840949364967,0.8534029337412984,1.1851851851851851,0.847955558802898,962.3238770685579,1503.3806146572103
1338,500.0,93.49747468305833,0.8863089874803933,0.9090909090909091,38.02896892817704,17.611000717158152,-0.9585308657294183,1504.93,1780.106,0.7187537216086927,2.1593871659505384,0.5369056481542016,25.2313252202016,0.9166354273944387,0.7682133741704952,0.57472286911679,-0.8183481066845362,0.758584663355458,0.918525744358139,1.0025186014811114,1.1195579648175142,0.75,0.8462337517776103,1780.106,1504.93
1339,410.0,76.5269119345812,0.602063566289881,0.9468822170900693,25.75303309844615,20.562461858634606,1.3108774496125604,1504.2341463414634,1343.4682926829269,0.8797622915316758,1.2524294646962184,0.20155184129067594,22.847936741452536,0.6917962372208686,0.7678581655648103,0.2570021547683406,0.9664108300533629,0.8029507342271465,0.990908056203596,1.2271522214407466,0.9930450396278189,0.36829268292682926,0.9672440938868322,1343.4682926829269,1504.2341463414634
1340,112.0,39.55634918610404,0.7633634147269728,0.9411764705882353,15.02752774588475,9.70732111944649,-1.4980479887560982,1499.6160714285713,758.0982142857143,0.8994882254777637,1.5480612581961868,0.3540307305634611,11.941642642883693,0.3903698322789466,0.7655008021585357,0.0726841870941239,-0.9973550064778671,0.697308535750403,1.5409152497908802,1.568409068373917,0.7880980685895248,4.125,0.8765214859241678,758.0982142857143,1499.6160714285713
1341,308.0,77.698484809835,0.8177401501672332,0.924924924924925,28.217768975363818,16.241796978919446,-0.26655187825857446,1511.7012987012988,1925.1688311688313,0.6411143252822791,1.7373551099049094,0.4244124334174071,19.802974013476614,0.9913330747522303,0.7716698819302189,0.9646848876170041,-0.263406658236591,0.9022340929856978,1.3915246851128344,1.3998341239127237,0.8122172853338611,1.37012987012987,0.8040776517298992,1925.1688311688313,1511.7012987012988
1342,659.0,105.63961030678927,0.8757497197554396,0.9374110953058321,42.32137109476051,20.431293509717506,-1.00687243392337,1511.6965098634294,1621.8163884673747,0.742064571798573,2.071399496788183,0.5172346031991636,28.96661630188228,0.8351268735671342,0.7716674373983815,0.5345066383655714,-0.8451642760689405,0.9328311914139717,1.1774805407183588,1.2065470700293397,0.9044702168343234,0.5614567526555387,0.9006058235080628,1621.8163884673747,1511.6965098634294
1343,337.0,68.18376618407356,0.6216683277653859,0.9628571428571429,23.640252720244515,18.51695121288836,-0.8509448629399492,1507.3353115727002,1261.0979228486647,0.9109148719355658,1.2766816982155345,0.2167194051596908,20.71428798138497,0.6493810107356667,0.7694412003944361,0.6592729943730512,-0.7519036633042765,0.8469817711569817,1.3874447301797082,1.6425416465042033,0.7738005280416652,1.9683481701285857,0.8135692152661763,1261.0979228486647,1507.3353115727002
1344,832.0,125.39696961966999,0.8503928917814161,0.9122807017543859,47.22267815603791,24.84612716682218,-0.39749326438087207,1516.1442307692307,987.7512019230769,0.6649042480432464,1.900605186433073,0.4738517988174429,32.54743156102575,0.508625747643191,0.7739378411277339,0.9220342679651884,-0.3871082648276824,1.1998033850800107,1.2348437070367337,1.2813667259238075,0.8073166965729678,0.6177884615384616,0.9185378037147641,987.7512019230769,1516.1442307692307
1345,903.0,117.74011537017762,0.7066677395696415,0.9416058394160584,40.93431255856834,28.962890708360877,0.10210033048516574,1518.0808416389812,1016.968992248062,0.8185565730843678,1.4133365681883268,0.2924544496277759,33.90774703361832,0.52367095378376,0.7749264122710471,0.9947922875897862,0.10192303248962022,1.2348437070367337,1.6037261149867243,1.6349799157046612,0.6706083928606419,0.5658914728682171,0.780520269319893,1016.968992248062,1518.0808416389812
1346,298.0,63.59797974644666,0.6986374656328814,0.9738562091503268,23.148856390786616,16.562447697562888,-0.8946338987866087,1509.8255033557048,1201.7147651006712,0.925847563421397,1.397671214635316,0.284524150223039,19.47884453275087,0.6188026596810872,0.7707123549544179,0.6258044099568569,-0.7799800256920366,1.1223450395198635,1.1754530684773716,1.7526535658172708,0.7406581392871563,1.5592841163310962,0.8751370717172562,1201.7147651006712,1509.8255033557048
1347,523.0,88.18376618407358,0.5572827186535696,0.9613970588235294,28.855012243178347,23.9589748949732,-1.3811620727581586,1509.7858508604206,1303.7437858508604,0.8451509171704533,1.2043508693367502,0.16967718838388735,25.805121233904135,0.6713407754123895,0.7706921137623383,0.18849971826777043,-0.9820732438127877,0.8108739251168238,1.0019521987563378,1.115662822490546,1.0244190963141886,0.5481198215423837,0.8667976379366374,1303.7437858508604,1509.7858508604206
1348,379.0,76.18376618407356,0.4680535757789844,0.9243902439024391,23.9225389509908,21.14034983937501,0.4629681177016575,1511.8522427440632,1867.7625329815303,0.8205861774717231,1.1316056324873969,0.11629990935809764,21.967197988242077,0.9617726740378632,0.7717469335089654,0.8947308622412581,0.44660573681158067,1.359923720113138,1.4210070222685665,1.5567465625373529,0.6916143800272807,0.8962181178540019,0.8034973819635766,1867.7625329815303,1511.8522427440632
1349,573.0,87.01219330881976,0.579794694184241,0.9728353140916808,29.965717263717917,24.414946044016904,-0.5510127464836703,1515.7731239092495,832.8307155322863,0.9510519797546193,1.2273513613216145,0.18523738880837037,27.010484244701136,0.4288520677303225,0.7737484042415771,0.8519947352986657,-0.5235503519465503,1.2360047263151577,1.4664045790950802,1.6435919756637378,0.6902897182898772,0.9301919720767888,0.8977526979938611,832.8307155322863,1515.7731239092495
1350,112.0,37.21320343559643,0.32376476332100523,0.9411764705882353,12.285561119235496,11.623831441193742,-0.48714849554740686,1508.080357142857,1372.3125,1.016327723377443,1.0569287055984524,0.053862389484651496,11.941642642883693,0.7066490731204943,0.7698215197258076,0.8836712614510484,-0.46810800215923776,1.1876956676321055,1.2271522214407466,1.6831629675632789,0.7320624822508554,2.6160714285714284,0.9504041978090974,1372.3125,1508.080357142857
1351,266.0,60.79898987322333,0.6234672706525294,0.9568345323741008,20.956965923767726,16.385192280627546,0.45923092914483277,1511.545112781955,1802.9398496240601,0.9042713532904674,1.2790186141755233,0.21815055002571904,18.403307281560924,0.9283933314233059,0.7715901545594461,0.8963936600480783,0.4432588478819236,0.7346261590747094,0.9858372562673963,1.0025186014811114,1.101733313501632,1.4786967418546366,0.7922749028445613,1802.9398496240601,1511.545112781955
1352,730.0,99.25483399593904,0.3881146043104377,0.9746328437917223,31.897750980204144,29.397321961583053,0.9878262048375355,1517.4465753424658,199.9150684931507,0.9311708872848571,1.08505635383688,0.07838888140335865,30.487126261041215,0.10294287769987162,0.7746026418287217,0.5505059119932652,0.8348312649035513,1.024247215976466,1.0961846793833072,1.7703138652281385,0.7710604045088478,0.6534246575342466,0.9462612711362234,199.9150684931507,1517.4465753424658
1353,747.0,115.88225099390857,0.8598528069598388,0.89568345323741,44.512206635531975,22.725351723731936,-0.5990347488513671,1523.904953145917,1272.4484605087014,0.6990312970245267,1.9587026496513218,0.4894579837434666,30.8400703617415,0.6552257778108658,0.7778994145716779,0.8258802521344539,-0.563845554327008,0.8469817711569817,1.0779513307606576,1.2524612880789185,0.9441698548486611,0.47032574743418115,0.8606315996734217,1272.4484605087014,1523.904953145917
1354,393.0,75.35533905932738,0.7235245774754877,0.9585365853658536,27.31191028627141,18.853374000256625,-1.1680366896132912,1512.9338422391857,14.783715012722647,0.8697097881068423,1.4486484109369309,0.3097013792648018,22.36924542940416,0.0076126235904854,0.7722990516790126,0.3919586504223035,-0.9199828348176537,1.683256903192087,1.725192159227557,2.4504216677392634,0.5120440675636195,1.1077184054283291,0.7558742080592578,14.783715012722647,1512.9338422391857
1355,466.0,102.18376618407355,0.9288303346379349,0.8859315589353612,42.20863156985049,15.63852353243328,1.489267317907321,1512.538626609442,605.2768240343347,0.5608309464997075,2.699016405373086,0.629494656642604,24.35835848013133,0.3116770463616554,0.7720973081212057,0.0814387186284034,0.9966783508776358,1.2441986261964082,1.874848106037966,2.6760699623362036,0.5176772372523039,0.8540772532188842,0.7689744977749878,605.2768240343347,1512.538626609442
1356,200.0,53.698484809834994,0.7884851953852465,0.9478672985781991,20.58179702959565,12.658911131393873,-0.7667913610760972,1512.885,1752.875,0.8715971401622058,1.6258742016565042,0.3849462652269401,15.957691216057308,0.9026132852729145,0.7722741194486983,0.7201406168286356,-0.6938281429818715,0.9743439920008281,1.1963527147601056,1.3249109723895933,0.8582198791624793,2.533333333333333,0.841912360238072,1752.875,1512.885
1357,618.0,99.74011537017762,0.8404799014878299,0.9377845220030349,38.74423455299726,20.99328150523238,-0.8524304849984664,1519.215210355987,72.55016181229773,0.7806540311063138,1.8455539951360451,0.4581572781747386,28.05106127486678,0.03735847673135825,0.7755054672567571,0.6581552225842201,-0.7528822636940756,1.4805001498856334,1.60891245949517,1.6504756585284597,0.6329263118523429,0.7114347357065804,0.8007916950085203,72.55016181229773,1519.215210355987
1358,519.0,87.01219330881976,0.6941545285951539,0.9470802919708029,30.533916507883017,21.979107411672114,-0.7123191929436999,1517.8940269749519,1730.3198458574182,0.8614240444897862,1.3892245911527703,0.2801739860002004,25.70625067405882,0.8909988907607714,0.774831050012737,0.756848109580588,-0.6535908039624565,0.9743439920008281,1.1910623727790468,1.238593117043701,0.88131623286642,0.9319203596660245,0.8976338234406183,1730.3198458574182,1517.8940269749519
1359,351.0,68.52691193458118,0.3739799275470645,0.9616438356164384,22.07999425898519,20.477799169547804,0.9369872821237434,1518.3504273504273,175.64387464387465,0.9392790973096317,1.0782405900249274,0.07256320226557089,21.14017691983778,0.09044483761270579,0.7750640262125713,0.5922182894815428,0.8057775732815823,1.024247215976466,1.3276308600981643,1.771728297503336,0.727518518552721,1.7188983855650524,0.9435585344612986,175.64387464387465,1518.3504273504273
1360,341.0,76.18376618407356,0.7468383276173989,0.89501312335958,26.697349985383752,17.753888537546537,0.9763755706138321,1518.7976539589442,480.6099706744868,0.7383110462212601,1.5037466259249783,0.33499435160169744,20.83685880248485,0.2474819622422692,0.7752923195298337,0.5600289605945564,0.82847303112134,1.450314778963779,1.5459244416318967,1.8486680497057564,0.6192068975993738,1.827956989247312,0.8500501075110365,480.6099706744868,1518.7976539589442
1361,750.0,103.74011537017762,0.7861276536409643,0.9765625,39.39227792304506,24.346955365900126,-0.6931537279892409,1528.0586666666666,1702.764,0.8757450155439118,1.617954989896483,0.3819358348998446,30.90193616185517,0.8768094747682801,0.780019737961545,0.7692347177937047,-0.6389663128372571,1.238593117043701,1.5013999865489438,1.6373732526423659,0.6853435960933166,0.8075555555555555,0.8698118585384315,1702.764,1528.0586666666666
1362,591.0,90.91168824543142,0.6566409264318063,0.9625407166123778,31.760897068120634,23.954174980069087,-0.7384065789788762,1525.8815566835872,1646.663282571912,0.898582382015073,1.3259023570858557,0.2457966496131304,27.431452220735256,0.8479213607476376,0.7789084005531328,0.7395420453254591,-0.673110364796024,1.0446467509882988,1.2065470700293397,1.2260370448238969,0.8627554843914457,0.6858432036097011,0.8099291845391404,1646.663282571912,1525.8815566835872
1363,235.0,58.04163056034261,0.8333266392248689,0.9552845528455285,23.33105964895767,12.89696391758369,1.4499802108550248,1518.863829787234,1525.2893617021277,0.8765940473797378,1.8090350409640332,0.44721910999186565,17.297725082009,0.7854219164274602,0.775326099942437,0.12052241428506862,0.9927106061964375,0.9298321157063418,1.0767671161659484,1.5002758015837248,0.8554624762444155,1.7858156028368795,0.7719421085102499,1525.2893617021277,1518.863829787234
1364,284.0,67.49137802864844,0.7116908047623487,0.9403973509933775,23.368399219152245,16.416133269527826,-1.123548661582863,1524.8098591549297,1838.2323943661972,0.7834866717555062,1.4235020412833421,0.29750715418822904,19.015783725757565,0.9465666294367648,0.7783613369856711,0.43248555784939735,-0.9016408610149029,0.8840220530352135,1.359923720113138,1.389286528130325,0.8257110339309112,1.8908450704225352,0.8396766579826802,1838.2323943661972,1524.8098591549297
1365,390.0,77.94112549695429,0.80823691830538,0.9629629629629629,29.59149641056173,17.425172803118993,-0.14371150616859218,1530.825641025641,1594.0692307692307,0.8067539961798252,1.6982038998927484,0.4111425606411834,22.283703068536735,0.820838944783332,0.7814321802070654,0.9896912620284163,-0.1432173378631257,1.08521204693444,1.2138007103749515,1.4212454539351957,0.8063956396715728,1.3786324786324786,0.8616474803734894,1594.0692307692307,1530.825641025641
1366,462.0,82.18376618407358,0.7903798606992586,0.9565217391304348,31.172157216991817,19.096595654088265,-0.9747334512126645,1528.4458874458874,1053.5584415584415,0.8595670525971144,1.6323410612885012,0.387382928901732,24.253590861306396,0.542512070833389,0.7802174004317954,0.5613886565462896,-0.8275522801014762,1.6037261149867243,2.6953634890487543,2.8232214502323436,0.4212115951047018,1.4242424242424243,0.7668501094823107,1053.5584415584415,1528.4458874458874
1367,513.0,83.01219330881975,0.6981335994041761,0.9771428571428571,30.231029849531254,21.644435208484172,-0.12819078989005295,1530.2612085769981,1325.3118908382066,0.9354992672457326,1.3967114206648974,0.28403248859814223,25.557227675339483,0.6824469056839375,0.7811440574665636,0.9917948061780718,-0.1278399876337643,0.8830079258198327,1.0497321451054713,1.0948908280877103,0.990873755773195,0.52046783625731,0.903250606291131,1325.3118908382066,1530.2612085769981
1368,460.0,78.62741699796953,0.5565832874559378,0.9766454352441614,26.670828113459308,22.15790576421269,-1.089890853566035,1526.213043478261,1784.736956521739,0.9350173681456206,1.2036709785333348,0.1692081824399443,24.201036973199617,0.9190200600008955,0.7790776128015625,0.46258213628629713,-0.8865764305398636,0.7458006824608681,0.918525744358139,0.9858372562673963,1.1320055508821154,0.7144927536231884,0.7820262312261766,1784.736956521739,1526.213043478261
1369,273.0,59.698484809834994,0.648361648515267,0.9646643109540636,21.37302194660352,16.271976191555698,-0.7688403121627126,1528.2161172161173,1464.1245421245421,0.9626000811028612,1.313486554736664,0.23866750185312235,18.643883600599406,0.7539261287973955,0.7801001108811216,0.718717486249016,-0.6953022184344699,0.9259238765543106,1.1996436793327503,1.5286203932816045,0.8209758342294643,1.5909645909645909,0.8716626056274289,1464.1245421245421,1528.2161172161173
1370,452.0,81.35533905932738,0.7787074409803867,0.9515789473684211,30.357049032682696,19.045624540562386,-1.3609062351907788,1529.9269911504425,787.637168141593,0.8581756349811922,1.5939119753216715,0.37261278195855996,23.98967015655475,0.40558041613882234,0.7809734513274337,0.20835240477827274,-0.9780538203100639,0.9955367383357561,1.0245497309012246,1.784830940650934,0.7884533819850703,0.9203539823008849,0.8174499178986263,787.637168141593,1529.9269911504425
1371,338.0,67.94112549695427,0.6222390730242727,0.9575070821529745,23.5077327147383,18.402494245181586,0.2237568718379552,1531.275147928994,1507.0650887573966,0.9201552116771962,1.2774210061711304,0.21717272914014185,20.7449985808745,0.7760376358174029,0.7816616375339429,0.9750707035918749,0.22189439604651137,0.9298321157063418,1.1454256924748942,1.4068548154000355,0.8615459418755301,0.6321499013806706,0.8610701981801023,1507.0650887573966,1531.275147928994
1372,220.0,61.83452377915607,0.7663334583839906,0.8870967741935484,21.744739311235126,13.969755934928388,-0.5411141592202916,1528.95,1802.209090909091,0.7230536187793704,1.5565582829451625,0.3575569826348546,16.73656774376801,0.9280170396030334,0.7804747320061256,0.8571353197681436,-0.5150912963795469,0.7346261590747094,0.7458006824608681,1.3765464868032955,1.050062305532368,1.8575757575757577,0.8526808143482603,1802.209090909091,1528.95
1373,61.0,27.313708498984763,0.685336784261857,0.9384615384615385,10.335573645387655,7.5266361860388615,0.010456215904002263,1526.4918032786886,1351.0,1.0274917859878585,1.3731995794561034,0.2717737356167267,8.812923024107548,0.6956745623069001,0.7792199097900402,0.9999453342725486,0.010456025371091622,0.990908056203596,1.0194803066191296,1.0948908280877103,0.9660967067893277,7.825136612021858,0.888930287829573,1351.0,1526.4918032786886
1374,284.0,61.698484809834994,0.5366635280648687,0.9498327759197325,20.742244179378986,17.502229651243056,-0.475806138407237,1533.5774647887324,723.9119718309859,0.9375171187212212,1.185120101421239,0.156203663408659,19.015783725757565,0.3727662058861925,0.7828368886108894,0.8889237546182404,-0.45805519151671065,1.5362216587000082,2.03212717247687,2.3369592119050067,0.5080175289948716,1.4330985915492958,0.8323692640910888,723.9119718309859,1533.5774647887324
1375,231.0,59.112698372208094,0.6976473165855769,0.9166666666666666,20.59015279403534,14.751637060915419,0.8377366893984701,1533.3376623376623,1300.6103896103896,0.8307307281742242,1.3957876477715898,0.2835586404590087,17.14987856615383,0.6697272861021574,0.7827144779671579,0.6691464735067765,0.7431305383265076,0.8465493145513608,1.0019521987563378,1.0497321451054713,1.0351132288079727,2.196248196248196,0.8736331277755537,1300.6103896103896,1533.3376623376623
1376,551.0,85.01219330881976,0.5378654608874199,0.9752212389380531,28.884951799282867,24.35090087513253,1.23289497729133,1538.2667876588023,859.3484573502723,0.9580739253366246,1.1861964346781342,0.15696930899025785,26.486883341553696,0.44250692963453775,0.7852306215716194,0.3315078466523424,0.9434524617636688,1.4664045790950802,1.6355466251718356,1.9175254386295075,0.5976718716772211,0.8166969147005445,0.9600570845206292,859.3484573502723,1538.2667876588023
1377,508.0,86.08326112068525,0.737709941997491,0.9584905660377359,31.133323694391972,21.0186609439354,0.6251636829291696,1540.8503937007874,1446.1673228346456,0.8614620574788103,1.4812229845391267,0.32488220177656524,25.43237481489809,0.7446793629426599,0.7865494607967266,0.8108673382064585,0.5852300059207258,0.9259238765543106,1.3632728187578722,1.4828284261971942,0.7953287434097334,0.774278215223097,0.8625042371035215,1446.1673228346456,1540.8503937007874
1378,398.0,81.9827560572969,0.8962429582406443,0.9299065420560748,34.33875629286838,15.231418201984166,-0.7985388125261194,1542.105527638191,42.027638190954775,0.7441284478598997,2.2544687459500747,0.5564365211110605,22.511093682995384,0.02164142028370483,0.7871901621430276,0.6977541569502479,-0.7163373063429329,0.952699044809626,1.4550325622098763,1.60891245949517,0.746892169263871,1.438860971524288,0.8112662946495098,42.027638190954775,1542.105527638191
1379,216.0,52.62741699796952,0.6074599316162946,0.972972972972973,18.680799397080175,14.839098985941872,0.8618697204475493,1536.7407407407406,965.4120370370371,0.9800303046853915,1.2588904093690472,0.2056496796244578,16.583719174624104,0.4971225731395659,0.7844516287599493,0.6510193748408464,0.7590611132061986,1.257772027263806,1.2813667259238075,1.3384893347185152,0.7736688336245169,1.9675925925925926,0.8137130174739666,965.4120370370371,1536.7407407407406
1380,501.0,81.59797974644667,0.4770631581466427,0.9653179190751445,26.95210251547648,23.68736775334092,-0.255272191091815,1542.8722554890219,1743.502994011976,0.9455593146157372,1.137825983711301,0.12113098635851804,25.25654394235911,0.8977873295633244,0.7875815495094548,0.9675946008901276,-0.2525087886159108,0.9209645888904365,1.1910623727790468,1.3249109723895933,0.8728699957805037,0.7425149700598802,0.881837161876012,1743.502994011976,1542.8722554890219
1381,486.0,85.25483399593904,0.5878408377498373,0.9436893203883495,28.084378765827942,22.719605422858624,-1.0619742822862388,1546.1049382716049,1285.119341563786,0.8402491989104751,1.236129688131455,0.1910233937414696,24.875578761936154,0.6617504333490144,0.7892317193831572,0.48714885424309556,-0.8733189530805107,0.8465493145513608,1.0779513307606576,1.3148136052627968,0.9261219406137121,1.1556927297668038,0.807014401257146,1285.119341563786,1546.1049382716049
1382,509.0,86.66904755831213,0.8156198496462002,0.967680608365019,33.637007084754025,19.461974094365967,-0.6802000295993625,1546.893909626719,1338.0314341846758,0.8515293047113103,1.7283450754613623,0.4214118382967815,25.45739437315213,0.6889966190446323,0.7896344612693819,0.7774469259790325,-0.6289485489972552,0.8830079258198327,0.9861459565768255,1.0194803066191296,1.0385531028496746,0.4446627373935822,0.991035909464137,1338.0314341846758,1546.893909626719
1383,63.0,29.31370849898476,0.8370898983707581,0.9402985074626866,12.209972260882415,6.679652802792712,0.09916699332477096,1539.015873015873,1566.4761904761904,0.9213165736857096,1.827935166896327,0.45293464554439755,8.95623198216277,0.806630376146339,0.7856130030708898,0.9950869819541505,0.09900453699391887,1.2138007103749515,1.4828281782948465,1.6488620757245185,0.6903707830901326,10.656084656084657,0.8550669587593452,1566.4761904761904,1539.015873015873
1384,531.0,92.18376618407356,0.8128760386537268,0.9482142857142857,34.75386172781168,20.241925619285215,1.4057690592688634,1543.6214689265537,1916.060263653484,0.7852274810544737,1.7169246830301768,0.4175632688586468,26.001734523957655,0.9866427722211556,0.7879639963892566,0.16427922811759937,0.986413876224927,1.0877590181050116,1.3998341239127237,1.6282455240430196,0.7288915439611443,0.9070935342121783,0.6625559674523882,1916.060263653484,1543.6214689265537
1385,545.0,91.66904755831213,0.773952005380808,0.9412780656303973,33.33500463454152,21.109200356217393,1.1144448145409254,1547.5449541284404,803.3504587155963,0.8150062293334205,1.579169465068022,0.3667557395704042,26.34227689249097,0.413671708916373,0.7899667963902197,0.44067592286546303,0.8976662692820047,0.9955367383357561,1.149764033583562,1.8277733395082107,0.7550828189615868,0.9883792048929663,0.849027637873502,803.3504587155963,1547.5449541284404
1386,495.0,87.25483399593905,0.8289888269222503,0.953757225433526,33.76587993042904,18.88408041233984,-0.4779724997648835,1549.290909090909,1237.739393939394,0.8170263622658528,1.7880605882383689,0.4407348349502972,25.104851615652017,0.6373529319976282,0.7908580444568193,0.8879293564150526,-0.4599798452284084,0.949342024936879,1.1139029365845348,1.8134295157256137,0.7738591459271589,0.9272727272727272,0.7312978491858764,1237.739393939394,1549.290909090909
1387,519.0,88.52691193458118,0.8401550931611852,0.9664804469273743,35.00720636014461,18.986025948171676,-0.15699888187711344,1552.179190751445,1479.4547206165703,0.8321978543247922,1.8438406465738422,0.4576537826855245,25.70625067405882,0.7618201444987489,0.7923324097761333,0.9877009695834895,-0.15635470790428638,1.1996436793327503,1.4009774630468406,1.4043741238892526,0.7490645557728404,0.45472061657032753,0.9070718483972007,1479.4547206165703,1552.179190751445
1388,662.0,113.05382386916237,0.8905973443866692,0.9297752808988764,44.62664590407832,20.295871320501384,-0.9019626913047204,1551.7311178247735,224.89728096676737,0.6508746257043715,2.198804140968306,0.5452073327642445,29.03247455203703,0.11580704478206352,0.792103684443478,0.6200713430741946,-0.7845454285751491,1.0228384982702563,1.7046898225976372,1.7889309224633125,0.6642371464836444,0.9753272910372608,0.8856580540344264,224.89728096676737,1551.7311178247735
1389,662.0,98.32590180780453,0.7093335505625729,0.9525179856115108,34.68979497089189,24.451899061054334,0.32477403577213954,1553.5815709969788,925.6933534743202,0.8604625572560334,1.4186953285008412,0.2951270227577921,29.03247455203703,0.47667010992498465,0.7930482751388356,0.9477228545840035,0.31909464254222103,1.0325001487641383,1.66926974396656,1.8193144692872265,0.6635576246272455,0.5971802618328298,0.9101765869909256,925.6933534743202,1553.5815709969788
1390,408.0,73.698484809835,0.5692647611885655,0.9714285714285714,25.287206609801977,20.78998470591889,-1.1984169336661739,1546.3529411764705,1383.637254901961,0.9439585159077576,1.2163167490259255,0.17784573730416897,22.792141940852034,0.7124805638012157,0.7893583160676215,0.36383277950708404,-0.9314642819540369,1.4330682892084967,1.611157003264967,1.6831629675632789,0.6345998752335784,0.5620915032679739,0.9856693063584882,1383.637254901961,1546.3529411764705
1391,290.0,70.04163056034261,0.9156377646162156,0.9764309764309764,30.488189855637884,12.256384437070608,0.11041484910636999,1552.6689655172413,5.051724137931035,0.7428401452115599,2.487535374904155,0.5979956666793009,19.21560480373171,0.0026012997620654143,0.7925824224181937,0.9939104709981899,0.1101906331779452,1.5422526518363564,1.621690960862169,1.725192159227557,0.6136053772992573,1.0379310344827586,0.7949164702967662,5.051724137931035,1552.6689655172413
1392,507.0,83.84062043356595,0.19414931934690752,0.9584120982986768,25.868396092442033,25.37617194851127,-0.10224230958012333,1551.5719921104537,491.0315581854043,0.9063769580812958,1.019397099961708,0.019028011716372917,25.40733061895184,0.25284838217580036,0.792022456411666,0.9947778066233836,-0.10206427117052301,1.450314778963779,1.9905783278846163,2.427935682399246,0.5111752459871277,1.1873767258382644,0.8165305919765747,491.0315581854043,1551.5719921104537
1393,303.0,67.11269837220809,0.7740498003582832,0.9380804953560371,24.903208425996077,15.76683677311706,0.21363071738806988,1551.8613861386139,1659.7128712871288,0.8453627188572743,1.5794676373168783,0.3668752835615229,19.64157789116634,0.854641025379572,0.7921701817961275,0.9772676111560344,0.21200947192372782,1.0608303066486455,1.2260370448238969,1.840138860900136,0.7269191868444643,1.9273927392739274,0.8912393606915407,1659.7128712871288,1551.8613861386139
1394,368.0,76.84062043356595,0.849452939668595,0.9411764705882353,30.06229290331543,15.862801299108735,-1.0632638075766132,1549.0842391304348,549.7989130434783,0.7832059119724384,1.8951440124894274,0.4723356149138145,21.646065519224038,0.2831096359647159,0.7907525467740861,0.48602228264476255,-0.8739464175638999,2.296889345807361,2.407019433695392,2.4804909671945192,0.4175714194326568,1.6793478260869565,0.830440855882625,549.7989130434783,1549.0842391304348
1395,591.0,100.32590180780451,0.8862563671315461,0.9516908212560387,40.41349902680069,18.71933258784813,1.1439155409838109,1551.4500846023689,776.3671742808799,0.7378552988846945,2.1589177304876555,0.5368049528343443,27.431452220735256,0.39977712372856844,0.791960226953736,0.4140335201931936,0.910261635001955,1.0245497309012246,1.149764033583562,2.31768050680808,0.667854814324274,0.6254935138183869,0.8575566965974589,776.3671742808799,1551.4500846023689
1396,564.0,107.7401153701776,0.901001504199742,0.8380386329866271,43.1609109226799,18.723892119771218,0.3218487561965053,1560.8971631205675,1896.9060283687943,0.6105680792797519,2.305124951937999,0.566184037373217,26.797520467958073,0.9767796232589054,0.7967826253805858,0.9486522393404161,0.3163209268992708,1.0877590181050116,1.367236087541483,1.3705642298378429,0.7841990508873345,0.799645390070922,0.7603858323710438,1896.9060283687943,1560.8971631205675
1397,491.0,87.5269119345812,0.7148387147247004,0.9212007504690432,30.481098540405245,21.315107954089708,-1.5546332370834037,1552.69450101833,61.983706720977594,0.8053935433313955,1.4300231838402144,0.300710637911073,25.003212122944625,0.03191745969154356,0.7925954573855691,0.016162385965026727,-0.9998693801091808,0.8451493994693159,0.952699044809626,1.0311229574462453,1.0604561071810463,0.9755600814663951,0.8149109504016617,61.983706720977594,1552.69450101833
1398,239.0,60.62741699796952,0.8673819641781608,0.9676113360323887,24.94774045469044,12.415067720534864,-1.309047817050214,1548.4351464435147,992.8493723849373,0.8170895073193182,2.009472764568669,0.5023570273595379,17.44431859350499,0.5112509641529028,0.7904212079854592,0.2587699003407547,-0.96593899324835,1.257772027263806,1.37860397356836,1.4059774095361612,0.7421419394715043,1.7461645746164574,0.8680266165959911,992.8493723849373,1548.4351464435147
1399,430.0,79.59797974644667,0.676998843927575,0.9492273730684326,27.601290539461395,20.31411041150882,-0.9274179914478823,1555.886046511628,86.22558139534884,0.8528530938342656,1.358725042856126,0.2640159204706076,23.398568422792877,0.04440040236629703,0.7942246281325308,0.599901776721235,-0.8000736580382494,0.9109927832630684,1.0311229574462453,1.3619008729473048,0.9079857491030721,1.1248062015503877,0.8718508466222167,86.22558139534884,1555.886046511628
1400,451.0,79.84062043356595,0.7367640368563997,0.9616204690831557,29.267930595067913,19.789509789197584,0.7743419347127427,1559.8869179600888,902.0354767184035,0.8890754117975994,1.4789618796441473,0.32385005065809425,23.96311821686732,0.4644878870846568,0.7962669310669162,0.7148813381928382,0.6992457881915464,1.0305764749200348,1.0325001487641383,1.729562696238851,0.791005879267446,0.8603104212860311,0.8948644965809063,902.0354767184035,1559.8869179600888
1401,454.0,81.94112549695427,0.7436200553335797,0.9578059071729957,29.640967988564853,19.818023311239255,-1.281958199970784,1556.7026431718061,1846.488986784141,0.8496926609079927,1.495657136085554,0.3313975670806425,24.04268606686374,0.9508182218249953,0.7946414717569199,0.28483867448993694,-0.9585754688676399,0.887278662853092,1.389286528130325,2.093359620243481,0.6865106677104865,0.7760646108663729,0.8234691807515863,1846.488986784141,1556.7026431718061
1402,711.0,103.49747468305833,0.7871101996474034,0.9647218453188603,38.739655327834654,23.895099677986696,-0.3041222259776465,1566.154711673699,1710.2630098452883,0.8341035283226903,1.6212384903137051,0.3831876025799864,30.087760240780646,0.8806709628451536,0.7994664173934145,0.9541101746187405,-0.29945579755449153,1.6373732526423659,1.649221845332426,1.711415562252744,0.6002388157898454,0.8420065635255508,0.9036451483990963,1710.2630098452883,1566.154711673699
1403,397.0,73.94112549695427,0.679895501658105,0.9566265060240964,26.33054515988215,19.308426052030338,-0.5349131475031775,1562.3853904282116,1753.3098236775818,0.9124903009760441,1.3636815910799427,0.26669098817410286,22.48279562821002,0.902837190359208,0.7975423126228748,0.8603129069973007,-0.5097663210274429,0.9209645888904365,1.5863160202676885,1.8222683190779558,0.6929128298873949,1.5113350125944585,0.9040824421065053,1753.3098236775818,1562.3853904282116
1404,926.0,120.8111831820431,0.5030307402227895,0.9401015228426396,38.05103204603729,32.886309144911856,0.5365792249137865,1568.1673866090712,179.4902807775378,0.7972721162252265,1.1570478121569479,0.13573148015740355,34.3368580162012,0.09242547928812452,0.800493816543681,0.8594624032040656,0.5111989607566628,1.2232137575313273,1.4879053858443245,1.5415965550998998,0.705431590706944,0.5421166306695464,0.8476848682838631,179.4902807775378,1568.1673866090712
1405,351.0,67.698484809835,0.3123153236502202,0.9642857142857143,21.723424855694727,20.636786423798487,-0.7942606021800421,1561.6780626780626,107.03703703703704,0.9624076870244348,1.0526554091117173,0.05002150623645252,21.14017691983778,0.055116908875920204,0.7971812469004914,0.7008124037601501,-0.7133456208149879,0.9109927832630684,1.2152918178309424,1.526217278569892,0.8213548134507886,1.5460588793922125,0.8142296863634925,107.03703703703704,1561.6780626780626
1406,386.0,77.94112549695429,0.7860530369330407,0.9234449760765551,28.752295751547205,17.773492106903337,0.40402836016145394,1565.7331606217617,1258.4119170984457,0.7984795962190065,1.617706614918946,0.38184094026832904,22.16913314200113,0.6479978975790143,0.7992512305368871,0.9194848075753574,0.3931255380131236,0.7127404121676414,1.1139029365845348,1.3977302220039185,0.9304132831285177,1.0578583765112262,0.784552738496808,1258.4119170984457,1565.7331606217617
1407,394.0,75.59797974644665,0.7143489146409316,0.9539951573849879,26.914957873281015,18.834810371141124,-0.004191784862932391,1566.802030456853,1864.9467005076142,0.8663346930275294,1.4290007354956102,0.3002102971954196,22.397686948112614,0.9603227088092761,0.799796850667102,0.9999912144826957,-0.004191772587259051,0.887278662853092,1.3705642298378429,1.7013960574047726,0.7577213797433168,1.1269035532994924,0.7817802822328715,1864.9467005076142,1566.802030456853
1408,432.0,81.25483399593905,0.5811454481117676,0.9411764705882353,26.783485625183545,21.79639283691489,-1.5149572096618455,1564.5300925925926,143.11574074074073,0.8222335548166141,1.2288035834912276,0.18620028991220883,23.452920571340155,0.07369502612808483,0.7986371069895828,0.055810103863563096,-0.9984414015387875,1.0821392984254636,1.526217278569892,1.5415965550998998,0.722899730312217,1.3526234567901236,0.8835156661288917,143.11574074074073,1564.5300925925926
1409,47.0,24.727922061357855,0.806940196646128,0.9038461538461539,10.069425691065511,5.947336624474221,-0.6284778411830436,1557.936170212766,1512.2553191489362,0.9659006882058299,1.693098327346774,0.4093668490198775,7.735777827895049,0.7787102570282884,0.7952711435491404,0.8089233437670762,-0.5879141297066203,1.1454256924748942,1.4043741238892526,1.7369767829773393,0.6998265317723452,7.74468085106383,0.8763157044605755,1512.2553191489362,1557.936170212766
1410,244.0,66.35533905932738,0.8721197175234746,0.9138576779026217,25.98474667456296,12.714142930201724,-0.6840217371488886,1571.3032786885246,1242.454918032787,0.6963826543140959,2.0437670724023143,0.5107074512045222,17.625846048215095,0.6397811112424238,0.8020945781973071,0.7750375969384986,-0.6319151235188135,0.7127404121676414,0.949342024936879,1.2145957273661523,1.0428695281427212,2.0150273224043715,0.7898358095352899,1242.454918032787,1571.3032786885246
1411,707.0,99.84062043356595,0.6832116873900502,0.9619047619047619,35.3492584489552,25.81274861893526,-0.17020935318575492,1573.933521923621,1299.1782178217823,0.8912811785726868,1.3694496068901516,0.2697796290066674,30.003005818213616,0.6689898135024626,0.8034372240549367,0.9855493264475915,-0.16938868066874685,1.3148136052627968,1.4562995647397354,1.6074700211332404,0.685153134939483,0.5719000471475719,0.8895188676326692,1299.1782178217823,1573.933521923621
1412,733.0,104.91168824543142,0.7390756295736939,0.9581699346405229,37.51710235549825,25.272362645828956,0.6311817592262187,1573.7080491132333,1584.5102319236016,0.8368855844620251,1.4845110796037986,0.32637754359712134,30.549706811864404,0.8159167002696198,0.8033221281843967,0.8073307169936187,0.5900992402965535,1.158272280825794,1.5784964623739355,1.6488620757245185,0.6840521064962487,0.4238290131878127,0.717724399375034,1584.5102319236016,1573.7080491132333
1413,609.0,95.01219330881975,0.4761815805959986,0.9485981308411215,30.286652163330576,26.63247596028145,1.2349576067323442,1572.4285714285713,58.489326765188835,0.84775130951082,1.1372075284513092,0.1206530250799196,27.846056861676377,0.030118087932641008,0.8026690002187704,0.3295611500184562,0.9441342321929189,0.8451493994693159,1.3619008729473048,1.4550325622098763,0.8192059370240804,0.7219485495347565,0.8007916950085203,58.489326765188835,1572.4285714285713
1414,388.0,78.42640687119284,0.792109293713001,0.9238095238095239,29.117503122512915,17.772720623759984,-0.38895866938836926,1572.4226804123712,1453.1134020618556,0.792714775882911,1.6383255967905288,0.3896207188857973,22.22649192646566,0.7482561287651162,0.8026659930639976,0.925304460149102,-0.379225073047892,0.5973394464196495,1.3632728187578722,1.4009774630468406,0.8924349020975385,1.0730240549828178,0.8734197636887412,1453.1134020618556,1572.4226804123712
1415,204.0,51.698484809834994,0.5419536726480948,0.9577464788732394,17.666093630356546,14.846732829574217,-0.6924284053780931,1568.4705882352941,966.2009803921569,0.9591452970593354,1.1898977258596755,0.15959163693877854,16.11647812414279,0.49752882615456073,0.8006485902170976,0.7696979721230812,-0.6384082014742734,0.8924149519178869,1.3384893347185152,1.4059774095361612,0.8248824819232327,1.815359477124183,0.8916169021189101,966.2009803921569,1568.4705882352941
1416,609.0,92.42640687119285,0.5819280897382302,0.9728434504792333,31.288933871550373,25.44542029146379,0.24737285154931896,1575.6387520525452,228.98522167487684,0.8958494199204605,1.229648931444332,0.18675975359453933,27.846056861676377,0.11791206059468426,0.8043076835388184,0.9695590442204742,0.24485763163577412,1.0228384982702563,1.0299363816213825,1.681205775688955,0.8034321215661286,0.79584017515052,0.8291361802384839,228.98522167487684,1575.6387520525452
1417,515.0,84.18376618407356,0.6988506952491229,0.9626168224299065,30.366882087133103,21.720446151180102,1.332929022854777,1573.1805825242718,1362.778640776699,0.9131884097101629,1.398078192122367,0.2847324236694232,25.60699837034026,0.7017397738294021,0.8030528752038141,0.23563051874352486,0.9718427129102,1.2264249091303188,1.2441682113100996,1.4330682892084967,0.7685092750576982,0.6297734627831715,0.8945493620762178,1362.778640776699,1573.1805825242718
1418,616.0,93.49747468305833,0.5237269900930976,0.9609984399375975,30.66148027791564,26.120090878303277,-0.5008347997707724,1576.9935064935064,1658.6282467532467,0.8855045850219094,1.1738657580010443,0.1481138339848309,28.00563442518059,0.8540825163507965,0.8049992376179206,0.8771820318176025,-0.48015797718703224,1.0601925173448947,1.0608303066486455,1.6892633334833533,0.7873424399144205,0.6369047619047619,0.8482350780764666,1658.6282467532467,1576.9935064935064
1419,105.0,36.142135623730944,0.6286799861943387,0.963302752293578,13.17870094928314,10.248602803794926,-1.2696646310271624,1569.8285714285714,1333.4666666666667,1.0101166751588195,1.2859022055575455,0.2223358855143912,11.562445770562215,0.6866460693443186,0.8013417924597097,0.2966011674505055,-0.9550014384633131,0.9861459565768255,1.2441682113100996,1.4562995647397354,0.8137549028936487,5.495238095238095,0.8853329643313866,1333.4666666666667,1569.8285714285714
1420,401.0,75.01219330881975,0.6866993912447441,0.9570405727923628,26.659818884957726,19.38012876006602,0.24375653939259478,1580.8254364089776,889.4339152119701,0.895551381871265,1.3756265097625133,0.2730584988707153,22.595775212167435,0.45799892647372303,0.8069553018933014,0.9704381841195668,0.24134981003248746,0.7001345391481931,1.0305764749200348,1.047488279204403,1.0798361396406861,0.487115544472153,0.9974622857043159,889.4339152119701,1580.8254364089776
1421,766.0,111.9827560572969,0.8695138858998379,0.9635220125786164,44.80055390817174,22.12737419197084,-0.3817020932576615,1590.3067885117493,110.33681462140993,0.767602410439598,2.024666529317704,0.5060915041960062,31.229817342839755,0.05681607344047885,0.811795195769142,0.9280319494244424,-0.37250060516389644,1.2152918178309424,1.566252457367009,1.7585289955378005,0.66078228722371,0.5757180156657964,0.8880315488828242,110.33681462140993,1590.3067885117493
1422,598.0,95.1543289325507,0.6619523169151161,0.9477020602218701,32.39271452483998,24.27982795932854,0.4438791843997883,1588.576923076923,208.27090301003344,0.8299538548979615,1.334141023532022,0.2504540506875448,27.59342761875783,0.10724557312566088,0.8109121608355911,0.9030925622604334,0.4294459500215192,1.0299363816213825,1.4879053858443245,1.7046898225976372,0.7104742583950675,1.2246376811594204,0.7813320539500195,208.27090301003344,1588.576923076923
1423,656.0,96.9116882454314,0.7411906318569609,0.967551622418879,35.32235280042036,23.711704885177117,-0.6935002233682047,1585.716463414634,978.4649390243902,0.8777308943520203,1.489658924630991,0.3287053945937902,28.900607975374268,0.503843943884856,0.8094519976593334,0.7690132727466298,-0.6392328107501347,0.8924149519178869,1.6851522456112558,1.8714749815253462,0.6743024406744464,0.4888211382113821,0.87921961628948,978.4649390243902,1585.716463414634
1424,648.0,101.49747468305833,0.5644574517376474,0.9404934687953556,32.23040949116982,26.604983584363858,0.3268052073933224,1586.6666666666667,1560.2932098765432,0.7904499860537606,1.211442562592375,0.1745378354050129,28.723844188903154,0.8034465550342653,0.8099370427088651,0.9470727640576752,0.3210189707480777,0.475444977274634,1.158272280825794,2.026321980884463,0.8196633435088658,0.5231481481481481,0.7332029321777888,1560.2932098765432,1586.6666666666667
1425,222.0,54.8700576850888,0.5914306704899713,0.961038961038961,18.93932956760131,15.271839252682177,-0.5406822056924184,1582.3693693693695,1463.1981981981983,0.9265993792626209,1.240147257592108,0.19364414679139164,16.812470934731934,0.7534491236859929,0.8077434248950329,0.8573577353000696,-0.514721005711964,0.5973394464196495,1.445988822228678,1.8091126924324359,0.7787270539139892,1.7912912912912913,0.8538832371347344,1463.1981981981983,1582.3693693693695
1426,476.0,81.94112549695429,0.6621443675360228,0.9596774193548387,28.71365284272453,21.517330879609567,0.1448049800312979,1586.2373949579833,156.80042016806723,0.890867195137014,1.3344430591033205,0.2506237016422789,24.61832697999475,0.08074171996295944,0.8097179147309767,0.9895340659645018,0.14429945355323087,1.0821392984254636,1.2232137575313273,1.570688377129195,0.7739855344145513,1.3291316526610644,0.8329863586164213,156.80042016806723,1586.2373949579833
1427,522.0,84.18376618407356,0.6927384790156381,0.9738805970149254,30.40574853427724,21.928287711085567,1.166851906456848,1585.3869731800767,458.0977011494253,0.9256006793567086,1.3865993065617248,0.278811120654859,25.780439141949365,0.23588965043739715,0.8092838045840105,0.39304835523588194,0.9195178032242595,0.9999720788638545,1.4255302073459157,1.9905783278846163,0.6793354248165634,0.8467432950191571,0.8991973430629024,458.0977011494253,1585.3869731800767
1428,154.0,44.62741699796952,0.40347573286016686,0.9506172839506173,14.709796491183202,13.459321778804604,0.07296237915530933,1581.6038961038962,845.5844155844156,0.971688545099036,1.0929077061184327,0.08500965415314277,14.002817212590296,0.435419369507938,0.8073526779499215,0.9973394262272163,0.07289766040667608,0.7188178402787158,1.5417979809935978,1.8494636171832763,0.7299128994760464,1.5562770562770563,0.8561576664592764,845.5844155844156,1581.6038961038962
1429,221.0,79.31980515339464,0.958324422834487,0.33083832335329344,57.54546082177527,16.439711954332413,1.3091083068577007,1585.7194570135746,1549.0588235294117,0.4414066383856316,3.5003934972601587,0.7143178329000086,16.774562271083887,0.7976615981098928,0.8094535257853878,0.2587114704036231,0.9659546444226019,0.475444977274634,1.5784964623739355,1.944626142634873,0.7502686745353957,2.1538461538461537,0.8644120862405386,1549.0588235294117,1585.7194570135746
1430,594.0,99.49747468305833,0.811787175657464,0.9252336448598131,36.86366236571317,21.526661229520787,-0.1036267403902155,1596.3703703703704,1228.2710437710439,0.7540014701210104,1.7124653922253323,0.4160465930931838,27.500987065425246,0.6324773654845746,0.8148904391885505,0.9946355524272762,-0.10344137396461421,1.2145957273661523,1.8124214970562438,2.025135916238788,0.5938062280525773,0.6313131313131313,0.7706295375996518,1228.2710437710439,1596.3703703703704
1431,545.0,87.74011537017762,0.7067606834961615,0.9663120567375887,31.538137900364923,22.311741112095728,-0.767931372831685,1590.622018348624,1679.754128440367,0.88963111503764,1.4135220439281337,0.2925472904398214,26.34227689249097,0.8649609312257296,0.811956109417368,0.7193491768036336,-0.69464866071413,0.9124629005194094,1.0601925173448947,1.649221845332426,0.8282997412651552,1.161467889908257,0.829597826682348,1679.754128440367,1590.622018348624
1432,428.0,92.42640687119285,0.9252899011581222,0.9029535864978903,38.64265881254355,14.65563776828002,-0.45072333272883236,1593.193925233645,1899.7453271028037,0.6295953230311283,2.6367094645433937,0.6207394051383766,23.34408972623798,0.9782416720405787,0.8132689766378994,0.9001322420118156,-0.43561674312494264,0.9003929802939361,1.0271478566616867,1.367236087541483,0.9105320538378789,0.9080996884735203,0.7811989004663454,1899.7453271028037,1593.193925233645
1433,588.0,89.01219330881976,0.5503221194672446,0.9702970297029703,29.971346901451888,25.024649005827055,0.09862548778004072,1592.5119047619048,1775.8350340136055,0.9325844833810882,1.1976730180900033,0.16504756732788683,27.361740666563517,0.9144361658154508,0.8129208293833102,0.99514044756346,0.09846567738657247,1.5863160202676885,2.086049486878572,2.3357532696273675,0.49932434951144666,0.37528344671201813,0.9431281304223479,1775.8350340136055,1592.5119047619048
1434,460.0,89.01219330881975,0.8435344304322017,0.9126984126984127,34.039331330199886,18.28167732992567,-1.4518414460180111,1588.7652173913043,1387.3326086956522,0.729572895162076,1.8619369938490367,0.46292489847748375,24.201036973199617,0.7143834236331885,0.8110082784029119,0.11867453870833441,-0.9929332071505939,1.2264249091303188,1.3502104289119823,1.7953393784246972,0.6861887807128735,1.0043478260869565,0.9225282820550409,1387.3326086956522,1588.7652173913043
1435,217.0,60.526911934581186,0.8769288715597267,0.9273504273504274,24.414395168191867,11.734050919095699,0.7504207108429392,1590.3778801843318,860.1981566820276,0.7443420668911439,2.0806450676347836,0.5193798233272094,16.622063085174787,0.44294446791041586,0.8118314855458559,0.7314020313113804,0.6819465291308304,0.7188178402787158,0.8453670313234208,1.297040136838393,1.0485019497418373,1.0076804915514592,0.931939825861907,860.1981566820276,1590.3778801843318
1436,112.0,42.72792206135786,0.9028907165651884,0.9655172413793104,18.61934297472781,8.003899932422286,-0.0388390519379053,1589.169642857143,2.7767857142857144,0.7709111749235563,2.326283828125383,0.5701298406025366,11.941642642883693,0.0014298587612181846,0.8112147232553052,0.9992458588295001,-0.038829288070923035,1.5422526518363564,2.453226065963218,2.5843770655662617,0.4559370446361654,3.8601190476190474,0.7782399675274266,2.7767857142857144,1589.169642857143
1437,519.0,87.01219330881975,0.7327923057773372,0.9593345656192237,31.37365797890138,21.348280129144584,1.524724824393718,1592.159922928709,934.5568400770713,0.8614240444897864,1.4696105629638143,0.3195476235668411,25.70625067405882,0.48123421219210677,0.8127411551448234,0.046055205696972794,0.9989388960433013,1.6669699314214845,1.66926974396656,1.7706960641153129,0.5874364106041691,0.5780346820809249,0.9981132496717656,934.5568400770713,1592.159922928709
1438,101.0,36.970562748477136,0.7398992091776189,0.9099099099099099,13.859077284698081,9.32324717569005,0.732390520540437,1594.3762376237623,879.8415841584158,0.9285795506154202,1.48650754651609,0.32728225810646705,11.340070282773887,0.45305951810423056,0.8138725051678215,0.7435781091214292,0.6686490825802425,0.7001345391481931,0.770366299750165,0.8453670313234208,1.2954106918512174,2.151815181518152,0.9382084478207791,879.8415841584158,1594.3762376237623
1439,335.0,71.4558441227157,0.8502714799415136,0.9626436781609196,28.727841499722867,15.12073803317457,0.044419210877827305,1603.379104477612,1918.510447761194,0.8244781735928657,1.899896779951786,0.473655616161749,20.65272978291924,0.9879044530181226,0.8184681492994446,0.9990136290497695,0.044404605310817045,0.9003929802939361,1.05835294813516,1.8517659245400444,0.7872958058541158,0.8845771144278607,0.8341005645111554,1918.510447761194,1603.379104477612
1440,333.0,67.35533905932738,0.6256120948849092,0.9514285714285714,23.35081338875392,18.216770168582897,0.007966938628446097,1606.987987987988,432.0960960960961,0.9223803538933882,1.2818305974472535,0.2198657123714436,20.590987552733093,0.2225005644161154,0.8203103562981051,0.9999682641123078,0.007966854348977929,1.1199553855387439,1.35037928093877,1.4255302073459157,0.770047241668261,1.6966966966966968,0.8882428337222731,432.0960960960961,1606.987987987988
1441,622.0,97.7401153701776,0.8197580650095345,0.9525267993874426,37.70349687283035,21.59316873128392,-1.186462292327111,1607.0594855305467,1318.0369774919614,0.8181907288287128,1.7460844835712315,0.4272900255348927,28.14169498849121,0.6787008123027607,0.8203468532570427,0.37494183769952383,-0.9270483365728585,0.9986652869716636,1.18922546974171,1.6074700211332404,0.7904386896526131,0.7893890675241158,0.8699033547590247,1318.0369774919614,1607.0594855305467
1442,286.0,61.941125496954285,0.5335014669278533,0.9662162162162162,20.99867916867449,17.76066477655237,1.23729710821144,1603.5454545454545,1500.506993006993,0.9367370811964999,1.182313805978532,0.15420086025946522,19.08262324195121,0.7726606555133847,0.8185530651074295,0.32735144671297045,0.9449026565392465,1.8091126924324359,1.9861681295898692,2.1811141019587894,0.5019748591181773,0.5710955710955711,0.7779689019513608,1500.506993006993,1603.5454545454545
1443,486.0,83.84062043356595,0.7428938909252568,0.9642857142857143,30.619219689615495,20.496787123344536,-0.7993812484147456,1609.0946502057614,458.56995884773664,0.8688347172140233,1.4938545980575733,0.3305908076326315,24.875578761936154,0.23613283153848436,0.821385732621624,0.6971504411689736,-0.7169248652250148,0.9999720788638545,1.1199553855387439,1.5472526517821636,0.8180672628431246,1.0576131687242798,0.9060913792820614,458.56995884773664,1609.0946502057614
1444,572.0,96.66904755831213,0.8148372277844785,0.9438943894389439,35.93820877130241,20.83301392269918,-1.0205460564994022,1611.0524475524476,1686.8793706293707,0.7691853667024443,1.7250604691501192,0.42031017585565145,26.986904594423443,0.8686299539801084,0.8223851187097742,0.5229005741231689,-0.852393682274605,0.9124629005194094,1.8660974167051743,2.1347805713052423,0.6105825075161155,1.0909090909090908,0.8697464094607467,1686.8793706293707,1611.0524475524476
1445,194.0,49.21320343559643,0.6778040284799923,0.9797979797979798,18.323986470424085,13.472575680695188,0.055247503538832766,1606.5721649484535,254.1340206185567,1.006580060113119,1.360095270919908,0.2647573876764938,15.716503163191918,0.13086200855744423,0.820098093388695,0.9984742448224444,0.05521940262488671,1.1418841826607489,1.681205775688955,2.077640303687913,0.6121536668195783,2.93127147766323,0.8598729826702454,254.1340206185567,1606.5721649484535
1446,314.0,66.76955262170047,0.8109656864457115,0.9661538461538461,26.15093582939045,15.300748196823745,0.978334191393885,1606.8375796178343,1869.936305732484,0.8850801065108699,1.7091279127656696,0.4149062849357926,19.994929783493642,0.9628920214894356,0.8202335781612222,0.5584052229476582,0.8295683256879907,1.2553488822189032,1.2883823065795126,1.3824894157199756,0.7640935908052456,0.9437367303609341,0.8341005645111554,1869.936305732484,1606.8375796178343
1447,329.0,71.45584412271572,0.8777508371686483,0.9648093841642229,29.636145425112115,14.199192474069685,-1.4373720172870528,1605.29179331307,1630.276595744681,0.8097114003344857,2.0871711880258768,0.5208826157926045,20.466944330257718,0.8394833139776936,0.8194445090929403,0.1330287907667797,-0.9911121736852637,1.6892633334833533,2.176290875180355,2.3449791939206266,0.4830502962517899,1.9189463019250255,0.8706737615071916,1630.276595744681,1605.29179331307
1448,34.0,19.071067811865476,0.6524457217145839,0.9444444444444444,7.527430879956762,5.704554022586544,-0.3750450330173437,1605.1176470588234,894.6176470588235,1.1747318946999283,1.319547654409572,0.24216454278231636,6.579524642479541,0.4606682013691161,0.8193556136083836,0.930491126611643,-0.3663144322805141,0.766393996240507,0.770366299750165,1.047488279204403,1.1608790380288947,5.46078431372549,0.924760576556817,894.6176470588235,1605.1176470588234
1449,540.0,87.84062043356595,0.7259062111134924,0.9591474245115453,31.665094346266887,21.779052376111633,1.2889417954088223,1617.1425925925926,136.01296296296297,0.8794534048074234,1.4539243397476176,0.31220630079445055,26.221162334209897,0.0700375710416905,0.825493921690961,0.27813747978356246,0.9605412757084666,1.566252457367009,1.570688377129195,2.04878169617503,0.5785114768976434,1.1037037037037036,0.843718810377791,136.01296296296297,1617.1425925925926
1450,267.0,60.76955262170048,0.7185388123942127,0.956989247311828,22.21026405558546,15.446946850110926,0.9805063118668192,1617.4681647940074,1897.741573033708,0.9085504485264189,1.4378416829618317,0.30451313809453273,18.437867513470433,0.9772098728288918,0.8256601147493657,0.5566019847133019,0.8307792911557276,0.8171269699389385,1.0271478566616867,1.05835294813516,1.0335462321802795,1.1947565543071161,0.8060764728666377,1897.741573033708,1617.4681647940074
1451,463.0,79.94112549695429,0.7047870563542257,0.9605809128630706,28.87925992708557,20.487493411108215,1.4624112645286733,1619.8639308855293,1379.7170626349891,0.9104379205472023,1.4096043545974923,0.29058107919541254,24.279825147895533,0.7104619272064826,0.8268830683438128,0.10817298117440627,0.9941320868696683,0.9801702283115439,1.3502104289119823,1.4981153111575671,0.7835975340646816,0.8351331893448525,0.7423303756606199,1379.7170626349891,1619.8639308855293
1452,559.0,94.42640687119285,0.825131328680935,0.9379194630872483,36.016544299037776,20.34722118050837,-0.1579607241742542,1629.6618962432915,1325.103756708408,0.7878340438528284,1.7700964657296712,0.4350590381028874,26.678472698169138,0.6823397305398599,0.8318845820537476,0.9875501241541577,-0.15730464800223723,0.8966089311456262,0.9986652869716636,1.20503755764862,0.9676446167285455,0.7841383422778772,0.891266106616321,1325.103756708408,1629.6618962432915
1453,207.0,52.87005768508881,0.6507522706517959,0.92,18.740011714369626,14.229105692956212,0.996294847638888,1619.0821256038648,1343.5458937198068,0.9305948418515588,1.3170196440136384,0.2407098826920424,16.23454913941803,0.6918361965601477,0.8264839844838514,0.5434163682683631,0.8394633111089624,0.8966089311456262,1.1694899659601667,1.1798085429214427,0.9242407725510581,1.9243156199677938,0.7852918316127789,1343.5458937198068,1619.0821256038648
1454,499.0,85.698484809835,0.6490095563348492,0.9450757575757576,29.305288233966305,22.294884643701664,0.23562107716473432,1626.997995991984,271.90981963927857,0.853815673192314,1.3144400028212342,0.23921974540210222,25.206081266687335,0.14001535511806312,0.8305247554834018,0.9723695403133692,0.23344694701530605,1.1418841826607489,2.679707670776229,2.822707867979323,0.45151485119345575,0.8597194388777555,0.8702260821873167,271.90981963927857,1626.997995991984
1455,717.0,100.66904755831213,0.7022623449757863,0.9689189189189189,35.97348256472299,25.610178858633727,0.2864898632144554,1631.0781032078103,1833.3835425383543,0.8890723423845481,1.4046556552101384,0.2880817470881156,30.2144461073691,0.944069795333859,0.8326075054659573,0.9592417015915722,0.2825869033195013,1.649133440477571,1.8496188383707541,1.9232340090382898,0.5533027641000069,0.5443979544397954,0.7816084094745701,1833.3835425383543,1631.0781032078103
1456,55.0,26.97056274847714,0.828815474679449,0.9322033898305084,11.212823948107385,6.273822086380791,0.5230449094706939,1621.1272727272728,903.2181818181818,0.9501507971837658,1.7872397071074386,0.4404779638549706,8.368283871884005,0.46509690103922857,0.8275279595340852,0.8663022039997803,0.4995202611958027,0.766393996240507,1.4981548877066226,1.796224322416583,0.7387755601072833,3.2484848484848485,0.9996209423955379,903.2181818181818,1621.1272727272728
1457,334.0,66.5269119345812,0.6128942004161376,0.9653179190751445,23.223735475585347,18.350582528700116,-0.7962385216744498,1626.559880239521,1418.005988023952,0.9483346116414901,1.26555848781714,0.20983501779928038,20.62188177498708,0.730178160671448,0.8303011129349265,0.6994000936238453,-0.7147303750638814,1.095637546143212,1.6367195294577987,1.6391826796381324,0.6862570554012694,1.774451097804391,0.8727416554580723,1418.005988023952,1626.559880239521
1458,864.0,110.5685424949238,0.5812326591580347,0.9707865168539326,37.05236166809233,30.15089335307248,-0.673376315363507,1636.4097222222222,1551.1967592592594,0.8880970693083086,1.2288976394232303,0.186262575563788,33.16743834924821,0.7987624918945723,0.8353291078214509,0.781720557750319,-0.623628871678124,2.1324950020233935,2.1395538247041355,2.5475936071595755,0.43990576178787144,0.44560185185185186,0.7228645685452975,1551.1967592592594,1636.4097222222222
1459,546.0,88.66904755831214,0.624465265355044,0.9528795811518325,29.968396713927,23.406893564977377,-0.3710531247164666,1638.131868131868,179.82783882783883,0.8726868255567607,1.2803235350617943,0.21894742023020342,26.366433043273013,0.09259929908745564,0.8362082022112649,0.9319460025182957,-0.36259708822626907,0.9315558666519956,1.1937323019639823,1.5823497214773345,0.8091405064167411,0.9536019536019535,0.8520067932944206,179.82783882783883,1638.131868131868
1460,519.0,86.18376618407356,0.6967878330556603,0.9593345656192237,30.485163653380084,21.866315675817884,-0.2608176774690362,1637.2389210019269,201.89980732177264,0.8780642282918166,1.3941609599596994,0.28272270654537146,25.70625067405882,0.10396488533561928,0.8357523843807693,0.9661794461204947,-0.2578706611739579,0.9315558666519956,1.0357425344010327,1.8486024007387245,0.7861839591300047,1.020552344251766,0.8502143257160686,201.89980732177264,1637.2389210019269
1461,194.0,50.2842712474619,0.5702151891520892,0.9509803921568627,17.351825956182573,14.254444632604574,-0.30932991055569375,1632.8505154639174,1885.958762886598,0.9641559219759193,1.2172923185301288,0.178504632964831,15.716503163191918,0.9711425143597312,0.8335122590423264,0.952537772634254,-0.30442041932987046,0.8171269699389385,1.1299250565527423,1.2883823065795126,0.9272325416514602,2.563573883161512,0.8329964283252096,1885.958762886598,1632.8505154639174
1462,687.0,99.59797974644667,0.6682322406434572,0.9635343618513323,34.493919906051545,25.661846070061795,1.2928645618351127,1638.6564774381368,436.83842794759823,0.8702931045960878,1.3441714135404166,0.2560472645627112,29.575590733458846,0.22494254786179105,0.8364759966504016,0.2743673703793742,0.9616249508363992,1.35037928093877,1.5472526517821636,2.4187114309113054,0.5642976374555191,0.6506550218340611,0.9056052501547067,436.83842794759823,1638.6564774381368
1463,150.0,54.142135623730944,0.9411611567655022,0.9146341463414634,24.588912961170596,8.310022292333986,0.1407342243780379,1637.5133333333333,1364.5933333333332,0.6430287018168169,2.9589466906549604,0.6620419005322968,13.81976597885342,0.7026742190181943,0.8358924621405479,0.9901132733597837,0.14027011769002723,0.7845532636272724,0.9333855776090225,0.9801702283115439,1.1118898171535938,3.3311111111111114,0.8966133999062867,1364.5933333333332,1637.5133333333333
1464,434.0,77.35533905932738,0.6153494256535827,0.9538461538461539,26.607565651274044,20.97353213635075,0.638948504103327,1641.4516129032259,1297.4239631336407,0.9114209465637235,1.2686258794320362,0.21174554593849204,23.507147049675353,0.6680864897701548,0.8379028141415139,0.8027232629086943,0.59635171097702,1.2687539666147123,1.6908972822187,2.153776443956708,0.5866906075996672,1.280337941628264,0.8436791739500774,1297.4239631336407,1641.4516129032259
1465,63.0,28.556349186104047,0.7406042753383767,0.9402985074626866,10.965134235431684,7.3679281578029645,0.6478436801301433,1636.047619047619,1752.3492063492063,0.9708341524962081,1.4882249121578524,0.32805855362947156,8.95623198216277,0.902342536740065,0.8351442669972532,0.7973869222285935,0.6034683887817248,0.7512386452674006,0.7590999342314094,1.2960663955501817,1.068983281697478,6.555555555555555,0.830927045818532,1752.3492063492063,1636.047619047619
1466,188.0,51.94112549695428,0.5642854584156638,0.9494949494949495,17.37602038212271,14.34529054002716,0.5291223785675637,1641.0797872340424,77.85106382978724,0.8756791339843685,1.2112700215892465,0.17442025132600059,15.471555655790098,0.04008808642110568,0.8377130103287608,0.8632504050775185,0.5047759286391341,0.7947910549245912,0.8048298848718238,1.8900867190329629,0.8596708645234625,2.622340425531915,0.9004054312688224,77.85106382978724,1641.0797872340424
1467,486.0,81.25483399593904,0.523596679561572,0.9623762376237623,27.095911706549114,23.084802700618663,0.6813317803463397,1646.4115226337449,1348.2551440329219,0.9250127491686913,1.173755394748206,0.14803373473353032,24.875578761936154,0.6942611452280751,0.8404346720948161,0.7767346152406643,0.6298280221512355,0.7845532636272724,1.1694899659601667,1.20503755764862,0.9496433304653654,0.6282578875171467,0.7871525291737346,1348.2551440329219,1646.4115226337449
1468,501.0,90.91168824543142,0.871491191361676,0.9364485981308411,36.40713952403103,17.85446743444662,0.42024963065836857,1651.1477045908184,1409.6127744510977,0.7617424253630314,2.0391053195902527,0.5095888425219033,25.25654394235911,0.725856217534036,0.8428523249570283,0.9129871223532304,0.4079883753456309,1.095637546143212,1.2571230379258997,1.356400503361857,0.8088082262498483,1.0778443113772456,0.9016090605707797,1409.6127744510977,1651.1477045908184
1469,408.0,76.76955262170047,0.7810925318680036,0.9532710280373832,28.931746295256694,18.06542480584679,-1.0536243153916758,1646.5318627450981,95.8921568627451,0.8699454232107492,1.6014982546047338,0.3755847081788982,22.792141940852034,0.049378041638900666,0.8404961014523217,0.4944239714677974,-0.8692208789703632,0.7947910549245912,1.4732246999070826,1.8128720592363061,0.7351341513623941,1.0285947712418302,0.9023166681933622,95.8921568627451,1646.5318627450981
1470,327.0,67.35533905932738,0.7022850430360481,0.9589442815249267,24.29267122163287,17.293852119523883,-0.9334918989154959,1646.4006116207952,1737.6238532110092,0.9057608880574713,1.4046998351632527,0.2881041380034184,20.404639941160397,0.8947599656081406,0.8404291024097985,0.595031167375449,-0.8037026252612407,0.7590999342314094,0.8279396330265093,1.2111815036126337,1.0721097168590301,0.5402650356778796,0.8777307116627021,1737.6238532110092,1646.4006116207952
1471,911.0,127.39696961966999,0.7743030443426752,0.9100899100899101,44.29607098732923,28.031217157252215,0.7665155011397572,1654.9034028540066,1901.1767288693743,0.7053587299383401,1.5802407272874694,0.3671850226790889,34.05761625912379,0.9789787481304708,0.8447694756784107,0.7203319888126781,0.6936294586399655,1.1299250565527423,1.585309745501004,1.9914424315338994,0.6373923366980621,0.3124771313574826,0.9053302377869165,1901.1767288693743,1654.9034028540066
1472,814.0,103.9827560572969,0.349997451108419,0.9771908763505402,33.31139087162957,31.204467121496286,-0.1999208452190096,1654.384520884521,1445.0638820638821,0.9460446204639832,1.0675199400755624,0.06324934789581826,32.19343084255579,0.7441111648114738,0.8445046048415115,0.9800823003983004,-0.1985917532174379,1.0682665523166486,1.4302477236728748,1.5012231249682932,0.7500492405530399,0.5999180999180999,0.8103327059987112,1445.0638820638821,1654.384520884521
1473,202.0,51.79898987322333,0.5877585411360362,0.957345971563981,17.989286718402816,14.55398777408168,0.5285293629051202,1647.079207920792,1766.3366336633662,0.9460599377947917,1.2360383283019416,0.19096359950763742,16.03728119216293,0.9095451254703225,0.840775501746193,0.863549593303097,0.5042639189016558,0.6851526044028107,0.7512386452674006,1.2111815036126337,1.1331133379734948,1.8151815181518152,0.8391851173856707,1766.3366336633662,1647.079207920792
1474,463.0,80.76955262170048,0.7281080448427008,0.9625779625779626,29.38807594140648,20.14442049213832,1.5535550292906979,1650.3455723542118,61.166306695464364,0.8918575646939368,1.4588692662008145,0.31453761953310677,24.279825147895533,0.03149655339622264,0.842442864907714,0.0172404433188223,0.9998513725120202,0.8048298848718238,1.4732246999070826,1.6698063206331824,0.7599051921731401,0.8668106551475881,0.8950126210322996,61.166306695464364,1650.3455723542118
1475,616.0,94.08326112068524,0.5506040107938432,0.9580093312597201,31.263700480455395,26.097891957679423,1.127727528936889,1652.2126623376623,956.4837662337662,0.8745121568430507,1.197939685364354,0.16523343185191386,28.00563442518059,0.49252511134591465,0.8433959481049833,0.42871395502895837,0.9034402828983376,1.3163509315434803,1.650108645949496,2.4937881905202564,0.5494256171989758,0.5054112554112554,0.843578807450096,956.4837662337662,1652.2126623376623
1476,797.0,112.5685424949238,0.8247132460866753,0.9556354916067147,42.81425705047155,24.21365073903413,1.4248700908844163,1654.9410288582183,1111.9686323713927,0.7903766462626858,1.7681867766206736,0.43444888672271276,31.85548488335917,0.572589409048091,0.8447886824186923,0.14540888350216957,0.9893716473593998,1.437055750475609,1.702326639292547,2.5370108926381376,0.5285046068422277,1.027603513174404,0.8558573361352075,1111.9686323713927,1654.9410288582183
1477,550.0,89.94112549695429,0.6983089169695533,0.9515570934256056,31.578040928506663,22.60345177055939,-0.4091689836774847,1655.3327272727272,1377.7218181818182,0.8543895300029669,1.3970450729846724,0.2842034810920009,26.462837142006137,0.7094345098773523,0.8449886305629031,0.9174517569599827,-0.3978470480612378,0.9333855776090225,1.2983379407477753,1.356400503361857,0.8360915012528043,0.6890909090909091,0.7765946254495132,1377.7218181818182,1655.3327272727272
1478,464.0,97.25483399593905,0.9063991962026099,0.8888888888888888,39.77158422996359,16.80039926386032,-0.45934016626213486,1657.478448275862,1796.1961206896551,0.6164607790544293,2.367299943610093,0.577577821222343,24.306031118985995,0.9249207624560531,0.8460839450106493,0.8963452343811936,-0.44335676469647234,1.2760048981518948,1.3333825677220892,1.919791940371096,0.66237164194985,1.1350574712643677,0.8091477015628067,1796.1961206896551,1657.478448275862
1479,380.0,74.35533905932738,0.6491153283976779,0.9476309226932669,25.3337671339317,19.271143559884063,0.371325513353427,1661.1526315789474,196.3,0.8637123787329201,1.3145959426438993,0.23930999057488944,21.996159369293583,0.10108135942327498,0.8479594852368287,0.9318472006197572,0.362850926272928,0.8959199465670145,1.0357425344010327,1.1937323019639823,0.9598787380023741,1.5157894736842106,0.8549982755690341,196.3,1661.1526315789474
1480,710.0,117.98275605729691,0.918416427874685,0.922077922077922,48.962112490319264,19.370148409144544,1.0769678533810385,1663.325352112676,1766.5084507042254,0.6409603116033329,2.527709724062027,0.6043849535092182,30.066594033278285,0.9096335997447093,0.849068581987073,0.4740004187838335,0.8805246180503703,0.6851526044028107,0.9132439843307217,1.2760048981518948,1.0436955358141935,0.5230046948356807,0.7970467336196627,1766.5084507042254,1663.325352112676
1481,908.0,112.91168824543142,0.6036608702655,0.9773950484391819,38.576979661970235,30.755158108084572,0.927062823357157,1668.9174008810573,1074.0980176211453,0.8949894389270733,1.2543255191989908,0.20275878574279704,34.00149271163735,0.5530885775598071,0.8519231244926275,0.6001858995117096,0.7998605416116737,1.5291301866824525,1.702326639292547,2.033873319291145,0.56976484232374,0.7415565345080763,0.8426201248593749,1074.0980176211453,1668.9174008810573
1482,551.0,85.59797974644667,0.48898366230521245,0.9717813051146384,28.39893894714552,24.77219402562474,-1.4054153823534872,1664.0090744101633,148.8711433756806,0.9450057116521204,1.1464038638551441,0.12770705723445064,26.486883341553696,0.07665867321095808,0.8494175979633299,0.1646280896527263,-0.9863557127615239,1.4316009557192841,1.5765625990122158,1.7015034226687955,0.6369877136527348,1.0030248033877798,0.8654327123532605,148.8711433756806,1664.0090744101633
1483,265.0,68.18376618407356,0.8869922154585937,0.9013605442176871,27.610056128464944,12.749892534573746,0.7441690847167985,1664.2867924528302,1729.5283018867924,0.7162980446971067,2.1655128506844314,0.5382156242185585,18.36868202552426,0.8905912986028797,0.8495593631714294,0.7356509856956489,0.6773607807107083,0.8279396330265093,1.1569415517957555,1.531125264884699,0.8532407556448114,1.0540880503144654,0.9017381748544823,1729.5283018867924,1664.2867924528302
1484,393.0,76.5269119345812,0.7581886471246904,0.9357142857142857,27.95718087171763,18.229067593251262,-1.5054713896979925,1663.7989821882952,1854.7989821882952,0.8432843428584113,1.5336594002245016,0.34796474376669484,22.36924542940416,0.9550973131762591,0.8493103533375678,0.06527848630894195,-0.9978670849492999,0.8788321946861785,1.649133440477571,1.8520363800639814,0.6849311917140796,1.008481764206955,0.927795337248832,1854.7989821882952,1663.7989821882952
1485,728.0,109.63961030678928,0.8237148761301326,0.9454545454545454,41.22490966957065,23.37469838228046,-0.5191362702415391,1673.2554945054944,1478.956043956044,0.7610378850643874,1.7636552564383807,0.4329957647054826,30.445334430207833,0.7615633594006406,0.8541375673841217,0.8682480260765727,-0.49613039134297665,0.796725661180171,1.4130621855047456,1.6358783350025254,0.7800989108949722,0.6689560439560439,0.7228301177017675,1478.956043956044,1673.2554945054944
1486,484.0,92.66904755831214,0.8815740578909999,0.9063670411985019,36.910838090342565,17.423603872613235,-0.3525640649026447,1673.396694214876,315.3264462809917,0.7082487665283705,2.118438777660674,0.5279542602103098,24.824341676101277,0.16237201147321922,0.8542096448263788,0.938490413659646,-0.3453052902417605,0.8782733841170808,1.4976424747755879,1.8118466329614047,0.7163730048768339,0.8987603305785123,0.7609683063353948,315.3264462809917,1673.396694214876
1487,476.0,86.42640687119284,0.772098565308826,0.9463220675944334,31.663516662032503,20.12225341286869,0.363671655615372,1673.1218487394958,482.73949579831935,0.8007996987303609,1.5735571962225106,0.3644972026434088,24.61832697999475,0.24857852512786785,0.8540693459619683,0.9345970884861399,0.3557081418708749,1.1055410218910335,2.4206124607221757,2.524457410072043,0.49581770389941643,1.4446778711484594,0.8521572100965006,482.73949579831935,1673.1218487394958
1488,663.0,101.1543289325507,0.7792075318556555,0.9539568345323741,36.884484956375246,23.117941202430586,0.8784233565575841,1675.6425339366515,180.763197586727,0.8142437728585252,1.5954917712351162,0.37323399717325323,29.054394128245264,0.09308094623415396,0.8553560663280508,0.6383655321779204,0.7697333611889253,0.8959199465670145,1.4294847070680226,1.4316009557192841,0.798508256823066,0.8446455505279035,0.8260737952838006,180.763197586727,1675.6425339366515
1489,228.0,61.11269837220809,0.8522837791255464,0.946058091286307,24.081359769199825,12.596470151035694,-0.5688078609928591,1674.7543859649122,1460.122807017544,0.7671526525652195,1.9117546011268745,0.4769203121516983,17.03815178355966,0.7518655030986323,0.854902698297556,0.8425436931718573,-0.5386280025178113,0.796725661180171,1.0682665523166486,1.2470553448413868,0.9639955507627146,3.0365497076023393,0.8261642042571321,1460.122807017544,1674.7543859649122
1490,736.0,101.25483399593905,0.6943172993779281,0.9748344370860927,36.2469089482079,26.085777174772016,-1.1684028620454707,1678.5747282608695,1421.2921195652175,0.9021030400678826,1.3895276611985663,0.2803309873389429,30.612159429303247,0.7318702984372901,0.8568528475042724,0.39162175180029446,-0.9201262975901018,1.1653083976660374,1.2571230379258997,1.2706308787971556,0.8123339777699529,0.4270833333333333,0.885330891080988,1421.2921195652175,1678.5747282608695
1491,448.0,82.42640687119285,0.8003537030683893,0.9471458773784355,31.10624334520942,18.649067160142696,1.3408774500093548,1679.638392857143,1752.265625,0.8286194840097671,1.6679785148551853,0.4004718939159594,23.883285285767386,0.9022994979402678,0.8573958105447386,0.227898535837345,0.9736848860710504,0.9132439843307217,1.1569415517957555,1.4829681656791531,0.8443203564415098,1.222470238095238,0.7325604038635781,1752.265625,1679.638392857143
1492,808.0,105.49747468305833,0.615582467905441,0.9723225030084236,36.43198794531702,28.711046894323086,0.2850578914519647,1688.25,1104.7747524752476,0.912298785883482,1.2689188269383713,0.2119275254093398,32.07456238432586,0.5688850424692315,0.861791730474732,0.9596453744362093,0.28121300703059177,1.1941939302857538,1.437055750475609,1.4463661331176647,0.735724044866823,0.8056930693069307,0.791948457429903,1104.7747524752476,1688.25
1493,278.0,61.2842712474619,0.4795949710807608,0.9455782312925171,20.229486417318448,17.751171616915332,-1.5052857910900004,1680.0143884892086,1841.7086330935251,0.9301577473860285,1.139614153583051,0.12251002073297479,18.81384047546846,0.9483566596774073,0.8575877429756041,0.06546368792548758,-0.9978549521664931,0.8788321946861785,1.460378252716476,1.8309750978716486,0.7193924508705928,1.1474820143884892,0.8836413077255528,1841.7086330935251,1680.0143884892086
1494,608.0,90.18376618407356,0.5726252549042987,0.9728,30.74642299839618,25.206447838274226,1.3366292340833936,1685.8930921052631,78.60855263157895,0.9394133059017812,1.2197840487349387,0.18018275362994052,27.823185353208192,0.04047814244674508,0.8605886126111604,0.23203289055740142,0.9727079405965477,1.2522351273637837,1.3054431884208588,1.3722578001541517,0.7633711875958451,0.6107456140350876,0.8103471509662254,78.60855263157895,1685.8930921052631
1495,135.0,42.62741699796952,0.7398550121578289,0.9440559440559441,16.01509443289448,10.774416618104162,-1.4679841048251265,1678.9851851851852,972.5333333333333,0.9336102210116389,1.486400145877453,0.3272336505257275,13.110581167104948,0.5007895640233436,0.8570623712022385,0.10263119076152923,-0.994719477381875,0.7702333196032319,1.183135227621982,1.3163509315434803,0.9175099024487982,3.493827160493827,0.8238794527272332,972.5333333333333,1678.9851851851852
1496,1486.0,167.53910524340094,0.8100192674997216,0.9235550031075201,59.8605482692535,35.10242080056642,-0.3061810155264471,1698.7678331090176,235.43606998654104,0.6652674730597645,1.7053111125682698,0.4135967374926923,43.49751675068879,0.12123381564703452,0.8671607111327297,0.9534916365360853,-0.3014194735841364,1.5269038161313628,1.7066259759080642,2.2891199573907013,0.5432175017634541,0.4313593539703903,0.8020489414267735,235.43606998654104,1698.7678331090176
1497,454.0,82.76955262170047,0.7901534025373395,0.9578059071729957,30.8435002027993,18.90426284579482,-0.9184387794869919,1688.160792951542,330.01541850220264,0.8327689063955501,1.631563232821867,0.38709087096155514,24.04268606686374,0.16993584886828147,0.861746193441318,0.6070615273925082,-0.7946548319615725,0.7145815390059372,0.8782733841170808,1.008305851546994,1.1533312470393475,0.9801762114537445,0.719461593046335,330.01541850220264,1688.160792951542
1498,503.0,93.1543289325507,0.7789222339921671,0.9162112932604736,33.17863149100298,20.8070008130791,0.7927418729080994,1693.4194831013917,353.3399602385686,0.7284030671899241,1.5945898108557377,0.37287947458829596,25.30690599424961,0.18194642648741946,0.8644305681987706,0.7018949739937427,0.712280454232968,0.7690909759600288,1.008305851546994,1.04573984252087,1.0626478100935721,0.6785950960901259,0.8508437008325473,353.3399602385686,1693.4194831013917
1499,457.0,82.42640687119285,0.7156566841442543,0.9422680412371134,29.335941720089714,20.48975376334308,-0.09118457522395691,1690.6608315098467,48.0218818380744,0.8452658575724634,1.4317371530629512,0.30154777512012254,24.121991458915023,0.024728054499523377,0.8630223744307538,0.9958455663647997,-0.09105826679424181,1.064280560642631,1.2721856781789314,1.3054431884208588,0.8237437146457369,0.8366156090444931,0.8185528304462104,48.0218818380744,1690.6608315098467
1500,465.0,80.76955262170048,0.6562820830201267,0.9627329192546584,28.307284793253217,21.35828866165748,-0.02883297603445325,1691.2602150537634,959.0086021505376,0.8957100811720964,1.3253536012026383,0.24548437557147718,24.33220886606579,0.4938252328272593,0.8633283384654229,0.9995843585426603,-0.028828981197024556,0.7702333196032319,0.8760236656790144,1.3713828382252775,0.9941544304359623,0.5068100358422939,0.8488136853784248,959.0086021505376,1691.2602150537634
1501,264.0,63.79898987322333,0.8515730357627683,0.967032967032967,25.509686538693614,13.373095571622521,-0.23265541655117536,1690.1174242424242,5.931818181818182,0.8150536294345586,1.9075378921859147,0.47576401805886814,18.333991376950163,0.00305448928002996,0.8627449842993488,0.9730575876532568,-0.2305622065960172,0.84363436586551,1.6723275839212117,1.7751231893246353,0.6991238585914591,1.3156565656565655,0.8671781643026041,5.931818181818182,1690.1174242424242
1502,222.0,52.87005768508881,0.23253842101775166,0.9694323144104804,17.08413612862299,16.615812307484415,0.18858393698545273,1686.7072072072071,370.2972972972973,0.998029250681382,1.028185430388355,0.027412789128619663,16.812470934731934,0.19067831992651765,0.8610041894881099,0.9822706865498341,0.18746812621061135,0.7690909759600288,1.4988151146699187,1.6043281551403525,0.7747465183122497,2.7312312312312312,0.7851147453963457,370.2972972972973,1686.7072072072071
1503,176.0,48.2842712474619,0.6999654171999329,0.9513513513513514,17.774191414066625,12.693914064892045,-1.0217692847149533,1689.3181818181818,1393.1420454545455,0.948661268636659,1.4002136238833742,0.28582326086316423,14.96964127403822,0.7173748946727835,0.8623369993967237,0.5218575111755892,-0.8530326711384623,0.7540673002044639,1.2706308787971556,1.3799297834786348,0.8811535454271823,3.615530303030303,0.9164767545437927,1393.1420454545455,1689.3181818181818
1504,419.0,107.53910524340094,0.972668608983036,0.8586065573770492,51.11628389160343,11.869084126054238,-0.8642044956464549,1695.398568019093,1504.1050119331742,0.45529308007609964,4.306674664087712,0.7678022887731104,23.09734550211416,0.7745133944043121,0.8654408208366988,0.6492453649798686,-0.7605790268290056,1.4130621855047456,2.0489221227760206,2.3731192836263135,0.5141296898586019,1.1861575178997614,0.7665335482908778,1504.1050119331742,1695.398568019093
1505,794.0,110.81118318204308,0.8086813137540506,0.9600967351874244,41.70391946984868,24.53220550844061,1.0852191437304421,1697.3879093198993,472.8186397984887,0.8125744869653081,1.699966171223371,0.41175300019037697,31.79547449747714,0.2434699484029293,0.8664563089943335,0.46671890116210213,0.8844057141934577,1.1055410218910335,1.4698610416967988,2.2569199153793575,0.620819559014813,0.7195633921074728,0.7979008450307413,472.8186397984887,1697.3879093198993
1506,535.0,93.35533905932736,0.8740937866391826,0.9622302158273381,37.64650973133611,18.287062955633573,-0.018906219936116117,1701.8149532710281,1448.1981308411214,0.7714101072430262,2.0586416650213697,0.5142428053453297,26.099485750361293,0.7457250931210718,0.8687161578718877,0.9998212827474268,-0.01890509363346855,1.14367130069007,1.2470553448413868,1.3541717765174763,0.8010898192423122,0.7140186915887851,0.8166842668837998,1448.1981308411214,1701.8149532710281
1507,334.0,77.35533905932738,0.7444693053145502,0.8812664907651715,26.967609504949113,18.005104853699372,-0.4067448499067105,1700.8832335329341,990.0718562874251,0.7014161201665523,1.4977757543804742,0.3323433116904536,20.62188177498708,0.5098207292932159,0.8682405480004768,0.9184134948135313,-0.39562185549384876,1.183135227621982,1.3641843965801839,1.3713828382252775,0.7655595260839597,1.089820359281437,0.8572544859519765,990.0718562874251,1700.8832335329341
1508,449.0,78.76955262170047,0.6967235574834137,0.9676724137931034,28.301893006245184,20.3020722128469,-1.2563743827266276,1699.1224944320713,136.03786191536747,0.9093675386444955,1.3940396186915391,0.28266027264088023,23.90992587997897,0.07005039233541065,0.8673417531557281,0.3092668060091341,-0.9509753112993569,1.340389736594437,1.5765625990122158,1.5938895087660772,0.6650643280128512,1.2293986636971046,0.9279679682666052,136.03786191536747,1699.1224944320713
1509,668.0,99.94112549695427,0.6788252040931471,0.9502133712660028,34.87017359975222,25.60516496704828,-1.2307568737289891,1700.2934131736527,1780.7260479041915,0.840422855290295,1.3618413958522522,0.2657001005802212,29.163744887841286,0.916954710558286,0.8679394656322882,0.3335242864432147,-0.9427415077064043,1.2221776890895972,1.4829681656791531,1.6702958962550811,0.6856450549931364,0.8158682634730539,0.7815124783840123,1780.7260479041915,1700.2934131736527
1510,400.0,80.76955262170047,0.8708478729850193,0.9592326139088729,32.67442655930562,16.061200111465645,-0.24086016451643893,1704.885,1893.0225,0.7705032956319112,2.034370179846041,0.5084473760445708,22.56758334191025,0.9747798661174047,0.8702833078101072,0.9711331521743228,-0.23853804884748175,1.3547886352474943,1.5415139554164685,1.7930802215018564,0.6397430365925771,0.9733333333333333,0.9279397224536386,1893.0225,1704.885
1511,749.0,118.5685424949238,0.8358794316607122,0.8895486935866983,44.07107374517166,24.19118908253984,1.2478542789565106,1703.834445927904,199.58477970627504,0.6695032954663616,1.8217820378651939,0.4510869142327131,30.881327999401787,0.10277280108459065,0.8697470372271077,0.31735789120991115,0.9483058414281745,1.158142729212597,1.4294847070680226,1.5269038161313628,0.7291231530302189,1.2007120605251447,0.7856643513443515,199.58477970627504,1703.834445927904
1512,741.0,110.66904755831214,0.8798920385101798,0.9561290322580646,44.9781790463961,21.3724456456528,-0.3577122166169803,1712.6869095816464,1128.8407557354926,0.7602837835950672,2.104493785695731,0.5248263469357753,30.71596494738128,0.5812774231387706,0.8742659058609732,0.9367003008932213,-0.3501321840484657,1.4463661331176647,1.5457774715906922,1.5984122559030582,0.6535156288459653,0.7444894286999549,0.8525623300224581,1128.8407557354926,1712.6869095816464
1513,266.0,59.45584412271571,0.49681058416552,0.9637681159420289,19.924098936102762,17.291308573767395,-0.517841685692943,1701.6503759398497,1406.0902255639098,0.9455889792432735,1.1522609090632716,0.13214100024190867,18.403307281560924,0.7240423406611276,0.868632146983078,0.8688895810662182,-0.49500595543343906,0.7540673002044639,0.9390952171479477,1.1653083976660374,1.0495121654860837,1.887218045112782,0.871241032331595,1406.0902255639098,1701.6503759398497
1514,794.0,106.9116882454314,0.54423628870649,0.9543269230769231,35.08090774106764,29.43049528662548,-0.7454663320326749,1712.0352644836273,273.66876574307304,0.8729311500810387,1.1919917554703865,0.16106802298697298,31.79547449747714,0.1409210946153826,0.8739332641570329,0.7347716624921827,-0.6783145317612427,1.7066259759080642,1.760746115150844,2.3960714497808886,0.5116447321620023,1.0562552476910159,0.7008512419232348,273.66876574307304,1712.0352644836273
1515,348.0,77.84062043356595,0.874253442265118,0.9206349206349206,31.041369066246435,15.069646975771684,-1.271122280001788,1705.0459770114942,331.4367816091954,0.7217329454207101,2.05986040125249,0.5145302082646213,21.049640414216977,0.17066775572049198,0.8703654808634478,0.2952087959757178,-0.955432764132865,0.6258666475214559,0.7145815390059372,1.04573984252087,1.2572353743625801,1.2174329501915708,0.7735240300164862,331.4367816091954,1705.0459770114942
1516,359.0,71.35533905932738,0.7106115238887575,0.9472295514511874,25.692636560987633,18.076942920337366,-0.6653814941982805,1708.6908077994428,1861.1225626740948,0.886035992977331,1.421293228297041,0.29641541935848403,21.37973331358283,0.9583535338177624,0.8722260376719974,0.7866813233919296,-0.6173592920061398,0.7255243265466026,1.0000242959022527,1.3547886352474943,0.9739193305877065,0.7725162488393685,0.8806782403546558,1861.1225626740948,1708.6908077994428
1517,907.0,112.42640687119287,0.36224638289903693,0.967982924226254,35.46724583590947,33.05839481508167,0.9437317043429954,1713.9007717750826,1371.5446527012127,0.901738244320222,1.0728665452240547,0.06791762269820556,33.982764264767994,0.7062536831623134,0.8748855394461882,0.5867703573784919,0.8097533869653877,1.2732887206263548,1.3753954929561882,1.3799297834786348,0.7446729823677476,0.5630282984196987,0.8890295047365994,1371.5446527012127,1713.9007717750826
1518,711.0,104.18376618407356,0.6606737763779666,0.9454787234042553,35.17781103297524,26.40703782167422,-1.202185276248669,1712.9465541490858,394.2700421940928,0.8231507135509887,1.3321377153518597,0.24932686127284642,30.087760240780646,0.20302267878171618,0.8743984452011668,0.3603201280132332,-0.9328287116874819,1.3353561304165995,1.4988151146699187,1.7608933762934813,0.6528743874550853,0.7834036568213784,0.87109069579011,394.2700421940928,1712.9465541490858
1519,594.0,98.91168824543142,0.8620052114367102,0.9519230769230769,39.00782124119667,19.773041710972677,-0.80119111148665,1714.540404040404,1424.2491582491582,0.7629587882902432,1.9727779777832573,0.49310058645136257,27.500987065425246,0.7333929754115129,0.875212049025219,0.6958517642442483,-0.7181854371944387,0.9390952171479477,1.14367130069007,1.3872944420507756,0.8645381261821241,0.6313131313131313,0.8789801487607455,1424.2491582491582,1714.540404040404
1520,415.0,79.49747468305833,0.8626037308290049,0.9651162790697675,32.443159782862026,16.41235301920777,0.6603467354796261,1713.621686746988,1092.1975903614457,0.8251849424319564,1.9767524952024256,0.49411977350376535,22.98683125324351,0.562408645912176,0.8747430764405247,0.7897795946472869,0.6133907334470968,1.1941939302857538,1.4046998077634054,1.5457774715906922,0.7238209856121937,1.6088353413654617,0.8802033582393204,1092.1975903614457,1713.621686746988
1521,438.0,77.35533905932738,0.6779852210791563,0.9668874172185431,27.629855408509737,20.310030705839097,-1.3036127429449011,1710.4360730593608,99.97488584474885,0.9198211396196104,1.360404413399838,0.2649244664673924,23.615226456547084,0.05148037376145667,0.8731169336699136,0.26401600247705875,-0.9645182996895568,1.366726090511019,1.3722578001541517,1.5938895087660772,0.6923811806718824,0.9710806697108066,0.8382451000842931,99.97488584474885,1710.4360730593608
1522,265.0,60.62741699796952,0.7504722795332911,0.9601449275362319,22.685483207356416,14.992879575932196,-1.4209160476938145,1709.6528301886792,10.241509433962264,0.9059779056051018,1.5130838003776819,0.3390980725916243,18.36868202552426,0.005273691778559353,0.8727171159717607,0.1493197548406521,-0.9887889617174777,0.84363436586551,1.1744325003468525,1.783211526095143,0.7892081795616389,1.3094339622641509,0.8368700722457566,10.241509433962264,1709.6528301886792
1523,314.0,72.08326112068522,0.8596109166507729,0.9262536873156342,28.464930673630526,14.544133193470426,-0.7367560332628948,1715.7229299363057,341.7452229299363,0.7594001164639844,1.9571417763424932,0.4890508127271187,19.994929783493642,0.17597591294023496,0.8758156865422694,0.7406520368826088,-0.6718888005180936,0.6258666475214559,1.0350019698585742,1.0600603803571984,1.1025646029333553,1.5456475583864118,0.7513088226862529,341.7452229299363,1715.7229299363057
1524,238.0,57.284271247461895,0.7294477584023997,0.9635627530364372,21.112755230430306,14.44189572451215,-0.7795832949124579,1712.0042016806722,957.90756302521,0.9114147149570833,1.4619102390135488,0.3159634748336063,17.407785949022028,0.4932582713827034,0.8739174076981481,0.7112065363931155,-0.7029831168610724,0.855444946664464,0.8760236656790144,1.4351847820464467,0.9473723917227033,1.519607843137255,0.8620204908281037,957.90756302521,1712.0042016806722
1525,432.0,81.35533905932738,0.8486144082304641,0.9578713968957872,32.40281161720224,17.14147281039268,0.18628054757507104,1718.4351851851852,1166.3055555555557,0.8202032617519359,1.8903166592287672,0.47098810396772817,23.452920571340155,0.6005692871037877,0.8772001966233717,0.982699892496806,0.18520507899829833,1.5984122559030582,1.8514141919125802,2.7665284618961836,0.48259792813841673,1.2608024691358024,0.8408809742765673,1166.3055555555557,1718.4351851851852
1526,320.0,68.76955262170047,0.7428885249325309,0.9495548961424333,24.9712574632045,16.71613799465516,1.3393009586463336,1713.73125,37.790625,0.8502907297302474,1.4938413089906797,0.3305848526336078,20.185060176161283,0.0194596421215242,0.8747990045941807,0.22943325781380133,0.9733243961850262,1.064280560642631,1.1744325003468525,1.2618574065117787,0.8570031735831406,0.9802083333333333,0.8057327396280559,37.790625,1713.73125
1527,219.0,64.2842712474619,0.8876989731477494,0.8326996197718631,26.454307773284057,12.180206053519218,1.076947207433891,1713.5159817351598,67.71232876712328,0.6659544557066024,2.1719097080168552,0.5395757032123182,16.698486766680407,0.03486731656391518,0.8746891177821132,0.474018597947536,0.8805148316751128,1.2522351273637837,1.2618574065117787,1.2721856781789314,0.7923348026694935,2.1080669710806696,0.8783232977348306,67.71232876712328,1713.5159817351598
1528,414.0,76.32590180780451,0.6728627334194437,0.965034965034965,26.897174611886065,19.89765176417726,0.5143082175015942,1717.9082125603866,1022.8115942028985,0.8930305510046194,1.3517763267075764,0.26023264334298,22.959119571977435,0.5266795026791444,0.8769311957939697,0.8706332410143564,0.491932677955874,0.9290387811142112,1.0488488756681575,1.3961818487197832,0.8891340249831395,0.9082125603864735,0.792602253113209,1022.8115942028985,1717.9082125603866
1529,477.0,82.76955262170047,0.6549629248313628,0.9655870445344129,28.931868118032757,21.862684780165832,0.6092924023998971,1720.230607966457,1759.691823899371,0.874957639538937,1.3233447039532948,0.2443389866505309,24.64417299969047,0.9061234932540531,0.8781166962564865,0.8200531722550339,0.5722873357627754,1.2221776890895972,1.4447278548749471,1.7402205025681703,0.6807157245616416,1.0964360587002095,0.8558377189193406,1759.691823899371,1720.230607966457
1530,474.0,82.08326112068524,0.6827978017586264,0.9595141700404858,28.940918584333556,21.144449062225537,-0.5633838707286953,1720.4008438818566,1342.0590717299579,0.8840544222510545,1.3687241743288727,0.2693926075424725,24.566553364370574,0.6910705827651689,0.8782035956517901,0.8454527982400646,-0.5340501530268901,1.2732887206263548,1.6948483325259522,2.107211253458824,0.5910924371618418,1.5984528832630098,0.8932416246293231,1342.0590717299579,1720.4008438818566
1531,582.0,91.49747468305833,0.5589557251525225,0.9619834710743802,30.166182248094753,25.013722964927386,0.8202031159996923,1721.9037800687286,448.04295532646046,0.8736040387281057,1.2059853021636087,0.17080249800230485,27.221781995965376,0.230712129416303,0.8789707912550937,0.6820726857996126,0.7312843846863565,1.1679581560735628,1.4698610416967988,2.2988966605773133,0.6076914463138868,1.2376861397479955,0.7850079993833514,448.04295532646046,1721.9037800687286
1532,607.0,91.49747468305833,0.7298798951493333,0.9774557165861514,33.69168627808668,23.030808199528373,-0.9702485698303841,1723.3772652388798,1815.4481054365733,0.9111299854088662,1.462896394524992,0.31642459182852534,27.80029502818709,0.934834245847875,0.8797229531592036,0.5650944719965452,-0.8250262042619894,1.1425526325687856,1.1575128520491906,1.4695776907847766,0.7958312923555361,0.800658978583196,0.8885148929313663,1815.4481054365733,1723.3772652388798
1533,667.0,95.49747468305833,0.6195927842895673,0.9765739385065886,33.08013305646527,25.9653713074252,0.6891149731301397,1726.095952023988,152.85157421289355,0.9190770535280849,1.2740096286243168,0.21507657592838925,29.14190756176324,0.07870832863691737,0.8811107463113773,0.7718090653855944,0.6358543595734917,1.340389736594437,1.44212511357762,2.182956318826902,0.6041722724582451,0.8730634682658671,0.8187842140752073,152.85157421289355,1726.095952023988
1534,605.0,97.25483399593904,0.5668517247562386,0.9279141104294478,31.148745039038992,25.660954028793704,1.0614406638346994,1724.3404958677686,364.72561983471076,0.8037904554481246,1.213857637720232,0.1761801640280336,27.754457742221764,0.18780927900860492,0.8802146482224444,0.487614803970934,0.8730588771373827,1.0350019698585742,1.3353561304165995,1.3895561385638733,0.7978905393667471,0.8418732782369146,0.7703179657349657,364.72561983471076,1724.3404958677686
1535,549.0,88.66904755831213,0.5184979462220111,0.9481865284974094,29.136318110430352,24.9138500653771,0.16372679719216965,1728.2349726775956,186.98178506375228,0.8774818081147651,1.169482758946247,0.14492112658330958,26.438769072322643,0.09628310250450683,0.8822026404684,0.9866266823045011,0.16299628757984927,1.158142729212597,1.44212511357762,2.233319881443008,0.620656988381421,1.2622950819672132,0.8009413739509906,186.98178506375228,1728.2349726775956
1536,454.0,76.76955262170047,0.2592815035722154,0.9700854700854701,24.48388733155366,23.646582265960433,0.8315415550675739,1724.1740088105728,1060.603524229075,0.9680275052394122,1.035409136769779,0.03419820775413174,24.04268606686374,0.5461398168017894,0.8801296624862546,0.6737373967926309,0.7389708520388941,1.3190288839184203,1.4046998077634054,1.615475309082968,0.6913710439682587,0.8267254038179148,0.827575715611109,1060.603524229075,1724.1740088105728
1537,546.0,97.01219330881975,0.8505417851961551,0.8907014681892332,37.5583599966328,19.752222248633366,-0.0761907033657687,1730.0,311.35897435897436,0.7290374861815694,1.9014751618254713,0.4740925255947225,26.366433043273013,0.16032902902109905,0.8831036242981113,0.9970988921842857,-0.07611700995750023,0.8353652411681468,1.350668104755734,1.385268854694044,0.840029723466394,0.5470085470085471,0.8601362513528082,311.35897435897436,1730.0
1538,205.0,52.870057685088796,0.6853157731069608,0.9447004608294931,19.07055122165518,13.888053360063473,-0.20148473747291665,1723.4243902439025,1842.541463414634,0.9216035873409162,1.3731622947600786,0.27175396250250095,16.15593100600236,0.948785511542036,0.8797470088024004,0.9797705258980525,-0.200124252856703,0.8699723992487782,0.9790325094162134,1.0000242959022527,1.0529902589944449,2.419512195121951,0.8611005942475741,1842.541463414634,1723.4243902439025
1539,227.0,54.79898987322333,0.29644277901225785,0.9458333333333333,17.467899558167055,16.68272823004834,-1.0839087374866734,1725.7885462555066,1863.035242290749,0.94992783809114,1.0470649235120004,0.04494938418349281,17.000746355818674,0.959338435783084,0.8809538265724893,0.46787743088381445,-0.883793363671374,0.7255243265466026,0.8699723992487782,1.2657732034721685,1.0484854886683006,2.152716593245228,0.8516591773308327,1863.035242290749,1725.7885462555066
1540,492.0,91.25483399593904,0.8619402233875126,0.9425287356321839,35.55827560133716,18.02839819895035,0.5836859373567372,1733.0630081300812,993.3760162601626,0.7424431556721941,1.9723480260940451,0.49299008756565244,25.028660691489268,0.5115221504944195,0.8846671812813074,0.8344369904476606,0.5511033559802107,0.9208548977696829,0.9876835633918448,1.1394398376400805,0.9842589762464935,0.7506775067750677,0.8725179250244551,993.3760162601626,1733.0630081300812
1541,286.0,60.284271247461895,0.5282504441191794,0.9727891156462585,20.71565761136884,17.5894289344774,1.0173519985470891,1730.3846153846155,966.4895104895105,0.9889352711456623,1.1777333811425597,0.1509113896136105,19.08262324195121,0.4976773998401187,0.8832999568068481,0.5256204969980378,0.8507191623182916,0.855444946664464,1.1394398376400805,1.5927305251989294,0.8362100563159878,1.24009324009324,0.7850913302652766,966.4895104895105,1730.3846153846155
1542,297.0,69.87005768508881,0.8967986507584736,0.954983922829582,29.320783685662978,12.972655273221648,-0.21088137710639432,1737.7340067340067,1032.4175084175083,0.7645116533967513,2.260199093256366,0.5575611002660579,19.44613444328572,0.531625905467306,0.8870515603542658,0.9778468030849072,-0.20932183282358904,0.8016629259293238,0.9290387811142112,1.3190288839184203,0.9836934478378732,1.3546576879910213,0.9106366688382376,1032.4175084175083,1737.7340067340067
1543,324.0,66.52691193458118,0.5070379500410681,0.9501466275659824,21.957222671681006,18.92545127683794,-1.2992906598211456,1733.8117283950617,1450.9104938271605,0.9199413597959368,1.1601954611541296,0.1380762694889116,20.310825007719227,0.747121778489784,0.8850493764140182,0.2681822518050308,-0.9633681953525262,0.938921247271412,1.3541717765174763,1.3872944420507756,0.81513156640304,1.6152263374485598,0.8091779648379066,1450.9104938271605,1733.8117283950617
1544,339.0,69.94112549695429,0.8104189852899454,0.9658119658119658,27.16508759530789,15.914686176584995,-0.03273253614340593,1741.0501474926255,1013.6991150442478,0.8708519502706814,1.7069194638142107,0.4141492781590047,20.775663783985824,0.5219871859136188,0.8887443325638721,0.9994643383678733,-0.03272669141342218,0.8016629259293238,0.9208548977696829,1.0488488756681575,1.0824983935489458,1.182890855457227,0.7999951200245216,1013.6991150442478,1741.0501474926255
1545,582.0,87.84062043356595,0.44956999420767363,0.9748743718592965,28.852030973109795,25.771935479670702,-0.8523197796232735,1741.3573883161512,1914.8780068728522,0.9478553362924452,1.1195135497630249,0.10675489348773237,27.221781995965376,0.9860339891209332,0.8889011681042119,0.6582385666644582,-0.7528093977598311,1.2687377805448172,1.7930802215018564,1.8383348405926583,0.6122258011821796,0.6993127147766323,0.759031039940219,1914.8780068728522,1741.3573883161512
1546,656.0,107.05382386916237,0.8769844156048502,0.9291784702549575,42.79175520206295,20.562243644717086,-0.7474639717688468,1748.3170731707316,456.3734756097561,0.7192987976337576,2.081083948884009,0.5194811816523526,28.900607975374268,0.23500178970636257,0.8924538403117568,0.7334151692547605,-0.679780986426519,1.1679581560735628,1.8026006565719914,1.8557238118460408,0.6215964197322618,0.6666666666666666,0.9228507174625973,456.3734756097561,1748.3170731707316
1547,322.0,65.11269837220809,0.5005993494580178,0.9611940298507463,21.794209704582236,18.86679168046125,0.22490134475600929,1742.0062111801242,327.1149068322981,0.9544086100291068,1.1551624713783566,0.13432090742457592,20.248040236149336,0.16844227952229562,0.8892323691577969,0.9748161129377336,0.22301019249569667,0.8353652411681468,1.018723234752652,1.2685357282754466,0.960730399760733,1.124223602484472,0.7975682670847206,327.1149068322981,1742.0062111801242
1548,902.0,123.15432893255071,0.8607541522577288,0.9376299376299376,48.05210935037087,24.459528549488372,1.2131250400557703,1746.6130820399112,1841.419068736142,0.7473379516742511,1.9645558275233392,0.49097908749140917,33.88896677904354,0.9482075534171689,0.8915840132924508,0.35009384472629473,0.9367146309761373,0.9790325094162134,1.2657732034721685,1.429753083736502,0.8164245467389248,0.3263118994826312,0.8831445552380389,1841.419068736142,1746.6130820399112
1549,882.0,115.25483399593904,0.8082637888685107,0.962882096069869,43.84819381547601,25.81871787824978,1.4566765875353687,1746.4977324263039,1372.62358276644,0.8343728233220845,1.6983102732771493,0.4111794436299634,33.511151553720346,0.7068092599209269,0.8915251314069953,0.1138721976219235,0.9934954064356581,1.3753954929561882,1.4655156176587816,1.6948483325259522,0.6614107378504536,0.7603930461073318,0.9046681543030749,1372.62358276644,1746.4977324263039
1550,844.0,114.32590180780453,0.34787242246140043,0.9377777777777778,34.455995514274846,32.30393882894106,-1.0765597738703978,1754.425355450237,399.07464454976304,0.8114523812408232,1.0666190180934148,0.06245811950034097,32.78130832893156,0.20549672736857005,0.8955719017101771,0.47435970336172106,-0.8803311148804068,1.4345828714708688,1.7608933762934813,1.8747671064965983,0.5916875759974815,0.9620853080568721,0.8562462179763176,399.07464454976304,1754.425355450237
1551,441.0,78.76955262170048,0.5452285569366182,0.9463519313304721,26.125975012114132,21.901076533372205,-1.4147634408675611,1748.344671201814,1434.0430839002267,0.8931649989804505,1.1929082560076056,0.16171256677627988,23.695962509005764,0.7384361915037213,0.8924679281275212,0.15540051996541593,-0.9878515467389208,0.938921247271412,1.4841812186517542,2.0509883038319856,0.6705272991509238,1.0982615268329554,0.8181034184430688,1434.0430839002267,1748.344671201814
1552,351.0,66.5269119345812,0.3992754825144262,0.975,22.074646737023365,20.238720520825034,0.7614611745552754,1749.082621082621,1805.823361823362,0.9966031397789312,1.0907135514969544,0.08316899645415998,21.14017691983778,0.929878147179898,0.8928446253612154,0.7238286028393572,0.6899798212351025,1.0119421806478104,1.1575128520491906,1.3059352462606435,0.8632124047086229,1.2602089268755934,0.8534692581571622,1805.823361823362,1749.082621082621
1553,483.0,89.49747468305833,0.8304617841121406,0.9526627218934911,33.76105456257925,18.807459757805432,0.5366901925671804,1756.4741200828157,994.055900621118,0.7577665536570216,1.7950884913401346,0.4429243990899615,24.798683434954437,0.5118722454279702,0.8966177233705032,0.8594056713634568,0.5112943301351249,0.9876835633918448,1.0532213995600934,1.2384067652797728,0.9148261124957698,0.9268461007591443,0.8179001384392519,994.055900621118,1756.4741200828157
1554,453.0,79.59797974644665,0.6804283308933365,0.9617834394904459,28.18952818351375,20.65769875368346,0.08983284587574523,1753.6004415011037,1767.4459161147902,0.8984708174579592,1.3646015715321291,0.267185366878016,24.016192740836935,0.910116331675999,0.8951508124048513,0.9959677426683955,0.08971207033627468,0.7581294667619677,1.2055550476333163,1.4447278548749471,0.8801751886149634,1.4282560706401766,0.6846194959064382,1767.4459161147902,1753.6004415011037
1555,225.0,55.112698372208094,0.7226996443979149,0.9574468085106383,20.360742836732502,14.072576361755287,0.7997077145643914,1751.12,1300.3777777777777,0.930869995592106,1.4468383267804763,0.3088377730321721,16.925687506432688,0.6696075065797001,0.8938846350178662,0.6969163523215979,0.7171524230362458,1.5942773992359107,2.1835385935306992,2.4682865185047644,0.48029951391069303,2.7066666666666666,0.9101483800434934,1300.3777777777777,1751.12
1556,970.0,120.8111831820431,0.7944786683256809,0.9632571996027806,45.19679285386305,27.44765341664357,1.0944528488427907,1760.0886597938145,354.98041237113404,0.8351554565210256,1.6466541663068672,0.3927079404640197,35.1431694414876,0.1827911495216962,0.898462817658915,0.45853277925145125,0.8886774951307926,1.4008488744825787,1.5625438788021953,1.7052045857066995,0.6425912928802874,0.39621993127147764,0.8874887546952799,354.98041237113404,1760.0886597938145
1557,535.0,88.5685424949238,0.7329964852217216,0.9605026929982047,31.918382493367375,21.71191874035017,-0.7859772053639382,1758.4355140186915,1874.7700934579439,0.8570470221489275,1.470085756817483,0.3197675745360249,26.099485750361293,0.9653810985880247,0.8976189453898374,0.7066972181655601,-0.7075161071219925,1.462990163889921,1.4921944604872293,1.6743890046211718,0.6480078383911771,1.216822429906542,0.843898860821227,1874.7700934579439,1758.4355140186915
1558,1195.0,220.97770542341354,0.9845463464060288,0.6635202665186007,109.08024004833324,19.10259175279905,0.7948853105250474,1780.3288702928871,1757.305439330544,0.30752529939981776,5.710232488863717,0.824875781861731,39.00668219624068,0.9048946649487868,0.9087947270509888,0.7003666340772386,0.7137832849481132,0.8225255197634372,1.2055550476333163,1.4323003655505857,0.866956574473084,0.3207810320781032,0.8746439429941284,1757.305439330544,1780.3288702928871
1559,269.0,62.2842712474619,0.8140233299926726,0.950530035335689,24.294334042297685,14.110930938689979,0.1700036659663261,1759.7620817843865,1784.3345724907063,0.8713755487805599,1.7216677020001847,0.4191678226650657,18.5067943613625,0.9188128591610227,0.8982961111712029,0.9855841466861432,0.16918596218642618,0.7581294667619677,1.0119421806478104,1.4323003655505857,0.9368055890629381,2.477075588599752,0.734199752212236,1784.3345724907063,1759.7620817843865
1560,84.0,32.48528137423857,0.6600876622404159,0.9438202247191011,11.98910446355202,9.006078321022711,-0.3519215050476593,1753.797619047619,500.0357142857143,1.0002668694928263,1.3312236509831465,0.2488114230381412,10.341765891652821,0.25748491981756655,0.8952514645470235,0.9387120992181606,-0.3447021827337829,0.5804975011251625,0.8085458966104474,1.501486680558991,1.0378719192467238,3.392857142857143,0.8087061456640964,500.0357142857143,1753.797619047619
1561,326.0,70.18376618407356,0.7175447804645215,0.9476744186046512,25.089908186810693,17.47543153072157,0.3882614552164223,1760.898773006135,1177.4539877300613,0.8316759157667489,1.435724671101997,0.3034876253589448,20.37341629633241,0.6063099833831418,0.8988763517131878,0.9255686363242105,0.3785798455450862,0.9563034752289402,1.8514141919125802,2.0383718252166547,0.6190558397096703,1.5991820040899796,0.871513770644849,1177.4539877300613,1760.898773006135
1562,307.0,93.84062043356593,0.9626748354218643,0.7451456310679612,42.45690945920983,11.49141265528784,1.1076928624358997,1763.156351791531,1674.3355048859935,0.4380931862180892,3.694664070711362,0.729339398423992,19.77080019204319,0.8621707028249194,0.900028765590368,0.4467268315520115,0.8946704074526556,1.3236943402220347,2.062901108110697,2.3692412885549055,0.5212100580917788,2.9153094462540716,0.7386597716189099,1674.3355048859935,1763.156351791531
1563,286.0,74.38477631085024,0.9420159330479709,0.9533333333333334,33.390663441420024,11.204843088126093,-0.07259446236845897,1769.0944055944055,1926.5314685314686,0.6495428020398185,2.9800206195483905,0.6644318521019006,19.08262324195121,0.9920347417772752,0.9030599313907124,0.9973661789982879,-0.0725307175640434,1.2687377805448172,1.531211702899828,1.6012623911034263,0.681630443048836,1.822843822843823,0.8488410629572293,1926.5314685314686,1769.0944055944055
1564,208.0,54.04163056034262,0.6845337148341043,0.9411764705882353,19.305519604137473,14.07336089137064,-1.4340622030154926,1762.139423076923,510.9855769230769,0.8949861416422829,1.3717774846500976,0.2710187977352083,16.273715780512877,0.2631233660777945,0.8995096595594299,0.1363084533386523,-0.990666445151154,0.5263307068839345,0.5804975011251625,1.4108802881932303,1.191559707776001,1.171474358974359,0.8437997216142774,510.9855769230769,1762.139423076923
1565,894.0,117.39696961966999,0.5474761667945935,0.9470338983050848,37.78591396858892,31.620056715506998,-1.3774745276886295,1773.7102908277404,1606.913870246085,0.8151426363720125,1.1949982983445468,0.16317872470168493,33.73834840345975,0.8274530742770778,0.9054161770432569,0.1921198678014709,-0.9813714670785703,1.5388146510509804,1.6108964135717858,1.7837354489674866,0.6080941572460241,0.7837434750186427,0.8494622700641054,1606.913870246085,1773.7102908277404
1566,226.0,56.04163056034261,0.7664411909766925,0.9456066945606695,21.27081915108494,13.662555300440165,1.5474509979080844,1762.6858407079646,314.62831858407077,0.904267198608608,1.556869757035835,0.35768551256084125,16.96325844612841,0.16201252244287886,0.8997885863746629,0.023343208393511086,0.9997275101855991,1.018723234752652,1.385268854694044,1.7052045857066995,0.7300697039252839,2.710914454277286,0.8395338509105673,314.62831858407077,1762.6858407079646
1567,484.0,80.2842712474619,0.48828206311191513,0.969939879759519,26.642357866257452,23.250409240322877,-1.367324650546376,1769.6053719008264,1333.3553719008264,0.9436138062456627,1.1458876956045987,0.12731413048957196,24.824341676101277,0.6865887599901269,0.9033207615624433,0.20207060058716006,-0.9793709574917691,1.4300385026502886,1.5942773992359107,1.921417452479237,0.6065834498238767,1.5034435261707988,0.7978146366881189,1333.3553719008264,1769.6053719008264
1568,571.0,93.7401153701776,0.857558154368913,0.9612794612794613,37.79448322626389,19.44099180238887,0.8397398350805777,1773.9457092819614,1546.8949211908932,0.8165729793501361,1.9440614764119073,0.48561297462379205,26.963304323539017,0.7965473332599862,0.9055363498121294,0.6676565332675556,0.7444694443596389,1.223745254443869,1.516255890198033,2.056922047683045,0.6254008829659781,0.8820782253356685,0.7342017736492857,1546.8949211908932,1773.9457092819614
1569,143.0,54.52691193458118,0.9166889836609118,0.8411764705882353,22.84348310947657,9.12828864182559,0.801406487793381,1772.5384615384614,504.0839160839161,0.6043994997383096,2.5024935128374777,0.6003985645236939,13.493452297211721,0.25956947275175907,0.9048179997644009,0.6956970679792116,0.7183352905190781,0.5263307068839345,0.8085458966104474,0.889584210985568,1.3486414237876163,1.8554778554778553,0.9406619355822686,504.0839160839161,1772.5384615384614
1570,805.0,114.9116882454314,0.6090346520332751,0.9189497716894978,36.74850543489993,29.146842414223112,0.09084637729962591,1781.0770186335403,1648.5652173913043,0.7660856616057578,1.2608057131076178,0.20685638587787425,32.01496265048276,0.8489007298616397,0.9091766302366209,0.9958763051297057,0.09072146868963958,1.1344713758856462,1.3236943402220347,1.6964754739635708,0.72208401706732,0.9287784679089026,0.7181078599307454,1648.5652173913043,1781.0770186335403
1571,631.0,92.42640687119285,0.35893442427118194,0.9692780337941628,29.412020925460578,27.4520856161506,-0.9235023748629744,1777.903328050713,1387.502377179081,0.9282117963379485,1.0713947689335819,0.06663722000868544,28.34456125481373,0.7144708430376318,0.9075565737880108,0.6030299515433605,-0.7977185453163367,0.8626885708196653,1.4655156176587816,2.2414002830207522,0.6565119626241432,1.192287374537771,0.7569247832699136,1387.502377179081,1777.903328050713
1572,451.0,85.35533905932736,0.8693908478533258,0.9435146443514645,34.47195977502316,17.03345845087292,-1.4050526237812646,1774.9645232815965,1822.8270509977826,0.7779022402820608,2.0237792503762826,0.5058749615037959,23.96311821686732,0.9386339088557069,0.9060564182141891,0.16498588780292733,-0.9862959276129452,1.3059352462606435,1.429753083736502,1.745276194298925,0.6694987170136723,1.1249076127124906,0.8717722134112474,1822.8270509977826,1774.9645232815965
1573,567.0,87.49747468305831,0.5034026842698721,0.9675767918088737,29.00109082532007,25.058448495245024,-1.1045902977671553,1779.3703703703704,1190.6084656084656,0.9306832234678855,1.1573378467874091,0.13594807015441057,26.86869594648831,0.6130836589127011,0.9083054468455184,0.4495004498212656,-0.8932801047882349,0.9563034752289402,1.0897495053117792,1.7833718217716892,0.7834074710615656,0.6266901822457378,0.8511030591095486,1190.6084656084656,1779.3703703703704
1574,512.0,87.49747468305833,0.7074684696806142,0.9552238805970149,30.713688677269406,21.706743066038072,0.7678486390195589,1779.404296875,1012.40234375,0.8404053093748804,1.4149376801406663,0.29325509240761416,25.532305945691693,0.5213194355046344,0.9083227651225115,0.7194066452734266,0.6945891438371565,1.2384067652797728,1.4589105459771208,1.6183526673352895,0.6951411982105804,1.2154947916666667,0.8494130404945494,1012.40234375,1779.404296875
1575,755.0,102.08326112068522,0.697996328509468,0.9767141009055628,36.70423793637861,26.283953873495058,1.530750520105057,1781.8635761589403,419.1841059602649,0.9104324838569388,1.3964504013755499,0.2838986626270672,31.004771508189638,0.21585175384153701,0.9095781399484126,0.040035104194037746,0.9991982738336633,1.4345828714708688,1.4502774164119236,2.1120908617362346,0.6003660852735618,0.9474613686534217,0.8084774743471469,419.1841059602649,1781.8635761589403
1576,267.0,67.01219330881975,0.9017015081572237,0.956989247311828,28.20838977762425,12.196153978671983,-0.8535885552352395,1780.1310861423221,1518.5430711610486,0.7471597362728268,2.3128922303665282,0.5676409013482102,18.437867513470433,0.7819480284042475,0.9086937652589699,0.6572828909030148,-0.7536439486429752,1.223745254443869,1.3425440594948954,2.5208224838049835,0.5897255887575676,2.2659176029962547,0.7573395213417222,1518.5430711610486,1780.1310861423221
1577,824.0,111.39696961966999,0.8149335750242159,0.9626168224299065,42.81276720542872,24.812326344615784,-0.6034777719456621,1790.9599514563106,1897.5436893203882,0.8344307926982898,1.7254636510420955,0.42044562955814857,32.390575556198044,0.9771079759631247,0.9142215168230273,0.8233669299449402,-0.567509382013235,1.2995314380951475,1.4275379135863624,1.531211702899828,0.7045096276048767,0.35558252427184467,0.7823953985396708,1897.5436893203882,1790.9599514563106
1578,646.0,95.25483399593904,0.6994397382669707,0.9685157421289355,33.993334582828,24.294749955147367,-0.0993081172112261,1790.8746130030959,452.3730650154799,0.8946812441668602,1.399204957679582,0.28530842139211454,28.679483013103898,0.23294184604298654,0.9141779545702378,0.9950730001401076,-0.09914496654982224,1.4502774164119236,1.572795612263382,1.8026006565719914,0.621674857372015,0.9881320949432405,0.8521546923674643,452.3730650154799,1790.8746130030959
1579,504.0,82.66904755831214,0.6425921905728779,0.9692307692307692,28.98308353889413,22.207081391789327,0.7895675845269378,1787.8214285714287,489.5436507936508,0.9267327956116966,1.3051279917229515,0.23379162324159475,25.332049473868512,0.25208220947149884,0.9126194122365638,0.7041524175853943,0.7100488524099201,0.889584210985568,1.2606299810532802,1.4108802881932303,0.842437631647585,0.5568783068783069,0.7684404005793813,489.5436507936508,1787.8214285714287
1580,1076.0,146.71067811865476,0.771588953469152,0.8663446054750402,49.348200036203046,31.391448086152373,0.1521920986618532,1802.7509293680298,1340.517657992565,0.6282010911501662,1.5720268749873916,0.36387855964102356,37.013588722725,0.6902768578746473,0.9202403927350842,0.9884411194000026,0.1516052554473951,1.4300385026502886,1.498831606552187,1.71753141487309,0.6456609452401708,0.6229863692688972,0.8019606726806429,1340.517657992565,1802.7509293680298
1581,299.0,68.18376618407356,0.803932642022385,0.940251572327044,25.553523825944882,15.197200899612596,-0.28337534188619,1790.6889632107022,1403.4715719063545,0.8082004353374901,1.6814625268654761,0.4052796395860423,19.511499785403828,0.7226939093235605,0.9140831869375713,0.9601171706710591,-0.2795979588312482,0.8626885708196653,1.6767365844003366,2.2024575921068825,0.6326600972348322,1.540691192865106,0.8933497322802575,1403.4715719063545,1790.6889632107022
1582,661.0,93.84062043356595,0.5317706159470561,0.9734904270986745,31.586188049610485,26.74997719112022,0.364668862868318,1794.1134644478063,1576.661119515885,0.9432560133229865,1.1807930834459055,0.15311157050335822,29.010538413996088,0.8118749328094156,0.9158312733271089,0.9342419091138665,0.3566399518495902,1.516255890198033,1.5388146510509804,1.7487789111553407,0.6244991708677471,1.1739788199697427,0.8435270339313146,1576.661119515885,1794.1134644478063
1583,1045.0,119.49747468305831,0.5712860430682346,0.9803001876172608,40.38060933873382,33.14242679902733,-0.5598861943584037,1800.7846889952152,985.2047846889952,0.9196206175559453,1.2183962744671106,0.17924896771588572,36.47650372840365,0.5073145132281129,0.919236696781631,0.8473155575126399,-0.5310897720696984,1.4589105459771208,1.5199888239421686,1.9055309257776396,0.6141965016151282,0.5129186602870813,0.7464925904489118,985.2047846889952,1800.7846889952152
1584,428.0,79.35533905932738,0.8303055141968452,0.9617977528089887,31.38831639276241,17.492975214414134,1.443935496406933,1793.5771028037384,1742.9906542056074,0.8540854627438661,1.7943383562847888,0.4426915099387839,23.34408972623798,0.8975235088597361,0.9155574797364667,0.1265208280348434,0.9919639509948824,0.8225255197634372,1.481038872605492,1.5063497241360555,0.7874193244943912,1.868380062305296,0.5697557186090688,1742.9906542056074,1793.5771028037384
1585,580.0,112.8111831820431,0.805071283321998,0.8146067415730337,38.472376422792,22.820970190700248,0.16815443927140536,1806.3413793103448,1710.2724137931034,0.5727083949403973,1.6858343927231387,0.40682192490764535,27.17496892263898,0.8806758052487659,0.9220731900512225,0.9858953245348164,0.16736310543363173,1.481038872605492,1.5399738806506105,1.6457061876798198,0.64284994189051,1.3517241379310345,0.8534347275138109,1710.2724137931034,1806.3413793103448
1586,565.0,90.66904755831213,0.7847542468689948,0.9608843537414966,34.12644009532376,21.151807964031665,-0.8908131589009104,1802.6938053097344,1201.7345132743362,0.8636548267147257,1.6134053482971886,0.3801929558152175,26.821266613927218,0.6188128286685562,0.9202112329299308,0.628779935742959,-0.7775833025516176,1.0897495053117792,1.5294734693264607,1.755759304589237,0.6857170631853924,0.9050147492625369,0.8253577203384772,1201.7345132743362,1802.6938053097344
1587,556.0,101.59797974644667,0.9183249016055793,0.9423728813559322,42.55577300751576,16.844743376691667,1.3793326548285023,1798.3057553956835,1244.1187050359713,0.6768844095241666,2.5263532994157005,0.6041725437882018,26.60678836073137,0.6406378501730027,0.9179712891249022,0.190296024233581,0.9817267558546484,0.9131477458711905,1.7969324162790097,2.040399103212802,0.6315152287630833,1.0419664268585132,0.8931082766103614,1244.1187050359713,1798.3057553956835
1588,583.0,119.59797974644665,0.959965745928488,0.9024767801857585,53.76174125836714,15.059600031112865,-0.07299061147936413,1811.8833619210977,1516.238421955403,0.5121895713520441,3.5699315484671796,0.7198825841830582,27.245158369526866,0.7807612883395484,0.924902175559519,0.9973373677593733,-0.07292581758749415,1.3425440594948954,1.4135648425582243,1.8654315341112728,0.6491342099972676,0.906232132647227,0.7822764484451689,1516.238421955403,1811.8833619210977
1589,636.0,97.59797974644665,0.8020609874590782,0.956390977443609,36.96708881769559,22.07830319185899,1.152772932003885,1802.388364779874,1632.1477987421383,0.839045135263572,1.674362766760382,0.40275786116837964,28.456639830653998,0.8404468582606274,0.9200553163756376,0.405954841325813,0.9138931375188972,1.1344713758856462,1.1802464095110081,1.6108964135717858,0.7642116234418375,1.0953878406708595,0.7933574372728461,1632.1477987421383,1802.388364779874
1590,869.0,109.9827560572969,0.5993191116765082,0.967706013363029,37.2526212656095,29.821103813505097,0.1588486972340514,1809.4165707710013,1305.6064441887227,0.9027769116337628,1.2492032990656399,0.19948978621176805,33.26327050028088,0.6722999197676224,0.9236429661924458,0.987410052543195,0.15818150377539347,1.1681347511204545,1.498831606552187,1.7492335053739823,0.6793170809824663,0.7437667817414654,0.8416685734379161,1305.6064441887227,1809.4165707710013
1591,310.0,67.35533905932738,0.8114278423388855,0.9567901234567902,26.119456770048128,15.265584755702239,-0.33354900502708673,1803.8419354838709,1440.9935483870968,0.8586724015223735,1.711002702355806,0.41554738714138617,19.867165345562018,0.7420152154413475,0.9207973126512868,0.9448863577038439,-0.32739848965009527,0.8826654011610116,1.6767365844003366,1.7063216911652124,0.7032804343065527,1.6365591397849462,0.769208495882235,1440.9935483870968,1803.8419354838709
1592,1300.0,136.4680374315355,0.5032767907542259,0.9643916913946587,44.00167840724901,38.02296197023591,0.22347998358508267,1812.0738461538463,1674.2076923076922,0.8771852583105751,1.1572396290876337,0.13587473599707367,40.68428945128219,0.8621048879030341,0.9249994110024738,0.9751321061648098,0.22162440192041608,1.257827558017697,1.5399738806506105,1.6964754739635708,0.6675156111471513,0.44769230769230767,0.7185157324406855,1674.2076923076922,1812.0738461538463
1593,435.0,76.5269119345812,0.4817776432585259,0.9797297297297297,25.46001844087942,22.310448732292862,1.3070990302363537,1802.1816091954022,1868.8436781609196,0.9334063336982414,1.1411701640957033,0.12370649753848995,23.534213434057992,0.9623293914319875,0.9199497749848914,0.26065181694816536,0.9654328719914296,1.1062983323664022,1.2995314380951475,1.8616634689305196,0.7029888113958369,1.5272030651340998,0.865401486667062,1868.8436781609196,1802.1816091954022
1594,158.0,50.970562748477136,0.8919669939456903,0.9575757575757575,21.48298445302227,9.712468478648587,0.14432902972358008,1807.0569620253164,1927.3227848101267,0.7642370598809526,2.2118974697574982,0.5478994783109747,14.183506197980657,0.9924422166890456,0.922438469640284,0.9896026332523026,0.14382846818383596,0.6459862150293889,1.4275379135863624,1.4444747578577855,0.852757518353628,3.573839662447257,0.799141648764282,1927.3227848101267,1807.0569620253164
1595,856.0,139.84062043356596,0.9538317287085748,0.8916666666666667,62.417874782425564,18.746679872891526,-0.1360987712231345,1828.5794392523364,1473.0128504672898,0.5500687139187709,3.329542895362735,0.6996584722206873,33.01352829210018,0.7585030125990164,0.9334249307056337,0.9907528491170201,-0.13567900341065042,0.86000570526792,1.1824298060392564,1.6654688826488897,0.809082349828124,0.7052180685358255,0.8037691421701756,1473.0128504672898,1828.5794392523364
1596,613.0,109.59797974644667,0.9324868266510133,0.9231927710843374,47.413668447461326,17.126005943534466,0.20225247670660637,1821.8091353996738,1014.4812398042415,0.6413059083148334,2.7685187430033142,0.6387960159102297,27.937355653723827,0.5223899278085692,0.9299689307808442,0.9796165939227278,0.2008764020765839,1.5199888239421686,1.7253299153226072,1.7903972939964405,0.5957444741095039,1.1538879825992387,0.8637168646721035,1014.4812398042415,1821.8091353996738
1597,634.0,93.84062043356595,0.5543676246749811,0.9649923896499238,31.42295947501212,26.15244658577284,0.4840520576136293,1817.0820189274448,1847.2523659305994,0.9047266451539688,1.2015303949461649,0.1677280872742254,28.41186145542198,0.9512113109838307,0.9275559055270264,0.8851164902250322,0.46536952922566854,1.1062983323664022,1.3946238558147916,2.027524900956961,0.6624787572754779,0.4689800210304942,0.8187654087799014,1847.2523659305994,1817.0820189274448
1598,491.0,87.49747468305831,0.8251718939062751,0.9406130268199234,33.6478797594021,19.007071832973995,0.7850928021276437,1815.570264765784,500.6619144602851,0.8059355603575517,1.7702821378845335,0.4351182906951836,25.003212122944625,0.2578073709888183,0.9267842086604309,0.7073226712405183,0.7068908251980484,1.0729863207288408,1.1316475615926835,1.2606299810532802,0.8657349391795849,1.1412084181941617,0.9109990326333449,500.6619144602851,1815.570264765784
1599,185.0,67.94112549695429,0.9618236537534718,0.8371040723981901,30.818508740144622,8.434100734008865,0.3156997957460739,1820.2702702702702,544.8918918918919,0.5036352489949149,3.6540361221766062,0.726330017940729,15.347615963921077,0.2805828485540123,0.9291833947270394,0.9505793378739398,0.3104817585739011,1.6385339146998728,1.8193515498629544,1.875718597668989,0.5624714480108347,2.7675675675675677,0.8459689335863233,544.8918918918919,1820.2702702702702
1600,334.0,84.59797974644665,0.8532019270373284,0.8166259168704156,30.35702544827649,15.833639895314683,-1.046331831302325,1818.0149700598802,1799.182634730539,0.5864572329892076,1.917248696382151,0.4784192567782154,20.62188177498708,0.926458617265983,0.9280321439815621,0.5007495479596288,-0.8655922193609572,0.659936916597219,1.3367412665222913,2.0241315796167196,0.7461183634707573,0.9910179640718563,0.8888025076633901,1799.182634730539,1818.0149700598802
1601,175.0,50.62741699796952,0.30080802401340173,0.9259259259259259,15.63999121355559,14.915620539032018,1.2357077328904122,1814.8228571428572,1167.5542857142857,0.8579784348471712,1.048564568442057,0.046315286539019285,14.927053303604616,0.6012122995439164,0.9264026835849194,0.32885283758032446,0.9443811789819664,1.045703434917652,1.5294734693264607,1.7833718217716892,0.6883025035588701,3.664761904761905,0.8272498509609955,1167.5542857142857,1814.8228571428572
1602,422.0,74.76955262170047,0.3256139643147551,0.9634703196347032,23.889154957404738,22.587262919993396,-0.7187891723580697,1818.6137440758293,1251.632701421801,0.9485773508728452,1.0576383266101248,0.054497199240938654,23.179885415554555,0.6445070553150365,0.9283377968738281,0.7526035790208259,-0.6584738816726473,0.9131477458711905,1.2045851338719185,1.9017387335142877,0.746366758781209,1.3222748815165877,0.828018024373873,1251.632701421801,1818.6137440758293
1603,367.0,69.698484809835,0.6807586476859422,0.9708994708994709,25.282104445566738,18.51933847450949,-0.2719604415753706,1819.700272479564,1454.6539509536785,0.9493563383904441,1.3651731934359157,0.26749220918763794,21.616635097022034,0.7490494083180631,0.9288924310768576,0.9632461332581306,-0.26862033944446545,0.86000570526792,0.8826654011610116,1.4442061932523638,0.9413603718913232,1.9573115349682109,0.7232960268567807,1454.6539509536785,1819.700272479564
1604,351.0,71.698484809835,0.6736537330095774,0.9486486486486486,24.8528431979889,18.367422230008504,0.8833709365022907,1820.6182336182337,1920.1994301994303,0.8580192364756425,1.3530936941921323,0.2609528783614262,21.14017691983778,0.9887741659111381,0.9293610176713801,0.6345494172598218,0.772882291849943,0.6459862150293889,0.8100755362221301,1.5738818053065486,0.9901174540056175,1.4254510921177588,0.7678809232327187,1920.1994301994303,1820.6182336182337
1605,123.0,40.62741699796952,0.5228238538987322,0.9318181818181818,13.712422360598916,11.689027485034472,-0.02340397757788219,1821.3902439024391,1814.4634146341464,0.9364326596522553,1.1731020718494338,0.14755925848509732,12.514330345744634,0.9343271960011053,0.9297551015326386,0.9997261394176163,-0.023401841063230025,0.659936916597219,1.3946238558147916,1.7577651060922048,0.7869211855459387,3.252032520325203,0.8130575607639373,1814.4634146341464,1821.3902439024391
1606,863.0,109.84062043356595,0.5741501123618984,0.9696629213483146,36.9664317306143,30.26626792031508,1.532744698528139,1830.3221320973348,1556.4472769409037,0.8988654860717952,1.2213739674788906,0.1812499474962952,33.14823867276277,0.8014661570241522,0.9343145135769958,0.03804244627191653,0.9992761241426957,1.7487789111553407,1.8654315341112728,2.3172678048783926,0.5057761106898873,0.7450753186558516,0.7749863548427949,1556.4472769409037,1830.3221320973348
1607,624.0,97.25483399593904,0.7558406947273228,0.9454545454545454,35.26182391800864,23.087875288762497,-0.7686180869553229,1829.2788461538462,1741.8445512820513,0.8290334614869912,1.5272875254645686,0.3452444393560924,28.18690255978371,0.8969333425757215,0.9337819531157969,0.718871982180847,-0.6951424841249311,1.5063497241360555,1.6114321389984831,1.6457061876798198,0.6297906005006404,0.6623931623931624,0.7915942206109664,1741.8445512820513,1829.2788461538462
1608,391.0,78.42640687119285,0.789167912234404,0.9243498817966903,29.157072613464635,17.90761807883422,0.4742954497353152,1830.3017902813299,1634.1790281329922,0.7988440138407683,1.6281937935635689,0.385822496097755,22.312253628700276,0.8414928054237859,0.9343041298015977,0.8896147188020449,0.4567117822990322,1.1147037303572704,1.1802464095110081,1.2944659124906022,0.8357905453809039,1.2028985507246377,0.8488271998976971,1634.1790281329922,1830.3017902813299
1609,717.0,101.49747468305833,0.6644389504934788,0.9637096774193549,35.21162636701018,26.315146498048442,-0.04633954104346359,1835.299860529986,484.59553695955367,0.8746182716057814,1.3380744952197592,0.2526574539964125,30.2144461073691,0.24953426208009974,0.9368554673455773,0.9989265155844046,-0.04632295826477617,0.9957839734565819,1.006256501412824,1.0729863207288408,0.9756012546929205,0.6596931659693166,0.8796901489764815,484.59553695955367,1835.299860529986
1610,751.0,104.32590180780453,0.5305950257961349,0.956687898089172,34.035250389737776,28.849144730879072,-1.0942795959565783,1836.3275632490013,1274.041278295606,0.8670926522435132,1.1797663572780959,0.15237454108527448,30.922530590107066,0.6560459723458321,0.9373800731235331,0.4586867383098355,-0.88859803966624,0.8746472057442413,1.0305721882513053,1.2045851338719185,0.9646908585785733,0.39991122947181534,0.972788779715618,1274.041278295606,1836.3275632490013
1611,792.0,120.32590180780453,0.6417334377055144,0.9177288528389339,37.20556627683283,28.533981746656675,-0.27420154923388096,1837.1439393939395,1178.354797979798,0.687411502700375,1.3039037666445625,0.23307223617170914,31.755404570407364,0.6067738403603491,0.9377968041827154,0.9626417076806657,-0.27077840134259573,1.02802493710285,1.045703434917652,1.2596336227032934,0.8999922614911142,0.3240740740740741,0.8819989359367861,1178.354797979798,1837.1439393939395
1612,455.0,90.32590180780451,0.7784935947233934,0.8817829457364341,31.764793424897384,19.937253579522253,0.2853367496140755,1840.312087912088,1498.479120879121,0.7008041229908846,1.5932381708543504,0.372347450435634,24.069150231250354,0.7716164371159222,0.9394140316039244,0.959566918583012,0.28148060103869177,1.1824298060392564,1.298743783274674,1.4135648425582243,0.7702699558588677,1.556043956043956,0.6439239217080562,1498.479120879121,1840.312087912088
1613,468.0,80.76955262170047,0.6457360819018159,0.9590163934426229,28.011456065294443,21.388446449958096,0.624504563723134,1837.7991452991453,460.86538461538464,0.9014888558893361,1.3096536081211885,0.23643931968042553,24.410573670769317,0.2373148221500436,0.9381312635523967,0.8112528983795416,0.5846954206001558,1.006256501412824,1.9223111166994968,1.9673231187342495,0.6127587728667925,1.188034188034188,0.8707332875486299,460.86538461538464,1837.7991452991453
1614,658.0,121.5685424949238,0.9371493415987698,0.831858407079646,51.61450793637271,18.009773825685695,1.2518025228700673,1838.937689969605,1359.206686930091,0.5594913001625028,2.865916498227182,0.6510714807571726,28.944630252185586,0.6999004567096246,0.9387124502141934,0.31361128458681187,0.9495514531502807,0.8050395026328298,1.71753141487309,1.7887495646838805,0.695842494751456,0.7867274569402228,0.7241903138267881,1359.206686930091,1838.937689969605
1615,519.0,96.18376618407356,0.8865665618359778,0.9105263157894737,38.692009453994,17.898964198908057,1.1266395992126341,1839.3236994219653,1915.8285163776493,0.7049749171189139,2.161689862274513,0.5373989500289333,25.70625067405882,0.986523437887564,0.9389094943450563,0.4296965806619424,0.9029733376835857,0.8100755362221301,1.4444747578577855,2.1804374894200156,0.6764392928344233,0.8561335902376365,0.8188956963516283,1915.8285163776493,1839.3236994219653
1616,112.0,36.97056274847714,0.38213278507918763,0.9655172413793104,12.459539214869723,11.513952711511347,0.7261797896109677,1834.892857142857,1294.732142857143,1.0297119769200693,1.0821252724455783,0.0758925741194244,11.941642642883693,0.6667003825217007,0.936647706555823,0.7477165409223094,0.6640180527901153,0.8746472057442413,1.1084059459932496,1.1681347511204545,0.9520219334680656,6.642857142857143,0.8292773648618049,1294.732142857143,1834.892857142857
1617,460.0,78.76955262170047,0.42813700401604304,0.9603340292275574,25.50212857534115,23.04662655970984,-1.0430526410755885,1841.554347826087,507.3652173913043,0.9316460306825567,1.1065449648029628,0.09628615934458185,24.201036973199617,0.26125912327049655,0.9400481612180127,0.5035852921189959,-0.8639455153893824,0.9957839734565819,1.1316475615926835,1.2045742819296195,0.9003585722188465,1.2992753623188404,0.8269596805607314,507.3652173913043,1841.554347826087
1618,989.0,127.78174593052022,0.838295393376217,0.944603629417383,48.91658976595799,26.670122962690936,-0.5320729576141927,1850.8331648129424,1440.386248736097,0.7611469651291979,1.8341343920456543,0.4547836819718124,35.485685983831225,0.7417024967745093,0.944784668102574,0.8617572682699666,-0.5073208162335594,1.4442061932523638,1.6654688826488897,1.8544906978252351,0.6043311478190154,0.6757667677789013,0.8090984064944639,1440.386248736097,1850.8331648129424
1619,361.0,74.52691193458118,0.8307234861707491,0.95,28.855786441470908,16.06359125818115,-1.5620440811153666,1838.0027700831024,1659.4653739612188,0.8167531407759013,1.79634715411317,0.4433147302790227,21.43920417481474,0.8545135808245204,0.9382352067805525,0.00875213394032264,-0.9999616993422752,1.1147037303572704,1.257827558017697,1.5194844209357745,0.7708088106692884,1.9168975069252077,0.8517195800467005,1659.4653739612188,1838.0027700831024
1620,232.0,55.4558441227157,0.639263248986964,0.9586776859504132,19.71681943013081,15.161996954713485,0.974747245958331,1841.6077586206898,1778.0129310344828,0.9479888041486358,1.3004104597185888,0.23101202968145784,17.186959427966244,0.91555763698995,0.9400754255337875,0.5613772406196456,0.8275600242364736,1.2178508674673438,1.3367412665222913,1.6114321389984831,0.7201110227445273,1.8160919540229885,0.7270324604718436,1778.0129310344828,1841.6077586206898
1621,565.0,92.42640687119285,0.8143975495795633,0.9592529711375212,35.35408691974276,20.516236820281755,-0.3715789392077161,1851.2814159292036,986.1044247787611,0.8311246670854847,1.723224742892066,0.41969264071631607,26.821266613927218,0.5077777676512673,0.945013484394693,0.9317552148909849,-0.3630870687912949,1.0535933149113406,1.3362647221791566,1.7253299153226072,0.7290067998573019,1.2206489675516223,0.7436531506198301,986.1044247787611,1851.2814159292036
1622,998.0,115.39696961966999,0.4284103560950326,0.9774730656219393,37.56676668544688,33.944740154333196,-1.0197530420323826,1854.930861723447,1705.1322645290581,0.94178462673304,1.106703616367242,0.09641571129720972,35.64678198162763,0.8780289724660444,0.9468763970002282,0.5235763701552182,-0.8519787465747523,1.8886804051352917,2.0538672534256626,2.0604950844513312,0.49974656660442507,0.5227120908483633,0.7394983324010966,1705.1322645290581,1854.930861723447
1623,736.0,109.49747468305833,0.8181038859712533,0.9558441558441558,41.02646862552362,23.593110105969995,-0.08635054785570054,1862.3369565217392,963.6997282608696,0.7713997110608379,1.7389173551621875,0.424929541917919,30.612159429303247,0.49624084874401114,0.9506569456466254,0.9962741074566462,-0.08624327690587241,1.0535933149113406,1.253369650833507,1.6097866938051948,0.7659412167650871,0.8220108695652174,0.839776436033965,963.6997282608696,1862.3369565217392
1624,612.0,103.49747468305831,0.880500777713545,0.9400921658986175,41.19172371211042,19.52671843331682,0.34993494055199154,1860.8431372549019,1298.9052287581699,0.7179625307081388,2.1095056935848677,0.525955296996325,27.914558950087667,0.6688492424089443,0.9498944039075559,0.9393950196013832,0.34283669165962516,1.1084059459932496,1.2619633739327751,1.4408233175865381,0.7871551730216394,0.33169934640522875,0.889198887394144,1298.9052287581699,1860.8431372549019
1625,414.0,76.42640687119285,0.7044257317258183,0.9517241379310345,27.44782527134077,19.481854389033415,-0.8465975483706211,1851.6280193236714,1612.1014492753623,0.8906833236536178,1.408891819189014,0.29022229643180153,22.959119571977435,0.8301243302138838,0.9451904131310217,0.6625355159893369,-0.7490305000817677,1.2944659124906022,2.078382501648975,2.2341687085941087,0.5350438449414541,0.9154589371980676,0.8315755408684758,1612.1014492753623,1851.6280193236714
1626,347.0,71.76955262170047,0.4400253287552265,0.9228723404255319,22.429822548457388,20.141652316870513,-0.11805523802023993,1854.2651296829972,1347.8270893371757,0.8465621764217746,1.1136038988057757,0.10201463817395395,21.019374919894773,0.6940407257143026,0.9465365644119434,0.9930395700066009,-0.11778120563614991,0.8050395026328298,0.987593226649962,2.0816442104913366,0.7743380369124828,1.3448607108549473,0.6584205015930216,1347.8270893371757,1854.2651296829972
1627,585.0,95.84062043356596,0.8402017497238959,0.9543230016313213,37.47747244793064,20.32305642987559,-1.4029975571597757,1856.7606837606838,531.5452991452992,0.8003252097188615,1.8440864235773842,0.4577260657555964,27.29185104880338,0.27371024672775446,0.9478104562331209,0.16701244182374209,-0.9859547881500811,1.2045742819296195,1.2295210636925644,1.312801069682627,0.8006626464895078,0.8045584045584045,0.7724994871929011,531.5452991452992,1856.7606837606838
1628,638.0,101.25483399593904,0.8258556612837183,0.9219653179190751,38.47650126439837,21.696190000439337,-0.06544989172640649,1863.064263322884,1815.7476489028213,0.781986059189279,1.7734220277209614,0.4361184284571519,28.501347854812654,0.9349884906811644,0.9510282099657397,0.9978589203100715,-0.06540317391089195,1.3661656807237121,1.7582645749123096,1.8305713265920218,0.6054488480407374,0.4629049111807732,0.8775977790999105,1815.7476489028213,1863.064263322884
1629,852.0,114.66904755831213,0.7822925732497481,0.9638009049773756,42.02755448058411,26.17943327298036,-0.691563875883501,1861.9354460093896,1231.944835680751,0.8142486519818083,1.605365327902667,0.37708882668691235,32.9363035587535,0.6343691223896761,0.9504519887745736,0.7702496071336504,-0.6377425363816163,1.517645711780677,1.5637156843719897,1.610716664354498,0.6393755520077028,0.6044600938967136,0.8481639656057062,1231.944835680751,1861.9354460093896
1630,201.0,52.284271247461895,0.5696020938033823,0.9348837209302325,17.713511850211386,14.5591000943986,-0.41251559262378373,1855.6019900497513,1194.278606965174,0.9239826221470271,1.2166625502510557,0.17807941093144342,15.99753570059363,0.614973536027381,0.947218984200996,0.9161151833256147,-0.40091516668776134,0.9836379339891614,1.02802493710285,1.610716664354498,0.8281848908000216,3.379767827529022,0.7885653018327812,1194.278606965174,1855.6019900497513
1631,367.0,70.04163056034263,0.5534546044641546,0.9683377308707124,23.740277015801702,19.7727863349792,-0.048261941729420756,1860.2370572207085,1268.9863760217984,0.9400770113539393,1.2006541017339463,0.16712065651894914,21.616635097022034,0.6534430360565389,0.9495850215521738,0.9988356185244782,-0.048243208504648256,1.0305721882513053,1.1322106887280314,1.2619633739327751,0.8759773075745424,2.1253405994550407,0.7551624820892681,1268.9863760217984,1860.2370572207085
1632,685.0,99.49747468305831,0.5274178196799942,0.9553695955369595,32.201799673046985,27.35884388540829,0.24275781787373316,1866.3372262773723,1514.94598540146,0.8695134798533539,1.1770160978995776,0.15039394806533946,29.53250900522315,0.7800957700316478,0.9526989414381686,0.9706787413491905,0.2403804923298713,1.298743783274674,1.826217930123932,2.2970144057996453,0.5533038017960896,0.7751824817518248,0.6310826749429667,1514.94598540146,1866.3372262773723
1633,394.0,75.698484809835,0.6201894561437898,0.9493975903614458,25.431513477424947,19.94980320193036,-0.4438149464566048,1866.6548223350253,1173.738578680203,0.8640357508161601,1.2747751554242985,0.21554793741869083,22.397686948112614,0.6043967964367678,0.9528610629581549,0.9031201471216406,-0.42938793632679795,0.9836379339891614,1.2596336227032934,2.2013033099593518,0.6749801927085017,0.988155668358714,0.8231241865648578,1173.738578680203,1866.6548223350253
1634,130.0,48.38477631085023,0.8834269060369596,0.9027777777777778,19.49001118738853,9.132414925801857,0.03445966460386517,1871.0615384615385,1331.5076923076922,0.6978076739084231,2.134157432151194,0.5314310064782722,12.865501965161373,0.6856373286857324,0.9551105352024188,0.9994063245087608,0.034452845047826926,0.987593226649962,1.4408233175865381,1.7887495646838805,0.71137819154295,4.1461538461538465,0.7080053357641387,1331.5076923076922,1871.0615384615385
1635,306.0,70.87005768508881,0.8845222725554958,0.9444444444444444,29.28391435523596,13.660886391307239,-1.3763791255280553,1867.4607843137255,1765.1437908496732,0.7656066869393318,2.1436320833375824,0.5335020371392162,19.738573927438622,0.9089308912717163,0.953272477954939,0.19319474874898296,-0.9811604298257331,0.9707654795828458,1.2178508674673438,1.4804633909809923,0.8176437183700433,0.7952069716775599,0.795991375971684,1765.1437908496732,1867.4607843137255
1636,385.0,74.18376618407356,0.7094674622645603,0.9482758620689655,26.52123893086393,18.690529987368695,-0.5220425569602356,1874.0285714285715,1660.1116883116883,0.8791294679887578,1.4189666611266418,0.2952618074860106,22.140398025397776,0.854846389449891,0.956625100269817,0.8668024641123246,-0.49865167021559453,1.0596422828765288,1.5194844209357745,1.5923575031894879,0.7191684904295053,1.3896103896103895,0.7548682220655722,1660.1116883116883,1874.0285714285715
1637,688.0,127.63961030678928,0.9537766312732611,0.8708860759493671,56.000038943566594,16.828932988568674,-0.33116965702919077,1886.2688953488373,541.4636627906976,0.5306734536542584,3.3276048446806183,0.6994835484752459,29.597108081327676,0.2788175400570019,0.9628733513776607,0.9456626772698472,-0.3251493515583642,0.8894180125123995,0.9613758954479948,1.312801069682627,0.948288267366986,0.5523255813953488,0.8052435917205205,541.4636627906976,1886.2688953488373
1638,720.0,105.15432893255071,0.5814211592376242,0.9399477806788512,34.685900521779054,28.220544067441068,0.03509977007208055,1881.0458333333333,996.9736111111112,0.8182538324838189,1.2291010562690488,0.18639724951867487,30.277590264241923,0.5133746710149903,0.9602071635188021,0.9993840663098826,0.03509256339915954,1.2553892344867592,1.3362647221791566,1.3486398615830677,0.7613645424373866,0.8972222222222223,0.8383392368197727,996.9736111111112,1881.0458333333333
1639,977.0,134.3259018078045,0.8200726009046567,0.9046296296296297,48.42536577667483,27.711875348802895,-1.304330615937288,1885.2876151484136,1259.3275332650971,0.6804322633161523,1.747458992477271,0.4277405053251876,35.269746741453275,0.6484693786123055,0.9623724426485011,0.2633235328693032,-0.9647075811028071,0.8257621318673942,1.1322106887280314,1.5128554606068216,0.8643469964353411,0.24599112930740363,0.7881947105044201,1259.3275332650971,1885.2876151484136
1640,843.0,114.08326112068522,0.7502461598153611,0.9536199095022625,41.3284005242911,27.324627597414437,-0.18027538827782671,1891.9288256227758,1024.682087781732,0.8139422348412428,1.5124963872591535,0.3388413959704497,32.7618823667344,0.5276426816589763,0.9657625449835506,0.9837943528361239,-0.17930050565392183,1.2553892344867592,1.3432087006783953,1.8602790374986882,0.6728151546661144,0.8295769078687228,0.816980696023485,1024.682087781732,1891.9288256227758
1641,463.0,83.08326112068524,0.5732911220426342,0.9391480730223124,27.287431215238954,22.358004505207045,0.4957697124253884,1886.3434125269978,495.2375809935205,0.8428761892591174,1.2204770425233555,0.18064825051318933,24.279825147895533,0.25501420236535555,0.9629113897534445,0.8796028114359784,0.47570883333602565,0.7482676658680693,1.007504045312372,1.2431727325095425,1.000351975946816,0.564434845212383,0.8325439463137462,495.2375809935205,1886.3434125269978
1642,646.0,103.7401153701776,0.7543583691434546,0.9047619047619048,36.66670400121106,24.070328379622037,-0.05119376519652273,1890.1795665634675,1385.030959752322,0.7543083733884897,1.5233154871394745,0.3435371671577837,28.679483013103898,0.7131982285027404,0.9648696102927348,0.9986898853692094,-0.05117140667633929,1.0292483260037084,1.0668904452018744,1.2302443577650677,0.9018804760858531,0.5273477812177503,0.8567904298681773,1385.030959752322,1890.1795665634675
1643,255.0,77.49747468305833,0.9591280457820373,0.8333333333333334,36.233503408433045,10.253082228667921,-0.6800032825904766,1887.3411764705882,1776.7490196078431,0.5335497769014111,3.5339132760608414,0.7170275776787954,18.01877032173579,0.9149068072131015,0.9634207128486922,0.7775706546767462,-0.6287955764678822,0.9707654795828458,1.1514350859260438,1.1854525233758715,0.90698749819967,1.411764705882353,0.8068047024343925,1776.7490196078431,1887.3411764705882
1644,264.0,62.284271247461895,0.733622930007716,0.9361702127659575,22.381221404208418,15.209310409410937,-1.111303880068222,1883.030303030303,518.8977272727273,0.8551789772418881,1.471547414165456,0.3204432352136475,18.333991376950163,0.267197593858253,0.9612201648955094,0.44349325542404905,-0.8962777094145425,0.5884569849551892,0.9240061954210826,0.9613758954479948,1.2126900368409856,1.5252525252525253,0.724375438451203,518.8977272727273,1883.030303030303
1645,666.0,115.49747468305833,0.9204990125110484,0.8891855807743658,48.433269931341115,18.92505266380345,-0.27862185329635647,1898.6066066066066,941.072072072072,0.6273922012917292,2.5592145391476695,0.6092551114010771,29.120053859730724,0.48458912053144804,0.9691713152662617,0.9614353841557648,-0.2750309111595586,1.124908429607004,1.6619369465463047,1.778917158337454,0.6570643955609491,0.9284284284284284,0.8784647914927789,941.072072072072,1898.6066066066066
1646,725.0,119.7401153701776,0.8810119325637791,0.9039900249376559,46.29333756633114,21.901102289883166,-0.25371836498392053,1902.4468965517242,1635.248275862069,0.6354311868109505,2.1137446395890103,0.526905955775984,30.38253889873249,0.84204339642743,0.971131647040186,0.9679857874123201,-0.25100501064271735,0.819972756681017,1.5923575031894879,2.0365390143656734,0.6743286473651368,0.6666666666666666,0.7591142490191732,1635.248275862069,1902.4468965517242
1647,530.0,87.49747468305833,0.6978673228726824,0.9689213893967094,31.08018999037926,22.260473061784793,-0.606210935772314,1891.8867924528302,966.8867924528302,0.8699508085325911,1.3962052784824026,0.28377294126337615,25.977239243415305,0.4978819734566582,0.9657410885415162,0.8218127604123718,-0.5697576562218339,1.124908429607004,1.2275551169415504,1.253369650833507,0.8319852405203009,1.4075471698113207,0.7357998467004507,966.8867924528302,1891.8867924528302
1648,782.0,102.91168824543142,0.5025100938900339,0.972636815920398,33.965803550037506,29.36586035993653,0.3511636164777412,1894.346547314578,1446.7455242966753,0.9278701671741767,1.1566425479696356,0.13542865792426972,31.554291688816235,0.7449770979900491,0.9669967061330158,0.9389730754416757,0.34399064463383455,1.8544906978252351,1.9664261275986497,2.0992308947404976,0.50674411210751,0.8499573742540494,0.8430734458111081,1446.7455242966753,1894.346547314578
1649,519.0,89.59797974644667,0.625756349250526,0.9402173913043478,29.55008400714917,23.049614684096763,0.3277537660624195,1898.4701348747592,1654.281310211946,0.8124203386098652,1.2820207370988048,0.21998141600814813,25.70625067405882,0.8518441350215994,0.9691016512888,0.9467678327049476,0.32191718027339933,0.819972756681017,1.0596422828765288,2.55931652995455,0.6758383077146071,0.9447655748233783,0.7771045985252032,1654.281310211946,1898.4701348747592
1650,531.0,94.42640687119285,0.8861345373018787,0.9499105545617174,38.31097388917905,17.754380926411898,1.3590572372497132,1893.3370998116761,1804.2128060263653,0.7483718734988405,2.157832145652942,0.5365719238104091,26.001734523957655,0.9290488187571397,0.9664814189952405,0.21016046709103192,0.9776669054806342,1.1854525233758715,1.3661656807237121,1.4518708798960778,0.749346366896014,0.9937225360954174,0.7250892879040243,1804.2128060263653,1893.3370998116761
1651,555.0,101.25483399593904,0.8858388783475697,0.8823529411764706,40.507517573941264,18.795203622110087,-0.0168475065590025,1902.218018018018,1539.1927927927927,0.6802543304859715,2.155205039986345,0.5360070241825641,26.582850624566497,0.7925812527254339,0.9710148126687177,0.9998580841181854,-0.016846709575212105,0.93697608487784,1.5736483857434733,1.6196127327033147,0.7263505344402871,0.933933933933934,0.8274145620144494,1539.1927927927927,1902.218018018018
1652,291.0,69.35533905932738,0.795894989755446,0.909375,25.45393968602383,15.410698113079226,-0.79784248395689,1896.381443298969,522.955326460481,0.7602265882008121,1.651705814963749,0.3945653088216876,19.248706645328987,0.26928698581899124,0.9680354483404641,0.6982527938803146,-0.7158512665619409,0.5884569849551892,0.7448467983663981,0.8894180125123995,1.3496965772427543,1.3528064146620848,0.7560262347982283,522.955326460481,1896.381443298969
1653,229.0,57.11269837220809,0.7199079933845429,0.9462809917355371,20.759235575146196,14.408352409022584,-0.6165843296881622,1900.598253275109,505.8034934497817,0.8822262734985384,1.4407778895071068,0.3059304926298514,17.075475271404667,0.2604549399844396,0.970187980232317,0.8158583296760094,-0.5782518360526596,0.7448467983663981,0.7482676658680693,0.9204947588884355,1.2429518296745576,1.51528384279476,0.841861521192909,505.8034934497817,1900.598253275109
1654,509.0,88.91168824543142,0.8186417805085672,0.9514018691588785,33.892100130164735,19.46438492536028,0.5196288885257042,1907.705304518664,1361.7092337917486,0.8091144047619303,1.741236636047332,0.42569552047214276,25.45739437315213,0.701189100819644,0.9738158777532742,0.8680035178342758,0.4965580459798452,1.0814649272128813,1.2302443577650677,1.7015517077832452,0.7475217797724009,0.7590045841519318,0.8385217527436971,1361.7092337917486,1907.705304518664
1655,789.0,112.22539674441619,0.7769944091124212,0.9552058111380145,40.271168501788985,25.351002466556977,0.249287224352082,1915.0899873257288,1557.3029150823827,0.7872353155431197,1.5885434335354067,0.3704925034536607,31.695204697178458,0.8019067533894865,0.977585496337789,0.9690885190855248,0.24671327928716047,0.93697608487784,1.367222851557761,1.548117950691583,0.7787521348580468,0.4351499788762146,0.7887042665233732,1557.3029150823827,1915.0899873257288
1656,243.0,58.04163056034262,0.6260382044277417,0.94921875,20.072575217192814,15.652441338939646,-1.5472089845689154,1900.2921810699588,1752.7119341563787,0.9064355468650053,1.2823926173904194,0.22020761314508264,17.58969042850512,0.9025293172792888,0.9700317412301985,0.023585155100537162,-0.9997218315405959,0.5411848540510704,1.1514350859260438,1.4804633909809923,0.9454526361569443,0.9862825788751715,0.7330334453013606,1752.7119341563787,1900.2921810699588
1657,669.0,109.49747468305833,0.8671002516955241,0.9396067415730337,42.44455844240663,21.143063682159166,-0.24460564000705382,1921.137518684604,1215.5799701046337,0.7011771830158976,2.0074932886014047,0.5018663296769039,29.185565874723483,0.625942312103313,0.9806725465465054,0.9702329040429063,-0.24217372258869976,0.9031763945353009,1.184743171669774,2.173899957553234,0.7039246930274592,0.3109118086696562,0.6803464914444183,1215.5799701046337,1921.137518684604
1658,836.0,113.9827560572969,0.6538521565597754,0.9319955406911928,38.486266959732276,29.11956916083935,1.0883552356392348,1913.608851674641,986.2643540669857,0.8086076277487851,1.3216633373645332,0.24337766530313765,32.625576767294035,0.5078601205288289,0.9768294291345794,0.46394303299889256,0.8858650360702743,1.2275551169415504,1.2669318733546377,1.390037309438973,0.772295336189436,0.5893141945773525,0.8550702270518226,986.2643540669857,1913.608851674641
1659,268.0,65.45584412271572,0.8797908125766821,0.9305555555555556,27.06775422046378,12.866956017516783,0.08712368053136164,1911.2649253731342,1234.5858208955224,0.786045710747142,2.1036641598536865,0.5246389518422219,18.47236308621676,0.635729052984306,0.9756329379138,0.9962071322143511,0.087013503120254,0.9031763945353009,1.286829372105168,1.5128554606068216,0.8101842915215598,2.154228855721393,0.673356951914743,1234.5858208955224,1911.2649253731342
1660,86.0,41.14213562373095,0.9358640563833354,0.8113207547169812,18.39528875763725,6.481787396721502,1.2147762263336015,1904.2325581395348,1264.2790697674418,0.6384614094121792,2.837996316716839,0.6476387252127026,10.464157913908982,0.6510190884487342,0.9720431639303394,0.3485466778335602,0.9372914239291793,0.8257621318673942,1.286829372105168,1.8659188962438022,0.7540510638948814,6.248062015503876,0.8021849951390778,1264.2790697674418,1904.2325581395348
1661,275.0,63.2842712474619,0.7007392743377476,0.9385665529010239,22.311160051755117,15.917171089489305,1.5204029534657386,1907.6654545454546,1402.0581818181818,0.8628811687605836,1.4017038534245572,0.2865825419849841,18.712051592547777,0.7219661080423181,0.9737955357557195,0.050372047108522076,0.9987305226486757,0.7467397360755854,1.0292483260037084,1.4350300407585859,0.9342831164198722,1.4606060606060607,0.7625813668762736,1402.0581818181818,1907.6654545454546
1662,1061.0,126.81118318204308,0.7924905955300402,0.9663023679417122,47.1737835613454,28.770542099679382,0.13916661311338394,1924.7106503298776,548.8633364750235,0.8291061538774744,1.639655707490861,0.39011586674480336,36.754688911266925,0.28262787666067124,0.9824965034864102,0.9903319457318663,0.1387178332549055,1.6189275916015247,1.6508831025014747,1.9087168321056125,0.5793152560871697,0.3989946591266101,0.741079681796348,548.8633364750235,1924.7106503298776
1663,730.0,100.66904755831213,0.5736836751291747,0.964332892998679,33.78170844898411,27.669818533884943,-1.1640385009289933,1918.16301369863,1490.4575342465753,0.9051922035435428,1.2208865196428536,0.18092305557396893,30.487126261041215,0.7674858569755795,0.9791541672785248,0.39563377275657274,-0.9184083611631596,1.4012524525230468,2.0992308947404976,2.112376837381929,0.5344868572010386,0.7068493150684931,0.8742928458914684,1490.4575342465753,1918.16301369863
1664,287.0,62.526911934581186,0.7310362404397264,0.9630872483221476,23.192599853268785,15.8252069659202,0.4932699065279851,1916.567944250871,490.9233449477352,0.9224817861187975,1.4655479642834603,0.31766136327791716,19.115955360352558,0.2527926596023353,0.9783399409141761,0.8807892416139244,0.47350851297222524,0.9204947588884355,1.169542461360363,1.2875144716910565,0.8882173460613972,1.1416957026713126,0.8858138220972097,490.9233449477352,1916.567944250871
1665,238.0,57.698484809834994,0.5390306290142804,0.937007874015748,19.085424555144396,16.075389024612605,-0.6714291139575229,1915.453781512605,1386.1554621848738,0.8983757160820179,1.1872449572401145,0.15771383664192307,17.407785949022028,0.7137772719798526,0.9777712003637595,0.7829334060159358,-0.6221055229977354,0.7467397360755854,1.0668904452018744,1.0814649272128813,1.0362353869487768,2.0028011204481793,0.8087679823036679,1386.1554621848738,1915.453781512605
1666,158.0,46.97056274847714,0.7391922924846185,0.9634146341463414,17.53096084972398,11.80700458232299,0.7194235356370043,1912.5632911392406,1748.9556962025317,0.8999438720633389,1.4847932621259996,0.3265055644392195,14.183506197980657,0.9005951061805004,0.9762957075749059,0.7521857159680253,0.6589511732242906,0.5411848540510704,1.5827424429641765,1.8599864114386917,0.7530283584290353,1.1898734177215189,0.7892416415686561,1748.9556962025317,1912.5632911392406
1667,690.0,100.42640687119287,0.7230114343056497,0.965034965034965,35.90137977397222,24.80196785729067,-0.2515011149008144,1927.5739130434783,1800.5869565217392,0.8597320276213828,1.447521421709238,0.3091639370564916,29.640095915284455,0.9271817489813281,0.983958097520918,0.9685399484331291,-0.2488581288388057,1.2939622429429207,1.4518708798960778,1.5017544232576654,0.7062832648986508,0.5565217391304348,0.8541112363483562,1800.5869565217392,1927.5739130434783
1668,542.0,90.9116882454314,0.7896981607797766,0.9492119089316988,34.00364358952782,20.861084718544245,-0.8758232704671486,1923.038745387454,1017.8487084870849,0.8240806278378506,1.630003619097555,0.3865044296320974,26.26967516446403,0.5241239487575102,0.9816430553279499,0.6403647451114889,-0.7680709558486755,1.2307922901098836,1.3432087006783953,1.390037309438973,0.7568039894639805,1.3462484624846247,0.7841788298515491,1017.8487084870849,1923.038745387454
1669,546.0,108.22539674441617,0.9401223698505093,0.861198738170347,47.19030698897892,16.084207449401017,-1.0003761279251464,1933.098901098901,1597.930402930403,0.5857929404588966,2.933952893696127,0.659162898576663,26.366433043273013,0.8228271899744609,0.9867784079116391,0.5399857669211339,-0.841674148065981,0.8814574424561715,1.2782580115527364,1.7004050673569793,0.7771778065982413,0.44627594627594624,0.903060672244895,1597.930402930403,1933.098901098901
1670,919.0,113.63961030678927,0.5806393055629369,0.9704329461457233,38.08880342059173,31.010415075081813,-0.30847266009354213,1939.5897714907508,931.0805223068553,0.8942643211607199,1.2282584199009223,0.18583908418827277,34.20682887394876,0.479444141249668,0.990091766968224,0.9527983871477759,-0.3036037441280937,1.3588219402443318,1.778917158337454,2.515330971208319,0.5306850902188426,0.5810663764961915,0.7895074182031153,931.0805223068553,1939.5897714907508
1671,528.0,88.76955262170048,0.7234034041276795,0.9547920433996383,31.548509719231323,21.781898883631392,0.48450497164626005,1934.9640151515152,1519.125,0.8420070431686321,1.4483819747661817,0.30957439582784496,25.928179257714298,0.7822476828012358,0.9877304824663171,0.8849056270596258,0.465770363160013,0.7287677059698253,1.2927758243803207,1.4012524525230468,0.8764764289227995,0.7607323232323233,0.8636835575425637,1519.125,1934.9640151515152
1672,406.0,76.52691193458118,0.7620610616662902,0.9575471698113207,28.53900843029181,18.479155353565186,-1.4388039545634022,1931.7832512315272,962.3423645320197,0.8711792447850257,1.5443892258195542,0.35249483531631454,22.736210219877808,0.49554189728734277,0.9861068153300292,0.1316094444011943,-0.9913016463944812,1.2669318733546377,1.3588219402443318,1.6619369465463047,0.6996773246535053,1.9876847290640394,0.7767547167337447,962.3423645320197,1931.7832512315272
1673,227.0,57.4558441227157,0.7902911435916051,0.9497907949790795,21.821270307602006,13.370579994973502,-1.3884578801513645,1930.726872246696,1317.590308370044,0.8641065599230162,1.6320361806148598,0.38726848590865426,17.000746355818674,0.678470807605584,0.9855675713357305,0.18132974781377154,-0.9834223520735097,0.8365674844822711,2.024694087376484,2.09859893552211,0.6048557203444818,1.8002936857562408,0.7762497547401944,1317.590308370044,1930.726872246696
1674,202.0,50.04163056034262,0.2933937959194957,0.9711538461538461,16.419720361874965,15.697115953287874,-0.867886393864777,1933.579207920792,1835.6881188118812,1.013674050170846,1.046034214867078,0.04400832612624217,16.03728119216293,0.9452564978433992,0.9870235875042328,0.6464405960415635,-0.7629643214393633,0.8605904915577621,1.2122356846195128,1.5017544232576654,0.8392592967337851,1.7244224422442243,0.8111203080650501,1835.6881188118812,1933.579207920792
1675,507.0,86.76955262170047,0.570698655516841,0.9512195121951219,28.684678052385998,23.554697985711083,1.0905393911647578,1938.2149901380672,1164.2800788954635,0.8462196519472694,1.2177901015664434,0.17884042684063528,25.40733061895184,0.5995263022118762,0.989389989861188,0.4620070608960016,0.886876245979245,1.1404646733244075,2.0889740529027345,2.2800838477244034,0.5445117902200256,1.0328731097961867,0.6368596843739572,1164.2800788954635,1938.2149901380672
1676,632.0,115.7401153701776,0.8420810113806377,0.8370860927152318,41.60400369480669,22.439163660774128,1.4924384714045031,1942.5569620253164,1137.5870253164558,0.5928695159320404,1.8540799614352204,0.4606489359682673,28.367012395961314,0.5857811664863315,0.9916064124682574,0.07827769440549309,0.9969315937207328,1.1404646733244075,3.175746640524606,3.410811896143135,0.38824783082320374,0.7626582278481012,0.7213097297123668,1137.5870253164558,1942.5569620253164
1677,238.0,59.21320343559643,0.8037827833956822,0.9444444444444444,22.664611427684466,13.483695980245624,-0.11125532176291233,1939.3823529411766,1535.8319327731092,0.8530013273315965,1.6808901254440476,0.40507711666410917,17.407785949022028,0.7908506347956278,0.9899858871573132,0.9938175077485818,-0.11102594873450745,0.6148868733319709,0.7287677059698253,1.2492296062313917,1.1570127261133705,1.23109243697479,0.8634715667132072,1535.8319327731092,1939.3823529411766
1678,291.0,62.62741699796952,0.5763702088660541,0.9797979797979798,21.60547845540256,17.65575299625723,-1.1710838738852674,1939.7353951890034,506.16838487972507,0.9323390035339734,1.223707562061081,0.18281129331610246,19.248706645328987,0.2606428346445546,0.9901661026998486,0.3891534778042184,-0.9211729320344154,1.169542461360363,1.650519672543896,1.9087168321056125,0.6344132431572267,1.806414662084765,0.8779380711649368,506.16838487972507,1939.7353951890034
1679,419.0,81.1126983722081,0.6425897013354556,0.9290465631929047,26.98523623510694,20.676370387320034,-0.30679148581636134,1947.164677804296,1776.9713603818616,0.8002877853753821,1.305124435749897,0.2337895356120422,23.09734550211416,0.9150212978279411,0.9939584879041837,0.9533074512433362,-0.3020014956981742,0.8420207403960722,1.2939622429429207,1.8774966154778219,0.7474810637842555,0.7271280827366746,0.8958051668747579,1776.9713603818616,1947.164677804296
1680,321.0,79.698484809835,0.9402889934531041,0.9304347826086956,35.07774904906276,11.939664484126027,-1.3691621010489134,1941.271028037383,1396.7071651090343,0.635060011158313,2.9379174846746476,0.6596228433179625,20.216574731145414,0.7192106926411094,0.9909499887888632,0.20027071482401276,-0.9797405987218653,1.1745901709004263,1.1761585181060754,1.4350300407585859,0.7924393405280065,0.6967808930425753,0.8946916005107282,1396.7071651090343,1941.271028037383
1681,502.0,83.87005768508881,0.5668925915225013,0.9766536964980544,28.2564776910904,23.277452216561173,-1.0649150487543333,1948.1633466135459,1612.4203187250996,0.8968084625224352,1.2138990740140714,0.17620828501562213,25.281737508665255,0.8302885266349638,0.9944682729012485,0.4845785243953483,-0.8747477657558359,0.8814574424561715,1.5595507689122892,2.1131918384266495,0.6587325912780155,0.5146082337317397,0.7993888315570489,1612.4203187250996,1948.1633466135459
1682,270.0,74.18376618407358,0.9220097948257199,0.8823529411764706,30.77553992570587,11.915259649478049,0.8676720273638969,1949.0740740740741,1212.611111111111,0.6165323541739337,2.5828677537089173,0.612833448958418,18.5411616971131,0.6244135484609223,0.9949331669597111,0.6466041351792529,0.7628257287015761,1.184743171669774,1.8441842795218804,2.0889740529027345,0.5861777522681826,1.7827160493827159,0.7778141819034364,1212.611111111111,1949.0740740740741
1683,237.0,59.798989873223334,0.7279020750445139,0.9634146341463414,21.45469917086838,14.711081700251066,-0.3190660741265478,1949.970464135021,1545.8565400843881,0.8328571417525518,1.4584039167223322,0.3143189012770654,17.371176474327626,0.7960126365007149,0.9953907422843395,0.949528785919757,-0.31367990804282037,0.6148868733319709,0.7080711934826797,1.2772289093166103,1.1537631822399206,0.6568213783403657,0.8884582938479489,1545.8565400843881,1949.970464135021
1684,387.0,77.11269837220809,0.8017643816860914,0.9555555555555556,28.885874781497538,17.263361615335967,1.3937788528259043,1950.4961240310076,1319.235142118863,0.8178412811144259,1.6732473909274235,0.4023597434413244,22.197831060995757,0.6793177868789202,0.9956590730122551,0.17609444207727196,0.9843732764909328,0.8365674844822711,1.8748457756545562,2.1576165292379774,0.6161391755184162,0.615848406546081,0.8295726849856085,1319.235142118863,1950.4961240310076
1685,510.0,93.69848480983501,0.906308322870927,0.9770114942528736,39.87648216379784,16.852483754244176,-1.5465761290149713,1951.4725490196079,1024.4313725490197,0.7299866269646191,2.3662080168898094,0.5773828873615179,25.482389366284572,0.5275135800973325,0.9961575033280285,0.02421782984879509,-0.9997067053478309,1.2307922901098836,2.267202233172437,2.511033816361866,0.49924876875811824,1.4516339869281047,0.8155434968092928,1024.4313725490197,1951.4725490196079
1686,158.0,46.384776310850235,0.7273272600504215,0.9461077844311377,17.173795667672973,11.786217900525411,-0.6739626565587922,1950.4177215189873,1370.3987341772151,0.9228179166895828,1.4571082778732092,0.3137092039175037,14.183506197980657,0.7056636118317277,0.9956190513113768,0.7813547640970414,-0.624087119417519,1.1745901709004263,1.6172694566717385,1.8381175944018375,0.6479513518472435,2.2531645569620253,0.7808500440007538,1370.3987341772151,1950.4177215189873
1687,330.0,76.87005768508881,0.907651530280348,0.9565217391304348,32.141934052128114,13.490758871520557,1.4271032007659206,1952.5484848484848,1274.8242424242424,0.701793578344227,2.382514902106865,0.5802754479664756,20.49802550887777,0.6564491464594451,0.9967067303973889,0.14319914717536225,0.989693894215908,1.8748457756545562,2.024694087376484,2.085489703386115,0.5012506566105243,0.7070707070707071,0.7734697501498737,1274.8242424242424,1952.5484848484848
1688,114.0,39.55634918610404,0.7943643515964358,0.9661016949152542,15.748339646831438,9.56619636670515,-0.4763429330900883,1952.3157894736842,1562.482456140351,0.915550515218438,1.6462488373794046,0.3925584168722278,12.047792665040703,0.8045738703091405,0.9965879476639531,0.888677744967756,-0.45853229504477017,0.569235337951123,0.7080711934826797,1.2492296062313917,1.1873964339066767,1.7251461988304093,0.8608938360259867,1562.482456140351,1952.3157894736842
1689,115.0,40.142135623730944,0.5405891037979255,0.9663865546218487,13.663283775391623,11.494739805789374,1.3301654822582039,1953.904347826087,1575.8869565217392,0.896823038993812,1.1886553333299508,0.1587132350649061,12.100518486599809,0.8114762906909059,0.9973988503451183,0.23831534234256813,0.9711878281795672,0.569235337951123,1.2772289093166103,1.2782580115527364,0.9600853296742123,2.6,0.7780668658099622,1575.8869565217392,1953.904347826087
1690,158.0,50.72792206135786,0.8230978743111598,0.9461077844311377,19.555970268629725,11.105826550322563,-1.3271033984015876,1953.860759493671,1837.9493670886077,0.7715655086763609,1.7608748146766016,0.4321004584396547,14.183506197980657,0.9464208893350194,0.9973766000478157,0.24128807900159813,-0.9704535346587793,0.768504589319909,0.8605904915577621,1.9264978964415318,0.8437411197335355,2.2974683544303796,0.8918231552298784,1837.9493670886077,1953.860759493671
1691,197.0,55.55634918610404,0.8678982821677014,0.9656862745098039,22.850750564302654,11.350926553452286,1.5050170028198506,1953.746192893401,1856.1725888324872,0.8020633878974066,2.0131176478586936,0.5032580430340587,15.837556323903858,0.9558046286470068,0.9973181178628897,0.06573189726392928,0.9978373202491898,0.768504589319909,1.2122356846195128,2.5909370610685207,0.6562142907652926,1.7766497461928934,0.8816571954895299,1856.1725888324872,1953.746192893401
1692,66.0,29.89949493661166,0.8005494295492696,0.9705882352941176,12.129589819492105,7.268859598661378,-1.4919364396845975,1955.5454545454545,1758.8484848484848,0.9277396009395519,1.6687060266958342,0.4007332723666873,9.166995688475081,0.905689230097057,0.9982365771033458,0.07877817580270098,-0.9968921702055838,0.8420207403960722,1.8599864114386917,2.118853966644759,0.6222954626301671,6.398989898989899,0.853321228353368,1758.8484848484848,1955.5454545454545
