fixed_cell_id,moving_cell_id,iou,accepted,centroid_error_px,tre_px,moving_valid_area_px,moving_valid_fraction,fixed_valid_area_px,fixed_valid_fraction
23,19,0.4509394572025052,True,11.623165791621677,11.623165791621677,464,0.6695526695526696,231,1.0
9,22,0.9422818791946309,True,0.6974915499299621,0.6974915499299621,734,0.6898496240601504,713,0.7024630541871921
10,23,0.7647058823529411,True,0.7237350861703172,0.7237350861703172,388,0.6178343949044586,302,0.6817155756207675
12,27,0.8430493273542601,True,0.9059560378118836,0.9059560378118836,219,0.5315533980582524,192,0.5318559556786704
13,28,0.8456140350877193,True,0.10343195174312422,0.10343195174312422,285,0.6305309734513275,241,0.6566757493188011
16,29,0.4521072796934866,True,1.189016226077775,1.189016226077775,261,0.7457142857142857,118,0.8489208633093526
14,30,0.8357487922705314,True,1.1894833122603024,1.1894833122603024,194,0.6531986531986532,186,0.6863468634686347
18,31,0.8607954545454546,True,1.0299830267612653,1.0299830267612653,341,0.963276836158192,314,0.9721362229102167
19,32,0.786692759295499,True,1.9432492074089964,1.9432492074089964,448,1.0,465,1.0
22,33,0.5338983050847458,True,3.313031282917643,3.313031282917643,236,1.0,126,1.0
15,34,0.0,False,,,129,1.0,59,0.7375
26,35,0.38495575221238937,True,5.339883729839612,5.339883729839612,434,1.0,192,1.0
21,36,0.0,False,,,91,1.0,103,1.0
56,37,0.0,False,,,189,1.0,161,1.0
24,38,0.44086021505376344,True,8.827418179467434,8.827418179467434,274,1.0,530,1.0
25,39,0.8010204081632653,True,0.42870773111647903,0.42870773111647903,188,1.0,165,1.0
67,40,0.0,False,,,73,1.0,135,1.0
27,41,0.8870967741935484,True,1.045896987715547,1.045896987715547,771,1.0,750,1.0
28,42,0.551094890510949,True,1.961529378154055,1.961529378154055,273,1.0,152,1.0
29,43,0.7894736842105263,True,0.9278514049711958,0.9278514049711958,534,1.0,486,1.0
30,44,0.8767605633802817,True,0.727954916287744,0.727954916287744,562,1.0,504,1.0
31,45,0.7526652452025586,True,2.1782922387139227,2.1782922387139227,405,1.0,417,1.0
32,46,0.751412429378531,True,1.1619172348085816,1.1619172348085816,157,1.0,153,1.0
33,47,0.8625592417061612,True,0.6578189575173536,0.6578189575173536,205,1.0,188,1.0
34,48,0.8828282828282829,True,0.9226613454498738,0.9226613454498738,483,1.0,449,1.0
45,49,0.009523809523809525,False,,,279,1.0,39,1.0
35,50,0.8575096277278562,True,1.1985484263779675,1.1985484263779675,717,1.0,730,1.0
38,51,0.7622377622377622,True,1.7717188255907226,1.7717188255907226,1080,1.0,936,1.0
37,52,0.6761904761904762,True,0.7687082502348702,0.7687082502348702,315,1.0,213,1.0
36,53,0.5959595959595959,True,2.3808152061945265,2.3808152061945265,153,1.0,163,1.0
39,54,0.4925925925925926,True,2.106066049978965,2.106066049978965,270,1.0,133,1.0
40,55,0.7790697674418605,True,1.6391875544638792,1.6391875544638792,329,1.0,283,1.0
41,56,0.4824120603015075,True,5.235540802538616,5.235540802538616,383,1.0,207,1.0
42,57,0.803921568627451,True,1.2952532031473711,1.2952532031473711,236,1.0,224,1.0
50,58,0.810320781032078,True,2.000772060943817,2.000772060943817,695,1.0,603,1.0
43,59,0.9114155251141552,True,0.9877590682395856,0.9877590682395856,1055,1.0,1038,1.0
100,60,0.0,False,,,194,1.0,194,1.0
44,61,0.9323741007194245,True,0.512493890303472,0.512493890303472,676,1.0,667,1.0
52,62,0.5273972602739726,True,1.5054955556904541,1.5054955556904541,438,1.0,231,1.0
46,63,0.8316633266533067,True,1.5419228878099742,1.5419228878099742,464,1.0,450,1.0
49,64,0.6373937677053825,True,1.7583537055047558,1.7583537055047558,353,1.0,225,1.0
47,65,0.9276437847866419,True,0.7098748339227006,0.7098748339227006,525,1.0,514,1.0
48,66,0.8049645390070922,True,1.1629682809784472,1.1629682809784472,256,1.0,253,1.0
53,67,0.7591240875912408,True,0.8650939410632886,0.8650939410632886,548,1.0,416,1.0
51,68,0.6734006734006734,True,2.1467842174718497,2.1467842174718497,231,1.0,266,1.0
55,69,0.5014492753623189,True,4.288757742167432,4.288757742167432,345,1.0,173,1.0
54,70,0.8091451292246521,True,1.9132132108602615,1.9132132108602615,465,1.0,445,1.0
57,71,0.7844827586206896,True,0.9599264169739786,0.9599264169739786,112,1.0,95,1.0
58,73,0.9072978303747534,True,0.8209496045725966,0.8209496045725966,490,1.0,477,1.0
59,74,0.8465608465608465,True,1.2672440029512233,1.2672440029512233,349,1.0,349,1.0
144,75,0.0,False,,,330,1.0,122,1.0
61,76,0.46407185628742514,True,8.863902030996115,8.863902030996115,169,0.9441340782122905,320,0.8142493638676844
63,77,0.49489795918367346,True,0.8486361634381558,0.8486361634381558,392,1.0,194,1.0
196,78,0.0,False,,,113,1.0,63,1.0
64,79,0.7321428571428571,True,1.4369110456195855,1.4369110456195855,152,1.0,139,1.0
62,80,0.8820895522388059,True,1.6273146501075328,1.6273146501075328,647,1.0,614,1.0
65,81,0.7450199203187251,True,1.6392662907960922,1.6392662907960922,237,1.0,201,1.0
66,82,0.8390804597701149,True,1.0460709421523238,1.0460709421523238,425,1.0,375,1.0
76,83,0.3415559772296015,True,3.733510283860066,3.733510283860066,527,1.0,180,1.0
68,84,0.8433420365535248,True,1.4902816472350184,1.4902816472350184,346,1.0,360,1.0
69,85,0.8591269841269841,True,1.2787639019984356,1.2787639019984356,492,1.0,445,1.0
74,86,0.5986159169550173,True,2.8088964825177056,2.8088964825177056,288,1.0,174,1.0
70,87,0.8414376321353065,True,0.8293241468843461,0.8293241468843461,457,1.0,414,1.0
73,88,0.7981651376146789,True,0.6104054271062546,0.6104054271062546,543,1.0,437,1.0
75,89,0.7401960784313726,True,0.980906866457475,0.980906866457475,379,1.0,331,1.0
72,90,0.8371501272264631,True,0.6940042213789229,0.6940042213789229,390,1.0,332,1.0
60,91,0.6077844311377245,True,7.091095716247355,7.091095716247355,448,1.0,626,1.0
71,92,0.8763157894736842,True,0.9649648894373462,0.9649648894373462,374,1.0,339,1.0
77,93,0.7007042253521126,True,1.796648006169734,1.796648006169734,281,1.0,202,1.0
209,94,0.0,False,,,140,0.5857740585774058,246,1.0
78,95,0.7015503875968992,True,1.6612421955218015,1.6612421955218015,254,1.0,185,1.0
79,96,0.8114478114478114,True,1.3526132363440337,1.3526132363440337,291,1.0,247,1.0
80,97,0.8055555555555556,True,0.5719501738616961,0.5719501738616961,288,1.0,232,1.0
81,98,0.8591160220994475,True,1.0612423106410833,1.0612423106410833,349,1.0,324,1.0
83,99,0.874113475177305,True,1.1910455346125077,1.1910455346125077,547,1.0,510,1.0
82,100,0.8033573141486811,True,1.0178216864930274,1.0178216864930274,366,1.0,386,1.0
87,101,0.19375,False,,,160,1.0,31,1.0
217,102,0.0,False,,,249,1.0,211,1.0
84,103,0.8215102974828375,True,1.246828128986341,1.246828128986341,407,1.0,389,1.0
85,104,0.8600682593856656,True,1.027048970392348,1.027048970392348,264,1.0,281,1.0
270,105,0.0,False,,,109,1.0,150,1.0
308,106,0.0,False,,,54,1.0,184,1.0
86,107,0.8054298642533937,True,1.1281941269055873,1.1281941269055873,441,1.0,357,1.0
89,108,0.8914285714285715,True,0.6718203690295845,0.6718203690295845,342,1.0,320,1.0
88,109,0.8848039215686274,True,1.218254289689999,1.218254289689999,778,1.0,760,1.0
90,110,0.9047619047619048,True,0.37796935316166946,0.37796935316166946,485,1.0,515,1.0
91,111,0.738255033557047,True,1.1734381688741244,1.1734381688741244,130,1.0,129,1.0
368,112,0.0,False,,,319,1.0,190,1.0
370,113,0.0,False,,,123,1.0,326,1.0
92,114,0.8418367346938775,True,0.7344008940011625,0.7344008940011625,184,1.0,177,1.0
93,115,0.84251968503937,True,1.3826345577175878,1.3826345577175878,488,1.0,448,1.0
377,116,0.0,False,,,119,1.0,112,1.0
96,117,0.8962655601659751,True,0.7737410101614997,0.7737410101614997,234,1.0,223,1.0
97,118,0.8741721854304636,True,0.8730881900040691,0.8730881900040691,600,1.0,532,1.0
378,119,0.0,False,,,299,1.0,154,1.0
98,120,0.8909657320872274,True,0.5910998959048045,0.5910998959048045,320,1.0,287,1.0
112,121,0.42138364779874216,True,6.652745246117633,6.652745246117633,465,1.0,213,1.0
99,122,0.4823943661971831,True,5.3190754266274265,5.3190754266274265,279,1.0,142,1.0
102,123,0.8968253968253969,True,0.6228603652575433,0.6228603652575433,372,1.0,345,1.0
101,124,0.9278768233387358,True,0.8048532342879208,0.8048532342879208,1231,1.0,1148,1.0
104,125,0.8493827160493828,True,0.9269655198738975,0.9269655198738975,398,1.0,351,1.0
103,126,0.784503631961259,True,1.2095506109893228,1.2095506109893228,399,1.0,338,1.0
106,127,0.8787346221441125,True,1.3530112807619161,1.3530112807619161,548,1.0,521,1.0
105,128,0.6391304347826087,True,4.236417510346519,4.236417510346519,309,1.0,445,1.0
94,129,0.47282608695652173,True,7.046300779860286,7.046300779860286,212,1.0,330,1.0
108,130,0.6072186836518046,True,1.7211587262420305,1.7211587262420305,471,1.0,286,1.0
109,131,0.7677419354838709,True,1.8050634152180818,1.8050634152180818,270,1.0,278,1.0
107,132,0.8261802575107297,True,1.6041305911082864,1.6041305911082864,425,1.0,426,1.0
110,133,0.870020964360587,True,1.158751044739988,1.158751044739988,462,1.0,430,1.0
111,134,0.8851851851851852,True,0.7103554297304154,0.7103554297304154,253,1.0,256,1.0
400,135,0.0,False,,,106,1.0,125,1.0
113,136,0.8381374722838137,True,1.3651723267789906,1.3651723267789906,417,1.0,412,1.0
114,137,0.8255813953488372,True,2.0844621105339045,2.0844621105339045,485,1.0,457,1.0
117,138,0.8771929824561403,True,1.1067193535804354,1.1067193535804354,378,1.0,371,1.0
115,139,0.25287356321839083,False,,,23,1.0,86,1.0
116,140,0.6648936170212766,True,1.5970572003511798,1.5970572003511798,137,1.0,176,1.0
424,141,0.0,False,,,638,1.0,171,1.0
458,142,0.0,False,,,122,1.0,149,1.0
119,143,0.7283236994219653,True,1.207169724164141,1.207169724164141,164,1.0,135,1.0
118,144,0.848297213622291,True,1.3109774521106556,1.3109774521106556,617,1.0,577,1.0
121,145,0.9111111111111111,True,0.7271407671481782,0.7271407671481782,662,1.0,628,1.0
120,146,0.8423236514522822,True,1.2774458754936442,1.2774458754936442,229,1.0,215,1.0
123,147,0.8474178403755869,True,1.4455931027594102,1.4455931027594102,401,1.0,386,1.0
124,148,0.7331838565022422,True,2.7652532792530486,2.7652532792530486,408,1.0,365,1.0
126,149,0.5414847161572053,True,2.662798472427658,2.662798472427658,204,1.0,149,1.0
125,150,0.8557692307692307,True,0.5687987834875492,0.5687987834875492,396,1.0,376,1.0
127,151,0.9100591715976332,True,0.9885284468862484,0.9885284468862484,838,1.0,776,1.0
128,152,0.5575221238938053,True,3.931553366897615,3.931553366897615,440,1.0,264,1.0
129,153,0.7240437158469946,True,1.1109455136193542,1.1109455136193542,364,1.0,267,1.0
131,154,0.9142857142857143,True,0.49530392700279274,0.49530392700279274,437,1.0,434,1.0
132,155,0.6897746967071057,True,4.115709979262436,4.115709979262436,573,1.0,402,1.0
130,156,0.8,True,0.33630937880110706,0.33630937880110706,51,1.0,57,1.0
470,157,0.0,False,,,248,1.0,351,1.0
133,158,0.858433734939759,True,1.3976591674496293,1.3976591674496293,636,1.0,598,1.0
134,159,0.7988338192419825,True,1.3117869371357016,1.3117869371357016,320,1.0,297,1.0
135,160,0.9004329004329005,True,0.8273354426531816,0.8273354426531816,452,1.0,426,1.0
500,161,0.0,False,,,52,1.0,22,1.0
136,162,0.837772397094431,True,1.36812512631619,1.36812512631619,383,1.0,376,1.0
507,163,0.0,False,,,458,1.0,342,1.0
139,164,0.7943037974683544,True,1.4221901159095836,1.4221901159095836,297,1.0,270,1.0
138,165,0.8757396449704142,True,0.9124366691379787,0.9124366691379787,160,1.0,157,1.0
140,166,0.8529411764705882,True,1.009638164272703,1.009638164272703,474,1.0,408,1.0
137,167,0.8075253256150506,True,2.65355824947026,2.65355824947026,673,1.0,576,1.0
143,168,0.8239316239316239,True,1.4900297814399655,1.4900297814399655,555,1.0,512,1.0
141,169,0.8159771754636234,True,2.5068939772963277,2.5068939772963277,681,1.0,592,1.0
142,170,0.84375,True,1.2052869022915733,1.2052869022915733,329,1.0,320,1.0
146,171,0.5303030303030303,True,2.0876066822854806,2.0876066822854806,125,1.0,77,1.0
145,172,0.8333333333333334,True,1.1593185425697934,1.1593185425697934,170,1.0,160,1.0
147,173,0.8113207547169812,True,1.2832728742945638,1.2832728742945638,262,1.0,218,1.0
629,174,0.0,False,,,488,1.0,109,1.0
148,175,0.7796610169491526,True,1.1261650854769045,1.1261650854769045,225,1.0,195,1.0
149,176,0.7903930131004366,True,0.6612976051422617,0.6612976051422617,220,1.0,190,1.0
151,177,0.9027777777777778,True,0.4453437187001808,0.4453437187001808,204,1.0,207,1.0
150,178,0.8886554621848739,True,0.7818404984033948,0.7818404984033948,462,1.0,437,1.0
153,179,0.6428571428571429,True,1.1084826090839166,1.1084826090839166,139,1.0,91,1.0
152,180,0.8769497400346621,True,1.1457726430352757,1.1457726430352757,563,1.0,520,1.0
640,181,0.0,False,,,239,1.0,328,1.0
691,182,0.0,False,,,180,1.0,129,1.0
154,183,0.8726114649681529,True,1.405866997784756,1.405866997784756,601,1.0,575,1.0
155,184,0.788659793814433,True,1.2044791294668273,1.2044791294668273,185,1.0,162,1.0
158,185,0.7157676348547718,True,0.2753184723600589,0.2753184723600589,480,1.0,347,1.0
698,186,0.0,False,,,77,1.0,55,1.0
157,187,0.8973988439306358,True,0.9469650844726722,0.9469650844726722,687,1.0,626,1.0
156,188,0.829004329004329,True,1.4152290343692158,1.4152290343692158,455,1.0,390,1.0
160,189,0.8503086419753086,True,1.4820726902539116,1.4820726902539116,631,1.0,568,1.0
163,190,0.6889763779527559,True,1.0595514656740137,1.0595514656740137,235,1.0,194,1.0
159,191,0.8903394255874674,True,1.0408912941131798,1.0408912941131798,736,1.0,712,1.0
161,192,0.7857142857142857,True,0.9102589878977106,0.9102589878977106,148,1.0,127,1.0
162,193,0.7672955974842768,True,1.01119126468378,1.01119126468378,153,1.0,128,1.0
164,194,0.8454106280193237,True,0.8224796599595426,0.8224796599595426,193,1.0,189,1.0
165,195,0.8815165876777251,True,1.1671283507497325,1.1671283507497325,603,1.0,588,1.0
166,196,0.8690702087286527,True,1.2021948040885921,1.2021948040885921,498,1.0,487,1.0
167,197,0.851782363977486,True,0.7648428287147389,0.7648428287147389,526,1.0,461,1.0
168,198,0.8615819209039548,True,1.1434445962916169,1.1434445962916169,694,1.0,624,1.0
169,199,0.8972972972972973,True,0.8056689497388675,0.8056689497388675,532,1.0,521,1.0
170,200,0.8388059701492537,True,0.9914470590326097,0.9914470590326097,327,1.0,289,1.0
171,201,0.8711484593837535,True,0.6836147900122087,0.6836147900122087,330,1.0,338,1.0
173,202,0.8166189111747851,True,1.284568809013947,1.284568809013947,317,1.0,317,1.0
172,203,0.84992784992785,True,2.0732900259600573,2.0732900259600573,626,1.0,656,1.0
174,204,0.7534246575342466,True,1.5529517056072035,1.5529517056072035,272,1.0,240,1.0
695,205,0.0,False,,,355,1.0,98,1.0
175,206,0.9241071428571429,True,0.931144132176328,0.931144132176328,654,1.0,639,1.0
176,207,0.743421052631579,True,2.681717045320594,2.681717045320594,436,1.0,359,1.0
177,208,0.6159737417943107,True,4.393958147820016,4.393958147820016,597,1.0,880,1.0
178,209,0.8719211822660099,True,1.0361695359185714,1.0361695359185714,394,1.0,366,1.0
179,210,0.891941391941392,True,1.0025325631545607,1.0025325631545607,535,1.0,498,1.0
180,211,0.8613445378151261,True,1.0541392188949306,1.0541392188949306,466,1.0,420,1.0
181,212,0.8455696202531645,True,0.9536620665847868,0.9536620665847868,379,1.0,350,1.0
686,213,0.0,False,,,73,1.0,273,1.0
182,214,0.6593406593406593,True,1.549468722099537,1.549468722099537,76,1.0,75,1.0
188,215,0.7579617834394905,True,1.11105456504766,1.11105456504766,312,1.0,240,1.0
184,216,0.8770491803278688,True,1.171699370526389,1.171699370526389,578,1.0,567,1.0
186,217,0.8007968127490039,True,1.4010365479686513,1.4010365479686513,236,1.0,216,1.0
185,218,0.8202898550724638,True,1.3774666198166448,1.3774666198166448,324,1.0,304,1.0
187,219,0.8822222222222222,True,0.8970747146842771,0.8970747146842771,444,1.0,403,1.0
775,220,0.0,False,,,317,1.0,196,1.0
782,221,0.0,False,,,91,1.0,43,0.5308641975308642
183,222,0.7358490566037735,True,2.242914319950668,2.242914319950668,373,1.0,363,1.0
189,223,0.9192825112107623,True,0.519196829578977,0.519196829578977,435,1.0,421,1.0
190,224,0.8602150537634409,True,1.2430741139972536,1.2430741139972536,442,1.0,423,1.0
191,225,0.8662790697674418,True,0.682150805112794,0.682150805112794,330,1.0,312,1.0
194,226,0.7114285714285714,True,1.884771903326269,1.884771903326269,309,1.0,290,1.0
193,227,0.8181818181818182,True,0.846691138467513,0.846691138467513,191,1.0,169,1.0
192,228,0.8858267716535433,True,0.4587332289802921,0.4587332289802921,489,1.0,469,1.0
195,229,0.8845208845208845,True,1.1268054668570053,1.1268054668570053,382,1.0,385,1.0
787,230,0.0,False,,,122,1.0,413,1.0
197,231,0.8211586901763224,True,1.2868464100231813,1.2868464100231813,363,1.0,360,1.0
198,232,0.8857715430861723,True,0.7365976523501837,0.7365976523501837,489,1.0,452,1.0
201,233,0.5276705276705277,True,6.096362996587633,6.096362996587633,762,1.0,425,1.0
199,234,0.8081180811808119,True,1.9571987399067288,1.9571987399067288,232,1.0,258,1.0
200,235,0.9061135371179039,True,0.9678418142811925,0.9678418142811925,442,1.0,431,1.0
202,236,0.7592592592592593,True,2.6690475517401904,2.6690475517401904,404,1.0,356,1.0
207,237,0.7943262411347518,True,0.9278007642247503,0.9278007642247503,834,1.0,684,1.0
203,238,0.8778337531486146,True,1.1484487152330134,1.1484487152330134,754,1.0,737,1.0
205,239,0.9053191489361702,True,1.3789554098559653,1.3789554098559653,919,1.0,872,1.0
206,240,0.8678414096916299,True,1.0893861233646123,1.0893861233646123,443,1.0,405,1.0
204,241,0.7813504823151125,True,1.4891088077436427,1.4891088077436427,277,1.0,277,1.0
208,242,0.7297297297297297,True,1.9391144342395275,1.9391144342395275,199,1.0,185,1.0
212,243,0.8242574257425742,True,1.4765426534629762,1.4765426534629762,378,1.0,359,1.0
210,244,0.8366718027734977,True,1.2760335193768038,1.2760335193768038,603,1.0,589,1.0
211,245,0.9182389937106918,True,0.8565723427917473,0.8565723427917473,156,1.0,149,1.0
213,246,0.7920792079207921,True,2.3254707043764613,2.3254707043764613,357,1.0,367,1.0
214,247,0.8816326530612245,True,1.1402372731155646,1.1402372731155646,476,1.0,446,1.0
215,248,0.9039301310043668,True,0.9706374332601722,0.9706374332601722,675,1.0,633,1.0
810,249,0.0,False,,,117,1.0,141,1.0
216,250,0.8403990024937655,True,0.5074492162028251,0.5074492162028251,383,1.0,355,1.0
826,251,0.0,False,,,332,1.0,92,1.0
234,252,0.6297093649085038,True,6.034367706809979,6.034367706809979,916,1.0,598,1.0
218,253,0.6366782006920415,True,1.5493175611603125,1.5493175611603125,289,1.0,184,1.0
219,254,0.843103448275862,True,1.2573925934484556,1.2573925934484556,561,1.0,508,1.0
220,255,0.917098445595855,True,0.7526244816750681,0.7526244816750681,769,1.0,711,1.0
222,256,0.8112449799196787,True,0.517645093188117,0.517645093188117,240,1.0,211,1.0
221,257,0.865,True,1.1621568241910427,1.1621568241910427,582,1.0,537,1.0
223,258,0.7528089887640449,True,1.1631301018952473,1.1631301018952473,169,1.0,143,1.0
858,259,0.0,False,,,103,1.0,219,1.0
230,260,0.8023598820058997,True,1.3276887206193293,1.3276887206193293,658,1.0,564,1.0
225,261,0.8568376068376068,True,1.0977777413947976,1.0977777413947976,460,1.0,409,1.0
226,262,0.8086734693877551,True,1.1983636679443521,1.1983636679443521,366,1.0,343,1.0
224,263,0.7967914438502673,True,1.818771032555982,1.818771032555982,509,1.0,499,1.0
227,264,0.8536036036036037,True,1.3373038040844596,1.3373038040844596,434,1.0,389,1.0
228,265,0.8588957055214724,True,1.5200100425059404,1.5200100425059404,632,1.0,580,1.0
229,266,0.8111587982832618,True,1.261570991524029,1.261570991524029,218,1.0,204,1.0
235,267,0.7827225130890052,True,1.1741331092360612,1.1741331092360612,378,1.0,303,1.0
231,268,0.915273132664437,True,0.9933424275297783,0.9933424275297783,885,1.0,833,1.0
233,269,0.8675282714054927,True,1.1011931390231027,1.1011931390231027,573,1.0,583,1.0
232,270,0.8444022770398482,True,1.3479016220376023,1.3479016220376023,508,1.0,464,1.0
239,271,0.754054054054054,True,1.415082091102512,1.415082091102512,366,1.0,283,1.0
237,272,0.9072463768115943,True,0.9554492044861046,0.9554492044861046,1016,1.0,958,1.0
236,273,0.9118825100133512,True,1.0883074412630593,1.0883074412630593,727,1.0,705,1.0
242,274,0.7653631284916201,True,0.9647301319367702,0.9647301319367702,533,1.0,415,1.0
238,276,0.8747099767981439,True,1.1133343290249935,1.1133343290249935,417,1.0,391,1.0
241,277,0.8161764705882353,True,1.6697140835401956,1.6697140835401956,368,1.0,373,1.0
240,278,0.8838862559241706,True,0.585707203724524,0.585707203724524,420,1.0,375,1.0
243,279,0.7582417582417582,True,1.2127038611270384,1.2127038611270384,170,1.0,150,1.0
245,280,0.8371559633027523,True,0.879282894122698,0.879282894122698,415,1.0,386,1.0
244,281,0.8914930555555556,True,1.6097633577992234,1.6097633577992234,1111,1.0,1068,1.0
246,282,0.8622159090909091,True,1.3316898492136344,1.3316898492136344,652,1.0,659,1.0
248,283,0.900497512437811,True,1.108948615837799,1.108948615837799,776,1.0,752,1.0
247,284,0.8148148148148148,True,1.0753470205725877,1.0753470205725877,280,1.0,259,1.0
249,285,0.8407350689127105,True,1.8524065591551662,1.8524065591551662,633,1.0,569,1.0
250,286,0.8306636155606407,True,1.5294250692264069,1.5294250692264069,411,1.0,389,1.0
251,287,0.7294117647058823,True,1.2338016648468975,1.2338016648468975,229,1.0,212,1.0
899,288,0.0,False,,,62,1.0,172,1.0
253,289,0.7486033519553073,True,1.1862267863768015,1.1862267863768015,170,1.0,143,1.0
252,290,0.862533692722372,True,1.1901886011843237,1.1901886011843237,1048,1.0,1025,1.0
254,291,0.9196428571428571,True,0.7354635943558326,0.7354635943558326,774,1.0,731,1.0
255,292,0.8116591928251121,True,0.5446428967294346,0.5446428967294346,223,1.0,181,1.0
257,293,0.9603267211201867,True,0.34862655243350227,0.34862655243350227,844,1.0,836,1.0
932,294,0.0,False,,,244,1.0,103,1.0
256,295,0.8763796909492274,True,1.2021058816217254,1.2021058816217254,439,1.0,411,1.0
258,296,0.8106995884773662,True,0.8714367986030539,0.8714367986030539,243,1.0,197,1.0
259,297,0.8225538971807629,True,1.9671862854038995,1.9671862854038995,593,1.0,506,1.0
260,298,0.6185185185185185,True,4.354086434375694,4.354086434375694,533,1.0,341,1.0
261,299,0.8408195429472025,True,2.0610496888957193,2.0610496888957193,1180,1.0,1156,1.0
262,300,0.841991341991342,True,1.299090200427702,1.299090200427702,430,1.0,421,1.0
947,301,0.0,False,,,402,1.0,225,1.0
263,302,0.45,True,3.8095564797412327,3.8095564797412327,110,1.0,64,1.0
264,303,0.875,True,1.1069647733766923,1.1069647733766923,498,1.0,492,1.0
267,304,0.8380187416331994,True,1.7018500104408871,1.7018500104408871,708,1.0,665,1.0
266,305,0.8860759493670886,True,1.3001679940692454,1.3001679940692454,931,1.0,857,1.0
265,306,0.8819047619047619,True,0.599446099375297,0.599446099375297,511,1.0,477,1.0
268,307,0.8327272727272728,True,0.5131941541874399,0.5131941541874399,256,1.0,248,1.0
957,308,0.0,False,,,121,1.0,167,1.0
269,309,0.7735849056603774,True,1.5865171344438902,1.5865171344438902,357,1.0,301,1.0
272,310,0.5728395061728395,True,0.7183403970905573,0.7183403970905573,405,1.0,232,1.0
273,311,0.41304347826086957,True,1.2775335762999342,1.2775335762999342,92,1.0,38,1.0
271,312,0.903010033444816,True,0.6404747907133896,0.6404747907133896,280,1.0,289,1.0
274,313,0.8623376623376623,True,0.9668187439713007,0.9668187439713007,379,1.0,338,1.0
275,314,0.7958115183246073,True,1.3394058108073434,1.3394058108073434,176,1.0,167,1.0
276,315,0.6597938144329897,True,1.2497864465422552,1.2497864465422552,192,1.0,130,1.0
277,316,0.4383561643835616,True,0.6410361539701301,0.6410361539701301,292,1.0,128,1.0
278,317,0.8584905660377359,True,1.0795702661749498,1.0795702661749498,512,1.0,473,1.0
279,318,0.861904761904762,True,1.2791980723408016,1.2791980723408016,405,1.0,377,1.0
280,319,0.8885672937771346,True,1.1661535081234589,1.1661535081234589,663,1.0,642,1.0
959,320,0.0,False,,,388,1.0,20,1.0
288,321,0.5778894472361809,True,3.1371525603640666,3.1371525603640666,198,1.0,116,1.0
282,322,0.8538732394366197,True,0.9221068209919479,0.9221068209919479,555,1.0,498,1.0
283,323,0.7972972972972973,True,1.2299871790842067,1.2299871790842067,294,1.0,238,1.0
281,324,0.7191780821917808,True,0.7539911077770477,0.7539911077770477,114,1.0,137,1.0
284,325,0.6629213483146067,True,1.03344994425749,1.03344994425749,86,1.0,62,1.0
286,326,0.7364532019704434,True,0.7819371763076458,0.7819371763076458,406,1.0,299,1.0
285,327,0.8802395209580839,True,0.8243372317900758,0.8243372317900758,319,1.0,309,1.0
287,328,0.8885793871866295,True,1.2821944268252043,1.2821944268252043,694,1.0,662,1.0
989,329,0.0,False,,,375,1.0,109,1.0
289,330,0.8116438356164384,True,1.9865050597152627,1.9865050597152627,511,1.0,547,1.0
290,331,0.9308565531475749,True,0.7730670504581113,0.7730670504581113,956,1.0,915,1.0
291,332,0.864693446088795,True,1.224687549633309,1.224687549633309,456,1.0,426,1.0
1033,333,0.0,False,,,361,1.0,147,1.0
292,334,0.8458781362007168,True,0.2947625920137084,0.2947625920137084,275,1.0,240,1.0
293,335,0.5991189427312775,True,2.2781603589436044,2.2781603589436044,209,1.0,154,1.0
296,336,0.7961264016309888,True,3.3507169826749483,3.3507169826749483,971,1.0,791,1.0
294,337,0.8466981132075472,True,0.8268666046844416,0.8268666046844416,381,1.0,402,1.0
1044,338,0.0,False,,,109,1.0,65,1.0
295,339,0.9153952843273232,True,0.9802331390621662,0.9802331390621662,709,1.0,672,1.0
297,340,0.746606334841629,True,1.272936033270878,1.272936033270878,221,1.0,165,1.0
298,341,0.7707182320441989,True,0.6345094967716036,0.6345094967716036,356,1.0,285,1.0
299,342,0.7488584474885844,True,0.42172592668832,0.42172592668832,437,1.0,329,1.0
300,343,0.6711409395973155,True,3.0665712131883893,3.0665712131883893,334,1.0,413,1.0
301,344,0.779126213592233,True,1.1977717552924243,1.1977717552924243,377,1.0,356,1.0
1045,345,0.0,False,,,354,1.0,378,1.0
302,346,0.779874213836478,True,1.1558928568482532,1.1558928568482532,131,1.0,152,1.0
304,347,0.9155920281359906,True,1.0551665528310166,1.0551665528310166,822,1.0,812,1.0
303,348,0.9053254437869822,True,0.8754780808450303,0.8754780808450303,330,1.0,314,1.0
305,349,0.8875219683655536,True,1.119091046790765,1.119091046790765,550,1.0,524,1.0
307,350,0.8,True,1.4686059636841955,1.4686059636841955,298,1.0,278,1.0
311,351,0.6475644699140402,True,5.779446006188604,5.779446006188604,696,1.0,454,1.0
306,352,0.8203592814371258,True,1.217889597108844,1.217889597108844,313,1.0,295,1.0
309,353,0.8835758835758836,True,0.7787633622739132,0.7787633622739132,467,1.0,439,1.0
310,354,0.8944723618090452,True,0.7972925056903366,0.7972925056903366,386,1.0,368,1.0
1054,355,0.0,False,,,193,1.0,131,1.0
312,356,0.8832236842105263,True,1.183982835491358,1.183982835491358,576,1.0,569,1.0
313,357,0.7492063492063492,True,2.508676951278481,2.508676951278481,630,1.0,472,1.0
317,358,0.6334661354581673,True,2.0566123973658503,2.0566123973658503,236,1.0,174,1.0
314,359,0.7932692307692307,True,0.9765567851862624,0.9765567851862624,199,1.0,174,1.0
315,360,0.823327615780446,True,1.274400723950655,1.274400723950655,559,1.0,504,1.0
316,361,0.9104294478527607,True,1.071187156373316,1.071187156373316,796,1.0,761,1.0
321,362,0.8520625889046942,True,0.5437057454674762,0.5437057454674762,685,1.0,617,1.0
1090,363,0.0,False,,,229,1.0,288,1.0
319,364,0.8123620309050773,True,0.154173274984203,0.154173274984203,453,1.0,368,1.0
320,365,0.8426395939086294,True,0.5269764221136686,0.5269764221136686,585,1.0,504,1.0
318,366,0.8470744680851063,True,1.55290671834466,1.55290671834466,706,1.0,683,1.0
322,367,0.8790697674418605,True,1.1557764218294033,1.1557764218294033,620,1.0,592,1.0
323,368,0.8522012578616353,True,1.5333308870197027,1.5333308870197027,619,1.0,559,1.0
324,369,0.9100642398286938,True,1.2614091292259049,1.2614091292259049,908,1.0,876,1.0
325,370,0.8221757322175732,True,0.8636876872410927,0.8636876872410927,471,1.0,400,1.0
326,371,0.8517034068136272,True,1.2286383182517122,1.2286383182517122,487,1.0,437,1.0
327,372,0.8744075829383886,True,1.1353248357498276,1.1353248357498276,414,1.0,377,1.0
328,373,0.9106666666666666,True,0.6710547648170544,0.6710547648170544,723,1.0,710,1.0
329,374,0.8526645768025078,True,1.1220040870739034,1.1220040870739034,302,1.0,289,1.0
331,375,0.7769784172661871,True,1.8926410892975034,1.8926410892975034,400,1.0,341,1.0
330,376,0.8595505617977528,True,0.6247689367936566,0.6247689367936566,534,1.0,459,1.0
332,377,0.8746438746438746,True,0.8353259624380939,0.8353259624380939,347,1.0,311,1.0
333,378,0.7875647668393783,True,0.8088246582649631,0.8088246582649631,187,1.0,158,1.0
335,379,0.8290441176470589,True,2.744213773866794,2.744213773866794,1054,1.0,936,1.0
334,380,0.5491329479768786,True,5.0223774646019,5.0223774646019,692,1.0,380,1.0
337,381,0.8378378378378378,True,1.2812237224108265,1.2812237224108265,399,1.0,417,1.0
344,382,0.4,True,0.8231237257346363,0.8231237257346363,180,1.0,72,1.0
336,383,0.8155339805825242,True,1.5407502376179574,1.5407502376179574,476,1.0,459,1.0
340,384,0.9057714958775029,True,1.1384986892325069,1.1384986892325069,826,1.0,792,1.0
338,385,0.8159203980099502,True,1.399327520926752,1.399327520926752,371,1.0,359,1.0
339,386,0.8251231527093597,True,1.6154074245037853,1.6154074245037853,366,1.0,375,1.0
342,387,0.8981042654028436,True,0.8196919090999814,0.8196919090999814,408,1.0,393,1.0
341,388,0.6080097087378641,True,5.178239754346808,5.178239754346808,503,1.0,822,1.0
343,389,0.8235294117647058,True,1.0514864283732428,1.0514864283732428,349,1.0,333,1.0
345,390,0.6066481994459834,True,2.911758214119284,2.911758214119284,273,1.0,307,1.0
346,391,0.841091492776886,True,1.0650293270149387,1.0650293270149387,560,1.0,587,1.0
347,392,0.9003115264797508,True,0.5049034927377952,0.5049034927377952,314,1.0,296,1.0
1136,393,0.0,False,,,22,1.0,57,1.0
349,394,0.6086956521739131,True,0.605575407538735,0.605575407538735,230,1.0,140,1.0
348,395,0.7785467128027682,True,1.6203824652738996,1.6203824652738996,253,1.0,261,1.0
351,396,0.7596774193548387,True,1.5960864017296534,1.5960864017296534,590,1.0,501,1.0
350,397,0.9135802469135802,True,1.1851382262158128,1.1851382262158128,1030,1.0,985,1.0
352,398,0.6901960784313725,True,1.2099480358787604,1.2099480358787604,254,1.0,177,1.0
353,399,0.8650306748466258,True,0.8851314021196457,0.8851314021196457,323,1.0,285,1.0
354,400,0.2529411764705882,False,,,340,1.0,86,1.0
355,401,0.8725490196078431,True,0.8724907979060919,0.8724907979060919,497,1.0,458,1.0
356,402,0.8181818181818182,True,0.5898362628317045,0.5898362628317045,375,1.0,345,1.0
357,403,0.7214912280701754,True,1.4864162275510746,1.4864162275510746,447,1.0,338,1.0
358,404,0.6926229508196722,True,4.264392534993196,4.264392534993196,403,1.0,423,1.0
1139,405,0.0,False,,,135,1.0,117,1.0
359,406,0.4863636363636364,True,6.782580613583294,6.782580613583294,434,1.0,220,1.0
1142,407,0.0,False,,,96,1.0,175,1.0
360,408,0.7507788161993769,True,1.3883720156701713,1.3883720156701713,307,1.0,255,1.0
361,409,0.782608695652174,True,0.5994588542871858,0.5994588542871858,147,1.0,140,1.0
362,410,0.8586723768736617,True,1.2077942458374555,1.2077942458374555,459,1.0,409,1.0
363,411,0.8412098298676749,True,1.330145669095856,1.330145669095856,509,1.0,465,1.0
364,412,0.842741935483871,True,1.1413036450228364,1.1413036450228364,234,1.0,223,1.0
366,413,0.8695652173913043,True,1.3920937973947818,1.3920937973947818,587,1.0,574,1.0
1151,414,0.0,False,,,79,1.0,104,1.0
365,415,0.7735294117647059,True,1.500561617161649,1.500561617161649,330,1.0,273,1.0
367,416,0.7170542635658915,True,1.3349710025459862,1.3349710025459862,256,1.0,187,1.0
369,417,0.7837837837837838,True,0.8643885669991754,0.8643885669991754,219,1.0,177,1.0
372,418,0.716024340770791,True,3.2440602912669174,3.2440602912669174,474,1.0,372,1.0
371,419,0.7580645161290323,True,2.5002186032509632,2.5002186032509632,725,1.0,583,1.0
373,420,0.7653061224489796,True,0.8172122265546564,0.8172122265546564,182,1.0,164,1.0
374,421,0.8325,True,1.1814108646427384,1.1814108646427384,378,1.0,355,1.0
375,422,0.89375,True,1.1127700894532708,1.1127700894532708,631,1.0,581,1.0
376,423,0.9056261343012704,True,0.5653699749820341,0.5653699749820341,541,1.0,509,1.0
1171,424,0.0,False,,,118,0.5539906103286385,44,1.0
379,425,0.625,True,2.2857759512249154,2.2857759512249154,380,1.0,244,1.0
380,426,0.889795918367347,True,1.397840017108311,1.397840017108311,483,1.0,443,1.0
381,427,0.9106145251396648,True,0.6895314120924059,0.6895314120924059,703,1.0,665,1.0
382,428,0.8672413793103448,True,1.106711679122019,1.106711679122019,554,1.0,529,1.0
1198,429,0.0,False,,,289,1.0,945,1.0
383,430,0.7600896860986547,True,1.1321984125556397,1.1321984125556397,423,1.0,362,1.0
384,431,0.8761061946902655,True,0.9845910532305547,0.9845910532305547,561,1.0,499,1.0
385,432,0.8188105117565698,True,1.2343259178776425,1.2343259178776425,721,1.0,594,1.0
1255,433,0.0,False,,,406,1.0,112,1.0
386,434,0.49162011173184356,True,0.5602731821984426,0.5602731821984426,179,1.0,88,1.0
1273,435,0.0,False,,,169,1.0,116,1.0
387,436,0.8916256157635468,True,0.9164840733903235,0.9164840733903235,581,1.0,571,1.0
389,437,0.5934065934065934,True,4.332872906842167,4.332872906842167,526,1.0,344,1.0
388,438,0.8877005347593583,True,0.6412374850817454,0.6412374850817454,176,1.0,177,1.0
390,439,0.7705696202531646,True,1.592246513517049,1.592246513517049,591,1.0,528,1.0
392,440,0.6174863387978142,True,1.6548640826223353,1.6548640826223353,150,1.0,146,1.0
393,441,0.5978260869565217,True,2.3225508313408727,2.3225508313408727,120,1.0,174,1.0
391,442,0.8240740740740741,True,1.1458413659130187,1.1458413659130187,206,1.0,188,1.0
1306,443,0.0,False,,,171,1.0,55,1.0
394,444,0.9012517385257302,True,1.0859540181679095,1.0859540181679095,688,1.0,679,1.0
1317,445,0.0,False,,,146,1.0,266,1.0
395,446,0.9270557029177718,True,1.1213253701888015,1.1213253701888015,1496,1.0,1410,1.0
396,447,0.8709219858156029,True,1.2353555975451276,1.2353555975451276,696,1.0,623,1.0
397,448,0.7710280373831776,True,1.5031647530067829,1.5031647530067829,170,1.0,209,1.0
398,449,0.8585365853658536,True,1.8681527481191484,1.8681527481191484,594,1.0,549,1.0
399,450,0.5799373040752351,True,4.599682479356374,4.599682479356374,293,1.0,211,1.0
1320,451,0.0,False,,,195,1.0,130,1.0
402,452,0.9051546391752577,True,0.9913912614727725,0.9913912614727725,474,1.0,450,1.0
401,453,0.8163771712158809,True,1.5334854068371304,1.5334854068371304,346,1.0,386,1.0
403,454,0.7628865979381443,True,1.9656010222579845,1.9656010222579845,269,1.0,244,1.0
404,455,0.83991683991684,True,0.8662817604121751,0.8662817604121751,446,1.0,439,1.0
405,456,0.7913043478260869,True,1.1643817252562787,1.1643817252562787,316,1.0,302,1.0
406,457,0.8099415204678363,True,1.189309566081298,1.189309566081298,322,1.0,297,1.0
407,458,0.8132118451025057,True,1.4996594926869233,1.4996594926869233,365,1.0,431,1.0
409,459,0.6521739130434783,True,2.8301203897245624,2.8301203897245624,242,1.0,252,1.0
408,460,0.8628841607565012,True,0.9105130307485066,0.9105130307485066,383,1.0,405,1.0
410,461,0.819078947368421,True,0.446451587988553,0.446451587988553,273,1.0,280,1.0
411,462,0.7766666666666666,True,1.4105361122246258,1.4105361122246258,591,1.0,475,1.0
414,463,0.8265107212475633,True,1.6105286544840973,1.6105286544840973,508,1.0,429,1.0
413,464,0.8828828828828829,True,0.9960507092897006,0.9960507092897006,546,1.0,499,1.0
412,465,0.8307426597582038,True,1.2288722864958557,1.2288722864958557,543,1.0,517,1.0
415,466,0.7529880478087649,True,1.2252615346645845,1.2252615346645845,232,1.0,208,1.0
417,467,0.7682584269662921,True,2.287849583450002,2.287849583450002,658,1.0,601,1.0
416,468,0.43612334801762115,True,6.2581326164448114,6.2581326164448114,436,1.0,216,1.0
418,469,0.8908296943231441,True,1.0370405517172856,1.0370405517172856,885,1.0,847,1.0
419,470,0.8247422680412371,True,0.6062967480274607,0.6062967480274607,166,1.0,188,1.0
420,471,0.7972027972027972,True,1.7097017080028385,1.7097017080028385,255,1.0,259,1.0
421,472,0.8492871690427699,True,1.8928293878642088,1.8928293878642088,462,1.0,446,1.0
422,473,0.5977337110481586,True,2.277464592969591,2.277464592969591,211,1.0,353,1.0
423,474,0.8034934497816594,True,1.4926125757741562,1.4926125757741562,433,1.0,393,1.0
425,475,0.8138385502471169,True,1.5144984027749857,1.5144984027749857,539,1.0,562,1.0
426,476,0.8963486454652533,True,0.7666566006318138,0.7666566006318138,834,1.0,776,1.0
427,477,0.7186147186147186,True,1.3354553908730298,1.3354553908730298,228,1.0,169,1.0
428,478,0.8307692307692308,True,1.560842327507714,1.560842327507714,503,1.0,449,1.0
429,479,0.5882352941176471,True,0.9850775524262133,0.9850775524262133,39,1.0,42,1.0
430,480,0.9050387596899225,True,0.9259079129684031,0.9259079129684031,496,1.0,487,1.0
431,481,0.8700361010830325,True,1.0107204403401995,1.0107204403401995,263,1.0,255,1.0
432,482,0.8847457627118644,True,1.6086660792546763,1.6086660792546763,565,1.0,547,1.0
434,483,0.813915857605178,True,1.2012041447674198,1.2012041447674198,574,1.0,547,1.0
433,484,0.8394276629570747,True,1.6477069881306994,1.6477069881306994,578,1.0,579,1.0
435,485,0.8821548821548821,True,0.9092846798375456,0.9092846798375456,569,1.0,549,1.0
436,486,0.8943089430894309,True,1.059052382017089,1.059052382017089,353,1.0,346,1.0
437,489,0.9130434782608695,True,0.8817491079585359,0.8817491079585359,504,1.0,464,1.0
438,490,0.803921568627451,True,0.8099775572780862,0.8099775572780862,179,1.0,189,1.0
439,491,0.9177897574123989,True,0.6732334510407404,0.6732334510407404,732,1.0,691,1.0
441,492,0.8394886363636364,True,0.8700473702901039,0.8700473702901039,703,1.0,592,1.0
442,493,0.85995085995086,True,1.0769600552485514,1.0769600552485514,782,1.0,732,1.0
440,494,0.9154704944178629,True,1.1122076121846989,1.1122076121846989,599,1.0,602,1.0
443,495,0.7791164658634538,True,2.0980557228886925,2.0980557228886925,491,1.0,395,1.0
452,496,0.06435643564356436,False,,,399,1.0,31,1.0
444,497,0.796,True,1.1019161790463636,1.1019161790463636,480,1.0,418,1.0
446,498,0.7965367965367965,True,1.2343591018907494,1.2343591018907494,199,1.0,216,1.0
447,499,0.7313019390581718,True,1.9480186755360733,1.9480186755360733,358,1.0,267,1.0
445,500,0.7443946188340808,True,2.30707153437645,2.30707153437645,368,1.0,410,1.0
448,501,0.8424908424908425,True,0.985653723911347,0.985653723911347,265,1.0,238,1.0
449,502,0.7087378640776699,True,1.0918407572668702,1.0918407572668702,294,1.0,234,1.0
450,503,0.8732057416267942,True,1.2798975515109174,1.2798975515109174,400,1.0,383,1.0
451,504,0.7883597883597884,True,0.5608837289786098,0.5608837289786098,298,1.0,378,1.0
454,506,0.6153846153846154,True,2.616285152510684,2.616285152510684,238,1.0,182,1.0
455,507,0.8482758620689655,True,1.184244889681613,1.184244889681613,725,1.0,615,1.0
456,508,0.8022508038585209,True,1.2518706347573787,1.2518706347573787,568,1.0,553,1.0
457,509,0.6003568242640499,True,7.323916777345511,7.323916777345511,1109,1.0,685,1.0
460,510,0.7071917808219178,True,2.024244435964586,2.024244435964586,584,1.0,413,1.0
459,511,0.9107438016528926,True,1.055271638732877,1.055271638732877,592,1.0,564,1.0
462,512,0.8366834170854272,True,1.2356793308404272,1.2356793308404272,350,1.0,381,1.0
461,513,0.8369565217391305,True,0.6387791464577782,0.6387791464577782,241,1.0,266,1.0
465,514,0.8501577287066246,True,1.0551185894798953,1.0551185894798953,612,1.0,561,1.0
464,515,0.9425028184892897,True,0.7280858131770048,0.7280858131770048,881,1.0,842,1.0
466,516,0.8564036222509702,True,1.3438068747284524,1.3438068747284524,749,1.0,686,1.0
468,517,0.8093883357041252,True,1.2258054056213779,1.2258054056213779,702,1.0,570,1.0
467,518,0.8475336322869955,True,0.8557428188624195,0.8557428188624195,213,1.0,199,1.0
463,519,0.3388888888888889,True,2.521375029433578,2.521375029433578,61,1.0,180,1.0
469,520,0.8877005347593583,True,0.8692282309145374,0.8692282309145374,544,1.0,515,1.0
484,521,0.18497757847533633,False,,,866,1.0,191,1.0
471,523,0.89067055393586,True,0.5821685133187069,0.5821685133187069,684,1.0,613,1.0
472,524,0.8809106830122592,True,1.192810413498202,1.192810413498202,553,1.0,521,1.0
473,526,0.7058823529411765,True,0.6428268245051804,0.6428268245051804,271,1.0,193,1.0
475,527,0.839541547277937,True,0.7736433501061218,0.7736433501061218,349,1.0,293,1.0
476,528,0.808,True,2.506932142853544,2.506932142853544,740,1.0,616,1.0
474,529,0.9117647058823529,True,0.8623094151605873,0.8623094151605873,395,1.0,385,1.0
479,530,0.8371335504885994,True,1.5792156091404879,1.5792156091404879,600,1.0,528,1.0
480,531,0.8418491484184915,True,0.8333700403413196,0.8333700403413196,393,1.0,364,1.0
477,532,0.6939890710382514,True,2.040927102060539,2.040927102060539,254,1.0,366,1.0
478,533,0.8614800759013282,True,1.6433621850092242,1.6433621850092242,494,1.0,487,1.0
481,534,0.8078703703703703,True,0.7103117169598793,0.7103117169598793,432,1.0,349,1.0
482,535,0.8906605922551253,True,1.0330286304513676,1.0330286304513676,418,1.0,412,1.0
483,536,0.7132616487455197,True,1.7349608910117154,1.7349608910117154,249,1.0,229,1.0
486,537,0.8545454545454545,True,1.2978211763884007,1.2978211763884007,619,1.0,605,1.0
485,538,0.8758815232722144,True,1.4900773572927994,1.4900773572927994,647,1.0,683,1.0
487,539,0.896774193548387,True,0.8746167100234867,0.8746167100234867,759,1.0,711,1.0
488,540,0.841248303934871,True,2.233520739863151,2.233520739863151,663,1.0,694,1.0
489,541,0.7971014492753623,True,1.1753353100467168,1.1753353100467168,207,1.0,165,1.0
491,542,0.8920454545454546,True,0.7774264691168453,0.7774264691168453,514,1.0,485,1.0
490,543,0.8707070707070707,True,1.1793213441340984,1.1793213441340984,474,1.0,452,1.0
495,544,0.4660574412532637,True,8.53297108024907,8.53297108024907,445,1.0,678,1.0
492,545,0.9429400386847195,True,0.29246754386255447,0.29246754386255447,1015,1.0,994,1.0
494,546,0.865234375,True,1.1410085506492098,1.1410085506492098,482,1.0,473,1.0
493,548,0.75,True,1.227994349347056,1.227994349347056,280,1.0,329,1.0
496,549,0.7870090634441088,True,2.3620305874061445,2.3620305874061445,595,1.0,588,1.0
497,550,0.789587852494577,True,1.4479717271114656,1.4479717271114656,461,1.0,364,1.0
499,551,0.796969696969697,True,1.3268178061535596,1.3268178061535596,314,1.0,279,1.0
498,552,0.8738379814077025,True,1.190783644713131,1.190783644713131,703,1.0,708,1.0
501,553,0.7198067632850241,True,1.4015391528714516,1.4015391528714516,192,1.0,164,1.0
502,554,0.8993157380254154,True,1.1330828818550873,1.1330828818550873,986,1.0,957,1.0
505,555,0.7682403433476395,True,0.9760435392243285,0.9760435392243285,228,1.0,184,1.0
503,556,0.9152249134948097,True,0.21401419427849924,0.21401419427849924,552,1.0,555,1.0
504,557,0.9293478260869565,True,0.6982174258728779,0.6982174258728779,361,1.0,349,1.0
506,559,0.8605577689243028,True,1.127226616504996,1.127226616504996,475,1.0,459,1.0
508,560,0.8856304985337243,True,0.9448528145583881,0.9448528145583881,327,1.0,316,1.0
509,561,0.6525974025974026,True,1.8726320893300565,1.8726320893300565,207,1.0,302,1.0
510,562,0.8674351585014409,True,1.07655189531515,1.07655189531515,667,1.0,629,1.0
511,563,0.8622448979591837,True,1.51699863364319,1.51699863364319,384,1.0,346,1.0
512,565,0.7407407407407407,True,1.4936070810922857,1.4936070810922857,456,1.0,531,1.0
513,566,0.8459915611814346,True,0.4011631611443783,0.4011631611443783,456,1.0,419,1.0
514,567,0.9105691056910569,True,0.7834365403323085,0.7834365403323085,365,1.0,340,1.0
515,568,0.7878787878787878,True,1.30730991601309,1.30730991601309,145,1.0,150,1.0
517,569,0.9205526770293609,True,0.9224048013809307,0.9224048013809307,570,1.0,542,1.0
516,570,0.8840125391849529,True,1.7653286398942654,1.7653286398942654,619,1.0,583,1.0
518,571,0.7035573122529645,True,1.7683634192952866,1.7683634192952866,249,1.0,182,1.0
519,572,0.8817330210772834,True,0.7191377417204934,0.7191377417204934,841,1.0,766,1.0
520,573,0.866822429906542,True,1.2521767159802188,1.2521767159802188,813,1.0,785,1.0
521,576,0.6086956521739131,True,0.16156699720454545,0.16156699720454545,112,1.0,184,1.0
522,577,0.7979094076655052,True,0.6327332318441066,0.6327332318441066,282,1.0,234,1.0
523,578,0.8164251207729468,True,1.3244871128367777,1.3244871128367777,191,1.0,185,1.0
524,579,0.7635658914728682,True,1.2947043940614809,1.2947043940614809,255,1.0,200,1.0
525,580,0.7240566037735849,True,2.208360117234884,2.208360117234884,321,1.0,410,1.0
526,581,0.8943298969072165,True,0.752868417878251,0.752868417878251,361,1.0,374,1.0
529,582,0.8,True,0.9825177435626075,0.9825177435626075,260,1.0,217,1.0
527,583,0.8297101449275363,True,1.392334707121138,1.392334707121138,497,1.0,513,1.0
528,584,0.9008264462809917,True,1.1154140401403994,1.1154140401403994,705,1.0,675,1.0
530,585,0.7829457364341085,True,1.086789893313032,1.086789893313032,362,1.0,328,1.0
531,586,0.9103260869565217,True,1.161067702073808,1.161067702073808,710,1.0,696,1.0
533,587,0.897196261682243,True,0.9556433134367299,0.9556433134367299,746,1.0,675,1.0
532,588,0.8955026455026455,True,0.9791231742721339,0.9791231742721339,715,1.0,718,1.0
534,589,0.8551532033426184,True,0.9409836102177157,0.9409836102177157,338,1.0,328,1.0
535,590,0.838,True,1.8646380587003648,1.8646380587003648,486,1.0,433,1.0
536,591,0.8670634920634921,True,1.1274665750691553,1.1274665750691553,478,1.0,463,1.0
537,592,0.8906882591093117,True,0.4474135671589142,0.4474135671589142,482,1.0,452,1.0
542,593,0.7928286852589641,True,1.3284322348272566,1.3284322348272566,497,1.0,403,1.0
538,594,0.8122866894197952,True,1.442451919985671,1.442451919985671,251,1.0,280,1.0
543,596,0.5371900826446281,True,4.926460503470765,4.926460503470765,584,1.0,346,1.0
540,597,0.8654822335025381,True,0.9465313339402396,0.9465313339402396,386,1.0,349,1.0
541,598,0.8150470219435737,True,0.9162533611676423,0.9162533611676423,291,1.0,288,1.0
544,599,0.8878923766816144,True,1.0370044378022527,1.0370044378022527,863,1.0,821,1.0
545,600,0.7708333333333334,True,1.4125877525323929,1.4125877525323929,431,1.0,334,1.0
546,601,0.7674418604651163,True,2.236994957407011,2.236994957407011,432,1.0,404,1.0
549,602,0.7938388625592417,True,1.488988076691061,1.488988076691061,389,1.0,368,1.0
547,603,0.8604240282685512,True,1.426833187103627,1.426833187103627,550,1.0,503,1.0
548,604,0.8181818181818182,True,0.9022654909343392,0.9022654909343392,229,1.0,191,1.0
550,605,0.8894681960375391,True,0.9441472159799634,0.9441472159799634,929,1.0,883,1.0
551,606,0.8568376068376068,True,1.1961398858446246,1.1961398858446246,419,1.0,450,1.0
539,608,0.5571847507331378,True,8.27961114818268,8.27961114818268,410,1.0,652,1.0
553,609,0.8,True,0.9965268667114947,0.9965268667114947,271,1.0,296,1.0
555,610,0.8726993865030674,True,0.6840611831838356,0.6840611831838356,645,1.0,576,1.0
554,611,0.7272727272727273,True,0.9878652873920493,0.9878652873920493,181,1.0,218,1.0
558,612,0.7398373983739838,True,2.455500160001984,2.455500160001984,350,1.0,292,1.0
556,613,0.7526881720430108,True,2.1645771349332947,2.1645771349332947,383,1.0,432,1.0
559,614,0.8547008547008547,True,0.5743166057414446,0.5743166057414446,419,1.0,449,1.0
557,615,0.26282051282051283,False,,,54,1.0,143,1.0
560,616,0.768172888015717,True,2.381275697911401,2.381275697911401,484,1.0,416,1.0
561,617,0.8757396449704142,True,0.9764608445021714,0.9764608445021714,334,1.0,300,1.0
563,618,0.8728813559322034,True,0.8211452457423181,0.8211452457423181,577,1.0,528,1.0
562,619,0.869928400954654,True,1.2443762934239628,1.2443762934239628,821,1.0,746,1.0
564,620,0.6721311475409836,True,1.131673866839362,1.131673866839362,130,1.0,176,1.0
565,621,0.8433098591549296,True,1.305568538197152,1.305568538197152,512,1.0,535,1.0
552,623,0.4966442953020134,True,10.559522543199693,10.559522543199693,475,1.0,640,1.0
568,624,0.8561643835616438,True,1.8048747402474559,1.8048747402474559,850,1.0,776,1.0
566,625,0.9044811320754716,True,0.8811623961179574,0.8811623961179574,812,1.0,803,1.0
570,626,0.8185840707964602,True,1.057899804625558,1.057899804625558,221,1.0,190,1.0
569,627,0.8775933609958506,True,0.9308760195987474,0.9308760195987474,463,1.0,442,1.0
572,628,0.9038461538461539,True,0.4152174062085335,0.4152174062085335,1381,1.0,1292,1.0
571,629,0.7692307692307693,True,1.5053219347431996,1.5053219347431996,328,1.0,339,1.0
573,630,0.9035532994923858,True,0.8261760937950606,0.8261760937950606,752,1.0,748,1.0
578,631,0.7198443579766537,True,1.2833726812200383,1.2833726812200383,241,1.0,201,1.0
575,632,0.8679611650485437,True,1.1288249784691329,1.1288249784691329,497,1.0,465,1.0
576,633,0.816711590296496,True,1.4552840285955895,1.4552840285955895,355,1.0,319,1.0
577,634,0.8019559902200489,True,1.2810293989140593,1.2810293989140593,381,1.0,356,1.0
574,635,0.9022900763358779,True,1.2729824433967845,1.2729824433967845,634,1.0,612,1.0
579,636,0.8056265984654731,True,1.925609684794222,1.925609684794222,642,1.0,770,1.0
582,637,0.782608695652174,True,0.9635580080118301,0.9635580080118301,240,1.0,211,1.0
580,638,0.8316008316008316,True,1.1981305998902883,1.1981305998902883,453,1.0,428,1.0
581,639,0.8378766140602583,True,1.3125242310342777,1.3125242310342777,646,1.0,635,1.0
583,640,0.8060747663551402,True,0.9565167584510198,0.9565167584510198,420,1.0,353,1.0
584,641,0.7867435158501441,True,1.652879181841048,1.652879181841048,339,1.0,281,1.0
585,642,0.926829268292683,True,0.5527087087253825,0.5527087087253825,860,1.0,799,1.0
586,643,0.842443729903537,True,1.18182814014127,1.18182814014127,288,1.0,285,1.0
587,644,0.8417849898580122,True,1.064848876655689,1.064848876655689,489,1.0,419,1.0
589,646,0.7890410958904109,True,1.3022341849965806,1.3022341849965806,355,1.0,298,1.0
588,647,0.8824503311258278,True,1.418020471387157,1.418020471387157,586,1.0,551,1.0
590,648,0.536723163841808,True,7.6768385907970424,7.6768385907970424,510,1.0,850,1.0
567,649,0.5457809694793537,True,8.168039108644617,8.168039108644617,357,1.0,504,1.0
591,650,0.8862745098039215,True,0.7301493146007574,0.7301493146007574,486,1.0,476,1.0
592,651,0.9262899262899262,True,0.7712850440049592,0.7712850440049592,802,1.0,766,1.0
597,652,0.6368159203980099,True,2.27111387065305,2.27111387065305,190,1.0,139,1.0
593,653,0.8913043478260869,True,0.35966073084805766,0.35966073084805766,359,1.0,337,1.0
594,654,0.83008356545961,True,1.07809057486632,1.07809057486632,338,1.0,319,1.0
596,655,0.8827433628318584,True,1.2756792059913162,1.2756792059913162,443,1.0,408,1.0
598,656,0.8888888888888888,True,0.8603963590849856,0.8603963590849856,733,1.0,729,1.0
595,657,0.895330112721417,True,1.1219947256476244,1.1219947256476244,611,1.0,566,1.0
599,658,0.8682042833607908,True,1.6175668634793663,1.6175668634793663,555,1.0,579,1.0
601,659,0.8958333333333334,True,1.1286930642351949,1.1286930642351949,790,1.0,757,1.0
602,660,0.7686274509803922,True,1.3184170815901075,1.3184170815901075,247,1.0,204,1.0
604,661,0.8887147335423198,True,1.5439689339601852,1.5439689339601852,622,1.0,583,1.0
600,662,0.7329192546583851,True,1.6988098502830915,1.6988098502830915,276,1.0,282,1.0
605,664,0.8051575931232091,True,1.1344804774277384,1.1344804774277384,316,1.0,314,1.0
603,665,0.6993103448275862,True,2.6598283166789236,2.6598283166789236,521,1.0,711,1.0
606,666,0.8702460850111857,True,1.4783818323932765,1.4783818323932765,432,1.0,404,1.0
607,668,0.8105263157894737,True,2.112275677426481,2.112275677426481,509,1.0,523,1.0
609,669,0.6963696369636964,True,2.58484996873518,2.58484996873518,279,1.0,235,1.0
610,670,0.9171974522292994,True,6.034644035085233,6.034644035085233,144,0.6457399103139013,157,0.6977777777777778
611,671,0.8308668076109936,True,1.6817835212969625,1.6817835212969625,469,1.0,397,1.0
608,672,0.7767695099818511,True,1.7689817795932838,1.7689817795932838,470,1.0,509,1.0
612,673,0.9068627450980392,True,0.5690166323749113,0.5690166323749113,603,1.0,564,1.0
613,674,0.6636085626911316,True,2.4435979888376442,2.4435979888376442,242,1.0,302,1.0
614,675,0.7872340425531915,True,0.5819442272624078,0.5819442272624078,178,1.0,158,1.0
615,676,0.7989556135770235,True,1.1962950073695746,1.1962950073695746,766,1.0,612,1.0
616,677,0.9037267080745341,True,1.1749408393167378,1.1749408393167378,955,1.0,884,1.0
617,678,0.8872104733131924,True,0.39605136330723245,0.39605136330723245,993,1.0,881,1.0
619,679,0.8891891891891892,True,1.132143110274409,1.132143110274409,355,1.0,344,1.0
618,680,0.8115631691648822,True,1.0631316640287984,1.0631316640287984,384,1.0,462,1.0
620,681,0.8733108108108109,True,0.6961111639517805,0.6961111639517805,567,1.0,542,1.0
621,682,0.8512396694214877,True,1.3640782730993273,1.3640782730993273,338,1.0,334,1.0
622,683,0.8968609865470852,True,1.2226759427751295,1.2226759427751295,426,1.0,420,1.0
623,684,0.8205128205128205,True,1.6706803282326685,1.6706803282326685,497,1.0,426,1.0
624,685,0.8986866791744841,True,1.391096244316228,1.391096244316228,512,1.0,500,1.0
625,686,0.845724907063197,True,0.8859218407235463,0.8859218407235463,532,1.0,461,1.0
626,687,0.7886977886977887,True,1.9803369969777391,1.9803369969777391,360,1.0,368,1.0
628,689,0.8989751098096632,True,1.081959119721004,1.081959119721004,667,1.0,630,1.0
627,690,0.8343108504398827,True,1.3554309606907635,1.3554309606907635,617,1.0,634,1.0
630,691,0.5770491803278689,True,3.5834588510275287,3.5834588510275287,299,1.0,182,1.0
632,692,0.897196261682243,True,1.0159427206601808,1.0159427206601808,623,1.0,595,1.0
636,693,0.18072289156626506,False,,,166,1.0,30,1.0
633,694,0.765,True,1.2929651399178628,1.2929651399178628,168,1.0,185,1.0
634,695,0.7958333333333333,True,1.484474923706755,1.484474923706755,433,1.0,429,1.0
635,696,0.6727272727272727,True,2.7117282574990225,2.7117282574990225,390,1.0,438,1.0
637,697,0.907624633431085,True,1.0772163627242126,1.0772163627242126,672,1.0,629,1.0
631,699,0.8270676691729323,True,1.9108973876358541,1.9108973876358541,954,1.0,990,1.0
638,700,0.8429003021148036,True,0.8125370871428353,0.8125370871428353,319,1.0,291,1.0
639,701,0.871939736346516,True,1.101221880546289,1.101221880546289,499,1.0,495,1.0
658,702,0.5512249443207127,True,8.067506149383936,8.067506149383936,882,1.0,511,1.0
641,703,0.8575233022636485,True,1.4231659488126556,1.4231659488126556,710,1.0,685,1.0
642,704,0.8440366972477065,True,1.0772635488494364,1.0772635488494364,301,1.0,302,1.0
643,705,0.8734693877551021,True,0.25854110056714735,0.25854110056714735,221,1.0,238,1.0
645,707,0.4816955684007707,True,10.655533091445353,10.655533091445353,343,1.0,426,1.0
646,708,0.9077757685352622,True,1.1424105974850938,1.1424105974850938,544,1.0,511,1.0
644,709,0.7786407766990291,True,1.4320638611358172,1.4320638611358172,418,1.0,498,1.0
647,710,0.9012925969447708,True,0.9469124765464747,0.9469124765464747,785,1.0,833,1.0
648,711,0.8977272727272727,True,1.0125344588242478,1.0125344588242478,680,1.0,656,1.0
650,712,0.8544698544698545,True,1.1392859985442594,1.1392859985442594,440,1.0,452,1.0
649,713,0.8732276897414513,True,1.0874394639097646,1.0874394639097646,1092,1.0,1154,1.0
652,714,0.4329896907216495,True,5.681712025354756,5.681712025354756,180,1.0,98,1.0
651,715,0.6176470588235294,True,0.8001104203040792,0.8001104203040792,65,1.0,100,1.0
654,716,0.7714285714285715,True,1.8814608386149962,1.8814608386149962,204,1.0,168,1.0
657,717,0.8575949367088608,True,1.5046263825826,1.5046263825826,609,1.0,565,1.0
653,718,0.9191729323308271,True,0.672309772787526,0.672309772787526,515,1.0,506,1.0
656,720,0.8757763975155279,True,0.7580426258785297,0.7580426258785297,480,1.0,426,1.0
659,722,0.8194029850746268,True,1.6416557356209258,1.6416557356209258,651,0.9863636363636363,568,0.993006993006993
660,723,0.8805031446540881,True,0.6850074385933563,0.6850074385933563,633,1.0,563,1.0
661,724,0.8594594594594595,True,0.5730982232626596,0.5730982232626596,185,1.0,159,1.0
662,725,0.7777777777777778,True,0.07340776747363795,0.07340776747363795,326,1.0,362,1.0
663,726,0.8092105263157895,True,0.4119158733524604,0.4119158733524604,141,1.0,134,1.0
664,727,0.8687782805429864,True,1.408703747724661,1.408703747724661,435,1.0,391,1.0
665,728,0.9273301737756714,True,1.1074748739952582,1.1074748739952582,620,1.0,600,1.0
666,729,0.8040201005025126,True,1.7655712987156136,1.7655712987156136,387,1.0,331,1.0
668,730,0.804093567251462,True,1.684383399426641,1.684383399426641,328,1.0,289,1.0
669,731,0.8606870229007634,True,1.2002739813260899,1.2002739813260899,494,1.0,481,1.0
655,732,0.4993726474278545,True,8.620735402664753,8.620735402664753,413,1.0,782,1.0
670,733,0.8353658536585366,True,1.0636738150932137,1.0636738150932137,157,1.0,144,1.0
667,734,0.7583025830258303,True,1.4362059827914262,1.4362059827914262,441,1.0,512,1.0
671,736,0.8508474576271187,True,0.5979350254293604,0.5979350254293604,279,1.0,267,1.0
672,737,0.8642659279778393,True,0.7265704279651598,0.7265704279651598,349,1.0,324,1.0
676,738,0.8768,True,1.263632849849938,1.263632849849938,600,1.0,573,1.0
677,739,0.8456375838926175,True,1.2949252657479366,1.2949252657479366,290,1.0,260,1.0
674,740,0.85995085995086,True,1.3372556652048313,1.3372556652048313,397,1.0,360,1.0
673,741,0.9257221458046767,True,1.1180574447732161,1.1180574447732161,704,1.0,696,1.0
679,742,0.9022556390977443,True,0.5397779997651403,0.5397779997651403,498,1.0,514,1.0
675,743,0.9298892988929889,True,0.5616758684684838,0.5616758684684838,265,1.0,258,1.0
680,744,0.6892655367231638,True,1.6472863832823723,1.6472863832823723,164,1.0,135,1.0
678,745,0.8843683083511777,True,1.2907969502862038,1.2907969502862038,433,1.0,447,1.0
682,746,0.8878504672897196,True,1.3152950509580281,1.3152950509580281,314,1.0,292,1.0
681,747,0.855,True,0.8543095783324008,0.8543095783324008,369,1.0,373,1.0
683,748,0.4941860465116279,True,7.2926963070135,7.2926963070135,344,1.0,684,1.0
685,749,0.9459459459459459,True,3.0378057677278325,3.0378057677278325,71,0.5107913669064749,73,0.5748031496062992
684,750,0.6479400749063671,True,1.6823000569229072,1.6823000569229072,226,1.0,214,1.0
687,752,0.8880994671403197,True,0.5561800186470528,0.5561800186470528,543,1.0,520,1.0
699,753,0.2769607843137255,False,,,408,1.0,113,1.0
688,754,0.884090909090909,True,0.866983157827879,0.866983157827879,419,1.0,410,1.0
689,755,0.8967921896792189,True,1.0338966817364985,1.0338966817364985,694,1.0,666,1.0
707,757,0.42786069651741293,True,7.923061209829836,7.923061209829836,396,1.0,178,1.0
690,758,0.8541996830427893,True,1.316565931523474,1.316565931523474,588,1.0,582,1.0
692,759,0.9058341862845445,True,1.020580148951749,1.020580148951749,961,1.0,901,1.0
694,760,0.9248434237995825,True,0.4024474375740254,0.4024474375740254,450,1.0,472,1.0
706,761,0.7425320056899004,True,3.5419721161070683,3.5419721161070683,689,1.0,536,1.0
693,762,0.8542274052478134,True,0.7712822110494921,0.7712822110494921,306,1.0,330,1.0
696,763,0.911660777385159,True,0.6316223038647301,0.6316223038647301,534,1.0,548,1.0
697,764,0.8897795591182365,True,1.2566286828919613,1.2566286828919613,482,1.0,461,1.0
701,765,0.8181818181818182,True,1.0054637846940413,1.0054637846940413,337,1.0,323,1.0
700,766,0.8424507658643327,True,0.7518540806233315,0.7518540806233315,423,1.0,419,1.0
702,767,0.8253275109170306,True,1.3480591292696207,1.3480591292696207,422,1.0,414,1.0
703,768,0.6629955947136564,True,2.554244894297528,2.554244894297528,443,1.0,312,1.0
708,769,0.6123778501628665,True,0.7648649395541756,0.7648649395541756,297,1.0,198,1.0
705,770,0.8445229681978799,True,1.1678998602046935,1.1678998602046935,550,1.0,494,1.0
704,771,0.8923884514435696,True,0.7101143289737327,0.7101143289737327,374,1.0,347,1.0
709,772,0.9201773835920177,True,0.62385545305573,0.62385545305573,442,1.0,424,1.0
710,773,0.9337349397590361,True,0.7930427002932903,0.7930427002932903,483,1.0,480,1.0
716,774,0.46174863387978143,True,5.762673330764862,5.762673330764862,732,1.0,338,1.0
711,775,0.8991596638655462,True,1.3070722100806667,1.3070722100806667,712,1.0,644,1.0
712,776,0.9219600725952813,True,0.7193518333417589,0.7193518333417589,551,1.0,508,1.0
713,777,0.6117936117936118,True,2.6605213839404986,2.6605213839404986,299,1.0,357,1.0
714,778,0.808695652173913,True,1.8075961397278602,1.8075961397278602,307,1.0,317,1.0
715,779,0.869980879541109,True,1.1865645937768452,1.1865645937768452,480,1.0,498,1.0
718,780,0.9173553719008265,True,0.6324265327704716,0.6324265327704716,362,1.0,334,1.0
719,781,0.9382716049382716,True,0.34077596194373927,0.34077596194373927,381,1.0,404,1.0
717,782,0.7840531561461794,True,0.9210800823516477,0.9210800823516477,249,1.0,288,1.0
721,783,0.9094202898550725,True,0.8074160214992229,0.8074160214992229,549,1.0,505,1.0
722,784,0.925343811394892,True,0.5317354361726385,0.5317354361726385,507,1.0,473,1.0
720,785,0.7468354430379747,True,3.330521202485629,3.330521202485629,387,1.0,303,1.0
723,786,0.9035769828926905,True,0.8004874501059916,0.8004874501059916,639,1.0,585,1.0
724,787,0.8941176470588236,True,0.7867676194506075,0.7867676194506075,483,1.0,483,1.0
726,788,0.8834355828220859,True,0.30316740775696693,0.30316740775696693,489,1.0,432,1.0
725,789,0.7962962962962963,True,1.950362972295723,1.950362972295723,688,1.0,767,1.0
727,790,0.746875,True,0.6410228345470083,0.6410228345470083,255,1.0,304,1.0
729,791,0.9034334763948498,True,0.6326879503755758,0.6326879503755758,460,1.0,427,1.0
728,792,0.8597938144329897,True,0.3785451593714591,0.3785451593714591,432,1.0,470,1.0
730,793,0.8758620689655172,True,0.3763340693735506,0.3763340693735506,577,1.0,511,1.0
732,794,0.8925925925925926,True,0.9598765740642705,0.9598765740642705,525,1.0,497,1.0
731,795,0.9395348837209302,True,0.43308515346081145,0.43308515346081145,848,1.0,820,1.0
733,796,0.553763440860215,True,2.8197489913469007,2.8197489913469007,218,1.0,360,1.0
735,797,0.7472118959107806,True,0.5529081900787354,0.5529081900787354,269,1.0,201,1.0
736,798,0.9064449064449065,True,0.4261692081983505,0.4261692081983505,449,1.0,468,1.0
734,799,0.926605504587156,True,0.9584695233998156,0.9584695233998156,621,1.0,639,1.0
737,801,0.8962264150943396,True,0.8152658089957783,0.8152658089957783,602,1.0,604,1.0
740,802,0.832,True,1.3467152941405958,1.3467152941405958,483,1.0,433,1.0
739,803,0.8956975228161669,True,1.040508844760208,1.040508844760208,728,1.0,726,1.0
741,804,0.800498753117207,True,1.28873004031319,1.28873004031319,358,1.0,364,1.0
738,805,0.8939051918735892,True,0.6548360197423423,0.6548360197423423,425,1.0,414,1.0
742,806,0.8217522658610272,True,0.6770884561930238,0.6770884561930238,316,1.0,287,1.0
743,808,0.8537200504413619,True,1.0821781758700508,1.0821781758700508,767,1.0,703,1.0
745,809,0.706140350877193,True,1.1064937856700336,1.1064937856700336,176,1.0,213,1.0
746,810,0.851520572450805,True,0.5213869054851917,0.5213869054851917,546,1.0,489,1.0
747,812,0.8587662337662337,True,0.9816124894151925,0.9816124894151925,576,1.0,569,1.0
748,813,0.8731942215088283,True,0.7986697364093841,0.7986697364093841,616,1.0,551,1.0
751,814,0.7938288920056101,True,1.9862185884918926,1.9862185884918926,659,1.0,620,1.0
749,815,0.7410071942446043,True,2.4754959703908206,2.4754959703908206,333,1.0,393,1.0
750,816,0.8078291814946619,True,1.1483356746654687,1.1483356746654687,475,1.0,541,1.0
754,817,0.9207419898819561,True,0.774510765588746,0.774510765588746,586,1.0,553,1.0
753,818,0.85,True,1.2946795928466706,1.2946795928466706,589,1.0,595,1.0
752,819,0.8423076923076923,True,0.4799934976614582,0.4799934976614582,220,1.0,259,1.0
755,820,0.7326478149100257,True,1.3459545231950434,1.3459545231950434,311,1.0,363,1.0
756,821,0.8376623376623377,True,0.8770062133100059,0.8770062133100059,278,1.0,288,1.0
758,822,0.8395989974937343,True,0.7465420438679742,0.7465420438679742,360,1.0,374,1.0
757,823,0.8288770053475936,True,1.5083688631209424,1.5083688631209424,488,1.0,538,1.0
759,824,0.9203539823008849,True,0.394431782131826,0.394431782131826,451,1.0,417,1.0
760,825,0.832807570977918,True,0.9153507267705536,0.9153507267705536,305,1.0,276,1.0
762,826,0.9292035398230089,True,0.0953844218235305,0.0953844218235305,564,1.0,526,1.0
761,827,0.49712643678160917,True,4.052666471827089,4.052666471827089,318,1.0,203,1.0
763,828,0.7473684210526316,True,0.5370657036657337,0.5370657036657337,190,1.0,142,1.0
764,829,0.8828451882845189,True,0.7434943836116452,0.7434943836116452,466,1.0,434,1.0
765,830,0.9124423963133641,True,0.34527482375059565,0.34527482375059565,632,1.0,613,1.0
766,831,0.7338129496402878,True,1.7259175184761635,1.7259175184761635,273,1.0,209,1.0
770,833,0.625,True,2.248062233956729,2.248062233956729,262,1.0,180,1.0
769,834,0.8512396694214877,True,1.0867461918725834,1.0867461918725834,596,1.0,524,1.0
767,835,0.7298050139275766,True,1.6768849816381837,1.6768849816381837,315,1.0,306,1.0
768,836,0.8628230616302187,True,0.6615176027763042,0.6615176027763042,491,1.0,446,1.0
771,837,0.8460559796437659,True,1.4619152895688496,1.4619152895688496,729,1.0,722,1.0
780,838,0.4676923076923077,True,8.722185949414891,8.722185949414891,641,1.0,313,1.0
773,839,0.9546191247974068,True,0.05417714604523531,0.05417714604523531,611,1.0,595,1.0
774,840,0.8854748603351955,True,1.053836194951874,1.053836194951874,1011,1.0,1014,1.0
776,841,0.8503496503496504,True,0.6876381900391352,0.6876381900391352,704,1.0,619,1.0
772,843,0.5197368421052632,True,4.9802311988205386,4.9802311988205386,182,1.0,280,1.0
777,844,0.8407224958949097,True,1.6108154078338817,1.6108154078338817,567,1.0,554,1.0
778,845,0.8243801652892562,True,1.7573182713362803,1.7573182713362803,465,1.0,418,1.0
779,846,0.8692579505300353,True,0.8771888391262042,0.8771888391262042,279,1.0,250,1.0
781,847,0.775206611570248,True,1.563849993402283,1.563849993402283,520,1.0,554,1.0
783,848,0.8400770712909441,True,1.3525447814132776,1.3525447814132776,516,1.0,439,1.0
785,850,0.8156748911465893,True,1.3970320137989205,1.3970320137989205,669,1.0,582,1.0
784,851,0.9244444444444444,True,0.2619995321677822,0.2619995321677822,446,1.0,420,1.0
786,853,0.8626086956521739,True,0.8406497430987325,0.8406497430987325,558,1.0,513,1.0
790,854,0.5771704180064309,True,4.719541287083731,4.719541287083731,622,1.0,359,1.0
788,855,0.9105431309904153,True,0.6969359249451106,0.6969359249451106,611,1.0,585,1.0
789,856,0.7879924953095685,True,1.4186665498121882,1.4186665498121882,460,1.0,493,1.0
792,857,0.9078947368421053,True,0.8265835147395859,0.8265835147395859,734,1.0,716,1.0
793,858,0.8859934853420195,True,0.616049819245409,0.616049819245409,283,1.0,296,1.0
791,859,0.7423822714681441,True,1.7748971603156942,1.7748971603156942,268,1.0,361,1.0
794,860,0.8238805970149253,True,1.2324005325950131,1.2324005325950131,322,1.0,289,1.0
795,861,0.7375415282392026,True,1.3037162147679515,1.3037162147679515,272,1.0,251,1.0
796,862,0.7603550295857988,True,1.2957917864400337,1.2957917864400337,332,1.0,263,1.0
797,863,0.8853868194842407,True,0.3579316396106877,0.3579316396106877,348,1.0,310,1.0
799,864,0.7871621621621622,True,1.0568458983281097,1.0568458983281097,271,1.0,258,1.0
800,866,0.8273615635179153,True,0.6123412612049378,0.6123412612049378,300,1.0,261,1.0
801,867,0.6927710843373494,True,1.2133262744324627,1.2133262744324627,163,1.0,118,1.0
803,868,0.8235294117647058,True,0.9594326268674919,0.9594326268674919,216,1.0,187,1.0
802,869,0.8527724665391969,True,0.8828644998711789,0.8828644998711789,493,1.0,476,1.0
804,870,0.8481481481481481,True,0.6897234744773832,0.6897234744773832,259,1.0,240,1.0
805,871,0.928,True,0.7468506499116533,0.7468506499116533,845,1.0,842,1.0
806,872,0.8697318007662835,True,0.828355896933762,0.828355896933762,492,1.0,484,1.0
807,873,0.8116438356164384,True,0.8926859751380847,0.8926859751380847,292,1.0,237,1.0
809,874,0.7610208816705336,True,2.503277012438923,2.503277012438923,427,1.0,332,1.0
811,875,0.7421487603305785,True,0.9123860757975255,0.9123860757975255,562,1.0,492,1.0
812,876,0.4598337950138504,True,6.140334516058183,6.140334516058183,181,1.0,346,1.0
798,877,0.4703344120819849,True,10.413890081823382,10.413890081823382,449,1.0,914,1.0
813,878,0.7057793345008757,True,2.3135463668247707,2.3135463668247707,420,1.0,554,1.0
808,879,0.8169014084507042,True,0.8522955301836326,0.8522955301836326,253,1.0,263,1.0
814,880,0.6026490066225165,True,5.096510232655671,5.096510232655671,442,1.0,284,1.0
815,881,0.6861924686192469,True,1.334351861324422,1.334351861324422,215,1.0,188,1.0
817,882,0.8470790378006873,True,0.9607984717978221,0.9607984717978221,559,1.0,516,1.0
816,883,0.806060606060606,True,1.252526672044535,1.252526672044535,451,1.0,443,1.0
818,885,0.8425324675324676,True,1.0014103608840477,1.0014103608840477,588,1.0,547,1.0
819,886,0.8042635658914729,True,0.5550001800608302,0.5550001800608302,505,1.0,426,1.0
821,887,0.8433734939759037,True,1.1834134424405331,1.1834134424405331,246,1.0,213,1.0
824,888,0.7902869757174393,True,0.7058625986932076,0.7058625986932076,379,1.0,432,1.0
822,889,0.8037383177570093,True,2.2001925699321796,2.2001925699321796,735,1.0,809,1.0
823,890,0.7879699248120301,True,1.5912203358977115,1.5912203358977115,550,1.0,639,1.0
820,891,0.8842364532019704,True,0.39275618197671514,0.39275618197671514,394,1.0,371,1.0
825,892,0.8185483870967742,True,1.566910801902508,1.566910801902508,466,1.0,436,1.0
829,893,0.8650646950092421,True,0.9569033088026179,0.9569033088026179,515,1.0,494,1.0
828,894,0.8620037807183365,True,0.33719876221034595,0.33719876221034595,468,1.0,517,1.0
830,895,0.8358862144420132,True,1.2504394190748493,1.2504394190748493,421,1.0,418,1.0
827,896,0.8913443830570903,True,0.6378196356401333,0.6378196356401333,538,1.0,489,1.0
831,898,0.8631875881523272,True,1.063778068106391,1.063778068106391,685,1.0,636,1.0
833,899,0.8725314183123878,True,0.8024224649000996,0.8024224649000996,554,1.0,489,1.0
832,900,0.6437908496732027,True,1.4167834553548488,1.4167834553548488,197,1.0,306,1.0
837,902,0.7583333333333333,True,2.0607119029406396,2.0607119029406396,313,1.0,320,1.0
836,903,0.9032258064516129,True,0.06145810778504894,0.06145810778504894,455,1.0,430,1.0
834,904,0.8441814595660749,True,0.8140044779206109,0.8140044779206109,431,1.0,504,1.0
839,905,0.6391382405745063,True,3.2644875756009704,3.2644875756009704,555,1.0,358,1.0
838,906,0.8797653958944281,True,1.1018187934391006,1.1018187934391006,336,1.0,305,1.0
835,907,0.6682926829268293,True,2.5819342810178787,2.5819342810178787,296,1.0,388,1.0
840,909,0.8621997471554994,True,1.120151009548011,1.120151009548011,723,1.0,750,1.0
843,910,0.6442307692307693,True,1.391537140317539,1.391537140317539,311,1.0,202,1.0
842,911,0.8896321070234113,True,0.5731486982388163,0.5731486982388163,279,1.0,286,1.0
841,912,0.8545918367346939,True,1.5325485475498282,1.5325485475498282,355,1.0,372,1.0
845,914,0.9295212765957447,True,0.5868002952694956,0.5868002952694956,746,1.0,705,1.0
849,915,0.20689655172413793,False,,,116,1.0,24,1.0
844,916,0.7951807228915663,True,0.8321137921254259,0.8321137921254259,229,1.0,218,1.0
848,917,0.7616279069767442,True,0.3871029293285665,0.3871029293285665,344,1.0,262,1.0
847,918,0.7890995260663507,True,1.2993532374663788,1.2993532374663788,413,1.0,342,1.0
853,919,0.7272727272727273,True,1.4071063595805084,1.4071063595805084,184,1.0,158,1.0
852,920,0.7076923076923077,True,0.4181320792046015,0.4181320792046015,195,1.0,138,1.0
850,921,0.8523206751054853,True,0.835929994689306,0.835929994689306,472,1.0,406,1.0
851,922,0.8232931726907631,True,1.0162827968628918,1.0162827968628918,229,1.0,225,1.0
854,923,0.8870673952641166,True,0.7452208546133522,0.7452208546133522,543,1.0,493,1.0
855,924,0.8288135593220339,True,0.5620687548678462,0.5620687548678462,577,1.0,502,1.0
857,925,0.5072463768115942,True,0.24586749694953158,0.24586749694953158,138,1.0,70,1.0
856,926,0.5899419729206963,True,2.6197574271596684,2.6197574271596684,517,1.0,305,1.0
859,927,0.8590163934426229,True,0.6891844029702783,0.6891844029702783,279,1.0,288,1.0
861,928,0.8450074515648286,True,1.908229868521484,1.908229868521484,609,1.0,629,1.0
860,929,0.6991869918699187,True,1.1432275176740911,1.1432275176740911,108,1.0,101,1.0
862,930,0.8747300215982722,True,0.6434247197088875,0.6434247197088875,437,1.0,431,1.0
863,931,0.8577878103837472,True,0.864596770784912,0.864596770784912,428,1.0,395,1.0
864,932,0.925601750547046,True,0.2101142904532844,0.2101142904532844,436,1.0,444,1.0
865,933,0.812,True,1.9808787815769608,1.9808787815769608,439,1.0,467,1.0
866,935,0.5668789808917197,True,1.7735103403823944,1.7735103403823944,92,1.0,154,1.0
867,936,0.4397163120567376,True,0.6640496168632259,0.6640496168632259,140,1.0,63,1.0
868,937,0.9415204678362573,True,0.11234411440355413,0.11234411440355413,501,1.0,495,1.0
869,938,0.8682926829268293,True,1.0029937949059664,1.0029937949059664,378,1.0,388,1.0
870,939,0.6737588652482269,True,1.8697610367761557,1.8697610367761557,119,1.0,117,1.0
871,940,0.7971014492753623,True,0.9600853447660931,0.9600853447660931,267,1.0,229,1.0
872,941,0.8192,True,1.1224205376983747,1.1224205376983747,575,1.0,562,1.0
873,942,0.8494983277591973,True,0.6935150642168322,0.6935150642168322,265,1.0,288,1.0
874,943,0.68,True,0.8828471143584193,0.8828471143584193,99,1.0,111,1.0
875,944,0.5742971887550201,True,1.682658857208373,1.682658857208373,193,1.0,199,1.0
877,945,0.8197879858657244,True,0.9111108145486532,0.9111108145486532,546,1.0,484,1.0
881,946,0.7879377431906615,True,1.390713013333675,1.390713013333675,486,1.0,433,1.0
876,948,0.28378378378378377,False,,,42,1.0,148,1.0
879,949,0.8718801996672213,True,0.8946868330640324,0.8946868330640324,555,1.0,570,1.0
878,950,0.8456973293768546,True,0.6910860106935814,0.6910860106935814,314,1.0,308,1.0
880,951,0.5957446808510638,True,0.9227793593779747,0.9227793593779747,106,1.0,119,1.0
882,952,0.7849162011173184,True,1.731499392406445,1.731499392406445,337,1.0,302,1.0
883,953,0.8928571428571429,True,0.944508550690992,0.944508550690992,751,1.0,733,1.0
885,954,0.861878453038674,True,0.17426763572424486,0.17426763572424486,361,1.0,313,1.0
887,955,0.6835820895522388,True,2.2191214031313553,2.2191214031313553,254,1.0,310,1.0
888,956,0.9335347432024169,True,0.477984098540436,0.477984098540436,326,1.0,314,1.0
886,957,0.9124668435013262,True,0.31153677853086553,0.31153677853086553,363,1.0,358,1.0
889,958,0.8952205882352942,True,0.3521804910299002,0.3521804910299002,526,1.0,505,1.0
884,959,0.7724770642201835,True,1.3014028865042353,1.3014028865042353,506,1.0,460,1.0
890,960,0.8885017421602788,True,0.15807820562656216,0.15807820562656216,279,1.0,263,1.0
891,961,0.8370786516853933,True,0.7519608606629589,0.7519608606629589,495,1.0,486,1.0
892,962,0.7299703264094956,True,1.6729900616096165,1.6729900616096165,275,1.0,308,1.0
894,964,0.8348214285714286,True,0.5109065343599142,0.5109065343599142,398,1.0,424,1.0
895,965,0.8826714801444043,True,0.5571859688776123,0.5571859688776123,524,1.0,519,1.0
896,966,0.9024045261669024,True,0.3269303923861692,0.3269303923861692,706,1.0,639,1.0
897,967,0.7922535211267606,True,0.3578473979191476,0.3578473979191476,284,1.0,225,1.0
901,968,0.704225352112676,True,2.2675857373317467,2.2675857373317467,194,1.0,169,1.0
898,969,0.8146487294469357,True,1.672921818191614,1.672921818191614,594,1.0,620,1.0
900,970,0.9233716475095786,True,0.320293873181278,0.320293873181278,519,1.0,485,1.0
902,971,0.46551724137931033,True,0.1838397232680987,0.1838397232680987,58,1.0,27,1.0
903,972,0.8559322033898306,True,1.584941459474529,1.584941459474529,772,1.0,761,1.0
905,973,0.4043478260869565,True,0.9739600000461885,0.9739600000461885,230,1.0,93,1.0
893,974,0.5422116527942925,True,6.385675862383774,6.385675862383774,461,1.0,836,1.0
904,975,0.8400954653937948,True,0.7390475436708946,0.7390475436708946,418,1.0,353,1.0
906,977,0.8308080808080808,True,1.5076768520424304,1.5076768520424304,344,1.0,381,1.0
907,978,0.8797814207650273,True,0.5687462260348829,0.5687462260348829,346,1.0,342,1.0
909,979,0.8367346938775511,True,1.060122430658779,1.060122430658779,336,1.0,294,1.0
908,981,0.8584615384615385,True,0.7030695732919695,0.7030695732919695,302,1.0,302,1.0
910,982,0.6410767696909272,True,9.468276270971039,9.468276270971039,698,1.0,948,1.0
911,983,0.8868613138686131,True,0.6575968973645775,0.6575968973645775,531,1.0,503,1.0
913,985,0.8301886792452831,True,0.5462479739808591,0.5462479739808591,231,1.0,254,1.0
912,986,0.8910256410256411,True,0.4542321331892155,0.4542321331892155,141,1.0,154,1.0
915,987,0.5358649789029536,True,0.7191764916156991,0.7191764916156991,237,1.0,127,1.0
916,988,0.9424,True,0.36188714443425424,0.36188714443425424,610,1.0,604,1.0
918,989,0.7928994082840237,True,0.8976494223462067,0.8976494223462067,338,1.0,268,1.0
914,990,0.8195876288659794,True,0.6060572383620728,0.6060572383620728,163,1.0,190,1.0
920,991,0.754601226993865,True,0.23187992443395797,0.23187992443395797,161,1.0,125,1.0
917,992,0.825,True,2.169241013671683,2.169241013671683,509,1.0,586,1.0
921,993,0.8029925187032418,True,0.2334132667456967,0.2334132667456967,401,1.0,322,1.0
922,994,0.3859060402684564,True,4.251987217636308,4.251987217636308,298,1.0,115,1.0
919,995,0.8391812865497076,True,1.7270682136139717,1.7270682136139717,608,1.0,650,1.0
923,996,0.9225941422594143,True,0.6703259972819494,0.6703259972819494,463,1.0,456,1.0
924,997,0.9250493096646942,True,0.6388934747173255,0.6388934747173255,484,1.0,492,1.0
925,998,0.7272727272727273,True,1.0848430327567533,1.0848430327567533,34,1.0,42,1.0
926,999,0.7945945945945946,True,1.525870188482118,1.525870188482118,493,1.0,503,1.0
927,1000,0.8236607142857143,True,1.1207704020838873,1.1207704020838873,420,1.0,397,1.0
928,1001,0.886986301369863,True,0.5526407662027103,0.5526407662027103,291,1.0,260,1.0
930,1002,0.8306878306878307,True,1.0053537819241642,1.0053537819241642,535,1.0,503,1.0
931,1003,0.9121140142517815,True,0.2586327736279127,0.2586327736279127,410,1.0,395,1.0
929,1004,0.6398929049531459,True,6.854688715458619,6.854688715458619,730,1.0,495,1.0
933,1005,0.7754318618042226,True,1.7669167967983745,1.7669167967983745,446,1.0,479,1.0
935,1006,0.2765957446808511,False,,,278,1.0,82,1.0
934,1007,0.9384328358208955,True,0.1332302995098803,0.1332302995098803,536,1.0,503,1.0
937,1008,0.8338192419825073,True,0.9321101308191008,0.9321101308191008,312,1.0,317,1.0
936,1009,0.8974358974358975,True,0.5900898098700156,0.5900898098700156,485,1.0,477,1.0
938,1010,0.7237354085603113,True,1.5367882647575153,1.5367882647575153,201,1.0,242,1.0
939,1011,0.8652482269503546,True,0.8740553852288374,0.8740553852288374,389,1.0,400,1.0
942,1012,0.8383458646616542,True,0.8765620191348514,0.8765620191348514,259,1.0,230,1.0
944,1013,0.6696629213483146,True,0.10817164602895803,0.10817164602895803,445,1.0,298,1.0
940,1014,0.8463687150837989,True,0.6158874546047106,0.6158874546047106,318,1.0,343,1.0
943,1015,0.788235294117647,True,0.6294950651165497,0.6294950651165497,230,1.0,226,1.0
941,1016,0.6807909604519774,True,2.894133708202704,2.894133708202704,263,1.0,332,1.0
945,1017,0.4665127020785219,True,7.7719379605353005,7.7719379605353005,213,1.0,422,1.0
946,1018,0.7913043478260869,True,0.8554793979537358,0.8554793979537358,310,1.0,308,1.0
949,1019,0.7134146341463414,True,0.1531312991335854,0.1531312991335854,164,1.0,117,1.0
950,1020,0.7007299270072993,True,3.411300086485933,3.411300086485933,213,1.0,253,1.0
948,1021,0.9094017094017094,True,0.38008184695029945,0.38008184695029945,563,1.0,554,1.0
951,1022,0.8458333333333333,True,0.6715828929533103,0.6715828929533103,233,1.0,210,1.0
954,1024,0.5262172284644194,True,5.982076894804488,5.982076894804488,329,1.0,486,1.0
955,1025,0.9066666666666666,True,0.21873479252574488,0.21873479252574488,295,1.0,277,1.0
952,1026,0.9119718309859155,True,0.29530234751971685,0.29530234751971685,264,1.0,279,1.0
953,1027,0.7230046948356808,True,1.6163557933581953,1.6163557933581953,210,1.0,157,1.0
956,1028,0.879492600422833,True,0.4871537223669909,0.4871537223669909,471,1.0,418,1.0
958,1029,0.8726937269372693,True,0.8613548384548075,0.8613548384548075,507,1.0,508,1.0
960,1030,0.9166666666666666,True,0.3586924339058274,0.3586924339058274,538,1.0,520,1.0
961,1032,0.872093023255814,True,0.5375465488367142,0.5375465488367142,249,1.0,234,1.0
962,1033,0.8448844884488449,True,1.3365155589460609,1.3365155589460609,285,1.0,274,1.0
964,1034,0.883629191321499,True,0.5899289419161863,0.5899289419161863,501,1.0,454,1.0
963,1035,0.8842105263157894,True,0.962340698805503,0.962340698805503,256,1.0,281,1.0
965,1036,0.7186234817813765,True,0.09968572365916442,0.09968572365916442,494,1.0,355,1.0
966,1037,0.890961262553802,True,0.6207762686562802,0.6207762686562802,681,1.0,637,1.0
967,1039,0.6974358974358974,True,1.6384013198205654,1.6384013198205654,322,1.0,340,1.0
968,1040,0.8326359832635983,True,1.0713645956930913,1.0713645956930913,423,1.0,453,1.0
970,1041,0.7904411764705882,True,0.7465341513951331,0.7465341513951331,226,1.0,261,1.0
969,1042,0.9033457249070632,True,0.6954456724527794,0.6954456724527794,266,1.0,246,1.0
973,1043,0.826797385620915,True,0.8159578450724287,0.8159578450724287,285,1.0,274,1.0
972,1044,0.822429906542056,True,0.6696045261083967,0.6696045261083967,280,1.0,305,1.0
971,1045,0.8003913894324853,True,0.8731722593992891,0.8731722593992891,495,1.0,425,1.0
976,1046,0.82907133243607,True,2.040733901123922,2.040733901123922,653,1.0,706,1.0
977,1047,0.6950354609929078,True,1.833933714143997,1.833933714143997,400,1.0,317,1.0
975,1048,0.4015748031496063,True,2.48386378819843,2.48386378819843,74,1.0,104,1.0
974,1049,0.9112149532710281,True,0.8309004097467838,0.8309004097467838,196,1.0,213,1.0
978,1051,0.2978723404255319,False,,,66,1.0,178,1.0
979,1052,0.9151515151515152,True,0.8974423059227531,0.8974423059227531,318,1.0,314,1.0
980,1053,0.7263157894736842,True,1.3650833015777513,1.3650833015777513,323,1.0,333,1.0
981,1054,0.8526522593320236,True,1.0550996301944224,1.0550996301944224,448,1.0,495,1.0
982,1055,0.8386167146974063,True,0.64906223111709,0.64906223111709,346,1.0,292,1.0
983,1056,0.9028871391076115,True,0.6094903946720274,0.6094903946720274,370,1.0,355,1.0
984,1057,0.8666666666666667,True,0.663245357846238,0.663245357846238,414,1.0,398,1.0
985,1058,0.8726968174204355,True,1.0187621984977822,1.0187621984977822,575,1.0,543,1.0
986,1059,0.858433734939759,True,0.8076044752228168,0.8076044752228168,328,1.0,289,1.0
987,1060,0.8714733542319749,True,1.0190624669292465,1.0190624669292465,302,1.0,295,1.0
988,1061,0.9394904458598726,True,0.2996677410429944,0.2996677410429944,308,1.0,301,1.0
991,1062,0.7542735042735043,True,1.4341896548800643,1.4341896548800643,468,1.0,353,1.0
992,1063,0.6726190476190477,True,1.566754765866439,1.566754765866439,161,1.0,120,1.0
990,1064,0.8477508650519031,True,0.7890879993439714,0.7890879993439714,568,1.0,500,1.0
994,1066,0.8132183908045977,True,1.0131017726636071,1.0131017726636071,321,1.0,310,1.0
993,1067,0.901840490797546,True,0.4824822934826077,0.4824822934826077,460,1.0,470,1.0
995,1068,0.8407494145199064,True,0.9153646443949657,0.9153646443949657,404,1.0,382,1.0
997,1070,0.7542662116040956,True,1.5886684469240857,1.5886684469240857,256,1.0,258,1.0
996,1071,0.94375,True,0.17436876824763148,0.17436876824763148,313,1.0,309,1.0
998,1072,0.9352226720647774,True,0.430564309790086,0.430564309790086,237,1.0,241,1.0
1000,1073,0.8082191780821918,True,1.1432569966535708,1.1432569966535708,217,1.0,179,1.0
999,1074,0.9002849002849003,True,0.32893193120202113,0.32893193120202113,348,1.0,319,1.0
1002,1075,0.9205020920502092,True,0.2849289123099817,0.2849289123099817,237,1.0,222,1.0
1008,1076,0.819371727748691,True,0.8429426744306167,0.8429426744306167,382,1.0,313,1.0
1001,1077,0.7892156862745098,True,0.7667387105230343,0.7667387105230343,164,1.0,201,1.0
1003,1078,0.8981042654028436,True,0.5911790806031546,0.5911790806031546,419,1.0,382,1.0
1005,1079,0.8033333333333333,True,1.0821960953691219,1.0821960953691219,298,1.0,243,1.0
1006,1080,0.8865435356200527,True,0.7697050371163846,0.7697050371163846,366,1.0,349,1.0
1007,1081,0.9179954441913439,True,0.278453906886656,0.278453906886656,432,1.0,410,1.0
1004,1082,0.7672413793103449,True,0.7526057281048161,0.7526057281048161,184,1.0,226,1.0
1011,1083,0.8944281524926686,True,0.145527699296742,0.145527699296742,337,1.0,309,1.0
1010,1084,0.879284649776453,True,0.9978789712671182,0.9978789712671182,639,1.0,622,1.0
1009,1085,0.48717948717948717,True,1.8299176148874094,1.8299176148874094,133,1.0,273,1.0
1012,1086,0.9042904290429042,True,0.2154014007121359,0.2154014007121359,300,1.0,277,1.0
1013,1087,0.844559585492228,True,0.17317729139498644,0.17317729139498644,193,1.0,163,1.0
1015,1088,0.75,True,0.46375089702407996,0.46375089702407996,116,1.0,94,1.0
1014,1089,0.8564705882352941,True,0.7432240401009227,0.7432240401009227,402,1.0,387,1.0
1016,1090,0.8753501400560224,True,0.9321875520973925,0.9321875520973925,702,1.0,637,1.0
1017,1091,0.910941475826972,True,0.5936005897937431,0.5936005897937431,387,1.0,364,1.0
1019,1092,0.7088607594936709,True,1.0329562883760812,1.0329562883760812,155,1.0,115,1.0
1018,1093,0.9024390243902439,True,0.2907457948805581,0.2907457948805581,367,1.0,335,1.0
1022,1095,0.8891257995735607,True,0.5424349543824355,0.5424349543824355,468,1.0,418,1.0
1023,1096,0.7990430622009569,True,1.2265241974427503,1.2265241974427503,178,1.0,198,1.0
1024,1097,0.853195164075993,True,0.5751209284978377,0.5751209284978377,571,1.0,502,1.0
1021,1098,0.7697228144989339,True,0.5697142334612486,0.5697142334612486,362,1.0,468,1.0
1025,1099,0.7758620689655172,True,1.526759029142995,1.526759029142995,391,1.0,330,1.0
1020,1100,0.9172661870503597,True,0.31332222054522874,0.31332222054522874,534,1.0,532,1.0
1027,1102,0.8582677165354331,True,0.9181018340393322,0.9181018340393322,356,1.0,352,1.0
1028,1103,0.7919463087248322,True,0.7789273108246644,0.7789273108246644,291,1.0,243,1.0
1026,1104,0.9055793991416309,True,0.20458181311271084,0.20458181311271084,213,1.0,231,1.0
1031,1105,0.8582677165354331,True,1.0711943252849028,1.0711943252849028,869,1.0,783,1.0
1029,1106,0.9002932551319648,True,0.7054943919061852,0.7054943919061852,340,1.0,308,1.0
1032,1107,0.921455938697318,True,0.8432314609728719,0.8432314609728719,496,1.0,507,1.0
1030,1108,0.9093333333333333,True,0.29769401205162416,0.29769401205162416,371,1.0,345,1.0
1035,1109,0.9280742459396751,True,0.7016049769107049,0.7016049769107049,417,1.0,414,1.0
1037,1110,0.8930041152263375,True,0.08670631504917288,0.08670631504917288,477,1.0,443,1.0
1038,1111,0.4929078014184397,True,3.3750599725094057,3.3750599725094057,281,1.0,140,1.0
1039,1112,0.8857142857142857,True,0.27024417640633785,0.27024417640633785,276,1.0,252,1.0
1040,1113,0.8918918918918919,True,0.4462481938962934,0.4462481938962934,472,1.0,438,1.0
1036,1114,0.4837905236907731,True,4.826915120451897,4.826915120451897,747,1.0,443,1.0
1034,1116,0.5070921985815603,True,4.636827913144419,4.636827913144419,145,1.0,280,1.0
1042,1117,0.7858719646799117,True,1.067508421150842,1.067508421150842,436,1.0,373,1.0
1041,1118,0.7597173144876325,True,1.082604341076022,1.082604341076022,277,1.0,221,1.0
1043,1119,0.8719346049046321,True,1.109253074648077,1.109253074648077,361,1.0,326,1.0
1046,1120,0.9406175771971497,True,0.7576477292866749,0.7576477292866749,407,1.0,410,1.0
1047,1121,0.7395348837209302,True,1.0044588384841449,1.0044588384841449,215,1.0,159,1.0
1048,1122,0.8362068965517241,True,0.2784154702781917,0.2784154702781917,341,1.0,298,1.0
1049,1123,0.6451612903225806,True,0.895068125951451,0.895068125951451,113,1.0,91,1.0
1050,1124,0.9290617848970252,True,0.48644739051147023,0.48644739051147023,419,1.0,424,1.0
1051,1125,0.9307228915662651,True,0.3344093283247353,0.3344093283247353,659,1.0,623,1.0
1052,1126,0.8522954091816367,True,1.1945212259886353,1.1945212259886353,468,1.0,460,1.0
1055,1127,0.7943107221006565,True,1.1869912507675906,1.1869912507675906,433,1.0,387,1.0
1053,1128,0.8717948717948718,True,0.4606368760247208,0.4606368760247208,230,1.0,208,1.0
1057,1130,0.8259668508287292,True,1.1150062299665235,1.1150062299665235,351,1.0,310,1.0
1058,1131,0.8893034825870647,True,0.7074295243738923,0.7074295243738923,798,1.0,721,1.0
1056,1132,0.9262536873156342,True,0.1517570002052144,0.1517570002052144,327,1.0,326,1.0
1059,1133,0.8465909090909091,True,0.23393841735198703,0.23393841735198703,173,1.0,152,1.0
1060,1134,0.6014492753623188,True,2.695924766170674,2.695924766170674,178,1.0,264,1.0
1061,1136,0.8629856850715747,True,0.5720494437414101,0.5720494437414101,456,1.0,455,1.0
1063,1137,0.8894927536231884,True,0.6825326904392025,0.6825326904392025,516,1.0,527,1.0
1064,1138,0.8147138964577657,True,0.7622281183089542,0.7622281183089542,356,1.0,310,1.0
1062,1139,0.8766025641025641,True,0.8315704865934538,0.8315704865934538,605,1.0,566,1.0
1065,1140,0.7241379310344828,True,1.1515395876255456,1.1515395876255456,174,1.0,176,1.0
1066,1141,0.8895184135977338,True,0.59956721111695,0.59956721111695,686,1.0,648,1.0
1067,1142,0.8858447488584474,True,0.29189776882019486,0.29189776882019486,219,1.0,194,1.0
1069,1143,0.8481675392670157,True,0.4802022992855503,0.4802022992855503,382,1.0,324,1.0
1068,1144,0.8888888888888888,True,0.3103914578596518,0.3103914578596518,556,1.0,566,1.0
1070,1145,0.7111111111111111,True,1.1765280441273325,1.1765280441273325,270,1.0,192,1.0
1071,1146,0.9405684754521964,True,0.18189984989741062,0.18189984989741062,383,1.0,368,1.0
1072,1147,0.8738317757009346,True,0.8019240958990145,0.8019240958990145,407,1.0,395,1.0
1073,1148,0.8330683624801272,True,1.1609161759399167,1.1609161759399167,621,1.0,532,1.0
1074,1149,0.6155234657039711,True,7.565605953664112,7.565605953664112,437,1.0,458,1.0
1076,1151,0.9013157894736842,True,0.33359060108550764,0.33359060108550764,756,1.0,689,1.0
1075,1153,0.8656716417910447,True,1.8780895369690218,1.8780895369690218,769,1.0,731,1.0
1077,1154,0.8080357142857143,True,1.6676675364584146,1.6676675364584146,652,1.0,563,1.0
1078,1155,0.8538011695906432,True,0.8881256760553283,0.8881256760553283,316,1.0,318,1.0
1079,1156,0.8972868217054264,True,0.5479745738857125,0.5479745738857125,500,1.0,479,1.0
1080,1158,0.6482412060301508,True,1.6904493315774725,1.6904493315774725,333,1.0,323,1.0
1081,1160,0.9244444444444444,True,0.622915799599718,0.622915799599718,428,1.0,438,1.0
1082,1161,0.9176882661996497,True,0.4556798456989581,0.4556798456989581,535,1.0,560,1.0
1083,1162,0.8995433789954338,True,0.3418569461976781,0.3418569461976781,421,1.0,411,1.0
1085,1163,0.8072669826224329,True,0.984582421595155,0.984582421595155,633,1.0,511,1.0
1084,1164,0.692524682651622,True,3.549985568761495,3.549985568761495,532,1.0,668,1.0
1087,1165,0.8925081433224755,True,0.42386042703302657,0.42386042703302657,301,1.0,280,1.0
1086,1166,0.92,True,0.9117741543703449,0.9117741543703449,627,1.0,621,1.0
1088,1167,0.8032786885245902,True,0.3049091612621845,0.3049091612621845,114,1.0,106,1.0
1089,1168,0.8072289156626506,True,1.3116137876595453,1.3116137876595453,664,1.0,536,1.0
1091,1169,0.8674496644295302,True,1.0123309293673726,1.0123309293673726,593,1.0,520,1.0
1092,1170,0.7357142857142858,True,0.7078586999950351,0.7078586999950351,275,1.0,211,1.0
1096,1172,0.3769633507853403,True,4.308852201836494,4.308852201836494,188,1.0,75,1.0
1095,1173,0.8313492063492064,True,0.5343349266874325,0.5343349266874325,504,1.0,419,1.0
1093,1174,0.6346153846153846,True,2.9161737534145793,2.9161737534145793,213,1.0,297,1.0
1094,1175,0.7698412698412699,True,1.0741904155233044,1.0741904155233044,502,1.0,613,1.0
1097,1176,0.9366391184573003,True,1.0290017825837825,1.0290017825837825,342,1.0,361,1.0
1098,1177,0.877104377104377,True,0.9191675568047849,0.9191675568047849,558,1.0,557,1.0
1101,1178,0.1492063492063492,False,,,315,1.0,47,1.0
1099,1179,0.883008356545961,True,0.9043332418748932,0.9043332418748932,686,1.0,666,1.0
1102,1180,0.8954607977991746,True,0.5147931030890491,0.5147931030890491,712,1.0,666,1.0
1100,1181,0.850356294536817,True,1.0337773748595422,1.0337773748595422,391,1.0,388,1.0
1106,1183,0.7114754098360656,True,1.9187756923435273,1.9187756923435273,302,1.0,220,1.0
1103,1184,0.6931034482758621,True,2.451089539878734,2.451089539878734,260,1.0,231,1.0
1104,1185,0.7450980392156863,True,1.1756233299664853,1.1756233299664853,281,1.0,253,1.0
1107,1187,0.6640926640926641,True,0.8576998697555585,0.8576998697555585,259,1.0,172,1.0
1108,1188,0.8816793893129771,True,0.7009639048299959,0.7009639048299959,523,1.0,463,1.0
1110,1189,0.8184713375796179,True,1.270132620994119,1.270132620994119,619,1.0,523,1.0
1109,1190,0.8095238095238095,True,0.6334248184089604,0.6334248184089604,231,1.0,225,1.0
1111,1191,0.8226744186046512,True,0.8282305687550935,0.8282305687550935,341,1.0,286,1.0
1112,1192,0.7613168724279835,True,1.1647826469238953,1.1647826469238953,229,1.0,199,1.0
1113,1193,0.7223587223587223,True,0.9338386463809444,0.9338386463809444,404,1.0,297,1.0
1114,1194,0.8192219679633868,True,0.4068505950894004,0.4068505950894004,435,1.0,360,1.0
1115,1195,0.7692307692307693,True,0.6965714115347477,0.6965714115347477,162,1.0,183,1.0
1116,1196,0.8630434782608696,True,0.49143964162387344,0.49143964162387344,435,1.0,422,1.0
1117,1197,0.7336065573770492,True,1.3647092601026911,1.3647092601026911,189,1.0,234,1.0
1118,1198,0.5934065934065934,True,0.3598617415419305,0.3598617415419305,91,1.0,54,1.0
1119,1199,0.8912213740458015,True,0.6109241948035582,0.6109241948035582,493,1.0,498,1.0
1120,1200,0.8620689655172413,True,1.029752950359,1.029752950359,706,1.0,644,1.0
1121,1201,0.8589473684210527,True,0.7061269965652507,0.7061269965652507,440,1.0,443,1.0
1122,1202,0.6524822695035462,True,0.9133232559932838,0.9133232559932838,139,1.0,94,1.0
1123,1203,0.7313432835820896,True,0.812842348900304,0.812842348900304,399,1.0,297,1.0
1124,1204,0.8102893890675241,True,0.9191070587889226,0.9191070587889226,305,1.0,258,1.0
1125,1205,0.7863636363636364,True,0.7365506227438737,0.7365506227438737,185,1.0,208,1.0
1127,1206,0.8049713193116634,True,0.43678421736170314,0.43678421736170314,523,1.0,421,1.0
1126,1207,0.7394366197183099,True,1.7281148352062132,1.7281148352062132,228,1.0,266,1.0
1128,1208,0.5355648535564853,True,3.200088554037409,3.200088554037409,135,1.0,232,1.0
1129,1209,0.8663366336633663,True,0.4104056836842924,0.4104056836842924,195,1.0,182,1.0
1130,1210,0.8943661971830986,True,0.4292973419330439,0.4292973419330439,565,1.0,511,1.0
1131,1212,0.8513513513513513,True,1.0106385240963964,1.0106385240963964,127,1.0,147,1.0
1132,1213,0.8004246284501062,True,1.2038078892711304,1.2038078892711304,392,1.0,456,1.0
1133,1214,0.8029465930018416,True,0.9837162968933724,0.9837162968933724,540,1.0,439,1.0
1134,1215,0.5108695652173914,True,3.266870801276877,3.266870801276877,179,1.0,99,1.0
1135,1216,0.8381294964028777,True,0.49274611361065457,0.49274611361065457,269,1.0,242,1.0
1137,1217,0.8357142857142857,True,0.7989433749904674,0.7989433749904674,234,1.0,280,1.0
1138,1218,0.6480446927374302,True,3.388610898090263,3.388610898090263,259,1.0,331,1.0
1140,1219,0.8730723606168446,True,0.9949425182570312,0.9949425182570312,824,1.0,755,1.0
1141,1220,0.8088888888888889,True,0.4241250144901756,0.4241250144901756,216,1.0,191,1.0
1143,1223,0.8626198083067093,True,1.0379889206152424,1.0379889206152424,592,1.0,574,1.0
1144,1224,0.8356807511737089,True,0.7711788245161991,0.7711788245161991,213,1.0,178,1.0
1145,1225,0.6732954545454546,True,1.8880093036344292,1.8880093036344292,352,1.0,237,1.0
1146,1227,0.8720173535791758,True,0.4690636127947549,0.4690636127947549,450,1.0,413,1.0
1147,1228,0.9373970345963756,True,0.8812469154148299,0.8812469154148299,581,1.0,595,1.0
1148,1229,0.8921568627450981,True,0.7514190232284035,0.7514190232284035,273,1.0,306,1.0
1149,1230,0.7105263157894737,True,1.4678172327672863,1.4678172327672863,112,1.0,83,1.0
1150,1231,0.8230563002680965,True,0.5588848603426152,0.5588848603426152,366,1.0,314,1.0
1152,1234,0.8593155893536122,True,0.249129857303765,0.249129857303765,262,1.0,227,1.0
1153,1235,0.8248175182481752,True,0.8697136931774851,0.8697136931774851,267,1.0,233,1.0
1154,1236,0.8136200716845878,True,0.8059443787821078,0.8059443787821078,273,1.0,233,1.0
1155,1237,0.7540983606557377,True,0.8772702298948543,0.8772702298948543,106,1.0,108,1.0
1156,1238,0.7874015748031497,True,1.1574599592458987,1.1574599592458987,229,1.0,225,1.0
1157,1239,0.875,True,0.44743592968044504,0.44743592968044504,141,1.0,159,1.0
1159,1240,0.802247191011236,True,0.824214651325669,0.824214651325669,433,1.0,369,1.0
1160,1241,0.8215384615384616,True,0.2954705009724714,0.2954705009724714,272,1.0,320,1.0
1161,1242,0.5384615384615384,True,0.48587061582717306,0.48587061582717306,52,1.0,28,1.0
1162,1243,0.6956521739130435,True,0.3460959004537044,0.3460959004537044,114,1.0,81,1.0
1158,1244,0.8321428571428572,True,2.9564310879489657,2.9564310879489657,496,1.0,530,1.0
1163,1245,0.8755364806866953,True,0.4578197919820879,0.4578197919820879,224,1.0,213,1.0
1165,1246,0.7759197324414716,True,0.3771004306150934,0.3771004306150934,299,1.0,232,1.0
1166,1247,0.6632302405498282,True,1.9736344082434236,1.9736344082434236,209,1.0,275,1.0
1167,1248,0.8299492385786802,True,0.8229599578835409,0.8229599578835409,393,1.0,328,1.0
1168,1249,0.9153846153846154,True,0.37246088881197376,0.37246088881197376,506,1.0,490,1.0
1169,1250,0.9457013574660633,True,0.6452506062952019,0.6452506062952019,211,1.0,219,1.0
1170,1251,0.914327917282127,True,0.4137549260026126,0.4137549260026126,661,1.0,635,1.0
1172,1252,0.9271653543307087,True,0.3408787511439033,0.3408787511439033,496,1.0,483,1.0
1173,1253,0.9478260869565217,True,0.7715635155921121,0.7715635155921121,907,1.0,885,1.0
1174,1254,0.8956953642384106,True,0.670201429784935,0.670201429784935,598,1.0,547,1.0
1175,1255,0.8642297650130548,True,0.8035216820546242,0.8035216820546242,374,1.0,340,1.0
1176,1256,0.7397260273972602,True,3.426620366088651,3.426620366088651,458,1.0,558,1.0
1177,1257,0.7662337662337663,True,0.6113483618683941,0.6113483618683941,68,1.0,68,1.0
1178,1258,0.8970099667774086,True,1.1084867120983863,1.1084867120983863,288,1.0,283,1.0
1179,1259,0.8470254957507082,True,0.5837197763967538,0.5837197763967538,339,1.0,313,1.0
1180,1260,0.7800687285223368,True,0.13764279471670549,0.13764279471670549,291,1.0,227,1.0
1182,1261,0.865055387713998,True,0.19007868383624157,0.19007868383624157,984,1.0,868,1.0
1181,1262,0.863013698630137,True,0.18393097881590934,0.18393097881590934,142,1.0,130,1.0
1183,1263,0.7890909090909091,True,1.66220611983727,1.66220611983727,273,1.0,219,1.0
1184,1264,0.9198813056379822,True,0.13510640851109762,0.13510640851109762,324,1.0,323,1.0
1185,1265,0.811377245508982,True,1.041434756407257,1.041434756407257,312,1.0,293,1.0
1187,1266,0.4485981308411215,True,0.4051992895394404,0.4051992895394404,107,1.0,48,1.0
1186,1267,0.7412935323383084,True,1.1529595018945011,1.1529595018945011,157,1.0,193,1.0
1188,1268,0.8849144634525661,True,0.7415047359636159,0.7415047359636159,622,1.0,590,1.0
1189,1269,0.8145539906103286,True,1.1255456303559483,1.1255456303559483,360,1.0,413,1.0
1192,1270,0.7483221476510067,True,1.0581106631933497,1.0581106631933497,298,1.0,223,1.0
1190,1271,0.7421875,True,0.20530473562653542,0.20530473562653542,96,1.0,127,1.0
1191,1272,0.8404907975460123,True,0.5652878902498248,0.5652878902498248,150,1.0,150,1.0
1194,1273,0.8807829181494662,True,0.7889301639163239,0.7889301639163239,562,1.0,495,1.0
1193,1274,0.8835489833641405,True,0.5640659765774485,0.5640659765774485,529,1.0,490,1.0
1195,1275,0.8904761904761904,True,0.48022063280507893,0.48022063280507893,187,1.0,210,1.0
1196,1276,0.7649572649572649,True,0.8017790195663721,0.8017790195663721,191,1.0,222,1.0
1197,1279,0.744927536231884,True,2.7134063959427834,2.7134063959427834,266,1.0,336,1.0
1199,1280,0.8731563421828908,True,0.419997002950776,0.419997002950776,311,1.0,324,1.0
1200,1281,0.8282208588957055,True,0.42157674865131967,0.42157674865131967,326,1.0,270,1.0
1201,1282,0.65625,True,0.6793308316009727,0.6793308316009727,44,1.0,62,1.0
1202,1283,0.8560606060606061,True,0.6919808033700201,0.6919808033700201,247,1.0,243,1.0
1203,1284,0.8969359331476323,True,0.4179936140241355,0.4179936140241355,354,1.0,327,1.0
1204,1285,0.7111111111111111,True,1.4572057285825468,1.4572057285825468,164,1.0,144,1.0
1205,1286,0.8616780045351474,True,0.9813311748636099,0.9813311748636099,431,1.0,390,1.0
1206,1287,0.8925,True,0.27958896288392965,0.27958896288392965,388,1.0,369,1.0
1208,1288,0.9587628865979382,True,0.35524260976564026,0.35524260976564026,384,1.0,376,1.0
1209,1289,0.8849407783417935,True,0.8886399203824185,0.8886399203824185,570,1.0,544,1.0
1211,1290,0.736013986013986,True,2.294287625132444,2.294287625132444,572,1.0,421,1.0
1210,1291,0.8771929824561403,True,0.7871276587003918,0.7871276587003918,384,1.0,365,1.0
1213,1292,0.7336065573770492,True,1.226872436725075,1.226872436725075,234,1.0,189,1.0
1212,1293,0.8782201405152225,True,0.4211005613536218,0.4211005613536218,424,1.0,378,1.0
1214,1294,0.8013698630136986,True,0.33545677490798953,0.33545677490798953,142,1.0,121,1.0
1215,1295,0.9188311688311688,True,1.1448967243148758,1.1448967243148758,291,1.0,300,1.0
1216,1296,0.9311064718162839,True,0.7178777342473852,0.7178777342473852,460,1.0,465,1.0
1217,1297,0.8342175066312998,True,0.867368346821828,0.867368346821828,749,1.0,634,1.0
1218,1298,0.8959276018099548,True,0.764288959922628,0.764288959922628,431,1.0,407,1.0
1219,1299,0.8987951807228916,True,1.1482734618510901,1.1482734618510901,401,1.0,387,1.0
1220,1301,0.8316151202749141,True,1.2466679351625831,1.2466679351625831,275,1.0,258,1.0
1221,1302,0.7829181494661922,True,1.1743940329421396,1.1743940329421396,278,1.0,223,1.0
1222,1303,0.6771929824561403,True,1.8947624025747243,1.8947624025747243,210,1.0,268,1.0
1223,1304,0.8375,True,0.597951063572869,0.597951063572869,308,1.0,280,1.0
1224,1306,0.8753315649867374,True,0.5890328021767025,0.5890328021767025,371,1.0,336,1.0
1225,1307,0.8047138047138047,True,1.1687902735707563,1.1687902735707563,284,1.0,252,1.0
1227,1308,0.788235294117647,True,2.064254109892071,2.064254109892071,590,1.0,626,1.0
1228,1309,0.8950617283950617,True,0.5464519891489976,0.5464519891489976,314,1.0,300,1.0
1229,1310,0.8735632183908046,True,0.32411733261807624,0.32411733261807624,254,1.0,235,1.0
1226,1311,0.37362637362637363,True,1.9426143282881414,1.9426143282881414,34,1.0,91,1.0
1230,1312,0.890020366598778,True,0.7357073043129577,0.7357073043129577,472,1.0,456,1.0
1231,1313,0.8676470588235294,True,0.21035199822201497,0.21035199822201497,268,1.0,240,1.0
1236,1315,0.725,True,4.35464203450018,4.35464203450018,407,1.0,352,1.0
1232,1317,0.934984520123839,True,0.32381683570046116,0.32381683570046116,639,1.0,611,1.0
1234,1318,0.7754716981132076,True,1.899926886650432,1.899926886650432,474,1.0,467,1.0
1233,1319,0.7615894039735099,True,1.0000577974353404,1.0000577974353404,139,1.0,127,1.0
1235,1320,0.8079710144927537,True,1.1084123390150944,1.1084123390150944,255,1.0,244,1.0
1238,1321,0.8686679174484052,True,0.7899934759759006,0.7899934759759006,505,1.0,491,1.0
1239,1322,0.890295358649789,True,0.5312081568346991,0.5312081568346991,454,1.0,442,1.0
1237,1323,0.8104575163398693,True,1.190269430646423,1.190269430646423,287,1.0,267,1.0
1240,1324,0.8329466357308585,True,0.40250924883842326,0.40250924883842326,399,1.0,391,1.0
1242,1325,0.7545691906005222,True,1.2344074998662578,1.2344074998662578,361,1.0,311,1.0
1243,1328,0.8300220750551877,True,0.6551526522977908,0.6551526522977908,436,1.0,393,1.0
1244,1329,0.8177874186550976,True,1.3737752661739697,1.3737752661739697,452,1.0,386,1.0
1245,1330,0.7455197132616488,True,2.4115577475461727,2.4115577475461727,267,1.0,220,1.0
1248,1331,0.15333333333333332,False,,,300,1.0,46,1.0
1246,1332,0.8012232415902141,True,0.8513671033167244,0.8513671033167244,300,1.0,289,1.0
1247,1333,0.8879310344827587,True,0.359746992245622,0.359746992245622,330,1.0,327,1.0
1249,1334,0.7692307692307693,True,0.9637452448548679,0.9637452448548679,184,1.0,184,1.0
1250,1335,0.8215767634854771,True,1.6305477065085519,1.6305477065085519,456,1.0,422,1.0
1251,1336,0.8733624454148472,True,0.968154593943836,0.968154593943836,658,1.0,629,1.0
1252,1337,0.8594164456233422,True,0.7069634335549358,0.7069634335549358,359,1.0,342,1.0
1253,1338,0.6666666666666666,True,0.16541528290755578,0.16541528290755578,177,1.0,118,1.0
1254,1339,0.8284023668639053,True,0.8688249234419116,0.8688249234419116,323,1.0,295,1.0
1257,1340,0.8912529550827423,True,0.6199156513258189,0.6199156513258189,398,1.0,402,1.0
1256,1341,0.8555555555555555,True,0.6095435524268621,0.6095435524268621,254,1.0,247,1.0
1258,1342,0.8431372549019608,True,0.37714601456936164,0.37714601456936164,188,1.0,188,1.0
1259,1343,0.7210626185958254,True,3.600384722311534,3.600384722311534,403,1.0,504,1.0
1262,1344,0.8983050847457628,True,0.7820877334686042,0.7820877334686042,177,1.0,159,1.0
1260,1345,0.45689655172413796,True,4.602197933224371,4.602197933224371,231,1.0,107,1.0
1261,1346,0.8071428571428572,True,0.3439388714530792,0.3439388714530792,140,1.0,113,1.0
1265,1348,0.18875502008032127,False,,,248,1.0,48,1.0
1263,1349,0.7816091954022989,True,1.3241785214140627,1.3241785214140627,238,1.0,227,1.0
1264,1350,0.8943965517241379,True,1.27052997139582,1.27052997139582,426,1.0,453,1.0
1266,1351,0.6724137931034483,True,2.2890447469131163,2.2890447469131163,136,1.0,155,1.0
1268,1352,0.8739837398373984,True,0.5161085808427883,0.5161085808427883,231,1.0,230,1.0
1267,1353,0.9325842696629213,True,0.2394222497859166,0.2394222497859166,436,1.0,424,1.0
1270,1354,0.8479087452471483,True,0.6468555344876146,0.6468555344876146,256,1.0,230,1.0
1269,1355,0.6105263157894737,True,3.6602944755863622,3.6602944755863622,187,1.0,272,1.0
1271,1356,0.851010101010101,True,0.43282707437288825,0.43282707437288825,382,1.0,351,1.0
1272,1357,0.6091370558375635,True,4.079020490252482,4.079020490252482,388,1.0,246,1.0
1274,1358,0.9457831325301205,True,0.9788954900144096,0.9788954900144096,652,1.0,640,1.0
1275,1359,0.2894736842105263,False,,,57,1.0,188,1.0
1276,1360,0.7773279352226721,True,0.9722952498352421,0.9722952498352421,195,1.0,244,1.0
1278,1361,0.8916544655929722,True,0.8714516512224812,0.8714516512224812,673,1.0,619,1.0
1279,1362,0.8804597701149425,True,0.6470732479104098,0.6470732479104098,424,1.0,394,1.0
1280,1363,0.8831168831168831,True,0.13248583081060503,0.13248583081060503,379,1.0,346,1.0
1277,1364,0.7045454545454546,True,0.24337677748267966,0.24337677748267966,64,1.0,86,1.0
1281,1365,0.9212962962962963,True,0.1050119915097612,0.1050119915097612,633,1.0,612,1.0
1282,1366,0.48242811501597443,True,7.0905914768815075,7.0905914768815075,161,1.0,303,1.0
1283,1367,0.5851851851851851,True,2.7657676163314475,2.7657676163314475,107,1.0,107,1.0
1284,1368,0.6899563318777293,True,1.2176477416668539,1.2176477416668539,183,1.0,204,1.0
1285,1369,0.8443396226415094,True,0.9337969054767288,0.9337969054767288,211,1.0,180,1.0
1286,1370,0.783625730994152,True,0.3612974650658922,0.3612974650658922,145,1.0,160,1.0
1288,1371,0.8768115942028986,True,0.509875346974951,0.509875346974951,138,1.0,121,1.0
1289,1372,0.872791519434629,True,0.4378620645605002,0.4378620645605002,281,1.0,249,1.0
1287,1374,0.8195615514333895,True,1.653818851296572,1.653818851296572,496,1.0,583,1.0
1290,1375,0.8196078431372549,True,0.4352125719635841,0.4352125719635841,253,1.0,211,1.0
1291,1376,0.862934362934363,True,0.7727488429017627,0.7727488429017627,502,1.0,463,1.0
1292,1377,0.8571428571428571,True,0.26175238807171086,0.26175238807171086,192,1.0,172,1.0
1293,1379,0.7450980392156863,True,0.41819469918476676,0.41819469918476676,49,1.0,40,1.0
1294,1380,0.8912529550827423,True,0.41383989536276994,0.41383989536276994,410,1.0,390,1.0
1295,1381,0.7302631578947368,True,0.42606502156811027,0.42606502156811027,304,1.0,222,1.0
1296,1382,0.8661417322834646,True,0.2737223342992456,0.2737223342992456,127,1.0,110,1.0
1297,1383,0.7865497076023392,True,0.6235021601841919,0.6235021601841919,317,1.0,294,1.0
1298,1384,0.8401727861771058,True,1.6799316827806998,1.6799316827806998,431,1.0,421,1.0
1299,1385,0.8156565656565656,True,0.8186009254274724,0.8186009254274724,382,1.0,337,1.0
1300,1386,0.7509025270758123,True,2.2607315623310043,2.2607315623310043,554,1.0,416,1.0
1301,1387,0.7157360406091371,True,1.2246227586205007,1.2246227586205007,180,1.0,158,1.0
1302,1388,0.8859470468431772,True,0.5355443051340105,0.5355443051340105,491,1.0,435,1.0
1303,1389,0.8366533864541833,True,0.5590285662640703,0.5590285662640703,236,1.0,225,1.0
1305,1391,0.8308026030368764,True,1.9508905181751581,1.9508905181751581,402,1.0,442,1.0
1307,1392,0.9029535864978903,True,0.6981704826984718,0.6981704826984718,463,1.0,439,1.0
1309,1393,0.9171974522292994,True,0.9407460372914856,0.9407460372914856,157,1.0,144,1.0
1308,1394,0.8914893617021277,True,0.4976548341614659,0.4976548341614659,467,1.0,422,1.0
1304,1395,0.640506329113924,True,4.2647500432710155,4.2647500432710155,600,1.0,696,1.0
1310,1396,0.8372781065088757,True,1.4532615654519816,1.4532615654519816,322,1.0,299,1.0
1311,1397,0.7125220458553791,True,2.7490481470128056,2.7490481470128056,432,1.0,539,1.0
1313,1398,0.8357487922705314,True,1.7000772162257525,1.7000772162257525,389,1.0,371,1.0
1312,1399,0.35260115606936415,True,6.147386565794317,6.147386565794317,334,1.0,134,1.0
1314,1400,0.8219512195121951,True,1.3307722055617677,1.3307722055617677,386,1.0,361,1.0
1316,1401,0.7914893617021277,True,0.47096651681602647,0.47096651681602647,235,1.0,186,1.0
1315,1402,0.7004830917874396,True,0.9238726115927512,0.9238726115927512,207,1.0,145,1.0
1319,1403,0.46835443037974683,True,1.496090361254828,1.496090361254828,61,1.0,55,1.0
1318,1404,0.928388746803069,True,0.5255834372017735,0.5255834372017735,373,1.0,381,1.0
