fixed_cell_id,moving_cell_id,iou,accepted,centroid_error_px,tre_px,moving_valid_area_px,moving_valid_fraction,fixed_valid_area_px,fixed_valid_fraction
15,1,0.7931034482758621,True,0.5877391756771595,0.5877391756771595,391,1.0,493,1.0
5,2,0.0,False,,,112,1.0,90,1.0
6,3,0.587378640776699,True,3.935093273343571,3.935093273343571,251,1.0,403,1.0
7,4,0.42053789731051344,True,4.390101961264915,4.390101961264915,177,1.0,404,1.0
8,5,0.3782051282051282,True,4.815275564901583,4.815275564901583,179,1.0,466,1.0
16,6,0.7938829787234043,True,0.8525235660857269,0.8525235660857269,603,1.0,746,1.0
9,7,0.4446064139941691,True,6.970283191651926,6.970283191651926,306,1.0,685,1.0
3,8,0.0,False,,,47,1.0,209,1.0
12,9,0.1174934725848564,False,,,217,1.0,211,1.0
10,10,0.4887640449438202,True,4.44205922070023,4.44205922070023,261,1.0,534,1.0
11,11,0.5346534653465347,True,4.4545961530729405,4.4545961530729405,328,1.0,602,1.0
1,12,0.11549295774647887,False,,,41,1.0,355,1.0
2,13,0.42128935532233885,True,4.67329167276644,4.67329167276644,286,1.0,662,1.0
4,14,0.21940928270042195,False,,,56,1.0,233,1.0
13,15,0.5238907849829352,True,6.834164745026228,6.834164745026228,315,1.0,578,1.0
14,16,0.665158371040724,True,0.8204837769999819,0.8204837769999819,312,1.0,424,1.0
17,17,0.9010654490106544,True,0.1699589710483366,0.1699589710483366,617,1.0,632,1.0
19,18,0.7556532663316583,True,0.15506530214810949,0.15506530214810949,1286,1.0,1509,1.0
18,19,0.47912087912087914,True,2.638088068639197,2.638088068639197,220,1.0,453,1.0
24,20,0.9361207897793263,True,0.321400919479605,0.321400919479605,817,1.0,850,1.0
20,21,0.7551229508196722,True,3.5021590324275897,3.5021590324275897,750,1.0,963,1.0
23,22,0.5143769968051118,True,2.5969628396323916,2.5969628396323916,178,1.0,296,1.0
21,23,0.3139784946236559,True,4.584954923046305,4.584954923046305,148,1.0,463,1.0
28,24,0.8961538461538462,True,0.1714325727940942,0.1714325727940942,250,1.0,243,1.0
26,25,0.6954545454545454,True,4.110246245996018,4.110246245996018,317,1.0,429,1.0
25,26,0.0,False,,,97,1.0,90,1.0
22,27,0.2567049808429119,False,,,78,1.0,250,1.0
37,28,0.3988549618320611,True,3.9920074450286074,3.9920074450286074,485,1.0,248,1.0
29,29,0.7925925925925926,True,1.5745546380688475,1.5745546380688475,521,1.0,447,1.0
30,30,0.9155722326454033,True,0.4538526140736192,0.4538526140736192,529,1.0,492,1.0
31,31,0.32688588007736946,True,9.53701043641984,9.53701043641984,288,1.0,398,1.0
34,32,0.9237804878048781,True,0.905355738560111,0.905355738560111,627,1.0,635,1.0
27,33,0.0,False,,,234,1.0,260,1.0
32,34,0.8472505091649695,True,1.586002780972204,1.586002780972204,478,1.0,429,1.0
33,35,0.5154362416107383,True,6.883559863288004,6.883559863288004,740,1.0,389,1.0
36,36,0.670846394984326,True,1.0593471823733476,1.0593471823733476,319,1.0,214,1.0
35,37,0.9282758620689655,True,0.7652320375800703,0.7652320375800703,719,1.0,679,1.0
40,38,0.0,False,,,62,1.0,237,1.0
38,39,0.7285714285714285,True,1.9779754766283695,1.9779754766283695,419,1.0,307,1.0
39,40,0.8602150537634409,True,1.0017249904517824,1.0017249904517824,358,1.0,334,1.0
43,41,0.9066305818673883,True,1.433757722020271,1.433757722020271,726,1.0,683,1.0
48,42,0.0,False,,,161,1.0,25,1.0
41,43,0.6115288220551378,True,3.8073001677987133,3.8073001677987133,261,1.0,382,1.0
42,44,0.6686217008797654,True,0.663175572271017,0.663175572271017,228,1.0,341,1.0
44,45,0.9053627760252366,True,0.17917889684670082,0.17917889684670082,288,1.0,316,1.0
45,46,0.8927680798004988,True,0.2969517173436719,0.2969517173436719,380,1.0,379,1.0
47,47,0.8227194492254734,True,1.248234393619236,1.248234393619236,494,1.0,565,1.0
70,48,0.22617124394184168,False,,,569,1.0,190,1.0
49,49,0.8538961038961039,True,1.1427448418258312,1.1427448418258312,291,1.0,280,1.0
46,50,0.9402730375426621,True,0.10301393925604999,0.10301393925604999,570,1.0,567,1.0
54,51,0.9043478260869565,True,0.8521068588944407,0.8521068588944407,333,1.0,324,1.0
50,52,0.4864864864864865,True,7.645363951642498,7.645363951642498,353,1.0,692,1.0
57,53,0.8583690987124464,True,1.0597716689361167,1.0597716689361167,446,1.0,420,1.0
53,54,0.8665254237288136,True,1.1846384264716678,1.1846384264716678,415,1.0,466,1.0
52,55,0.9254327563249002,True,0.2802018013320194,0.2802018013320194,700,1.0,746,1.0
56,56,0.8510204081632653,True,0.8385069878730498,0.8385069878730498,483,1.0,424,1.0
61,57,0.8282828282828283,True,1.9742452062680325,1.9742452062680325,870,1.0,759,1.0
60,58,0.8212765957446808,True,0.9201951463696583,0.9201951463696583,224,1.0,204,1.0
58,59,0.5741239892183289,True,3.120240767617556,3.120240767617556,213,1.0,371,1.0
51,60,0.0,False,,,225,1.0,316,1.0
63,61,0.7679738562091504,True,1.0011915673071548,1.0011915673071548,250,1.0,291,1.0
64,62,0.8211920529801324,True,0.8484349294574056,0.8484349294574056,267,1.0,283,1.0
67,63,0.8987688098495212,True,1.2356831539941957,1.2356831539941957,730,1.0,658,1.0
73,64,0.803921568627451,True,4.922308042771216,4.922308042771216,390,0.9873417721518988,438,0.9954545454545455
65,65,0.855072463768116,True,0.9061473433960913,0.9061473433960913,184,1.0,200,1.0
62,66,0.698170731707317,True,1.3395153598989908,1.3395153598989908,241,1.0,316,1.0
66,67,0.739413680781759,True,2.1693528543670126,2.1693528543670126,307,1.0,227,1.0
77,68,0.6023778071334214,True,9.13089941408069,9.13089941408069,757,1.0,456,1.0
59,69,0.0,False,,,287,1.0,199,1.0
69,70,0.9312169312169312,True,0.39694085605179247,0.39694085605179247,908,1.0,917,1.0
71,71,0.8676122931442081,True,1.1526976504981623,1.1526976504981623,388,1.0,402,1.0
72,72,0.7782857142857142,True,2.0633721351781547,2.0633721351781547,706,1.0,850,1.0
74,73,0.8953068592057761,True,0.10202961999955129,0.10202961999955129,259,1.0,266,1.0
75,74,0.9035532994923858,True,0.41087430937707753,0.41087430937707753,377,1.0,373,1.0
78,75,0.9629286376274329,True,0.03725406108614561,0.03725406108614561,1050,1.0,1068,1.0
95,76,0.49191685912240185,True,6.962528068580951,6.962528068580951,422,1.0,224,1.0
76,77,0.5949367088607594,True,2.7600415279891175,2.7600415279891175,301,1.0,329,1.0
80,78,0.49067599067599066,True,4.090362920339118,4.090362920339118,434,1.0,845,1.0
81,79,0.8945086705202312,True,0.6826179096784627,0.6826179096784627,662,1.0,649,1.0
82,80,0.5727002967359051,True,7.478640322536697,7.478640322536697,600,1.0,990,1.0
83,81,0.9346049046321526,True,0.3211872778034913,0.3211872778034913,359,1.0,351,1.0
86,82,0.8181818181818182,True,0.9296460022278831,0.9296460022278831,498,1.0,422,1.0
68,83,0.0,False,,,300,1.0,194,1.0
89,84,0.8097826086956522,True,1.183223983317441,1.183223983317441,340,1.0,326,1.0
84,85,0.6461267605633803,True,4.077433118851227,4.077433118851227,368,1.0,567,1.0
55,86,0.0,False,,,174,1.0,108,1.0
91,87,0.8844011142061281,True,0.6074462095040177,0.6074462095040177,688,1.0,665,1.0
87,88,0.5766550522648084,True,4.124424481523503,4.124424481523503,458,1.0,447,1.0
90,89,0.7704545454545455,True,1.9635986066714943,1.9635986066714943,341,1.0,438,1.0
93,90,0.9241466498103666,True,1.0342161121709947,1.0342161121709947,774,1.0,748,1.0
85,91,0.0,False,,,24,1.0,36,1.0
98,92,0.8396334478808706,True,2.1771846716147105,2.1771846716147105,805,1.0,801,1.0
96,93,0.6875934230194319,True,3.290728498472111,3.290728498472111,492,1.0,637,1.0
94,94,0.7395833333333334,True,1.2931259326317435,1.2931259326317435,220,1.0,281,1.0
102,95,0.5476190476190477,True,5.527652404535417,5.527652404535417,491,1.0,289,1.0
97,96,0.9098998887652948,True,0.48812123816638125,0.48812123816638125,845,1.0,872,1.0
88,97,0.744916820702403,True,1.7155383466492398,1.7155383466492398,860,1.0,1028,1.0
100,98,0.9150197628458498,True,0.6419951256409776,0.6419951256409776,470,1.0,499,1.0
101,99,0.3768913342503439,True,10.663284903467146,10.663284903467146,553,1.0,1449,1.0
104,100,0.8517520215633423,True,0.7014602168918823,0.7014602168918823,345,1.0,342,1.0
79,101,0.0,False,,,34,1.0,203,1.0
105,102,0.6221498371335505,True,2.911582049180176,2.911582049180176,267,1.0,231,1.0
121,103,0.5855689176688251,True,8.168444773822465,8.168444773822465,1042,1.0,672,1.0
103,104,0.8915211970074813,True,0.23414802953773003,0.23414802953773003,725,1.0,792,1.0
107,105,0.8804920913884007,True,1.039932649061478,1.039932649061478,538,1.0,532,1.0
92,106,0.0,False,,,384,1.0,377,1.0
108,107,0.6987087517934003,True,2.839337992457473,2.839337992457473,620,1.0,564,1.0
109,108,0.6892177589852009,True,2.5266550482253627,2.5266550482253627,457,1.0,342,1.0
111,109,0.8284960422163589,True,0.9902447115516326,0.9902447115516326,359,1.0,334,1.0
112,110,0.9262899262899262,True,0.30947125855244434,0.30947125855244434,394,1.0,390,1.0
113,111,0.680327868852459,True,2.9563491872145593,2.9563491872145593,408,1.0,412,1.0
110,112,0.7914379802414928,True,2.3327317995609347,2.3327317995609347,735,1.0,897,1.0
99,113,0.0,False,,,378,1.0,179,1.0
114,114,0.9081632653061225,True,1.0475431021026052,1.0475431021026052,481,1.0,454,1.0
115,115,0.8956521739130435,True,0.7855251494649171,0.7855251494649171,752,1.0,774,1.0
127,116,0.6895306859205776,True,2.523323585007791,2.523323585007791,271,1.0,197,1.0
116,117,0.9057971014492754,True,0.494787985168263,0.494787985168263,407,1.0,382,1.0
118,118,0.7472527472527473,True,1.667823530184227,1.667823530184227,268,1.0,209,1.0
117,119,0.45849802371541504,True,4.026481032082865,4.026481032082865,116,1.0,253,1.0
126,120,0.772020725388601,True,1.8114029127547904,1.8114029127547904,333,1.0,351,1.0
119,121,0.9216152019002375,True,0.724790288755774,0.724790288755774,797,1.0,821,1.0
136,122,0.6594202898550725,True,6.646707382761143,6.646707382761143,746,1.0,628,1.0
130,123,0.7544483985765125,True,2.4580883982229245,2.4580883982229245,546,1.0,440,1.0
123,124,0.8914893617021277,True,1.9270010185090594,1.9270010185090594,870,1.0,908,1.0
125,125,0.775,True,0.9586620704819564,0.9586620704819564,201,1.0,225,1.0
133,126,0.609271523178808,True,5.98854423986029,5.98854423986029,739,1.0,476,1.0
128,127,0.6531440162271805,True,4.49740065236697,4.49740065236697,335,1.0,480,1.0
147,128,0.5591572123176661,True,7.972285098761894,7.972285098761894,599,1.0,363,1.0
122,129,0.37281553398058254,True,7.428550321275039,7.428550321275039,293,1.0,414,1.0
124,130,0.9133064516129032,True,0.5918892060103791,0.5918892060103791,458,1.0,491,1.0
141,131,0.8361344537815126,True,1.5470675657226918,1.5470675657226918,459,1.0,415,1.0
131,132,0.8069444444444445,True,1.7563958797908639,1.7563958797908639,626,1.0,675,1.0
137,133,0.8371681415929203,True,1.0177485588598998,1.0177485588598998,527,1.0,511,1.0
134,134,0.8553459119496856,True,0.18743691702680743,0.18743691702680743,311,1.0,279,1.0
135,135,0.8327974276527331,True,1.0967517524813055,1.0967517524813055,302,1.0,268,1.0
140,136,0.8501362397820164,True,0.68392576322272,0.68392576322272,323,1.0,356,1.0
143,137,0.7001862197392924,True,3.2665532457742064,3.2665532457742064,396,1.0,517,1.0
145,138,0.771978021978022,True,2.2810587918214864,2.2810587918214864,693,1.0,597,1.0
146,139,0.9378806333739342,True,0.8140722660226234,0.8140722660226234,781,1.0,810,1.0
149,140,0.7289915966386554,True,2.5742410564907448,2.5742410564907448,407,1.0,416,1.0
150,141,0.7350746268656716,True,1.2731315007559654,1.2731315007559654,268,1.0,197,1.0
148,142,0.8037383177570093,True,0.7337654222266543,0.7337654222266543,623,1.0,535,1.0
144,143,0.688195991091314,True,1.183133269599122,1.183133269599122,314,1.0,444,1.0
138,144,0.0,False,,,320,1.0,114,1.0
152,145,0.6879535558780842,True,1.1286090207714743,1.1286090207714743,672,1.0,491,1.0
129,146,0.0,False,,,56,1.0,196,1.0
160,147,0.6735042735042736,True,2.926875152927957,2.926875152927957,522,1.0,457,1.0
155,148,0.8794871794871795,True,0.34066453476838726,0.34066453476838726,364,1.0,369,1.0
154,149,0.7375231053604436,True,3.1749299460175915,3.1749299460175915,412,1.0,528,1.0
153,150,0.8522727272727273,True,0.9796895896358835,0.9796895896358835,452,1.0,526,1.0
159,151,0.8356997971602435,True,1.3090275570468852,1.3090275570468852,471,1.0,434,1.0
163,152,0.7065101387406617,True,4.060058077067297,4.060058077067297,911,0.9902173913043478,688,1.0
157,153,0.6906906906906907,True,1.8167929639611031,1.8167929639611031,283,1.0,280,1.0
158,154,0.9319371727748691,True,0.6230572913999229,0.6230572913999229,556,1.0,551,1.0
156,155,0.8333333333333334,True,1.1219096988309416,1.1219096988309416,234,1.0,272,1.0
162,156,0.5514705882352942,True,3.1035449522984493,3.1035449522984493,236,1.0,186,1.0
170,157,0.8602739726027397,True,1.2499197928625412,1.2499197928625412,359,1.0,320,1.0
161,158,0.8785714285714286,True,0.5035108832182422,0.5035108832182422,136,1.0,127,1.0
151,159,0.6274509803921569,True,4.308721921312166,4.308721921312166,337,1.0,493,1.0
164,160,0.4705438066465257,True,8.543978199951114,8.543978199951114,627,1.0,1320,1.0
167,161,0.8298969072164949,True,0.860021630345661,0.860021630345661,351,1.0,359,1.0
165,162,0.8955223880597015,True,0.9209032741972237,0.9209032741972237,508,1.0,508,1.0
166,163,0.8643122676579925,True,0.9957042316665053,0.9957042316665053,533,1.0,470,1.0
175,164,0.7770419426048565,True,2.0230693661969856,2.0230693661969856,418,1.0,387,1.0
174,165,0.7,True,1.9738363952797284,1.9738363952797284,285,1.0,208,1.0
168,166,0.9277522935779816,True,0.27290054957786536,0.27290054957786536,829,1.0,852,1.0
169,167,0.8742690058479532,True,0.5476479464667043,0.5476479464667043,316,1.0,325,1.0
171,168,0.8705035971223022,True,0.5598178905147554,0.5598178905147554,645,1.0,655,1.0
173,169,0.8,True,1.1391745179553194,1.1391745179553194,423,1.0,450,1.0
176,170,0.9230769230769231,True,0.10577368812842644,0.10577368812842644,350,1.0,350,1.0
142,171,0.0,False,,,258,1.0,237,1.0
181,172,0.7167235494880546,True,2.0024929939834317,2.0024929939834317,498,1.0,508,1.0
177,173,0.8533333333333334,True,0.7809823892779549,0.7809823892779549,198,1.0,219,1.0
178,174,0.5146198830409356,True,7.2767487391028345,7.2767487391028345,680,1.0,356,1.0
180,175,0.8510204081632653,True,1.041611634347531,1.041611634347531,455,1.0,452,1.0
182,176,0.8901303538175046,True,0.7297341936378094,0.7297341936378094,514,1.0,501,1.0
179,177,0.7983870967741935,True,0.8714450984042487,0.8714450984042487,210,1.0,236,1.0
183,178,0.9355797819623389,True,0.20506817015861353,0.20506817015861353,977,1.0,976,1.0
172,179,0.4264705882352941,True,3.261447122594692,3.261447122594692,58,1.0,136,1.0
187,180,0.7724550898203593,True,1.1203743439456153,1.1203743439456153,160,1.0,136,1.0
186,181,0.6258992805755396,True,1.0214041627940789,1.0214041627940789,93,1.0,133,1.0
190,182,0.8694610778443114,True,1.1136287573264432,1.1136287573264432,771,1.0,790,1.0
184,183,0.4749498997995992,True,3.4689642720888783,3.4689642720888783,247,1.0,489,1.0
139,184,0.0,False,,,104,1.0,220,1.0
196,185,0.6578947368421053,True,3.5492040709569403,3.5492040709569403,502,1.0,380,1.0
188,186,0.7702845100105374,True,1.7407088666160977,1.7407088666160977,761,1.0,919,1.0
191,187,0.8710359408033826,True,1.1261437439882709,1.1261437439882709,446,1.0,439,1.0
189,188,0.6208530805687204,True,5.784328819467051,5.784328819467051,527,1.0,841,1.0
192,189,0.9035087719298246,True,0.26402239052620036,0.26402239052620036,324,1.0,327,1.0
132,190,0.0,False,,,524,1.0,83,1.0
200,191,0.6068530207394048,True,6.852550187255887,6.852550187255887,1043,1.0,739,1.0
194,192,0.8896551724137931,True,0.3520074281277608,0.3520074281277608,403,1.0,419,1.0
198,193,0.9515570934256056,True,0.31250150326385817,0.31250150326385817,1120,1.0,1136,1.0
199,194,0.8098039215686275,True,1.4648513705712334,1.4648513705712334,438,1.0,485,1.0
195,195,0.875195007800312,True,1.1574428868273305,1.1574428868273305,587,1.0,615,1.0
185,196,0.0,False,,,210,1.0,305,1.0
202,197,0.6485355648535565,True,3.9562949331160264,3.9562949331160264,314,1.0,474,1.0
203,198,0.897716894977169,True,0.9014886428326923,0.9014886428326923,1073,1.0,1005,1.0
206,199,0.9240875912408759,True,0.8565761547779115,0.8565761547779115,651,1.0,667,1.0
204,200,0.8934010152284264,True,0.8004251922724839,0.8004251922724839,376,1.0,370,1.0
201,201,0.84472049689441,True,0.6452169849107966,0.6452169849107966,285,1.0,309,1.0
205,202,0.856401384083045,True,0.927047684173077,0.927047684173077,554,1.0,519,1.0
207,203,0.884990253411306,True,0.6478751447554983,0.6478751447554983,488,1.0,479,1.0
208,204,0.9332129963898917,True,0.9244860727678602,0.9244860727678602,526,1.0,545,1.0
209,205,0.8678038379530917,True,0.959375684516249,0.959375684516249,410,1.0,466,1.0
210,206,0.9279835390946503,True,0.15482076792700217,0.15482076792700217,465,1.0,472,1.0
120,207,0.0,False,,,139,1.0,29,1.0
212,208,0.7970430107526881,True,3.2007820815464703,3.2007820815464703,608,1.0,729,1.0
213,209,0.8410138248847926,True,1.1663028525798849,1.1663028525798849,414,1.0,385,1.0
211,210,0.6906077348066298,True,1.3934042130938513,1.3934042130938513,339,1.0,273,1.0
214,211,0.6509186351706037,True,2.694411551518006,2.694411551518006,266,1.0,363,1.0
216,212,0.9067961165048544,True,0.5590692975945335,0.5590692975945335,485,1.0,497,1.0
217,213,0.8852173913043478,True,0.09963559681009948,0.09963559681009948,526,1.0,558,1.0
219,214,0.8505338078291815,True,0.8347411728287502,0.8347411728287502,533,1.0,507,1.0
226,215,0.8062730627306273,True,1.6050569244792159,1.6050569244792159,509,1.0,470,1.0
225,216,0.8193832599118943,True,1.1263727245018615,1.1263727245018615,199,1.0,214,1.0
220,217,0.7574370709382151,True,1.6404741337390132,1.6404741337390132,346,1.0,422,1.0
223,218,0.8665447897623401,True,0.7875109079329614,0.7875109079329614,538,1.0,483,1.0
221,219,0.8620689655172413,True,0.4859664799240546,0.4859664799240546,284,1.0,310,1.0
224,220,0.8660399529964747,True,1.8096556561133261,1.8096556561133261,817,1.0,771,1.0
229,221,0.7970627503337784,True,1.8771104387874704,1.8771104387874704,633,1.0,713,1.0
230,222,0.8275154004106776,True,2.488226702028579,2.488226702028579,414,1.0,476,1.0
231,223,0.492091388400703,True,9.38446520271898,9.38446520271898,578,1.0,1120,1.0
234,224,0.8312236286919831,True,0.642337912771389,0.642337912771389,462,1.0,406,1.0
227,225,0.6804979253112033,True,1.710584748858313,1.710584748858313,173,1.0,232,1.0
233,226,0.9298892988929889,True,0.6285349470618571,0.6285349470618571,521,1.0,525,1.0
215,227,0.7323943661971831,True,5.093068165415502,5.093068165415502,1027,1.0,941,1.0
238,228,0.8114285714285714,True,1.0886457782450731,1.0886457782450731,317,1.0,317,1.0
236,229,0.8540145985401459,True,0.9159093793712909,0.9159093793712909,253,1.0,255,1.0
235,230,0.9442934782608695,True,0.31081230286603484,0.31081230286603484,715,1.0,716,1.0
237,231,0.8959227467811158,True,0.49729578767139776,0.49729578767139776,846,1.0,921,1.0
239,232,0.8614173228346457,True,1.0046311015095974,1.0046311015095974,620,1.0,562,1.0
244,233,0.6666666666666666,True,2.6268933031874475,2.6268933031874475,432,1.0,323,1.0
240,234,0.7416413373860182,True,1.8127098586262158,1.8127098586262158,267,1.0,306,1.0
243,235,0.6510791366906474,True,1.9878568757112651,1.9878568757112651,278,1.0,181,1.0
246,236,0.8237410071942446,True,1.59443963370913,1.59443963370913,272,1.0,235,1.0
228,237,0.0,False,,,167,1.0,65,1.0
242,238,0.9267326732673268,True,0.3145560450254792,0.3145560450254792,493,1.0,480,1.0
245,239,0.8585858585858586,True,1.5760826087514201,1.5760826087514201,564,1.0,540,1.0
193,240,0.0,False,,,77,1.0,369,1.0
248,241,0.336,True,4.210243373628219,4.210243373628219,203,1.0,131,1.0
249,242,0.7227722772277227,True,0.8293142086240879,0.8293142086240879,159,1.0,189,1.0
250,243,0.5025987525987526,True,7.975877693207619,7.975877693207619,1022,1.0,1869,1.0
251,244,0.9047619047619048,True,1.2063689218435862,1.2063689218435862,767,1.0,713,1.0
253,245,0.7848101265822784,True,0.7402554632453704,0.7402554632453704,301,1.0,263,1.0
257,246,0.8696969696969697,True,0.8202790742663973,0.8202790742663973,293,1.0,324,1.0
258,247,0.8244514106583072,True,0.9702993782423605,0.9702993782423605,268,1.0,314,1.0
106,248,0.0,False,,,805,1.0,278,1.0
252,249,0.8391167192429022,True,0.8096567054691042,0.8096567054691042,297,1.0,286,1.0
255,250,0.6666666666666666,True,3.1359217976138902,3.1359217976138902,385,1.0,275,1.0
256,251,0.839458413926499,True,2.847271267516771,2.847271267516771,875,1.0,1027,1.0
241,252,0.38688524590163936,True,3.980478668304137,3.980478668304137,118,1.0,305,1.0
264,253,0.5208333333333334,True,1.9963736128208511,1.9963736128208511,139,1.0,80,1.0
218,254,0.0,False,,,527,1.0,147,1.0
260,255,0.8821138211382114,True,0.47992717909310584,0.47992717909310584,223,1.0,240,1.0
262,256,0.7547169811320755,True,1.5248452389624245,1.5248452389624245,174,1.0,198,1.0
266,257,0.8274932614555256,True,2.0741519514804234,2.0741519514804234,732,1.0,624,1.0
265,258,0.8800675675675675,True,0.9235170676030574,0.9235170676030574,532,1.0,581,1.0
261,259,0.8530805687203792,True,1.1918830440283008,1.1918830440283008,395,1.0,387,1.0
268,260,0.2222222222222222,False,,,48,1.0,150,1.0
267,261,0.9427527405602923,True,0.21348925032866034,0.21348925032866034,816,1.0,779,1.0
254,262,0.40336134453781514,True,5.159230192361544,5.159230192361544,192,1.0,476,1.0
270,263,0.47413793103448276,True,3.302278706058407,3.302278706058407,137,1.0,205,1.0
269,264,0.8492063492063492,True,1.5374825805179577,1.5374825805179577,587,1.0,578,1.0
271,265,0.8523936170212766,True,1.8622487410093491,1.8622487410093491,710,1.0,683,1.0
272,266,0.6497584541062802,True,3.9792207996285933,3.9792207996285933,374,1.0,309,1.0
277,267,0.8362831858407079,True,1.1907746487149,1.1907746487149,404,1.0,426,1.0
232,268,0.0,False,,,157,1.0,260,1.0
276,269,0.8846153846153846,True,0.8047211112872219,0.8047211112872219,301,1.0,336,1.0
263,270,0.0,False,,,208,1.0,99,1.0
280,271,0.832183908045977,True,1.3002618870586324,1.3002618870586324,399,1.0,398,1.0
283,272,0.31983805668016196,True,3.882823015222744,3.882823015222744,236,1.0,90,1.0
273,273,0.0,False,,,105,1.0,262,1.0
278,274,0.8081081081081081,True,1.4714262878420525,1.4714262878420525,299,1.0,370,1.0
282,275,0.9351724137931035,True,0.14590678135048935,0.14590678135048935,711,1.0,692,1.0
275,276,0.45949367088607596,True,11.089447177092527,11.089447177092527,584,1.0,569,1.0
281,277,0.9171374764595104,True,0.16504326340524111,0.16504326340524111,501,1.0,517,1.0
284,278,0.8055555555555556,True,0.4236230520103298,0.4236230520103298,211,1.0,179,1.0
274,279,0.5221518987341772,True,7.931960376887399,7.931960376887399,359,1.0,603,1.0
287,280,0.6204663212435233,True,6.024073675742823,6.024073675742823,762,1.0,489,1.0
222,281,0.0,False,,,133,1.0,81,1.0
286,282,0.9118367346938776,True,1.1113907901936844,1.1113907901936844,1202,1.0,1140,1.0
259,283,0.0,False,,,143,1.0,88,1.0
291,284,0.8127659574468085,True,1.1475677801515474,1.1475677801515474,206,1.0,220,1.0
279,285,0.5651302605210421,True,5.18585750371037,5.18585750371037,288,1.0,493,1.0
292,286,0.8616144975288303,True,0.8834187565400429,0.8834187565400429,576,1.0,554,1.0
290,287,0.8711340206185567,True,0.3299616099056936,0.3299616099056936,189,1.0,174,1.0
293,288,0.8609715242881072,True,0.30018084981582605,0.30018084981582605,514,1.0,597,1.0
294,289,0.8914285714285715,True,0.3087869566266738,0.3087869566266738,336,1.0,326,1.0
295,290,0.8219584569732937,True,0.36584689455319136,0.36584689455319136,332,1.0,282,1.0
298,291,0.834658187599364,True,0.9827292284112297,0.9827292284112297,586,1.0,568,1.0
288,292,0.6895306859205776,True,2.0351531258501376,2.0351531258501376,192,1.0,276,1.0
300,293,0.8736842105263158,True,1.5504871720448063,1.5504871720448063,832,1.0,770,1.0
296,294,0.9055555555555556,True,0.32823445382833605,0.32823445382833605,166,1.0,177,1.0
299,295,0.8421052631578947,True,0.43377857383174306,0.43377857383174306,94,1.0,81,1.0
303,296,0.8629629629629629,True,0.6905802377029816,0.6905802377029816,520,1.0,486,1.0
302,297,0.9,True,0.1981777422168453,0.1981777422168453,296,1.0,274,1.0
301,298,0.8315412186379928,True,0.20850232129036167,0.20850232129036167,271,1.0,240,1.0
304,299,0.9025,True,0.5405678761100928,0.5405678761100928,386,1.0,375,1.0
307,300,0.7277777777777777,True,0.7393304307499234,0.7393304307499234,178,1.0,133,1.0
310,301,0.8546099290780141,True,1.3660553115893785,1.3660553115893785,526,1.0,520,1.0
314,302,0.9060150375939849,True,0.5084582415077206,0.5084582415077206,768,1.0,753,1.0
309,303,0.9362637362637363,True,0.19638797862863897,0.19638797862863897,448,1.0,433,1.0
312,304,0.8016949152542373,True,2.434410328605869,2.434410328605869,482,1.0,581,1.0
313,305,0.9013333333333333,True,0.23177203163983967,0.23177203163983967,368,1.0,345,1.0
308,306,0.6545454545454545,True,0.2920223752458136,0.2920223752458136,37,1.0,54,1.0
330,307,0.6416309012875536,True,3.8925060838492804,3.8925060838492804,452,1.0,313,1.0
317,308,0.8626198083067093,True,1.2299164519042676,1.2299164519042676,303,1.0,280,1.0
318,309,0.8761261261261262,True,0.713841553407178,0.713841553407178,426,1.0,407,1.0
319,310,0.6970128022759602,True,0.4236357785058399,0.4236357785058399,696,1.0,497,1.0
311,311,0.7984496124031008,True,1.3941397434213474,1.3941397434213474,219,1.0,245,1.0
324,312,0.8773109243697479,True,0.8365559679599153,0.8365559679599153,574,1.0,543,1.0
320,313,0.8608695652173913,True,0.21202411635938018,0.21202411635938018,229,1.0,199,1.0
323,314,0.9383938393839384,True,1.245688077405855,1.245688077405855,876,1.0,886,1.0
316,315,0.757328990228013,True,1.2364479954348702,1.2364479954348702,465,1.0,614,1.0
321,316,0.931095406360424,True,0.3594010048776648,0.3594010048776648,559,1.0,534,1.0
325,317,0.9405034324942791,True,0.1115071871704431,0.1115071871704431,858,1.0,838,1.0
326,318,0.48857644991212656,True,6.303293665981944,6.303293665981944,280,1.0,567,1.0
328,319,0.8594249201277955,True,0.9745868785731534,0.9745868785731534,304,1.0,278,1.0
305,320,0.0,False,,,160,1.0,230,1.0
329,321,0.8183556405353728,True,1.6765130745802759,1.6765130745802759,437,1.0,514,1.0
322,322,0.41379310344827586,True,1.907906456117086,1.907906456117086,60,1.0,145,1.0
332,323,0.8842443729903537,True,0.4617358954035597,0.4617358954035597,925,1.0,833,1.0
334,324,0.8265139116202946,True,1.5781657210759235,1.5781657210759235,581,1.0,535,1.0
335,325,0.8443271767810027,True,0.9263859969454743,0.9263859969454743,361,1.0,338,1.0
333,326,0.839572192513369,True,0.5154440805527034,0.5154440805527034,166,1.0,178,1.0
331,327,0.7804878048780488,True,3.2120447935851684,3.2120447935851684,549,1.0,692,1.0
339,328,0.673469387755102,True,3.9951392916964488,3.9951392916964488,439,1.0,545,1.0
289,329,0.0,False,,,226,1.0,125,1.0
338,330,0.6172413793103448,True,1.0023391971409297,1.0023391971409297,179,1.0,290,1.0
340,331,0.4330708661417323,True,8.014240026882627,8.014240026882627,507,1.0,221,1.0
336,332,0.4548440065681445,True,6.552184713315701,6.552184713315701,277,1.0,609,1.0
341,333,0.6865912762520194,True,3.759084377824814,3.759084377824814,506,1.0,538,1.0
337,334,0.8198924731182796,True,1.3435164124132608,1.3435164124132608,343,1.0,334,1.0
327,335,0.21336206896551724,False,,,99,1.0,464,1.0
346,336,0.8082368082368082,True,1.2371818296760337,1.2371818296760337,769,1.0,636,1.0
343,337,0.7305263157894737,True,1.717852325203561,1.717852325203561,472,1.0,350,1.0
344,338,0.7899022801302932,True,1.5227831144867998,1.5227831144867998,612,1.0,487,1.0
315,339,0.0,False,,,255,1.0,189,1.0
297,340,0.0,False,,,90,1.0,176,1.0
349,341,0.8478260869565217,True,1.2513160011726627,1.2513160011726627,554,1.0,551,1.0
347,342,0.8711111111111111,True,0.5884905189890801,0.5884905189890801,212,1.0,209,1.0
348,343,0.8857142857142857,True,0.600356099548454,0.600356099548454,351,1.0,375,1.0
351,344,0.9111842105263158,True,0.816006479258404,0.816006479258404,584,1.0,578,1.0
350,345,0.8461538461538461,True,1.043860748791112,1.043860748791112,233,1.0,223,1.0
364,346,0.6676737160120846,True,2.408142096837846,2.408142096837846,309,1.0,243,1.0
353,347,0.8648648648648649,True,0.07336081158493396,0.07336081158493396,107,1.0,100,1.0
354,348,0.9271356783919598,True,0.6975508743063186,0.6975508743063186,777,1.0,757,1.0
355,349,0.7577092511013216,True,2.10793297823848,2.10793297823848,671,1.0,526,1.0
356,350,0.7857142857142857,True,1.3948866718102653,1.3948866718102653,263,1.0,312,1.0
359,351,0.7866666666666666,True,1.5161495147878208,1.5161495147878208,128,1.0,140,1.0
352,352,0.8468085106382979,True,0.6075211259431815,0.6075211259431815,213,1.0,221,1.0
357,353,0.9519094766619519,True,0.24088917090243545,0.24088917090243545,689,1.0,691,1.0
358,354,0.8366013071895425,True,0.5484926159895368,0.5484926159895368,138,1.0,143,1.0
360,355,0.8774774774774775,True,0.8856944352534845,0.8856944352534845,525,1.0,517,1.0
362,356,0.9132867132867133,True,0.7600382435293174,0.7600382435293174,693,1.0,675,1.0
365,357,0.8400597907324364,True,0.8454958215088422,0.8454958215088422,623,1.0,608,1.0
366,358,0.8758928571428571,True,1.1222585527942044,1.1222585527942044,1057,1.0,1044,1.0
361,359,0.852112676056338,True,0.9781203532597497,0.9781203532597497,250,1.0,276,1.0
367,360,0.8553615960099751,True,0.41563032440171555,0.41563032440171555,797,1.0,691,1.0
363,361,0.6208530805687204,True,0.09571632203066936,0.09571632203066936,131,1.0,211,1.0
368,362,0.8249336870026526,True,1.5062793341292464,1.5062793341292464,328,1.0,360,1.0
370,363,0.8087248322147651,True,1.940068847804763,1.940068847804763,758,1.0,859,1.0
372,364,0.8309037900874635,True,1.7594398627177157,1.7594398627177157,300,1.0,328,1.0
369,365,0.9515905947441217,True,0.4760518256349863,0.4760518256349863,720,1.0,691,1.0
371,366,0.7897435897435897,True,1.2641523135774253,1.2641523135774253,309,1.0,389,1.0
379,367,0.7851037851037851,True,3.746860037665045,3.746860037665045,776,1.0,686,1.0
375,368,0.9298701298701298,True,0.14546118553693632,0.14546118553693632,373,1.0,370,1.0
374,369,0.6618819776714514,True,6.385688007339795,6.385688007339795,1278,1.0,1848,1.0
197,370,0.0,False,,,295,1.0,90,1.0
376,371,0.8844672657252889,True,0.2103169735953432,0.2103169735953432,751,1.0,717,1.0
378,372,0.9262536873156342,True,0.271387742520317,0.271387742520317,327,1.0,326,1.0
377,373,0.9419134396355353,True,0.5522737098891569,0.5522737098891569,832,1.0,873,1.0
381,374,0.9215686274509803,True,0.7486240364801133,0.7486240364801133,892,1.0,872,1.0
380,375,0.9267935578330894,True,0.2185201457124467,0.2185201457124467,681,1.0,635,1.0
373,377,0.46677740863787376,True,3.5189507217830895,3.5189507217830895,281,1.0,602,1.0
342,378,0.0,False,,,86,1.0,288,1.0
383,379,0.931924882629108,True,0.959770567927559,0.959770567927559,401,1.0,422,1.0
385,380,0.8983050847457628,True,0.717585049242954,0.717585049242954,444,1.0,452,1.0
384,381,0.8177150192554558,True,1.9189718166641077,1.9189718166641077,659,1.0,757,1.0
389,382,0.8955431754874652,True,1.0610138168156513,1.0610138168156513,691,1.0,670,1.0
390,383,0.8964941569282137,True,0.9748391255435291,0.9748391255435291,561,1.0,575,1.0
387,384,0.4198473282442748,True,4.381447156592266,4.381447156592266,71,1.0,115,1.0
388,385,0.8951310861423221,True,0.693563884459647,0.693563884459647,483,1.0,529,1.0
391,386,0.9136442141623489,True,0.3239037577211203,0.3239037577211203,529,1.0,579,1.0
396,387,0.8621553884711779,True,2.436764798937183,2.436764798937183,387,1.0,356,1.0
386,388,0.615909090909091,True,1.55317943506467,1.55317943506467,271,1.0,440,1.0
394,389,0.8770642201834863,True,0.8114639876969972,0.8114639876969972,499,1.0,524,1.0
395,390,0.8241134751773049,True,1.7168993807353654,1.7168993807353654,674,1.0,612,1.0
406,391,0.5883575883575883,True,4.363948008244306,4.363948008244306,478,1.0,286,1.0
415,392,0.3831578947368421,True,8.231342477068594,8.231342477068594,425,1.0,232,1.0
392,393,0.0,False,,,75,1.0,147,1.0
393,394,0.8353510895883777,True,1.0680253317809905,1.0680253317809905,368,1.0,390,1.0
399,395,0.9076704545454546,True,1.1757831796765759,1.1757831796765759,683,1.0,660,1.0
401,396,0.868020304568528,True,1.1729362353649788,1.1729362353649788,362,1.0,374,1.0
247,397,0.0,False,,,598,1.0,192,1.0
398,398,0.9468713105076741,True,0.24446587206582154,0.24446587206582154,836,1.0,813,1.0
402,399,0.8730964467005076,True,0.6645690444682943,0.6645690444682943,381,1.0,357,1.0
400,400,0.8730606488011283,True,1.0348738440273226,1.0348738440273226,633,1.0,695,1.0
405,401,0.875,True,0.7648172725092379,0.7648172725092379,601,1.0,554,1.0
404,402,0.7386877828054299,True,2.3965809204400728,2.3965809204400728,828,1.0,709,1.0
403,403,0.8947368421052632,True,0.43547513924350395,0.43547513924350395,499,1.0,545,1.0
407,404,0.9090909090909091,True,0.9339436489373507,0.9339436489373507,280,1.0,287,1.0
414,405,0.8346456692913385,True,2.070526661802559,2.070526661802559,496,1.0,436,1.0
410,406,0.8012820512820513,True,0.8682464828683428,0.8682464828683428,140,1.0,141,1.0
412,407,0.8625,True,1.0356520032201746,1.0356520032201746,849,1.0,939,1.0
409,408,0.8101010101010101,True,1.1214349207958574,1.1214349207958574,483,1.0,413,1.0
285,409,0.0,False,,,151,1.0,101,1.0
413,410,0.5780346820809249,True,1.065768861970516,1.065768861970516,173,1.0,100,1.0
420,411,0.4595959595959596,True,8.845687251207584,8.845687251207584,981,1.0,464,1.0
408,412,0.8344370860927153,True,1.5238174902045503,1.5238174902045503,504,1.0,604,1.0
418,413,0.9033149171270718,True,0.6554855966565664,0.6554855966565664,348,1.0,341,1.0
416,414,0.9493670886075949,True,0.348688857235076,0.348688857235076,1255,1.0,1209,1.0
411,415,0.44222222222222224,True,6.082172663405196,6.082172663405196,209,1.0,440,1.0
417,416,0.9051724137931034,True,0.2736589595513771,0.2736589595513771,321,1.0,342,1.0
419,417,0.3002680965147453,True,4.636213194501898,4.636213194501898,112,1.0,373,1.0
423,418,0.7336956521739131,True,1.2248873089813135,1.2248873089813135,147,1.0,172,1.0
422,419,0.9503448275862069,True,0.1778553210929794,0.1778553210929794,698,1.0,716,1.0
427,420,0.6098654708520179,True,2.3887115150797524,2.3887115150797524,181,1.0,178,1.0
421,421,0.5131578947368421,True,7.953990236811454,7.953990236811454,621,1.0,529,1.0
428,422,0.9150326797385621,True,0.6968423677912958,0.6968423677912958,893,1.0,865,1.0
431,423,0.9032679738562092,True,1.1957353476824208,1.1957353476824208,730,1.0,726,1.0
430,424,0.9201388888888888,True,0.5698287736782885,0.5698287736782885,272,1.0,281,1.0
429,425,0.9090909090909091,True,0.24249046415759035,0.24249046415759035,216,1.0,225,1.0
432,426,0.9025875190258752,True,0.9765877584575868,0.9765877584575868,619,1.0,631,1.0
433,427,0.7562724014336918,True,3.2858326777195064,3.2858326777195064,472,1.0,508,1.0
436,428,0.8766328011611031,True,0.9208627305430342,0.9208627305430342,632,1.0,661,1.0
435,429,0.8187221396731055,True,1.6539134878596775,1.6539134878596775,639,1.0,585,1.0
437,431,0.9006622516556292,True,0.30058268886556977,0.30058268886556977,556,1.0,592,1.0
438,432,0.9008403361344538,True,1.1805562819113575,1.1805562819113575,1098,1.0,1164,1.0
434,433,0.4712950600801068,True,8.193442144590488,8.193442144590488,365,1.0,737,1.0
442,434,0.8548212351029253,True,1.1408555067509678,1.1408555067509678,878,1.0,834,1.0
439,435,0.9259259259259259,True,0.2645329217073032,0.2645329217073032,461,1.0,475,1.0
441,436,0.8534798534798534,True,1.0786633419808338,1.0786633419808338,539,1.0,473,1.0
444,437,0.9296636085626911,True,0.8299071915116073,0.8299071915116073,636,1.0,626,1.0
449,438,0.8601735776277725,True,1.8146327911215927,1.8146327911215927,980,1.0,949,1.0
446,439,0.8715953307392996,True,0.8118062637464517,0.8118062637464517,485,1.0,477,1.0
443,440,0.9533239038189534,True,0.1260243299838429,0.1260243299838429,701,1.0,680,1.0
450,441,0.8327759197324415,True,0.699350454012192,0.699350454012192,272,1.0,276,1.0
447,442,0.7797270955165692,True,2.190995423083262,2.190995423083262,507,1.0,406,1.0
448,443,0.7662650602409639,True,0.2686114839467227,0.2686114839467227,318,1.0,415,1.0
455,444,0.5808823529411765,True,2.2108460056318484,2.2108460056318484,267,1.0,163,1.0
453,445,0.8690176322418136,True,0.9575957608376028,0.9575957608376028,754,1.0,730,1.0
451,446,0.9229781771501926,True,0.8013956191892226,0.8013956191892226,739,1.0,759,1.0
452,447,0.9425190194420964,True,0.8244664467220285,0.8244664467220285,1130,1.0,1168,1.0
440,448,0.0,False,,,334,1.0,217,1.0
454,449,0.8488372093023255,True,1.2539589784099325,1.2539589784099325,407,1.0,388,1.0
460,450,0.881638846737481,True,1.217988038739826,1.217988038739826,634,1.0,606,1.0
457,451,0.620253164556962,True,3.9967517767084746,3.9967517767084746,318,1.0,322,1.0
464,452,0.8596491228070176,True,1.108526416465668,1.108526416465668,431,1.0,417,1.0
458,453,0.6869300911854104,True,1.4513205591931608,1.4513205591931608,323,1.0,232,1.0
459,454,0.95,True,0.4693926882673254,0.4693926882673254,669,1.0,657,1.0
462,455,0.874251497005988,True,0.6177903224185313,0.6177903224185313,326,1.0,300,1.0
463,456,0.7773972602739726,True,2.5771200919651784,2.5771200919651784,459,1.0,579,1.0
465,457,0.8632938643702907,True,1.2597529379082053,1.2597529379082053,886,1.0,845,1.0
466,458,0.9670731707317073,True,0.43565645612429105,0.43565645612429105,815,1.0,798,1.0
461,459,0.3595505617977528,True,3.470656198826518,3.470656198826518,41,1.0,80,1.0
468,460,0.7979166666666667,True,0.9315153597985523,0.9315153597985523,467,1.0,396,1.0
445,461,0.4508670520231214,True,7.30175495120698,7.30175495120698,238,1.0,515,1.0
467,462,0.7943722943722944,True,2.243005915093756,2.243005915093756,398,1.0,431,1.0
424,463,0.0,False,,,92,1.0,241,1.0
471,464,0.9497645211930926,True,0.7646480084414641,0.7646480084414641,618,1.0,624,1.0
472,465,0.8467023172905526,True,0.6267838535008617,0.6267838535008617,498,1.0,538,1.0
397,466,0.0,False,,,325,1.0,142,1.0
470,467,0.8622327790973872,True,0.3595957668236745,0.3595957668236745,376,1.0,408,1.0
473,468,0.9033898305084745,True,1.1555468105576474,1.1555468105576474,555,1.0,568,1.0
475,469,0.508130081300813,True,7.896833220984893,7.896833220984893,490,1.0,252,1.0
476,470,0.9262435677530018,True,0.7532835718549656,0.7532835718549656,562,1.0,561,1.0
477,471,0.8951132300357568,True,1.622606662377142,1.622606662377142,781,1.0,809,1.0
481,472,0.574468085106383,True,1.9366180840661198,1.9366180840661198,184,1.0,112,1.0
480,473,0.8881469115191987,True,1.3102794676181815,1.3102794676181815,561,1.0,570,1.0
488,474,0.6919431279620853,True,2.908500516056871,2.908500516056871,417,1.0,297,1.0
426,475,0.0,False,,,179,1.0,179,1.0
485,476,0.7045454545454546,True,6.268567428521879,6.268567428521879,1133,1.0,817,1.0
484,477,0.92,True,0.0665703009224213,0.0665703009224213,443,1.0,469,1.0
486,478,0.3350970017636684,True,6.822806310306886,6.822806310306886,211,1.0,546,1.0
490,479,0.8620689655172413,True,1.4798354466902275,1.4798354466902275,656,1.0,640,1.0
487,481,0.9457831325301205,True,0.748258695700821,0.748258695700821,811,1.0,804,1.0
537,482,0.7120475418692599,True,10.878254326925745,10.878254326925745,1847,1.0,1322,1.0
306,483,0.0,False,,,248,1.0,360,1.0
494,484,0.7339667458432304,True,1.4335677872434751,1.4335677872434751,410,1.0,320,1.0
491,485,0.9255150554675119,True,0.4753812639037247,0.4753812639037247,615,1.0,600,1.0
492,486,0.8996763754045307,True,0.854897610046931,0.854897610046931,306,1.0,281,1.0
499,487,0.6490765171503958,True,3.9863800191722465,3.9863800191722465,277,1.0,348,1.0
493,488,0.8698795180722891,True,1.2567360469420426,1.2567360469420426,739,1.0,813,1.0
498,489,0.8009302325581396,True,1.7522602650188004,1.7522602650188004,1007,1.0,929,1.0
495,490,0.9271623672230652,True,0.271725247691282,0.271725247691282,651,1.0,619,1.0
474,491,0.5844444444444444,True,7.479804399418515,7.479804399418515,642,1.0,784,1.0
497,492,0.9325068870523416,True,0.15842101349516877,0.15842101349516877,716,1.0,687,1.0
508,493,0.49101796407185627,True,4.905130402842387,4.905130402842387,328,1.0,170,1.0
500,494,0.9201451905626135,True,0.7945863846876944,0.7945863846876944,1041,1.0,1075,1.0
496,495,0.8243559718969555,True,0.9386417230816594,0.9386417230816594,355,1.0,424,1.0
469,496,0.0,False,,,75,1.0,194,1.0
501,497,0.7244897959183674,True,0.7119966441292224,0.7119966441292224,143,1.0,195,1.0
502,498,0.36551724137931035,True,8.549270988734545,8.549270988734545,178,1.0,416,1.0
504,499,0.4786150712830957,True,8.844661014573346,8.844661014573346,742,1.0,1436,1.0
521,500,0.42168674698795183,True,3.8052103612565573,3.8052103612565573,159,1.0,77,1.0
503,501,0.900516795865633,True,0.767171398934118,0.767171398934118,754,1.0,717,1.0
512,502,0.7111111111111111,True,2.5249856611466073,2.5249856611466073,255,1.0,207,1.0
520,503,0.327217125382263,True,2.810244976535243,2.810244976535243,327,1.0,107,1.0
505,504,0.7048611111111112,True,1.2476966705641546,1.2476966705641546,203,1.0,288,1.0
514,505,0.922440537745605,True,0.47352511148173815,0.47352511148173815,906,1.0,953,1.0
509,506,0.4432234432234432,True,5.616576997395136,5.616576997395136,243,1.0,545,1.0
511,507,0.8821917808219178,True,1.2760109701455422,1.2760109701455422,654,1.0,720,1.0
482,508,0.0,False,,,236,1.0,82,1.0
517,509,0.8873239436619719,True,1.2710595723572176,1.2710595723572176,544,1.0,528,1.0
513,510,0.8596938775510204,True,0.9027924467699014,0.9027924467699014,340,1.0,389,1.0
478,511,0.0,False,,,658,1.0,351,1.0
515,512,0.9120234604105572,True,0.8632206000319508,0.8632206000319508,976,1.0,980,1.0
518,513,0.8918406072106262,True,0.3096989731464433,0.3096989731464433,489,1.0,508,1.0
519,514,0.9461756373937678,True,0.14745691941969644,0.14745691941969644,346,1.0,341,1.0
510,515,0.8253333333333334,True,1.9975707191890586,1.9975707191890586,645,1.0,724,1.0
489,516,0.0,False,,,267,1.0,196,1.0
524,517,0.7287234042553191,True,1.5014952644113757,1.5014952644113757,167,1.0,158,1.0
523,518,0.9166666666666666,True,0.6229911950287211,0.6229911950287211,624,1.0,641,1.0
522,519,0.9130982367758187,True,0.5183613552059063,0.5183613552059063,780,1.0,739,1.0
529,520,0.8180737217598097,True,1.1675786428967845,1.1675786428967845,837,1.0,692,1.0
525,521,0.8346456692913385,True,0.6620125855416195,0.6620125855416195,380,1.0,319,1.0
528,522,0.8592375366568915,True,1.1751875933556655,1.1751875933556655,309,1.0,325,1.0
526,523,0.8118195956454122,True,2.1925149011161795,2.1925149011161795,553,1.0,612,1.0
530,524,0.9379779099405268,True,0.4293361043842316,0.4293361043842316,1164,1.0,1117,1.0
532,525,0.8726415094339622,True,1.3547274123253525,1.3547274123253525,403,1.0,391,1.0
479,526,0.0,False,,,57,1.0,153,1.0
531,527,0.8655834564254062,True,0.9881373264811055,0.9881373264811055,661,1.0,602,1.0
534,528,0.9019138755980861,True,1.053510975116365,1.053510975116365,378,1.0,417,1.0
533,529,0.7396449704142012,True,1.051225904044602,1.051225904044602,502,1.0,674,1.0
541,530,0.7088888888888889,True,2.1991202524923255,2.1991202524923255,353,1.0,416,1.0
535,531,0.7073863636363636,True,0.9860338460167956,0.9860338460167956,250,1.0,351,1.0
539,532,0.6446345256609642,True,5.528973807576036,5.528973807576036,1243,1.0,872,1.0
538,533,0.9125964010282777,True,0.22687644135027363,0.22687644135027363,378,1.0,366,1.0
543,534,0.7916666666666666,True,0.38439850572784645,0.38439850572784645,211,1.0,176,1.0
542,535,0.8205741626794258,True,1.8338203490163076,1.8338203490163076,353,1.0,408,1.0
483,536,0.0,False,,,124,1.0,578,1.0
545,537,0.9546632124352331,True,0.30749113054628685,0.30749113054628685,749,1.0,760,1.0
548,538,0.267515923566879,False,,,42,1.0,157,1.0
550,539,0.9031578947368422,True,0.7991079500030314,0.7991079500030314,449,1.0,455,1.0
549,540,0.7001067235859125,True,6.19459607810834,6.19459607810834,685,1.0,908,1.0
551,541,0.9423503325942351,True,0.14528628295794394,0.14528628295794394,441,1.0,435,1.0
540,542,0.3239795918367347,True,7.300421053348908,7.300421053348908,127,1.0,392,1.0
556,543,0.8911764705882353,True,0.8271715375169957,0.8271715375169957,655,1.0,631,1.0
553,544,0.8728813559322034,True,0.7907115826305748,0.7907115826305748,705,1.0,621,1.0
555,545,0.9196675900277008,True,0.9323098336215762,0.9323098336215762,698,1.0,688,1.0
552,546,0.7962962962962963,True,2.000176406922841,2.000176406922841,435,1.0,535,1.0
554,547,0.6612529002320185,True,4.2550872565301106,4.2550872565301106,807,1.0,625,1.0
558,548,0.8349328214971209,True,1.693888303765735,1.693888303765735,470,1.0,486,1.0
557,549,0.9337748344370861,True,0.5541965850061977,0.5541965850061977,582,1.0,586,1.0
561,550,0.8912621359223301,True,0.6637172967619849,0.6637172967619849,473,1.0,501,1.0
564,551,0.8286367098248286,True,1.2398056164642308,1.2398056164642308,1298,1.0,1103,1.0
559,552,0.9413407821229051,True,0.5058006372342256,0.5058006372342256,352,1.0,343,1.0
562,553,0.7600979192166463,True,3.25983267843351,3.25983267843351,741,1.0,697,1.0
565,554,0.9420152091254753,True,0.5650748535649897,0.5650748535649897,1023,1.0,1020,1.0
425,555,0.0,False,,,140,1.0,112,1.0
566,556,0.96684350132626,True,0.12258018129083348,0.12258018129083348,740,1.0,743,1.0
568,557,0.934984520123839,True,0.7333593554568985,0.7333593554568985,633,1.0,617,1.0
569,558,0.7805194805194805,True,3.193367568687682,3.193367568687682,728,1.0,643,1.0
567,559,0.9028871391076115,True,0.6807686204759857,0.6807686204759857,351,1.0,374,1.0
573,560,0.6576271186440678,True,0.36845794142884547,0.36845794142884547,885,1.0,582,1.0
570,561,0.8267477203647416,True,0.724964854717087,0.724964854717087,327,1.0,274,1.0
571,562,0.86328125,True,0.7958194042326552,0.7958194042326552,234,1.0,243,1.0
572,563,0.4453551912568306,True,3.6350835323536295,3.6350835323536295,163,1.0,366,1.0
574,564,0.62,True,0.8348871993260428,0.8348871993260428,200,1.0,124,1.0
577,565,0.7043795620437956,True,1.1894267027097059,1.1894267027097059,271,1.0,196,1.0
587,566,0.6225247524752475,True,5.103671701058196,5.103671701058196,808,1.0,503,1.0
578,567,0.841845140032949,True,1.1827772856772285,1.1827772856772285,563,1.0,555,1.0
580,568,0.8521739130434782,True,1.9093658488819731,1.9093658488819731,545,1.0,520,1.0
582,569,0.8581460674157303,True,1.3061412456500698,1.3061412456500698,697,1.0,626,1.0
579,570,0.8881199538638985,True,0.8080516182865835,0.8080516182865835,845,1.0,792,1.0
575,571,0.8754578754578755,True,1.877367867914508,1.877367867914508,790,1.0,746,1.0
516,572,0.0,False,,,209,1.0,304,1.0
608,573,0.5876623376623377,True,9.85416364537301,9.85416364537301,1225,1.0,731,1.0
576,574,0.7650273224043715,True,0.4497890540821378,0.4497890540821378,140,1.0,183,1.0
583,575,0.7497267759562841,True,2.860427750029652,2.860427750029652,711,1.0,890,1.0
584,576,0.809322033898305,True,0.5780257588530103,0.5780257588530103,191,1.0,236,1.0
593,577,0.6041666666666666,True,5.971322796266205,5.971322796266205,367,1.0,249,1.0
588,579,0.8523573200992556,True,1.1393036890153097,1.1393036890153097,700,1.0,793,1.0
589,580,0.7857142857142857,True,1.3331651057277543,1.3331651057277543,610,1.0,515,1.0
590,581,0.8280254777070064,True,0.9821985921838035,0.9821985921838035,144,1.0,143,1.0
591,582,0.7617647058823529,True,0.3834231826040914,0.3834231826040914,259,1.0,340,1.0
596,583,0.571900826446281,True,6.894357775934552,6.894357775934552,603,1.0,348,1.0
592,584,0.3344947735191638,True,7.237206330865374,7.237206330865374,106,1.0,277,1.0
594,585,0.8976034858387799,True,0.705220411975721,0.705220411975721,452,1.0,419,1.0
597,586,0.895397489539749,True,0.3806811215066949,0.3806811215066949,231,1.0,222,1.0
598,587,0.894878706199461,True,0.9537796426456016,0.9537796426456016,702,1.0,704,1.0
595,588,0.9506880733944955,True,0.46823308342581227,0.46823308342581227,858,1.0,843,1.0
585,589,0.6675062972292192,True,4.356780689825045,4.356780689825045,546,1.0,778,1.0
602,590,0.8103756708407871,True,2.947171969693153,2.947171969693153,541,1.0,471,1.0
544,591,0.0,False,,,95,1.0,190,1.0
599,592,0.736346516007533,True,2.6446244243805053,2.6446244243805053,413,1.0,509,1.0
600,593,0.4738562091503268,True,6.95345541738238,6.95345541738238,174,1.0,277,1.0
601,594,0.8446043165467626,True,1.0574268459323395,1.0574268459323395,596,1.0,686,1.0
603,595,0.8269230769230769,True,0.37761936658946593,0.37761936658946593,103,1.0,87,1.0
605,596,0.5976331360946746,True,4.207552986785447,4.207552986785447,368,1.0,442,1.0
604,597,0.8873239436619719,True,0.6577214275690804,0.6577214275690804,322,1.0,348,1.0
607,598,0.7197640117994101,True,1.583965865468966,1.583965865468966,249,1.0,334,1.0
606,599,0.8461538461538461,True,0.692810043219286,0.692810043219286,179,1.0,205,1.0
609,600,0.8571428571428571,True,0.2148168370561065,0.2148168370561065,238,1.0,256,1.0
586,601,0.6400255754475703,True,8.10109539389025,8.10109539389025,1029,1.0,1536,1.0
546,602,0.0,False,,,117,1.0,176,1.0
610,603,0.7869198312236287,True,1.0973144630310947,1.0973144630310947,391,1.0,456,1.0
612,604,0.9363295880149812,True,0.29159517587348477,0.29159517587348477,518,1.0,516,1.0
618,605,0.5347826086956522,True,4.739334520827312,4.739334520827312,433,1.0,273,1.0
617,606,0.5061019382627423,True,6.23217966600704,6.23217966600704,1212,1.0,886,1.0
613,607,0.8380566801619433,True,1.3883944709632892,1.3883944709632892,631,1.0,731,1.0
615,608,0.9189944134078212,True,4.202594911056343,4.202594911056343,681,1.0,693,1.0
614,609,0.9369817578772802,True,1.0846703003651983,1.0846703003651983,577,1.0,591,1.0
619,610,0.4219977553310887,True,3.093133682040768,3.093133682040768,889,1.0,378,1.0
616,611,0.12087912087912088,False,,,33,1.0,273,1.0
620,612,0.8714285714285714,True,1.150139630791828,1.150139630791828,208,1.0,185,1.0
527,613,0.0,False,,,386,1.0,123,1.0
621,614,0.8267581475128645,True,2.625618879701589,2.625618879701589,999,1.0,1131,1.0
623,615,0.8627002288329519,True,0.40793811616204695,0.40793811616204695,408,1.0,406,1.0
624,616,0.7455516014234875,True,2.234902644164417,2.234902644164417,501,1.0,480,1.0
536,617,0.0,False,,,214,1.0,263,1.0
625,618,0.8483412322274881,True,0.8513154064269531,0.8513154064269531,181,1.0,209,1.0
630,619,0.4652482269503546,True,8.625918021284567,8.625918021284567,686,1.0,347,1.0
563,620,0.0,False,,,221,1.0,247,1.0
626,621,0.9432258064516129,True,0.5895869536501743,0.5895869536501743,768,1.0,738,1.0
627,622,0.9269949066213922,True,0.5008021547667244,0.5008021547667244,572,1.0,563,1.0
629,623,0.9057591623036649,True,0.46798041049988326,0.46798041049988326,536,1.0,556,1.0
636,624,0.8138957816377171,True,3.1855621384724957,3.1855621384724957,753,1.0,709,1.0
632,625,0.8997772828507795,True,0.7356355345880138,0.7356355345880138,428,1.0,425,1.0
622,626,0.6329218106995885,True,6.486432517981675,6.486432517981675,787,1.0,1197,1.0
631,627,0.8650793650793651,True,0.580976981179933,0.580976981179933,227,1.0,243,1.0
635,628,0.9606396063960639,True,0.6074356840418365,0.6074356840418365,793,1.0,801,1.0
633,629,0.9505813953488372,True,0.21893954495940923,0.21893954495940923,684,1.0,658,1.0
634,630,0.6421052631578947,True,2.788807300350482,2.788807300350482,257,1.0,211,1.0
638,631,0.7656903765690377,True,0.6573472655349584,0.6573472655349584,239,1.0,183,1.0
637,632,0.8412017167381974,True,0.9809502362488343,0.9809502362488343,212,1.0,217,1.0
506,633,0.0,False,,,303,1.0,43,1.0
639,634,0.8957816377171216,True,0.31069377960177785,0.31069377960177785,367,1.0,397,1.0
644,635,0.7711598746081505,True,0.9754693005419275,0.9754693005419275,317,1.0,248,1.0
640,636,0.6128266033254157,True,5.82102714853759,5.82102714853759,598,1.0,760,1.0
642,637,0.8929577464788733,True,1.0089621567256637,1.0089621567256637,657,1.0,687,1.0
647,638,0.28688524590163933,False,,,366,1.0,105,1.0
507,639,0.0,False,,,127,1.0,236,1.0
641,640,0.8423645320197044,True,0.721751764953285,0.721751764953285,199,1.0,175,1.0
643,641,0.9388544891640866,True,0.44825740023643484,0.44825740023643484,1290,1.0,1215,1.0
649,642,0.8577524893314367,True,1.7063601668906043,1.7063601668906043,673,1.0,633,1.0
646,643,0.7053763440860215,True,3.44891858719258,3.44891858719258,930,1.0,656,1.0
648,644,0.8882113821138211,True,1.1327977008900427,1.1327977008900427,455,1.0,474,1.0
581,645,0.0,False,,,28,1.0,507,1.0
650,646,0.2623762376237624,False,,,202,1.0,53,1.0
382,647,0.0,False,,,309,1.0,46,1.0
652,648,0.8713872832369942,True,1.0262393363426827,1.0262393363426827,635,1.0,660,1.0
653,649,0.958974358974359,True,0.39920553448272134,0.39920553448272134,770,1.0,758,1.0
655,650,0.9042553191489362,True,1.0070149184443722,1.0070149184443722,363,1.0,353,1.0
654,651,0.9433962264150944,True,0.6675457382573857,0.6675457382573857,414,1.0,410,1.0
659,652,0.6970443349753694,True,0.3136431885201245,0.3136431885201245,406,1.0,283,1.0
657,653,0.9057239057239057,True,0.22346139531458029,0.22346139531458029,542,1.0,590,1.0
658,654,0.7894736842105263,True,0.6233518858096696,0.6233518858096696,189,1.0,151,1.0
656,655,0.6787330316742082,True,3.6424250618139298,3.6424250618139298,312,1.0,430,1.0
660,656,0.9157119476268413,True,0.6149642545458924,0.6149642545458924,1163,1.0,1178,1.0
661,657,0.8446170921198668,True,1.5757666945740987,1.5757666945740987,826,1.0,836,1.0
611,658,0.0,False,,,328,1.0,674,1.0
662,659,0.8957345971563981,True,0.8893856358418049,0.8893856358418049,966,1.0,1034,1.0
663,660,0.8827361563517915,True,0.5505046453152371,0.5505046453152371,567,1.0,589,1.0
664,661,0.8549222797927462,True,1.5649769608855293,1.5649769608855293,728,1.0,704,1.0
666,662,0.89453125,True,1.2629811024911204,1.2629811024911204,722,1.0,733,1.0
667,663,0.8731836195508587,True,1.3677937268045084,1.3677937268045084,681,1.0,737,1.0
668,664,0.9314685314685315,True,0.9612842933391824,0.9612842933391824,698,1.0,683,1.0
670,665,0.7964796479647965,True,1.6395682081647946,1.6395682081647946,892,1.0,741,1.0
671,666,0.7488888888888889,True,2.070105101840547,2.070105101840547,448,1.0,339,1.0
675,667,0.7622950819672131,True,2.5794854599663855,2.5794854599663855,337,1.0,308,1.0
669,668,0.914364640883978,True,0.8163156068251448,0.8163156068251448,674,1.0,712,1.0
674,669,0.32211538461538464,True,4.118450018083325,4.118450018083325,416,1.0,134,1.0
676,670,0.7147727272727272,True,3.2886387395083005,3.2886387395083005,856,1.0,653,1.0
672,671,0.9388535031847134,True,0.31484285387699196,0.31484285387699196,760,1.0,762,1.0
673,672,0.925414364640884,True,0.20003500237996844,0.20003500237996844,358,1.0,339,1.0
678,673,0.7080745341614907,True,0.7907415292355664,0.7907415292355664,483,1.0,342,1.0
679,674,0.8113879003558719,True,1.077708395147916,1.077708395147916,281,1.0,228,1.0
677,675,0.9054652880354506,True,0.9040873639599991,0.9040873639599991,663,1.0,627,1.0
682,676,0.5614754098360656,True,2.6554752306484923,2.6554752306484923,242,1.0,139,1.0
680,677,0.786046511627907,True,2.2799844029820946,2.2799844029820946,540,1.0,612,1.0
683,678,0.9123434704830053,True,1.126471800328991,1.126471800328991,532,1.0,537,1.0
681,679,0.9096267190569745,True,0.35166497239558264,0.35166497239558264,490,1.0,482,1.0
684,680,0.7799442896935933,True,0.8820198597725596,0.8820198597725596,356,1.0,283,1.0
699,681,0.7848739495798319,True,2.9153349551135954,2.9153349551135954,586,1.0,476,1.0
686,682,0.8876543209876543,True,1.0975551056292312,1.0975551056292312,739,1.0,790,1.0
645,683,0.0,False,,,245,1.0,378,1.0
560,684,0.0,False,,,67,1.0,387,1.0
688,685,0.6754617414248021,True,2.811466819330644,2.811466819330644,272,1.0,363,1.0
692,686,0.8818615751789977,True,1.100719627922175,1.100719627922175,799,1.0,778,1.0
690,687,0.3927958833619211,True,6.946037704969417,6.946037704969417,248,1.0,564,1.0
696,688,0.7725190839694657,True,4.43417980366374,4.43417980366374,532,1.0,629,1.0
700,689,0.8553345388788427,True,1.0287410200570897,1.0287410200570897,520,1.0,506,1.0
695,690,0.9693396226415094,True,0.18672942815995933,0.18672942815995933,835,1.0,835,1.0
691,691,0.8226600985221675,True,0.4548523963873118,0.4548523963873118,167,1.0,203,1.0
698,692,0.8652849740932642,True,2.187909728227999,2.187909728227999,523,1.0,557,1.0
693,693,0.8922237380627558,True,0.4295616211202725,0.4295616211202725,686,1.0,701,1.0
701,694,0.7879518072289157,True,1.8520297085014183,1.8520297085014183,401,1.0,341,1.0
697,695,0.7686274509803922,True,1.7518937058854769,1.7518937058854769,210,1.0,241,1.0
703,696,0.6917293233082706,True,3.8945095033273587,3.8945095033273587,560,1.0,565,1.0
694,697,0.7159090909090909,True,5.860498149631149,5.860498149631149,640,1.0,870,1.0
704,698,0.6158798283261803,True,2.8109629485870165,2.8109629485870165,294,1.0,459,1.0
547,699,0.0,False,,,142,1.0,500,1.0
711,700,0.9407265774378585,True,0.7831974927793838,0.7831974927793838,509,1.0,506,1.0
687,701,0.5847860538827259,True,7.023895565643651,7.023895565643651,381,1.0,619,1.0
708,702,0.877030162412993,True,0.4136870759269644,0.4136870759269644,384,1.0,425,1.0
707,703,0.9434306569343066,True,0.238005396984853,0.238005396984853,538,1.0,527,1.0
709,704,0.7663551401869159,True,0.4368977019891877,0.4368977019891877,84,1.0,105,1.0
710,705,0.8194945848375451,True,0.9658355237999778,0.9658355237999778,264,1.0,240,1.0
713,706,0.7565217391304347,True,0.8425120557282675,0.8425120557282675,228,1.0,176,1.0
723,707,0.5492957746478874,True,2.8441655546406763,2.8441655546406763,139,1.0,81,1.0
735,708,0.8648648648648649,True,7.834355569479517,7.834355569479517,250,1.0,233,1.0
714,709,0.9101978691019786,True,0.4749072048555014,0.4749072048555014,631,1.0,624,1.0
721,710,0.45112781954887216,True,0.18544782062167456,0.18544782062167456,266,1.0,120,1.0
718,711,0.8010704727921498,True,3.017218508390787,3.017218508390787,1090,1.0,929,1.0
719,712,0.9244505494505495,True,0.8884488848847955,0.8884488848847955,697,1.0,704,1.0
720,713,0.92125,True,0.7215860131670149,0.7215860131670149,766,1.0,771,1.0
717,714,0.8144796380090498,True,1.0782220078679996,1.0782220078679996,402,1.0,400,1.0
722,715,0.911062906724512,True,0.8975545726579115,0.8975545726579115,433,1.0,448,1.0
705,716,0.7146067415730337,True,5.39465265154094,5.39465265154094,673,1.0,853,1.0
715,717,0.8952496954933008,True,0.6961616263082733,0.6961616263082733,807,1.0,749,1.0
728,718,0.7386706948640483,True,2.1378300845471236,2.1378300845471236,646,1.0,505,1.0
725,719,0.7909836065573771,True,3.08922740960104,3.08922740960104,649,1.0,662,1.0
724,720,0.9094650205761317,True,0.24644991662832896,0.24644991662832896,236,1.0,228,1.0
731,721,0.8,True,0.9636565070906483,0.9636565070906483,351,1.0,351,1.0
730,722,0.7975460122699386,True,1.0019599392955076,1.0019599392955076,489,1.0,390,1.0
727,723,0.625,True,0.7805990890501033,0.7805990890501033,45,1.0,72,1.0
729,724,0.7,True,2.711581337638234,2.711581337638234,351,1.0,482,1.0
726,725,0.37019969278033793,True,12.663178599837762,12.663178599837762,391,1.0,501,1.0
733,726,0.789308176100629,True,3.064237145449433,3.064237145449433,289,1.0,280,1.0
741,727,0.8327526132404182,True,1.695793947057126,1.695793947057126,282,1.0,244,1.0
732,728,0.9210526315789473,True,0.19155634376938815,0.19155634376938815,329,1.0,328,1.0
716,729,0.5443548387096774,True,2.954290552250634,2.954290552250634,135,1.0,248,1.0
737,730,0.8275862068965517,True,0.4140603933450918,0.4140603933450918,260,1.0,217,1.0
739,731,0.8242811501597445,True,0.9724080620959892,0.9724080620959892,285,1.0,286,1.0
628,732,0.0,False,,,130,1.0,325,1.0
736,733,0.7759562841530054,True,1.9370127360467484,1.9370127360467484,655,1.0,645,1.0
746,734,0.9020332717190388,True,0.7094192612957967,0.7094192612957967,535,1.0,494,1.0
740,735,0.8977272727272727,True,0.6899100757110568,0.6899100757110568,554,1.0,615,1.0
738,736,0.7610619469026548,True,2.076401434926709,2.076401434926709,282,1.0,315,1.0
760,737,0.6526458616010855,True,4.4762406505569405,4.4762406505569405,727,1.0,491,1.0
748,738,0.8004385964912281,True,2.2030485214734727,2.2030485214734727,384,1.0,437,1.0
750,739,0.5136363636363637,True,0.8957829099145935,0.8957829099145935,220,1.0,113,1.0
689,740,0.0,False,,,66,1.0,169,1.0
751,741,0.8354700854700855,True,2.6302116335450094,2.6302116335450094,1369,1.0,1208,1.0
742,742,0.7727272727272727,True,3.1550215561074295,3.1550215561074295,342,1.0,321,1.0
745,743,0.8477611940298507,True,0.8594859809857529,0.8594859809857529,625,1.0,613,1.0
747,744,0.9612625538020086,True,0.2590909966424484,0.2590909966424484,688,1.0,679,1.0
755,745,0.875,True,1.7477360974240295,1.7477360974240295,777,1.0,708,1.0
753,746,0.7297872340425532,True,2.0139881706555482,2.0139881706555482,469,1.0,344,1.0
754,747,0.8493827160493828,True,0.7157645417116024,0.7157645417116024,386,1.0,363,1.0
743,749,0.6797853309481217,True,5.468185304106825,5.468185304106825,389,1.0,550,1.0
756,750,0.781696053736356,True,3.3409727057279657,3.3409727057279657,1185,1.0,937,1.0
685,751,0.0,False,,,114,1.0,257,1.0
752,752,0.5255102040816326,True,0.6948442086466443,0.6948442086466443,103,1.0,196,1.0
749,753,0.7487603305785124,True,2.161333104878642,2.161333104878642,492,1.0,566,1.0
758,754,0.8372093023255814,True,0.77672613400009,0.77672613400009,169,1.0,147,1.0
757,755,0.9191176470588235,True,0.10084340793875742,0.10084340793875742,644,1.0,661,1.0
759,756,0.8532311062431545,True,1.6986109566809244,1.6986109566809244,811,1.0,881,1.0
762,757,0.893483709273183,True,1.0595932478509558,1.0595932478509558,745,1.0,766,1.0
761,758,0.8664688427299704,True,0.7994297663982797,0.7994297663982797,300,1.0,329,1.0
712,759,0.0,False,,,288,1.0,144,1.0
763,760,0.9516806722689075,True,0.6351663118866087,0.6351663118866087,466,1.0,463,1.0
764,761,0.43775933609958506,True,6.198233996844794,6.198233996844794,459,1.0,234,1.0
766,762,0.9245901639344263,True,0.15423114337967692,0.15423114337967692,888,1.0,873,1.0
744,763,0.4024144869215292,True,4.932311110872689,4.932311110872689,200,1.0,497,1.0
765,764,0.7342799188640974,True,2.050050192810674,2.050050192810674,362,1.0,493,1.0
767,765,0.7755813953488372,True,3.5385739043494997,3.5385739043494997,685,1.0,842,1.0
456,766,0.0,False,,,302,1.0,267,1.0
706,767,0.0,False,,,85,1.0,181,1.0
774,768,0.6717557251908397,True,2.5500010822249535,2.5500010822249535,247,1.0,191,1.0
771,769,0.84375,True,1.1042090126228188,1.1042090126228188,219,1.0,253,1.0
770,770,0.6298472385428907,True,4.654643333176589,4.654643333176589,549,1.0,838,1.0
772,771,0.8725701943844493,True,0.7423387147625274,0.7423387147625274,463,1.0,404,1.0
775,772,0.5871766029246345,True,5.749154117692522,5.749154117692522,548,1.0,863,1.0
776,773,0.8552631578947368,True,1.1232818837896552,1.1232818837896552,144,1.0,138,1.0
777,774,0.8074866310160428,True,1.2184839082670635,1.2184839082670635,374,1.0,302,1.0
782,775,0.7052631578947368,True,1.0178385563296377,1.0178385563296377,190,1.0,134,1.0
778,776,0.8975265017667845,True,0.5453068584921393,0.5453068584921393,561,1.0,513,1.0
783,777,0.7509433962264151,True,1.2588002859013712,1.2588002859013712,229,1.0,235,1.0
773,778,0.0,False,,,149,1.0,169,1.0
781,779,0.8346456692913385,True,1.5649106230079775,1.5649106230079775,329,1.0,370,1.0
788,780,0.9246575342465754,True,0.6142061626033662,0.6142061626033662,421,1.0,422,1.0
790,781,0.7517985611510791,True,1.5260064391195263,1.5260064391195263,263,1.0,224,1.0
779,782,0.6629986244841816,True,1.5162484779201697,1.5162484779201697,482,1.0,727,1.0
797,783,0.6970227670753065,True,1.2400624917440692,1.2400624917440692,571,1.0,398,1.0
791,784,0.9219765929778934,True,0.9504390729996905,0.9504390729996905,758,1.0,720,1.0
794,785,0.7728085867620751,True,3.7250262886313252,3.7250262886313252,1082,1.0,900,1.0
789,786,0.5234042553191489,True,7.884809491245614,7.884809491245614,376,1.0,698,1.0
785,787,0.8298887122416534,True,2.068310023887649,2.068310023887649,536,1.0,615,1.0
792,788,0.9094488188976378,True,0.656410353229483,0.656410353229483,491,1.0,479,1.0
796,789,0.84,True,1.6042943228818447,1.6042943228818447,523,1.0,535,1.0
798,790,0.6974789915966386,True,3.7663991243768353,3.7663991243768353,458,1.0,350,1.0
799,791,0.7858508604206501,True,1.6062945746279669,1.6062945746279669,434,1.0,500,1.0
805,792,0.9203747072599532,True,0.9733131107631127,0.9733131107631127,836,1.0,804,1.0
801,793,0.625,True,2.069693554706518,2.069693554706518,284,1.0,444,1.0
802,794,0.7837837837837838,True,1.6203036819680259,1.6203036819680259,212,1.0,250,1.0
804,795,0.8698630136986302,True,0.5809275360385928,0.5809275360385928,255,1.0,291,1.0
784,796,0.6145454545454545,True,4.4768566809990755,4.4768566809990755,345,1.0,543,1.0
803,797,0.4722222222222222,True,6.6530152055443095,6.6530152055443095,227,1.0,144,1.0
807,798,0.8550185873605948,True,0.6913578494582299,0.6913578494582299,461,1.0,537,1.0
809,799,0.9337579617834395,True,0.5947025731372582,0.5947025731372582,757,1.0,761,1.0
813,800,0.8413547237076648,True,2.1626832938050375,2.1626832938050375,524,1.0,509,1.0
811,801,0.9565217391304348,True,0.5751016018016265,0.5751016018016265,641,1.0,619,1.0
702,802,0.0,False,,,292,1.0,236,1.0
824,803,0.19832402234636873,False,,,716,1.0,142,1.0
814,804,0.9016172506738545,True,0.892798601845198,0.892798601845198,715,1.0,696,1.0
810,805,0.5638297872340425,True,3.6534169016293205,3.6534169016293205,212,1.0,376,1.0
812,806,0.8528301886792453,True,0.834557843325085,0.834557843325085,245,1.0,246,1.0
815,807,0.8460342146189735,True,2.0973493375596104,2.0973493375596104,562,1.0,625,1.0
822,808,0.7621052631578947,True,2.804792033415196,2.804792033415196,415,1.0,422,1.0
817,809,0.7858176555716353,True,2.840823175921299,2.840823175921299,570,1.0,664,1.0
816,810,0.6648351648351648,True,1.5011774131688924,1.5011774131688924,169,1.0,134,1.0
793,811,0.0,False,,,172,1.0,428,1.0
818,812,0.8521739130434782,True,0.8995155111012235,0.8995155111012235,103,1.0,110,1.0
819,813,0.7461240310077519,True,1.1611343740435462,1.1611343740435462,385,1.0,516,1.0
841,814,0.19428571428571428,False,,,167,1.0,42,1.0
820,815,0.8654592496765847,True,0.7475992923556933,0.7475992923556933,773,1.0,669,1.0
821,816,0.8696629213483146,True,1.4697927991365805,1.4697927991365805,406,1.0,426,1.0
825,817,0.7893368010403121,True,3.341524727965216,3.341524727965216,764,1.0,612,1.0
827,818,0.9282296650717703,True,0.8155842921265731,0.8155842921265731,987,1.0,1028,1.0
828,819,0.7876712328767124,True,1.050118232752518,1.050118232752518,127,1.0,134,1.0
832,820,0.9249592169657422,True,1.1762165584352486,1.1762165584352486,586,1.0,594,1.0
833,821,0.8786324786324786,True,1.2652285533119372,1.2652285533119372,523,1.0,576,1.0
831,822,0.8670120898100173,True,0.6507105924300586,0.6507105924300586,532,1.0,549,1.0
829,823,0.9549071618037135,True,0.24548827232416578,0.24548827232416578,373,1.0,364,1.0
835,824,0.9162640901771336,True,0.7262984909091341,0.7262984909091341,599,1.0,591,1.0
826,825,0.7993527508090615,True,2.0250242643235077,2.0250242643235077,742,1.0,926,1.0
808,826,0.16414686825053995,False,,,78,1.0,461,1.0
836,827,0.9375,True,0.13408302156574792,0.13408302156574792,112,1.0,105,1.0
839,828,0.8051948051948052,True,1.1237805429489178,1.1237805429489178,187,1.0,230,1.0
842,829,0.8726851851851852,True,0.9223936178911394,0.9223936178911394,411,1.0,398,1.0
840,830,0.7142857142857143,True,3.132799052475733,3.132799052475733,521,1.0,547,1.0
834,831,0.587431693989071,True,0.427099103918389,0.427099103918389,215,1.0,366,1.0
806,832,0.0,False,,,411,1.0,105,1.0
844,833,0.5738636363636364,True,1.217665600671377,1.217665600671377,175,1.0,102,1.0
846,834,0.8514150943396226,True,0.9604507356532769,0.9604507356532769,398,1.0,387,1.0
843,835,0.5459662288930581,True,6.148303223478553,6.148303223478553,531,1.0,293,1.0
847,836,0.5616438356164384,True,0.9950984056686537,0.9950984056686537,146,1.0,82,1.0
838,837,0.8186528497409327,True,3.8188906436795036,3.8188906436795036,802,1.0,953,1.0
848,838,0.7648401826484018,True,2.271169376581019,2.271169376581019,842,1.0,704,1.0
851,839,0.8851963746223565,True,0.888911002011399,0.888911002011399,601,1.0,647,1.0
852,840,0.8774555659494855,True,1.3113398278433552,1.3113398278433552,982,1.0,1025,1.0
850,841,0.6082337317397079,True,5.422083642299308,5.422083642299308,583,1.0,628,1.0
854,842,0.6761565836298933,True,6.718194118363072,6.718194118363072,595,1.0,818,1.0
855,843,0.9252782193958664,True,0.283660032129733,0.283660032129733,620,1.0,591,1.0
861,844,0.70995670995671,True,1.7018703243899436,1.7018703243899436,462,1.0,328,1.0
858,845,0.7522658610271903,True,0.9767160854968995,0.9767160854968995,330,1.0,250,1.0
859,846,0.9070294784580499,True,0.9232348106078273,0.9232348106078273,851,1.0,831,1.0
856,847,0.8234086242299795,True,1.259262842538531,1.259262842538531,453,1.0,435,1.0
862,848,0.9021479713603818,True,0.7204909592469683,0.7204909592469683,394,1.0,403,1.0
849,849,0.5240274599542334,True,4.4648865643774585,4.4648865643774585,233,1.0,433,1.0
863,850,0.870026525198939,True,0.5791685547505254,0.5791685547505254,333,1.0,372,1.0
860,851,0.8455114822546973,True,0.838523081174871,0.838523081174871,420,1.0,464,1.0
869,852,0.6537102473498233,True,1.130175094139574,1.130175094139574,283,1.0,185,1.0
868,853,0.5468164794007491,True,1.6930252193410955,1.6930252193410955,262,1.0,151,1.0
864,854,0.8869395711500975,True,0.6503184245794866,0.6503184245794866,456,1.0,512,1.0
866,855,0.9286871961102107,True,0.5676291092568837,0.5676291092568837,592,1.0,598,1.0
867,856,0.8296089385474861,True,1.1277257480604204,1.1277257480604204,347,1.0,308,1.0
853,857,0.0,False,,,361,1.0,146,1.0
734,858,0.0,False,,,86,1.0,31,1.0
871,859,0.7457142857142857,True,3.773061479884046,3.773061479884046,553,1.0,669,1.0
651,860,0.0,False,,,222,1.0,199,1.0
870,861,0.6008583690987125,True,0.8368507678862804,0.8368507678862804,140,1.0,233,1.0
874,862,0.4585152838427948,True,5.803132355292352,5.803132355292352,279,1.0,389,1.0
872,863,0.8127340823970037,True,1.0511554087436834,1.0511554087436834,457,1.0,511,1.0
873,864,0.9180576631259484,True,0.20978420173816315,0.20978420173816315,650,1.0,614,1.0
880,865,0.48325358851674644,True,1.2497694413268152,1.2497694413268152,209,1.0,101,1.0
878,866,0.8403908794788274,True,1.1792525943580805,1.1792525943580805,296,1.0,269,1.0
901,867,0.6164556962025316,True,6.0541715163539,6.0541715163539,718,1.0,559,1.0
865,868,0.0,False,,,145,1.0,71,1.0
875,869,0.8845070422535212,True,0.53740766463502,0.53740766463502,316,1.0,353,1.0
876,870,0.7770700636942676,True,2.6912682865295974,2.6912682865295974,569,1.0,547,1.0
845,871,0.0,False,,,171,1.0,287,1.0
780,872,0.0,False,,,102,1.0,127,1.0
877,873,0.6503496503496503,True,1.6210810770119168,1.6210810770119168,194,1.0,278,1.0
881,874,0.8289322617680827,True,1.4310916536183882,1.4310916536183882,863,1.0,730,1.0
883,875,0.9029535864978903,True,1.0804548135646685,1.0804548135646685,465,1.0,437,1.0
885,876,0.745920745920746,True,2.10655505094762,2.10655505094762,408,1.0,341,1.0
886,877,0.4369747899159664,True,4.615181987263053,4.615181987263053,159,1.0,354,1.0
884,878,0.9386331938633193,True,0.6890222229059515,0.6890222229059515,696,1.0,694,1.0
887,879,0.8977635782747604,True,0.9734412970236007,0.9734412970236007,305,1.0,289,1.0
857,880,0.0,False,,,145,1.0,162,1.0
888,881,0.7732558139534884,True,0.7169334212647493,0.7169334212647493,138,1.0,167,1.0
891,882,0.506872852233677,True,6.926990456365266,6.926990456365266,513,1.0,364,1.0
892,883,0.7575757575757576,True,2.040993497490867,2.040993497490867,344,1.0,410,1.0
889,884,0.9345794392523364,True,0.9732598010095372,0.9732598010095372,616,1.0,626,1.0
882,885,0.7050632911392405,True,3.541541851797446,3.541541851797446,566,1.0,781,1.0
890,886,0.46938775510204084,True,4.125594000164776,4.125594000164776,124,1.0,236,1.0
896,887,0.8315412186379928,True,1.5747883468343038,1.5747883468343038,260,1.0,251,1.0
893,888,0.7048832271762208,True,0.19402029940488197,0.19402029940488197,332,1.0,471,1.0
665,889,0.0,False,,,261,1.0,83,1.0
897,890,0.8861154446177847,True,1.001226421065184,1.001226421065184,636,1.0,573,1.0
894,891,0.8700564971751412,True,0.5105977406384913,0.5105977406384913,633,1.0,691,1.0
900,892,0.851258581235698,True,1.5315787061889254,1.5315787061889254,429,1.0,380,1.0
916,893,0.7867001254705144,True,3.4872467265805644,3.4872467265805644,771,1.0,653,1.0
902,894,0.7303543913713405,True,2.534934667140364,2.534934667140364,637,1.0,486,1.0
898,895,0.7985611510791367,True,1.129175274726415,1.129175274726415,352,1.0,398,1.0
907,896,0.7959183673469388,True,1.3538933538260076,1.3538933538260076,302,1.0,314,1.0
905,897,0.7232704402515723,True,2.0031888487128655,2.0031888487128655,246,1.0,302,1.0
906,898,0.7880434782608695,True,1.0732432847303428,1.0732432847303428,309,1.0,349,1.0
904,899,0.8714285714285714,True,0.9585665133321941,0.9585665133321941,496,1.0,552,1.0
909,900,0.7853881278538812,True,1.3554875785140101,1.3554875785140101,433,1.0,349,1.0
908,902,0.8736263736263736,True,1.035088834378666,1.035088834378666,503,1.0,520,1.0
913,903,0.9150326797385621,True,0.957140355475309,0.957140355475309,884,1.0,874,1.0
911,904,0.7922077922077922,True,1.5255382476618493,1.5255382476618493,448,1.0,380,1.0
912,905,0.7905982905982906,True,2.1106297298028336,2.1106297298028336,430,1.0,408,1.0
879,906,0.0,False,,,189,1.0,144,1.0
910,907,0.9074519230769231,True,1.1922501222831399,1.1922501222831399,813,1.0,774,1.0
903,908,0.0,False,,,119,1.0,220,1.0
915,909,0.9243243243243243,True,0.6970631955133805,0.6970631955133805,178,1.0,178,1.0
917,910,0.8603491271820449,True,0.5132800436468492,0.5132800436468492,394,1.0,352,1.0
795,911,0.0,False,,,197,1.0,160,1.0
921,912,0.7291242362525459,True,2.176851154050189,2.176851154050189,362,1.0,487,1.0
920,913,0.9118457300275482,True,0.5655749961290217,0.5655749961290217,361,1.0,333,1.0
922,914,0.8415300546448088,True,0.7776658732756,0.7776658732756,334,1.0,340,1.0
925,915,0.9338842975206612,True,0.8796723232252307,0.8796723232252307,704,1.0,700,1.0
926,916,0.9130434782608695,True,0.960545021695596,0.960545021695596,1059,1.0,1097,1.0
919,917,0.8352941176470589,True,0.3305378674833374,0.3305378674833374,82,1.0,74,1.0
928,918,0.9272727272727272,True,0.9239448149763111,0.9239448149763111,1207,1.0,1231,1.0
923,919,0.8951456310679612,True,1.050527110144945,1.050527110144945,510,1.0,466,1.0
924,920,0.875268817204301,True,0.4773254288805254,0.4773254288805254,413,1.0,459,1.0
927,921,0.8743718592964824,True,1.0929486453704027,1.0929486453704027,568,1.0,551,1.0
914,922,0.5954773869346733,True,2.4461182142969875,2.4461182142969875,237,1.0,398,1.0
345,923,0.0,False,,,252,1.0,223,1.0
933,924,0.7093023255813954,True,0.8480766045620296,0.8480766045620296,75,1.0,72,1.0
918,925,0.5868347338935574,True,7.50908049362336,7.50908049362336,502,1.0,631,1.0
940,926,0.5910780669144982,True,2.276265074098461,2.276265074098461,538,1.0,318,1.0
930,927,0.6443148688046647,True,2.1509318281472494,2.1509318281472494,221,1.0,343,1.0
932,928,0.8010752688172043,True,1.6059299888377072,1.6059299888377072,459,1.0,546,1.0
953,929,0.6770956316410862,True,6.702154942157361,6.702154942157361,1666,1.0,1175,1.0
941,930,0.8048780487804879,True,1.3967725862467937,1.3967725862467937,284,1.0,308,1.0
942,931,0.7263736263736263,True,2.2190814130778707,2.2190814130778707,901,1.0,670,1.0
936,932,0.8133333333333334,True,0.6276848329987171,0.6276848329987171,122,1.0,150,1.0
935,933,0.8860544217687075,True,1.3221816589164395,1.3221816589164395,555,1.0,554,1.0
937,934,0.3167082294264339,True,6.501909715075002,6.501909715075002,127,1.0,401,1.0
943,935,0.7327586206896551,True,0.24564373690668886,0.24564373690668886,170,1.0,232,1.0
945,936,0.8004750593824228,True,1.4600699922737004,1.4600699922737004,771,1.0,745,1.0
948,937,0.8511166253101737,True,0.6673287870799822,0.6673287870799822,394,1.0,352,1.0
950,938,0.9267461669505963,True,0.6797964347711702,0.6797964347711702,568,1.0,563,1.0
830,939,0.0,False,,,127,1.0,145,1.0
947,940,0.89198606271777,True,0.7771049249830143,0.7771049249830143,273,1.0,270,1.0
954,941,0.807909604519774,True,0.7632094071952311,0.7632094071952311,158,1.0,162,1.0
951,942,0.8371886120996441,True,1.0222973396558162,1.0222973396558162,950,1.0,1115,1.0
946,943,0.29945054945054944,False,,,111,1.0,362,1.0
952,944,0.8,True,0.27840995804870783,0.27840995804870783,214,1.0,173,1.0
931,945,0.13987473903966596,False,,,67,1.0,479,1.0
960,946,0.774074074074074,True,0.48049516070237686,0.48049516070237686,258,1.0,221,1.0
957,947,0.9495481927710844,True,0.9445459269942198,0.9445459269942198,1300,1.0,1289,1.0
955,948,0.7699115044247787,True,0.665546107083142,0.665546107083142,187,1.0,213,1.0
949,949,0.6042830540037244,True,6.21187632164929,6.21187632164929,846,1.0,877,1.0
958,950,0.9472477064220184,True,0.8194601827739133,0.8194601827739133,1272,1.0,1275,1.0
934,951,0.0,False,,,350,1.0,157,1.0
956,952,0.8719211822660099,True,0.5471588099623577,0.5471588099623577,203,1.0,177,1.0
966,953,0.7687074829931972,True,1.6893363494879448,1.6893363494879448,437,1.0,343,1.0
963,954,0.8706467661691543,True,0.8841375401507117,0.8841375401507117,372,1.0,380,1.0
977,955,0.6259541984732825,True,4.702773178237728,4.702773178237728,627,1.0,438,1.0
965,956,0.9127659574468086,True,0.7399417957142044,0.7399417957142044,443,1.0,456,1.0
964,957,0.4927536231884058,True,1.3601518101631112,1.3601518101631112,68,1.0,138,1.0
967,958,0.8328767123287671,True,0.9248090590922797,0.9248090590922797,318,1.0,351,1.0
971,959,0.9355877616747182,True,0.1372699010128456,0.1372699010128456,620,1.0,582,1.0
972,960,0.8337468982630273,True,1.1672555925356451,1.1672555925356451,348,1.0,391,1.0
970,961,0.8818181818181818,True,0.5645171392221903,0.5645171392221903,219,1.0,195,1.0
968,962,0.5514112903225806,True,8.15108565543103,8.15108565543103,558,1.0,981,1.0
974,963,0.9262820512820513,True,0.2962429461456774,0.2962429461456774,304,1.0,297,1.0
973,964,0.7597173144876325,True,1.2174820802465187,1.2174820802465187,230,1.0,268,1.0
975,965,0.7936046511627907,True,1.2585133485633346,1.2585133485633346,287,1.0,330,1.0
978,966,0.899749373433584,True,0.6830433784654854,0.6830433784654854,381,1.0,377,1.0
959,967,0.7505030181086519,True,3.7377658039117767,3.7377658039117767,402,1.0,468,1.0
976,968,0.6742209631728046,True,4.111933507229493,4.111933507229493,338,1.0,253,1.0
979,969,0.6532258064516129,True,1.534651853280066,1.534651853280066,248,1.0,162,1.0
939,970,0.0,False,,,338,1.0,278,1.0
981,971,0.8982161594963274,True,1.0684582967282208,1.0684582967282208,950,1.0,859,1.0
969,972,0.5898876404494382,True,1.8556829851159722,1.8556829851159722,210,1.0,356,1.0
980,973,0.9030612244897959,True,0.4735861263364141,0.4735861263364141,762,1.0,730,1.0
983,974,0.8341793570219966,True,1.5337195832542008,1.5337195832542008,558,1.0,526,1.0
982,975,0.7285407725321889,True,3.726173255440974,3.726173255440974,735,1.0,876,1.0
1000,976,0.5680317040951123,True,5.951497615426163,5.951497615426163,757,1.0,430,1.0
985,977,0.6609195402298851,True,1.5222095320436841,1.5222095320436841,156,1.0,133,1.0
986,978,0.9299820466786356,True,1.0916584470714632,1.0916584470714632,546,1.0,529,1.0
984,979,0.3978638184245661,True,6.2818886506832285,6.2818886506832285,298,1.0,749,1.0
988,980,0.5423728813559322,True,2.7445141399751996,2.7445141399751996,354,1.0,192,1.0
996,981,0.48863636363636365,True,0.8936520522645717,0.8936520522645717,264,1.0,129,1.0
989,982,0.9046875,True,0.9177055655111687,0.9177055655111687,608,1.0,611,1.0
991,983,0.8118466898954704,True,2.476150175621702,2.476150175621702,503,1.0,537,1.0
992,984,0.84375,True,0.934647289276386,0.934647289276386,286,1.0,304,1.0
990,985,0.15789473684210525,False,,,27,1.0,171,1.0
994,986,0.9337899543378996,True,0.5216758176346246,0.5216758176346246,437,1.0,410,1.0
993,987,0.5074626865671642,True,6.139394301443805,6.139394301443805,307,1.0,299,1.0
944,988,0.0,False,,,96,1.0,58,1.0
998,989,0.9045092838196287,True,0.8529801731878901,0.8529801731878901,714,1.0,722,1.0
995,990,0.802547770700637,True,1.3305358251088342,1.3305358251088342,252,1.0,314,1.0
1022,991,0.41519434628975266,True,8.846705828220298,8.846705828220298,557,1.0,244,1.0
1005,992,0.6774193548387096,True,0.5613379586831365,0.5613379586831365,121,1.0,139,1.0
1002,993,0.7789757412398922,True,0.9154763969171857,0.9154763969171857,311,1.0,349,1.0
1003,994,0.7487437185929648,True,1.3211673624450826,1.3211673624450826,199,1.0,149,1.0
1004,995,0.7088305489260143,True,3.341590385936417,3.341590385936417,624,1.0,808,1.0
1001,996,0.625,True,4.745275698017344,4.745275698017344,359,1.0,564,1.0
1011,997,0.6,True,6.549586176522528,6.549586176522528,395,1.0,525,1.0
1006,998,0.9778672032193159,True,0.091438641123063,0.091438641123063,982,1.0,984,1.0
1010,999,0.8192419825072886,True,1.5692796355791077,1.5692796355791077,310,1.0,314,1.0
997,1000,0.44346289752650175,True,5.6190495316052465,5.6190495316052465,291,1.0,526,1.0
768,1001,0.0,False,,,391,1.0,480,1.0
1017,1002,0.6563573883161512,True,2.5365375297811696,2.5365375297811696,290,1.0,192,1.0
1013,1003,0.906832298136646,True,0.5568322361890375,0.5568322361890375,921,1.0,921,1.0
1024,1004,0.33024691358024694,True,2.082759963858613,2.082759963858613,324,1.0,107,1.0
1012,1005,0.7342657342657343,True,0.44230211239308015,0.44230211239308015,210,1.0,286,1.0
823,1006,0.0,False,,,275,1.0,272,1.0
1015,1007,0.8907766990291263,True,0.5216928203539165,0.5216928203539165,400,1.0,379,1.0
1014,1008,0.8743169398907104,True,0.1039681214688184,0.1039681214688184,163,1.0,180,1.0
1018,1009,0.8778877887788779,True,0.6364150080406841,0.6364150080406841,557,1.0,581,1.0
1016,1010,0.9372197309417041,True,0.10456027131827621,0.10456027131827621,218,1.0,214,1.0
1009,1011,0.7341115434500648,True,4.081465880401317,4.081465880401317,632,1.0,705,1.0
1021,1012,0.8542713567839196,True,1.1507535383817067,1.1507535383817067,177,1.0,192,1.0
1026,1013,0.7872860635696821,True,1.7385193351509363,1.7385193351509363,338,1.0,393,1.0
769,1014,0.0,False,,,128,1.0,198,1.0
1028,1015,0.5354609929078015,True,6.686108872720429,6.686108872720429,473,1.0,826,1.0
1020,1016,0.7285714285714285,True,3.9149603572226574,3.9149603572226574,533,1.0,556,1.0
787,1017,0.0,False,,,154,1.0,158,1.0
1030,1018,0.8158567774936062,True,0.8902746937980205,0.8902746937980205,377,1.0,333,1.0
837,1020,0.0,False,,,98,1.0,132,1.0
1031,1021,0.8525547445255475,True,2.0019644765260787,2.0019644765260787,594,1.0,675,1.0
1032,1022,0.8187633262260128,True,0.34966477331270046,0.34966477331270046,466,1.0,387,1.0
786,1023,0.0,False,,,160,1.0,207,1.0
1034,1024,0.7832957110609481,True,2.089989072040489,2.089989072040489,361,1.0,429,1.0
1033,1025,0.9100817438692098,True,1.0035692669309828,1.0035692669309828,339,1.0,362,1.0
1035,1026,0.9039735099337748,True,0.3417214653787077,0.3417214653787077,295,1.0,280,1.0
1039,1027,0.6694444444444444,True,2.603197768628209,2.603197768628209,355,1.0,246,1.0
1036,1028,0.7412935323383084,True,1.056645406107355,1.056645406107355,302,1.0,398,1.0
1042,1029,0.880859375,True,0.8871764015853228,0.8871764015853228,479,1.0,484,1.0
1043,1030,0.7372262773722628,True,1.6185782311274808,1.6185782311274808,250,1.0,226,1.0
1037,1031,0.9431171786120591,True,0.16997526693256776,0.16997526693256776,864,1.0,844,1.0
1044,1032,0.8388888888888889,True,1.0525610640700904,1.0525610640700904,687,1.0,637,1.0
1040,1033,0.925,True,0.2118710144152933,0.2118710144152933,685,1.0,701,1.0
1038,1034,0.49335863377609107,True,1.5306652845222468,1.5306652845222468,260,1.0,527,1.0
1041,1035,0.949569495694957,True,0.24653377277663344,0.24653377277663344,806,1.0,779,1.0
1029,1036,0.6442786069651741,True,3.742055564422963,3.742055564422963,266,1.0,395,1.0
1045,1037,0.8279352226720648,True,1.743170882943866,1.743170882943866,438,1.0,465,1.0
1046,1038,0.8287292817679558,True,1.467775194368529,1.467775194368529,360,1.0,302,1.0
1047,1039,0.9389865563598759,True,0.39244477873380634,0.39244477873380634,961,1.0,914,1.0
1049,1040,0.8553054662379421,True,0.6159292341210926,0.6159292341210926,309,1.0,268,1.0
1027,1041,0.0,False,,,102,1.0,149,1.0
1053,1042,0.46216216216216216,True,7.757154630852012,7.757154630852012,732,1.0,350,1.0
1025,1043,0.5116279069767442,True,7.138436846047241,7.138436846047241,184,1.0,336,1.0
1052,1044,0.7976588628762542,True,2.569768830156785,2.569768830156785,492,1.0,583,1.0
1051,1045,0.8375451263537906,True,1.294606456334896,1.294606456334896,527,1.0,491,1.0
987,1046,0.0,False,,,430,1.0,172,1.0
1055,1047,0.6166134185303515,True,1.0843151412592602,1.0843151412592602,194,1.0,312,1.0
1054,1048,0.9121621621621622,True,0.3166446578777435,0.3166446578777435,282,1.0,284,1.0
1048,1049,0.8181818181818182,True,1.181794371488515,1.181794371488515,316,1.0,384,1.0
1019,1050,0.4864864864864865,True,9.456997906792585,9.456997906792585,334,1.0,601,1.0
1056,1051,0.5155555555555555,True,9.830334590457449,9.830334590457449,457,1.0,566,1.0
1057,1052,0.8402662229617305,True,0.9921068218148948,0.9921068218148948,551,1.0,555,1.0
1059,1053,0.9074324324324324,True,1.0666574552130814,1.0666574552130814,1445,1.0,1378,1.0
929,1054,0.0,False,,,130,1.0,39,1.0
1060,1055,0.8492871690427699,True,1.1052524080139388,1.1052524080139388,465,1.0,443,1.0
1063,1056,0.5625,True,4.114927492576665,4.114927492576665,560,1.0,315,1.0
1058,1057,0.6410256410256411,True,1.0439969360478178,1.0439969360478178,425,1.0,663,1.0
1064,1058,0.8823529411764706,True,0.5840122877353201,0.5840122877353201,285,1.0,323,1.0
1066,1059,0.8176229508196722,True,1.8224621982751665,1.8224621982751665,484,1.0,403,1.0
1061,1060,0.4725897920604915,True,1.987425037800606,1.987425037800606,250,1.0,529,1.0
1068,1061,0.7268041237113402,True,1.259395855104334,1.259395855104334,180,1.0,155,1.0
1067,1062,0.9522184300341296,True,0.2813296869696791,0.2813296869696791,284,1.0,288,1.0
1072,1063,0.8626126126126126,True,1.4069763882530457,1.4069763882530457,409,1.0,418,1.0
1071,1064,0.5382653061224489,True,5.0692484613002975,5.0692484613002975,267,1.0,336,1.0
1073,1065,0.8700787401574803,True,1.4204115714033316,1.4204115714033316,230,1.0,245,1.0
1075,1066,0.5939086294416244,True,3.479502427539671,3.479502427539671,376,1.0,566,1.0
1069,1067,0.3277591973244147,True,2.785698932502053,2.785698932502053,99,1.0,298,1.0
1081,1068,0.579004329004329,True,8.958442993533954,8.958442993533954,605,1.0,854,1.0
1074,1069,0.746031746031746,True,0.7496206172211926,0.7496206172211926,241,1.0,309,1.0
1076,1070,0.7550607287449392,True,0.6058726814000385,0.6058726814000385,478,1.0,389,1.0
1077,1071,0.9097320169252469,True,0.65309557181977,0.65309557181977,702,1.0,652,1.0
938,1072,0.0,False,,,47,1.0,77,1.0
1080,1073,0.8664596273291926,True,0.683446549258726,0.683446549258726,314,1.0,287,1.0
1082,1074,0.8542713567839196,True,0.8148183775922759,0.8148183775922759,377,1.0,361,1.0
1079,1075,0.8081180811808119,True,0.7763411018412291,0.7763411018412291,438,1.0,542,1.0
1083,1076,0.7545909849749582,True,2.146200877118612,2.146200877118612,593,1.0,458,1.0
961,1077,0.0,False,,,62,1.0,193,1.0
1078,1078,0.8437001594896332,True,0.9559692248054856,0.9559692248054856,611,1.0,545,1.0
1088,1079,0.849624060150376,True,0.7553159098432802,0.7553159098432802,250,1.0,242,1.0
1086,1080,0.6156462585034014,True,2.791284195226308,2.791284195226308,186,1.0,289,1.0
1084,1081,0.8577405857740585,True,0.1405254717566813,0.1405254717566813,213,1.0,231,1.0
1065,1082,0.0,False,,,88,1.0,71,1.0
1085,1083,0.8819561551433389,True,0.9402246346756702,0.9402246346756702,567,1.0,549,1.0
1089,1084,0.8647482014388489,True,1.5923452514822216,1.5923452514822216,621,1.0,675,1.0
1087,1085,0.9442379182156134,True,0.6573013912078963,0.6573013912078963,771,1.0,798,1.0
1091,1086,0.9015240328253223,True,0.9765174695265443,0.9765174695265443,836,1.0,786,1.0
1098,1087,0.47368421052631576,True,1.0396301778447317,1.0396301778447317,202,1.0,134,1.0
962,1088,0.0,False,,,216,1.0,641,1.0
1090,1089,0.9293478260869565,True,0.6162234175525536,0.6162234175525536,539,1.0,526,1.0
1095,1090,0.9223085460599334,True,0.7024475952328602,0.7024475952328602,864,1.0,868,1.0
1023,1091,0.0,False,,,398,1.0,154,1.0
1092,1092,0.5515873015873016,True,2.9604908484393864,2.9604908484393864,250,1.0,141,1.0
1093,1093,0.9218967921896792,True,0.687558634957275,0.687558634957275,690,1.0,688,1.0
1094,1094,0.6888297872340425,True,0.8455718679912367,0.8455718679912367,263,1.0,372,1.0
1097,1095,0.8653198653198653,True,0.5463961489033838,0.5463961489033838,258,1.0,296,1.0
1100,1096,0.849079754601227,True,1.5536934836099745,1.5536934836099745,779,1.0,728,1.0
1099,1097,0.774818401937046,True,0.6561446884505775,0.6561446884505775,407,1.0,326,1.0
1104,1098,0.8233333333333334,True,1.0051271143273421,1.0051271143273421,279,1.0,268,1.0
1102,1099,0.7472283813747228,True,1.9371487042326367,1.9371487042326367,343,1.0,445,1.0
1103,1100,0.44398907103825136,True,7.508717469026587,7.508717469026587,730,1.0,327,1.0
1106,1101,0.7405405405405405,True,1.6445886514792603,1.6445886514792603,172,1.0,150,1.0
1105,1102,0.41973840665873957,True,16.06755489841128,16.06755489841128,740,1.0,454,1.0
899,1103,0.0,False,,,55,1.0,172,1.0
1107,1104,0.8491735537190083,True,1.5444381190195762,1.5444381190195762,430,1.0,465,1.0
1101,1105,0.410828025477707,True,0.42551299507881357,0.42551299507881357,132,1.0,311,1.0
1111,1106,0.7282850779510023,True,3.8459728367017574,3.8459728367017574,838,1.0,714,1.0
1110,1107,0.9299610894941635,True,0.377932475748709,0.377932475748709,242,1.0,254,1.0
1129,1108,0.656934306569343,True,4.833469088190851,4.833469088190851,435,1.0,473,1.0
1109,1109,0.7563218390804598,True,1.7751031651634581,1.7751031651634581,352,1.0,412,1.0
1008,1110,0.0,False,,,115,1.0,20,1.0
1112,1111,0.8137931034482758,True,1.0140072394211828,1.0140072394211828,290,1.0,236,1.0
1108,1112,0.7256944444444444,True,1.2364171463330766,1.2364171463330766,209,1.0,288,1.0
1116,1113,0.87248322147651,True,0.7652213024298324,0.7652213024298324,430,1.0,407,1.0
1113,1114,0.882051282051282,True,0.6595414167824446,0.6595414167824446,366,1.0,368,1.0
1114,1115,0.8550913838120104,True,1.1727483764940894,1.1727483764940894,690,1.0,731,1.0
1117,1116,0.8812154696132597,True,0.38788886033939013,0.38788886033939013,326,1.0,355,1.0
1119,1117,0.8665377176015474,True,1.1207345863896254,1.1207345863896254,470,1.0,495,1.0
1118,1118,0.8380952380952381,True,0.7250349248458224,0.7250349248458224,353,1.0,419,1.0
1115,1119,0.6482758620689655,True,1.4525954694588998,1.4525954694588998,282,1.0,435,1.0
1120,1120,0.7619047619047619,True,1.6725222470567525,1.6725222470567525,293,1.0,336,1.0
1126,1121,0.5063291139240507,True,1.2470940427346322,1.2470940427346322,237,1.0,120,1.0
1121,1122,0.8406779661016949,True,1.6186348988013284,1.6186348988013284,530,1.0,556,1.0
1132,1123,0.8724747474747475,True,2.329350852383072,2.329350852383072,767,1.0,716,1.0
1124,1124,0.7122153209109731,True,0.36832370889427357,0.36832370889427357,482,1.0,345,1.0
1125,1125,0.7717231222385862,True,2.8119858823610144,2.8119858823610144,556,1.0,647,1.0
1122,1126,0.7317073170731707,True,1.2156059406914566,1.2156059406914566,376,1.0,476,1.0
1123,1127,0.8080357142857143,True,1.2142298545703594,1.2142298545703594,183,1.0,222,1.0
1130,1128,0.8143236074270557,True,0.7585799677355293,0.7585799677355293,310,1.0,374,1.0
1128,1129,0.7845433255269321,True,1.705093775881608,1.705093775881608,365,1.0,397,1.0
1137,1130,0.8276209677419355,True,2.8093103131317685,2.8093103131317685,905,1.0,908,1.0
1134,1131,0.7978142076502732,True,0.9156711420842367,0.9156711420842367,348,1.0,310,1.0
1140,1132,0.887378640776699,True,0.8214058291142577,0.8214058291142577,499,1.0,473,1.0
1133,1133,0.9356287425149701,True,0.45571044298776703,0.45571044298776703,626,1.0,667,1.0
1135,1134,0.8354430379746836,True,0.3777756461562921,0.3777756461562921,151,1.0,139,1.0
1136,1135,0.6236559139784946,True,2.0255960655909098,2.0255960655909098,180,1.0,273,1.0
1139,1136,0.8724727838258165,True,0.6544715409332255,0.6544715409332255,566,1.0,638,1.0
1145,1137,0.8388278388278388,True,0.6527056819634249,0.6527056819634249,247,1.0,255,1.0
1138,1138,0.9006535947712418,True,0.41258488701614704,0.41258488701614704,751,1.0,703,1.0
1146,1139,0.7783333333333333,True,2.237840982568188,2.237840982568188,498,1.0,569,1.0
1141,1140,0.8740875912408759,True,0.9758516255476977,0.9758516255476977,530,1.0,497,1.0
1142,1141,0.9205526770293609,True,0.38392947242165265,0.38392947242165265,554,1.0,558,1.0
1143,1142,0.5801886792452831,True,2.948495112829784,2.948495112829784,212,1.0,123,1.0
1144,1143,0.7791411042944786,True,1.9990677761304347,1.9990677761304347,451,1.0,419,1.0
1150,1144,0.8642533936651584,True,0.9289503580534582,0.9289503580534582,415,1.0,409,1.0
1147,1145,0.9110320284697508,True,0.582026018090612,0.582026018090612,271,1.0,266,1.0
1148,1146,0.6476578411405295,True,2.9121551906063634,2.9121551906063634,331,1.0,478,1.0
1162,1147,0.3322884012539185,True,7.727509473694227,7.727509473694227,283,1.0,142,1.0
1149,1148,0.8661971830985915,True,1.3560967192845574,1.3560967192845574,874,1.0,981,1.0
1152,1149,0.7821229050279329,True,2.023250224960666,2.023250224960666,313,1.0,325,1.0
1151,1150,0.863013698630137,True,0.4268474608457974,0.4268474608457974,145,1.0,127,1.0
1155,1151,0.8844884488448845,True,0.29256938289769535,0.29256938289769535,561,1.0,581,1.0
1157,1152,0.8439125910509886,True,3.1755646536235,3.1755646536235,942,1.0,830,1.0
1153,1153,0.907258064516129,True,0.29252816906929213,0.29252816906929213,232,1.0,241,1.0
1154,1154,0.8631284916201117,True,1.0663258968063412,1.0663258968063412,670,1.0,664,1.0
1156,1155,0.7904599659284497,True,1.6561274754851876,1.6561274754851876,532,1.0,519,1.0
1062,1156,0.0,False,,,77,1.0,80,1.0
1160,1157,0.17672413793103448,False,,,232,1.0,41,1.0
1158,1158,0.8624641833810889,True,0.9155712472027993,0.9155712472027993,317,1.0,333,1.0
1163,1159,0.9,True,6.189179648652518,6.189179648652518,352,1.0,351,1.0
1171,1160,0.4555765595463138,True,11.273713898113181,11.273713898113181,943,1.0,597,1.0
1161,1161,0.8239845261121856,True,1.0122616221647032,1.0122616221647032,426,1.0,517,1.0
1165,1162,0.96274217585693,True,0.657934572493568,0.657934572493568,659,1.0,658,1.0
1167,1163,0.9570747217806042,True,0.5583311101809905,0.5583311101809905,619,1.0,612,1.0
1164,1164,0.9219858156028369,True,0.17432890155147057,0.17432890155147057,543,1.0,541,1.0
1169,1165,0.6735668789808917,True,1.7883171650771814,1.7883171650771814,628,1.0,423,1.0
1170,1166,0.6412213740458015,True,0.9531591019858994,0.9531591019858994,130,1.0,85,1.0
1173,1167,0.9216300940438872,True,0.1454168878700493,0.1454168878700493,638,1.0,588,1.0
1174,1168,0.8987993138936535,True,0.6349182534916195,0.6349182534916195,547,1.0,560,1.0
1175,1169,0.8668941979522184,True,1.1472633824920901,1.1472633824920901,529,1.0,565,1.0
1050,1170,0.0,False,,,115,1.0,56,1.0
1176,1171,0.8869346733668342,True,0.6042204258434655,0.6042204258434655,396,1.0,355,1.0
1172,1172,0.6356589147286822,True,1.5023669406595301,1.5023669406595301,164,1.0,258,1.0
1178,1173,0.862371888726208,True,1.8920844763237088,1.8920844763237088,671,1.0,601,1.0
1177,1174,0.28313253012048195,False,,,94,1.0,332,1.0
1182,1175,0.708502024291498,True,1.6252940527799107,1.6252940527799107,236,1.0,186,1.0
1179,1176,0.9292389853137517,True,0.4681797512401248,0.4681797512401248,736,1.0,709,1.0
1184,1177,0.6423841059602649,True,3.8547901438139793,3.8547901438139793,456,1.0,536,1.0
1181,1178,0.6945337620578779,True,2.001830689733368,2.001830689733368,230,1.0,297,1.0
1131,1179,0.0,False,,,111,1.0,260,1.0
1183,1180,0.8545454545454545,True,2.1764750863816427,2.1764750863816427,540,1.0,582,1.0
1185,1181,0.9166666666666666,True,0.20723620417320543,0.20723620417320543,427,1.0,447,1.0
1187,1182,0.7993254637436762,True,1.2348180961302164,1.2348180961302164,474,1.0,593,1.0
1190,1183,0.5875486381322957,True,0.6454561366163836,0.6454561366163836,514,1.0,302,1.0
1186,1184,0.8193343898573693,True,1.5359364120249408,1.5359364120249408,528,1.0,620,1.0
1191,1185,0.8646464646464647,True,0.26673333954663286,0.26673333954663286,489,1.0,434,1.0
1189,1186,0.698956780923994,True,2.530906582389491,2.530906582389491,577,1.0,563,1.0
895,1187,0.0,False,,,100,1.0,72,1.0
1196,1188,0.5898234683281413,True,9.66823284549576,9.66823284549576,944,1.0,587,1.0
1194,1189,0.9122807017543859,True,0.4640573246604621,0.4640573246604621,327,1.0,327,1.0
1193,1190,0.9135959339263025,True,0.7840567766301195,0.7840567766301195,776,1.0,730,1.0
1197,1191,0.8466981132075472,True,1.1159247520923636,1.1159247520923636,376,1.0,407,1.0
1199,1192,0.8152173913043478,True,0.7155323115673335,0.7155323115673335,615,1.0,554,1.0
1192,1193,0.9290322580645162,True,0.1426379264650876,0.1426379264650876,301,1.0,297,1.0
1195,1194,0.8958333333333334,True,0.9554316100773471,0.9554316100773471,410,1.0,409,1.0
1200,1195,0.8590425531914894,True,0.6402903325773553,0.6402903325773553,326,1.0,373,1.0
1202,1196,0.7541589648798521,True,1.443167638836719,1.443167638836719,477,1.0,472,1.0
1201,1197,0.8831168831168831,True,0.15584848491084816,0.15584848491084816,302,1.0,278,1.0
1204,1198,0.8982300884955752,True,0.5486504306753452,0.5486504306753452,664,1.0,623,1.0
1213,1199,0.6947890818858561,True,3.1516197970214392,3.1516197970214392,391,1.0,292,1.0
1207,1200,0.9172056921086675,True,0.7069213894426081,0.7069213894426081,746,1.0,736,1.0
1205,1201,0.8804020100502512,True,0.6565856514998094,0.6565856514998094,884,1.0,987,1.0
1206,1202,0.8692971639950678,True,1.0358366518783624,1.0358366518783624,811,1.0,705,1.0
1208,1203,0.8109640831758034,True,1.4239922095962676,1.4239922095962676,436,1.0,522,1.0
1209,1204,0.8127853881278538,True,0.6990919571311585,0.6990919571311585,204,1.0,193,1.0
1210,1205,0.9611063094209161,True,0.5029572326763075,0.5029572326763075,1135,1.0,1134,1.0
1215,1206,0.8980582524271845,True,0.6060280430624719,0.6060280430624719,586,1.0,587,1.0
1217,1207,0.8189134808853119,True,1.8050020726610916,1.8050020726610916,447,1.0,457,1.0
1214,1208,0.8883248730964467,True,0.4578283933657413,0.4578283933657413,533,1.0,583,1.0
1211,1209,0.7829181494661922,True,0.21035600497924256,0.21035600497924256,545,1.0,457,1.0
1212,1210,0.9285714285714286,True,0.26070697091363776,0.26070697091363776,667,1.0,656,1.0
1188,1211,0.0,False,,,174,1.0,611,1.0
1219,1212,0.8053691275167785,True,3.2214365199712254,3.2214365199712254,147,1.0,122,1.0
1218,1213,0.8937329700272479,True,0.5439957597700349,0.5439957597700349,350,1.0,345,1.0
1216,1214,0.8925619834710744,True,0.2668178425363764,0.2668178425363764,239,1.0,219,1.0
1221,1215,0.952112676056338,True,0.16887025479338078,0.16887025479338078,350,1.0,343,1.0
1222,1216,0.9344262295081968,True,0.7532340639508103,0.7532340639508103,772,1.0,762,1.0
1225,1217,0.9105691056910569,True,0.339431110550966,0.339431110550966,605,1.0,570,1.0
1220,1218,0.848314606741573,True,0.8838071048482596,0.8838071048482596,462,1.0,525,1.0
1223,1219,0.6528735632183909,True,3.9483163019141148,3.9483163019141148,297,1.0,422,1.0
1226,1220,0.7818930041152263,True,0.7635449329522475,0.7635449329522475,192,1.0,241,1.0
1224,1221,0.8159126365054602,True,1.5992759562636554,1.5992759562636554,558,1.0,606,1.0
1228,1222,0.7508090614886731,True,2.76605281557673,2.76605281557673,493,1.0,589,1.0
1230,1223,0.9349722442505948,True,1.3056817350299514,1.3056817350299514,1253,1.0,1187,1.0
1227,1224,0.8872950819672131,True,0.17141252687326367,0.17141252687326367,446,1.0,475,1.0
1229,1225,0.9231722428748451,True,0.5861448508489517,0.5861448508489517,751,1.0,801,1.0
1231,1226,0.5345060893098782,True,4.29560757182243,4.29560757182243,710,1.0,424,1.0
1235,1227,0.8759398496240601,True,1.1751299070145136,1.1751299070145136,521,1.0,477,1.0
1233,1228,0.8855421686746988,True,0.9513238146205126,0.9513238146205126,590,1.0,662,1.0
1236,1229,0.7844311377245509,True,1.242963744027593,1.242963744027593,165,1.0,133,1.0
1232,1230,0.9169278996865203,True,0.23051028000418863,0.23051028000418863,635,1.0,588,1.0
1240,1231,0.8385964912280702,True,1.3959607643957188,1.3959607643957188,538,1.0,510,1.0
1234,1232,0.7844036697247706,True,1.6969723513608355,1.6969723513608355,358,1.0,420,1.0
1070,1233,0.0,False,,,113,1.0,300,1.0
1241,1234,0.5205479452054794,True,1.1088187500345332,1.1088187500345332,76,1.0,146,1.0
1257,1235,0.6883852691218131,True,3.5357441319010476,3.5357441319010476,351,1.0,245,1.0
1242,1236,0.9255813953488372,True,0.3386317474382488,0.3386317474382488,636,1.0,606,1.0
1248,1237,0.6943231441048034,True,2.4332375249027867,2.4332375249027867,229,1.0,159,1.0
1250,1238,0.8061224489795918,True,0.6331854426670291,0.6331854426670291,293,1.0,238,1.0
1243,1239,0.8529048207663782,True,1.585317034490811,1.585317034490811,743,1.0,756,1.0
1246,1240,0.833578792341679,True,2.389387476792871,2.389387476792871,588,1.0,657,1.0
1244,1241,0.5834564254062038,True,5.163210328184502,5.163210328184502,493,1.0,579,1.0
1245,1242,0.7372400756143668,True,1.165153472046835,1.165153472046835,506,1.0,413,1.0
1237,1243,0.5137614678899083,True,3.367939729382055,3.367939729382055,168,1.0,327,1.0
1251,1244,0.9119170984455959,True,0.4299940876033738,0.4299940876033738,371,1.0,367,1.0
1255,1245,0.7946768060836502,True,1.2389095584098875,1.2389095584098875,245,1.0,227,1.0
1254,1246,0.9303135888501742,True,1.148027443149954,1.148027443149954,1117,1.0,1099,1.0
1262,1247,0.8355196770938446,True,2.207153000724948,2.207153000724948,921,1.0,898,1.0
1247,1248,0.8383045525902669,True,1.5717506805265469,1.5717506805265469,547,1.0,624,1.0
1252,1249,0.8827838827838828,True,1.1099218778515458,1.1099218778515458,248,1.0,266,1.0
1253,1250,0.8970588235294118,True,0.8624821781691905,0.8624821781691905,606,1.0,555,1.0
999,1251,0.0,False,,,170,1.0,80,1.0
1258,1252,0.8772893772893773,True,0.9151621978296152,0.9151621978296152,502,1.0,523,1.0
1259,1253,0.9123222748815166,True,0.24305212246999255,0.24305212246999255,420,1.0,387,1.0
1249,1254,0.5017182130584192,True,3.2600967589618497,3.2600967589618497,146,1.0,291,1.0
1260,1255,0.8677685950413223,True,0.56248522986013,0.56248522986013,349,1.0,329,1.0
1263,1256,0.9204035874439462,True,0.9444616585238982,0.9444616585238982,888,1.0,825,1.0
1261,1257,0.9238095238095239,True,0.4697718383949829,0.4697718383949829,508,1.0,502,1.0
1203,1258,0.0,False,,,170,1.0,264,1.0
1264,1259,0.590782122905028,True,7.046529038936561,7.046529038936561,441,1.0,698,1.0
1266,1260,0.621875,True,2.7216014282623684,2.7216014282623684,228,1.0,291,1.0
1267,1261,0.8427672955974843,True,0.46870752541944366,0.46870752541944366,469,1.0,410,1.0
1269,1262,0.8728323699421965,True,0.3519800163882636,0.3519800163882636,165,1.0,159,1.0
1265,1263,0.8560975609756097,True,1.7411232266224466,1.7411232266224466,372,1.0,389,1.0
1096,1264,0.0,False,,,95,1.0,247,1.0
1271,1265,0.8927272727272727,True,0.662684618526461,0.662684618526461,524,1.0,517,1.0
1274,1266,0.9447236180904522,True,0.8344332703257639,0.8344332703257639,772,1.0,776,1.0
1286,1267,0.583547557840617,True,4.670082973936928,4.670082973936928,382,1.0,234,1.0
1273,1268,0.9430199430199431,True,0.25981834541594945,0.25981834541594945,342,1.0,340,1.0
1275,1269,0.9337811900191939,True,0.3479470948808827,0.3479470948808827,1035,1.0,980,1.0
1277,1270,0.7946084724005135,True,1.7895785380951803,1.7895785380951803,678,1.0,720,1.0
1270,1271,0.38,True,2.6002962724599006,2.6002962724599006,152,1.0,400,1.0
1276,1272,0.8905472636815921,True,1.1884626026888705,1.1884626026888705,366,1.0,394,1.0
1289,1273,0.5164179104477612,True,4.072564937150014,4.072564937150014,331,1.0,177,1.0
1280,1274,0.8671328671328671,True,0.587171336930345,0.587171336930345,283,1.0,251,1.0
1283,1275,0.7966954022988506,True,3.419836103988647,3.419836103988647,1131,1.0,1370,1.0
1281,1276,0.9383116883116883,True,0.6098902293216191,0.6098902293216191,299,1.0,298,1.0
1282,1277,0.8429003021148036,True,0.8890280599188171,0.8890280599188171,319,1.0,291,1.0
1284,1278,0.8851717902350814,True,0.9452492216471502,0.9452492216471502,1079,1.0,1006,1.0
1278,1279,0.697029702970297,True,1.177500787477053,1.177500787477053,352,1.0,505,1.0
1279,1280,0.4536082474226804,True,4.859716235218655,4.859716235218655,213,1.0,351,1.0
1285,1282,0.8519480519480519,True,0.8478473777283827,0.8478473777283827,336,1.0,377,1.0
1287,1283,0.649671052631579,True,3.1399285978330465,3.1399285978330465,413,1.0,590,1.0
1168,1284,0.0,False,,,530,1.0,98,1.0
1288,1285,0.734966592427617,True,2.7734745152854137,2.7734745152854137,341,1.0,438,1.0
1293,1286,0.7318435754189944,True,1.4868794363415099,1.4868794363415099,304,1.0,316,1.0
1291,1287,0.8023255813953488,True,0.825987387395158,0.825987387395158,142,1.0,168,1.0
1292,1288,0.893523600439078,True,1.3990357249407954,1.3990357249407954,903,1.0,822,1.0
1294,1289,0.9404761904761905,True,0.2517113757374946,0.2517113757374946,245,1.0,244,1.0
1295,1290,0.7401574803149606,True,1.3059425130995435,1.3059425130995435,94,1.0,127,1.0
1238,1291,0.0,False,,,225,1.0,102,1.0
1296,1292,0.8967254408060453,True,0.2054312834798934,0.2054312834798934,359,1.0,394,1.0
1297,1293,0.8162291169451074,True,1.1271021161926815,1.1271021161926815,351,1.0,410,1.0
1298,1294,0.4787430683918669,True,5.971054320068771,5.971054320068771,314,1.0,486,1.0
1300,1295,0.8244274809160306,True,0.3834781555348816,0.3834781555348816,129,1.0,110,1.0
1301,1296,0.7058823529411765,True,0.720965156223114,0.720965156223114,85,1.0,60,1.0
1290,1297,0.0,False,,,52,1.0,172,1.0
1268,1298,0.0,False,,,139,1.0,439,1.0
1303,1299,0.8506616257088847,True,1.2735495272379322,1.2735495272379322,489,1.0,490,1.0
1302,1300,0.6714975845410628,True,2.461378383437831,2.461378383437831,147,1.0,199,1.0
1304,1301,0.8970976253298153,True,0.24944101563474988,0.24944101563474988,364,1.0,355,1.0
1305,1302,0.7875816993464052,True,0.8744674868427256,0.8744674868427256,297,1.0,250,1.0
1320,1303,0.702928870292887,True,5.787122704951842,5.787122704951842,697,1.0,524,1.0
1299,1304,0.4822888283378747,True,6.130410265552169,6.130410265552169,199,1.0,345,1.0
1307,1305,0.9023090586145648,True,0.5789770759227263,0.5789770759227263,536,1.0,535,1.0
1272,1306,0.0,False,,,253,1.0,171,1.0
1310,1307,0.48672566371681414,True,3.413794279639803,3.413794279639803,336,1.0,168,1.0
1308,1308,0.8556701030927835,True,0.9155953029999069,0.9155953029999069,455,1.0,445,1.0
1309,1309,0.8086560364464692,True,1.5964811156235843,1.5964811156235843,417,1.0,377,1.0
1311,1310,0.7693798449612403,True,2.188560113890112,2.188560113890112,432,1.0,481,1.0
1312,1311,0.7209821428571429,True,2.7387379548125708,2.7387379548125708,353,1.0,418,1.0
1198,1312,0.0,False,,,162,1.0,215,1.0
1333,1313,0.45960502692998206,True,7.067454860107944,7.067454860107944,532,1.0,281,1.0
1007,1314,0.0,False,,,113,1.0,333,1.0
1315,1315,0.746031746031746,True,2.0482777419564058,2.0482777419564058,447,1.0,543,1.0
1318,1316,0.8974358974358975,True,0.5733578660558187,0.5733578660558187,447,1.0,441,1.0
1321,1317,0.8114478114478114,True,1.5746292893243603,1.5746292893243603,856,1.0,758,1.0
1317,1318,0.9128919860627178,True,0.35635389512038435,0.35635389512038435,569,1.0,529,1.0
1316,1319,0.5011600928074246,True,7.344410948578622,7.344410948578622,233,1.0,414,1.0
1322,1320,0.923943661971831,True,0.849768186691968,0.849768186691968,682,1.0,684,1.0
1239,1321,0.0,False,,,238,1.0,606,1.0
1323,1322,0.7017241379310345,True,2.935253882167848,2.935253882167848,536,1.0,451,1.0
1314,1323,0.45897435897435895,True,6.241152157803023,6.241152157803023,224,1.0,345,1.0
1324,1324,0.9576107899807321,True,0.21089435043982854,0.21089435043982854,1034,1.0,998,1.0
1319,1325,0.7660377358490567,True,3.091813739449065,3.091813739449065,708,1.0,696,1.0
1326,1326,0.8893617021276595,True,0.8383297066648403,0.8383297066648403,641,1.0,691,1.0
1306,1327,0.0,False,,,178,1.0,141,1.0
1330,1328,0.3931484502446982,True,7.699437881141674,7.699437881141674,255,1.0,599,1.0
1332,1329,0.884765625,True,1.2953518496775378,1.2953518496775378,505,1.0,460,1.0
1325,1330,0.6821705426356589,True,1.462260619965664,1.462260619965664,352,1.0,516,1.0
1159,1331,0.0,False,,,220,1.0,379,1.0
1328,1332,0.7248995983935743,True,2.3222523872259155,2.3222523872259155,389,1.0,470,1.0
1331,1333,0.6056971514242878,True,5.090297670891676,5.090297670891676,428,1.0,643,1.0
1327,1334,0.0,False,,,132,1.0,97,1.0
1166,1335,0.0,False,,,342,1.0,175,1.0
1329,1336,0.6980461811722913,True,3.662872819695112,3.662872819695112,425,1.0,531,1.0
1337,1337,0.8526011560693642,True,1.0831281132011543,1.0831281132011543,327,1.0,314,1.0
1336,1338,0.8125,True,1.4824737897409321,1.4824737897409321,398,1.0,414,1.0
1340,1339,0.7410958904109589,True,3.3535306480075646,3.3535306480075646,726,1.0,545,1.0
1352,1341,0.0339943342776204,False,,,232,1.0,133,1.0
1335,1342,0.8679245283018868,True,1.026876514325964,1.026876514325964,393,1.0,399,1.0
1338,1343,0.8948751642575559,True,0.953622980246999,0.953622980246999,724,1.0,718,1.0
1341,1344,0.6693989071038251,True,2.594919783146933,2.594919783146933,304,1.0,307,1.0
1342,1345,0.49748743718592964,True,3.922916337578486,3.922916337578486,218,1.0,378,1.0
1343,1346,0.9158371040723982,True,0.960774345983344,0.960774345983344,1057,1.0,1060,1.0
1346,1347,0.7602040816326531,True,1.5035362404237764,1.5035362404237764,380,1.0,310,1.0
1344,1348,0.8870523415977961,True,0.5601039759630062,0.5601039759630062,356,1.0,329,1.0
1345,1349,0.8927738927738927,True,0.3839311497060485,0.3839311497060485,407,1.0,405,1.0
1349,1350,0.8679245283018868,True,1.187329344172915,1.187329344172915,371,1.0,322,1.0
1334,1351,0.0,False,,,118,1.0,418,1.0
1347,1352,0.821608040201005,True,0.754494188857475,0.754494188857475,374,1.0,351,1.0
1348,1353,0.7989130434782609,True,1.3375594571382805,1.3375594571382805,335,1.0,327,1.0
1353,1354,0.803921568627451,True,1.5969782419007497,1.5969782419007497,592,1.0,512,1.0
1351,1355,0.7914507772020726,True,3.064917559536236,3.064917559536236,640,1.0,743,1.0
1354,1356,0.9205202312138728,True,0.5658929244775348,0.5658929244775348,637,1.0,692,1.0
1256,1357,0.0,False,,,234,1.0,59,1.0
1350,1358,0.0,False,,,178,1.0,247,1.0
1357,1359,0.8516377649325626,True,1.3343296632888748,1.3343296632888748,501,1.0,460,1.0
1358,1360,0.7829181494661922,True,1.3477100379393474,1.3477100379393474,448,1.0,554,1.0
1356,1361,0.7373134328358208,True,2.5054415547775317,2.5054415547775317,295,1.0,287,1.0
1127,1363,0.0,False,,,406,1.0,87,1.0
1361,1364,0.8543689320388349,True,1.2709498260722207,1.2709498260722207,698,1.0,639,1.0
1180,1365,0.0,False,,,189,1.0,95,1.0
1364,1366,0.806146572104019,True,1.1195089264290456,1.1195089264290456,388,1.0,376,1.0
1365,1367,0.9130434782608695,True,0.16317917139580904,0.16317917139580904,352,1.0,352,1.0
1363,1368,0.9335394126738794,True,0.7554843209119441,0.7554843209119441,619,1.0,632,1.0
1362,1369,0.8703125,True,0.8824034730500203,0.8824034730500203,583,1.0,614,1.0
1360,1370,0.7026143790849673,True,2.568164715206156,2.568164715206156,249,1.0,272,1.0
1359,1371,0.5511811023622047,True,7.033507675600044,7.033507675600044,785,1.0,1185,1.0
1368,1372,0.8932291666666666,True,0.3856982491901569,0.3856982491901569,355,1.0,372,1.0
1355,1373,0.5792880258899676,True,3.569891528418126,3.569891528418126,195,1.0,293,1.0
1369,1374,0.8970380818053597,True,0.47782435457543554,0.47782435457543554,688,1.0,657,1.0
1370,1375,0.43023255813953487,True,2.3800407924205498,2.3800407924205498,83,1.0,40,1.0
1372,1376,0.6511627906976745,True,2.0237694817305814,2.0237694817305814,92,1.0,121,1.0
1371,1377,0.8421052631578947,True,0.6250370432617622,0.6250370432617622,290,1.0,305,1.0
1373,1378,0.3716475095785441,True,3.646739080291788,3.646739080291788,261,1.0,97,1.0
1339,1379,0.0,False,,,178,1.0,36,1.0
1367,1380,0.6142208774583964,True,2.435639872568889,2.435639872568889,411,1.0,656,1.0
1378,1381,0.734375,True,0.7080261141702692,0.7080261141702692,102,1.0,120,1.0
1375,1382,0.8638743455497382,True,0.6304714517392684,0.6304714517392684,171,1.0,185,1.0
1379,1383,0.7842105263157895,True,1.9748400960321746,1.9748400960321746,315,1.0,363,1.0
1377,1384,0.8141891891891891,True,0.9266506952411204,0.9266506952411204,245,1.0,292,1.0
1374,1385,0.5890736342042755,True,6.595488285099369,6.595488285099369,496,1.0,842,1.0
1376,1386,0.0,False,,,160,1.0,451,1.0
1380,1387,0.7747252747252747,True,2.3488498018563333,2.3488498018563333,318,1.0,328,1.0
1366,1388,0.0,False,,,184,1.0,194,1.0
1394,1389,0.5097222222222222,True,7.097768603309181,7.097768603309181,718,1.0,369,1.0
1385,1390,0.8828502415458938,True,0.832331593219996,0.832331593219996,795,1.0,764,1.0
1382,1391,0.8333333333333334,True,0.6978452281762275,0.6978452281762275,226,1.0,258,1.0
1384,1392,0.6220657276995305,True,4.292562577693835,4.292562577693835,383,1.0,308,1.0
1387,1393,0.901307966706302,True,0.8438754052463006,0.8438754052463006,801,1.0,798,1.0
1389,1394,0.6808823529411765,True,2.7112088168383295,2.7112088168383295,672,1.0,471,1.0
1383,1395,0.73989898989899,True,2.923631721333815,2.923631721333815,350,1.0,339,1.0
1386,1396,0.8526315789473684,True,1.50890182204359,1.50890182204359,715,1.0,693,1.0
1388,1397,0.8765432098765432,True,0.5689084717660432,0.5689084717660432,311,1.0,297,1.0
1393,1398,0.8363636363636363,True,1.2589900769086304,1.2589900769086304,855,1.0,862,1.0
1396,1399,0.5992970123022847,True,3.700356749035885,3.700356749035885,563,1.0,347,1.0
1391,1400,0.6450060168471721,True,5.079559470355632,5.079559470355632,571,1.0,796,1.0
1397,1401,0.8694690265486725,True,0.9701144904073342,0.9701144904073342,850,1.0,840,1.0
1381,1402,0.0,False,,,200,1.0,261,1.0
1402,1403,0.693135935397039,True,2.9144390998203757,2.9144390998203757,727,1.0,531,1.0
1395,1404,0.6854838709677419,True,1.181336320570999,1.181336320570999,455,1.0,381,1.0
1404,1405,0.49693251533742333,True,5.619894785886526,5.619894785886526,292,1.0,196,1.0
1399,1406,0.8230088495575221,True,0.9106930329981433,0.9106930329981433,559,1.0,677,1.0
1400,1407,0.8866213151927438,True,0.7084778728134867,0.7084778728134867,406,1.0,426,1.0
1403,1408,0.8893166506256015,True,0.8952089236811464,0.8952089236811464,1009,1.0,954,1.0
1423,1409,0.5941780821917808,True,4.1114273717949406,4.1114273717949406,584,1.0,347,1.0
1313,1410,0.0,False,,,338,1.0,317,1.0
1410,1411,0.8295454545454546,True,0.32171740945610183,0.32171740945610183,346,1.0,298,1.0
1405,1412,0.8401253918495298,True,1.778021864116643,1.778021864116643,560,1.0,614,1.0
1413,1413,0.6533333333333333,True,3.0561173263829646,3.0561173263829646,600,1.0,392,1.0
1415,1414,0.7251732101616628,True,1.8313923354312793,1.8313923354312793,400,1.0,347,1.0
1398,1415,0.7643805309734514,True,4.461945149867183,4.461945149867183,787,1.0,808,1.0
1407,1416,0.7694915254237288,True,3.5762350184958613,3.5762350184958613,758,1.0,808,1.0
1390,1417,0.0,False,,,283,1.0,233,1.0
1412,1418,0.6957328385899815,True,3.0147740710705144,3.0147740710705144,431,1.0,483,1.0
1392,1419,0.028350515463917526,False,,,213,1.0,186,1.0
1408,1420,0.8232558139534883,True,1.3745362437498916,1.3745362437498916,393,1.0,391,1.0
1416,1421,0.885593220338983,True,0.6690506643137821,0.6690506643137821,222,1.0,223,1.0
1414,1422,0.8952,True,1.3849838025815855,1.3849838025815855,1210,1.0,1159,1.0
1411,1423,0.6645569620253164,True,0.8736830132916344,0.8736830132916344,105,1.0,158,1.0
1418,1424,0.8110831234256927,True,1.0564337539598354,1.0564337539598354,346,1.0,373,1.0
1409,1425,0.5058626465661642,True,6.911194447456336,6.911194447456336,312,1.0,587,1.0
1417,1426,0.7874015748031497,True,0.9704356017964368,0.9704356017964368,101,1.0,126,1.0
1421,1427,0.7978056426332288,True,2.7437860371287255,2.7437860371287255,586,1.0,561,1.0
1420,1428,0.8962848297213623,True,1.4961988824274137,1.4961988824274137,592,1.0,633,1.0
1422,1429,0.8868852459016393,True,1.186498274473619,1.186498274473619,579,1.0,572,1.0
1401,1430,0.0,False,,,419,1.0,276,1.0
1425,1431,0.8613569321533924,True,0.8369744531570299,0.8369744531570299,661,1.0,601,1.0
1424,1432,0.8725490196078431,True,1.2269046346520145,1.2269046346520145,459,1.0,496,1.0
1406,1433,0.0,False,,,113,1.0,137,1.0
1428,1434,0.8483796296296297,True,2.176594711750296,2.176594711750296,779,1.0,818,1.0
1437,1435,0.23243243243243245,False,,,555,1.0,129,1.0
1430,1436,0.7348314606741573,True,2.261287371971746,2.261287371971746,366,1.0,406,1.0
1426,1437,0.0,False,,,41,1.0,119,1.0
1429,1438,0.17191977077363896,False,,,64,1.0,345,1.0
1442,1439,0.8284389489953632,True,1.047206903139769,1.047206903139769,627,1.0,556,1.0
1432,1440,0.6032388663967612,True,6.39702759512969,6.39702759512969,458,1.0,730,1.0
1435,1441,0.6550632911392406,True,2.9755617858635426,2.9755617858635426,267,1.0,256,1.0
1433,1442,0.891970802919708,True,1.1403780698134567,1.1403780698134567,633,1.0,663,1.0
1436,1443,0.8756476683937824,True,0.900203090793614,0.900203090793614,717,1.0,731,1.0
1427,1444,0.0,False,,,221,1.0,76,1.0
1439,1445,0.8330170777988615,True,1.3100891903441707,1.3100891903441707,475,1.0,491,1.0
1434,1446,0.592948717948718,True,0.5281756894583146,0.5281756894583146,185,1.0,312,1.0
1446,1447,0.7011494252873564,True,2.315085158688341,2.315085158688341,522,1.0,366,1.0
1440,1448,0.9258861439312567,True,0.5420563555366054,0.5420563555366054,893,1.0,900,1.0
1438,1449,0.8692185007974481,True,0.960666865953239,0.960666865953239,579,1.0,593,1.0
1443,1450,0.0,False,,,32,1.0,160,1.0
1441,1451,0.8831521739130435,True,0.7112731578161512,0.7112731578161512,347,1.0,346,1.0
1447,1452,0.4887459807073955,True,1.1350764897450025,1.1350764897450025,311,1.0,152,1.0
1431,1453,0.0,False,,,234,1.0,203,1.0
1444,1454,0.8037790697674418,True,0.556661284417708,0.556661284417708,553,1.0,688,1.0
1445,1455,0.9114285714285715,True,0.14795345752464756,0.14795345752464756,335,1.0,334,1.0
1448,1456,0.6027397260273972,True,4.4708689226957254,4.4708689226957254,340,1.0,479,1.0
1450,1457,0.8974719101123596,True,1.2650229868382836,1.2650229868382836,691,1.0,660,1.0
1453,1458,0.0,False,,,442,1.0,100,1.0
1449,1459,0.9206842923794712,True,0.1887145566116744,0.1887145566116744,596,1.0,639,1.0
1451,1460,0.834625322997416,True,0.9956372085129841,0.9956372085129841,341,1.0,369,1.0
1452,1461,0.8779904306220095,True,0.9025035761242098,0.9025035761242098,393,1.0,392,1.0
1454,1462,0.8954344624447718,True,0.9083366919687768,0.9083366919687768,657,1.0,630,1.0
1455,1463,0.7241379310344828,True,2.2172410210676246,2.2172410210676246,203,1.0,247,1.0
1456,1464,0.659047619047619,True,4.678088761006985,4.678088761006985,435,1.0,436,1.0
1458,1465,0.7752380952380953,True,1.5957049444746685,1.5957049444746685,500,1.0,432,1.0
1457,1466,0.9069148936170213,True,1.1627947601265014,1.1627947601265014,1055,1.0,1096,1.0
1472,1467,0.4921875,True,7.081688593407685,7.081688593407685,488,1.0,276,1.0
1461,1468,0.6764705882352942,True,3.9691477968860442,3.9691477968860442,367,1.0,317,1.0
1462,1469,0.8047619047619048,True,1.8062236858059864,1.8062236858059864,338,1.0,420,1.0
1463,1470,0.8666666666666667,True,0.4218925108715522,0.4218925108715522,338,1.0,362,1.0
1466,1471,0.7895408163265306,True,2.0379775334878736,2.0379775334878736,783,1.0,620,1.0
1459,1472,0.7007299270072993,True,1.3013202941955044,1.3013202941955044,96,1.0,137,1.0
1467,1473,0.8790849673202614,True,0.38139786045475355,0.38139786045475355,272,1.0,303,1.0
1460,1474,0.0,False,,,538,1.0,231,1.0
1465,1475,0.7455156950672646,True,4.340099365677996,4.340099365677996,876,1.0,681,1.0
1468,1476,0.5895061728395061,True,6.016175852149335,6.016175852149335,631,1.0,399,1.0
1464,1477,0.4578313253012048,True,6.9014482664693215,6.9014482664693215,453,1.0,878,1.0
1471,1478,0.8609625668449198,True,0.4526976012423103,0.4526976012423103,180,1.0,168,1.0
1473,1479,0.7288135593220338,True,1.7386753813579636,1.7386753813579636,336,1.0,378,1.0
1470,1480,0.6950354609929078,True,0.9733085804580377,0.9733085804580377,206,1.0,272,1.0
1491,1481,0.0,False,,,103,1.0,27,1.0
1497,1482,0.6286721504112809,True,3.859097473115115,3.859097473115115,849,1.0,537,1.0
1474,1483,0.5266272189349113,True,1.1587328702410904,1.1587328702410904,146,1.0,112,1.0
1478,1484,0.40053763440860213,True,6.155448846879381,6.155448846879381,359,1.0,162,1.0
1469,1486,0.0,False,,,245,1.0,227,1.0
1477,1487,0.0,False,,,72,1.0,236,1.0
1499,1488,0.5529801324503312,True,6.413093953389381,6.413093953389381,906,1.0,501,1.0
1476,1489,0.7695852534562212,True,2.541853202330749,2.541853202330749,173,1.0,211,1.0
1475,1490,0.7874564459930313,True,0.8151783071982205,0.8151783071982205,234,1.0,279,1.0
1479,1491,0.73046875,True,2.0635463397267673,2.0635463397267673,219,1.0,224,1.0
1480,1492,0.9285714285714286,True,0.7642197253015706,0.7642197253015706,564,1.0,597,1.0
1482,1493,0.5714285714285714,True,4.016009239354607,4.016009239354607,554,1.0,348,1.0
1481,1494,0.6929824561403509,True,2.8611948737920465,2.8611948737920465,413,1.0,359,1.0
1483,1495,0.8887665198237885,True,1.0041717076952201,1.0041717076952201,869,1.0,846,1.0
1484,1496,0.735632183908046,True,0.935372056654577,0.935372056654577,348,1.0,256,1.0
1486,1497,0.718213058419244,True,1.4549220613221832,1.4549220613221832,276,1.0,224,1.0
1485,1498,0.8586956521739131,True,1.6616495721236773,1.6616495721236773,576,1.0,621,1.0
1488,1499,0.4353146853146853,True,7.697189394349805,7.697189394349805,566,1.0,255,1.0
1489,1500,0.9190283400809717,True,1.248937097499455,1.248937097499455,467,1.0,481,1.0
1493,1501,0.6648648648648648,True,2.449941827643452,2.449941827643452,303,1.0,313,1.0
1492,1502,0.7282321899736148,True,1.6676386381084922,1.6676386381084922,350,1.0,305,1.0
1490,1503,0.871304347826087,True,0.8049815890419785,0.8049815890419785,547,1.0,529,1.0
1494,1504,0.8709677419354839,True,0.6455310861236409,0.6455310861236409,700,1.0,634,1.0
1487,1505,0.7380952380952381,True,0.47244744635583463,0.47244744635583463,127,1.0,165,1.0
1502,1506,0.4121475054229935,True,1.9530103738854128,1.9530103738854128,461,1.0,190,1.0
1496,1507,0.5592515592515592,True,3.6535065590340503,3.6535065590340503,325,1.0,425,1.0
1501,1508,0.6422018348623854,True,2.0774345481357672,2.0774345481357672,429,1.0,287,1.0
1495,1509,0.9301397205588823,True,0.702431513438274,0.702431513438274,490,1.0,477,1.0
1504,1510,0.3815789473684211,True,1.4864408112514957,1.4864408112514957,76,1.0,29,1.0
1500,1511,0.9299867899603699,True,0.7461254770397593,0.7461254770397593,745,1.0,716,1.0
1503,1512,0.9342507645259939,True,0.8995909307153781,0.8995909307153781,638,1.0,627,1.0
1536,1513,0.43912448700410395,True,7.727992631119231,7.727992631119231,717,1.0,335,1.0
1506,1514,0.5977777777777777,True,3.4085608998789634,3.4085608998789634,430,1.0,289,1.0
1498,1515,0.8251181634031061,True,3.1759600027074,3.1759600027074,1243,1.0,1460,1.0
1510,1516,0.8702064896755162,True,0.6503699434288063,0.6503699434288063,320,1.0,314,1.0
1509,1517,0.8809523809523809,True,1.1782693503697192,1.1782693503697192,309,1.0,323,1.0
1511,1518,0.8643122676579925,True,1.3686591082397812,1.3686591082397812,497,1.0,506,1.0
1508,1519,0.0,False,,,236,1.0,139,1.0
1513,1520,0.862876254180602,True,0.49893779778613856,0.49893779778613856,286,1.0,271,1.0
1531,1521,0.0,False,,,219,1.0,191,1.0
1514,1522,0.5759117896522477,True,9.81698215928258,9.81698215928258,698,1.0,1160,1.0
1516,1523,0.889168765743073,True,0.965297192734791,0.965297192734791,396,1.0,354,1.0
1505,1524,0.0,False,,,541,1.0,382,1.0
1515,1525,0.7987421383647799,True,1.1647224962871248,1.1647224962871248,297,1.0,275,1.0
1518,1526,0.8669833729216152,True,0.9911973794608228,0.9911973794608228,404,1.0,382,1.0
1512,1527,0.5383542538354253,True,7.600611181619897,7.600611181619897,474,1.0,629,1.0
1520,1528,0.7296703296703296,True,2.242339260958398,2.242339260958398,348,1.0,439,1.0
1522,1529,0.6666666666666666,True,2.5595884840816665,2.5595884840816665,184,1.0,246,1.0
1517,1530,0.8316151202749141,True,0.3580271767023326,0.3580271767023326,253,1.0,280,1.0
1524,1531,0.48945147679324896,True,2.9234939865776846,2.9234939865776846,234,1.0,119,1.0
1519,1532,0.9052734375,True,0.07800481151529036,0.07800481151529036,948,1.0,1003,1.0
1535,1533,0.8022988505747126,True,1.5163839371404775,1.5163839371404775,429,1.0,355,1.0
1523,1534,0.8645235361653272,True,0.8391506727810751,0.8391506727810751,828,1.0,796,1.0
1532,1535,0.6547085201793722,True,2.465917802873685,2.465917802873685,659,1.0,448,1.0
1521,1536,0.8877284595300261,True,0.6200159375156225,0.6200159375156225,365,1.0,358,1.0
1525,1537,0.4697406340057637,True,4.305394936016695,4.305394936016695,334,1.0,176,1.0
1526,1538,0.8886679920477137,True,0.4730116388776569,0.4730116388776569,478,1.0,472,1.0
1527,1539,0.4715447154471545,True,5.133445839774059,5.133445839774059,490,1.0,234,1.0
1529,1540,0.799410029498525,True,2.835537837875485,2.835537837875485,650,1.0,570,1.0
1530,1541,0.9297297297297298,True,0.7519695768504532,0.7519695768504532,537,1.0,534,1.0
1534,1542,0.8701923076923077,True,0.23550355660827488,0.23550355660827488,189,1.0,200,1.0
1528,1543,0.7008797653958945,True,2.3016606178006573,2.3016606178006573,290,1.0,290,1.0
1507,1544,0.0,False,,,300,1.0,284,1.0
1585,1545,0.0,False,,,571,1.0,74,1.0
1533,1546,0.6866666666666666,True,0.6331852877752662,0.6331852877752662,107,1.0,146,1.0
1604,1547,0.0,False,,,134,1.0,149,1.0
1537,1548,0.6658823529411765,True,2.809072277302874,2.809072277302874,386,1.0,322,1.0
1538,1549,0.6338729763387297,True,4.3092054436244105,4.3092054436244105,514,1.0,798,1.0
1539,1550,0.7589928057553957,True,1.344922247848681,1.344922247848681,277,1.0,212,1.0
1546,1551,0.14285714285714285,False,,,265,1.0,71,1.0
1542,1552,0.8534798534798534,True,0.5974887526313367,0.5974887526313367,273,1.0,233,1.0
1540,1553,0.6811926605504587,True,3.9806411243146114,3.9806411243146114,304,1.0,429,1.0
1541,1554,0.839171974522293,True,1.769835733426456,1.769835733426456,611,1.0,544,1.0
1612,1555,0.0,False,,,337,1.0,319,1.0
1545,1556,0.7822878228782287,True,1.0935083674459918,1.0935083674459918,262,1.0,221,1.0
1614,1557,0.0,False,,,253,1.0,41,1.0
1543,1558,0.8706467661691543,True,1.3567685202249613,1.3567685202249613,581,1.0,547,1.0
1627,1559,0.0,False,,,153,1.0,30,1.0
1552,1560,0.8757763975155279,True,0.9214402376831315,0.9214402376831315,470,1.0,436,1.0
1553,1561,0.7161290322580646,True,0.1620414165483613,0.1620414165483613,151,1.0,115,1.0
1635,1562,0.0,False,,,103,1.0,165,1.0
1548,1563,0.8475120385232745,True,1.3897413750497347,1.3897413750497347,592,1.0,559,1.0
1550,1564,0.9092558983666061,True,0.35814356293393157,0.35814356293393157,527,1.0,525,1.0
1624,1565,0.0,False,,,282,1.0,315,1.0
1547,1566,0.8785625774473358,True,1.0204055501794216,1.0204055501794216,758,1.0,758,1.0
1551,1567,0.42293577981651376,True,8.584137987868685,8.584137987868685,816,1.0,735,1.0
1644,1568,0.0,False,,,74,1.0,76,1.0
1549,1569,0.8584269662921349,True,0.2587112059203198,0.2587112059203198,386,1.0,441,1.0
1554,1570,0.866576819407008,True,1.2802869569772293,1.2802869569772293,697,1.0,688,1.0
1640,1571,0.0,False,,,559,1.0,241,1.0
1555,1572,0.8157894736842105,True,0.7113968902006421,0.7113968902006421,66,1.0,72,1.0
1655,1573,0.0,False,,,91,1.0,39,1.0
1544,1574,0.7816326530612245,True,1.7620738761542822,1.7620738761542822,457,1.0,416,1.0
1557,1575,0.9164179104477612,True,0.5911769636871983,0.5911769636871983,658,1.0,626,1.0
1560,1576,0.8893709327548807,True,1.2559988014976524,1.2559988014976524,452,1.0,419,1.0
1559,1577,0.8326180257510729,True,1.5610501982996843,1.5610501982996843,394,1.0,460,1.0
1556,1578,0.782991202346041,True,1.873457267152979,1.873457267152979,315,1.0,293,1.0
1558,1579,0.44344703770197486,True,7.359515648879284,7.359515648879284,250,1.0,554,1.0
1561,1580,0.8,True,0.8888352267935672,0.8888352267935672,207,1.0,180,1.0
1562,1581,0.6825938566552902,True,3.3715010291644907,3.3715010291644907,293,1.0,200,1.0
1686,1582,0.0,False,,,327,1.0,227,1.0
1692,1583,0.0,False,,,169,1.0,192,1.0
1563,1584,0.8663793103448276,True,1.9592640956437222,1.9592640956437222,687,1.0,612,1.0
1566,1585,0.6766467065868264,True,2.96503812073216,2.96503812073216,279,1.0,281,1.0
1698,1586,0.0,False,,,340,1.0,98,1.0
1567,1587,0.9536637931034483,True,0.794267109013917,0.794267109013917,898,1.0,915,1.0
1565,1588,0.7712177121771218,True,1.02301127531002,1.02301127531002,228,1.0,252,1.0
1564,1589,0.5321888412017167,True,3.9224630507312104,3.9224630507312104,259,1.0,455,1.0
1568,1590,0.8905109489051095,True,0.11271551059617971,0.11271551059617971,249,1.0,269,1.0
1569,1591,0.8932584269662921,True,0.9660729783339891,0.9660729783339891,848,1.0,837,1.0
1570,1592,0.8680555555555556,True,0.5700825746793536,0.5700825746793536,251,1.0,287,1.0
1693,1593,0.0,False,,,275,1.0,146,1.0
1571,1594,0.8758169934640523,True,2.0302123824315346,2.0302123824315346,751,1.0,684,1.0
1572,1595,0.7541528239202658,True,1.371475233692431,1.371475233692431,261,1.0,267,1.0
1701,1596,0.0,False,,,195,1.0,85,1.0
1575,1597,0.8245083207261724,True,1.635760901219462,1.635760901219462,659,1.0,547,1.0
1573,1598,0.6848249027237354,True,2.360521107586914,2.360521107586914,508,1.0,358,1.0
1579,1599,0.7787878787878788,True,1.9725310339980313,1.9725310339980313,314,1.0,273,1.0
1576,1600,0.7751479289940828,True,1.9618978315820077,1.9618978315820077,272,1.0,328,1.0
1574,1601,0.8587196467991169,True,0.8719300679549031,0.8719300679549031,415,1.0,427,1.0
1577,1602,0.8944543828264758,True,0.6090033075771415,0.6090033075771415,531,1.0,528,1.0
1578,1603,0.8762278978388998,True,0.8228882676012804,0.8228882676012804,481,1.0,474,1.0
1582,1604,0.5615763546798029,True,4.4077506774802675,4.4077506774802675,401,1.0,233,1.0
1588,1605,0.5414884516680923,True,6.8951325725547195,6.8951325725547195,1118,1.0,684,1.0
1581,1606,0.7590361445783133,True,0.5337024366194812,0.5337024366194812,75,1.0,71,1.0
1705,1607,0.0,False,,,163,1.0,163,1.0
1584,1608,0.8157894736842105,True,0.303671213989523,0.303671213989523,188,1.0,226,1.0
1583,1609,0.8992628992628993,True,0.35767926059215605,0.35767926059215605,375,1.0,398,1.0
1586,1610,0.4585635359116022,True,1.0068048160613001,1.0068048160613001,83,1.0,181,1.0
1714,1611,0.0,False,,,162,1.0,122,1.0
1580,1612,0.613013698630137,True,3.831579093986697,3.831579093986697,208,1.0,263,1.0
1589,1613,0.9138321995464853,True,0.8958836888341758,0.8958836888341758,427,1.0,417,1.0
1719,1614,0.0,False,,,251,1.0,312,1.0
1591,1615,0.8846153846153846,True,0.8447663424003875,0.8447663424003875,206,1.0,186,1.0
1592,1616,0.830220713073005,True,0.8239182609184468,0.8239182609184468,545,1.0,533,1.0
1593,1617,0.8074534161490683,True,1.0002062464317603,1.0002062464317603,136,1.0,155,1.0
1594,1618,0.7685714285714286,True,2.1177154026065486,2.1177154026065486,346,1.0,273,1.0
1596,1619,0.7928436911487758,True,1.861443082084188,1.861443082084188,499,1.0,453,1.0
1597,1620,0.937791601866252,True,0.06625515196263858,0.06625515196263858,616,1.0,630,1.0
1595,1621,0.7828282828282829,True,0.48613516770805915,0.48613516770805915,157,1.0,196,1.0
1599,1622,0.9448398576512456,True,0.19009185801238818,0.19009185801238818,537,1.0,556,1.0
1600,1623,0.8132780082987552,True,0.7136467396895584,0.7136467396895584,207,1.0,230,1.0
1590,1624,0.27896995708154504,False,,,116,1.0,182,1.0
1601,1625,0.903056768558952,True,0.6314338232199047,0.6314338232199047,1077,1.0,1102,1.0
1602,1626,0.8102766798418972,True,1.6942672898953146,1.6942672898953146,221,1.0,237,1.0
1587,1627,0.4326086956521739,True,8.881764842557404,8.881764842557404,324,1.0,335,1.0
1603,1628,0.831081081081081,True,1.4601478588510057,1.4601478588510057,687,1.0,668,1.0
1605,1629,0.6168384879725086,True,4.036564328595595,4.036564328595595,529,1.0,412,1.0
1608,1630,0.9138381201044387,True,0.6231639320835758,0.6231639320835758,368,1.0,365,1.0
1713,1631,0.0,False,,,390,1.0,159,1.0
1607,1632,0.8119266055045872,True,1.623861689826193,1.623861689826193,402,1.0,388,1.0
1728,1633,0.0,False,,,106,1.0,71,1.0
1598,1634,0.4616265750286369,True,8.680470702591187,8.680470702591187,508,1.0,768,1.0
1741,1635,0.0,False,,,128,1.0,134,1.0
1609,1636,0.8057324840764332,True,1.9086848510851875,1.9086848510851875,555,1.0,579,1.0
1610,1637,0.9385365853658536,True,0.3823009458456124,0.3823009458456124,983,1.0,1004,1.0
1611,1638,0.9104258443465492,True,0.690729046759899,0.690729046759899,671,1.0,630,1.0
1613,1639,0.9379679144385027,True,0.5025441704445528,0.5025441704445528,926,1.0,886,1.0
1615,1640,0.9432013769363167,True,0.4517473079393453,0.4517473079393453,564,1.0,565,1.0
1617,1641,0.9281437125748503,True,0.6678632212724918,0.6678632212724918,635,1.0,653,1.0
1606,1642,0.46243523316062174,True,6.882563943110624,6.882563943110624,630,1.0,499,1.0
1745,1643,0.0,False,,,286,1.0,97,1.0
1619,1644,0.9042145593869731,True,0.44348695417559947,0.44348695417559947,239,1.0,258,1.0
1620,1645,0.8559077809798271,True,1.048100848542914,1.048100848542914,317,1.0,327,1.0
1618,1646,0.8419580419580419,True,2.3827362771103178,2.3827362771103178,637,1.0,680,1.0
1754,1647,0.0,False,,,336,1.0,87,1.0
1622,1648,0.9596774193548387,True,0.6578481093923642,0.6578481093923642,726,1.0,732,1.0
1629,1649,0.8552631578947368,True,0.8858932446196967,0.8858932446196967,446,1.0,400,1.0
1626,1650,0.9318885448916409,True,0.19323491034080825,0.19323491034080825,634,1.0,614,1.0
1634,1651,0.8514150943396226,True,0.6065141848520331,0.6065141848520331,837,1.0,733,1.0
1639,1652,0.4936507936507937,True,6.1820960182461775,6.1820960182461775,630,1.0,311,1.0
1621,1653,0.710691823899371,True,4.3856956745994,4.3856956745994,483,1.0,605,1.0
1623,1654,0.8970099667774086,True,0.6700897492851137,0.6700897492851137,552,1.0,590,1.0
1632,1655,0.7535410764872521,True,2.5411927922863105,2.5411927922863105,349,1.0,270,1.0
1625,1656,0.6678635547576302,True,4.059483386149414,4.059483386149414,398,1.0,531,1.0
1628,1657,0.8095238095238095,True,0.7693878765260995,0.7693878765260995,220,1.0,236,1.0
1631,1658,0.7256637168141593,True,3.7180230709844984,3.7180230709844984,503,1.0,472,1.0
1630,1659,0.8535127055306427,True,2.0899245406479263,2.0899245406479263,1231,1.0,1249,1.0
1636,1660,0.6989528795811518,True,2.4010466225342695,2.4010466225342695,378,1.0,271,1.0
1772,1661,0.0,False,,,269,1.0,185,1.0
1633,1662,0.6178343949044586,True,2.3762992584052673,2.3762992584052673,195,1.0,313,1.0
1616,1663,0.5043352601156069,True,9.311590026352984,9.311590026352984,355,1.0,686,1.0
1637,1664,0.6556291390728477,True,1.6861080246276856,1.6861080246276856,295,1.0,205,1.0
1649,1665,0.5191986644407346,True,8.168924204551741,8.168924204551741,599,1.0,311,1.0
1641,1666,0.8961937716262975,True,0.7779633231800257,0.7779633231800257,542,1.0,554,1.0
1642,1667,0.7757437070938215,True,1.6723183099767422,1.6723183099767422,361,1.0,415,1.0
1645,1668,0.9240986717267552,True,0.4731341436115495,0.4731341436115495,524,1.0,490,1.0
1777,1669,0.0,False,,,344,1.0,357,1.0
1646,1670,0.45045045045045046,True,1.1401196095473616,1.1401196095473616,220,1.0,102,1.0
1643,1671,0.8114406779661016,True,2.0466630369898993,2.0466630369898993,411,1.0,444,1.0
1647,1672,0.8598130841121495,True,1.0841508589113669,1.0841508589113669,420,1.0,376,1.0
1648,1673,0.9508771929824561,True,0.6501031634809438,0.6501031634809438,283,1.0,273,1.0
1638,1674,0.1706422018348624,False,,,93,1.0,545,1.0
1652,1675,0.6956087824351297,True,1.889594465471047,1.889594465471047,1002,1.0,697,1.0
1650,1676,0.9130434782608695,True,0.4502503271027027,0.4502503271027027,479,1.0,445,1.0
1651,1677,0.8342440801457195,True,1.0965704185479639,1.0965704185479639,496,1.0,511,1.0
1778,1678,0.0,False,,,135,1.0,64,1.0
1654,1679,0.7777777777777778,True,2.082297718791236,2.082297718791236,504,1.0,504,1.0
1656,1680,0.5818181818181818,True,3.1608945240861663,3.1608945240861663,266,1.0,169,1.0
1657,1681,0.9385796545105566,True,0.39926642006886714,0.39926642006886714,499,1.0,511,1.0
1653,1682,0.8067226890756303,True,1.0857006627252273,1.0857006627252273,330,1.0,315,1.0
1658,1683,0.9282296650717703,True,0.6099232225729262,0.6099232225729262,398,1.0,408,1.0
1659,1684,0.8289085545722714,True,0.3480622479146732,0.3480622479146732,281,1.0,339,1.0
1661,1685,0.8891213389121339,True,1.1825883644476283,1.1825883644476283,450,1.0,453,1.0
1667,1686,0.7889125799573561,True,1.8578532448680471,1.8578532448680471,458,1.0,381,1.0
1662,1687,0.8366336633663366,True,0.8789901463444609,0.8789901463444609,177,1.0,194,1.0
1663,1688,0.9078014184397163,True,0.43063029744335257,0.43063029744335257,266,1.0,272,1.0
1785,1689,0.0,False,,,189,1.0,84,1.0
1666,1690,0.7061281337047354,True,2.950395804175565,2.950395804175565,668,1.0,557,1.0
1665,1691,0.8913443830570903,True,0.8278213622070411,0.8278213622070411,533,1.0,494,1.0
1801,1692,0.0,False,,,212,1.0,807,1.0
1664,1693,0.806,True,0.8690725490028431,0.8690725490028431,481,1.0,422,1.0
1676,1694,0.3879003558718861,True,2.348998687387792,2.348998687387792,281,1.0,109,1.0
1669,1695,0.9532085561497327,True,0.8330752507623385,0.8330752507623385,743,1.0,718,1.0
1805,1696,0.0,False,,,130,1.0,64,1.0
1660,1697,0.6358381502890174,True,3.562908942349719,3.562908942349719,232,1.0,334,1.0
1673,1698,0.8226744186046512,True,1.56679602656007,1.56679602656007,343,1.0,284,1.0
1674,1699,0.8697788697788698,True,0.6434896604840628,0.6434896604840628,377,1.0,384,1.0
1670,1700,0.7196969696969697,True,1.3633357253035612,1.3633357253035612,194,1.0,260,1.0
1675,1701,0.9384615384615385,True,0.45284292193136394,0.45284292193136394,187,1.0,191,1.0
1835,1702,0.0,False,,,51,1.0,110,1.0
1668,1703,0.527027027027027,True,6.339520563624313,6.339520563624313,313,1.0,591,1.0
1671,1704,0.9006211180124224,True,0.4970712259802806,0.4970712259802806,623,1.0,601,1.0
1677,1705,0.5033377837116155,True,10.817019451269418,10.817019451269418,395,1.0,731,1.0
1672,1706,0.800383877159309,True,0.8094754280934031,0.8094754280934031,417,1.0,521,1.0
1681,1707,0.819327731092437,True,0.979205237438491,0.979205237438491,233,1.0,200,1.0
1679,1708,0.7663157894736842,True,1.3844094337380806,1.3844094337380806,475,1.0,364,1.0
1825,1709,0.0,False,,,333,1.0,356,1.0
1680,1710,0.7152777777777778,True,1.3527469640871093,1.3527469640871093,283,1.0,211,1.0
1682,1711,0.8916876574307305,True,1.1724039369452788,1.1724039369452788,378,1.0,373,1.0
1886,1712,0.0,False,,,166,1.0,70,1.0
1683,1713,0.9048780487804878,True,0.5595390258897355,0.5595390258897355,408,1.0,373,1.0
1684,1714,0.8246205733558178,True,0.7420216602806503,0.7420216602806503,591,1.0,491,1.0
1678,1715,0.8306878306878307,True,1.020753493584459,1.020753493584459,325,1.0,367,1.0
1685,1716,0.864,True,0.4504415713648731,0.4504415713648731,240,1.0,226,1.0
1895,1717,0.0,False,,,190,1.0,360,1.0
1687,1718,0.8949880668257757,True,0.4877295995402836,0.4877295995402836,397,1.0,397,1.0
1688,1719,0.5,True,5.840522780985223,5.840522780985223,356,1.0,184,1.0
1900,1720,0.0,False,,,206,1.0,104,1.0
1689,1721,0.8522727272727273,True,1.3816549823058084,1.3816549823058084,556,1.0,585,1.0
1696,1722,0.6783042394014963,True,2.028139490746417,2.028139490746417,401,1.0,272,1.0
1700,1723,0.452,True,4.595607852492169,4.595607852492169,500,1.0,226,1.0
1691,1724,0.8957345971563981,True,1.47295186397027,1.47295186397027,826,1.0,774,1.0
1694,1725,0.7628032345013477,True,2.1913798904756527,2.1913798904756527,302,1.0,352,1.0
1919,1726,0.0,False,,,201,1.0,64,1.0
1690,1727,0.7745625841184388,True,4.021245973056585,4.021245973056585,1294,1.0,1343,1.0
1902,1728,0.0,False,,,112,1.0,343,1.0
1695,1729,0.7638036809815951,True,1.1316014632420688,1.1316014632420688,284,1.0,291,1.0
1697,1730,0.9056372549019608,True,0.908864186405459,0.908864186405459,790,1.0,765,1.0
1699,1731,0.93125,True,0.6982153651953616,0.6982153651953616,313,1.0,305,1.0
1936,1732,0.0,False,,,312,1.0,101,1.0
1703,1733,0.5648854961832062,True,3.749080886679938,3.749080886679938,205,1.0,205,1.0
1702,1734,0.33836206896551724,True,9.167364579152839,9.167364579152839,385,1.0,236,1.0
1704,1735,0.6666666666666666,True,1.45444310022905,1.45444310022905,348,1.0,237,1.0
1706,1736,0.6122448979591837,True,3.4178122381287066,3.4178122381287066,342,1.0,211,1.0
1708,1737,0.7835616438356164,True,1.6420822088778222,1.6420822088778222,330,1.0,321,1.0
1707,1738,0.7824267782426778,True,0.7054415716252712,0.7054415716252712,196,1.0,230,1.0
1942,1739,0.0,False,,,71,1.0,25,1.0
1709,1740,0.8208333333333333,True,0.6866876787107142,0.6866876787107142,466,1.0,408,1.0
1710,1741,0.9574621485219899,True,0.6920681231868541,0.6920681231868541,1366,1.0,1349,1.0
1711,1742,0.8365019011406845,True,0.7387323179090827,0.7387323179090827,263,1.0,220,1.0
1725,1743,0.4481792717086835,True,4.807447469143724,4.807447469143724,352,1.0,165,1.0
1715,1744,0.8465753424657534,True,2.0399848671201855,2.0399848671201855,728,1.0,620,1.0
1712,1745,0.25405405405405407,False,,,47,1.0,185,1.0
1717,1746,0.8873390557939914,True,0.8995915262112644,0.8995915262112644,916,1.0,843,1.0
1716,1747,0.8978723404255319,True,0.5118287202677836,0.5118287202677836,227,1.0,219,1.0
1718,1748,0.8384615384615385,True,0.4634237930596695,0.4634237930596695,220,1.0,258,1.0
1721,1749,0.9058171745152355,True,0.39310429522574547,0.39310429522574547,343,1.0,345,1.0
1950,1750,0.0,False,,,165,1.0,85,1.0
1720,1751,0.9323308270676691,True,0.6862482307083303,0.6862482307083303,631,1.0,654,1.0
1723,1752,0.673728813559322,True,3.5067025998129147,3.5067025998129147,460,1.0,330,1.0
1722,1753,0.9128329297820823,True,0.3053681096860753,0.3053681096860753,388,1.0,402,1.0
1727,1754,0.800711743772242,True,1.2927420132539469,1.2927420132539469,275,1.0,231,1.0
1954,1755,0.0,False,,,186,1.0,76,1.0
1724,1756,0.8235294117647058,True,0.7849343286234526,0.7849343286234526,308,1.0,374,1.0
1726,1757,0.6007326007326007,True,2.832530992742719,2.832530992742719,515,1.0,359,1.0
1729,1758,0.6873661670235546,True,3.2802487824761033,3.2802487824761033,440,1.0,348,1.0
1731,1759,0.53,True,4.825035468443569,4.825035468443569,265,1.0,194,1.0
1730,1760,0.9157754010695187,True,1.0977758506463022,1.0977758506463022,723,1.0,710,1.0
1961,1761,0.0,False,,,365,1.0,167,1.0
1733,1762,0.81640625,True,0.6848602476433109,0.6848602476433109,418,1.0,512,1.0
1735,1763,0.7135506003430532,True,1.9724295508596523,1.9724295508596523,570,1.0,429,1.0
1941,1764,0.0,False,,,226,1.0,337,1.0
1734,1765,0.9014454664914586,True,0.8009889751489583,0.8009889751489583,718,1.0,729,1.0
1737,1766,0.8774289985052317,True,1.170296359310109,1.170296359310109,658,1.0,598,1.0
1738,1767,0.6181818181818182,True,0.9054247709072147,0.9054247709072147,220,1.0,136,1.0
1753,1768,0.3915094339622642,True,5.952184722504288,5.952184722504288,412,1.0,178,1.0
1732,1769,0.7115902964959568,True,2.1260370461071685,2.1260370461071685,314,1.0,321,1.0
1736,1770,0.8185053380782918,True,0.6042041356410821,0.6042041356410821,237,1.0,274,1.0
1967,1771,0.0,False,,,116,1.0,84,1.0
1755,1772,0.5021961932650073,True,6.512008095830243,6.512008095830243,683,1.0,343,1.0
1743,1773,0.9247311827956989,True,0.24519582993560893,0.24519582993560893,364,1.0,352,1.0
1739,1774,0.9025157232704403,True,0.7254319412258861,0.7254319412258861,306,1.0,299,1.0
1747,1775,0.7943037974683544,True,0.8766595663522384,0.8766595663522384,316,1.0,251,1.0
1740,1776,0.8452380952380952,True,1.2106615952788775,1.2106615952788775,221,1.0,244,1.0
1744,1777,0.8891656288916563,True,1.7652998520472225,1.7652998520472225,793,1.0,724,1.0
1742,1778,0.6991869918699187,True,0.9304604793206391,0.9304604793206391,242,1.0,176,1.0
1746,1779,0.7505197505197505,True,2.7955832026790044,2.7955832026790044,467,1.0,375,1.0
1974,1780,0.0,False,,,119,1.0,381,1.0
1749,1781,0.9506057781919851,True,0.46086924172477683,0.46086924172477683,1040,1.0,1053,1.0
1751,1782,0.8747474747474747,True,0.7932661065227475,0.7932661065227475,481,1.0,447,1.0
1764,1783,0.7578253706754531,True,2.4974839214460616,2.4974839214460616,563,1.0,504,1.0
1750,1784,0.8679867986798679,True,0.5844321019432661,0.5844321019432661,269,1.0,297,1.0
1748,1785,0.6593886462882096,True,1.8544925712360834,1.8544925712360834,162,1.0,218,1.0
1752,1786,0.8049490538573508,True,1.0629028965847096,1.0629028965847096,572,1.0,668,1.0
1757,1787,0.8177215189873418,True,2.038463475755052,2.038463475755052,356,1.0,362,1.0
1762,1788,0.6993006993006993,True,1.4080235184365035,1.4080235184365035,283,1.0,203,1.0
1769,1789,0.7347140039447732,True,3.4978964073030587,3.4978964073030587,996,1.0,763,1.0
1759,1790,0.8813559322033898,True,1.2409677097841993,1.2409677097841993,487,1.0,512,1.0
1756,1791,0.809322033898305,True,0.9047362546890962,0.9047362546890962,214,1.0,213,1.0
1761,1792,0.9131313131313131,True,0.22964129536082006,0.22964129536082006,484,1.0,463,1.0
1758,1793,0.8028169014084507,True,2.2808734635961128,2.2808734635961128,462,1.0,562,1.0
1763,1794,0.8854660347551343,True,0.9328045890912859,0.9328045890912859,1243,1.0,1144,1.0
1760,1795,0.702928870292887,True,3.8208860910854106,3.8208860910854106,341,1.0,473,1.0
1940,1796,0.0,False,,,90,1.0,432,1.0
1765,1797,0.89738430583501,True,1.3250913734340815,1.3250913734340815,486,1.0,457,1.0
1767,1798,0.9031719532554258,True,0.8919119527946641,0.8919119527946641,575,1.0,565,1.0
1770,1799,0.489058039961941,True,6.0283960473114115,6.0283960473114115,1051,1.0,514,1.0
1766,1800,0.8032200357781754,True,1.9835639387180195,1.9835639387180195,475,1.0,533,1.0
1768,1801,0.6169154228855721,True,1.717152264861237,1.717152264861237,183,1.0,142,1.0
1773,1802,0.923963133640553,True,0.5550071899235207,0.5550071899235207,407,1.0,428,1.0
1771,1803,0.9431034482758621,True,0.4818732520931386,0.4818732520931386,574,1.0,553,1.0
1775,1804,0.89937106918239,True,0.9659927183401487,0.9659927183401487,751,1.0,759,1.0
1780,1805,0.7412140575079872,True,1.078991069383823,1.078991069383823,247,1.0,298,1.0
1776,1806,0.8949416342412452,True,0.0900304982047736,0.0900304982047736,238,1.0,249,1.0
1781,1807,0.8905704307334109,True,0.638712229088185,0.638712229088185,837,1.0,787,1.0
1784,1808,0.7804878048780488,True,1.934465318082515,1.934465318082515,239,1.0,199,1.0
1956,1809,0.0,False,,,247,1.0,409,1.0
1782,1810,0.9289940828402367,True,0.5885393864876071,0.5885393864876071,325,1.0,327,1.0
1783,1811,0.7352941176470589,True,0.4997705032123238,0.4997705032123238,53,1.0,65,1.0
1963,1812,0.0,False,,,45,1.0,89,1.0
1791,1813,0.6588921282798834,True,1.0655642845186546,1.0655642845186546,343,1.0,226,1.0
1779,1814,0.6223506743737958,True,3.831959158969985,3.831959158969985,332,1.0,510,1.0
1788,1815,0.8183652875882946,True,1.5623054416735933,1.5623054416735933,987,1.0,815,1.0
1789,1816,0.8852201257861635,True,0.9892341832401127,0.9892341832401127,610,1.0,589,1.0
1786,1817,0.8421052631578947,True,0.4089071698578132,0.4089071698578132,67,1.0,73,1.0
1794,1818,0.4888888888888889,True,3.3611827038383555,3.3611827038383555,217,1.0,118,1.0
1787,1819,0.8923933209647495,True,0.4549498837588476,0.4549498837588476,481,1.0,539,1.0
1795,1820,0.8449675324675324,True,0.6174102403318968,0.6174102403318968,1232,1.0,1041,1.0
1790,1821,0.7988505747126436,True,0.8538884250251858,0.8538884250251858,146,1.0,167,1.0
1793,1822,0.743421052631579,True,1.8523916991692073,1.8523916991692073,134,1.0,131,1.0
1797,1823,0.7604166666666666,True,0.8124022139828779,0.8124022139828779,190,1.0,148,1.0
1968,1824,0.0,False,,,104,1.0,529,1.0
1799,1825,0.7832167832167832,True,0.40242931109754543,0.40242931109754543,286,1.0,224,1.0
1994,1826,0.0,False,,,52,1.0,34,1.0
1802,1827,0.4669887278582931,True,7.485935082174088,7.485935082174088,321,1.0,590,1.0
1986,1828,0.0,False,,,53,1.0,303,1.0
1798,1829,0.9002320185614849,True,0.6163397263931774,0.6163397263931774,425,1.0,394,1.0
1800,1830,0.8288770053475936,True,1.0826859266207416,1.0826859266207416,316,1.0,368,1.0
1796,1831,0.4362934362934363,True,4.039271805614442,4.039271805614442,138,1.0,234,1.0
1806,1833,0.9144050104384134,True,0.5986774023075841,0.5986774023075841,478,1.0,439,1.0
1804,1834,0.6715399610136452,True,3.7633003241658334,3.7633003241658334,726,1.0,989,1.0
1807,1835,0.6827731092436975,True,2.800426055640893,2.800426055640893,462,1.0,339,1.0
1808,1836,0.7775974025974026,True,1.101708937438952,1.101708937438952,566,1.0,529,1.0
1803,1837,0.7514060742407199,True,3.4894159704614163,3.4894159704614163,742,1.0,815,1.0
1811,1838,0.6570644718792867,True,6.566465715999289,6.566465715999289,540,1.0,668,1.0
1809,1839,0.9213483146067416,True,0.2031988892410233,0.2031988892410233,506,1.0,520,1.0
1810,1840,0.87,True,1.3023328077611869,1.3023328077611869,395,1.0,353,1.0
1812,1841,0.8108614232209738,True,0.3814731329894198,0.3814731329894198,438,1.0,529,1.0
1792,1842,0.4808510638297872,True,6.782377288982246,6.782377288982246,321,1.0,375,1.0
1813,1843,0.8759305210918115,True,0.9071763754491045,0.9071763754491045,794,1.0,718,1.0
1820,1844,0.47535596933187296,True,3.9030213883495466,3.9030213883495466,913,1.0,434,1.0
1984,1845,0.0,False,,,281,1.0,307,1.0
2006,1846,0.0,False,,,259,1.0,116,1.0
1814,1847,0.791828793774319,True,1.2842997263608782,1.2842997263608782,412,1.0,509,1.0
1815,1848,0.8262295081967214,True,0.8191115425097217,0.8191115425097217,275,1.0,282,1.0
1816,1849,0.9391891891891891,True,0.8684549855642357,0.8684549855642357,289,1.0,285,1.0
1817,1850,0.6739130434782609,True,0.3231632896707937,0.3231632896707937,62,1.0,92,1.0
1818,1851,0.75,True,1.3713348041690447,1.3713348041690447,295,1.0,230,1.0
1821,1852,0.8858024691358025,True,0.9048654565999593,0.9048654565999593,308,1.0,303,1.0
1822,1853,0.46296296296296297,True,6.793597990948606,6.793597990948606,410,1.0,380,1.0
1819,1854,0.7272727272727273,True,1.3882703136474028,1.3882703136474028,307,1.0,244,1.0
2010,1855,0.0,False,,,111,1.0,384,1.0
2014,1856,0.0,False,,,234,1.0,144,1.0
1823,1857,0.7966101694915254,True,1.3577127114903913,1.3577127114903913,306,1.0,330,1.0
2035,1858,0.0,False,,,282,1.0,281,1.0
2054,1859,0.0,False,,,105,1.0,170,1.0
1826,1860,0.47604790419161674,True,6.194475124991557,6.194475124991557,656,1.0,330,1.0
1824,1861,0.8728908886389202,True,1.2824231252793383,1.2824231252793383,813,1.0,852,1.0
1830,1862,0.75,True,1.2921194577698605,1.2921194577698605,125,1.0,106,1.0
1831,1863,0.8071570576540755,True,0.9742560153730759,0.9742560153730759,502,1.0,407,1.0
1832,1864,0.8210862619808307,True,0.8984459888192589,0.8984459888192589,313,1.0,257,1.0
2070,1865,0.0,False,,,186,1.0,921,1.0
1855,1866,0.396078431372549,True,9.109102675938194,9.109102675938194,688,1.0,380,1.0
1827,1867,0.8249227600411947,True,1.700888111266906,1.700888111266906,856,1.0,916,1.0
1828,1868,0.8416523235800344,True,0.6557949898092054,0.6557949898092054,500,1.0,570,1.0
1829,1869,0.8752886836027713,True,0.9885467931417562,0.9885467931417562,411,1.0,401,1.0
2049,1870,0.0,False,,,258,1.0,788,1.0
1836,1871,0.9205607476635514,True,0.7470814860151291,0.7470814860151291,607,1.0,626,1.0
1834,1872,0.6680161943319838,True,2.6744418103036383,2.6744418103036383,222,1.0,190,1.0
1838,1873,0.8604060913705583,True,1.2615395475339921,1.2615395475339921,361,1.0,372,1.0
1833,1874,0.4864864864864865,True,1.4528597633031801,1.4528597633031801,72,1.0,148,1.0
1837,1875,0.7048710601719198,True,2.2944209005871623,2.2944209005871623,263,1.0,332,1.0
1841,1876,0.8229665071770335,True,1.09265128583371,1.09265128583371,349,1.0,413,1.0
1842,1877,0.9076923076923077,True,0.6076179766567081,0.6076179766567081,705,1.0,659,1.0
1839,1878,0.8771428571428571,True,0.4721275940896442,0.4721275940896442,341,1.0,316,1.0
1845,1879,0.93952802359882,True,0.23985495936814655,0.23985495936814655,1341,1.0,1289,1.0
2056,1880,0.0,False,,,180,1.0,372,1.0
1840,1881,0.8679245283018868,True,0.5384999887065407,0.5384999887065407,415,1.0,476,1.0
1844,1882,0.8451327433628318,True,0.48596772081777107,0.48596772081777107,216,1.0,201,1.0
1848,1883,0.9354838709677419,True,0.9822990577154206,0.9822990577154206,644,1.0,616,1.0
1847,1884,0.9118589743589743,True,1.0107793736543598,1.0107793736543598,598,1.0,595,1.0
1849,1885,0.7850287907869482,True,1.1899783044668288,1.1899783044668288,409,1.0,521,1.0
1843,1886,0.9163179916317992,True,1.008805232633409,1.008805232633409,456,1.0,460,1.0
1853,1887,0.9211822660098522,True,0.3495564075038813,0.3495564075038813,397,1.0,383,1.0
1850,1888,0.9003021148036254,True,0.6476726302211616,0.6476726302211616,313,1.0,316,1.0
1852,1889,0.8727272727272727,True,1.0080570029689002,1.0080570029689002,313,1.0,305,1.0
1851,1890,0.7865612648221344,True,1.6172771982370375,1.6172771982370375,215,1.0,237,1.0
1854,1891,0.8929539295392954,True,0.5411041147893347,0.5411041147893347,702,1.0,695,1.0
1857,1892,0.8818181818181818,True,0.7318677930788958,0.7318677930788958,625,1.0,617,1.0
1856,1893,0.7857142857142857,True,2.375095730997636,2.375095730997636,661,1.0,539,1.0
1858,1894,0.892,True,0.38100769795029726,0.38100769795029726,467,1.0,479,1.0
1859,1895,0.7800829875518672,True,1.5327321578819424,1.5327321578819424,198,1.0,231,1.0
1862,1896,0.8323424494649228,True,1.7243075286269594,1.7243075286269594,831,1.0,710,1.0
1861,1897,0.8235294117647058,True,0.9725982314948755,0.9725982314948755,123,1.0,125,1.0
1860,1898,0.8495934959349594,True,1.0514552113909548,1.0514552113909548,441,1.0,469,1.0
1846,1899,0.3829787234042553,True,8.562784519470682,8.562784519470682,323,1.0,587,1.0
1874,1900,0.3715670436187399,True,8.898839585160356,8.898839585160356,509,1.0,340,1.0
2087,1901,0.0,False,,,384,1.0,110,1.0
1864,1902,0.6764044943820224,True,3.393626345509624,3.393626345509624,306,1.0,440,1.0
1865,1903,0.7087912087912088,True,2.7791378170667222,2.7791378170667222,260,1.0,362,1.0
1863,1904,0.3901345291479821,True,1.0891470516320485,1.0891470516320485,87,1.0,223,1.0
1869,1905,0.8425414364640884,True,0.39120263538198874,0.39120263538198874,348,1.0,319,1.0
1866,1906,0.7791932059447984,True,1.0239855814750791,1.0239855814750791,377,1.0,461,1.0
1867,1907,0.9257028112449799,True,0.47433984611642843,0.47433984611642843,484,1.0,475,1.0
1873,1908,0.482484076433121,True,5.982852175121002,5.982852175121002,617,1.0,314,1.0
1868,1909,0.6714601769911505,True,4.600000616241671,4.600000616241671,870,1.0,641,1.0
1871,1910,0.8813559322033898,True,0.8137772699853464,0.8137772699853464,918,1.0,858,1.0
1870,1911,0.9524680073126143,True,0.32697230037110087,0.32697230037110087,531,1.0,537,1.0
1876,1912,0.8819188191881919,True,0.868496015400903,0.868496015400903,786,1.0,744,1.0
1875,1913,0.9206349206349206,True,0.673274454638773,0.673274454638773,535,1.0,554,1.0
1877,1914,0.8148148148148148,True,2.2661591349658154,2.2661591349658154,715,1.0,853,1.0
1872,1915,0.8555678059536935,True,2.2132600774317677,2.2132600774317677,801,1.0,882,1.0
1878,1916,0.8034934497816594,True,0.9599991392856249,0.9599991392856249,198,1.0,215,1.0
1879,1917,0.8735632183908046,True,0.5284054284803257,0.5284054284803257,543,1.0,598,1.0
1880,1918,0.504835589941973,True,3.7334799184991554,3.7334799184991554,512,1.0,266,1.0
1881,1919,0.7312661498708011,True,2.1460611042563693,2.1460611042563693,377,1.0,293,1.0
1887,1920,0.5766423357664233,True,2.902501100760071,2.902501100760071,260,1.0,172,1.0
1882,1921,0.7245762711864406,True,1.1258625320566897,1.1258625320566897,200,1.0,207,1.0
1884,1922,0.7762803234501348,True,2.2749807616530133,2.2749807616530133,361,1.0,298,1.0
2089,1923,0.0,False,,,284,1.0,73,1.0
1883,1924,0.8018648018648019,True,0.9825183142889498,0.9825183142889498,344,1.0,429,1.0
1913,1925,0.02865329512893983,False,,,128,1.0,231,1.0
1885,1926,0.7883369330453563,True,2.514352602631797,2.514352602631797,415,1.0,413,1.0
1896,1927,0.6606741573033708,True,3.116273920944518,3.116273920944518,436,1.0,303,1.0
1888,1928,0.6318407960199005,True,4.449713124209767,4.449713124209767,1004,1.0,636,1.0
2114,1929,0.0,False,,,370,1.0,367,1.0
2121,1930,0.0,False,,,291,1.0,191,1.0
1890,1931,0.8289156626506025,True,1.0466458353084165,1.0466458353084165,391,1.0,368,1.0
1892,1932,0.4625,True,3.452381253910197,3.452381253910197,238,1.0,113,1.0
1889,1933,0.4739952718676123,True,7.663677702686973,7.663677702686973,415,1.0,832,1.0
1894,1934,0.874189364461738,True,1.5766328625189316,1.5766328625189316,731,1.0,714,1.0
1893,1935,0.48905109489051096,True,4.025675762571926,4.025675762571926,266,1.0,142,1.0
2127,1936,0.0,False,,,164,1.0,114,1.0
1897,1937,0.5037037037037037,True,5.358675557423135,5.358675557423135,286,1.0,323,1.0
2139,1938,0.0,False,,,547,1.0,49,1.0
2140,1939,0.0,False,,,335,1.0,157,1.0
1898,1940,0.7032967032967034,True,3.274706040583312,3.274706040583312,327,1.0,448,1.0
1899,1941,0.39828693790149894,True,6.44253142953451,6.44253142953451,454,1.0,199,1.0
2145,1942,0.0,False,,,61,1.0,180,1.0
1901,1943,0.6125,True,2.8593580413602098,2.8593580413602098,153,1.0,234,1.0
1904,1944,0.26047904191616766,False,,,331,1.0,90,1.0
2138,1945,0.0,False,,,494,1.0,244,1.0
1903,1946,0.9363143631436315,True,0.4820043603562981,0.4820043603562981,722,1.0,707,1.0
2166,1947,0.0,False,,,203,1.0,116,1.0
1910,1948,0.8415245737211635,True,1.3960389099448802,1.3960389099448802,978,1.0,858,1.0
1909,1949,0.6709886547811994,True,2.6330050466639894,2.6330050466639894,607,1.0,424,1.0
1891,1950,0.6135693215339233,True,3.268110772440153,3.268110772440153,275,1.0,272,1.0
1907,1951,0.9297658862876255,True,0.08402513382086751,0.08402513382086751,289,1.0,288,1.0
1916,1952,0.4346153846153846,True,4.377066023556069,4.377066023556069,255,1.0,118,1.0
1906,1953,0.564327485380117,True,5.6050337097131,5.6050337097131,475,1.0,595,1.0
1908,1954,0.8701030927835052,True,0.8457931503844124,0.8457931503844124,475,1.0,432,1.0
2168,1955,0.0,False,,,123,1.0,118,1.0
1912,1956,0.7556390977443609,True,1.991211881886123,1.991211881886123,527,1.0,407,1.0
2164,1957,0.0,False,,,28,1.0,156,1.0
1911,1958,0.8478835978835979,True,2.050612814604064,2.050612814604064,693,1.0,704,1.0
1921,1959,0.8272727272727273,True,0.7271855556264321,0.7271855556264321,854,1.0,754,1.0
1905,1960,0.369472182596291,True,8.252593415852813,8.252593415852813,259,1.0,701,1.0
1914,1961,0.9144050104384134,True,0.08101253478900554,0.08101253478900554,459,1.0,458,1.0
1918,1962,0.8,True,1.8183409981456684,1.8183409981456684,398,1.0,385,1.0
1917,1963,0.8099352051835853,True,1.1760777512374234,1.1760777512374234,422,1.0,416,1.0
2186,1964,0.0,False,,,124,1.0,212,1.0
1930,1965,0.7881241565452092,True,1.5048708124701784,1.5048708124701784,738,1.0,587,1.0
1915,1966,0.8538324420677362,True,1.2318034946806036,1.2318034946806036,495,1.0,545,1.0
1923,1967,0.9509677419354838,True,0.5676301448030089,0.5676301448030089,753,1.0,759,1.0
1924,1968,0.9250334672021419,True,0.5634855619853127,0.5634855619853127,734,1.0,704,1.0
1925,1969,0.5192660550458715,True,6.002253448042065,6.002253448042065,283,1.0,545,1.0
1926,1970,0.9084577114427861,True,1.1847470379733114,1.1847470379733114,949,1.0,969,1.0
1927,1971,0.9157894736842105,True,0.6854632601549105,0.6854632601549105,87,1.0,95,1.0
1928,1972,0.5172413793103449,True,4.049026093402739,4.049026093402739,258,1.0,138,1.0
2191,1973,0.0,False,,,160,1.0,116,1.0
2193,1974,0.0,False,,,251,1.0,368,1.0
2178,1975,0.0,False,,,150,1.0,206,1.0
1922,1976,0.693516699410609,True,4.035163789784609,4.035163789784609,365,1.0,497,1.0
1932,1977,0.9074733096085409,True,1.0284017910262444,1.0284017910262444,1072,1.0,1072,1.0
1933,1978,0.9493150684931507,True,0.15398550263583424,0.15398550263583424,705,1.0,718,1.0
2204,1979,0.0,False,,,161,1.0,196,1.0
1934,1980,0.7480106100795756,True,1.4940935836833613,1.4940935836833613,335,1.0,324,1.0
2209,1981,0.0,False,,,249,1.0,223,1.0
1931,1982,0.7234468937875751,True,0.6943764483562589,0.6943764483562589,361,1.0,499,1.0
1935,1983,0.8904761904761904,True,0.38561166577009204,0.38561166577009204,399,1.0,395,1.0
2227,1984,0.0,False,,,466,1.0,988,1.0
1929,1985,0.6512915129151291,True,3.2641528584042483,3.2641528584042483,356,1.0,539,1.0
1937,1986,0.6470588235294118,True,1.2025759029909786,1.2025759029909786,90,1.0,78,1.0
1966,1987,0.4353628023352794,True,5.964374134749747,5.964374134749747,1186,1.0,535,1.0
2229,1988,0.0,False,,,282,1.0,170,1.0
1939,1989,0.5455974842767296,True,5.9741095291653465,5.9741095291653465,348,1.0,635,1.0
1938,1990,0.8542600896860987,True,1.488744428686309,1.488744428686309,396,1.0,431,1.0
1975,1991,0.3668744434550312,True,14.678420605035038,14.678420605035038,1123,1.0,412,1.0
2230,1992,0.0,False,,,114,1.0,245,1.0
1944,1993,0.8925081433224755,True,0.8219186739442674,0.8219186739442674,606,1.0,556,1.0
1945,1994,0.9070048309178744,True,1.652437566173435,1.652437566173435,810,1.0,769,1.0
1947,1995,0.5517241379310345,True,2.2987049021520622,2.2987049021520622,172,1.0,98,1.0
1949,1996,0.9456,True,0.4340836003227502,0.4340836003227502,602,1.0,614,1.0
1946,1997,0.9026086956521739,True,0.9658205530833197,0.9658205530833197,556,1.0,538,1.0
1943,1998,0.7592067988668555,True,1.0862862669663615,1.0862862669663615,282,1.0,339,1.0
1948,1999,0.8015075376884422,True,1.5320877209071317,1.5320877209071317,348,1.0,369,1.0
1952,2000,0.7915742793791575,True,2.5338287393303722,2.5338287393303722,446,1.0,362,1.0
1951,2001,0.8659517426273459,True,0.8773644139491419,0.8773644139491419,346,1.0,350,1.0
1957,2002,0.8620689655172413,True,1.2406696629858254,1.2406696629858254,479,1.0,439,1.0
2232,2003,0.0,False,,,63,1.0,230,1.0
2282,2004,0.0,False,,,129,1.0,186,1.0
1965,2005,0.3470790378006873,True,1.8796271104776288,1.8796271104776288,582,1.0,202,1.0
1955,2006,0.9105691056910569,True,0.8239205202771273,0.8239205202771273,592,1.0,583,1.0
1976,2007,0.5593582887700534,True,11.080924908105658,11.080924908105658,905,1.0,553,1.0
1958,2008,0.8502340093603744,True,1.4299807045503083,1.4299807045503083,581,1.0,605,1.0
1959,2009,0.8834304746044963,True,1.45036827025031,1.45036827025031,1138,1.0,1124,1.0
1953,2010,0.6819787985865724,True,1.817367903035821,1.817367903035821,197,1.0,279,1.0
2272,2011,0.0,False,,,483,1.0,385,1.0
1960,2012,0.6120218579234973,True,7.6314460372200985,7.6314460372200985,1040,1.0,1615,1.0
1964,2013,0.8987654320987655,True,0.700947159790092,0.700947159790092,381,1.0,388,1.0
1962,2014,0.8399339933993399,True,0.6604996360251848,0.6604996360251848,577,1.0,538,1.0
2299,2015,0.0,False,,,217,1.0,159,1.0
2305,2016,0.0,False,,,252,1.0,87,1.0
2278,2017,0.0,False,,,100,1.0,185,1.0
2316,2018,0.0,False,,,95,1.0,87,1.0
2320,2019,0.0,False,,,130,1.0,46,1.0
1973,2020,0.8315789473684211,True,1.1525612546090773,1.1525612546090773,377,1.0,319,1.0
1971,2021,0.9141742522756827,True,0.8714245424726454,0.8714245424726454,758,1.0,714,1.0
1978,2022,0.3375796178343949,True,3.02003555548204,3.02003555548204,85,1.0,125,1.0
1969,2023,0.31840796019900497,True,8.084019223836492,8.084019223836492,150,1.0,380,1.0
1970,2024,0.6191950464396285,True,2.3653261365474734,2.3653261365474734,200,1.0,323,1.0
1979,2025,0.7237113402061855,True,2.7989735631119657,2.7989735631119657,451,1.0,385,1.0
1972,2026,0.5546875,True,4.109328469426467,4.109328469426467,195,1.0,203,1.0
2325,2027,0.0,False,,,89,1.0,133,1.0
2340,2028,0.0,False,,,112,1.0,302,1.0
1980,2029,0.8762057877813505,True,1.5570741480309744,1.5570741480309744,610,1.0,557,1.0
1981,2030,0.39285714285714285,True,10.453051551931035,10.453051551931035,499,1.0,710,1.0
1982,2031,0.916256157635468,True,1.373209274258895,1.373209274258895,594,1.0,573,1.0
1988,2032,0.763096168881939,True,3.3939100677773206,3.3939100677773206,1241,1.0,1014,1.0
2379,2033,0.0,False,,,26,1.0,112,1.0
1985,2034,0.5904109589041096,True,4.397036885620678,4.397036885620678,720,1.0,441,1.0
1993,2035,0.734982332155477,True,0.7657285433863656,0.7657285433863656,563,1.0,419,1.0
1991,2036,0.8198198198198198,True,0.42131143790508097,0.42131143790508097,190,1.0,214,1.0
1983,2037,0.7722063037249284,True,2.8781302529248505,2.8781302529248505,628,1.0,609,1.0
1989,2038,0.9045871559633027,True,0.37435863467019737,0.37435863467019737,513,1.0,525,1.0
2387,2039,0.0,False,,,565,1.0,298,1.0
1977,2040,0.7305785123966942,True,3.7192363424610795,3.7192363424610795,468,1.0,579,1.0
2000,2041,0.7496423462088698,True,3.3040290848645264,3.3040290848645264,1326,1.0,1120,1.0
2003,2042,0.5115961800818554,True,5.354924629325031,5.354924629325031,729,1.0,379,1.0
1987,2043,0.8628158844765343,True,1.416535634408775,1.416535634408775,488,1.0,544,1.0
1992,2044,0.8649789029535865,True,1.3068022378459123,1.3068022378459123,426,1.0,458,1.0
2373,2045,0.0,False,,,155,1.0,288,1.0
1990,2046,0.5445544554455446,True,2.608117500161459,2.608117500161459,120,1.0,192,1.0
1995,2047,0.9368029739776952,True,0.2919315699004893,0.2919315699004893,775,1.0,788,1.0
1999,2048,0.4722838137472284,True,3.378567932523267,3.378567932523267,451,1.0,213,1.0
1996,2049,0.9207119741100324,True,1.0471943583371905,1.0471943583371905,599,1.0,588,1.0
1997,2050,0.49034749034749037,True,9.195581502832276,9.195581502832276,1020,1.0,524,1.0
1998,2051,0.6556776556776557,True,2.2877036993088,2.2877036993088,255,1.0,197,1.0
2375,2052,0.0,False,,,131,1.0,171,1.0
2001,2053,0.7200956937799043,True,1.042174026648053,1.042174026648053,417,1.0,302,1.0
2005,2054,0.457002457002457,True,5.925046630941359,5.925046630941359,300,1.0,293,1.0
2002,2055,0.8978658536585366,True,1.3180743424959147,1.3180743424959147,650,1.0,595,1.0
2004,2056,0.7335423197492164,True,1.976972702548228,1.976972702548228,248,1.0,305,1.0
2015,2057,0.453125,True,5.335239798860751,5.335239798860751,146,1.0,319,1.0
2008,2058,0.6695059625212947,True,0.9953544209851793,0.9953544209851793,393,1.0,587,1.0
2013,2059,0.8922018348623854,True,0.7869467215707783,0.7869467215707783,402,1.0,423,1.0
2012,2060,0.8599221789883269,True,0.8111885708230532,0.8111885708230532,235,1.0,243,1.0
2400,2061,0.0,False,,,78,1.0,137,1.0
2016,2062,0.7589285714285714,True,0.4397496459685452,0.4397496459685452,221,1.0,173,1.0
2009,2063,0.7322175732217573,True,2.1064092010330233,2.1064092010330233,182,1.0,232,1.0
2011,2064,0.8943965517241379,True,0.8976294481579208,0.8976294481579208,421,1.0,458,1.0
2017,2065,0.8834498834498834,True,0.7047095040956495,0.7047095040956495,416,1.0,392,1.0
2019,2066,0.9322834645669291,True,0.7773284535713855,0.7773284535713855,1265,1.0,1189,1.0
2018,2067,0.9056603773584906,True,0.8004337613801309,0.8004337613801309,294,1.0,312,1.0
2020,2068,0.8931750741839762,True,0.8045442531660113,0.8045442531660113,326,1.0,312,1.0
2021,2069,0.7901907356948229,True,1.8702911614743658,1.8702911614743658,360,1.0,297,1.0
2022,2070,0.7811550151975684,True,1.610190042562614,1.610190042562614,328,1.0,258,1.0
2405,2071,0.0,False,,,361,1.0,512,1.0
2023,2072,0.6710526315789473,True,4.495104017827482,4.495104017827482,519,1.0,370,1.0
2411,2073,0.0,False,,,174,1.0,51,1.0
2024,2074,0.9468503937007874,True,0.7265037135476873,0.7265037135476873,495,1.0,494,1.0
2007,2075,0.0845771144278607,False,,,28,1.0,190,1.0
2025,2076,0.8823529411764706,True,0.4814558481047153,0.4814558481047153,216,1.0,200,1.0
2027,2077,0.8867256637168142,True,1.0024085201920148,1.0024085201920148,531,1.0,535,1.0
2026,2078,0.859882005899705,True,1.276442087692644,1.276442087692644,593,1.0,668,1.0
2030,2079,0.6011080332409973,True,3.1308854042567646,3.1308854042567646,325,1.0,253,1.0
2031,2080,0.8403846153846154,True,1.2528463618706744,1.2528463618706744,498,1.0,459,1.0
2038,2081,0.7564935064935064,True,0.9321008838704052,0.9321008838704052,601,1.0,481,1.0
2028,2082,0.7474402730375427,True,1.489241560189462,1.489241560189462,240,1.0,272,1.0
2039,2083,0.3440366972477064,True,4.588732539969648,4.588732539969648,212,1.0,81,1.0
2034,2084,0.8320950965824666,True,1.4240933932353532,1.4240933932353532,603,1.0,630,1.0
2033,2085,0.7611275964391692,True,2.798265159018482,2.798265159018482,639,1.0,548,1.0
2032,2086,0.8763326226012793,True,1.5141671005620319,1.5141671005620319,420,1.0,460,1.0
2036,2087,0.8800738007380073,True,0.19789249078177493,0.19789249078177493,490,1.0,529,1.0
2037,2088,0.8997005988023952,True,1.2901265839777076,1.2901265839777076,646,1.0,623,1.0
2029,2089,0.6572668112798264,True,3.5029376505645002,3.5029376505645002,304,1.0,460,1.0
2041,2090,0.6689655172413793,True,1.4441236228955625,1.4441236228955625,110,1.0,132,1.0
2412,2091,0.0,False,,,254,1.0,244,1.0
2045,2092,0.6282051282051282,True,2.673985682155985,2.673985682155985,358,1.0,277,1.0
2042,2093,0.839240506329114,True,0.5308613664043442,0.5308613664043442,676,1.0,777,1.0
2043,2094,0.9123563218390804,True,0.6893712204305278,0.6893712204305278,651,1.0,680,1.0
2040,2095,0.6597222222222222,True,3.1096973572694595,3.1096973572694595,198,1.0,280,1.0
2044,2096,0.9383259911894273,True,0.4414358468037052,0.4414358468037052,226,1.0,214,1.0
2046,2097,0.7429048414023373,True,1.9888225282007257,1.9888225282007257,455,1.0,589,1.0
2078,2098,0.3911404335532517,True,11.333402399036189,11.333402399036189,1044,1.0,432,1.0
2050,2099,0.9293286219081273,True,0.6092405010796802,0.6092405010796802,541,1.0,551,1.0
2047,2100,0.6111111111111112,True,5.819575835453984,5.819575835453984,498,1.0,372,1.0
2392,2101,0.0,False,,,557,1.0,291,1.0
2048,2102,0.8166666666666667,True,0.4202536952634537,0.4202536952634537,152,1.0,175,1.0
2051,2103,0.8,True,0.7263645436521062,0.7263645436521062,185,1.0,211,1.0
2423,2104,0.0,False,,,162,1.0,406,1.0
2053,2105,0.926829268292683,True,0.6943117037302688,0.6943117037302688,590,1.0,595,1.0
2426,2106,0.0,False,,,250,1.0,642,1.0
2052,2107,0.7053140096618358,True,1.381144094425655,1.381144094425655,147,1.0,206,1.0
2055,2108,0.8046875,True,1.1812313676242134,1.1812313676242134,210,1.0,252,1.0
2057,2109,0.8424657534246576,True,0.505327168200138,0.505327168200138,132,1.0,137,1.0
2420,2110,0.0,False,,,210,1.0,249,1.0
2447,2111,0.0,False,,,36,1.0,89,1.0
2058,2112,0.9212198221092758,True,0.6938704897135727,0.6938704897135727,732,1.0,780,1.0
2064,2113,0.6920583468395461,True,1.5375272170057042,1.5375272170057042,614,1.0,430,1.0
2456,2114,0.0,False,,,197,1.0,357,1.0
2060,2115,0.4092827004219409,True,3.242403445929341,3.242403445929341,236,1.0,98,1.0
2063,2116,0.7777777777777778,True,1.7470673909389118,1.7470673909389118,651,1.0,549,1.0
2059,2117,0.76875,True,1.0959568953863847,1.0959568953863847,265,1.0,301,1.0
2062,2118,0.7888513513513513,True,1.5428645469207216,1.5428645469207216,584,1.0,475,1.0
2066,2119,0.9487666034155597,True,0.8879084835177202,0.8879084835177202,510,1.0,517,1.0
2065,2120,0.840152235965747,True,2.6358935485556954,2.6358935485556954,915,1.0,1019,1.0
2088,2121,0.4801864801864802,True,6.434455774906055,6.434455774906055,417,1.0,218,1.0
2073,2122,0.7336860670194003,True,1.1983655270182922,1.1983655270182922,567,1.0,416,1.0
2068,2123,0.8734567901234568,True,0.9368224650969795,0.9368224650969795,609,1.0,605,1.0
2075,2124,0.7524177949709865,True,0.43814453937268283,0.43814453937268283,517,1.0,389,1.0
2069,2125,0.9281524926686217,True,0.8286693750116524,0.8286693750116524,665,1.0,650,1.0
2435,2126,0.0,False,,,172,1.0,130,1.0
2061,2127,0.42857142857142855,True,6.27525618123406,6.27525618123406,228,1.0,412,1.0
2074,2128,0.8412698412698413,True,2.231441437955556,2.231441437955556,689,1.0,587,1.0
2067,2129,0.38392857142857145,True,3.4024652634755714,3.4024652634755714,87,1.0,223,1.0
2071,2130,0.7219251336898396,True,1.8351854575269244,1.8351854575269244,156,1.0,166,1.0
2084,2131,0.8132911392405063,True,1.226950803583305,1.226950803583305,306,1.0,267,1.0
2439,2132,0.0,False,,,151,1.0,247,1.0
2083,2133,0.5264705882352941,True,0.7332847197815434,0.7332847197815434,340,1.0,179,1.0
2076,2134,0.8,True,0.9751327685615864,0.9751327685615864,197,1.0,163,1.0
2072,2135,0.5544871794871795,True,5.979022129898008,5.979022129898008,585,1.0,385,1.0
2082,2136,0.6111111111111112,True,0.5294530513644491,0.5294530513644491,125,1.0,78,1.0
2077,2137,0.7692307692307693,True,1.3905957347639528,1.3905957347639528,208,1.0,160,1.0
2080,2138,0.9549248747913188,True,0.5894975286750115,0.5894975286750115,590,1.0,581,1.0
2079,2139,0.8091715976331361,True,2.1907345444752795,2.1907345444752795,558,1.0,665,1.0
2086,2140,0.7116736990154712,True,1.987443250399686,1.987443250399686,598,1.0,619,1.0
2081,2141,0.7357859531772575,True,2.6957790473729584,2.6957790473729584,270,1.0,249,1.0
2093,2142,0.6726057906458798,True,1.7174125832970446,1.7174125832970446,446,1.0,305,1.0
2085,2143,0.799163179916318,True,1.8140747899529415,1.8140747899529415,229,1.0,201,1.0
2091,2144,0.3103448275862069,True,3.5833879279791776,3.5833879279791776,406,1.0,126,1.0
2090,2145,0.7468879668049793,True,1.5656859049032892,1.5656859049032892,236,1.0,185,1.0
2092,2146,0.43670886075949367,True,3.16812329445237,3.16812329445237,157,1.0,70,1.0
2095,2147,0.8628428927680798,True,0.5236603203121434,0.5236603203121434,389,1.0,358,1.0
2096,2148,0.9136212624584718,True,0.44083977345507475,0.44083977345507475,584,1.0,568,1.0
2097,2149,0.9008438818565401,True,1.335693464921992,1.335693464921992,452,1.0,449,1.0
2098,2150,0.8720445062586927,True,1.0870228567510711,1.0870228567510711,657,1.0,689,1.0
2094,2151,0.7714285714285715,True,1.141675696847113,1.141675696847113,321,1.0,361,1.0
2099,2152,0.7937888198757764,True,0.9663264511964169,0.9663264511964169,643,1.0,801,1.0
2103,2153,0.8793103448275862,True,0.7155632314917034,0.7155632314917034,395,1.0,368,1.0
2106,2154,0.2628398791540785,False,,,321,1.0,97,1.0
2102,2155,0.8682170542635659,True,1.277565943371677,1.277565943371677,571,1.0,634,1.0
2100,2156,0.5248618784530387,True,5.425976312237025,5.425976312237025,540,1.0,288,1.0
2105,2157,0.923896499238965,True,0.9462474702437004,0.9462474702437004,626,1.0,638,1.0
2108,2158,0.9357277882797732,True,0.8686073973025606,0.8686073973025606,515,1.0,509,1.0
2104,2159,0.6790697674418604,True,2.5717575034527664,2.5717575034527664,170,1.0,191,1.0
2101,2160,0.7904761904761904,True,3.347304316722834,3.347304316722834,607,1.0,709,1.0
2113,2161,0.887065637065637,True,0.21505763139198647,0.21505763139198647,1036,1.0,919,1.0
2111,2162,0.6942148760330579,True,1.6937096088229293,1.6937096088229293,359,1.0,256,1.0
2109,2163,0.6796657381615598,True,2.1965341647922254,2.1965341647922254,250,1.0,353,1.0
2117,2164,0.7332242225859247,True,2.7836509479737424,2.7836509479737424,506,1.0,553,1.0
2110,2165,0.8484848484848485,True,0.9088235638419236,0.9088235638419236,312,1.0,359,1.0
2107,2166,0.6150234741784038,True,2.7619982668384107,2.7619982668384107,155,1.0,189,1.0
2125,2167,0.46545454545454545,True,7.650067853436374,7.650067853436374,581,1.0,628,1.0
2112,2168,0.7713310580204779,True,0.887131964192555,0.887131964192555,281,1.0,238,1.0
2115,2169,0.8481973434535104,True,1.2093508629232808,1.2093508629232808,505,1.0,469,1.0
2120,2170,0.5212121212121212,True,1.401136820696529,1.401136820696529,165,1.0,86,1.0
2119,2171,0.5574712643678161,True,4.309007278972695,4.309007278972695,202,1.0,340,1.0
2122,2172,0.5242537313432836,True,1.6907099593659565,1.6907099593659565,536,1.0,281,1.0
2118,2173,0.507537688442211,True,2.594669689573279,2.594669689573279,106,1.0,194,1.0
2470,2174,0.0,False,,,44,1.0,391,1.0
2123,2175,0.9359886201991465,True,0.29700025380126616,0.29700025380126616,672,1.0,689,1.0
2474,2176,0.0,False,,,162,1.0,469,1.0
2126,2177,0.8937644341801386,True,0.8805114903198449,0.8805114903198449,393,1.0,427,1.0
2130,2178,0.7693798449612403,True,1.8100841701534194,1.8100841701534194,514,1.0,399,1.0
2124,2179,0.17397260273972603,False,,,628,1.0,229,1.0
2131,2180,0.8738738738738738,True,0.6509175367779946,0.6509175367779946,389,1.0,443,1.0
2132,2181,0.7485380116959064,True,2.180226833576805,2.180226833576805,328,1.0,270,1.0
2481,2182,0.0,False,,,284,1.0,145,1.0
2128,2183,0.9076923076923077,True,1.0437926379927962,1.0437926379927962,607,1.0,633,1.0
2133,2184,0.8819672131147541,True,1.149715476909216,1.149715476909216,555,1.0,593,1.0
2129,2185,0.8956661316211878,True,0.8223169805475302,0.8223169805475302,587,1.0,594,1.0
2134,2186,0.8480392156862745,True,1.2753075921915782,1.2753075921915782,391,1.0,363,1.0
2137,2187,0.8881239242685026,True,0.24692231318470897,0.24692231318470897,566,1.0,531,1.0
2487,2188,0.0,False,,,99,1.0,239,1.0
2116,2189,0.41185185185185186,True,10.305540304435324,10.305540304435324,292,1.0,661,1.0
2150,2190,0.5568862275449101,True,5.178311232020733,5.178311232020733,492,1.0,288,1.0
2499,2191,0.0,False,,,207,1.0,164,1.0
2141,2192,0.9034090909090909,True,0.6726997098407297,0.6726997098407297,336,1.0,334,1.0
2142,2193,0.9501607717041801,True,0.3687335854017405,0.3687335854017405,608,1.0,605,1.0
2143,2194,0.6010498687664042,True,2.8621094372671805,2.8621094372671805,235,1.0,375,1.0
2136,2195,0.2631578947368421,False,,,30,1.0,114,1.0
2149,2196,0.5833333333333334,True,5.087817854266278,5.087817854266278,490,1.0,289,1.0
2500,2197,0.0,False,,,332,1.0,328,1.0
2135,2198,0.7988338192419825,True,3.498381320720241,3.498381320720241,866,1.0,985,1.0
2144,2199,0.6612377850162866,True,2.263119038153845,2.263119038153845,406,1.0,614,1.0
2148,2200,0.8418604651162791,True,0.26261467137152356,0.26261467137152356,198,1.0,198,1.0
2152,2201,0.8210526315789474,True,1.3388318616846835,1.3388318616846835,364,1.0,328,1.0
2153,2202,0.9177215189873418,True,0.832511961166222,0.832511961166222,597,1.0,615,1.0
2151,2203,0.9073756432246999,True,1.2264016596816212,1.2264016596816212,540,1.0,572,1.0
2162,2204,0.6912972085385879,True,3.659357314300844,3.659357314300844,604,1.0,426,1.0
2154,2205,0.3623853211009174,True,12.470707412625416,12.470707412625416,1082,1.0,403,1.0
2155,2206,0.8402366863905325,True,1.6785508050525624,1.6785508050525624,294,1.0,328,1.0
2156,2207,0.8247787610619469,True,1.635580799481858,1.635580799481858,480,1.0,551,1.0
2147,2208,0.5880597014925373,True,4.660647194316524,4.660647194316524,211,1.0,321,1.0
2158,2209,0.4224137931034483,True,6.349139057507056,6.349139057507056,245,1.0,580,1.0
2157,2210,0.9021922428330523,True,0.7491006312508532,0.7491006312508532,540,1.0,588,1.0
2163,2211,0.43837084673097537,True,11.331044601898492,11.331044601898492,929,1.0,413,1.0
2160,2212,0.8830022075055187,True,0.6307779016179622,0.6307779016179622,408,1.0,445,1.0
2159,2213,0.7174280879864636,True,1.9717033373744655,1.9717033373744655,426,1.0,589,1.0
2161,2214,0.6508422664624809,True,4.842547356846482,4.842547356846482,482,1.0,596,1.0
2180,2215,0.6016771488469602,True,5.380635229597209,5.380635229597209,445,1.0,319,1.0
2190,2216,0.601985559566787,True,9.565237838151559,9.565237838151559,986,1.0,789,1.0
2165,2217,0.8919182083739046,True,1.059541800037135,1.059541800037135,947,1.0,996,1.0
2169,2218,0.8190854870775348,True,1.3321467118701202,1.3321467118701202,469,1.0,446,1.0
2146,2219,0.31801604668125455,True,15.378487147890597,15.378487147890597,813,1.0,994,1.0
2167,2220,0.8526315789473684,True,0.500449898638845,0.500449898638845,655,1.0,577,1.0
2171,2221,0.8524844720496895,True,1.4431058539671902,1.4431058539671902,576,1.0,617,1.0
2172,2222,0.8607784431137725,True,0.27168319243617745,0.27168319243617745,577,1.0,666,1.0
2173,2223,0.9659574468085106,True,0.7266207733617775,0.7266207733617775,461,1.0,463,1.0
2170,2224,0.8083209509658247,True,1.6621292018282068,1.6621292018282068,592,1.0,625,1.0
2181,2225,0.4939516129032258,True,5.6000317436561176,5.6000317436561176,486,1.0,255,1.0
2174,2226,0.7057728119180633,True,3.149981563028656,3.149981563028656,457,1.0,459,1.0
2184,2227,0.663768115942029,True,4.017602960752502,4.017602960752502,313,1.0,261,1.0
2176,2228,0.5109947643979058,True,6.070869333242425,6.070869333242425,488,1.0,955,1.0
2175,2229,0.7780487804878049,True,1.9331196855517312,1.9331196855517312,320,1.0,409,1.0
2179,2230,0.2647058823529412,False,,,408,1.0,108,1.0
2177,2231,0.5827814569536424,True,4.0612240837180344,4.0612240837180344,289,1.0,189,1.0
2195,2232,0.3580827067669173,True,11.856457318789241,11.856457318789241,794,1.0,651,1.0
2504,2233,0.0,False,,,367,1.0,146,1.0
2182,2234,0.7781569965870307,True,0.6624391343646264,0.6624391343646264,456,1.0,586,1.0
2187,2235,0.6051587301587301,True,0.9447280697858995,0.9447280697858995,504,1.0,305,1.0
2196,2236,0.6363636363636364,True,3.8508919578619927,3.8508919578619927,660,1.0,456,1.0
2183,2237,0.8694516971279374,True,0.7331305694036615,0.7331305694036615,335,1.0,381,1.0
2185,2238,0.5921052631578947,True,3.5043157253502226,3.5043157253502226,580,1.0,388,1.0
2192,2239,0.7089337175792507,True,1.9046069523860656,1.9046069523860656,321,1.0,272,1.0
2188,2240,0.5801393728222997,True,5.571626660766173,5.571626660766173,550,1.0,357,1.0
2189,2241,0.8068459657701712,True,1.4668303421261035,1.4668303421261035,332,1.0,407,1.0
2194,2242,0.5879396984924623,True,4.975522552386819,4.975522552386819,364,1.0,584,1.0
2200,2243,0.5169902912621359,True,2.3029331092798313,2.3029331092798313,406,1.0,219,1.0
2198,2244,0.9346866725507502,True,0.7678790273216293,0.7678790273216293,1104,1.0,1088,1.0
2199,2245,0.8909090909090909,True,0.44410215838200184,0.44410215838200184,494,1.0,546,1.0
2505,2246,0.0,False,,,273,1.0,387,1.0
2197,2247,0.8574040219378428,True,0.7925553088578668,0.7925553088578668,480,1.0,536,1.0
2203,2248,0.7880794701986755,True,1.0224286861031149,1.0224286861031149,139,1.0,131,1.0
2202,2249,0.8278985507246377,True,1.8635527898373279,1.8635527898373279,481,1.0,528,1.0
2492,2250,0.0,False,,,225,1.0,184,1.0
2201,2251,0.8282097649186256,True,0.9695301671452583,0.9695301671452583,521,1.0,490,1.0
2205,2252,0.6472868217054264,True,2.9265369040215985,2.9265369040215985,516,1.0,334,1.0
2524,2253,0.0,False,,,185,1.0,341,1.0
2207,2254,0.7691292875989446,True,3.472946693542718,3.472946693542718,608,1.0,733,1.0
2213,2255,0.7937219730941704,True,0.5587434668255538,0.5587434668255538,433,1.0,367,1.0
2208,2256,0.5635245901639344,True,2.5067710223146276,2.5067710223146276,285,1.0,478,1.0
2211,2257,0.8667601683029453,True,0.9357815186700854,0.9357815186700854,665,1.0,666,1.0
2212,2258,0.7443181818181818,True,1.3916607942804717,1.3916607942804717,293,1.0,321,1.0
2528,2259,0.0,False,,,112,1.0,359,1.0
2206,2260,0.7791798107255521,True,1.9129285331738954,1.9129285331738954,252,1.0,312,1.0
2215,2261,0.7325,True,1.7664561725174446,1.7664561725174446,394,1.0,299,1.0
2512,2262,0.0,False,,,148,1.0,564,1.0
2220,2263,0.502283105022831,True,2.5530354804169715,2.5530354804169715,219,1.0,110,1.0
2219,2264,0.8181818181818182,True,1.420760268462904,1.420760268462904,148,1.0,132,1.0
2217,2265,0.9324169530355098,True,0.795801966082353,0.795801966082353,823,1.0,864,1.0
2214,2266,0.5303030303030303,True,3.6512087714246357,3.6512087714246357,286,1.0,421,1.0
2218,2267,0.72265625,True,2.978161307375125,2.978161307375125,456,1.0,426,1.0
2228,2268,0.6927374301675978,True,0.9096457680943288,0.9096457680943288,537,1.0,372,1.0
2221,2269,0.7630057803468208,True,1.1966146526811612,1.1966146526811612,152,1.0,153,1.0
2216,2270,0.16091954022988506,False,,,42,1.0,261,1.0
2538,2271,0.0,False,,,205,1.0,564,1.0
2210,2272,0.71875,True,3.6080919194439756,3.6080919194439756,369,1.0,456,1.0
2222,2273,0.9194630872483222,True,0.6047941982382908,0.6047941982382908,416,1.0,442,1.0
2224,2274,0.6993670886075949,True,1.7502868103755234,1.7502868103755234,311,1.0,226,1.0
2237,2275,0.7919375812743823,True,3.4486481575925043,3.4486481575925043,746,1.0,632,1.0
2225,2276,0.8041666666666667,True,0.5066460747617005,0.5066460747617005,395,1.0,471,1.0
2226,2277,0.9287383177570093,True,0.8527329840337265,0.8527329840337265,815,1.0,836,1.0
2223,2278,0.8806818181818182,True,0.9120428057811757,0.9120428057811757,487,1.0,506,1.0
2541,2279,0.0,False,,,125,1.0,370,1.0
2542,2280,0.0,False,,,189,1.0,245,1.0
2231,2281,0.8517350157728707,True,0.9410230135640681,0.9410230135640681,606,1.0,568,1.0
2239,2282,0.7447795823665894,True,1.644420665449454,1.644420665449454,431,1.0,321,1.0
2234,2283,0.6307692307692307,True,0.9760496682759389,0.9760496682759389,164,1.0,260,1.0
2235,2284,0.5513918629550322,True,5.969303796637365,5.969303796637365,922,1.0,527,1.0
2249,2285,0.6188197767145136,True,2.2949205146592346,2.2949205146592346,622,1.0,393,1.0
2233,2286,0.9278350515463918,True,0.5534078575560313,0.5534078575560313,372,1.0,376,1.0
2240,2287,0.8815028901734104,True,1.6251514464484942,1.6251514464484942,636,1.0,666,1.0
2244,2288,0.8944636678200693,True,0.5222626316353333,0.5222626316353333,521,1.0,574,1.0
2242,2289,0.8414464534075105,True,0.9310040273071506,0.9310040273071506,612,1.0,712,1.0
2236,2290,0.8222222222222222,True,1.0112480162731985,1.0112480162731985,341,1.0,397,1.0
2238,2291,0.8413597733711048,True,1.2953560995788977,1.2953560995788977,324,1.0,326,1.0
2245,2292,0.9393203883495146,True,0.42736921876499445,0.42736921876499445,778,1.0,820,1.0
2241,2293,0.8537234042553191,True,1.2651655495584406,1.2651655495584406,675,1.0,719,1.0
2546,2294,0.0,False,,,330,1.0,120,1.0
2548,2295,0.0,False,,,348,1.0,246,1.0
2247,2296,0.651685393258427,True,3.9365607175125943,3.9365607175125943,328,1.0,260,1.0
2243,2297,0.8016997167138811,True,1.384115786896922,1.384115786896922,287,1.0,349,1.0
2532,2298,0.0,False,,,135,1.0,270,1.0
2248,2299,0.9128571428571428,True,1.060768301421537,1.060768301421537,663,1.0,676,1.0
2246,2300,0.764030612244898,True,2.409901103540826,2.409901103540826,746,1.0,637,1.0
2251,2301,0.3504043126684636,True,4.472851208865773,4.472851208865773,371,1.0,130,1.0
2257,2302,0.8203753351206434,True,0.8063727630624723,0.8063727630624723,371,1.0,308,1.0
2250,2303,0.9285714285714286,True,0.5684716377362373,0.5684716377362373,682,1.0,668,1.0
2564,2304,0.0,False,,,122,1.0,111,1.0
2254,2305,0.5926640926640927,True,4.157858898263346,4.157858898263346,415,1.0,410,1.0
2252,2306,0.8603839441535777,True,0.7951397926768925,0.7951397926768925,572,1.0,494,1.0
2253,2307,0.7837209302325582,True,1.8206887729585606,1.8206887729585606,338,1.0,429,1.0
2255,2308,0.8623853211009175,True,1.10567496189601,1.10567496189601,404,1.0,408,1.0
2256,2309,0.9555256064690026,True,0.395932902839238,0.395932902839238,734,1.0,717,1.0
2265,2310,0.36465324384787473,True,6.381250552615266,6.381250552615266,390,1.0,220,1.0
2259,2311,0.8254716981132075,True,1.231989400036628,1.231989400036628,395,1.0,379,1.0
2258,2312,0.47668393782383417,True,5.957100819590791,5.957100819590791,577,1.0,278,1.0
2271,2313,0.4689119170984456,True,2.911805774117085,2.911805774117085,772,1.0,362,1.0
2261,2314,0.7935222672064778,True,2.9517335475762994,2.9517335475762994,1197,1.0,1461,1.0
2571,2315,0.0,False,,,108,1.0,218,1.0
2267,2316,0.47806354009077157,True,9.190878149249437,9.190878149249437,424,1.0,553,1.0
2262,2317,0.84375,True,0.9170189475975041,0.9170189475975041,258,1.0,273,1.0
2263,2318,0.6995515695067265,True,5.616679897020557,5.616679897020557,830,1.0,686,1.0
2260,2319,0.43523316062176165,True,4.826907792576256,4.826907792576256,339,1.0,215,1.0
2264,2320,0.46886446886446886,True,8.279081987514282,8.279081987514282,285,1.0,517,1.0
2268,2321,0.7823529411764706,True,1.4881867672079152,1.4881867672079152,333,1.0,273,1.0
2586,2322,0.0,False,,,106,1.0,225,1.0
2269,2323,0.6733668341708543,True,1.9735385248401998,1.9735385248401998,194,1.0,139,1.0
2266,2324,0.5391304347826087,True,6.976987122295583,6.976987122295583,315,1.0,570,1.0
2587,2325,0.0,False,,,179,1.0,404,1.0
2589,2326,0.0,False,,,213,1.0,264,1.0
2277,2327,0.43962848297213625,True,3.1463680398261125,3.1463680398261125,323,1.0,142,1.0
2295,2328,0.6072834645669292,True,6.079229960186542,6.079229960186542,973,1.0,660,1.0
2273,2329,0.836027713625866,True,0.24513165574591791,0.24513165574591791,403,1.0,392,1.0
2275,2330,0.7073170731707317,True,1.0534031153283665,1.0534031153283665,286,1.0,204,1.0
2595,2331,0.0,False,,,168,1.0,78,1.0
2276,2332,0.864406779661017,True,1.2579994818730238,1.2579994818730238,326,1.0,334,1.0
2270,2333,0.7820945945945946,True,1.500234947217033,1.500234947217033,481,1.0,574,1.0
2274,2334,0.8099808061420346,True,1.1453040270639578,1.1453040270639578,475,1.0,468,1.0
2307,2335,0.54341164453524,True,8.499922748841678,8.499922748841678,933,1.0,578,1.0
2280,2336,0.7567567567567568,True,2.746703645045053,2.746703645045053,640,1.0,530,1.0
2285,2337,0.5254237288135594,True,1.6000321423304837,1.6000321423304837,161,1.0,289,1.0
2281,2338,0.8635394456289979,True,0.9434698510999427,0.9434698510999427,440,1.0,434,1.0
2578,2339,0.0,False,,,190,1.0,175,1.0
2283,2340,0.558641975308642,True,4.067756438211163,4.067756438211163,317,1.0,188,1.0
2284,2341,0.7874396135265701,True,1.0833382625666887,1.0833382625666887,171,1.0,199,1.0
2291,2342,0.7378335949764521,True,1.4999856512795966,1.4999856512795966,566,1.0,541,1.0
2607,2343,0.0,False,,,174,1.0,233,1.0
2287,2344,0.8655804480651731,True,1.030578237558603,1.030578237558603,459,1.0,457,1.0
2289,2345,0.7421731123388582,True,1.8316095139936261,1.8316095139936261,437,1.0,509,1.0
2294,2346,0.93,True,0.790791846467899,0.790791846467899,768,1.0,776,1.0
2286,2347,0.72,True,1.7504398889111807,1.7504398889111807,272,1.0,244,1.0
2279,2348,0.47738693467336685,True,1.8854928980343182,1.8854928980343182,95,1.0,199,1.0
2290,2349,0.7176165803108808,True,0.6018822240120963,0.6018822240120963,290,1.0,373,1.0
2297,2350,0.8834269662921348,True,1.1812582576934738,1.1812582576934738,687,1.0,654,1.0
2288,2351,0.806841046277666,True,1.2787552850998596,1.2787552850998596,419,1.0,479,1.0
2293,2352,0.8637911464245176,True,1.866445984164917,1.866445984164917,812,1.0,830,1.0
2292,2353,0.8425531914893617,True,1.8836010815823392,1.8836010815823392,623,1.0,676,1.0
2298,2354,0.9054290718038529,True,1.3174446380209135,1.3174446380209135,563,1.0,525,1.0
2296,2355,0.6758448060075094,True,4.157703727307996,4.157703727307996,615,1.0,724,1.0
2609,2356,0.0,False,,,213,1.0,136,1.0
2596,2357,0.0,False,,,253,1.0,133,1.0
2300,2358,0.8193979933110368,True,1.3154345994667653,1.3154345994667653,285,1.0,259,1.0
2301,2359,0.937952430196484,True,0.9081800339093563,0.9081800339093563,941,1.0,933,1.0
2304,2360,0.8510362694300518,True,0.8275790002011184,0.8275790002011184,769,1.0,660,1.0
2303,2361,0.9257206208425721,True,0.967985888825543,0.967985888825543,881,1.0,856,1.0
2306,2362,0.8765432098765432,True,1.8191649460709711,1.8191649460709711,786,1.0,886,1.0
2309,2363,0.870919881305638,True,1.091080923216888,1.091080923216888,654,1.0,607,1.0
2308,2364,0.2598652550529355,False,,,1028,1.0,281,1.0
2310,2365,0.8942992874109263,True,1.3219628193482953,1.3219628193482953,822,1.0,773,1.0
2314,2366,0.12203389830508475,False,,,119,1.0,212,1.0
2321,2367,0.6275862068965518,True,3.1479663283651087,3.1479663283651087,725,1.0,455,1.0
2311,2368,0.8900523560209425,True,1.00894138829338,1.00894138829338,360,1.0,362,1.0
2612,2369,0.0,False,,,62,1.0,115,1.0
2302,2370,0.09018567639257294,False,,,34,1.0,377,1.0
2315,2371,0.8960302457466919,True,0.5254154489445259,0.5254154489445259,485,1.0,518,1.0
2313,2372,0.8509803921568627,True,0.5097983220756482,0.5097983220756482,218,1.0,254,1.0
2312,2373,0.8431372549019608,True,1.8275593052149601,1.8275593052149601,613,1.0,703,1.0
2326,2374,0.13953488372093023,False,,,301,1.0,42,1.0
2318,2375,0.9296875,True,0.4311471512888664,0.4311471512888664,245,1.0,249,1.0
2637,2376,0.0,False,,,268,1.0,117,1.0
2317,2377,0.7810945273631841,True,2.611344123531954,2.611344123531954,492,1.0,582,1.0
2322,2378,0.86,True,0.990542095727883,0.990542095727883,187,1.0,185,1.0
2653,2379,0.0,False,,,434,1.0,164,1.0
2324,2380,0.9521586931155193,True,0.4524065857868781,0.4524065857868781,835,1.0,838,1.0
2327,2381,0.8941605839416058,True,0.8785302726647571,0.8785302726647571,260,1.0,259,1.0
2323,2382,0.9102564102564102,True,0.31397465719976514,0.31397465719976514,285,1.0,311,1.0
2329,2383,0.4054794520547945,True,2.269747926057216,2.269747926057216,365,1.0,148,1.0
2330,2384,0.6781376518218624,True,2.659269077597361,2.659269077597361,492,1.0,337,1.0
2334,2385,0.735202492211838,True,0.3144390654015199,0.3144390654015199,321,1.0,236,1.0
2328,2386,0.7445972495088409,True,2.50058135227786,2.50058135227786,478,1.0,410,1.0
2333,2387,0.8864197530864197,True,0.6231910632835553,0.6231910632835553,401,1.0,363,1.0
2332,2388,0.7269681742043551,True,3.1312098296654858,3.1312098296654858,514,1.0,517,1.0
2331,2389,0.5289634146341463,True,1.723085963208545,1.723085963208545,347,1.0,656,1.0
2335,2390,0.6199376947040498,True,3.5135209532887455,3.5135209532887455,294,1.0,226,1.0
2337,2391,0.558282208588957,True,1.6879609195811107,1.6879609195811107,161,1.0,93,1.0
2339,2392,0.7693474962063733,True,2.070101890482763,2.070101890482763,538,1.0,628,1.0
2338,2393,0.779467680608365,True,4.425706862603185,4.425706862603185,693,1.0,711,1.0
2336,2394,0.7292418772563177,True,1.5309720782355662,1.5309720782355662,216,1.0,263,1.0
2343,2395,0.7477203647416414,True,2.4419738944405927,2.4419738944405927,322,1.0,253,1.0
2342,2396,0.9058171745152355,True,0.2389087134913527,0.2389087134913527,342,1.0,346,1.0
2341,2397,0.8507751937984496,True,0.9616327172543377,0.9616327172543377,462,1.0,493,1.0
2345,2398,0.9324473975636767,True,1.0327074568396766,1.0327074568396766,878,1.0,867,1.0
2344,2399,0.7192982456140351,True,3.032703543792333,3.032703543792333,413,1.0,371,1.0
2347,2400,0.7688172043010753,True,0.7469617273970902,0.7469617273970902,185,1.0,144,1.0
2348,2401,0.761744966442953,True,1.9979582235231677,1.9979582235231677,595,1.0,455,1.0
2346,2402,0.9086826347305389,True,0.6983150638928288,0.6983150638928288,653,1.0,622,1.0
2648,2403,0.0,False,,,503,1.0,329,1.0
2352,2404,0.7253414264036419,True,3.523082979088796,3.523082979088796,636,1.0,501,1.0
2353,2405,0.22456140350877193,False,,,847,1.0,200,1.0
2319,2406,0.5977011494252874,True,7.0080489249842906,7.0080489249842906,475,1.0,776,1.0
2350,2407,0.9425051334702259,True,0.4631793276816988,0.4631793276816988,484,1.0,462,1.0
2356,2408,0.8106382978723404,True,1.4650872082208917,1.4650872082208917,468,1.0,383,1.0
2349,2409,0.71875,True,5.653554014953819,5.653554014953819,628,1.0,582,1.0
2351,2410,0.3033033033033033,True,2.945487218272289,2.945487218272289,101,1.0,333,1.0
2354,2411,0.6964285714285714,True,0.8983462697949445,0.8983462697949445,224,1.0,156,1.0
2355,2412,0.24107142857142858,False,,,485,1.0,349,1.0
2361,2413,0.8898426323319027,True,0.5189835567936353,0.5189835567936353,673,1.0,648,1.0
2364,2414,0.8932584269662921,True,0.8165973192214049,0.8165973192214049,524,1.0,487,1.0
2683,2415,0.0,False,,,87,1.0,96,1.0
2357,2416,0.8803418803418803,True,0.06642499285783883,0.06642499285783883,349,1.0,311,1.0
2358,2417,0.8235294117647058,True,1.1016546507415839,1.1016546507415839,210,1.0,193,1.0
2363,2418,0.849112426035503,True,0.8688963705271059,0.8688963705271059,307,1.0,318,1.0
2359,2419,0.826530612244898,True,0.6950679779755803,0.6950679779755803,252,1.0,285,1.0
2360,2420,0.8707782672540382,True,0.8898107141844158,0.8898107141844158,620,1.0,654,1.0
2688,2421,0.0,False,,,74,1.0,340,0.6732673267326733
2362,2422,0.8532235939643347,True,1.1220119537583797,1.1220119537583797,709,1.0,642,1.0
2366,2423,0.941908713692946,True,0.3992173662603539,0.3992173662603539,465,1.0,471,1.0
2365,2424,0.8114285714285714,True,0.6143786298588593,0.6143786298588593,155,1.0,162,1.0
2367,2425,0.8048245614035088,True,0.2511964950993822,0.2511964950993822,456,1.0,367,1.0
2369,2426,0.6133942161339422,True,4.530644414685062,4.530644414685062,648,1.0,412,1.0
2368,2427,0.9001782531194296,True,1.0871415565326803,1.0871415565326803,541,1.0,525,1.0
2370,2428,0.8376623376623377,True,1.7117027827493976,1.7117027827493976,432,1.0,417,1.0
2371,2429,0.7327586206896551,True,3.0556539683764994,3.0556539683764994,608,1.0,799,1.0
2376,2430,0.6645569620253164,True,0.34505615559330755,0.34505615559330755,155,1.0,108,1.0
2396,2431,0.3161249203314213,True,8.080246005994637,8.080246005994637,1568,1.0,497,1.0
2374,2432,0.851150202976996,True,0.936915439946586,0.936915439946586,706,1.0,662,1.0
2377,2433,0.9526627218934911,True,0.6582363574121974,0.6582363574121974,1159,1.0,1151,1.0
2378,2434,0.8769574944071589,True,0.8069623276346797,0.8069623276346797,396,1.0,443,1.0
2380,2435,0.8493827160493828,True,1.0927049271085825,1.0927049271085825,698,1.0,800,1.0
2381,2436,0.7515527950310559,True,1.712581366097526,1.712581366097526,642,1.0,486,1.0
2372,2437,0.39492242595204513,True,7.776392098455232,7.776392098455232,590,1.0,399,1.0
2382,2438,0.6622340425531915,True,5.882625735464877,5.882625735464877,601,1.0,649,1.0
2698,2439,0.0,False,,,124,1.0,159,0.5482758620689655
2384,2440,0.8769430051813472,True,0.7200799526780268,0.7200799526780268,768,1.0,681,1.0
2399,2441,0.764792899408284,True,0.3875955655611967,0.3875955655611967,645,1.0,548,1.0
2395,2442,0.588957055214724,True,4.420235402221904,4.420235402221904,287,1.0,231,1.0
2386,2443,0.8660049627791563,True,1.0801444662439406,1.0801444662439406,388,1.0,364,1.0
2383,2444,0.610738255033557,True,1.8968826493877615,1.8968826493877615,97,1.0,143,1.0
2394,2445,0.7777777777777778,True,1.8183055584981842,1.8183055584981842,222,1.0,194,1.0
2391,2446,0.9305555555555556,True,0.29847449799605513,0.29847449799605513,347,1.0,348,1.0
2389,2447,0.6518105849582173,True,2.5998467591798096,2.5998467591798096,237,1.0,356,1.0
2702,2448,0.0,False,,,322,1.0,120,0.8333333333333334
2413,2449,0.6180308422301305,True,5.673503338832747,5.673503338832747,838,1.0,526,1.0
2385,2450,0.7682926829268293,True,2.742268811715769,2.742268811715769,664,1.0,786,1.0
2388,2451,0.8217821782178217,True,1.1460416718828375,1.1460416718828375,252,1.0,300,1.0
2393,2452,0.8478260869565217,True,0.23718677925703444,0.23718677925703444,351,1.0,414,1.0
2397,2453,0.91796875,True,0.774061998406589,0.774061998406589,733,1.0,740,1.0
2398,2454,0.8148710166919575,True,1.3424387392355737,1.3424387392355737,637,1.0,559,1.0
2401,2455,0.8154897494305239,True,1.4390858663372816,1.4390858663372816,360,1.0,437,1.0
2703,2456,0.0,False,,,201,1.0,36,0.972972972972973
2404,2457,0.8367346938775511,True,1.1692475958540411,1.1692475958540411,553,1.0,617,1.0
2402,2458,0.5142857142857142,True,2.510155771977753,2.510155771977753,95,1.0,170,1.0
2403,2459,0.5094339622641509,True,1.5266755076550393,1.5266755076550393,81,1.0,159,1.0
2406,2460,0.8116438356164384,True,1.152973797055015,1.152973797055015,248,1.0,281,1.0
2422,2461,0.8445544554455445,True,1.6756397783628136,1.6756397783628136,963,1.0,900,1.0
2407,2462,0.7449908925318761,True,2.68512811882968,2.68512811882968,494,1.0,464,1.0
2408,2463,0.7188940092165899,True,0.3437254448040583,0.3437254448040583,156,1.0,217,1.0
2410,2464,0.773286467486819,True,3.1668572971682036,3.1668572971682036,444,1.0,565,1.0
2390,2465,0.4969512195121951,True,5.839786080716672,5.839786080716672,394,1.0,588,1.0
2409,2466,0.7305122494432071,True,2.589668074976712,2.589668074976712,331,1.0,446,1.0
2414,2467,0.8951612903225806,True,1.206297442569863,1.206297442569863,477,1.0,463,1.0
2415,2468,0.7773512476007678,True,2.1503518568231312,2.1503518568231312,509,1.0,417,1.0
2417,2469,0.8122448979591836,True,1.1961178345862309,1.1961178345862309,479,1.0,409,1.0
2418,2470,0.8883116883116883,True,0.17508741499356514,0.17508741499356514,754,1.0,700,1.0
2709,2471,0.0,False,,,75,1.0,63,0.6363636363636364
2416,2472,0.8617771509167842,True,1.7079531036749116,1.7079531036749116,693,1.0,627,1.0
2419,2473,0.6658566221142163,True,6.6707478217254845,6.6707478217254845,577,1.0,794,1.0
2430,2474,0.4577319587628866,True,8.057570472017602,8.057570472017602,474,1.0,233,1.0
2421,2476,0.8366336633663366,True,0.8808556028854537,0.8808556028854537,377,1.0,365,1.0
2424,2477,0.6367521367521367,True,2.58350996686269,2.58350996686269,447,1.0,319,1.0
2437,2479,0.6630434782608695,True,0.6110177191069824,0.6110177191069824,361,1.0,251,1.0
2425,2480,0.8321033210332104,True,1.4418545289212734,1.4418545289212734,474,1.0,519,1.0
2427,2481,0.6442831215970962,True,4.906218288524913,4.906218288524913,543,1.0,363,1.0
2428,2482,0.8645833333333334,True,0.5644085420481326,0.5644085420481326,667,1.0,586,1.0
2436,2485,0.6060606060606061,True,3.8231828880032594,3.8231828880032594,312,1.0,324,1.0
2432,2486,0.6981818181818182,True,2.0073531003341882,2.0073531003341882,266,1.0,201,1.0
2462,2487,0.4656992084432718,True,8.63364297219919,8.63364297219919,748,1.0,363,1.0
2433,2488,0.8221343873517787,True,0.9544838547353661,0.9544838547353661,229,1.0,232,1.0
2434,2489,0.7372611464968153,True,2.9347178302907575,2.9347178302907575,467,1.0,624,1.0
2431,2490,0.8008752735229759,True,0.8467833291738203,0.8467833291738203,367,1.0,456,1.0
2444,2492,0.7521008403361344,True,1.6071577450578898,1.6071577450578898,218,1.0,199,1.0
2440,2493,0.7967479674796748,True,2.057454458447103,2.057454458447103,506,1.0,599,1.0
2443,2494,0.6101141924959217,True,4.093043980774,4.093043980774,613,1.0,374,1.0
2441,2495,0.6210045662100456,True,2.4668127653579344,2.4668127653579344,210,1.0,145,1.0
2442,2496,0.9404332129963899,True,0.25937208729589256,0.25937208729589256,535,1.0,540,1.0
2438,2497,0.5721003134796239,True,2.663249769091589,2.663249769091589,365,1.0,638,1.0
2446,2498,0.9174107142857143,True,0.4088533908256942,0.4088533908256942,430,1.0,429,1.0
2429,2499,0.42650602409638555,True,1.4997434689129416,1.4997434689129416,177,1.0,415,1.0
2449,2500,0.8152610441767069,True,0.8555333573897551,0.8555333573897551,225,1.0,227,1.0
2466,2501,0.48089887640449436,True,7.216572785503076,7.216572785503076,394,1.0,265,1.0
2450,2502,0.9251559251559252,True,0.7445824366653361,0.7445824366653361,472,1.0,454,1.0
2445,2503,0.7132352941176471,True,1.9906515569479353,1.9906515569479353,604,1.0,794,1.0
2455,2504,0.8108108108108109,True,0.4578678952889689,0.4578678952889689,502,1.0,436,1.0
2448,2505,0.68760907504363,True,3.8010833510324034,3.8010833510324034,496,1.0,471,1.0
2451,2506,0.9053803339517625,True,0.2913299618476257,0.2913299618476257,507,1.0,520,1.0
2452,2507,0.7482993197278912,True,2.8245963129006215,2.8245963129006215,389,1.0,382,1.0
2453,2508,0.4134078212290503,True,2.531673877292739,2.531673877292739,74,1.0,179,1.0
2457,2509,0.5925925925925926,True,4.222236660246653,4.222236660246653,463,1.0,311,1.0
2459,2510,0.8188494492044064,True,1.5171304288021106,1.5171304288021106,797,1.0,689,1.0
2468,2511,0.1865079365079365,False,,,279,1.0,319,1.0
2458,2512,0.7643835616438356,True,1.7599729669196507,1.7599729669196507,285,1.0,359,1.0
2464,2514,0.8920634920634921,True,0.8838261370372061,0.8838261370372061,617,1.0,575,1.0
2461,2515,0.912962962962963,True,0.5553442024231365,0.5553442024231365,504,1.0,529,1.0
2463,2516,0.8181818181818182,True,1.0146280795412317,1.0146280795412317,568,1.0,692,1.0
2460,2517,0.8194662480376766,True,2.1221400506454247,2.1221400506454247,533,1.0,626,1.0
2469,2518,0.68,True,0.7992282858965494,0.7992282858965494,750,1.0,510,1.0
2465,2519,0.8967642526964561,True,0.3969486317654181,0.3969486317654181,607,1.0,624,1.0
2472,2520,0.5582147477360931,True,10.084294193391775,10.084294193391775,1483,1.0,926,1.0
2467,2521,0.8465473145780051,True,1.2589552745264783,1.2589552745264783,352,1.0,370,1.0
2454,2522,0.5239043824701195,True,6.603008055257675,6.603008055257675,334,1.0,431,1.0
2473,2524,0.7043918918918919,True,0.7853199017009527,0.7853199017009527,589,1.0,420,1.0
2471,2526,0.8164435946462715,True,1.4267582696883787,1.4267582696883787,454,1.0,496,1.0
2476,2527,0.8215767634854771,True,0.7570770090423677,0.7570770090423677,228,1.0,211,1.0
2475,2528,0.8812903225806452,True,1.132481387432431,1.132481387432431,764,1.0,694,1.0
2477,2529,0.717741935483871,True,0.33357064800697467,0.33357064800697467,124,1.0,89,1.0
2479,2530,0.8123791102514507,True,1.3036527692955764,1.3036527692955764,503,1.0,434,1.0
2484,2531,0.7898089171974523,True,0.2967405218442288,0.2967405218442288,152,1.0,129,1.0
2478,2532,0.5641646489104116,True,3.974323231314209,3.974323231314209,386,1.0,260,1.0
2482,2533,0.782051282051282,True,1.4637983738855622,1.4637983738855622,258,1.0,298,1.0
2488,2534,0.9306296691568837,True,0.3833478909574734,0.3833478909574734,931,1.0,878,1.0
2483,2536,0.8189655172413793,True,1.3208724518057509,1.3208724518057509,581,1.0,685,1.0
2486,2537,0.9288888888888889,True,0.5105855133968408,0.5105855133968408,666,1.0,636,1.0
2489,2538,0.8755020080321285,True,0.10262786637206667,0.10262786637206667,436,1.0,498,1.0
2485,2539,0.639386189258312,True,1.5796526008450236,1.5796526008450236,250,1.0,391,1.0
2490,2540,0.8284313725490197,True,0.4263030591321214,0.4263030591321214,204,1.0,169,1.0
2480,2541,0.7616487455197133,True,3.4929635589496053,3.4929635589496053,445,1.0,538,1.0
2510,2542,0.31769722814498935,True,10.23725231364184,10.23725231364184,890,1.0,346,1.0
2491,2543,0.8853932584269663,True,0.28473389095125123,0.28473389095125123,402,1.0,437,1.0
2493,2544,0.8855123674911661,True,1.2892037911035081,1.2892037911035081,1396,1.0,1272,1.0
2495,2546,0.4837758112094395,True,1.6432305754444656,1.6432305754444656,339,1.0,164,1.0
2494,2548,0.8516129032258064,True,1.768567421222352,1.768567421222352,426,1.0,435,1.0
2503,2549,0.6959706959706959,True,3.6209975759128676,3.6209975759128676,523,1.0,403,1.0
2498,2550,0.831858407079646,True,1.2353025922467986,1.2353025922467986,558,1.0,477,1.0
2502,2551,0.8059299191374663,True,0.2711342984015849,0.2711342984015849,370,1.0,300,1.0
2497,2552,0.8031088082901554,True,1.7482878682673142,1.7482878682673142,490,1.0,554,1.0
2501,2554,0.7694524495677233,True,1.7108171629028612,1.7108171629028612,282,1.0,332,1.0
2496,2555,0.462882096069869,True,8.186734352686468,8.186734352686468,323,1.0,682,1.0
2506,2556,0.6458658346333853,True,6.438601779301047,6.438601779301047,584,1.0,471,1.0
2507,2558,0.7927350427350427,True,1.226788785152103,1.226788785152103,371,1.0,468,1.0
2508,2559,0.8771186440677966,True,1.8690813264194694,1.8690813264194694,884,1.0,888,1.0
2509,2561,0.61865189289012,True,7.684748440175064,7.684748440175064,1018,1.0,735,1.0
2511,2562,0.6997635933806147,True,1.284965429471808,1.284965429471808,423,1.0,296,1.0
2527,2563,0.7179282868525897,True,6.202544028104901,6.202544028104901,1214,1.0,942,1.0
2513,2564,0.7847730600292826,True,3.261505908182118,3.261505908182118,669,1.0,550,1.0
2516,2565,0.3915401301518438,True,12.58212597889319,12.58212597889319,658,1.0,625,1.0
2530,2566,0.5284090909090909,True,2.341037407098295,2.341037407098295,697,1.0,379,1.0
2514,2567,0.5051546391752577,True,1.6392440899320555,1.6392440899320555,98,1.0,194,1.0
2518,2568,0.8264705882352941,True,0.7986755249480288,0.7986755249480288,282,1.0,339,1.0
2521,2569,0.4556213017751479,True,6.907055687398331,6.907055687398331,188,1.0,304,1.0
2517,2570,0.9174484052532833,True,0.5585759968240981,0.5585759968240981,1021,1.0,1023,1.0
2525,2571,0.5134575569358178,True,10.476567833443529,10.476567833443529,538,1.0,924,1.0
2519,2572,0.879837067209776,True,0.5549672904811023,0.5549672904811023,438,1.0,485,1.0
2515,2573,0.41379310344827586,True,2.5571670036342344,2.5571670036342344,86,1.0,201,1.0
2522,2575,0.8950749464668094,True,0.3459495047194819,0.3459495047194819,450,1.0,435,1.0
2523,2576,0.78515625,True,0.8406312761952405,0.8406312761952405,408,1.0,506,1.0
2520,2577,0.558252427184466,True,0.27951091408118695,0.27951091408118695,115,1.0,206,1.0
2533,2578,0.4003831417624521,True,3.6641676470792293,3.6641676470792293,522,1.0,209,1.0
2526,2579,0.3283582089552239,True,6.428022424597126,6.428022424597126,170,1.0,97,1.0
2536,2580,0.8368055555555556,True,0.26261893642796164,0.26261893642796164,288,1.0,241,1.0
2531,2581,0.7727272727272727,True,1.807841819866942,1.807841819866942,295,1.0,329,1.0
2529,2582,0.7101449275362319,True,2.864343379483884,2.864343379483884,409,1.0,535,1.0
2535,2583,0.8649789029535865,True,0.9561708712174685,0.9561708712174685,217,1.0,225,1.0
2540,2585,0.6332046332046332,True,3.895515735727893,3.895515735727893,505,1.0,341,1.0
2534,2586,0.8297101449275363,True,1.2043394906893308,1.2043394906893308,246,1.0,259,1.0
2537,2587,0.5689149560117303,True,4.1315338599033575,4.1315338599033575,1010,1.0,595,1.0
2539,2588,0.7372881355932204,True,3.1111191168372696,3.1111191168372696,273,1.0,342,1.0
2543,2592,0.9068825910931174,True,1.1485275198081855,1.1485275198081855,476,1.0,466,1.0
2549,2593,0.7342995169082126,True,3.0416915691878894,3.0416915691878894,620,1.0,457,1.0
2544,2594,0.7827715355805244,True,0.5023794168352173,0.5023794168352173,257,1.0,219,1.0
2547,2596,0.8758169934640523,True,1.1750376697793943,1.1750376697793943,568,1.0,580,1.0
2545,2598,0.7628635346756152,True,0.4205778443998086,0.4205778443998086,341,1.0,447,1.0
2556,2599,0.7253521126760564,True,1.8619718312295548,1.8619718312295548,361,1.0,374,1.0
2557,2600,0.5847953216374269,True,3.2451512040495523,3.2451512040495523,329,1.0,213,1.0
2550,2601,0.4793028322440087,True,1.5431107449482198,1.5431107449482198,440,1.0,918,1.0
2552,2603,0.8320610687022901,True,0.7622010015527543,0.7622010015527543,120,1.0,120,1.0
2555,2604,0.62882096069869,True,2.0439896526479484,2.0439896526479484,217,1.0,156,1.0
2551,2605,0.47619047619047616,True,2.149823653680445,2.149823653680445,119,1.0,129,1.0
2558,2607,0.7215189873417721,True,2.4376108408097097,2.4376108408097097,289,1.0,255,1.0
2559,2610,0.6367816091954023,True,3.437953419281508,3.437953419281508,393,1.0,319,1.0
2561,2611,0.7647058823529411,True,3.529209379347381,3.529209379347381,616,1.0,584,1.0
2562,2612,0.7461139896373057,True,3.001576065671065,3.001576065671065,571,1.0,440,1.0
2566,2613,0.6019417475728155,True,1.588204499131735,1.588204499131735,303,1.0,192,1.0
2563,2614,0.5945330296127562,True,3.168609053917732,3.168609053917732,290,1.0,410,1.0
2560,2615,0.8127208480565371,True,1.8560406836917382,1.8560406836917382,467,1.0,559,1.0
2565,2616,0.8344226579520697,True,1.5910920540906655,1.5910920540906655,386,1.0,456,1.0
2553,2617,0.5103011093502378,True,7.908978034442095,7.908978034442095,362,1.0,591,1.0
2567,2618,0.7336726039016115,True,0.3719346625696758,0.3719346625696758,1147,1.0,897,1.0
2569,2619,0.7838983050847458,True,1.3595378373604516,1.3595378373604516,218,1.0,203,1.0
2576,2620,0.614441416893733,True,2.3755042199559457,2.3755042199559457,734,1.0,451,1.0
2554,2622,0.24329501915708812,False,,,182,1.0,467,1.0
2572,2623,0.5137318255250404,True,8.59896409968274,8.59896409968274,354,1.0,583,1.0
2570,2624,0.6654589371980676,True,6.081356214350984,6.081356214350984,745,1.0,634,1.0
2574,2626,0.9464594127806563,True,0.0873847455752703,0.0873847455752703,576,1.0,551,1.0
2573,2627,0.6223300970873786,True,5.031217495095437,5.031217495095437,1018,1.0,653,1.0
2590,2628,0.4821763602251407,True,5.055431221733505,5.055431221733505,524,1.0,266,1.0
2575,2629,0.8942042318307267,True,1.0714080317551038,1.0714080317551038,1047,1.0,1012,1.0
2579,2630,0.8403361344537815,True,0.497652653837055,0.497652653837055,222,1.0,216,1.0
2580,2631,0.9344790547798066,True,1.0345128937472383,1.0345128937472383,895,1.0,906,1.0
2583,2634,0.5526315789473685,True,5.358215072517941,5.358215072517941,392,1.0,257,1.0
2568,2635,0.5008517887563884,True,5.5930162148989115,5.5930162148989115,297,1.0,584,1.0
2577,2636,0.5345997286295794,True,6.556911193107184,6.556911193107184,454,1.0,677,1.0
2584,2637,0.387123745819398,True,17.20592695249354,17.20592695249354,925,1.0,734,1.0
2581,2638,0.8335260115606936,True,0.3454383670464587,0.3454383670464587,721,1.0,865,1.0
2585,2639,0.8996458087367178,True,1.154295882958815,1.154295882958815,800,1.0,809,1.0
2582,2640,0.4375896700143472,True,10.162979852812049,10.162979852812049,528,1.0,474,1.0
2593,2641,0.836405529953917,True,0.5705720540353415,0.5705720540353415,428,1.0,369,1.0
2588,2642,0.8132780082987552,True,0.9026773117638732,0.9026773117638732,208,1.0,229,1.0
2591,2643,0.8283898305084746,True,1.7427719773993091,1.7427719773993091,451,1.0,412,1.0
2592,2644,0.8792517006802721,True,0.4966641422949919,0.4966641422949919,565,1.0,540,1.0
2594,2645,0.9025270758122743,True,1.2165684243106556,1.2165684243106556,523,1.0,531,1.0
2598,2646,0.8038585209003215,True,3.355814976714957,3.355814976714957,1148,1.0,1096,1.0
2597,2648,0.592292089249493,True,3.6199203753823923,3.6199203753823923,471,1.0,314,1.0
2610,2650,0.5390070921985816,True,7.486054271708465,7.486054271708465,657,1.0,428,1.0
2600,2652,0.8162055335968379,True,0.5670158346814687,0.5670158346814687,420,1.0,499,1.0
2599,2653,0.8118811881188119,True,0.24609209635693086,0.24609209635693086,85,1.0,98,1.0
2603,2654,0.7137096774193549,True,2.2369819865712364,2.2369819865712364,421,1.0,429,1.0
2601,2655,0.8385964912280702,True,1.3084762428814918,1.3084762428814918,977,1.0,1119,1.0
2602,2658,0.8379629629629629,True,0.6879588119882556,0.6879588119882556,214,1.0,183,1.0
2605,2660,0.5890804597701149,True,4.058471946004524,4.058471946004524,234,1.0,319,1.0
2614,2661,0.6303630363036303,True,2.475923810211969,2.475923810211969,303,1.0,191,1.0
2604,2662,0.6042471042471043,True,3.278218093651736,3.278218093651736,483,1.0,348,1.0
2606,2665,0.3236607142857143,True,7.007255454261001,7.007255454261001,385,1.0,208,1.0
2608,2666,0.5455680399500624,True,5.575135865252174,5.575135865252174,592,1.0,646,1.0
2611,2667,0.9367088607594937,True,0.7867477249988104,0.7867477249988104,392,1.0,373,1.0
2615,2668,0.8088829071332436,True,1.1446612715227367,1.1446612715227367,743,1.0,601,1.0
2613,2669,0.8203221809169765,True,3.3061430553327753,3.3061430553327753,697,1.0,772,1.0
2616,2670,0.8804347826086957,True,0.7181588833298089,0.7181588833298089,546,1.0,492,1.0
2627,2671,0.5446265938069217,True,1.346325510519842,1.346325510519842,540,1.0,308,1.0
2621,2673,0.6423357664233577,True,6.581534636859059,6.581534636859059,554,1.0,571,1.0
2622,2674,0.5276679841897233,True,3.6567357823868774,3.6567357823868774,448,1.0,325,1.0
2617,2675,0.8,True,1.8849015318252573,1.8849015318252573,424,1.0,512,1.0
2620,2676,0.8170731707317073,True,0.2725376475382298,0.2725376475382298,163,1.0,135,1.0
2618,2677,0.8681818181818182,True,0.6721323661499689,0.6721323661499689,198,1.0,213,1.0
2619,2678,0.8177676537585421,True,0.6348422058822861,0.6348422058822861,439,1.0,359,1.0
2625,2679,0.6134020618556701,True,6.586056547424236,6.586056547424236,551,1.0,388,1.0
2624,2681,0.8645980253878702,True,1.934713571076312,1.934713571076312,648,1.0,674,1.0
2626,2682,0.6090909090909091,True,3.878909172168491,3.878909172168491,331,1.0,377,1.0
2631,2683,0.55,True,2.897673662008128,2.897673662008128,248,1.0,155,1.0
2632,2684,0.662269129287599,True,1.9630723975095123,1.9630723975095123,758,1.0,502,1.0
2629,2685,0.6310904872389791,True,4.221764611496505,4.221764611496505,323,1.0,380,1.0
2630,2686,0.6417525773195877,True,3.036425148882286,3.036425148882286,342,1.0,295,1.0
2634,2687,0.912568306010929,True,0.49097571510987853,0.49097571510987853,705,1.0,695,1.0
2635,2688,0.72480181200453,True,5.429555558465859,5.429555558465859,876,1.0,647,1.0
2623,2689,0.21604938271604937,False,,,294,1.0,297,1.0
2628,2691,0.5399159663865546,True,4.7760470084180575,4.7760470084180575,397,1.0,336,1.0
2636,2692,0.6004672897196262,True,1.9914325489960247,1.9914325489960247,428,1.0,257,1.0
2639,2693,0.7583547557840618,True,2.415244685693374,2.415244685693374,353,1.0,331,1.0
2642,2694,0.6244897959183674,True,0.834226344146748,0.834226344146748,238,1.0,160,1.0
2633,2695,0.7435897435897436,True,1.8011178580162568,1.8011178580162568,214,1.0,262,1.0
2638,2696,0.8653061224489796,True,0.5488467241310923,0.5488467241310923,215,1.0,242,1.0
2645,2699,0.8775933609958506,True,0.8368808956464163,0.8368808956464163,473,1.0,432,1.0
2641,2700,0.8695652173913043,True,1.1805240905604626,1.1805240905604626,830,1.0,761,1.0
2640,2701,0.7818791946308725,True,0.4349090173755538,0.4349090173755538,233,1.0,298,1.0
2643,2702,0.908835904628331,True,0.9133606814029961,0.9133606814029961,703,1.0,658,1.0
2644,2703,0.8067632850241546,True,1.2205655862503049,1.2205655862503049,190,1.0,184,1.0
2647,2706,0.7931937172774869,True,1.42845261235939,1.42845261235939,328,1.0,357,1.0
2661,2707,0.4397244546498278,True,9.348230222601611,9.348230222601611,773,1.0,481,1.0
2649,2708,0.7777777777777778,True,0.4198747462817012,0.4198747462817012,400,1.0,496,1.0
2659,2710,0.8260869565217391,True,0.3488749771490224,0.3488749771490224,251,1.0,211,1.0
2651,2712,0.6536458333333334,True,2.1566335834520576,2.1566335834520576,260,1.0,375,1.0
2652,2713,0.9050505050505051,True,0.46146230292198953,0.46146230292198953,452,1.0,491,1.0
2654,2715,0.5641025641025641,True,5.6645002733342125,5.6645002733342125,241,1.0,369,1.0
2660,2716,0.6029023746701847,True,8.239496810969955,8.239496810969955,607,1.0,608,1.0
2646,2717,0.4938118811881188,True,7.329630722213247,7.329630722213247,399,1.0,808,1.0
2657,2718,0.8833746898263027,True,0.9616513908781198,0.9616513908781198,754,1.0,764,1.0
2656,2719,0.7927756653992395,True,1.5663007627845527,1.5663007627845527,509,1.0,434,1.0
2658,2720,0.7974025974025974,True,0.5880199690016675,0.5880199690016675,369,1.0,323,1.0
2650,2721,0.34980988593155893,True,4.369422335809765,4.369422335809765,184,1.0,526,1.0
2674,2722,0.5955056179775281,True,3.5541030271218013,3.5541030271218013,349,1.0,219,1.0
2662,2723,0.8240270727580372,True,0.7883056264761338,0.7883056264761338,507,1.0,571,1.0
2655,2724,0.3333333333333333,True,2.916916436905078,2.916916436905078,89,1.0,263,1.0
2665,2725,0.694011484823626,True,7.390496377329398,7.390496377329398,1185,0.9330708661417323,880,1.0
2664,2726,0.4785615491009682,True,8.471724420641364,8.471724420641364,347,1.0,722,0.9626666666666667
2667,2727,0.7615384615384615,True,1.808040479404973,1.808040479404973,348,1.0,339,1.0
2670,2730,0.6230769230769231,True,1.9238184750093383,1.9238184750093383,382,1.0,251,1.0
2668,2731,0.7818853974121996,True,1.3075619561362242,1.3075619561362242,434,1.0,530,1.0
2666,2732,0.05901639344262295,False,,,203,1.0,120,1.0
2673,2733,0.7051282051282052,True,1.6337103161353106,1.6337103161353106,466,1.0,332,1.0
2671,2734,0.8834134615384616,True,0.8507151471144214,0.8507151471144214,772,1.0,795,1.0
2672,2735,0.7276422764227642,True,2.0310060776087338,2.0310060776087338,240,1.0,185,1.0
2675,2736,0.879154078549849,True,0.7537409870519901,0.7537409870519901,605,1.0,639,0.9968798751950078
2669,2738,0.4305555555555556,True,2.976030749463723,2.976030749463723,106,1.0,203,1.0
2676,2739,0.7713365539452496,True,2.709354584421746,2.709354584421746,604,1.0,496,1.0
2678,2740,0.7358490566037735,True,1.0006321883125358,1.0006321883125358,234,1.0,318,1.0
2663,2741,0.41023166023166024,True,16.032290311432693,16.032290311432693,565,0.905448717948718,896,0.9878721058434399
2679,2742,0.875,True,0.29122231956220046,0.29122231956220046,508,0.9769230769230769,572,0.9361702127659575
2680,2743,0.8222849083215797,True,0.8689187787276331,0.8689187787276331,587,0.8645066273932254,705,0.8768656716417911
2684,2745,0.38666666666666666,True,4.1050180272185495,4.1050180272185495,300,1.0,116,1.0
2681,2746,0.9054545454545454,True,0.36315461660632326,0.36315461660632326,251,1.0,273,1.0
2677,2748,0.7951388888888888,True,3.057042569197194,3.057042569197194,463,0.8253119429590018,571,0.9136
2689,2751,0.2992125984251969,False,,,381,0.9093078758949881,114,1.0
2685,2752,0.9378640776699029,True,1.4304859251027082,1.4304859251027082,484,0.8053244592346089,514,0.9065255731922398
2695,2753,0.4759725400457666,True,1.0572986977847065,1.0572986977847065,437,0.9668141592920354,208,1.0
2687,2754,0.6582914572864321,True,3.557010768198396,3.557010768198396,262,0.891156462585034,398,0.9521531100478469
2686,2755,0.4319371727748691,True,5.937063175636324,5.937063175636324,253,0.9583333333333334,294,0.98
2682,2756,0.7764127764127764,True,2.3974837643123714,2.3974837643123714,317,0.8661202185792349,406,0.9643705463182898
2690,2758,0.8798882681564246,True,1.213509083967367,1.213509083967367,335,0.8589743589743589,338,0.896551724137931
2692,2760,0.946949602122016,True,0.4742744514266135,0.4742744514266135,357,0.5560747663551402,377,0.5720789074355084
2697,2761,0.8145695364238411,True,0.25012272884062514,0.25012272884062514,140,0.5533596837944664,134,0.5726495726495726
2693,2763,0.8846153846153846,True,1.605808033949896,1.605808033949896,307,0.7694235588972431,330,0.8638743455497382
2694,2766,0.8712328767123287,True,1.3265986165614252,1.3265986165614252,343,0.7939814814814815,340,0.9090909090909091
2696,2767,0.4953271028037383,True,6.5980594718889485,6.5980594718889485,246,0.803921568627451,234,0.936
2699,2768,0.6410256410256411,True,0.4126734720451432,0.4126734720451432,156,0.7684729064039408,100,0.9009009009009009
2708,2770,0.34210526315789475,True,2.9855521063690516,2.9855521063690516,114,0.76,39,0.8125
2704,2775,0.8859060402684564,True,1.478574463084686,1.478574463084686,132,0.5617021276595745,149,0.7525252525252525
2707,2776,0.75,True,1.4290252737633806,1.4290252737633806,77,0.5703703703703704,63,0.8181818181818182
2705,2778,0.7936507936507936,True,1.8131442905441064,1.8131442905441064,50,0.5494505494505495,63,0.7777777777777778
