cell_id,area,perimeter,eccentricity,solidity,major_axis_length,minor_axis_length,orientation,centroid_y,centroid_x,roundness,aspect_ratio,elongation,equivalent_diameter,pos_x_norm,pos_y_norm,axis_vec_x,axis_vec_y,nn_dist_1,nn_dist_2,nn_dist_3,local_density,neighbor_area_ratio_mean,neighbor_roundness_mean,x,y
1,342.0,90.04163056034261,0.9662523586885993,0.9344262295081968,41.34357055521376,10.649992978871152,-1.5208297675811624,4.497076023391813,94.89181286549707,0.5300895808246948,3.8820279635147683,0.7424026798883219,20.867389014906145,0.048812660939041706,0.00227700051817307,0.04994577024874829,-0.998751931179239,0.7869648192767441,1.0562987290778265,2.088034482081284,0.7631067339016768,0.6072124756335282,0.7847098343402705,94.89181286549707,4.497076023391813
2,70.0,34.27817459305203,0.913447984414823,0.5343511450381679,18.002495525765976,7.326214585370707,-1.1911880879818495,3.442857142857143,118.32857142857142,0.7486391436172029,2.457271120847882,0.5930444990315314,9.440697438826296,0.06086860670194003,0.0017432188065099458,0.37055662619852614,-0.9288098765519054,0.5692043620227872,1.0562987290778265,1.090453607932236,1.1045831478345358,3.104761904761905,0.5837297117774681,118.32857142857142,3.442857142857143
3,74.0,42.656854249492376,0.9800401913947429,0.9736842105263158,21.852088121127046,4.344183205940546,1.5631894923537832,1.3783783783783783,142.45945945945945,0.5110506366822145,5.030194880189432,0.801200545144219,9.706684619910241,0.07328161494828161,0.0006979131029763941,0.0076067610811027505,0.9999710681744023,1.090453607932236,1.5479075493364371,1.6364026088973909,0.7017931666176328,2.472972972972973,0.7437471014987764,142.45945945945945,1.3783783783783783
4,243.0,62.8700576850888,0.8793204132969316,0.9604743083003953,25.830368982199573,12.301212834109476,1.1966620120045581,6.148148148148148,178.4897119341564,0.772553243053631,2.099822946772835,0.5237693723002337,17.58969042850512,0.09181569543938085,0.0031129864041256447,0.3654668652565915,0.9308243499175988,1.6364026088973909,2.2504853241240106,2.3797903436131245,0.47872251734791915,1.691358024691358,0.6291843883866783,178.4897119341564,6.148148148148148
5,493.0,99.59797974644665,0.9243921972995224,0.939047619047619,41.45915704186564,15.814321723633876,1.3713978382236556,6.823529411764706,228.4685598377282,0.6245334797174257,2.6216209437491442,0.6185566024011413,25.05408341078227,0.11752497934039517,0.003454951600893522,0.19807977364222462,0.9801859024051739,1.4381437348346093,1.5698075842177355,1.72363921690803,0.6340362669169739,0.947261663286004,0.7355121898260536,228.4685598377282,6.823529411764706
6,62.0,33.071067811865476,0.9416869846622562,0.9538461538461539,15.560375223948009,5.235913036415766,1.531013510402877,1.6774193548387097,266.4032258064516,0.7123691735168359,2.971855169428068,0.6635098472202973,8.884866446580956,0.13703869640249566,0.0008493262556145366,0.03977232336095829,0.9992087681232943,1.2888154510378096,1.72363921690803,2.263822957189593,0.5685826662547909,9.78494623655914,0.7130264132522214,266.4032258064516,1.6774193548387097
7,559.0,99.25483399593902,0.8061219135917002,0.9426644182124789,36.898815768217226,21.83485545958709,0.9807130866980023,9.883720930232558,381.4830053667263,0.7130472958797743,1.6899042833835642,0.4082505087224363,26.678472698169138,0.19623611387177278,0.005004415660877244,0.5564301885678569,0.8308943646760033,1.4528616969720733,2.782410125781942,3.260321771685304,0.40023514644998626,1.1317829457364341,0.832391947903489,381.4830053667263,9.883720930232558
8,507.0,85.698484809835,0.7167818081686753,0.9694072657743786,30.682375853907665,21.394744768411606,-1.1629527686160614,9.548323471400394,570.2781065088758,0.8675041008186437,1.4341080571902327,0.3027024742059927,25.40733061895184,0.29335293544695257,0.0048345941627343765,0.39663068500542425,-0.9179782675598197,0.8962457163304657,1.3016285595922277,1.4613217307521087,0.8198522283385883,1.0756081525312295,0.8312327564543797,570.2781065088758,9.548323471400394
9,45.0,25.48528137423857,0.7906071745576964,0.8823529411764706,9.925711240845864,6.077748085882204,-1.4837500995658333,2.2,588.7777777777778,0.8706498150542494,1.6331231733513212,0.38767631473386877,7.569397566060481,0.3028692272519433,0.0011139240506329116,0.08693634332717043,-0.9962138687093752,0.8962457163304657,1.289899621434919,1.4431029032833915,0.826617470270665,10.614814814814816,0.7753446511537964,588.7777777777778,2.2
10,127.0,45.55634918610404,0.8738502495531553,0.9477611940298507,18.75001361256566,9.116166017772448,1.5284284679392413,3.188976377952756,617.4094488188977,0.7689812644405338,2.0567872037445913,0.5138048320315306,12.716187407449045,0.3175974530961408,0.0016146715837735473,0.0423551846917075,0.9991026165163073,1.289899621434919,1.8184847306645313,2.001054088554433,0.5871486729598553,3.5328083989501313,0.7848631813472845,617.4094488188977,3.188976377952756
11,233.0,72.83452377915606,0.9545992709917968,0.8859315589353612,33.17233599575799,9.881806262122247,-1.3830505551548946,4.098712446351931,1013.9828326180258,0.5519391686378425,3.356910175714556,0.7021070128016937,17.22396045987371,0.5215961073137992,0.0020752974411908515,0.18664475520753382,-0.9824274707852584,1.226125271584171,1.2531022658256088,1.5980129040119462,0.7357917795384925,1.1688125894134478,0.7856242709621228,1013.9828326180258,4.098712446351931
12,236.0,64.62741699796953,0.9164555340591037,0.932806324110672,27.561109969903423,11.028207300708294,-1.3367511018291962,13.063559322033898,110.12711864406779,0.7100489178254953,2.4991468892802997,0.5998634556898821,17.334489682638438,0.05664975238892376,0.006614460416219695,0.2319143471106031,-0.9727362106985956,0.5692043620227872,0.7869648192767441,1.380190542336428,1.0963470826173858,1.0296610169491525,0.7247233886733371,110.12711864406779,13.063559322033898
13,673.0,106.74621202458749,0.8089660542394945,0.9334257975034674,38.80356469531343,22.810883453887552,0.782121115205061,27.063893016344725,253.1783060921248,0.7421983472009301,1.7010987221847527,0.4121446410143196,29.2726871606753,0.13023575416261565,0.013703236970301126,0.7094202032158792,0.704785765512571,1.2888154510378096,1.4283472553409418,1.4381437348346093,0.7219684137480826,0.5205547300643882,0.7347624517280192,253.1783060921248,27.063893016344725
14,799.0,120.66904755831213,0.9147572878672121,0.9511904761904761,50.293766723562086,20.31887498142675,-0.09661056170063807,34.13892365456821,591.4605757196496,0.6895485882022118,2.4752239860491807,0.5959961580704677,31.895429080722444,0.30424926734549873,0.017285530964338335,0.9953368283923484,-0.09646034442122277,1.3491482925642417,1.4246489331087928,1.4431029032833915,0.7114230615517144,0.5586149353358364,0.8661802739821066,591.4605757196496,34.13892365456821
15,654.0,103.15432893255071,0.72059937948548,0.9045643153526971,36.18591556422786,25.089564882383222,0.12042440306082816,29.507645259938837,308.2782874617737,0.7723474128383081,1.4422695544487503,0.306648332889333,28.856518540128786,0.15857936597827865,0.014940579878450044,0.9927577402168688,0.12013354751898456,1.7716860506350893,2.263822957189593,2.4832958502437816,0.4602070571704315,0.8205912334352701,0.7404890763126262,308.2782874617737,29.507645259938837
16,296.0,69.11269837220809,0.7817260209750483,0.9221183800623053,25.514544312354374,15.911431751447425,-0.18924571462170622,24.56081081081081,1032.847972972973,0.7787281534832765,1.6035354147205123,0.3763779765510856,19.413369239820483,0.531300397619842,0.012435853575094082,0.9821464092529142,-0.1881181298854719,0.9328547232524197,1.2531022658256088,1.5805332088862571,0.7964974929767352,1.3457207207207207,0.7384161084256041,1032.847972972973,24.56081081081081
17,65.0,28.727922061357855,0.804208162868488,0.9558823529411765,11.827672987573608,7.029750657211953,1.4415763006759619,19.046153846153846,1299.676923076923,0.9897255752422209,1.6825167156447258,0.4056522644312579,9.09728368293446,0.6685580880025324,0.009643622200584226,0.12886071088749124,0.9916627033369615,1.2996920417441291,3.2508611933065046,5.305424108768287,0.30438381657618363,4.769230769230769,0.7591228159900018,1299.676923076923,19.046153846153846
18,390.0,73.59797974644665,0.7424000152740622,0.9629629629629629,27.303834591018884,18.29239175845937,0.46193076063966865,29.084615384615386,1070.0358974358974,0.9047793597128926,1.4926333828594145,0.3300431227899274,22.283703068536735,0.5504299883929513,0.01472638753651412,0.8951936703589475,0.44567734130116604,1.6867162997259302,2.078536026332119,2.5581498167076906,0.47442815311566683,1.2547008547008547,0.7704945071592365,1070.0358974358974,29.084615384615386
19,395.0,76.76955262170047,0.8400007459554786,0.9681372549019608,30.501133582924854,16.549465001400712,-0.8423049118602159,31.321518987341772,1013.2632911392406,0.8422265739417792,1.8430283746540026,0.45741475619563743,22.42609239636699,0.5212259728082513,0.015858996955616086,0.6657447176152113,-0.746179583590601,0.775954550190879,0.9328547232524197,1.1013178815250018,1.067567350002652,0.8345991561181435,0.7785762738805934,1013.2632911392406,31.321518987341772
20,792.0,103.25483399593904,0.5355319257700405,0.974169741697417,34.58400641434982,29.206711588462873,-0.4534099888791359,37.138888888888886,561.6464646464647,0.9334998661066778,1.184111614537635,0.15548501701803308,31.755404570407364,0.2889127904560003,0.01880450070323488,0.898958642387794,-0.4380335138734185,1.3016285595922277,1.3491482925642417,1.3754931594495152,0.745106510828212,0.8097643097643098,0.7646004033843253,561.6464646464647,37.138888888888886
21,779.0,105.74011537017762,0.7569583134176857,0.9761904761904762,39.18842340567323,25.608191302057012,0.38366902886690607,41.81001283697047,376.798459563543,0.87552340797387,1.5303081324031411,0.3465368321413571,31.493707392885515,0.1938263680882423,0.02116962675289644,0.9272974699911345,0.3743252625031352,1.4528616969720733,2.03713278831245,2.1149588698769444,0.5352408503520143,1.0526315789473684,0.6938066734124848,376.798459563543,41.81001283697047
22,783.0,125.29646455628166,0.9190565883992573,0.8979357798165137,52.198280946301765,20.572678713793934,-1.180085550484361,39.49553001277139,666.2439335887611,0.6267494945635779,2.537262243409408,0.6058744015926927,31.574460621325464,0.34271807283372485,0.019997736715327286,0.38084572248080106,-0.9246385973276676,1.3278674670842547,2.1081597566521433,2.6308891912543895,0.49448513788442483,0.7773520647083865,0.7389057396227631,666.2439335887611,39.49553001277139
23,126.0,46.384776310850235,0.8732769571429245,0.8936170212765957,18.82717000478277,9.173051589101041,-0.1924810761774914,34.93650793650794,996.4126984126984,0.7359180854613129,2.0524434886153116,0.512775866645345,12.666024736934256,0.5125579724345156,0.017689371107092625,0.9815326398134395,-0.1912947385080437,0.775954550190879,0.9682873772023706,1.2940341395086261,0.9874020444294564,3.8015873015873014,0.8448660702290592,996.4126984126984,34.93650793650794
24,666.0,105.49747468305833,0.7997744342610326,0.9301675977653632,38.892095505149015,23.346949690451545,-1.4666802484461237,40.32432432432432,218.8093093093093,0.7519690487603948,1.6658319832271338,0.3996993633999333,29.120053859730724,0.11255622906857474,0.020417379404721176,0.10392807449132066,-0.9945848155549765,1.5182010070621172,1.5698075842177355,1.6467966472980367,0.6336057871096421,1.102102102102102,0.783831986212168,218.8093093093093,40.32432432432432
25,475.0,82.76955262170047,0.624332285628773,0.95,28.236785805230333,22.05741599824731,0.47486697834368735,41.78736842105263,976.0273684210526,0.8712890540482078,1.2801493070391399,0.21884111915593485,24.592453796829673,0.5020716915746155,0.021158161225849435,0.8893535496728169,0.45722014794228,0.9682873772023706,1.1039543777741272,1.7414982834122135,0.786629389995729,0.4891228070175439,0.8347332536142212,976.0273684210526,41.78736842105263
26,317.0,66.69848480983501,0.7270237255701072,0.9577039274924471,24.25458323109083,16.65349609535244,-1.341777304289475,40.04731861198738,124.67192429022082,0.8954414415781136,1.4564259115453635,0.31338766217161407,20.090219901261573,0.06413164829743868,0.02027712334784171,0.2270222691743561,-0.9738895673016147,1.380190542336428,1.488918527560883,1.6726669002877284,0.6605345617427658,1.3922187171398528,0.7413255864258077,124.67192429022082,40.04731861198738
27,875.0,119.74011537017762,0.8213619058477389,0.9338313767342583,44.55909573428723,25.416838633436214,0.11187133192995743,52.984,276.6994285714286,0.7668997082201124,1.753132888669683,0.42959258453087223,33.37790589062273,0.1423350970017637,0.0268273417721519,0.9937489260784547,0.11163812931932357,0.9621931633586913,1.5759237651559455,1.7716860506350893,0.6960875043508057,0.6944761904761905,0.7939768206630115,276.6994285714286,52.984
28,448.0,108.46803743153546,0.9734754699707044,0.8699029126213592,51.24036399433506,11.72335513563481,0.9374630520061465,47.707589285714285,1303.109375,0.47850261265502847,4.370793463262293,0.7712085898349414,23.883285285767386,0.6703237525720165,0.024155741410488245,0.5918348577683515,0.8060592417002085,1.2996920417441291,1.9994264993284512,4.110684117226533,0.40486908199099547,0.4069940476190476,0.9295304701857324,1303.109375,47.707589285714285
29,509.0,88.08326112068522,0.7818125911537882,0.9549718574108818,32.73943585435989,20.413479912845737,0.7174827135306556,49.013752455795675,477.69155206286837,0.8244054913184109,1.6038145379493924,0.37648650991867083,25.45739437315213,0.24572610702822448,0.024817089851035784,0.7534632055065874,0.6574900744100538,1.0794045885272885,1.8616896191713164,2.177535532851425,0.5860943557284201,0.9397511460379829,0.8034087066758998,477.69155206286837,49.013752455795675
30,502.0,89.1126983722081,0.8464531434665927,0.9400749063670412,35.06588762414417,18.671295280522006,1.4315644529118188,47.54980079681275,620.1195219123506,0.7943911407853924,1.87806400666402,0.4675367844484243,25.281737508665255,0.3189915236174643,0.024075848504715315,0.13878246278449316,0.9903228907904083,1.017472495308744,1.4246489331087928,2.001054088554433,0.6751927733983608,0.9402390438247012,0.732651648902172,620.1195219123506,47.54980079681275
31,567.0,93.15432893255071,0.8400660126333719,0.9675767918088737,36.52210595181823,19.81266499765887,-0.7619919327004446,55.57848324514991,1016.410934744268,0.8210825826971907,1.8433716996746174,0.45751581182649437,26.86869594648831,0.5228451310412902,0.028141004174759447,0.7234622884936487,-0.6903639019586211,1.1013178815250018,1.2940341395086261,1.5805332088862571,0.7545489435721089,0.4803057025279247,0.7856242709621228,1016.410934744268,55.57848324514991
32,716.0,98.9116882454314,0.5792774996919196,0.9728260869565217,33.47880293451973,27.289590219475,-0.37975675144629206,58.0963687150838,190.1536312849162,0.919660761642785,1.2267975687897228,0.18486959426685712,30.19336870954244,0.09781565395314619,0.029415882893713316,0.9287548339688683,-0.3706945621120708,1.5182010070621172,2.089296279267801,2.397182714727283,0.49961030387494615,0.8854748603351955,0.7772746696967731,190.1536312849162,58.0963687150838
33,496.0,84.76955262170047,0.7799429093338425,0.9631067961165048,31.91264187364012,19.972548222631822,0.07022823280729273,58.653225806451616,256.09475806451616,0.8673847019497959,1.5978252508349646,0.3741493323644518,25.13019725725687,0.13173598665870173,0.029697835851367906,0.9975350110196977,0.0701705193790927,0.9621931633586913,1.2072414347307965,1.4283472553409418,0.8338471097516782,1.7076612903225807,0.7721332575657787,256.09475806451616,58.653225806451616
34,995.0,129.98275605729688,0.8667367285294747,0.9512428298279159,50.51560440297575,25.19546192793272,1.3335310872419661,57.2643216080402,421.156783919598,0.7400506806526428,2.0049485319009803,0.5012340795342732,35.593164329846914,0.2166444361726327,0.02899459321926086,0.23504536418562733,0.9719844015079901,0.7809237699561908,1.4630556443036375,1.7283528842370224,0.7552238268523543,0.6100502512562814,0.7502205842982423,421.156783919598,57.2643216080402
35,834.0,123.88225099390856,0.8821453299251989,0.9215469613259668,48.710678571949025,22.941623863394227,1.0692348973489205,62.92685851318945,684.1534772182255,0.6829009840191268,2.123244582074769,0.5290227002379392,32.586527589007176,0.3519308010381818,0.03186170051300732,0.48079523686635334,0.8768329032413343,1.3278674670842547,1.863264368527433,1.953626032307601,0.5831178214832683,0.6147082334132693,0.8166294512676613,684.1534772182255,62.92685851318945
36,777.0,118.91168824543142,0.9014499820313602,0.9327731092436975,48.7657803472408,21.109890711456092,-0.14324853419163802,72.72200772200772,1054.971685971686,0.6905287940526535,2.3100915591560205,0.5671167248603148,31.453253031430968,0.5426809084216492,0.036821269732662136,0.9897574615733715,-0.14275912321051845,1.9000357224107485,2.0462836205135253,2.078536026332119,0.49793726423847245,0.5688545688545689,0.8606408045076837,1054.971685971686,72.72200772200772
37,391.0,75.01219330881975,0.5569411570543342,0.9630541871921182,24.991816969082024,20.757002406935495,1.0476972589433728,63.1381074168798,523.9462915601023,0.8732184297048994,1.2040185995609636,0.16944804642997824,22.312253628700276,0.26951969730457936,0.03196866198323028,0.4995671779878787,0.8662751495207669,1.2956288309189599,1.6476155756398625,1.783362042142929,0.6347048421651447,1.0750213128729753,0.7500598589541738,523.9462915601023,63.1381074168798
38,993.0,124.3259018078045,0.7221858347013418,0.960348162475822,43.37937819898209,30.00547608163813,0.4840020809579358,73.65458207452166,233.8710976837865,0.8073017172762934,1.4457153781182004,0.3083009179153652,35.55737431141417,0.12030406259454038,0.037293459278238815,0.8851397467323923,0.4653252934824375,1.2072414347307965,1.6467966472980367,2.089296279267801,0.6068778239012547,0.6304128902316214,0.8463381707843253,233.8710976837865,73.65458207452166
39,618.0,102.66904755831213,0.8303572987954593,0.9566563467492261,38.80561336763547,21.623703590220565,-1.247601063577129,67.64401294498381,563.2977346278317,0.7367485211321206,1.794586815608475,0.44276866892007194,28.05106127486678,0.28976220917069534,0.03425013313670067,0.31759800665657095,-0.9482254511284607,0.7740912527999858,1.3702456388442248,1.3754931594495152,0.8523138777873103,0.9751887810140236,0.7389850100790558,563.2977346278317,67.64401294498381
40,307.0,66.5269119345812,0.6778926232316232,0.9475308641975309,23.48783510677516,17.26733867473979,1.186667076675978,65.33224755700326,495.2540716612378,0.8716728316584954,1.3602463905532398,0.264839071108816,19.77080019204319,0.2547603249286203,0.03307961901620418,0.37475198484897915,0.9271250993537768,1.0794045885272885,1.1540588542844372,1.2956288309189599,0.8500769510423228,1.777415852334419,0.7876529265625384,495.2540716612378,65.33224755700326
41,176.0,48.8700576850888,0.6284097356472502,0.9411764705882353,17.062112707394935,13.272319111152031,-0.410674109460755,65.58522727272727,970.125,0.9260551014395719,1.2855411751710022,0.2221174869276511,14.96964127403822,0.4990354938271605,0.03320771001150748,0.9168519081371677,-0.39922747719218266,0.934346741706215,1.1039543777741272,1.818007447304051,0.7779460455628344,1.8465909090909092,0.7442962632432063,970.125,65.58522727272727
42,490.0,91.25483399593905,0.8642813087942832,0.8974358974358975,36.3320931898195,18.27536138313245,1.2272933942692006,69.82244897959184,616.2979591836735,0.7394250940637702,1.988036921850028,0.4969912334075668,24.977737626138797,0.31702569916855633,0.03535313872384397,0.3367874453380948,0.9415807010886745,1.017472495308744,1.303946625914883,1.9575158023857269,0.7011090501627564,1.254421768707483,0.6712162204583091,616.2979591836735,69.82244897959184
43,1018.0,129.29036790187178,0.7941634236495688,0.9171171171171171,46.8508481117778,28.47145955484415,-1.5612371586325788,72.29567779960708,131.99312377210217,0.7652886978347249,1.6455372799392216,0.3922957491203509,36.00219238519226,0.0678976974136328,0.03660540648081371,0.00955902258052261,-0.999954311499933,1.488918527560883,1.6934688739521997,2.6955683671122928,0.5103815200537964,0.5907007203667322,0.8767986345999922,131.99312377210217,72.29567779960708
44,906.0,134.61017305526642,0.918198399030472,0.897029702970297,55.9895460807378,22.178624620855633,0.609908025008387,83.86644591611478,393.4823399558499,0.6283220437050374,2.5244823354865806,0.6038791850736973,33.96402549065787,0.20240861108840016,0.04246402324866572,0.8197007038583785,0.5727920705579634,1.098508899762013,1.7283528842370224,1.7937019428280752,0.6492714260344303,0.7027225901398086,0.7874634632807775,393.4823399558499,83.86644591611478
45,124.0,42.04163056034261,0.672887891264145,0.96875,15.04606496584278,11.130243403518996,1.245715939999641,73.71774193548387,415.6693548387097,0.8816017550839543,1.351818142726846,0.26025552669175556,12.565098628628435,0.21382168458781362,0.037325438954675376,0.31938496343014455,0.9476250551429743,0.7809237699561908,1.001474978067338,1.098508899762013,1.0413384831360355,7.236559139784947,0.7030368928211385,415.6693548387097,73.71774193548387
46,791.0,115.84062043356595,0.7590244290566558,0.8947963800904978,40.714003024845624,26.50734612348333,0.007293262438917456,87.4614412136536,433.15802781289506,0.7407379541057356,1.535951688078512,0.34893785542759614,31.735350634355903,0.22281791554161268,0.04428427403222967,0.9999734042793881,0.007293197782279425,1.001474978067338,1.0325794369137764,1.4630556443036375,0.8578511825886247,0.5330804888327012,0.7565254011017455,433.15802781289506,87.4614412136536
47,737.0,117.9827560572969,0.8802624081862334,0.8987804878048781,46.09641410628976,21.87215796242804,-0.5302693232328908,89.41655359565807,486.483039348711,0.665334858664305,2.1075384598755234,0.525512810779708,30.632948674096244,0.25024847703122993,0.045274204352231937,0.8626708873507627,-0.5057656968571985,1.1540588542844372,1.340139290934362,1.4708985232884635,0.756601982450382,0.582089552238806,0.8665325232337424,486.483039348711,89.41655359565807
48,374.0,86.66904755831214,0.8376823295702333,0.8577981651376146,30.699753530019745,16.766909067874256,0.17580129371014824,86.03743315508021,973.6390374331551,0.6256816502200983,1.8309727455277436,0.4538422254276817,21.821814538001895,0.500843126251623,0.0435632572937115,0.9845867110318633,0.1748971367960551,0.934346741706215,1.14758886930367,1.1773916658607386,0.9204353368528211,0.9001782531194297,0.8365768787516261,973.6390374331551,86.03743315508021
49,369.0,103.01219330881976,0.971389091388218,0.8329571106094809,46.30433570512612,10.996985633256166,-0.24314498647216015,92.1680216802168,1618.081300813008,0.4369773854733932,4.210638919550501,0.7625063513860378,21.675455981530703,0.8323463481548395,0.04666735274947686,0.9705856008210716,-0.24075629063183282,0.7220777641129221,1.8914939373549167,2.9588563326956874,0.5383649607689062,0.934056007226739,0.9264584314389105,1618.081300813008,92.1680216802168
50,336.0,81.11269837220809,0.9200010370747372,0.9081081081081082,33.90198240446203,13.28672677230638,-1.5370323749640447,82.64880952380952,554.9047619047619,0.6417582240719056,2.551567664891264,0.608084075621559,20.683531783305643,0.2854448363707623,0.04184749849306811,0.03375753702065709,-0.9994300519267464,0.7740912527999858,0.8011060075922992,1.039851694948103,1.147206056648949,1.429563492063492,0.7682964510675835,554.9047619047619,82.64880952380952
51,680.0,115.39696961967,0.9013085064044387,0.8982826948480845,45.725847093218086,19.807420256737544,-0.7360210249675919,98.07352941176471,563.7735294117647,0.6416969400585841,2.308521074452607,0.566822234777684,29.42452872043851,0.290006959573953,0.049657483246463144,0.7411456806161651,-0.671344233686416,0.6528279821703161,0.8011060075922992,1.0312327093884344,1.2071624817058835,0.30980392156862746,0.8362426561207809,563.7735294117647,98.07352941176471
52,100.0,35.55634918610405,0.7191624909878137,0.9523809523809523,13.595623884525551,9.446809577339767,-0.3222995155010687,83.13,720.27,0.993975177294762,1.4391762396838843,0.30515806721513805,11.283791670955125,0.37050925925925926,0.04209113924050633,0.9485095583687634,-0.31674850857280046,1.1463920829533876,1.299609022184167,1.863264368527433,0.6961743290901337,5.273333333333333,0.7525403513904739,720.27,83.13
53,327.0,68.52691193458118,0.5152101878432684,0.9342857142857143,22.359878655260083,19.163843938424982,1.280689896719293,87.10091743119266,1602.8654434250764,0.8750548855277765,1.1667741986996045,0.14293613870231114,20.404639941160397,0.8245192610211298,0.04410173034490767,0.28605420945321847,0.9582134361686305,0.7220777641129221,2.009741425148799,3.1289777565633243,0.5118757786237687,0.8878695208970437,0.788300271667468,1602.8654434250764,87.10091743119266
54,223.0,55.698484809834994,0.6921187990968529,0.948936170212766,19.95624896578423,14.404093258452937,0.6135104549695263,87.30493273542601,1323.2107623318386,0.9032915862704788,1.3854568009043575,0.2782163981242508,16.85029431422316,0.6806639723929211,0.044205029233127094,0.8176319461770951,0.5757412618448117,1.9994264993284512,2.1356714645000316,3.1533138810737724,0.41161230510022495,1.4095665171898355,0.6837080031922739,1323.2107623318386,87.30493273542601
55,237.0,56.284271247461895,0.6637615663622767,0.9518072289156626,20.09861001847009,15.032639553281665,-0.5015302551238665,90.76793248945148,1867.6666666666667,0.9401217825056792,1.3369980665892112,0.2520557620916537,17.371176474327626,0.9607338820301784,0.045958446830102015,0.8768478912808448,-0.4807679019613682,1.2153619967118048,1.468238276840298,1.9229926992394097,0.6512405193424445,0.9985935302390998,0.8986754300741477,1867.6666666666667,90.76793248945148
56,771.0,109.01219330881976,0.7982507317335867,0.9613466334164589,40.7207597192481,24.52714389074532,0.0033789767176997253,106.3035019455253,148.0596627756161,0.8152937005790781,1.6602324306750211,0.39767469811837264,31.331576548121713,0.07616237797099593,0.05382455794710141,0.9999942912636023,0.0033789702878014864,1.6934688739521997,2.573407870449975,2.8815174217013513,0.41967467521943486,0.8253350626891484,0.8824903462857456,148.0596627756161,106.3035019455253
57,543.0,113.49747468305833,0.961301846484494,0.8887070376432079,51.37560464632353,14.15384014571278,-1.2882650649336929,94.57826887661142,601.268876611418,0.5297089323873229,3.629799695165081,0.7245027042864081,26.29389801439097,0.30929468961492695,0.04788773107676528,0.2787874435993463,-0.9603528316672687,1.303946625914883,1.4658075166685325,1.6955338532637962,0.671849162425816,0.8121546961325967,0.7738826288002487,601.268876611418,94.57826887661142
58,655.0,99.63351365237938,0.5805089617882592,0.9370529327610873,32.11896724839133,26.152992997286617,0.36081988437889895,101.95114503816794,703.1221374045801,0.8291636819446441,1.228118221563539,0.1857461419904003,28.878571671769564,0.36168834228630664,0.051620832930717946,0.9356076850095734,0.353041441973923,1.1463920829533876,1.3493276087652373,1.4617714065550906,0.758056032345498,0.2900763358778626,0.7895906065048285,703.1221374045801,101.95114503816794
59,496.0,89.7401153701776,0.5747861714577363,0.9185185185185185,28.591388239222333,23.396437241126957,-0.8648401738483952,102.04435483870968,993.4737903225806,0.7739596035042184,1.222040259572664,0.1816963539730757,25.13019725725687,0.5110461884375415,0.05166802776643528,0.648761750328493,-0.7609915842574805,1.14758886930367,1.4091120424053176,1.440750817903551,0.7504781052830327,0.7741935483870968,0.7592939239425499,993.4737903225806,102.04435483870968
60,536.0,87.59797974644667,0.789830803972981,0.9675090252707581,33.37782583880676,20.471448106693458,1.1454202136280618,105.74440298507463,511.3694029850746,0.877781600561755,1.6304574871717725,0.3866752074998153,26.123866405607867,0.26305010441619064,0.05354146986586057,0.4126634062346283,0.9108835892444402,0.9154915494051271,1.340139290934362,1.3534937038974098,0.8312265102600692,0.8233830845771144,0.813973962719109,511.3694029850746,105.74440298507463
61,143.0,44.04163056034261,0.622184261720555,0.9285714285714286,15.367006426127706,12.030381153977263,0.7977845397488817,101.14685314685315,541.0769230769231,0.9264438920120454,1.2773499217892483,0.2171291648890935,13.493452297211721,0.2783317505539728,0.051213596530052224,0.6982942721427812,0.715810805655086,1.0312327093884344,1.039851694948103,1.3534937038974098,0.8760203170098224,3.617715617715618,0.7204122548974149,541.0769230769231,101.14685314685315
62,338.0,72.42640687119285,0.8302927618152205,0.9467787114845938,28.0564370641623,15.63662361125713,-0.6106333109357173,110.01775147928994,963.2100591715977,0.8097159313110878,1.794277189352047,0.4426725112851031,20.7449985808745,0.49547842549979304,0.05570519062242529,0.8192850502692022,-0.5733864372353001,1.0503771124039434,1.1773916658607386,1.4083057835635446,0.8250655889992512,1.0897435897435896,0.7373846836733611,963.2100591715977,110.01775147928994
63,153.0,45.21320343559643,0.6935395115757681,0.9683544303797469,16.751087305332177,12.067794709863572,-0.7666005824191051,109.69934640522875,572.437908496732,0.9405258522783918,1.3880818913534163,0.27958140926039043,13.957279475043833,0.294463944699965,0.05554397286340696,0.7202729713238366,-0.6936907428965242,0.6528279821703161,1.0663952898525686,1.4514026307505143,0.9461854195336796,3.6601307189542482,0.6325071296292427,572.437908496732,109.69934640522875
64,146.0,53.21320343559643,0.8745751109034614,0.7604166666666666,21.239087102338267,10.298622331123317,-1.4527820912236664,110.1027397260274,436.8082191780822,0.6479237675686392,2.0623231359938243,0.515109934739638,13.63425735166143,0.22469558599695585,0.05574822264608982,0.11774048848282057,-0.9930443984897286,1.0325794369137764,1.8946334392477824,2.280521556303796,0.5760662412618056,4.157534246575342,0.7502205842982423,436.8082191780822,110.1027397260274
65,93.0,39.59188309203679,0.6240385176179727,0.8773584905660378,12.809693065788458,10.009411937016488,0.21456203685155184,109.44086021505376,732.1397849462365,0.7455563882076512,1.2797648000094852,0.21860641893526966,10.881694613449236,0.37661511571308465,0.055413093779774054,0.9770697388175277,0.21291952819562643,0.8501229279301836,1.299609022184167,1.3493276087652373,0.8573732311548912,4.921146953405018,0.8978233919528029,732.1397849462365,109.44086021505376
66,335.0,69.94112549695429,0.7831157248959216,0.9490084985835694,26.289372128011085,16.348729624698894,0.987646980588587,112.61791044776119,1883.5164179104477,0.8605764110344493,1.6080376109648504,0.37812399835599453,20.65272978291924,0.9688870462502303,0.057021726808993006,0.5506555251574238,0.834732587487515,0.8751642889492465,1.1313750302132144,1.2153619967118048,0.9311272152312794,0.7512437810945274,0.9417698602157846,1883.5164179104477,112.61791044776119
67,369.0,73.59797974644667,0.8084392746846258,0.9534883720930233,28.37183909952302,16.699085554479915,-0.6285726491810264,117.91869918699187,1059.7452574525746,0.8560604711129673,1.6990055537449247,0.41142040542727254,21.675455981530703,0.54513644930688,0.059705670474426265,0.8088676011700098,-0.5879908194669998,1.3291117165105701,1.7931516940024312,2.0462836205135253,0.580433917306189,1.7000903342366758,0.7612843168179052,1059.7452574525746,117.91869918699187
68,231.0,54.62741699796952,0.5307325579554341,0.9705882352941176,18.72693204548842,15.871811836833436,0.316106472032272,115.05194805194805,1902.8008658008657,0.9727483711606368,1.179886218284743,0.15246064874480192,17.14987856615383,0.9788070297329556,0.05825415091237876,0.9504529937028443,0.3108683109635027,0.8751642889492465,1.4619446718166949,1.9229926992394097,0.7042085469848228,1.2395382395382395,0.9043792068403887,1902.8008658008657,115.05194805194805
69,643.0,105.7401153701776,0.8814528611708456,0.9455882352941176,42.04534558406498,19.856839963801157,0.7878063749025276,123.60342146189736,673.642301710731,0.7226720812929379,2.1174238026147805,0.5277279877721632,28.61281229213077,0.3465238177524336,0.06258401086678347,0.705401869720963,0.7088075918006025,1.0160492785317476,1.4797005027359507,1.6468694204598264,0.724179523608871,0.6552617936754795,0.6382020301763215,673.642301710731,123.60342146189736
70,440.0,81.01219330881975,0.6600679330025945,0.9421841541755889,27.706644140538256,20.813394909520646,1.1762619318571257,119.98181818181818,1019.9727272727273,0.8424841902964636,1.3311929294083802,0.24879408693642302,23.66908109081279,0.5246773288439955,0.06075028768699655,0.3843783952400727,0.923175632950018,1.2398075104608102,1.440750817903551,1.4480268295905545,0.7266411822024865,0.8909090909090909,0.8461983750104753,1019.9727272727273,119.98181818181818
71,444.0,81.01219330881975,0.747529186750669,0.9487179487179487,29.276092789525848,19.446028746958238,1.2439576146208324,120.29054054054055,497.1621621621622,0.8501431374809768,1.505504963017461,0.3357710372500434,23.77642441290137,0.2557418529640752,0.06090660280533699,0.32105070203319486,0.9470620078558704,0.9154915494051271,1.157308501123561,1.4708985232884635,0.8465731318588144,1.40990990990991,0.7446203470724089,497.1621621621622,120.29054054054055
72,590.0,93.25483399593904,0.7926125033689752,0.9624796084828712,35.289287806962065,21.516785428816323,-1.2575598199189688,122.19152542372882,921.1338983050847,0.8525486460061431,1.6400817828345742,0.3902743079850035,27.408234736913393,0.47383430982771846,0.06186912679682472,0.30813926746983455,-0.9513412594033509,1.2247451548981325,1.3202554204031285,1.523125388354766,0.7374402923610306,0.5225988700564972,0.7271574709799883,921.1338983050847,122.19152542372882
73,618.0,94.4619407771256,0.527659721039584,0.958139534883721,30.828041129457276,26.18705947668439,0.7306253024117076,126.76699029126213,724.6359223300971,0.8703313166190028,1.1772242376775819,0.15054416313004937,28.05106127486678,0.37275510407926804,0.06418581786899348,0.7447572614982342,0.6673354639502166,0.8501229279301836,0.9612534839704638,1.42943721690895,0.9256934657800573,0.3786407766990291,0.6103329322639905,724.6359223300971,126.76699029126213
74,359.0,75.698484809835,0.8670444915997306,0.9522546419098143,30.39145550924711,15.141956736883436,-1.3443976790267336,120.96100278551532,29.147632311977716,0.7872813059467043,2.0071022548372683,0.501769280767871,21.37973331358283,0.014993638020564668,0.06124607735975459,0.2244695370674655,-0.9744811065016693,0.8388698927994885,1.550163349578623,2.3606800116717515,0.6316170765555242,1.8839368616527392,0.5825492936023524,29.147632311977716,120.96100278551532
75,259.0,60.2842712474619,0.7056866180966739,0.9418181818181818,21.648351679056063,15.338378840365575,0.8112374168027684,123.96911196911196,1353.3050193050194,0.895574249044498,1.4113845996608658,0.2914759022875234,18.159544104586082,0.6961445572556684,0.06276917061727189,0.6886016601808221,0.7251398165845091,1.0335848798313958,1.8782831491533636,2.1356714645000316,0.5943489900123234,1.0077220077220077,0.6997909395297891,1353.3050193050194,123.96911196911196
76,324.0,88.5685424949238,0.9547098669253696,0.8181818181818182,40.009961590297074,11.904497973604467,0.6767637049477957,130.81172839506172,1394.4567901234568,0.5190340844415934,3.3609112857182315,0.7024616495385124,20.310825007719227,0.7173131636437535,0.06623378652914517,0.7796036029597317,0.6262732808065541,1.247925934174633,1.5112302940429587,1.5278197869172347,0.6997939781815293,0.8611111111111112,0.7910221321859271,1394.4567901234568,130.81172839506172
77,664.0,116.5685424949238,0.9094448652781434,0.8936742934051144,46.155307012704014,19.192508694024518,-1.1823909055917203,132.06777108433735,564.652108433735,0.6140662247572383,2.4048605499433338,0.5841754732832374,29.076297180076903,0.29045890351529574,0.0668697575110569,0.3787130920234011,-0.9255141241116069,1.0663952898525686,1.1773477515531365,1.531089752319089,0.7947371880913877,0.5853413654618475,0.7825371274414795,564.652108433735,132.06777108433735
78,144.0,45.798989873223334,0.8705467241363287,0.9536423841059603,19.357246623101403,9.525425532095195,1.3976126520133123,121.24305555555556,1856.0625,0.8627015080273571,2.032166075717944,0.507914234004369,13.540550005146152,0.9547646604938271,0.06138888888888889,0.17231926773663256,0.9850411514077525,1.2708523129828613,1.29567029615933,1.468238276840298,0.7435384858672935,1.9884259259259258,0.9043792068403887,1856.0625,121.24305555555556
79,377.0,86.76955262170048,0.9109587950183118,0.8997613365155132,34.92533469102265,14.406608432171323,0.11356544034852621,134.3793103448276,704.6896551724138,0.629240254012072,2.4242579268713285,0.5875026378523308,21.909160375631842,0.36249467858663265,0.06804015713662157,0.9935583730431831,0.11332148673478962,0.4949065410941054,0.9612534839704638,1.4617714065550906,1.0281255986658968,1.3306808134394341,0.7185657177119652,704.6896551724138,134.3793103448276
80,232.0,79.94112549695427,0.961301901179137,0.7918088737201365,35.233931549112036,9.706846134816239,0.3449275656689245,133.93103448275863,693.7068965517242,0.45620215457224844,3.629802209673024,0.7245028951343107,17.186959427966244,0.35684511139491987,0.06781318201658665,0.9410999471877944,0.33812851018973605,0.4949065410941054,1.0160492785317476,1.42943721690895,1.020271767319733,2.353448275862069,0.740747883974671,693.7068965517242,133.93103448275863
81,519.0,88.18376618407356,0.8037495719070963,0.9646840148698885,33.4509019887556,19.902207951291487,-1.4757972449699646,131.40847784200386,259.9441233140655,0.8386870478230697,1.6807633640761408,0.40503224821914985,25.70625067405882,0.1337161128158773,0.06653593814785005,0.09485625459959922,-0.9954909798503129,0.801337798798786,1.7511848371177812,1.8122979511900799,0.6873134737454674,1.1759794476557484,0.7120601394943585,259.9441233140655,131.40847784200386
82,305.0,62.526911934581186,0.4604118079624322,0.9744408945686901,21.005897799104275,18.647049971766446,-0.19716499708652402,131.72459016393444,1603.9344262295083,0.9803377866419277,1.1264997858057637,0.11229454936405592,19.706294962377495,0.8250691492950145,0.06669599501971364,0.9806258667051397,-0.1958900445372184,1.2180489306613627,1.3979237003746174,1.8914939373549167,0.6655623407254595,1.0579234972677596,0.7695152168358343,1603.9344262295083,131.72459016393444
83,779.0,102.66904755831213,0.5300431772560734,0.9749687108886108,34.332038020279064,29.112560737239395,-0.164070302403264,137.94094993581515,83.06418485237484,0.9286846245338544,1.1792860933859097,0.15202934588260264,31.493707392885515,0.042728490150398576,0.06984351895484311,0.986570634022513,-0.16333518936351957,1.6733464523497352,1.8769910130107972,1.9748322594271872,0.5429697456244681,0.8682071031236629,0.5825492936023524,83.06418485237484,137.94094993581515
84,605.0,104.91168824543142,0.45601225395272776,0.8509142053445851,31.37660914544667,27.924350545477022,-0.9607412683414875,139.08264462809916,514.699173553719,0.6907445819911667,1.1236289665662007,0.11002650362780309,27.754457742221764,0.26476294935890893,0.07042159221675907,0.572912587784356,-0.8196164754067798,1.0940165442659628,1.157308501123561,1.210009471895189,0.8667177312735977,0.7250688705234161,0.7962283814060491,514.699173553719,139.08264462809916
85,333.0,73.94112549695427,0.7383707530566269,0.9098360655737705,25.898726370657645,17.465971858868766,-0.15215060360203977,135.38738738738738,538.7147147147147,0.7653885899874626,1.4828104945964942,0.32560498887477707,20.590987552733093,0.2771166227956351,0.06855057589234805,0.9884474094181749,-0.1515642398935153,1.0940165442659628,1.1773477515531365,1.3619621755553117,0.8256896328022961,1.8098098098098097,0.6926547411660376,538.7147147147147,135.38738738738738
86,598.0,92.42640687119285,0.729467008209221,0.9676375404530745,33.45293859642451,22.882345141291665,-0.8462890152891246,137.12207357859532,978.8210702341137,0.8796682317117166,1.4619541130886096,0.31598400315907205,27.59342761875783,0.5035087809846264,0.06942889801447864,0.6627665851397359,-0.7488260503095584,0.9495321152333939,1.0347920128752168,1.160513087436413,0.9539444474807508,0.39018952062430323,0.7743929794268344,978.8210702341137,137.12207357859532
87,701.0,114.42640687119285,0.8651903185123457,0.8806532663316583,44.07479441662724,22.101024845982675,-1.511421962963291,136.6333808844508,39.222539229671895,0.6727835442685047,1.9942421097562253,0.49855637131128516,29.87542335866304,0.02017620330744439,0.06918145867567128,0.059339484423517594,-0.9982378602258838,0.7265728761575558,0.8388698927994885,1.5218130289891205,0.9717367773657716,0.802187351402758,0.6207152141617521,39.222539229671895,136.6333808844508
88,437.0,86.2842712474619,0.9127972720640152,0.9711111111111111,36.988039624936484,15.106394485926796,-1.465888425140548,133.76659038901602,219.76201372997713,0.7376120961725864,2.448502166376944,0.5915870470804185,23.58825303088947,0.11304630335904173,0.06772991918431191,0.10471557726472755,-0.99450221109765,1.5060665515869667,1.8122979511900799,2.780073949922482,0.49192920831594567,1.5835240274599542,0.7568477315035741,219.76201372997713,133.76659038901602
89,133.0,48.62741699796952,0.9099954868654141,0.9047619047619048,20.36132833692333,8.442176374383216,-1.3222722997926966,131.3233082706767,953.7067669172932,0.7068041690882682,2.411857728856195,0.5853818456886168,13.013103375051497,0.49058990067761993,0.06649281431426668,0.24597360171783067,-0.9692765277556029,0.5223139715036731,1.0503771124039434,1.135162029208678,1.1078887497510868,2.3759398496240602,0.7871612457918565,953.7067669172932,131.3233082706767
90,287.0,62.8700576850888,0.7584041270395065,0.959866220735786,23.729323548185295,15.466407935495297,0.41231283654754064,137.37630662020905,1879.2229965156794,0.9124394269810374,1.534249170664034,0.34821538826891274,19.115955360352558,0.9666784961500409,0.06955762360516914,0.916196452480402,0.40072941052825967,1.1313750302132144,1.2708523129828613,1.4577076106127735,0.7772151696597126,1.0685249709639955,0.777585488927531,1879.2229965156794,137.37630662020905
91,396.0,78.42640687119285,0.818799854106594,0.9473684210526315,29.841414448799537,17.131331981939073,-0.8067655516168654,140.4570707070707,1001.560606060606,0.8090594104371975,1.7419202710133823,0.42592091231693496,22.45446191105733,0.5152060730764434,0.07111750415547884,0.6918374917024323,-0.7220532425485582,0.8213614750744324,1.0347920128752168,1.2398075104608102,0.9690044550109874,1.112794612794613,0.8925761776993969,1001.560606060606,140.4570707070707
92,665.0,105.49747468305833,0.6877226351635752,0.9210526315789473,35.752775001155605,25.955568541390644,0.12431965999996063,147.3503759398496,1062.0225563909773,0.7508399661045985,1.3774606764687747,0.2740264625458666,29.098183744847088,0.5463078993780748,0.0746077852859998,0.9922822588053566,0.12399967282271106,1.3291117165105701,2.091425212834384,2.258974904682277,0.5282144113207629,0.5478696741854636,0.8847069241664803,1062.0225563909773,147.3503759398496
93,439.0,86.08326112068524,0.8677011473423168,0.9320594479830149,34.05291301182916,16.927234110013774,-0.7380962201188533,146.4145785876993,933.510250569476,0.7444524473094446,2.0117234032749756,0.502913771161555,23.642169108157916,0.480200746177714,0.07413396384187307,0.7397509154702788,-0.6728808089557052,1.1338170007575035,1.135162029208678,1.1708276114172425,0.8721420454009758,0.4988610478359909,0.7481117747951859,933.510250569476,146.4145785876993
94,171.0,51.59188309203679,0.7610726557340639,0.9047619047619048,18.57959318822347,12.051962326716245,-0.05900824571940962,141.9766081871345,958.2982456140351,0.8073153587550373,1.541623901946413,0.3513333578070328,14.755472278097805,0.4929517724352032,0.07188689022133392,0.9982595185822798,-0.0589740074937684,0.5223139715036731,0.9495321152333939,1.1338170007575035,1.1513384114769027,2.280701754385965,0.7769749493698098,958.2982456140351,141.9766081871345
95,830.0,116.08326112068522,0.8668890818530306,0.9617612977983777,46.253188893299075,23.05726429213963,-1.4818581748077762,145.02048192771085,296.37831325301204,0.7740138928991301,2.006013736376656,0.5014989270181964,32.5082885143187,0.15245798006842182,0.07342809211529663,0.08882094829629524,-0.9960476088740673,1.7511848371177812,1.7616372533158937,2.059842833836277,0.5383420752492158,0.5184738955823293,0.786075872958904,296.37831325301204,145.02048192771085
96,497.0,108.66904755831214,0.9604963855783023,0.8613518197573656,49.51768794622135,13.780399191903099,-1.3243437058526184,143.4185110663984,354.21931589537223,0.5288768182748667,3.593342054656609,0.7217075400032955,25.15551736167189,0.18221158225070588,0.07261696762855616,0.24396531017817707,-0.9697839591525866,1.40545393345219,2.3018204609213586,2.605269238653951,0.47524423978693325,1.4668008048289738,0.7764112952714606,354.21931589537223,143.4185110663984
97,236.0,66.18376618407356,0.9032665015782233,0.9291338582677166,27.25381163101507,11.694064882544254,1.0719790953673545,144.40254237288136,1363.7669491525423,0.6770471478772953,2.330567848284891,0.570920022458939,17.334489682638438,0.7015262084118016,0.07311521132804119,0.47838722642817255,0.8781489973747965,1.0335848798313958,1.5112302940429587,1.816308690978116,0.6878960774716462,1.1426553672316384,0.7402421755642076,1363.7669491525423,144.40254237288136
98,353.0,77.94112549695429,0.897969623227515,0.9289473684210526,32.36541073101303,14.242639984316877,1.0926069971247432,148.18696883852692,907.5665722379604,0.7302157965422521,2.27243058636965,0.5599425540220516,21.200319792199185,0.4668552326326957,0.07503137662710224,0.4601723640521137,0.8878295981564756,1.1566384793684026,1.1708276114172425,1.3202554204031285,0.8224312055616099,1.1633616619452314,0.8208940260590882,907.5665722379604,148.18696883852692
99,564.0,106.5269119345812,0.9430961922700711,0.9368770764119602,47.37478487532466,15.753065014394192,1.5553526682597183,146.5904255319149,250.65602836879432,0.6245544294113592,3.0073376090326844,0.6674799673317517,26.797520467958073,0.12893828619793946,0.07422300026932399,0.01544304464011291,0.9998807490757303,0.801337798798786,1.5060665515869667,2.059842833836277,0.6869315780518185,1.0555555555555556,0.7834376789649288,250.65602836879432,146.5904255319149
100,375.0,72.76955262170047,0.6907899913279489,0.9566326530612245,25.93367125351787,18.751482412006634,0.9461479915209738,150.72,1421.936,0.8899010554739546,1.3830197892467668,0.2769445471603632,21.850968611841584,0.7314485596707818,0.0763139240506329,0.584812049644133,0.8111688274280688,0.9155891928029294,0.9515599484746604,1.4281576956031343,0.910385632810978,0.4995555555555556,0.9211317671308205,1421.936,150.72
101,714.0,141.39696961967,0.9599456774836751,0.737603305785124,63.38914428842886,17.7607622841095,-1.5004997848464559,152.0924369747899,43.851540616246496,0.44877419031665117,3.5690553859359366,0.7198138185412991,30.15116971098976,0.022557376860209102,0.07700882884799488,0.07023865997519486,-0.9975302154044703,0.7265728761575558,0.8489915590834551,1.5327620481237423,0.9651495800249754,0.9098972922502334,0.7206198318416451,43.851540616246496,152.0924369747899
102,284.0,61.112698372208094,0.1726079478020404,0.9627118644067797,19.291488646968826,19.00193511698589,-0.13731407803666726,151.86971830985917,1015.7922535211268,0.9555761110900102,1.015238107498015,0.015009392757693196,19.015783725757565,0.5225268793832957,0.07689605990372617,0.9905872258839615,-0.13688297160537302,0.8213614750744324,1.2892995741702518,1.4480268295905545,0.8430073392617682,1.6115023474178405,0.7895213284982184,1015.7922535211268,151.86971830985917
103,521.0,89.35533905932738,0.7710786362167888,0.9404332129963899,32.74600591706494,20.85068947204911,-1.457830867509128,154.71401151631477,744.9980806142034,0.8199862560324809,1.5704999089340337,0.36326007132420446,25.75573339679963,0.3832294653365244,0.07833620836269102,0.1127253501654047,-0.9936261849559355,1.1467220196555725,1.5568721928762972,1.7566702723962369,0.6726058533383937,1.051823416506718,0.8303075396306698,744.9980806142034,154.71401151631477
104,197.0,51.112698372208094,0.5755092240682634,0.9516908212560387,17.562300077032223,14.362366248766198,-0.7646284525771047,153.248730964467,1581.5583756345177,0.9475856428870826,1.2227999044754143,0.1822047120383088,15.837556323903858,0.8135588352029411,0.0775942941592238,0.7216396179752516,-0.6922689230122445,1.2308469476192654,1.37838973050108,1.3979237003746174,0.748659828066767,1.6379018612521152,0.9275027712330467,1581.5583756345177,153.248730964467
105,402.0,73.94112549695427,0.583728864155926,0.9548693586698337,25.14979470381121,20.420341902673023,0.7889253493824141,157.58955223880596,1611.863184079602,0.9239826221470271,1.2316049762378907,0.188051348205299,22.623931952327283,0.8291477284360093,0.07979217834876251,0.7046082906619382,0.7095964745758406,1.2180489306613627,1.37838973050108,1.895323630715648,0.6678893060357483,0.6426202321724709,0.9635078368772906,1611.863184079602,157.58955223880596
106,1043.0,123.7401153701776,0.7883392556460821,0.9765917602996255,46.6483753940362,28.69998288713331,-1.3505314455607176,160.25599232981784,595.6711409395973,0.8559987672636722,1.6253799027507247,0.38475921948607705,36.44158126589425,0.30641519595658295,0.08114227459737612,0.2184881123429366,-0.9758396101638939,1.8846692748455522,1.887148349377673,2.5051501680041577,0.4779377717557875,0.4969638862256312,0.7964816701349678,595.6711409395973,160.25599232981784
107,441.0,95.35533905932738,0.9285499788205139,0.9206680584551148,40.3259954411212,14.969308084021883,0.006805652807428468,165.26530612244898,1895.6666666666667,0.6094785477207864,2.6939117836825632,0.6287925959353409,23.695962509005764,0.9751371742112483,0.08367863601136658,0.9999768416343179,0.006805600271415219,1.4577076106127735,1.7261761647216476,2.2835433317842515,0.5487041603342009,0.5389266817838246,0.8840264503621341,1895.6666666666667,165.26530612244898
108,226.0,59.35533905932738,0.879809940146378,0.9495798319327731,24.625709610118374,11.705231315020416,0.9209865418017421,157.50442477876106,1401.9203539823009,0.8061181932065316,2.103820842781476,0.5246743545529793,16.96325844612841,0.7211524454641466,0.07974907583734737,0.6050349677034109,0.7961988996828195,0.9515599484746604,1.247925934174633,1.3873388404387679,0.836394368726544,1.4321533923303835,0.7893364044651073,1401.9203539823009,157.50442477876106
109,203.0,54.284271247461895,0.8217043898048776,0.9530516431924883,21.510180978299,12.258951930483175,1.1320785999849337,156.07389162561577,883.1182266009852,0.8656809848616772,1.754650895139875,0.43008606283457695,16.07692842495848,0.4542789231486549,0.07902475525347634,0.42477897641252144,0.9052970900195861,1.1566384793684026,1.3262511320786587,1.6506484613634211,0.7257705014823378,2.4893267651888342,0.8563038900795896,883.1182266009852,156.07389162561577
110,427.0,76.18376618407356,0.45403829748859487,0.9595505617977528,24.78581033149184,22.08371503479959,0.4716997777111628,165.70257611241217,407.8196721311475,0.9245126590512555,1.1223569174133194,0.10901783159613232,23.31680264534386,0.20978378196046682,0.08390003853793021,0.8907971945734705,0.4544010983041685,1.1551154405443493,2.2020479437997387,2.450436103937872,0.5165645472028717,1.423887587822014,0.7030850528991306,407.8196721311475,165.70257611241217
111,539.0,93.59797974644665,0.8704965221422063,0.9506172839506173,37.55843369464479,18.48530586133758,-1.48292548639507,163.139146567718,526.6790352504638,0.773153416749708,2.0317994182178545,0.5078254324547811,26.196872229566885,0.27092542965558836,0.08260209952795848,0.0877578047533198,-0.9961418411576125,1.210009471895189,1.3619621755553117,1.8315585081638814,0.6812715921055023,0.9189857761286332,0.7661011265247711,526.6790352504638,163.139146567718
112,614.0,111.01219330881976,0.9341881920780971,0.9303030303030303,47.17383454366419,16.830710661779662,-1.5135008498110365,165.00488599348535,57.5928338762215,0.6260901462219012,2.8028427017517323,0.6432193646204205,27.96013377055607,0.02962594335196579,0.08354677771822043,0.0572641341339742,-0.9983590631340441,0.8489915590834551,1.0797364087077037,1.3561219559950954,0.9132837327746394,0.8995656894679697,0.6170739212916333,57.5928338762215,165.00488599348535
113,175.0,47.79898987322333,0.6748177871731502,0.9459459459459459,17.380995279095394,12.826903130701117,-1.394645109558294,161.78285714285715,161.8,0.9625215793797272,1.3550422188419031,0.2620156139085781,14.927053303604616,0.08323045267489712,0.08191537070524413,0.1752416561352797,-0.9845254501306527,2.4947680540706902,2.573407870449975,2.898589359353392,0.37656437626855355,3.7466666666666666,0.7359779349395322,161.8,161.78285714285715
114,676.0,102.43250352560274,0.5078726352894873,0.9184782608695652,32.06732875063263,27.62382864412243,-0.6246311068557069,170.22485207100593,805.8091715976332,0.8096195476218369,1.1608575032721127,0.13856782836713644,29.33785834448333,0.41451089073952324,0.08618979851696502,0.8111789026942524,-0.5847980744015396,1.0119390511833788,1.1228792548840885,1.6006247402582006,0.8031175854631007,0.6375739644970414,0.7250536940601952,805.8091715976332,170.22485207100593
115,537.0,97.01219330881975,0.8423080851446508,0.93717277486911,36.70381360540923,19.783222394719044,-0.053506983461804346,176.65921787709496,1001.4581005586592,0.7170203847609941,1.8553000554250954,0.46100362737774236,26.148224328293928,0.5151533439087753,0.0894477052542253,0.9985688428592099,-0.05348145539174007,1.2892995741702518,1.629995349061545,2.0512770188298868,0.6035522742591402,0.7932960893854749,0.8814345844129748,1001.4581005586592,176.65921787709496
116,208.0,54.04163056034261,0.8194972699580988,0.9629629629629629,21.568167082729154,12.360351771305439,1.3378970382507644,163.88942307692307,330.65384615384613,0.8949861416422831,1.744947674774084,0.42691691306476065,16.273715780512877,0.17008942703387148,0.08298198636806231,0.23079950123065143,0.9730013310533971,1.40545393345219,1.7616372533158937,2.701895487930225,0.5111614945273688,3.967948717948718,0.6543748541489884,330.65384615384613,163.88942307692307
117,1149.0,147.88225099390857,0.6448640502355969,0.8852080123266564,45.48466855221672,34.763809185130405,1.045358070297953,181.87554395126196,387.9042645778938,0.6602338512729686,1.308391388009113,0.23570270397328918,38.24855862513909,0.19953923074994537,0.09208888301329719,0.5015921903673565,0.8651041986734763,1.1551154405443493,1.5381722701050846,1.893760689925875,0.6540153357927811,0.26950971859588047,0.8814689353138819,387.9042645778938,181.87554395126196
118,271.0,73.94112549695429,0.9319010092572837,0.8603174603174604,32.30889568105364,11.718847062804679,1.4087677150216298,169.52029520295204,1456.2656826568266,0.6228838074672741,2.757002929375301,0.6372872914478236,18.575465448360347,0.7491078614489849,0.0858330608622542,0.16132057831231933,0.9869020574570604,0.5239369587058104,1.055800947452818,1.1267930916804696,1.1084299431246893,0.41205412054120544,0.9801829972414974,1456.2656826568266,169.52029520295204
119,658.0,110.22539674441617,0.9097871615995015,0.9454022988505747,45.524124415217194,18.895929504154637,0.9824824241343469,180.78115501519756,783.2142857142857,0.68056939677734,2.4092027018415703,0.5849249217446045,28.944630252185586,0.4028880070546737,0.09153476203301142,0.5549591858624257,0.8318775763457708,0.9671876921085079,1.1228792548840885,1.6167616329357475,0.8093171656883019,0.7831813576494429,0.7429316630234067,783.2142857142857,180.78115501519756
120,64.0,28.384776310850235,0.7708970151510184,0.9411764705882353,11.318673693057185,7.209540178131696,1.0016396772299045,168.796875,1431.25,0.9982030347061556,1.5699577800245152,0.36304019590616965,9.0270333367641,0.7362397119341564,0.08546677215189874,0.538921839360572,0.8423557746345767,0.7915711831775895,0.9155891928029294,1.1267930916804696,1.0585918344227643,4.78125,0.8239529788070009,1431.25,168.796875
121,261.0,61.112698372208094,0.7911371958166133,0.9560439560439561,23.38164371615727,14.301118893846636,-0.8435488824372503,174.2528735632184,1564.0613026819924,0.8781879049101853,1.6349520544310505,0.3883612688887127,18.229523339239496,0.8045582832726298,0.088229303069984,0.6648159772999149,-0.7470071728750394,0.6995132181775312,0.877754262470779,1.0705712300679369,1.1329995244266569,0.8480204342273309,0.9099090481345263,1564.0613026819924,174.2528735632184
122,603.0,90.18376618407356,0.5843872215044067,0.9678972712680578,30.777824059869086,24.975432877209826,-1.434809105323209,179.07628524046436,911.665008291874,0.9316878675308785,1.2323239485452107,0.18852506179034745,27.70854462932514,0.4689634816316224,0.09067153683061487,0.13556848433266483,-0.9907679779119549,1.402968974615775,1.6506484613634211,1.726709262744105,0.627572170078087,0.6169154228855721,0.8343015958565226,911.665008291874,179.07628524046436
123,738.0,105.39696961966999,0.6531581386943952,0.9571984435797666,35.905072501245655,27.18809394273027,-0.7390345679145949,181.81842818428186,631.5487804878048,0.8348529333692732,1.3206174944399216,0.24277846976114492,30.653723819701746,0.32487077185586666,0.09205996363761107,0.7391191936650017,-0.6735746562601637,1.1759781077098457,1.3031213799895565,1.8846692748455522,0.6874791409090147,0.9317976513098464,0.8406968943120793,631.5487804878048,181.81842818428186
124,373.0,74.2842712474619,0.5537820096404085,0.9491094147582697,24.33985606190707,20.26686562155108,-0.6775364346901382,180.1313672922252,743.3806970509384,0.849424848781546,1.2009679501710868,0.16733831251904552,21.792621462004423,0.3823974779068613,0.09120575559100011,0.7791194302619479,-0.6268755166604433,0.9884245433649942,1.1467220196555725,1.7937317861661162,0.7635767090169718,1.6371760500446826,0.7572407021004272,743.3806970509384,180.1313672922252
125,653.0,103.1543289325507,0.7573252930615735,0.9236209335219236,36.398297479769084,23.769465008980085,0.4222301382591902,189.11026033690658,763.4134762633997,0.7711664534914608,1.531304868074138,0.346962175299775,28.834448541840736,0.39270240548528795,0.09575203055033245,0.9121773082485581,0.40979575195018175,0.9671876921085079,0.9884245433649942,1.5943376704088494,0.8450823475083208,0.8887187340479837,0.7706815595771048,763.4134762633997,189.11026033690658
126,560.0,88.08326112068524,0.6380067545272122,0.9621993127147767,30.67143465987324,23.617948337233457,-0.7782702696932786,183.95892857142857,873.6267857142857,0.9070080061656385,1.2986494094205479,0.2299692336161797,26.702324712498182,0.4493964947089947,0.09314376130198915,0.7121289576165144,-0.7020486790273283,1.1666616285224614,1.3262511320786587,1.631563917239863,0.727365005145427,0.625,0.8107723839529427,873.6267857142857,183.95892857142857
127,634.0,96.08326112068524,0.6682382318650731,0.9620637329286799,33.29389619252873,24.76890597566895,-0.7670931838963857,186.05993690851736,46.11356466876972,0.8629858050345298,1.3441811368347907,0.2560526460334437,28.41186145542198,0.023720969479819814,0.09420756299165436,0.7199311708635748,-0.6940454662477108,0.9539157526755846,1.0797364087077037,1.5327620481237423,0.8411810361238653,0.8606729758149316,0.5381087016874239,46.11356466876972,186.05993690851736
128,418.0,78.76955262170047,0.5990522524302387,0.9393258426966292,26.199417870277564,20.978134161142705,0.3844070179821978,186.38995215311004,837.4712918660288,0.8465826974463232,1.248891711199279,0.1992900657177672,23.06976657227589,0.4307979896430189,0.09437465931803041,0.9270209695308625,0.37500949594651556,0.8768930906483352,1.5429768909955193,1.5465653182948194,0.7563466370033527,0.8452950558213715,0.6703949194245399,837.4712918660288,186.38995215311004
129,111.0,39.72792206135785,0.5201745509499816,0.9024390243902439,13.225973527883838,11.29577458686973,-1.32267541599085,179.65765765765767,1549.4954954954956,0.8837738404834122,1.1708779620352714,0.14594002754842506,11.888212206450685,0.7970655841026212,0.09096590261147224,0.24558285067390176,-0.9693756049410776,0.5604376288095073,0.6995132181775312,1.402974369480586,1.1265806420127358,2.444444444444444,0.9080470696101174,1549.4954954954956,179.65765765765767
130,272.0,59.698484809834994,0.6384690929619625,0.9611307420494699,21.232740960306394,16.34172521304971,1.3867980008285785,182.3860294117647,1420.0955882352941,0.9590740734797739,1.299296168763807,0.2303525369805155,18.609705966725112,0.7305018458000484,0.09234735666418466,0.1829618596922176,0.9831200119507105,0.7915711831775895,0.806840357599107,1.3873388404387679,1.0047725418957276,0.6764705882352942,0.9155117668535029,1420.0955882352941,182.3860294117647
131,273.0,59.698484809834994,0.6023532444255695,0.9612676056338029,20.891152305935353,16.675937125097136,-0.5286296160527243,185.26739926739927,1580.14652014652,0.9626000811028612,1.2527723119376815,0.20177035326292847,18.643883600599406,0.8128325720918314,0.09380627811007558,0.8634990349184525,-0.5043504899322506,0.877754262470779,1.402974369480586,1.4430299989819417,0.8056376090219609,0.6947496947496947,0.9031824627602267,1580.14652014652,185.26739926739927
132,67.0,27.556349186104047,0.43509688895730414,0.9852941176470589,9.774712491443141,8.800991202360143,-1.2594116790159853,181.08955223880596,1455.0149253731342,1.1087695947497085,1.1106376846305537,0.09961636108841077,9.23618154310838,0.7484644677845341,0.0916909125259777,0.30637699014769804,-0.9519102583269272,0.5239369587058104,0.7027832006762907,1.2046777586580362,1.2338580936263173,2.6815920398009947,0.8182210681473525,1455.0149253731342,181.08955223880596
133,202.0,59.698484809834994,0.9099784190318903,0.9017857142857143,25.485182071161855,10.56757377888622,-1.1181754541216278,187.509900990099,1500.2079207920792,0.7122535398636556,2.4116398526670983,0.5853443875983088,16.03728119216293,0.7717118934115634,0.09494172202030329,0.4373239947312405,-0.8993040218037002,1.3112439594780902,1.4575524857951208,1.7585474176604383,0.6626401905456428,1.552805280528053,0.7864649093624143,1500.2079207920792,187.509900990099
134,607.0,94.08326112068522,0.7595841730311633,0.9650238473767886,34.64073839592698,22.530648466728266,0.4580326237796775,197.28830313014828,656.009884678748,0.861735193512552,1.537494069337688,0.34959098708538516,27.80029502818709,0.33745364438207204,0.09989281171146748,0.8969241757947558,0.4421843765612914,0.8259070182692171,1.012443378446734,1.3031213799895565,0.954966402132102,0.8824821526633717,0.8367224151137195,656.009884678748,197.28830313014828
135,217.0,64.8700576850888,0.9083058742272037,0.8645418326693227,26.949497134715884,11.273153395629901,1.3655931046935612,188.99539170506912,818.1705069124424,0.6480089879569223,2.3905908301720618,0.5816933674392011,16.622063085174787,0.42086960232121523,0.09569386921775652,0.20376612253043533,0.9790195949565624,0.8768930906483352,1.0119390511833788,1.3070316996059637,0.9387133334974724,2.316436251920123,0.7664415152780099,818.1705069124424,188.99539170506912
136,204.0,55.4558441227157,0.840396526846633,0.9532710280373832,22.105208162547022,11.980404467233143,-1.1205264046192176,189.86764705882354,1467.921568627451,0.833576362268628,1.845113679008551,0.4580279733564505,16.11647812414279,0.7551036875655612,0.09613551749813849,0.43520856890387455,-0.9003296627084112,0.7027832006762907,1.055800947452818,1.4575524857951208,0.9327961904216405,0.8823529411764706,0.8146356473602127,1467.921568627451,189.86764705882354
137,946.0,132.66904755831214,0.9248903336360133,0.9613821138211383,56.36420035842905,21.43158357956814,-1.472877479601179,194.42071881606765,104.52536997885835,0.675401122044557,2.629959664397549,0.6197660315717913,34.70568554746418,0.05376819443356911,0.09844087028661654,0.09776244623178584,-0.9952097789445083,1.7456237777531771,2.493875267939413,2.6567751731293714,0.4350175043521496,0.5486257928118393,0.6761792399267167,104.52536997885835,194.42071881606765
138,759.0,120.66904755831213,0.91632421747553,0.9511278195488722,49.42833173622575,19.79294136161003,-1.440133629855731,194.68379446640316,206.38339920948616,0.6550280080669322,2.497270659938189,0.5995628283140316,31.086794856562303,0.10616430000487971,0.0985740731475459,0.13029121913802358,-0.9914757678408119,2.4947680540706902,2.808142399008172,2.9431924686974784,0.3638082168581219,0.5164690382081687,0.7748960349878908,206.38339920948616,194.68379446640316
139,298.0,71.01219330881976,0.8983045665305069,0.9490445859872612,29.536338291233204,12.97747872736013,-0.8634339995719787,195.04026845637583,1044.1778523489934,0.7426091137135423,2.2759689236833345,0.56062668976093,19.47884453275087,0.5371285248708814,0.09875456630702574,0.6498311953595299,-0.7600785601091538,1.622590162223924,1.6410302291112127,1.7475412932662415,0.5986635811848966,1.517897091722595,0.8542724818601242,1044.1778523489934,195.04026845637583
140,280.0,63.11269837220809,0.6168925142816819,0.9523809523809523,21.76398673094313,17.129289391119496,1.0482797102553065,192.04642857142858,1548.2892857142858,0.8833532228173056,1.2705714892193045,0.21295258985037957,18.881394877652593,0.7964451058201059,0.09723869801084992,0.4990625301801106,0.866565976120818,0.5604376288095073,1.0647363884276224,1.0705712300679369,1.1128648016718554,0.6142857142857143,0.9230824019074643,1548.2892857142858,192.04642857142858
141,309.0,84.84062043356595,0.956670343320228,0.8753541076487252,37.37956193727433,10.883928064024136,-1.19094465750205,193.9967637540453,65.75728155339806,0.5394617685237192,3.4343815686203563,0.7088267625423708,19.83509564693766,0.033825762115945505,0.09822620949571914,0.3707827158508886,-0.9287196442555952,0.9539157526755846,1.3561219559950954,1.7456237777531771,0.7397067063023786,2.3667745415318233,0.721492357766996,65.75728155339806,193.9967637540453
142,456.0,81.11269837220809,0.6960803114260067,0.9640591966173362,28.61366141091217,20.543576703894384,0.8010480210599955,198.95833333333334,678.4342105263158,0.8709575898118719,1.3928276377252244,0.2820360732981959,24.095585330081406,0.348988791423002,0.10073839662447258,0.6959545225807855,0.7180858601165677,1.012443378446734,1.7572526593326723,1.8018296747783387,0.6562360552318792,1.493421052631579,0.7810896028219898,678.4342105263158,198.95833333333334
143,262.0,59.11269837220809,0.6292582739334733,0.9597069597069597,20.75886408025743,16.133711500027623,1.124418457341354,196.62977099236642,1430.969465648855,0.9422140726478216,1.2866762914548142,0.22280374120415025,18.26441241104166,0.7360954041403576,0.09955937771765389,0.4317011509543805,0.9020166940055284,0.806840357599107,1.2532299076653146,1.289060007575676,0.8957549440010193,0.5127226463104326,1.0220155676452125,1430.969465648855,196.62977099236642
144,195.0,56.526911934581186,0.897006535645767,0.9241706161137441,23.955484082003963,10.58873789306629,0.47833036570706006,199.66153846153847,1912.6,0.7668915529447278,2.262354996782995,0.5579827209160491,15.756957549709801,0.9838477366255144,0.10109444985394353,0.887764688440189,0.46029757544298905,1.5377974570979758,1.7261761647216476,2.9379013326526624,0.4837246835872828,1.8256410256410256,0.635328906262445,1912.6,199.66153846153847
145,546.0,95.01219330881975,0.8057900586290806,0.9495652173913044,35.266316505665415,20.884758531272254,-0.10410496218353145,210.3919413919414,1077.2344322344322,0.7600528981821145,1.688614998964849,0.4077986985707116,26.366433043273013,0.5541329383921977,0.10652756526174248,0.9945859707751757,-0.10391701851574334,1.6410302291112127,1.6493404506360754,2.2418988729771097,0.542272926401902,0.7484737484737485,0.8521631001349154,1077.2344322344322,210.3919413919414
146,450.0,95.01219330881976,0.9440508429730889,0.9336099585062241,41.84852314990528,13.801640770199004,1.2792491014223843,199.80666666666667,450.23333333333335,0.6264172237764679,3.032141166886919,0.6702000517255949,23.936536824085962,0.23160150891632375,0.10116793248945148,0.2874345014791855,0.9578002961783902,2.3619954589060965,2.450436103937872,2.580571788345854,0.4057890761698604,1.074814814814815,0.84218651213207,450.23333333333335,199.80666666666667
147,548.0,90.42640687119285,0.7809420503491395,0.9547038327526133,33.51181217226373,20.931594685473797,-1.3637710853858644,201.44160583941607,540.3795620437957,0.8421702075956842,1.6010157217271368,0.3753965145818653,26.414679072721462,0.2779730257426932,0.1019957497921094,0.2055495759214579,-0.9786467043006423,1.0925267521043445,1.5264396680368404,1.6613930912124146,0.7008757072957396,1.1776155717761558,0.7485086262632855,540.3795620437957,201.44160583941607
148,413.0,80.32590180780451,0.7014834313628473,0.9494252873563218,27.650283638400243,19.705963467567354,0.5491248493724965,206.48426150121065,640.138014527845,0.8043567221600133,1.4031429462410139,0.28731423788361987,22.93137440223813,0.3292891021233771,0.10454899316516995,0.8529816255881081,0.5219409414953656,0.8259070182692171,1.1759781077098457,1.453175471923953,0.8682915726053528,1.5819209039548023,0.8839836549920174,640.138014527845,206.48426150121065
149,799.0,113.49747468305834,0.7176028780402688,0.94,39.02466956128601,27.178829368862814,1.1810601398323362,214.12891113892366,505.72966207759697,0.7794427936969996,1.435848065111821,0.30354748228732553,31.895429080722444,0.2601490031263359,0.10841970184249299,0.37994439882750836,0.9250093263311474,1.3795758588285334,1.6613930912124146,2.4617705834579904,0.5451829914421623,0.5360867751355861,0.8181471233682984,505.72966207759697,214.12891113892366
150,429.0,86.52691193458118,0.8860478168443887,0.9225806451612903,35.13498133306824,16.288361588258507,-1.437950749203335,208.03263403263404,864.0419580419581,0.7200534695508278,2.1570604963973388,0.536406140824436,23.371344948277684,0.4444660277993612,0.10533297925702989,0.13245518027356312,-0.9911889957110591,1.1666616285224614,1.2540849207134697,1.5429768909955193,0.7568641064990205,1.28982128982129,0.8147413189306189,864.0419580419581,208.03263403263404
151,710.0,106.81118318204308,0.38105412418764717,0.9268929503916449,32.29199129581659,29.855648777601616,0.46785975279184716,220.3281690140845,780.1267605633802,0.7820504331724286,1.081604072192957,0.07544726789674927,30.066594033278285,0.4012997739523561,0.11155856658940987,0.8925355340792493,0.4509770730379418,1.349796160753712,1.5943376704088494,1.786008609157592,0.6342303720978324,0.9436619718309859,0.7255265711859011,780.1267605633802,220.3281690140845
152,682.0,111.39696961967,0.9057406182833327,0.89501312335958,46.362882136602295,19.650093198600313,-1.1849745309878812,219.90029325513197,889.2404692082112,0.690633253179895,2.359423014843754,0.576167565668074,29.467768315727287,0.45742822490134316,0.11134192063550986,0.3763206489110777,-0.9264894868281806,1.2540849207134697,1.7643507871373176,2.097133494263186,0.5864450037662028,0.7781036168132942,0.852916447749115,889.2404692082112,219.90029325513197
153,487.0,95.01219330881976,0.9217403115887186,0.9188679245283019,40.77658080684729,15.813471270713848,-1.2580760523892809,215.30390143737165,1491.511293634497,0.6779226399536441,2.578597710065373,0.6121923182912282,24.901157769991823,0.7672383197708318,0.10901463363917552,0.30764811318426166,-0.9515002041272318,0.9636898933769579,1.2901804489140059,1.3112439594780902,0.8414877465531365,0.3538672142368241,0.8596816382160853,1491.511293634497,215.30390143737165
154,814.0,127.36753236814712,0.7294543488836821,0.848800834202294,42.70688691240213,29.212770377141165,1.2819618547967855,223.982800982801,565.7027027027027,0.630546035228787,1.461925259434485,0.3159705029059906,32.19343084255579,0.2909993326659993,0.1134090131558486,0.28483517106148665,0.9585765098970315,1.410381492223449,1.5264396680368404,2.642725755026617,0.5376780669736042,0.6908271908271909,0.7396587522949307,565.7027027027027,223.982800982801
155,688.0,103.15432893255071,0.7181665060603115,0.9529085872576177,36.2092353577589,25.196967769113567,1.338717957986434,222.03052325581396,722.3546511627907,0.8125000306311252,1.4370473340107284,0.3041286975502405,29.597108081327676,0.37158161068044787,0.1124205181042096,0.23000066755592122,0.9731904710403975,1.9161846050861255,2.110707072007641,2.1417248655287557,0.48633270997982664,0.9956395348837209,0.7812515678013279,722.3546511627907,222.03052325581396
156,144.0,42.384776310850235,0.40228888965675635,0.9473684210526315,14.147180429440729,12.951924475738899,-0.9669805757551138,213.125,1537.5694444444443,1.0072854603287953,1.0922840428803258,0.08448722059234248,13.540550005146152,0.7909307841792409,0.1079113924050633,0.5677876304037882,-0.8231750766152066,1.0647363884276224,1.3344983896333444,1.5996703735612512,0.7502053402749509,1.4837962962962963,0.8716742630552297,1537.5694444444443,213.125
157,225.0,58.62741699796952,0.8518282377832863,0.9375,23.45400892739957,12.285707185015045,1.3754777310192137,213.93333333333334,399.7111111111111,0.822604083647955,1.9090483416377182,0.47617879642475236,16.925687506432688,0.20561271147690902,0.10832067510548524,0.1940790827664282,0.9809858865613419,1.1033906231220911,1.5381722701050846,2.2020479437997387,0.6193726335457306,2.745185185185185,0.8273455245222198,399.7111111111111,213.93333333333334
158,414.0,89.94112549695429,0.9270012033771906,0.9324324324324325,37.94681347321395,14.232269402430054,1.5482559416163804,217.59903381642513,823.1231884057971,0.6431223007658696,2.666251769147569,0.6249416459572716,22.959119571977435,0.4234172779865212,0.11017672598300007,0.022538476548645065,0.9997459762734062,1.1721741828223189,1.3070316996059637,1.3320660209426365,0.7871388019696571,1.1650563607085345,0.7636343006357565,823.1231884057971,217.59903381642513
159,277.0,62.2842712474619,0.6810670825886697,0.9518900343642611,22.266225842911577,16.303798702920236,-1.3704508138963094,222.42238267148014,376.72202166064983,0.8972900632424353,1.3657078481301042,0.2677789752990165,18.77997214831907,0.1937870481793466,0.11261892793492666,0.19900794457395302,-0.9799978765265006,1.1033906231220911,1.893760689925875,2.1998774003632198,0.5772529199729749,2.628158844765343,0.789223523736775,376.72202166064983,222.42238267148014
160,1023.0,137.78174593052023,0.8154175109213905,0.9037102473498233,48.787204551393685,28.241609482458152,-0.10406490502598614,238.6930596285435,683.1935483870968,0.6771768927934041,1.7274937740958822,0.42112671258490086,36.09049811604256,0.3514370104871897,0.12085724538154101,0.9945901325976126,-0.10387717814545892,1.4802351717291935,1.8018296747783387,1.9161846050861255,0.577117359975919,0.5731508634734441,0.879606819512408,683.1935483870968,238.6930596285435
161,480.0,83.9411254969543,0.7285656994394424,0.9561752988047809,30.2332523813822,20.709050098910943,-0.24000447232546956,229.28125,1025.9020833333334,0.8560547184494136,1.459905318543419,0.3150240722475599,24.721548929484133,0.527727409122085,0.11609177215189874,0.9713369117588051,-0.23770697056432183,0.9498559521930966,1.3796996759958464,1.7475412932662415,0.7358176805199053,0.8534722222222223,0.8521058552398272,1025.9020833333334,229.28125
162,323.0,69.69848480983498,0.8186367639010412,0.9528023598820059,26.932113051895257,15.467425756410034,1.2104975982994552,224.9566563467492,534.3931888544892,0.8355370498640697,1.741214955613025,0.4256883696200895,20.279456919490165,0.2748936156658895,0.11390210447936669,0.3525537966027078,0.9357915475686968,1.0925267521043445,1.3795758588285334,1.410381492223449,0.7727011676779572,2.2301341589267287,0.7507196788404903,534.3931888544892,224.9566563467492
163,250.0,60.87005768508881,0.8481839102899184,0.9578544061302682,24.57757866809292,13.01878899182654,1.3451499021402533,225.188,1510.496,0.847895725864971,1.8878544451041661,0.47029814581662677,17.841241161527712,0.7770041152263375,0.11401924050632911,0.223736446417721,0.9746496819598159,0.9636898933769579,1.3344983896333444,1.7585474176604383,0.7395108336744689,1.1106666666666667,0.7991538800486984,1510.496,225.188
164,315.0,76.42640687119285,0.9058490398226511,0.9292035398230089,31.04420844984716,13.150347111580015,0.4892282233631387,232.43174603174603,1922.2253968253967,0.6776938332147093,2.3607139938161827,0.5763993424788141,20.026743534373637,0.9887990724410477,0.11768696001607394,0.8826958138632603,0.4699447841909477,1.4139525254782945,1.5377974570979758,3.2519816965688606,0.48357990886114494,1.0031746031746032,0.6650614795057844,1922.2253968253967,232.43174603174603
165,331.0,66.2842712474619,0.700749380452151,0.9792899408284024,24.341608799705927,17.365487043039614,-0.01206697882039603,230.97280966767372,1046.930513595166,0.9467098289488441,1.4017233573337906,0.2865924686436745,20.529059630371258,0.5385445028781719,0.11694825805958163,0.9999271948945218,-0.012066685973086019,0.9498559521930966,1.2183333075992604,1.4704231796748473,0.8244901181174669,1.688821752265861,0.8634078997496227,1046.930513595166,230.97280966767372
166,531.0,85.25483399593904,0.5075742846134942,0.9619565217391305,28.151318333813528,24.25540108590016,-0.8179065431699692,237.10734463276836,845.3653483992467,0.918050050661445,1.160620607101735,0.1383920000376624,26.001734523957655,0.4348587183123697,0.1200543517127941,0.6837503334629439,-0.729716027978907,1.318279851730012,1.3320660209426365,1.5558959938237555,0.7132257476431936,0.9303201506591338,0.7306825842689176,845.3653483992467,237.10734463276836
167,615.0,89.94112549695427,0.4979446752753281,0.9777424483306836,30.112627967148477,26.113935922004806,-1.535158466299307,237.0991869918699,650.3560975609756,0.955362838094227,1.1531248317789655,0.13279120140248346,27.982893345973448,0.33454531767539897,0.12005022126170628,0.035630317288324734,-0.9993650386570131,1.453175471923953,1.4802351717291935,1.5936267596632099,0.6626850482397827,1.2205962059620596,0.6742675381261519,650.3560975609756,237.0991869918699
168,699.0,110.08326112068524,0.872090010431948,0.9395161290322581,43.55060455798527,21.311292155122725,1.505083214379897,236.58798283261802,805.31330472103,0.7248438632889027,2.043545939916963,0.5106545047670258,29.83277462405867,0.414255815185715,0.11979138371271798,0.06566582875424812,0.9978416702734045,0.9722821432532773,1.1721741828223189,1.349796160753712,0.8585527266011067,0.8798283261802575,0.712968635763552,805.31330472103,236.58798283261802
169,816.0,137.63961030678928,0.9155136972287172,0.8176352705410822,55.13373491349194,22.179573840582542,0.19896215308994075,251.0049019607843,617.8075980392157,0.5412689994250384,2.4857887401160212,0.597713199089748,32.23295624828558,0.3178022623658517,0.1270910896003971,0.9802722383276644,0.19765206491223586,1.5936267596632099,1.936452653605783,2.2425414311253298,0.5196946206701312,0.6176470588235294,0.8703284756234955,617.8075980392157,251.0049019607843
170,65.0,28.313708498984763,0.7351031875374109,0.8904109589041096,11.160716934847889,7.566466497096173,-1.2241115277015837,231.46153846153845,1467.8461538461538,1.0188956489196295,1.4750236374047387,0.3220447627812453,9.09728368293446,0.7550648939537828,0.11719571567672833,0.33978171957334985,-0.94050432377729,0.950054129901005,1.2901804489140059,1.8625662942598114,0.7312077999417179,6.374358974358974,0.7452351318033781,1467.8461538461538,231.46153846153845
171,365.0,71.59797974644667,0.4929721855082651,0.9530026109660574,23.38042506734717,20.34202357085166,-0.3014202866590626,241.33424657534246,1564.4191780821918,0.8947489391977641,1.1493657445589274,0.12995492972191114,21.557653718072718,0.804742375556683,0.1221945552280215,0.9549158023007125,-0.2968767598118561,1.4327970864254556,1.5408140314912293,1.7534597962267415,0.6346424782890353,0.7333333333333334,0.8872499474279838,1564.4191780821918,241.33424657534246
172,626.0,102.01219330881976,0.8726847383823547,0.9615975422427036,40.540963412586436,19.795507213734254,-1.4239040499021829,240.29712460063897,311.76198083067095,0.755927294520448,2.0479881103758153,0.5117159152762389,28.2320377409108,0.16037138931618877,0.12166943017753871,0.14636458906118083,-0.9892307147824271,1.355475944002021,1.3869380294080071,2.5687141114472256,0.5648517512792446,0.9547390841320553,0.813217011108648,311.76198083067095,240.29712460063897
173,508.0,99.01219330881976,0.9349909153280237,0.9548872180451128,43.072900740484314,15.276737318791206,-1.3366807797296871,243.21259842519686,54.70472440944882,0.6511727441187747,2.819509155760788,0.6453283373963118,25.43237481489809,0.028140290334078614,0.12314561945579587,0.2319827513897204,-0.9727198995896276,1.1978588301731328,1.845980327804408,2.2711161872001084,0.5644450056804243,0.6128608923884514,0.7585458737624636,54.70472440944882,243.21259842519686
174,810.0,107.25483399593904,0.7050003695098291,0.9712230215827338,38.240596117784094,27.120496028323835,-0.08111872728232189,253.93456790123457,339.38271604938274,0.884832636289401,1.4100256897162484,0.2907930633510383,32.11423409074988,0.17457958644515573,0.12857446476011877,0.9967116797989787,-0.08102979299182582,1.2202653971722117,1.3235870952536262,1.3869380294080071,0.7632052594347867,0.5296296296296297,0.828011836693929,339.38271604938274,253.93456790123457
175,798.0,122.46803743153546,0.8733710525151228,0.910958904109589,47.56230581039138,23.165479930131344,1.125897399642803,253.19799498746866,139.31453634085213,0.6686013341182075,2.053154346633116,0.5129445569253674,31.875463238965796,0.07166385614241365,0.1282015164493512,0.4303666486718432,0.9026541683895146,1.4884079975309783,2.493523979347889,2.9199121769423884,0.43466643597552523,1.131996658312448,0.6541018525664678,139.31453634085213,253.19799498746866
176,659.0,100.66904755831214,0.613558915017109,0.9387464387464387,33.69374370779035,26.606229203178454,-1.2538734243554899,253.5660091047041,757.9666160849772,0.8171529618290334,1.2663855313914683,0.2103510540733764,28.96661630188228,0.3899005226774574,0.1283878527112426,0.3116441859959393,-0.9501988746230593,1.1499196614647391,1.7986351042457718,1.8163096118558442,0.6296086860571347,0.7481031866464339,0.8218286474617923,757.9666160849772,253.5660091047041
177,600.0,93.25483399593902,0.6606833925253169,0.9538950715421304,32.03117984694727,24.044675221375073,0.07247892488520695,256.8983333333333,1039.18,0.8669986230570949,1.332152734526121,0.2493353246347355,27.63953195770684,0.5345576131687243,0.13007510548523205,0.9973745523579595,0.0724154839019946,1.130464870929843,1.1410453889256635,1.2183333075992604,0.8596373854625173,0.7155555555555555,0.8726221548934564,1039.18,256.8983333333333
178,288.0,61.698484809834994,0.4398754847171928,0.9568106312292359,20.305484521796924,18.235518494268778,1.2270178190359866,251.56597222222223,1474.2534722222222,0.9507215851820835,1.1135128693038652,0.10194122801187733,19.149229459268767,0.7583608396204846,0.12737517580872013,0.3370469088679959,0.941487855058433,0.950054129901005,0.9963471428075596,1.3027085147803543,0.9233298337753482,0.8587962962962963,0.8830744705409362,1474.2534722222222,251.56597222222223
179,721.0,112.66904755831213,0.8659867635054501,0.90125,44.21312906286379,22.109523316249728,-1.2927644742108115,258.14285714285717,806.6199722607489,0.7137331733523575,1.9997323520027537,0.4999330790450587,30.29860907292697,0.4149279692699326,0.13070524412296566,0.2744636157617694,-0.9615974852416035,0.9722821432532773,1.8026032521950484,1.9709060612153233,0.632139028314792,0.7364771151178918,0.776083304929859,806.6199722607489,258.14285714285717
180,597.0,93.01219330881976,0.6836043360766465,0.9644588045234249,32.550688814377104,23.75721141835566,0.7570134600291734,258.5209380234506,1064.4706867671691,0.8671703577423595,1.3701392912312635,0.2701471986097421,27.570346537664197,0.5475672257032763,0.13089667748022815,0.7268902665585193,0.6867536242223151,1.1410453889256635,1.4585864022908923,1.4704231796748473,0.7370907816861635,0.9503070910106086,0.8594337225082661,1064.4706867671691,258.5209380234506
181,312.0,79.59797974644667,0.8791990665314735,0.9230769230769231,30.077657780118386,14.330638897353145,0.31145010012042734,260.2916666666667,1936.7179487179487,0.6188143378518393,2.0988357878219723,0.5235453836825741,19.931149940667517,0.9962540888466814,0.13179324894514768,0.9518902031965537,0.3064392942467133,1.4139525254782945,2.9379013326526624,4.331360554120594,0.3454941750335176,0.7681623931623931,0.7612800083698907,1936.7179487179487,260.2916666666667
182,639.0,98.42640687119284,0.7002461890442195,0.9551569506726457,34.704993497817355,24.775945044627445,-0.13131890606573624,266.018779342723,849.9906103286385,0.8288719824900556,1.4007535710668273,0.2860985539102424,28.523675588636344,0.4372379682760486,0.13469305283175848,0.9913900560899479,-0.13094180648658357,1.318279851730012,1.689606653721214,1.7540292638451729,0.6299985437254527,0.7574334898278561,0.8190808254220315,849.9906103286385,266.018779342723
183,378.0,73.59797974644665,0.4909561475958828,0.9642857142857143,24.06992988896234,20.96934469770951,-0.712578631038097,262.55820105820106,1537.5740740740741,0.8769399947986498,1.1478627604224327,0.12881571344645482,21.938198374294355,0.7909331656759641,0.13294086129529167,0.7566785177587814,-0.6537871371955658,1.128910859359587,1.3292301342580426,1.5408140314912293,0.7501959839916765,0.9532627865961198,0.8815439566589998,1537.5740740740741,262.55820105820106
184,498.0,84.18376618407358,0.7837451459419578,0.9669902912621359,31.968303967372172,19.85495606372924,-1.3488297254745683,261.1265060240964,441.04618473895584,0.8830443262828367,1.6100919017278223,0.3789174400996119,25.180812005932435,0.22687560943361926,0.132215952417264,0.22014840105247435,-0.9754663917911467,2.144225708311711,2.7917191033625377,2.798772531850395,0.38786162011615616,0.925033467202142,0.7679483845690735,441.04618473895584,261.1265060240964
185,414.0,81.84062043356593,0.8715827890962599,0.9282511210762332,33.35014251952734,16.34985224292127,0.5005995057409368,265.9927536231884,488.42028985507244,0.7767341126451417,2.0397825022526677,0.5097516529847503,22.959119571977435,0.2512450050694817,0.13467987525224728,0.8772949858401328,0.4799515682022107,1.431199307199507,2.0702151838518184,2.144225708311711,0.5313834913423056,1.0080515297906603,0.8539567857316174,488.42028985507244,265.9927536231884
186,1121.0,132.46803743153546,0.768085097239334,0.9483925549915397,47.80678317458326,30.612967625889386,1.3399688498136193,269.7395182872435,110.69313113291703,0.8027739522216657,1.5616513811667532,0.3596522168392844,37.77964438223469,0.05694091107660341,0.13657697128468027,0.22878313192238378,0.9734774155304196,1.4884079975309783,1.8876192900960922,2.2941419756033863,0.52908473463997,0.5495093666369313,0.6873516432262813,110.69313113291703,269.7395182872435
187,901.0,126.95331880577405,0.9089558161611372,0.9615795090715048,52.684799230209336,21.96389562279255,-1.010027564160672,268.7746947835738,202.26748057713652,0.7025003382477298,2.3987001274736,0.5831075387263029,33.87017611123954,0.10404705791004966,0.13608845305497408,0.5318373789632819,-0.8468465045906882,1.1941065738339212,1.4446578194103437,1.9022752827977265,0.6606416622668282,0.6133925268220495,0.772944727660557,202.26748057713652,268.7746947835738
188,391.0,89.25483399593902,0.8992087715197723,0.8593406593406593,35.73262945127337,15.633733292401992,-1.0759496540423379,267.6675191815857,1398.3452685421994,0.6167698395027974,2.285610786813119,0.5624801887663806,22.312253628700276,0.7193134097439298,0.1355278578134611,0.47489672250754816,-0.8800415347877558,2.2046521496580835,3.098115357372277,3.4937833896453245,0.34104276042258036,0.8456947996589941,0.8187163489433996,1398.3452685421994,267.6675191815857
189,263.0,64.2842712474619,0.8405638404167304,0.9494584837545126,25.05218279501126,13.571080515173529,-0.9420768351395257,265.31178707224336,20.171102661596958,0.799753524433043,1.845997654129379,0.4582875022819971,18.29923496393627,0.010376081616047817,0.13433508206189537,0.5881095892472075,-0.808781250422808,0.729140630459866,1.845980327804408,2.1970708457399377,0.6286419580794689,1.4081115335868186,0.8534281944264821,20.171102661596958,265.31178707224336
190,362.0,69.698484809835,0.6220359554469086,0.9653333333333334,24.390666985733088,19.097616102670106,1.4578842650436001,265.67127071823205,68.96685082872928,0.9364223283306288,1.2771576753144043,0.21701132183712168,21.468877828012552,0.03547677511765909,0.13451709909783902,0.11267229281625966,0.9936322027951424,1.1978588301731328,1.8876192900960922,2.1970708457399377,0.567907655812309,1.7421731123388582,0.7512334069244945,68.96685082872928,265.67127071823205
191,441.0,87.01219330881976,0.8053841017123416,0.9036885245901639,32.0851584626309,19.018582857372245,-1.3142281740956725,266.9138321995465,1490.1950113378684,0.7319614713294714,1.68704254692634,0.4072467218909671,23.695962509005764,0.7665612198240064,0.13514624415166912,0.2537625416728843,-0.9672665467407201,0.5855052834641208,0.9963471428075596,1.0133531825114872,1.1559777729544254,0.563869992441421,0.9291401220700778,1490.1950113378684,266.9138321995465
192,274.0,60.04163056034261,0.5244962965101568,0.9681978798586572,20.312341792602393,17.294186356158324,-1.4178775288675598,265.0036496350365,1512.6204379562043,0.9551145717900424,1.174518498545572,0.14858727109166991,18.677998695187732,0.7780969331050434,0.13417906310634758,0.15232351478886946,-0.9883306869880977,1.0133531825114872,1.128910859359587,1.3276517987883998,0.8645742829975485,1.2201946472019465,0.8301618917887429,1512.6204379562043,265.0036496350365
193,468.0,98.42640687119285,0.9456015525517608,0.9304174950298211,43.05104771239427,14.00567130116145,-1.2692538580604333,267.37179487179486,1447.309829059829,0.6070611702744069,3.073829649909331,0.6746729279452761,24.410573670769317,0.7445009408743977,0.1353781239857189,0.2969934311901674,-0.9548795221544398,1.0052931178119975,1.4064591634807186,1.8625662942598114,0.7018662617145236,0.41951566951566954,0.955994508491807,1447.309829059829,267.37179487179486
194,980.0,137.0243866176395,0.8083823470249186,0.8687943262411347,47.34806809528219,27.871808614612764,-0.815638863861329,279.5775510204082,226.48877551020408,0.6559038897119085,1.698779894407653,0.41134222079506677,35.32385530828224,0.11650657176450827,0.14155825368121933,0.6854033359348836,-0.7281636265904341,1.1941065738339212,1.2526810881333366,1.6652900193800098,0.729558202075864,0.5370748299319729,0.7884768771724975,226.48877551020408,279.5775510204082
195,413.0,80.66904755831214,0.511251593978829,0.9198218262806236,25.56116016584651,21.96805587974439,0.395185212790276,269.85956416464893,317.45278450363196,0.7975282158705413,1.1635604127088521,0.1405689046502293,22.93137440223813,0.16329875746071604,0.13663775400741718,0.9229252771340201,0.38497913297618125,1.2202653971722117,1.3113782776430316,1.355475944002021,0.7717796965848999,1.6190476190476188,0.7993500373252834,317.45278450363196,269.85956416464893
196,281.0,67.39087296526012,0.860657570357797,0.9273927392739274,26.640522552476266,13.564933086454074,0.3903513279455745,272.0925266903915,1572.5800711743773,0.7775243871565064,1.9639258360278578,0.49081580289072824,18.91508160359296,0.8089403658304409,0.137768367944502,0.9247754319638695,0.38051333805273985,0.6436532196194712,1.0154323324583596,1.4327970864254556,0.9702826241335717,1.0474495848161327,0.8004679946841149,1572.5800711743773,272.0925266903915
197,248.0,57.8700576850888,0.6381869374033184,0.9538461538461539,20.3093545324742,15.635795129700105,-1.1986999982896245,271.0403225806452,363.2903225806452,0.9305799996907975,1.2989012943701657,0.23011855917435375,17.769732893161912,0.18687773795300677,0.13723560636994692,0.3635691003482197,-0.9315672328243336,0.8976890027510113,1.3235870952536262,1.5001786113780275,0.8061363725417087,2.551075268817204,0.8476055449136712,363.2903225806452,271.0403225806452
198,612.0,97.59797974644665,0.48430519215654055,0.9459041731066461,31.073253664235164,27.185962475917155,-1.3954014106997177,278.6111111111111,762.968954248366,0.8073830546875883,1.1429889117135945,0.1251008739001871,27.914558950087667,0.3924737418973076,0.14106891701828408,0.17449700836620988,-0.9846577040125379,1.1495481421300668,1.1499196614647391,1.268134696141716,0.8409008571503017,0.49673202614379086,0.9045180973435635,762.968954248366,278.6111111111111
199,316.0,72.52691193458118,0.8896348613474132,0.9266862170087976,30.040709110306363,13.718767086908878,-1.2871199901078219,272.82278481012656,1320.743670886076,0.7549159023102544,2.1897528342013097,0.5433274548701567,20.0585068271871,0.6793948924311091,0.1381381188912033,0.27988693643800705,-0.9600329696480986,1.0817996822142664,1.5465166959374157,1.8657759723697622,0.667543024489008,0.8660337552742616,0.7839953064018997,1320.743670886076,272.82278481012656
200,518.0,85.01219330881975,0.5740436160119493,0.9522058823529411,28.442099696028034,23.289094403747374,-1.0941042975091084,279.0810810810811,381.53474903474904,0.9006938172856112,1.2212625876707128,0.18117527704891223,25.68147355921802,0.1962627309849532,0.14130687649674992,0.4588425011181984,-0.888517618940444,0.8976890027510113,2.082509603836912,2.2099446930928446,0.5780187225629246,1.0476190476190474,0.8575676057154,381.53474903474904,279.0810810810811
201,409.0,77.49747468305833,0.7523465582430877,0.964622641509434,28.36197241717969,18.683946466058817,0.35985046979517826,282.2249388753056,672.9462102689487,0.855771995108538,1.5179861743182543,0.34123247173241744,22.820056393372074,0.3461657460231217,0.14289870322800285,0.9359494888530031,0.3521342844935754,0.7855144529609989,1.4605976131945073,1.6654846672338683,0.7669502263339192,1.2257538712306437,0.8508616008355275,672.9462102689487,282.2249388753056
202,360.0,75.01219330881975,0.8183141856023649,0.9574468085106383,28.487123649135054,16.373577285140556,-1.2142270759802272,279.18333333333334,1027.6138888888888,0.8039862779891657,1.7398228348662608,0.4252288336720965,21.409489393833255,0.5286079675354366,0.14135864978902954,0.3490613391694239,-0.9370998780798386,0.8650897231245424,1.130464870929843,1.293199985538776,0.912199413910392,1.1759259259259258,0.8620488041389517,1027.6138888888888,279.18333333333334
203,417.0,76.59797974644665,0.4277634152278195,0.9434389140271493,24.29952311547747,21.964113805957815,1.1685201078266516,281.1223021582734,270.1870503597122,0.8931230301284964,1.1063284105223572,0.09610926512513018,23.04215463350949,0.1389851082097285,0.14234040615608778,0.391513868182267,0.9201722072639221,1.0678637228215868,1.0874698788859036,1.9687282598575406,0.7274381667159417,1.5843325339728216,0.8357577500298676,270.1870503597122,281.1223021582734
204,814.0,120.32590180780451,0.8060392173447617,0.88,44.61310718903024,26.404808615690865,0.45802666152225313,292.5884520884521,658.9115479115479,0.7065062666642744,1.6895826755782364,0.40813787069770713,32.19343084255579,0.33894626950182505,0.14814605169035547,0.8969268121958958,0.44217902886060567,0.7855144529609989,1.1193190660479782,1.421640066618392,0.9018559512878871,0.4156429156429156,0.8760205683676624,658.9115479115479,292.5884520884521
205,771.0,112.5685424949238,0.823316196152606,0.9189511323003575,42.4387742167949,24.087526011057545,-1.359065250534881,281.3994811932555,1087.4059662775617,0.7645927155188592,1.7618569128815091,0.4324170182671052,31.331576548121713,0.5593652089905152,0.1424807499712686,0.21015263276057172,-0.9776685895249987,1.2762340455601233,1.388021837253434,1.4585864022908923,0.727653349932593,0.6217034154777346,0.9161890469679816,1087.4059662775617,281.3994811932555
206,241.0,55.79898987322333,0.45382668000277454,0.964,18.602656640669807,16.576640851015576,-0.8562925771399778,281.46058091286307,18.95850622406639,0.9726895108300426,1.1222211307986507,0.10891002445451159,17.517155313611116,0.009752318016495056,0.14251168653815852,0.6552426207033856,-0.7554184985911844,0.729140630459866,2.357116601886491,2.3611710358506515,0.5507185872486836,1.5670816044260027,0.7957828656274821,18.95850622406639,281.46058091286307
207,568.0,87.84062043356593,0.6010797854428434,0.9692832764505119,30.15104492548872,24.0963840807508,-1.4008772701993593,284.9964788732394,709.8327464788732,0.925054692464105,1.2512684402957637,0.2008109788466902,26.89237924411993,0.36514030168666317,0.14430201461936173,0.16910257192643555,-0.98559845787616,1.1305457707549758,1.1958572569058146,1.6654846672338683,0.7515241482962527,0.6836854460093896,0.8939517471258526,709.8327464788732,284.9964788732394
208,236.0,57.45584412271571,0.7827122811860004,0.959349593495935,22.00002739290579,13.692458711443967,-1.4909586443936094,279.34322033898303,1466.156779661017,0.8983662913737083,1.6067258522765142,0.3776162880661099,17.334489682638438,0.7541958743112227,0.14143960523492813,0.07975289445776702,-0.9968146647324206,0.9360400939310434,1.0052931178119975,1.2184356625984385,0.9494365313745371,1.5437853107344632,0.7402022836139953,1466.156779661017,279.34322033898303
209,442.0,83.59797974644667,0.8027025079208264,0.9505376344086022,31.322210322368264,18.67992874638957,0.7225757934073785,286.32579185520365,1555.0859728506787,0.7947683589891928,1.6767842504978598,0.4036203526463905,23.722813466638858,0.7999413440589911,0.1449750844836474,0.7501047983222661,0.6613189786584932,0.736073959896192,1.0154323324583596,1.3292301342580426,0.9737931405247259,0.5542986425339367,0.7887836892735146,1555.0859728506787,286.32579185520365
210,184.0,51.21320343559643,0.8043440547231333,0.9533678756476683,19.912258723226795,11.831143651427576,1.4249916105973028,279.5054347826087,1486.945652173913,0.8815842092381073,1.683037524510501,0.40583618283208356,15.306079714651624,0.764889738772589,0.14152173913043478,0.14528865427031085,0.989389310100085,0.5855052834641208,0.9360400939310434,1.3276517987883998,1.0529281809897175,1.7228260869565217,0.8618141114977407,1486.945652173913,279.5054347826087
211,542.0,98.9827560572969,0.8998380092369387,0.9458987783595113,40.50376134851629,17.66872109862332,0.9437440911257282,289.7970479704797,527.7583025830259,0.695168470608768,2.292399156816856,0.5637757948800834,26.26967516446403,0.2714806083246018,0.14673268251669858,0.5867603270942059,0.8097606551001972,0.8372375529156705,1.0396266510275827,1.1388552315817542,0.994787500674024,0.6599015990159902,0.8724915197396393,527.7583025830259,289.7970479704797
212,405.0,87.15432893255071,0.9343590365057671,0.9529411764705882,38.221659725286706,13.619637817370265,-0.7072113283921602,290.6024691358025,1261.237037037037,0.6700187567790684,2.806363887044002,0.6436670224354549,22.708192698181442,0.6487844840725498,0.14714049070167215,0.7601766751943286,-0.6497164169778198,1.3864075198471033,1.5999241046076094,1.8370369154377901,0.621971963201232,0.4337448559670782,0.8574037118550281,1261.237037037037,290.6024691358025
213,570.0,97.25483399593905,0.772235483347927,0.9208400646203554,34.70636826451318,22.050219537129486,-1.252853525254546,291.47543859649124,336.9736842105263,0.7572901811660016,1.5739692843453332,0.3646635865477301,26.939683377854365,0.17334037253627896,0.14758250055518543,0.31261313072065566,-0.9498805348574263,1.1333520125234047,1.3113782776430316,1.5001786113780275,0.7604738347254294,0.6368421052631579,0.8235180960449643,336.9736842105263,291.47543859649124
214,626.0,100.08326112068522,0.7744359593699028,0.9357249626307922,35.96952150797106,22.756200857014512,1.4159640262371982,293.3626198083067,585.7891373801917,0.7853464794640467,1.580647039195191,0.36734769040584536,28.2320377409108,0.3013318607922797,0.14853803534597806,0.15421440813839796,0.9880374063376971,1.1164234119743783,1.513363889379669,1.8708555828283262,0.6665714381702175,0.8695420660276891,0.7283023908803149,585.7891373801917,293.3626198083067
215,76.0,36.62741699796952,0.9169665971306672,0.8941176470588236,15.726500524460132,6.274307288193339,0.8871145567062548,286.3421052631579,1571.4342105263158,0.7118866858653877,2.506491920479163,0.6010360169807245,9.83698151873187,0.8083509313406975,0.14498334443704197,0.6316515997528601,0.7752523824727355,0.6436532196194712,0.736073959896192,1.6024452062166568,1.0059780629560429,3.416666666666667,0.8737963049298095,1571.4342105263158,286.3421052631579
216,157.0,47.4558441227157,0.7485055687027597,0.9289940828402367,17.43240716282712,11.559926093568057,-1.1726379754822627,287.5732484076433,736.2675159235669,0.8760524545253602,1.508003340309114,0.3368714953940237,14.138550439257221,0.37873843411706115,0.14560670805450293,0.3877214121078799,-0.9217766034094549,1.1958572569058146,1.268134696141716,1.3417524277218322,0.7882820546643033,2.709129511677282,0.9175955409426635,736.2675159235669,287.5732484076433
217,480.0,79.25483399593904,0.3275134169092949,0.97165991902834,25.49407273396421,24.087986110918184,0.05562907647921915,294.4916666666667,823.4020833333333,0.9602837507348049,1.0583729422863084,0.055153471856726144,24.721548929484133,0.42356074245541836,0.1491097046413502,0.9984531019052496,0.05560038934922372,1.4044884969538782,1.4624504018960482,1.4906080966916981,0.6884607333138154,0.8701388888888889,0.7170710270751034,823.4020833333333,294.4916666666667
218,484.0,84.52691193458118,0.7670632791059624,0.9453125,31.194275979652733,20.013356881498396,1.2892147339216862,292.9442148760331,627.3388429752066,0.851265866616246,1.5586728485559902,0.3584285496944176,24.824341676101277,0.32270516613950956,0.1483261847473585,0.2778753007194955,0.9606171543596596,1.4020007404097141,1.421640066618392,1.8653454361775037,0.639797142580026,1.3443526170798896,0.7484329875250152,627.3388429752066,292.9442148760331
219,432.0,75.94112549695429,0.5086847461847117,0.9664429530201343,25.396917296558943,21.865548609042637,0.20088861542595468,294.3611111111111,1059.4351851851852,0.941324911375182,1.1615037770447656,0.13904713892165077,23.452920571340155,0.5449769471117208,0.1490436005625879,0.9798896502838923,0.1995401545216181,1.1799936651062088,1.388021837253434,1.5873724644848806,0.7219542492630621,1.1026234567901234,0.8239788943708087,1059.4351851851852,294.3611111111111
220,367.0,76.66904755831213,0.8249205197956322,0.9434447300771208,29.15070419818927,16.47739876524019,-0.7202665609436584,295.99727520435965,552.2806539509537,0.7845773963667444,1.769132653370263,0.4347512618146734,21.616635097022034,0.2840949866002848,0.1498720380781568,0.751629936232903,-0.6595850505875055,1.1388552315817542,1.40999597827503,1.513363889379669,0.7385133299720859,1.5095367847411445,0.7765848508739137,552.2806539509537,295.99727520435965
221,259.0,59.79898987322333,0.68197228590359,0.9487179487179487,21.335602020477463,15.604390260898413,-1.3384444984193358,291.64478764478764,1292.011583011583,0.9101687751641814,1.3672820061377444,0.26862198470323706,18.159544104586082,0.664615011837234,0.14766824690875324,0.23026678719777868,-0.9731275387705421,0.7746470288021439,1.1577758924406174,1.2200327188888884,0.9516390847214956,0.7438867438867438,0.851098991731894,1292.011583011583,291.64478764478764
222,471.0,80.18376618407358,0.5883281807347898,0.9592668024439919,27.26676929071665,22.0485164783821,-0.012673055135386059,297.7388535031847,287.7154989384289,0.9205722288008263,1.236671379566552,0.19137774470814095,24.488687706168772,0.14800179986544695,0.15075384987503024,0.9999196979115283,-0.012672715909305101,1.0874698788859036,1.1515169512991708,1.2158520466387381,0.8683472969246061,0.7813163481953291,0.9335676655219268,287.7154989384289,297.7388535031847
223,212.0,52.04163056034261,0.3855295043961915,0.954954954954955,17.119890663894672,15.796446220046267,1.329427818567803,293.16509433962267,504.91509433962267,0.9836575603032474,1.083781150862205,0.07730449158997899,16.42944866646031,0.2597299868002174,0.14843802245044185,0.23903168743563116,0.9710117673857895,1.0396266510275827,1.0591415472331844,1.1129253350169712,0.9340866333962782,2.3427672955974845,0.7390788344030899,504.91509433962267,293.16509433962267
224,367.0,79.25483399593904,0.762268626802155,0.9483204134366925,27.532794509608383,17.82089854472665,-1.064043453014707,300.19891008174386,195.78474114441417,0.734216951082653,1.5449722942143993,0.35273920202660436,21.616635097022034,0.10071231540350523,0.15199944814265512,0.4853407666626105,-0.8743250769681432,1.160443115810552,1.4446578194103437,1.6652900193800098,0.7025117915182473,1.9909173478655766,0.7623725233822493,195.78474114441417,300.19891008174386
225,310.0,66.11269837220809,0.7407967980300941,0.9538461538461539,24.357828889396288,16.361864657890713,-1.202450712129576,296.59354838709675,1317.2451612903226,0.8912546147947792,1.4886951700611593,0.3282708104984867,19.867165345562018,0.6775952475773265,0.15017394855042873,0.3600725091119241,-0.9329243207151603,0.8583120131087968,0.9877726153225913,1.0817996822142664,1.0246306485171346,0.7064516129032258,0.6665138263753723,1317.2451612903226,296.59354838709675
226,298.0,64.38477631085024,0.6866920078962844,0.9612903225806452,22.97067074752313,16.69849408522583,-1.3808998803702928,297.5,1033.4161073825503,0.9033576896044011,1.3756133116127327,0.27305152432144864,19.47884453275087,0.53159264783053,0.15063291139240506,0.18875720391448242,-0.9820237868658714,0.8650897231245424,1.0495159032193813,1.1799936651062088,0.9694308430459818,1.3020134228187918,0.8537004297065689,1033.4161073825503,297.5
227,365.0,73.59797974644665,0.8313770998680027,0.9656084656084656,28.966663996634704,16.09702611284748,1.1492020585855565,298.6356164383562,1149.4356164383562,0.84678068280822,1.7995040694824749,0.4442913372862818,21.557653718072718,0.591273465246068,0.15120790705739554,0.40921564291229773,0.9124377006655714,1.11232866439476,2.1224983796333685,2.2180063618315624,0.5501726857776653,0.9881278538812786,0.7893601310159847,1149.4356164383562,298.6356164383562
228,531.0,84.66904755831214,0.48819733469947396,0.9602169981916817,27.86354734673709,24.317444818889758,-0.8148150083058523,303.6723163841808,262.8380414312618,0.9307971315768678,1.1458254579894316,0.12726672895303803,26.001734523957655,0.13520475382266553,0.15375813487806625,0.68600300491146,-0.7275987061921202,1.0678637228215868,1.1515169512991708,1.207828498042503,0.8753477973760193,0.8148148148148149,0.8910450514682376,262.8380414312618,303.6723163841808
229,441.0,97.84062043356595,0.8622726150254302,0.8384030418250951,35.985925295358896,18.224870596398887,1.34235510157551,303.39909297052156,853.2970521541951,0.5789086748698444,1.974550387340993,0.4935555930043197,23.695962509005764,0.4389388128365201,0.15361979390912484,0.22645952056112395,0.9740205775789472,0.8560406237422653,1.4044884969538782,1.589914872105168,0.7791309276563224,1.5699168556311414,0.8583463405336085,853.2970521541951,303.39909297052156
230,372.0,75.698484809835,0.8119511662061669,0.9441624365482234,28.648973824124763,16.723132750265837,-1.1769616375002745,302.3333333333333,1010.6129032258065,0.8157900997553593,1.7131343900663198,0.41627463332792747,21.76338922689847,0.5198626045400239,0.1530801687763713,0.3837323499992699,-0.9234443586724854,1.0495159032193813,1.293199985538776,2.2273194094319675,0.6564500718819596,0.9767025089605734,0.8828896263229163,1010.6129032258065,302.3333333333333
231,409.0,73.94112549695427,0.5227948184597344,0.964622641509434,24.74238333095249,21.09185619351868,-0.40147504664969763,305.22738386308066,1102.757946210269,0.9400718717864032,1.1730775662388395,0.1475414509833025,22.820056393372074,0.5672623180093976,0.1545455108167497,0.92048558198517,-0.3907765261084943,1.2762340455601233,1.6124187692773124,2.0110132983120614,0.6122866192756969,1.2167889160554197,0.8383368860478594,1102.757946210269,305.22738386308066
232,688.0,137.53910524340097,0.9628190465785621,0.8299155609167672,59.90615846988832,16.18347807703814,-1.1680944487169629,308.38953488372096,143.8953488372093,0.4570312672300078,3.701686262045606,0.7298528483482591,29.597108081327676,0.07402024117140396,0.15614659994112454,0.39190551238459126,-0.9200054724633822,1.0029086009611934,1.6880124448934373,2.058021778860537,0.6317195449031194,0.8435077519379846,0.8111841860451275,143.8953488372093,308.38953488372096
233,494.0,85.49747468305833,0.8158433372061848,0.9592233009708738,33.134949026247426,19.161045994554698,0.8182818251454677,307.8481781376518,523.2935222672065,0.8492396025489264,1.729287066878495,0.42172701157993275,25.079480359432697,0.26918391063127906,0.15587249525957053,0.6834764360483169,0.7299725757634262,0.8372375529156705,1.0192094070791897,1.0591415472331844,1.028951785398622,0.815114709851552,0.7838848203211969,523.2935222672065,307.8481781376518
234,252.0,75.84062043356595,0.9203823699605594,0.8235294117647058,31.43729469059682,12.292597007390558,-0.8232182844645363,307.6587301587302,1298.3015873015872,0.5505625292467385,2.557416847855346,0.6089804441389359,17.91246396432554,0.6678506107518453,0.15577657223226846,0.6798646430838302,-0.7333376214844675,0.6893075309752464,0.7733513220835725,0.7746470288021439,1.3408984548436613,0.48148148148148145,0.9052372179624898,1298.3015873015872,307.6587301587302
235,311.0,64.87005768508881,0.6614331226087593,0.9658385093167702,23.03592697143475,17.277040816904577,-0.6615644712398937,306.7909967845659,220.7009646302251,0.9287133421871095,1.3333259564274131,0.24999585046746187,19.899183360445615,0.11352930279332567,0.15533721356180552,0.7890320614264961,-0.6143520212720506,1.160443115810552,1.2242211074201377,1.232657129669983,0.8293429605291627,1.0342979635584137,0.7107236868618524,220.7009646302251,306.7909967845659
236,599.0,89.01219330881976,0.49409626625778685,0.9724025974025974,29.674738197353687,25.799431051302044,1.5028022796920149,310.0918196994992,708.9899833055092,0.9500307917436596,1.1502090157858758,0.13059279985146532,27.616489409343153,0.36470678153575575,0.1570085163035439,0.06794166764091934,0.9976892952207971,1.1305457707549758,1.180968577598349,1.5925935660732162,0.7684213822354493,0.5575959933222037,0.7918633266607955,708.9899833055092,310.0918196994992
237,371.0,81.01219330881975,0.8414845874266036,0.9093137254901961,30.594254477394994,16.529498088627744,-1.4530118368780482,305.82479784366575,792.9622641509434,0.7103673513636091,1.850888291547326,0.4597188795418825,21.73411767467788,0.4079023992546005,0.15484799890818518,0.11751233774231443,-0.9930714226471006,0.9242395806536737,1.437503234818306,1.4624504018960482,0.7844791906369017,0.7798742138364779,0.9374087769919863,792.9622641509434,305.82479784366575
238,96.0,34.384776310850235,0.527456204345374,0.96,12.089192602110314,10.270763117064817,-0.5580236084256736,304.0729166666667,761.0833333333334,1.0203488756762968,1.1770491115722634,0.15041777767094788,11.055812783082736,0.39150377229080935,0.15396097046413504,0.8483032875148465,-0.5295106537091616,0.9671987163400728,1.1495481421300668,1.3417524277218322,0.8674282547859626,4.465277777777778,0.7473600562958999,761.0833333333334,304.0729166666667
239,514.0,87.1126983722081,0.5875499096990074,0.9431192660550459,29.048475546158443,23.50567575296595,0.63857013029947,310.9863813229572,941.523346303502,0.8511577346314494,1.2358068685812236,0.19081207151077184,25.582125126616702,0.48432270900385904,0.15746145889769983,0.8029488493069955,0.5960479388409727,1.2796071311882902,1.7025741952716518,3.1350353677063505,0.490419115422372,0.5700389105058365,0.8934922249519938,941.523346303502,310.9863813229572
240,428.0,85.1126983722081,0.8822330270231216,0.9469026548672567,34.22819049991638,16.115077237791127,-0.24582465440395895,315.48364485981307,329.4088785046729,0.7424460725735538,2.123985507165214,0.5291869946256582,23.34408972623798,0.16944901157647782,0.15973855435939902,0.9699369699805664,-0.24335627023957632,1.1333520125234047,1.1497396315985593,1.86390624345434,0.7234148850153714,1.5373831775700935,0.8167400325631543,329.4088785046729,315.48364485981307
241,454.0,92.08326112068522,0.9269736067932584,0.9497907949790795,39.495431637235214,14.815785210552932,0.4518499282423517,317.80616740088107,502.9647577092511,0.6728284300515754,2.6657670232087027,0.6248734449433131,24.04268606686374,0.25872672721669293,0.1609145151396866,0.8996409070154969,0.43663055140969464,1.0192094070791897,1.1129253350169712,1.68420498265173,0.786093538933613,0.9162995594713657,0.8426885444869806,502.9647577092511,317.80616740088107
242,254.0,72.76955262170047,0.8836946701647899,0.7912772585669782,29.22052362231548,13.677069607199142,-1.1170300777492663,311.0748031496063,1219.4448818897638,0.6027596482410252,2.1364608400424308,0.5319361903304816,17.983404693292407,0.6272864618774505,0.15750622944283862,0.4383537492243598,-0.8988025314500104,1.356376534507018,1.5749015576430916,1.627723158214131,0.6580388631743225,1.7073490813648295,0.6123780323061984,1219.4448818897638,311.0748031496063
243,782.0,133.78174593052023,0.4956010473161489,0.7906976744186046,38.65079243332047,33.570156879680695,-0.21015283059576315,318.0332480818414,583.3005115089514,0.549063909657954,1.1513438132520308,0.13144971250989945,31.554291688816235,0.3000517034511067,0.16102949269966654,0.9779990442515586,-0.2086093704583709,1.1164234119743783,1.1534169659613425,1.525212908067142,0.7905027344582422,0.8584825234441603,0.6714667707988576,583.3005115089514,318.0332480818414
244,966.0,134.88225099390854,0.8685060614369255,0.8986046511627906,50.79473959756042,25.17786268264943,-0.6625430549802944,322.28364389233957,616.907867494824,0.667232789124587,2.017436517062431,0.5043214537148907,35.070634442709576,0.31733943801174075,0.16318159184422257,0.788430488824718,-0.6151238609350285,1.3484599040465541,1.4020007404097141,1.525212908067142,0.7016438376661064,0.49620427881297446,0.7572965610201282,616.907867494824,322.28364389233957
245,458.0,86.76955262170048,0.7118605493025935,0.899803536345776,29.914768149551687,21.0097650110388,-0.8771962218475546,316.06768558951967,913.561135371179,0.7644351096486179,1.423850677712677,0.2976791628133123,24.148368712786887,0.4699388556436106,0.16003427118456692,0.6393096178214678,-0.7689494213281969,1.2551975530967066,1.2796071311882902,2.054480274327625,0.6536966056923439,1.2510917030567685,0.901409138652539,913.561135371179,316.06768558951967
246,687.0,107.01219330881975,0.8841387054244191,0.9346938775510204,43.83460549653786,20.480602394353525,0.07594294429661949,326.0029112081514,100.51528384279476,0.7538762651159748,2.1402986422227017,0.53277548269549,29.575590733458846,0.051705392923248335,0.16506476516868424,0.9971177202603898,0.07586996733044592,1.0627164502501472,1.6295266466437706,1.684048550438073,0.6855118995163296,0.5186802523047064,0.8892400829258301,100.51528384279476,326.0029112081514
247,122.0,40.798989873223334,0.5883309080875947,0.8840579710144928,13.990366091061436,11.31289361922281,0.6925584875152682,314.57377049180326,670.516393442623,0.9210238433782031,1.2366744143416215,0.19137972905149958,12.463355264843006,0.34491584024826283,0.1592778584768624,0.7696149201079086,0.6385083200298157,1.1193190660479782,1.3104435326698967,1.4605976131945073,0.7711368193654468,3.8114754098360657,0.8112793895196656,670.516393442623,314.57377049180326
248,517.0,107.84062043356595,0.9214380961576013,0.8128930817610063,44.84566151978237,17.423669837017137,1.294640679425763,320.55899419729207,747.3114119922631,0.558644659674751,2.5738355891309617,0.6114747949624695,25.65667251667837,0.38441945061330407,0.16230835149229977,0.2726589795278967,0.9621107425254153,0.9671987163400728,1.347666349289407,1.566202226674351,0.7729832476620568,0.3417150225660864,0.8236280543981929,747.3114119922631,320.55899419729207
249,441.0,80.18376618407356,0.6140084822957688,0.9382978723404255,27.010960072042597,21.31973527689192,-1.463969126654951,320.15646258503403,844.3151927437642,0.8619370549918567,1.2669463162293246,0.2107005741362492,23.695962509005764,0.43431851478588696,0.16210453801773875,0.10662412980985682,-0.9942993990455243,0.8560406237422653,1.365678463530956,1.4906080966916981,0.8081184258107,1.5699168556311414,0.7640035471596044,844.3151927437642,320.15646258503403
250,410.0,77.42640687119285,0.5314884481749546,0.9557109557109557,25.41333247795358,21.526758204653916,-0.36432609457020776,324.2878048780488,245.67317073170733,0.8594398954753901,1.1805461944780622,0.15293445976324915,22.847936741452536,0.12637508782495233,0.16419635690027787,0.9343640990987163,-0.35631970239581784,0.6152153605767573,0.9825256160507245,1.207828498042503,1.0693016256005872,0.6300813008130081,0.8500139791035556,245.67317073170733,324.2878048780488
251,290.0,67.11269837220809,0.8467143472129768,0.9294871794871795,26.616900761495298,14.161462310798928,-1.337924304922842,319.19310344827585,1135.7344827586207,0.8090930312495365,1.8795305299226326,0.46795224441437344,19.21560480373171,0.5842255569745991,0.16161676123963334,0.2307729706366335,-0.9730076238260127,1.11232866439476,1.6124187692773124,2.53991298917272,0.5698373226470951,1.3298850574712644,0.8019226815355459,1135.7344827586207,319.19310344827585
252,89.0,40.14213562373095,0.9343272878719722,0.9175257731958762,18.066078317884934,6.439043274809212,-1.2670810558764585,314.86516853932585,1311.808988764045,0.6940630475691238,2.8057084797927887,0.6435837838456213,10.645107772184812,0.6747988625329449,0.15942540179206371,0.29906749280580625,-0.9542319606609543,0.6893075309752464,0.8583120131087968,1.2442400407897378,1.0745526086820116,2.1647940074906367,0.851098991731894,1311.808988764045,314.86516853932585
253,383.0,88.18376618407358,0.9336982911973215,0.8784403669724771,38.223348751349945,13.686280938747716,-1.2325462367239448,323.4621409921671,1191.9843342036554,0.6189154900120145,2.7928221642107656,0.64193924954667,22.082815618339236,0.6131606657426211,0.1637782992365403,0.3318368466335004,-0.9433367941601424,0.9039188636649778,1.356376534507018,1.8603555352180918,0.7280403141383974,1.020017406440383,0.6069927517158686,1191.9843342036554,323.4621409921671
254,156.0,44.798989873223334,0.28335965899459675,0.9570552147239264,14.481462573949075,13.887921207303565,0.32129372313749227,319.1730769230769,304.14102564102564,0.976782834860416,1.0427379560832597,0.04098628599249643,14.093451279891855,0.1564511448770708,0.1616066212268744,0.9488276617813831,0.3157943448487848,0.9363351414270503,1.1497396315985593,1.2158520466387381,0.908560414523348,4.587606837606837,0.7930551276791419,304.14102564102564,319.1730769230769
255,292.0,66.42640687119285,0.7642361679182939,0.9329073482428115,24.155899232513352,15.579020929582072,-0.43909392530028757,324.64383561643837,801.1609589041096,0.8315937045648574,1.5505402644812654,0.35506350727721925,19.281751659604673,0.41211983482721687,0.16437662562857638,0.9051372247524851,-0.42511951774456225,0.9114318258954789,0.9242395806536737,1.5896488588106692,0.8758305114820722,3.4246575342465753,0.7479784561556477,801.1609589041096,324.64383561643837
256,16.0,13.449747468305832,0.8464855438605302,0.7619047619047619,6.904620434527042,3.6761007406097552,0.2395973188803857,317.625,1284.3125,1.111479831154164,1.8782457069938112,0.4675882946110761,4.51351666838205,0.6606545781893004,0.16082278481012657,0.9714336144569503,0.2373114677024801,0.7733513220835725,1.2200327188888884,1.2442400407897378,0.9266054131791411,12.5,0.718264783993348,1284.3125,317.625
257,254.0,60.62741699796952,0.7115893269656752,0.9372693726937269,21.65100770167381,15.211903557357639,-1.098841675368701,321.9488188976378,64.55118110236221,0.8683712755611165,1.4232937791142994,0.2974043625608416,17.983404693292407,0.03320534007323159,0.1630120602013356,0.4546281243329459,-0.8906813507453198,0.8752877227504174,1.0792359560315263,1.2990927981043527,0.9220508997640045,1.494750656167979,0.8060790827918966,64.55118110236221,321.9488188976378
258,56.0,25.899494936611667,0.6768900707437512,0.9655172413793104,9.899281781181756,7.286704121305932,-1.5663646246681358,319.69642857142856,1559.017857142857,1.0490961686437292,1.3585403793515902,0.26391587971990627,8.444016491289505,0.8019639182833627,0.16187160940325496,0.004431687620348827,-0.9999901800242018,1.5128944656511805,1.6024452062166568,1.650132898198172,0.6295283323723854,5.458333333333334,0.7965476149978628,1559.017857142857,319.69642857142856
259,492.0,82.66904755831213,0.5842515877172674,0.9723320158102767,27.861739085380837,22.611823981622482,1.5181707445828272,329.7926829268293,137.72560975609755,0.9046677290495136,1.2321756576570366,0.18842740173792694,25.028660691489268,0.07084650707618187,0.16698363692497686,0.05260129490563772,0.9986155935965801,1.0029086009611934,1.0595014046515028,1.3956996487893516,0.8675259895767355,1.312330623306233,0.6619720321052922,137.72560975609755,329.7926829268293
260,1156.0,138.9116882454314,0.8366890238514613,0.9390739236393176,52.69179154661304,28.858148753338245,-1.34917559586773,333.6782006920415,871.4662629757786,0.7528182158741639,1.8258895259356431,0.45232173918760576,38.36489168124743,0.4482851146994746,0.16895098769217293,0.21981100294698375,-0.9755424762579235,1.365678463530956,1.589914872105168,2.054480274327625,0.5987935973702605,0.3863898500576701,0.7350936131701064,871.4662629757786,333.6782006920415
261,1248.0,147.98275605729688,0.8144481973217784,0.9476082004555809,54.323728245712495,31.520597677093924,1.3838199249627303,337.53125,294.3709935897436,0.7161470816630456,1.7234358562048984,0.41976372581567634,39.86229988133503,0.15142540822517675,0.17090189873417722,0.18588885000738858,0.9825707788464557,0.9363351414270503,1.81652565474247,1.86390624345434,0.6498053668838395,0.28178418803418803,0.8799337120782654,294.3709935897436,337.53125
262,564.0,105.49747468305833,0.8648300788617058,0.8717156105100463,39.39238736908347,19.777526036913592,-0.9363892128812911,332.99645390070924,213.45035460992906,0.6368026178691631,1.9917752754090623,0.49793532817369457,26.797520467958073,0.10979956512856433,0.1686057994433971,0.5927000943213167,-0.8054232416509363,0.7680058484170766,0.916951874946402,1.2242211074201377,1.0312188333887746,0.3280141843971631,0.8493193826403028,213.45035460992906,332.99645390070924
263,403.0,79.01219330881976,0.7494098780137441,0.9328703703703703,28.589226666433685,18.92910886341068,0.7441421244668802,335.46898263027293,39.06203473945409,0.811197633396211,1.5103313564694894,0.33789363789839233,22.65205369339104,0.02009363926926651,0.16985771272418881,0.7356692472442237,0.6773409471301121,1.0786296584389137,1.2990927981043527,1.646087053786331,0.7455621326751785,0.8734491315136477,0.7667409678982388,39.06203473945409,335.46898263027293
264,1031.0,134.81118318204307,0.8750303480855796,0.927158273381295,52.99466858576599,25.65302658875321,-1.1910630714825432,337.2618816682832,167.81086323957322,0.7128804234561665,2.0658251922991377,0.5159319366770521,36.23133961947795,0.08632246051418375,0.17076550970545984,0.3706727398617734,-0.9287635436015811,1.3956996487893516,1.6718805681156519,1.6880124448934373,0.630836199260489,0.451988360814743,0.7259011339697413,167.81086323957322,337.2618816682832
265,323.0,67.35533905932738,0.713668526836133,0.9556213017751479,24.421149996786834,17.106614367483473,0.31437962050706025,335.1981424148607,78.77708978328174,0.89468124416686,1.4275852294424165,0.29951642859839755,20.279456919490165,0.040523194332963856,0.16972057843790414,0.9509883997202135,0.30922655707035795,0.8752877227504174,0.9369881023888567,1.0627164502501472,1.0434810645164765,1.3973168214654281,0.77820197049657,78.77708978328174,335.1981424148607
266,320.0,75.11269837220809,0.8523259145596946,0.903954802259887,28.675360341512892,14.9975296893985,-0.4603306976828109,334.471875,545.953125,0.7127432521687898,1.9120055726099359,0.4769889720378928,20.185060176161283,0.2808400848765432,0.16935284810126583,0.8959056359213603,-0.44424440516943253,1.1950766620358884,1.5741113115163587,1.7555757677357346,0.6630180428262636,1.3364583333333333,0.7318793475745368,545.953125,334.471875
267,422.0,97.15432893255071,0.9386356934432808,0.845691382765531,40.78074007487181,14.065692560949271,0.6455024041342121,340.87914691943126,571.7109004739336,0.5618210438079394,2.899305519309572,0.6550898160473493,23.179885415554555,0.2940899693795955,0.1725970364149019,0.7987976215243167,0.6015998336494904,1.1534169659613425,1.1950766620358884,1.3615775863734054,0.8086098154611595,0.9889415481832543,0.6634061474474859,571.7109004739336,340.87914691943126
268,172.0,49.79898987322333,0.8387917139340533,0.9608938547486033,20.18942190290614,10.992180039728456,-1.259584114530027,330.01162790697674,645.8430232558139,0.8715599067861842,1.8367077167528714,0.4555475588854676,14.798554040663838,0.332223777394966,0.16709449514277303,0.3062128424588875,-0.9519630744483992,1.2275124615665396,1.3104435326698967,1.3484599040465541,0.7719194441658683,3.633720930232558,0.8398284597698108,645.8430232558139,330.01162790697674
269,381.0,85.84062043356595,0.9276718356999933,0.9136690647482014,37.10084196241811,13.85332548157021,-0.4697067645435648,341.12073490813646,1201.5354330708662,0.6497542723686295,2.678118117687718,0.6266034745086606,22.025082668269306,0.6180737824438612,0.1727193594471577,0.8917010521783765,-0.4526248264777091,0.9039188636649778,1.1386322348123736,1.5000849409727408,0.8468270425165314,0.84251968503937,0.6903587329553126,1201.5354330708662,341.12073490813646
270,277.0,77.84062043356595,0.9457373372015039,0.9052287581699346,33.67055171383399,10.940644082333865,1.0594468255690612,333.7003610108303,720.4187725631768,0.5744828329929216,3.0775657685640905,0.6750678701282238,18.77997214831907,0.3705857883555436,0.16896220810674953,0.4893545717855356,0.8720849173518569,0.9933923816030809,1.180968577598349,1.347666349289407,0.8517821519349541,1.9013237063778579,0.8051887132212703,720.4187725631768,333.7003610108303
271,34.0,23.69238815542512,0.9551663587828384,0.6938775510204082,13.962540054166828,4.133884096964562,0.9801599002761575,330.88235294117646,233.7058823529412,0.761151491633741,3.377583823508568,0.7039303679038764,6.579524642479541,0.12021907528443476,0.16753536857781087,0.5568897428868899,0.8305864279335257,0.40816727889280785,0.6152153605767573,0.916951874946402,1.546125154044888,11.607843137254903,0.7847786091482037,233.7058823529412,330.88235294117646
272,272.0,62.42640687119285,0.725938018298476,0.9611307420494699,22.728553542376893,15.631792892276184,-0.7283840973805903,339.1985294117647,787.0919117647059,0.8770858222311052,1.453995309367698,0.31223987205648407,18.609705966725112,0.4048826706608569,0.17174609084139986,0.7462510253883103,-0.6656646356138317,0.9114318258954789,0.9789937081278584,1.5257090976355479,0.8781855293985269,3.7009803921568625,0.7328144169335652,787.0919117647059,339.1985294117647
273,413.0,85.35533905932736,0.8519343272541533,0.9177777777777778,32.54754438269391,17.043477471675075,0.4154420714523136,345.6174334140436,60.76271186440678,0.7123583708126188,1.9096774374117826,0.4763513563027081,22.93137440223813,0.03125653902490061,0.17499616881723726,0.914937992323059,0.40359443777615434,0.9369881023888567,0.9677281452785005,1.0786296584389137,1.0055823543155493,0.8999192897497983,0.8084573782946841,60.76271186440678,345.6174334140436
274,537.0,108.95331880577403,0.9617468390015148,0.9454225352112676,50.17591827210691,13.745181350236106,-0.8661894602846753,346.584729981378,1226.2271880819367,0.5684643345379511,3.6504369781374346,0.7260601933442415,26.148224328293928,0.6307753025112843,0.17548593923107747,0.6477343644580295,-0.7618662567013667,0.6762041866791231,1.1386322348123736,1.627723158214131,0.8714446128065354,0.4208566108007449,0.7120700983085423,1226.2271880819367,346.584729981378
275,210.0,55.45584412271571,0.7374032879975992,0.9375,19.98868804851602,13.501413917198148,-1.4302607816161066,338.8904761904762,229.45714285714286,0.8580933141000581,1.480488500767639,0.324547269714357,16.351767622932517,0.11803350970017637,0.17159011452682338,0.14007340001053467,-0.9901411225726809,0.40816727889280785,0.7680058484170766,0.9825256160507245,1.389726106631106,1.6,0.7524646683260979,229.45714285714286,338.8904761904762
276,2357.0,212.40916292848974,0.8942269759827165,0.898932112890923,84.08178601027885,37.63616788532353,-1.352492964110218,359.42214679677556,795.0784896054306,0.6564821948722291,2.2340687358626403,0.5523861983530823,54.78161741807902,0.4089909925953861,0.18198589711229143,0.21657356575133258,-0.976266301076583,0.9789937081278584,1.5896488588106692,2.4150819151633818,0.6019594403289998,0.13223023617592986,0.8063489593865238,795.0784896054306,359.42214679677556
277,787.0,103.05382386916236,0.33501530470770435,0.9788557213930348,32.835083554487774,30.93763227007667,0.976757272250612,357.1753494282084,648.1689961880559,0.9312287468066425,1.0613314964715754,0.057787314025329106,31.655007845624887,0.3334202655288353,0.18084827819149793,0.5597126902931999,0.8286867347343919,1.2275124615665396,2.109292537428977,2.1660086534226473,0.5451756482216468,0.5336721728081322,0.8199388464296581,648.1689961880559,357.1753494282084
278,49.0,23.65685424949238,0.5926601953328994,0.9607843137254902,8.824788652520557,7.107948975695678,-1.0810210811071452,342.8775510204082,921.204081632653,1.1002514654520041,1.2415379855279343,0.1945473987452958,7.898654169668588,0.47387041236247585,0.17360888659261176,0.4704275681713005,-0.8824386115217514,1.2551975530967066,1.7025741952716518,2.2774098435936363,0.5730460247274225,14.476190476190476,0.7894703533847437,921.204081632653,342.8775510204082
279,464.0,80.18376618407356,0.7651910989339729,0.9727463312368972,30.32812088317794,19.5253417876268,1.2401025454465884,351.6939655172414,707.6508620689655,0.9068906882454003,1.5532696540245383,0.35619678308335634,24.306031118985995,0.3640179331630481,0.17807289393278045,0.3246992968886377,0.9458173008567904,0.9933923816030809,1.4280518912386182,1.8740919701659582,0.6983994151797572,1.0754310344827587,0.8322001294251843,707.6508620689655,351.6939655172414
280,399.0,75.35533905932738,0.7399597956661158,0.9661016949152542,27.728570650989493,18.65165351820924,-0.13080235874547771,354.09774436090225,1571.65664160401,0.8829878001390078,1.4866548225292002,0.32734890113985526,22.539356209735228,0.8084653506193468,0.17928999714476063,0.991457561464284,-0.13042968916353226,1.1767540174468105,1.650132898198172,2.604609119867221,0.5523340126523894,0.6808688387635756,0.9101724232505055,1571.65664160401,354.09774436090225
281,218.0,57.94112549695427,0.8258579510492674,0.9437229437229437,22.59522312186331,12.740954148344047,1.0648176281621404,353.0596330275229,134.20642201834863,0.8160044056297023,1.7734325748907926,0.43612178204092167,16.66031874701878,0.06903622531808057,0.17876437115317617,0.48466374054106076,0.8747005536780844,1.0595014046515028,1.3594646897693632,1.4952012523977372,0.7664465349031054,2.967889908256881,0.7985877096703277,134.20642201834863,353.0596330275229
282,279.0,64.11269837220809,0.30564946450012853,0.9238410596026491,19.63892849504872,18.699090079278015,-0.3286123183092219,355.10394265232975,1786.9283154121863,0.8529546784191451,1.0502611844633134,0.047855890712553584,18.847647942942654,0.919201808339602,0.17979946463409102,0.9464911010835686,-0.32272991117901356,0.995219355752409,1.0619869518410205,1.156327248536176,0.9335517888953411,0.9868578255675029,0.7374879160382308,1786.9283154121863,355.10394265232975
283,537.0,93.35533905932738,0.7901300217844485,0.93717277486911,34.22970078861223,20.98072781276265,0.009600897244909298,363.9962756052142,1595.8454376163872,0.774293883344869,1.631483001642592,0.3870607300271037,26.148224328293928,0.8209081469220099,0.18430191169884264,0.999953911740072,0.009600749748240182,1.1767540174468105,1.6106879731269832,2.3362995760715886,0.5855096243591694,0.4543761638733706,0.8456931475893535,1595.8454376163872,363.9962756052142
284,333.0,71.35533905932738,0.8029869082466028,0.9487179487179487,26.86036883068743,16.008690254878825,-1.2613485311045498,356.03003003003005,1764.8438438438438,0.8218662553243767,1.677861736534095,0.4040033345860382,20.590987552733093,0.9078414834587674,0.18026836963545825,0.3045327072579487,-0.9525018793735499,0.995219355752409,1.1764087794523275,1.2911721948968886,0.8663508472958812,0.9219219219219219,0.8211450548663789,1764.8438438438438,356.03003003003005
285,209.0,55.94112549695428,0.7749907527248815,0.9372197309417041,20.788201129816624,13.13757295879314,-0.8271516066882432,356.2822966507177,1930.377990430622,0.8392546389502349,1.5823471500421107,0.3680274268681262,16.312788383647018,0.9929927934313899,0.18039609956998365,0.6769749382631052,-0.7360060685644276,0.6941704207547478,1.0968232319551878,2.039174287977071,0.7832554724641914,1.69377990430622,0.6884661205789518,1930.377990430622,356.2822966507177
286,621.0,89.59797974644667,0.42700541627850713,0.981042654028436,29.575437882714986,26.743562100088592,0.9898882876316614,365.04669887278584,736.4202898550725,0.9720867635389717,1.1058899996951794,0.09575093338791951,28.11906394744562,0.3788170215303871,0.18483377158115738,0.5487832515997259,0.8359646779401819,1.4280518912386182,1.58461258167847,2.0621938115068406,0.591149512333731,0.6752549651100376,0.6800060603043576,736.4202898550725,365.04669887278584
287,844.0,125.88225099390857,0.9058402101148757,0.9377777777777778,51.49313771713621,21.813499256319716,-0.5262830150187727,377.542654028436,111.77014218009478,0.6693038299095565,2.360608773130145,0.5763804610985963,32.78130832893156,0.057494929104987026,0.1911608374827524,0.8646801657700809,-0.5023228154522006,1.0105299456685302,1.4952012523977372,1.7942073270327963,0.6976843930416157,0.5920221169036335,0.8446873878263507,111.77014218009478,377.542654028436
288,271.0,69.698484809835,0.8910992358217875,0.9093959731543624,28.4496189796486,12.91067882838735,-1.1727150001638322,363.0590405904059,1739.6789667896678,0.70102334524199,2.203572667077351,0.5461915030347861,18.575465448360347,0.8948965878547674,0.18382736232425617,0.38765041140845713,-0.9218064647933719,1.1144184518362095,1.1671803490032189,1.1764087794523275,0.8675515973700922,0.9581795817958181,0.8661073397731576,1739.6789667896678,363.0590405904059
289,287.0,70.87005768508881,0.908438073473884,0.9169329073482428,30.063773459279307,12.567242265179,-1.5295222374853403,363.50174216027875,1811.198606271777,0.7180690168352556,2.3922331427141543,0.5819805427219227,19.115955360352558,0.9316865258599676,0.18405151501786265,0.04126237155879849,-0.9991483456891392,0.622956934122114,1.156327248536176,2.1140451519867427,0.7705487366055356,0.9500580720092916,0.7824498032328607,1811.198606271777,363.50174216027875
290,389.0,82.42640687119284,0.845961558384007,0.9441747572815534,31.83922635201813,16.97807278061943,-1.2833480586050017,366.8971722365039,57.74035989717223,0.7194932573209811,1.8753145167549754,0.4667561142061708,22.255115881567058,0.02970183122282522,0.1857707201197488,0.28350611541452286,-0.9589704283879494,0.9677281452785005,1.1519096142711263,1.3648655693397667,0.8609548382771045,1.3401885175664097,0.7873292914221824,57.74035989717223,366.8971722365039
291,43.0,24.727922061357855,0.8694920241403643,0.8958333333333334,10.677600839485388,5.274168698092774,-0.8627074539193506,361.51162790697674,1227.8837209302326,0.8836963743159719,2.0245087805679374,0.5060530190837359,7.399277020331919,0.6316274284620538,0.18304386223138064,0.6503832555717194,-0.7596062275099721,0.6762041866791231,1.5000849409727408,2.3024668716749916,0.6698288543628838,9.085271317829458,0.6069927517158686,1227.8837209302326,361.51162790697674
292,460.0,80.5269119345812,0.6992329599500002,0.9745762711864406,28.847600919490542,20.622973512607672,0.4103157790099116,371.54782608695655,22.68695652173913,0.8914266339309806,1.398808998220107,0.2851061143641237,24.201036973199617,0.011670245124351405,0.18812548156301598,0.9169949046337793,0.3988989156110681,1.3581518345231813,1.5920969483416576,1.6982258782162014,0.6453729919444857,1.0217391304347827,0.7625235858747287,22.68695652173913,371.54782608695655
293,336.0,68.76955262170047,0.7166415016469481,0.9491525423728814,24.83026235816853,17.317660981844966,-0.9102092808981985,369.1607142857143,1709.327380952381,0.8928052662167598,1.4338115513520808,0.30255827618559605,20.683531783305643,0.8792836321771507,0.18691681735985533,0.6135805079976744,-0.7896321676611938,0.8083469724931184,1.393910343867233,1.4341668911999186,0.8249862581386629,0.6160714285714286,0.7943741630955586,1709.327380952381,369.1607142857143
294,417.0,90.84062043356595,0.9241444819491101,0.9287305122494433,37.7973980279861,14.440237401198342,-1.283054612542091,368.92326139088726,1909.5539568345323,0.6350175608563373,2.6175053067236576,0.6179568395023793,23.04215463350949,0.9822808419930722,0.18679658804601887,0.2837875093007028,-0.9588871933470087,1.0968232319551878,1.1936247726915241,1.5584943718934472,0.7794348957483538,0.6826538768984812,0.7565451466102511,1909.5539568345323,368.92326139088726
295,219.0,55.4558441227157,0.7567523963028033,0.9563318777292577,20.817805537603,13.6086332477577,-0.6848115885694552,370.634703196347,1936.0091324200914,0.8948687418472037,1.5297499137933752,0.346298377935342,16.698486766680407,0.995889471409512,0.18766314085890987,0.774538236172901,-0.6325270908871583,0.6941704207547478,1.1936247726915241,1.488807093124567,0.8884670877382771,1.6012176560121767,0.6699280862799624,1936.0091324200914,370.634703196347
296,150.0,50.87005768508881,0.9152851654748225,0.9036144578313253,22.265953691558504,8.96887058322872,-0.6712110425780555,370.04,579.72,0.728411280515714,2.482581667885205,0.5971935131335062,13.81976597885342,0.2982098765432099,0.1873620253164557,0.7830690508081865,-0.6219347728390542,1.1985459063927013,1.3615775863734054,2.208179233124077,0.6291546851065202,1.8333333333333333,0.7563558077620146,579.72,370.04
297,605.0,96.18376618407358,0.4846468721590209,0.9307692307692308,30.408640692754663,26.598739062076046,-0.7022865172006072,383.24462809917355,133.47768595041322,0.8217915700519128,1.1432361745339537,0.12529009991513318,27.754457742221764,0.0686613610856035,0.19404791296160687,0.7633671743870688,-0.6459648264946803,1.0105299456685302,1.3594646897693632,2.4142428207838473,0.6270591766089287,0.856198347107438,0.7966586548629242,133.47768595041322,383.24462809917355
298,206.0,62.04163056034262,0.9224038093795108,0.9155555555555556,26.1448847555622,10.097857592285441,-1.453496427134457,373.5242718446602,1801.6601941747572,0.67252847595506,2.5891516607974707,0.6137731075621907,16.195287778099022,0.9267799352750808,0.189126213592233,0.11703109122823939,-0.9931282513784045,0.622956934122114,1.0619869518410205,1.8352677850725176,0.8522214799422544,1.4546925566343043,0.7976299835262591,1801.6601941747572,373.5242718446602
299,271.0,69.59797974644665,0.9018498911632785,0.9033333333333333,28.694523116924742,12.397454476934078,-1.0478180244052604,379.02583025830256,1856.5719557195573,0.7030494749759157,2.3145495851839555,0.5679504961132548,18.575465448360347,0.955026726193188,0.19191181278901395,0.4994625582266614,-0.866335473664607,0.42205022198777303,1.0835735052045188,1.6571390299297717,0.9485377912853101,0.42435424354243545,0.986086128809743,1856.5719557195573,379.02583025830256
300,275.0,65.11269837220809,0.6510002275845416,0.9046052631578947,22.382546998844152,16.99008859616953,1.0947377445433688,381.3963636363636,1696.189090909091,0.8151005209875913,1.317388480475044,0.24092246530089223,18.712051592547777,0.8725252525252526,0.193112082853855,0.458279580248778,0.8888080930814052,0.8083469724931184,1.1625160758743216,1.786898047741728,0.7983477190996088,1.1466666666666665,0.8642508032386487,1696.189090909091,381.3963636363636
301,371.0,71.59797974644665,0.7071020758517043,0.9661458333333334,25.95389214086061,18.352295251927156,1.3746253199193068,383.27762803234504,1755.9029649595686,0.9094571409380017,1.4142041518286503,0.29288851350991973,21.73411767467788,0.903242265925704,0.19406462178852912,0.19491521541433926,0.9808200950225182,0.9413816039525649,1.0907919979861773,1.1671803490032189,0.9376893104049127,0.5112309074573226,0.7838935992935333,1755.9029649595686,383.27762803234504
302,676.0,97.35533905932736,0.6860384047372968,0.96987087517934,34.567734172176856,25.150284868247535,-1.3178550391839259,387.3269230769231,73.1405325443787,0.8962661877974372,1.3744470232947117,0.2724346715067403,29.33785834448333,0.03762373073270509,0.1961148977604674,0.2502527350810957,-0.9681805454482294,1.1519096142711263,1.3376843846617654,1.371934164483182,0.7768945021356705,0.6365877712031558,0.6791132506821312,73.1405325443787,387.3269230769231
303,475.0,89.01219330881975,0.8738100602675334,0.9443339960238568,35.438962851238195,17.23281211565891,-0.34310783322696187,393.5578947368421,43.31368421052632,0.7533633156564915,2.056481705561911,0.5137326058892602,24.592453796829673,0.022280701754385967,0.19926982011992006,0.9417136920766883,-0.3364154011862302,1.064096025903333,1.2048899681179897,1.3581518345231813,0.8270984290673725,1.0056140350877194,0.7568746658822052,43.31368421052632,393.5578947368421
304,831.0,122.56854249492379,0.8136033718617934,0.9072052401746725,43.85793168749705,25.49989134815254,0.03652937762071673,401.63537906137185,1194.3549939831528,0.6951088921562858,1.719926218065025,0.4185797102825528,32.52786592561707,0.6143801409378358,0.20335968560069462,0.9993328764741534,0.03652125405698226,1.8996527911326833,2.354272731558116,2.543281353232216,0.44135775985082404,0.20136381869233855,0.8497859084683664,1194.3549939831528,401.63537906137185
305,115.0,42.21320343559642,0.8542889502406352,0.9274193548387096,17.12023948898767,8.899073305677433,-1.2291444986014204,386.4086956521739,1862.3478260869565,0.8109817533101031,1.9238227286053815,0.4802015876354052,12.100518486599809,0.9579978529253892,0.19564997248211335,0.3350439052029598,-0.942202516227987,0.42205022198777303,0.8114914434112778,1.239995567721348,1.2128380199134752,1.4521739130434783,0.9501087026983471,1862.3478260869565,386.4086956521739
306,588.0,98.66904755831214,0.805298400043036,0.9560975609756097,36.5075857807185,21.644241605344455,-1.0628387632558431,395.19727891156464,217.88945578231292,0.7589712377904015,1.6867112484876323,0.4071302951844087,27.361740666563517,0.11208305338596344,0.20009988805648843,0.48639370469197835,-0.8737397576143668,1.0149248999358536,1.292745573264518,1.9740783459998703,0.700648292713338,0.7976190476190477,0.8110041841949663,217.88945578231292,395.19727891156464
307,792.0,118.22539674441619,0.8102857633412287,0.9306698002350177,42.57573889860406,24.95087171065121,-0.9860767006544121,399.3699494949495,189.48232323232324,0.7120549098636207,1.7063828227063111,0.4139650336997609,31.755404570407364,0.09747033088082471,0.20221263265567063,0.5519656095539864,-0.8338668753882098,1.102559931206478,1.292745573264518,1.3860360535960876,0.7933692193448709,0.5063131313131313,0.8266429601705599,189.48232323232324,399.3699494949495
308,75.0,32.97056274847714,0.8406484696150508,0.9146341463414634,13.474291038019851,7.297422141525509,1.4129566689958157,387.44,1735.4133333333334,0.8669986230570945,1.846445330515453,0.45841884215394535,9.772050238058398,0.8927023319615912,0.1961721518987342,0.1571850877358836,0.9875691612203484,0.6366929637324465,0.9413816039525649,1.1144184518362095,1.1142090167919767,3.844444444444444,0.798046438587169,1735.4133333333334,387.44
309,222.0,55.45584412271572,0.7285240792594343,0.9446808510638298,20.39935570924232,13.973970601718566,0.8705410446612464,396.2927927927928,1611.2297297297298,0.9071272177629183,1.4598109793313534,0.3149798061814575,16.812470934731934,0.8288218774329886,0.20065457862926217,0.6444129167895453,0.7646777050985536,1.0693342464840163,1.3890492364304818,1.4221521277345202,0.7730891559833543,1.6711711711711712,0.7800514416327444,1611.2297297297298,396.2927927927928
310,83.0,32.384776310850235,0.7160772492482617,0.9540229885057471,12.34839948691861,8.6194426595038,0.15076729292437613,394.68674698795184,569.6626506024096,0.9945031273093146,1.4326215713382884,0.3019789594080685,10.280023453913834,0.2930363429024741,0.1998413908799756,0.9886561240618618,0.15019676546109986,1.1985459063927013,1.5522079959405697,2.4244227062711765,0.579690361680041,3.7309236947791167,0.6488893515162018,569.6626506024096,394.68674698795184
311,535.0,89.84062043356595,0.8034084170330842,0.9553571428571429,33.91343165333135,20.193018522795125,1.4448642860524987,399.603738317757,1677.8822429906543,0.8329485204420917,1.6794632072984916,0.4045716538151767,26.099485750361293,0.8631081496865506,0.20233100674316812,0.12559944774924336,0.992081034354092,1.1625160758743216,1.9625058704099518,1.9706060351116648,0.5887399965132767,0.6965732087227414,0.8513751463838736,1677.8822429906543,399.603738317757
312,426.0,99.98275605729691,0.9578326603555963,0.8676171079429735,44.52156493075239,12.792231403614036,-1.0791434708544663,400.92488262910797,1922.7464788732395,0.5355120590333148,3.4803595655855823,0.7126733657383626,23.28948359361322,0.9890671187619545,0.20299994057170023,0.47208361375492663,-0.8815537769325756,0.5081425507621403,1.025863867381082,1.488807093124567,0.9924528882834651,0.5312989045383412,0.835309515320005,1922.7464788732395,400.92488262910797
313,507.0,86.76955262170047,0.701957485747279,0.9512195121951219,30.46331684207776,21.69654844371108,1.4617782422493315,401.73767258382645,1634.3471400394478,0.8462196519472694,1.4040628130834238,0.2877811514686245,25.40733061895184,0.8407135494030081,0.2034114797892792,0.10880226721858759,0.9940634117842257,1.0693342464840163,1.3905046076904493,1.8134806920197148,0.7020303460975206,0.5391190006574622,0.8896293084640773,1634.3471400394478,401.73767258382645
314,546.0,91.76955262170047,0.6766629330878013,0.9528795811518325,31.232096097021383,22.995971465084345,0.49210151001655933,409.25091575091574,21.63736263736264,0.8147141846467135,1.3581551074909908,0.2637070725689308,26.366433043273013,0.01113033057477502,0.20721565354476745,0.8813418859779064,0.4724790789240377,0.8264780418692977,1.2048899681179897,1.4989757325343174,0.8497756079291026,0.7112332112332111,0.7231135965904033,21.63736263736264,409.25091575091574
315,299.0,64.18376618407356,0.7586154783528036,0.9583333333333334,24.205892081993362,15.771073200716161,0.6230284484837098,404.5484949832776,763.2742474916388,0.9120752232016764,1.5348284656299849,0.34846139331306936,19.511499785403828,0.3926307857467278,0.20483468100419117,0.8121150920610013,0.5834972812676605,1.265286393992777,1.3476817342638385,1.913993063670705,0.6626962045421846,1.4269788182831662,0.8438357805437624,763.2742474916388,404.5484949832776
316,223.0,59.79898987322333,0.893961195026094,0.9612068965517241,25.248364047818402,11.314912352556899,-1.530362242983506,401.00896860986546,1739.3946188340808,0.7836588295815152,2.231423740733871,0.5518556239474625,16.85029431422316,0.8947503183302885,0.2030425157518306,0.0404230669960839,-0.9991826537999097,0.6366929637324465,1.0907919979861773,1.7087299895639325,0.8730536484279772,1.0717488789237668,0.8258263697456955,1739.3946188340808,401.00896860986546
317,380.0,87.08326112068524,0.9383082942893851,0.9223300970873787,37.808686213973374,13.074238492059921,-1.0374622674713911,411.05526315789473,1927.721052631579,0.6296860790159986,2.8918461474398574,0.6542001375538955,21.996159369293583,0.9916260558804418,0.2081292471685543,0.508407176093769,-0.861116800031424,0.5081425507621403,1.0499468369838634,1.8577857711654864,0.8782522371092704,0.6359649122807017,0.803918175325777,1927.721052631579,411.05526315789473
318,864.0,115.01219330881976,0.807114813046354,0.9642857142857143,43.378816248756976,25.610615004821057,1.4099085479553577,413.1423611111111,705.3414351851852,0.820797141412281,1.6937826850542697,0.40960548904893335,33.16743834924821,0.36282995637098003,0.20918600562587902,0.1601945832076954,0.9870854550194288,1.3363830589741044,1.9735962704891468,2.543924985739103,0.5124784824735042,0.5408950617283951,0.8550681515717692,705.3414351851852,413.1423611111111
319,15.0,11.82842712474619,0.8850246376136507,0.8823529411764706,6.531798910636426,3.040841018882755,0.41377093499552287,403.06666666666666,1855.4666666666667,1.347246692390209,2.1480238098854296,0.5344558121758727,4.370193722368317,0.9544581618655693,0.204084388185654,0.915611175815835,0.4020648886947779,0.8114914434112778,0.8885330380602108,0.9551197008517683,1.1298821434906008,12.555555555555555,0.7517862403214036,1855.4666666666667,403.06666666666666
320,215.0,58.11269837220809,0.8313172511654962,0.9148936170212766,22.646306294985063,12.586776047051117,-1.0536684352849504,410.74418604651163,1875.2418604651164,0.8000299407289162,1.7992142078583129,0.44420181008333315,16.545286401814263,0.9646305866590105,0.20797173977038563,0.4943856210541834,-0.8692426920572122,0.5642479409452403,0.8910524028378604,0.9551197008517683,1.2445963543480407,0.5829457364341085,1.002091952108302,1875.2418604651164,410.74418604651163
321,427.0,97.49747468305833,0.8710339373808588,0.7936802973977695,36.47343452412133,17.916584143213175,1.536543598389799,412.5292740046838,57.40749414519906,0.5644831790689212,2.035735954609267,0.5087771585819749,23.31680264534386,0.029530603984155895,0.20887558177452345,0.034246030965804815,0.9994134326509171,1.064096025903333,1.3366956074043514,1.3376843846617654,0.8024660277557291,1.3715846994535519,0.7769056775450474,57.40749414519906,412.5292740046838
322,357.0,82.66904755831213,0.9171683541055746,0.9130434782608695,35.082479107369814,13.980366173564146,-0.696470328768941,418.6106442577031,544.8403361344538,0.6564357302249519,2.5094106028287175,0.6015000499030505,21.320096563347295,0.28026766262060376,0.21195475658617877,0.7671112947816686,-0.6415140383642371,1.4678722892708858,1.5522079959405697,1.8782553023951492,0.6124529335210048,0.6956115779645191,0.9283995677910172,544.8403361344538,418.6106442577031
323,387.0,77.69848480983501,0.6964382939996144,0.937046004842615,26.894457992805474,19.299911715847898,-1.0826935642118782,414.3643410852713,734.9974160206718,0.8055559866371491,1.3935016070939539,0.2823833177448376,22.197831060995757,0.37808509054561307,0.2098047296634285,0.4689510472508325,-0.883224159136483,0.7898293283629448,1.3363830589741044,1.3476817342638385,0.8635841781549458,1.2833763996554695,0.8817315022490185,734.9974160206718,414.3643410852713
324,143.0,47.45584412271572,0.8883648967038652,0.9225806451612903,19.943259579509867,9.156710646313087,0.7437215589380086,412.2237762237762,1822.8181818181818,0.7979331273702323,2.1779938615336656,0.5408618831938141,13.493452297211721,0.9376636737747849,0.20872089935381075,0.7359540484286002,0.6770314901107286,0.7860928658973356,1.5267114247392357,1.5927933282319264,0.7681282847742874,1.3682983682983683,0.8919569262726901,1822.8181818181818,412.2237762237762
325,467.0,81.84062043356595,0.7762341590809214,0.9589322381930184,30.822796926520258,19.432069218612668,1.053838101111558,417.51391862955035,89.73875802997858,0.8761710884185533,1.586181923281602,0.3695552916583923,24.384480051691096,0.04616191256686141,0.21139945247065842,0.49423813315920634,0.8693265598906447,1.4729028591833226,1.5510684867806046,2.0549614254127593,0.5906752727476693,1.3897216274089936,0.7100177322586383,89.73875802997858,417.51391862955035
326,1060.0,135.39696961967,0.7512959448446497,0.9306409130816505,46.0190197126657,30.37096333445697,1.2702079710921217,422.1264150943396,806.1037735849056,0.726604094192237,1.515230821159217,0.3400345438888599,36.73736405104852,0.4146624349716593,0.21373489371865298,0.29608223315136184,0.9551624527859659,1.0694693971426896,1.110045968418431,1.7746169407301489,0.758699954279935,0.42547169811320756,0.8520424221987083,806.1037735849056,422.1264150943396
327,235.0,67.698484809835,0.8272663501261777,0.8545454545454545,24.509078674874228,13.76944352390093,0.9894756174324604,415.32340425531913,1840.0,0.6443470269251914,1.7799614510442265,0.43819008023272465,17.297725082009,0.9465020576131687,0.210290331268516,0.549128182572119,0.8357381402718447,0.7860928658973356,0.8885330380602108,1.0879708877808612,1.0859348019846946,0.7021276595744681,0.9431522930877038,1840.0,415.32340425531913
328,80.0,32.00609665440988,0.3119084112998231,0.898876404494382,10.726389939128495,10.191273662980649,0.6972793084551131,414.85,1904.7125,0.9813737250968125,1.05250730123082,0.0498878261171366,10.092530088080641,0.9797903806584363,0.21005063291139242,0.7665920719955809,0.6421344058322386,1.025863867381082,1.0499468369838634,1.0681579814534186,0.9542079771761819,3.9416666666666664,0.690735381404984,1904.7125,414.85
329,357.0,72.5269119345812,0.8315786200856468,0.9648648648648649,28.699710289383784,15.940021619563577,-1.3329404940498846,417.46498599439775,214.38655462184875,0.8528638516606352,1.800481264978959,0.4445929433141387,21.320096563347295,0.11028114949683578,0.21137467645285962,0.23561937053064833,-0.9718454158099121,1.0149248999358536,1.3830885208422028,1.3860360535960876,0.7928014737429351,1.5294117647058822,0.7797066462382217,214.38655462184875,417.46498599439775
330,111.0,43.21320343559643,0.8844846853429918,0.888,18.08531569046373,8.438051719312288,1.0819190233707041,414.8828828828829,1585.6936936936936,0.7469644248661348,2.143304674119455,0.5334307753465637,11.888212206450685,0.8156860564267971,0.21006728247234577,0.46963499970056743,0.8828606725051513,0.8766746955612229,1.4221521277345202,1.9269678318448493,0.7099256459020227,3.3063063063063063,0.8747435435725767,1585.6936936936936,414.8828828828829
331,495.0,91.25483399593905,0.8742155595031343,0.9446564885496184,36.64570326159616,17.792881699619127,-0.37838757951478685,425.69494949494947,1601.8868686868686,0.7469702480848291,2.05957100599284,0.5144619937403234,25.104851615652017,0.8240158789541505,0.21554174657972125,0.9292615078633704,-0.3694225900016069,0.8766746955612229,1.080759310378333,1.3890492364304818,0.8964634760505622,0.48282828282828283,0.8747416024996785,1601.8868686868686,425.69494949494947
332,258.0,61.112698372208094,0.7557663674295294,0.9626865671641791,22.626862301018733,14.817005127896234,0.41737032615678404,423.28682170542635,184.2248062015504,0.8680937910606429,1.5270874313472933,0.34515864679880404,18.12445316531431,0.09476584681149712,0.21432244136983614,0.914158058986751,0.4053579198554975,0.9795236601978028,1.102559931206478,1.3830885208422028,0.8657578621845394,2.19250645994832,0.8060357175188431,184.2248062015504,423.28682170542635
333,548.0,89.84062043356595,0.748141419133982,0.9630931458699473,32.792222218075665,21.758928530163903,0.7474451819713924,428.3065693430657,163.0565693430657,0.8531883910322733,1.5070697149731689,0.33646068920056327,26.414679072721462,0.08387683608182392,0.2168640857433244,0.7334279420723395,0.6797672055840389,0.9795236601978028,1.1525928952650069,1.7643965331016864,0.7699191384226101,0.7311435523114356,0.8302593568362321,163.0565693430657,428.3065693430657
334,221.0,60.76955262170047,0.7509465012482781,0.884,21.55597230509057,14.234767526647042,-0.8169994471813347,423.2760180995475,1875.1809954751131,0.7520211577690585,1.5143185348646166,0.3396369541964286,16.774562271083887,0.9645992775077743,0.21431697118964432,0.6844119745512154,-0.7290955006656581,0.4885833630491056,0.5642479409452403,0.6216288558134978,1.791622202790583,0.7541478129713424,0.875358115823634,1875.1809954751131,423.2760180995475
335,327.0,67.11269837220809,0.6938951336235151,0.9646017699115044,24.243840547420685,17.45740937169777,-0.47769220746016566,427.3272171253823,746.816513761468,0.912322142133098,1.3887421685101333,0.27992393211994315,20.404639941160397,0.38416487333408844,0.2163682112027252,0.8880582503447658,-0.4597309473970544,0.7898293283629448,1.0921709307646563,1.265286393992777,0.9532020215018068,1.400611620795107,0.8549858452612953,746.816513761468,427.3272171253823
336,84.0,37.89949493661166,0.933187393770103,0.9655172413793104,17.476270641165822,6.2807997263365385,0.06860764197344728,425.5357142857143,13.166666666666666,0.734889944933505,2.782491307258952,0.640609838603555,10.341765891652821,0.006772976680384088,0.2154611211573237,0.9976474187503128,0.06855383184649778,0.8264780418692977,1.3237176634448329,1.397014993337216,0.8457349322780864,5.162698412698413,0.8239474829269744,13.166666666666666,425.5357142857143
337,606.0,105.74011537017762,0.8861932421140252,0.8991097922848664,42.66926531170093,19.769345120324278,0.2511742725021469,436.8069306930693,40.320132013201324,0.6810875291812134,2.1583550214738234,0.5366841923359048,27.777385840094972,0.020740808648766113,0.221168066173706,0.9686212340868372,0.24854155563223732,1.2037908162587863,1.3237176634448329,1.3366956074043514,0.7763565102601104,0.36303630363036304,0.7584712863184743,40.320132013201324,436.8069306930693
338,140.0,44.04163056034262,0.7332236240997659,0.958904109589041,16.381266241012618,11.139057686221879,-0.14963719290187094,427.98571428571427,1884.9571428571428,0.9070080061656385,1.4706150827529092,0.32001241403831115,13.351162356249091,0.9696281599059376,0.2167016274864376,0.9888252300745768,-0.1490793894807741,0.4885833630491056,0.861313342668553,0.8890206118758954,1.3399333581574497,1.1404761904761904,0.8742502566523703,1884.9571428571428,427.98571428571427
339,384.0,70.52691193458118,0.19125294317919972,0.9746192893401016,22.417734220264965,22.003920434281074,0.6316415137368426,431.2473958333333,1625.2395833333333,0.9701331648699826,1.018806366220957,0.018459215454959543,22.111625566165472,0.836028592249657,0.21835311181434597,0.8070593308912896,0.5904703518563011,1.080759310378333,1.152209487337747,1.3905046076904493,0.8279348747320032,1.0555555555555556,0.7949391475971432,1625.2395833333333,431.2473958333333
340,566.0,93.49747468305833,0.7539510753637327,0.9370860927152318,33.6719788448249,22.120152310847796,1.1118324433925582,439.02120141342755,788.148409893993,0.8136292128610402,1.5222308766975374,0.3430694283580106,26.844991754889815,0.4054261367767453,0.22228921590553294,0.44301945396910003,0.8965119984723687,1.1025758506441246,1.110045968418431,1.313180083929353,0.8508702651315361,1.094228504122497,0.7894208053370327,788.148409893993,439.02120141342755
341,145.0,44.52691193458118,0.58266739462578,0.9539473684210527,15.250613628280718,12.394337115075377,0.8553053889949414,434.33103448275864,1866.9103448275862,0.919036400576347,1.2304501230429838,0.18728928440680348,13.58748446131949,0.9603448275862069,0.21991444783937147,0.6559880414884224,0.7547712828560609,0.5386782615924548,0.6216288558134978,0.861313342668553,1.4839580718773675,1.089655172413793,0.8702407918488008,1866.9103448275862,434.33103448275864
342,507.0,100.18376618407356,0.9408934415398613,0.9337016574585635,43.98102174834914,14.896491638181532,0.25913856461329954,447.26627218934914,842.2564102564103,0.6347798251719052,2.95244160951431,0.661297281281541,25.40733061895184,0.43325947029650735,0.2264639352857464,0.9666110778268254,0.25624797408460187,1.2867229019425803,1.3722207808067142,1.9826317692440905,0.6463322703741918,1.2143326758711372,0.8230340493091073,842.2564102564103,447.26627218934914
343,337.0,78.66904755831213,0.9118980309266302,0.8986666666666666,33.405011737265326,13.709979301883738,0.8429026955461043,438.6379821958457,1846.3501483679524,0.6842770595026698,2.4365472041723293,0.5895831616610563,20.71428798138497,0.9497685948394817,0.22209518085865607,0.6652985447095826,0.7465774215761628,0.9458085222855996,1.0879708877808612,1.25575598029853,0.9119828924130027,0.48763600395647877,0.8383588797044146,1846.3501483679524,438.6379821958457
344,250.0,65.35533905932738,0.895968210546167,0.9398496240601504,27.203488618018064,12.081564096149213,-0.8601110860658339,439.18,930.676,0.7355085549429068,2.2516528821536195,0.5558818111237739,17.841241161527712,0.4787427983539095,0.22236962025316456,0.6523532783898152,-0.7579150349307371,1.6783005827052833,1.915756807776127,3.6278520136740533,0.41540260783025185,1.664,0.7425984992057622,930.676,439.18
345,214.0,58.2842712474619,0.8510612739842798,0.9344978165938864,23.587586131907884,12.38504856469914,-0.6115126725493523,439.00467289719626,1649.6261682242991,0.7916275427593311,1.9045210851364052,0.4749336156977342,16.50676414605009,0.8485731318026231,0.22228084703655507,0.8187805195444413,-0.5741066632730669,1.152209487337747,1.6427846455747315,1.8134806920197148,0.6509745878983163,2.2320872274143304,0.8506441690989414,1649.6261682242991,439.00467289719626
346,688.0,101.01219330881976,0.5340779005194267,0.9515905947441217,32.76190757748892,27.698072186564985,-0.24854115460326026,451.5843023255814,746.7485465116279,0.8473263259450604,1.1828226656648024,0.15456472975350655,29.597108081327676,0.3841299107570102,0.22865027965852222,0.9692723146757106,-0.2459902030634355,1.0921709307646563,1.108615516835601,1.571027009319421,0.7953733752384473,0.7655038759689922,0.8424285992044567,746.7485465116279,451.5843023255814
347,110.0,40.62741699796952,0.6660206510945453,0.9166666666666666,14.02359157440448,10.460663981054912,0.56707267905582,441.8090909090909,1181.4636363636364,0.8374601021280332,1.3406024321020453,0.2540666971400206,11.834540545406394,0.6077487841376731,0.22370080552359034,0.8434770418949117,0.537165225788313,0.9135302517398597,1.0942502633315887,1.8996527911326833,0.7677674229875323,4.751515151515151,0.7562805962227586,1181.4636363636364,441.8090909090909
348,392.0,72.18376618407356,0.619831757560563,0.9727047146401985,25.299392392067393,19.85331179107578,-1.1579775113337891,445.19897959183675,525.9744897959183,0.9454027382037615,1.274315976009588,0.2152652726434343,22.34076770248023,0.27056300915427894,0.2254172048566262,0.40119293529781813,-0.9159935745774207,0.8748925938285095,1.4678722892708858,1.6546334520059358,0.7504881296551974,0.6556122448979592,0.7330735293965743,525.9744897959183,445.19897959183675
349,349.0,72.76955262170047,0.7988950308615816,0.9483695652173914,27.452165455344506,16.511666936138894,1.2094276796168475,444.25501432664754,1157.2836676217764,0.8282012489610938,1.662592006096021,0.39852952718801526,21.079862454783044,0.5953105286120249,0.22493924776032787,0.35355481548273016,0.9354138081346526,1.0942502633315887,1.507244084020556,1.5138210540146513,0.7289842229355318,0.9264565425023877,0.8050431829091855,1157.2836676217764,444.25501432664754
350,445.0,77.59797974644665,0.37035655699782455,0.9632034632034632,24.763153455480907,23.002237463494676,1.5380111680434367,449.3573033707865,381.03370786516854,0.9286863148015005,1.0765541176062052,0.07111032910860882,23.803184606416586,0.19600499375780275,0.22752268525103114,0.032779285788227364,0.9994626148201912,2.4274760953974015,3.0825433503801825,3.74522576599513,0.3241405204676788,0.7880149812734083,0.7541925032882605,381.03370786516854,449.3573033707865
351,113.0,38.62741699796952,0.40690930253210783,0.9338842975206612,12.665416444536174,11.569459786587403,0.9905201466544199,444.1946902654867,1873.6814159292035,0.9516932116117053,1.0947284210468775,0.0865314348523899,11.994835078277376,0.963827888852471,0.224908703931892,0.5482549302607024,0.8363112646884726,0.5386782615924548,0.8890206118758954,0.9442727363068383,1.2647706185169456,1.4926253687315634,0.859355188170348,1873.6814159292035,444.1946902654867
352,121.0,40.72792206135785,0.7843335803275001,0.952755905511811,15.867153881902663,9.843018974097307,1.4666339432930775,445.1735537190083,811.8512396694215,0.9166651666665925,1.6120210601704974,0.37966070995732915,12.412170838050638,0.4176189504472333,0.22540433099696622,0.10397412878198628,0.994580002083305,0.7062156560146697,1.0694693971426896,1.1025758506441246,1.0422960601096753,6.31404958677686,0.7886887313739231,811.8512396694215,445.1735537190083
353,152.0,45.79898987322333,0.7670255487212901,0.9559748427672956,17.57851703463684,11.278667596001702,-1.128148874818975,449.5657894736842,148.79605263157896,0.9106293695844326,1.5585632686673414,0.35838344191503,13.911592676604096,0.07654117933723198,0.2276282478347768,0.42833325614201406,-0.9036208395575989,1.1525928952650069,1.9823923777133983,1.9860823109484487,0.5858153501851636,2.4100877192982453,0.8685247444536724,148.79605263157896,449.5657894736842
354,677.0,108.32590180780451,0.8191090326844269,0.9337931034482758,39.80262257354244,22.832291171271507,-0.23330540362922728,461.32939438700146,769.3604135893648,0.7249931551522685,1.743260116778104,0.4263621416130362,29.35954992478095,0.3957615296241589,0.23358450348708934,0.9729075196585993,-0.23119463270532928,1.0524720973894244,1.108615516835601,1.313180083929353,0.8634913197948675,0.7119645494830132,0.8387491471362161,769.3604135893648,461.32939438700146
355,388.0,80.8700576850888,0.8765532984580581,0.9533169533169533,32.18124252384781,15.488986645770654,0.15977977223944995,461.55927835051546,1186.110824742268,0.7455316475508957,2.0776854716079867,0.5186951953675316,22.22649192646566,0.6101393131390268,0.23370090043064073,0.9872623457268077,0.15910078789874396,0.9135302517398597,1.5138210540146513,1.9151762102854253,0.6908419092150688,0.7465635738831615,0.7625557768054433,1186.110824742268,461.55927835051546
356,149.0,43.798989873223334,0.6782331224389184,0.9551282051282052,16.17432935359292,11.88565430141918,-0.8504095121132837,455.503355704698,21.20805369127517,0.9760407349529964,1.36082784703419,0.2651531917285378,13.773623058786647,0.01090949263954484,0.23063461048339137,0.6596754321275612,-0.7515506132306163,1.2037908162587863,1.397014993337216,2.0202719893784975,0.6491991977857966,2.9351230425055927,0.739067235343606,21.20805369127517,455.503355704698
357,666.0,100.66904755831213,0.7794056185680723,0.958273381294964,37.08460069902121,23.2342313435867,1.271370680957847,460.0855855855856,816.7147147147147,0.8258328870684923,1.5961191119523563,0.37348034209250813,29.120053859730724,0.4201207380219726,0.23295472687877752,0.29497145645845846,0.9555060648027179,0.7062156560146697,1.2867229019425803,1.5980527403086084,0.8354239124580289,0.5975975975975976,0.7883580682331792,816.7147147147147,460.0855855855856
358,522.0,99.39696961967,0.898913522873513,0.9157894736842105,40.0378680140704,17.541634914780214,-0.8401493696665089,464.176245210728,896.2432950191571,0.6639480184105969,2.282447913696763,0.5618739012622849,25.780439141949365,0.46103050155306435,0.23502594694214074,0.6673515913012428,-0.7447428103632145,1.1282632959645966,1.7756418461441257,1.915756807776127,0.6224502944800258,0.6232439335887612,0.7664520113831989,896.2432950191571,464.176245210728
359,542.0,96.22539674441619,0.89171297504724,0.9525483304042179,39.52918848469516,17.89096355337973,-0.8701708387205858,464.7472324723247,1623.7693726937268,0.7355796904795718,2.2094499475534293,0.5473986631345411,26.26967516446403,0.8352723110564438,0.23531505441636694,0.6446959608530168,-0.7644390872134975,1.2168194143371283,1.509770113529736,1.6427846455747315,0.6865971832384888,0.39913899138991393,0.9057291918337604,1623.7693726937268,464.7472324723247
360,270.0,63.35533905932737,0.8399649023606086,0.9507042253521126,25.20669758569866,13.678180800797033,-0.8559409477942366,459.8740740740741,538.7111111111111,0.8452928378599756,1.842839918026954,0.4573592691270465,18.5411616971131,0.2771147690900777,0.23284763244256915,0.6555082075021864,-0.755188049360734,0.8748925938285095,1.1172954122054228,1.5447981212658697,0.8481797473970454,1.0543209876543211,0.8245526113581311,538.7111111111111,459.8740740740741
361,325.0,65.94112549695427,0.6051214065660733,0.9643916913946587,22.856920338322933,18.197153291485776,-1.0751527274406596,460.5169230769231,448.58153846153846,0.9392485083118527,1.2560712091718986,0.20386679298279675,20.342144725641095,0.23075182019626464,0.23317312560856865,0.47559790014141895,-0.8796627975429409,0.6667793835943288,1.1304090846131039,1.326411181151322,0.9604303805757796,1.1425641025641025,0.6362041455195707,448.58153846153846,460.5169230769231
362,387.0,91.1543289325507,0.923760204006039,0.8795454545454545,37.12892009115049,14.21931413341361,-0.9524163856370235,465.6434108527132,477.59173126614985,0.5852834350057833,2.6111611110624646,0.6170286100833102,22.197831060995757,0.24567475888176432,0.23576881562162694,0.579715867634381,-0.8148186993515286,0.557749540596515,0.6678505615904833,1.326411181151322,1.1755433918284484,0.6391042204995694,0.8400426427393851,477.59173126614985,465.6434108527132
363,472.0,84.42640687119284,0.7649001440365607,0.9554655870445344,31.03406543111351,19.99055824955297,-1.212599839948276,463.5021186440678,1129.8940677966102,0.8321377990486275,1.5524361572947818,0.3558511277252372,24.514670406003766,0.5812212282904373,0.23468461703497104,0.3505857590444646,-0.9365306324702981,1.1454994875940936,1.507244084020556,2.5189700765041745,0.5800785202195465,0.6137005649717514,0.7625557768054433,1129.8940677966102,463.5021186440678
364,51.0,25.899494936611664,0.8189108657361426,0.9272727272727272,10.689567919455493,6.13496452738312,0.0276290239234675,458.8627450980392,1597.3921568627452,0.9554268678719678,1.7424009334924626,0.42607927901209086,8.058239062071396,0.8217037843944163,0.2323355671382477,0.999618342798026,0.027625508895371294,0.5847460702979095,1.2168194143371283,1.5070180401232267,0.9067324362679312,7.803921568627451,0.8077114072073353,1597.3921568627452,458.8627450980392
365,256.0,65.84062043356595,0.9096264210119911,0.9343065693430657,28.368779696706568,11.785163252782251,-0.756773353656874,464.6953125,462.7890625,0.7420992624271306,2.4071605193936745,0.5845727811073089,18.0540666735282,0.23806021733539096,0.23528876582278482,0.7270551395253096,-0.6865790734429885,0.6667793835943288,0.6678505615904833,1.0492965568380237,1.2584280586898997,1.13671875,0.7877707002656026,462.7890625,464.6953125
366,188.0,51.4558441227157,0.7962567210938207,0.9543147208121827,19.95746246862673,12.073443938489728,-0.30834250555475085,464.75531914893617,1868.781914893617,0.8922741249552187,1.6530049396264657,0.39504113023039544,15.471555655790098,0.9613075693897207,0.2353191489361702,0.9528378944826571,-0.30347973052224886,0.9516558820237617,1.3724320244618387,1.550116482475254,0.7743525376586198,1.0549645390070923,0.851668890563574,1868.781914893617,464.75531914893617
367,293.0,64.52691193458118,0.7775305842951866,0.9606557377049181,24.475641836656195,15.391388035618473,0.9460447975796235,466.00341296928326,189.64163822525597,0.8842920512681013,1.5902166705182863,0.3711548755968719,19.314740138231286,0.09755228303768311,0.23595109517432064,0.5848957542385587,0.8111084740487597,1.3287078903205662,1.9387014117357584,1.9823923777133983,0.571450158119419,1.0853242320819112,0.8955661624630952,189.64163822525597,466.00341296928326
368,157.0,45.79898987322333,0.7552234413491765,0.9751552795031055,17.683956263275512,11.59125738902204,-0.37893773591030155,466.61783439490443,1586.9745222929937,0.9405842830576048,1.5256288140080303,0.3445325685919194,14.138550439257221,0.8163449188749967,0.23626219463033135,0.9290581270423421,-0.36993377323052723,0.5847460702979095,1.6588145840791426,1.9610600613377007,0.7135007418832126,2.3099787685774946,0.8126589354787895,1586.9745222929937,466.61783439490443
369,471.0,100.91168824543142,0.9266008248594592,0.8658088235294118,41.87674796682721,15.747601230725456,1.1485501342127429,475.30573248407643,428.2929936305732,0.5812297391257981,2.6592461514151537,0.6239535781718302,24.488687706168772,0.2203153259416529,0.24066113037168427,0.4098103962864771,0.9121707291376547,1.1304090846131039,1.624984140508327,2.261889554534348,0.5979332104151047,0.6850672328379335,0.7555437352482556,428.2929936305732,475.30573248407643
370,622.0,98.76955262170048,0.7617046512011498,0.9452887537993921,35.80023392302627,23.195844980094616,0.19321698199085882,485.15755627009645,54.88263665594855,0.8012242319160996,1.5433899456453533,0.3520756029145571,28.14169498849121,0.028231808979397404,0.24564939557979568,0.9813915991379075,0.19201700221996137,1.2026266422739593,1.787874468720972,2.0202719893784975,0.5987100073991426,0.512325830653805,0.876351220752099,54.88263665594855,485.15755627009645
371,410.0,91.01219330881976,0.8925157076511476,0.8316430020283976,36.357829206226526,16.39797395651181,0.9417074660750415,481.05853658536586,1148.3073170731707,0.6220059793272027,2.2172147182724635,0.5489836903215458,22.847936741452536,0.5906930643380508,0.24357394257486878,0.5884082878953294,0.8085639657665231,1.1454994875940936,1.7056403479231708,1.9151762102854253,0.6294169272811563,0.9829268292682927,0.8019568985202058,1148.3073170731707,481.05853658536586
372,198.0,53.45584412271571,0.8198213377887903,0.9473684210526315,21.01709926077429,12.034798710634137,-1.0481301031276153,474.59090909090907,919.0353535353536,0.8707323310632021,1.74636068006715,0.42738060275065937,15.877702285203682,0.4727548114893794,0.24029919447640966,0.4991921690411876,-0.8664913031115514,1.1282632959645966,1.6783005827052833,2.2347955323630524,0.5950775882859194,2.1885521885521886,0.6975239071656635,919.0353535353536,474.59090909090907
373,161.0,49.112698372208094,0.8345876465018613,0.9526627218934911,19.525906992044025,10.756337464509501,-0.8418112551689744,476.9751552795031,482.59627329192546,0.8387801574791719,1.8152932684075493,0.44912482329797787,14.317526556719258,0.24824911177568182,0.24150640773645726,0.6661129930245875,-0.7458508433486054,0.557749540596515,1.0492965568380237,1.3162209489010088,1.0262490400118047,1.6666666666666665,0.6830117467512712,482.59627329192546,476.9751552795031
374,318.0,69.35533905932738,0.7509797859670942,0.9436201780415431,25.09387474348937,16.570117693721357,-0.5360345565684534,484.37106918238993,514.688679245283,0.8307630757658361,1.5144053414296375,0.3396748065772309,20.12188299403865,0.2647575510521003,0.24525117426956453,0.8597407095967852,-0.5107307629877177,0.5795806134591427,0.7866420021732915,0.8882226929475391,1.330704270617075,0.6027253668763103,0.7232160329362953,514.688679245283,484.37106918238993
375,144.0,50.9350288425444,0.9028804397064006,0.8520710059171598,21.163081551685504,9.097834037559721,-0.16693631142909715,481.9236111111111,527.3263888888889,0.6974920201047956,2.32616702660384,0.5701082559578788,13.540550005146152,0.27125843049839965,0.24401195499296763,0.9860984626897812,-0.16616203501657728,0.5795806134591427,1.0651624502106647,1.1172954122054228,1.0861543118255677,1.9837962962962965,0.8088531498363342,527.3263888888889,481.9236111111111
376,576.0,90.18376618407356,0.7159656322203738,0.9616026711185309,32.47968301134444,22.67522060241941,1.3646497150193395,486.4739583333333,746.2951388888889,0.8899705003280033,1.4323866382970893,0.30186447341559786,27.081100010292303,0.3838966763831733,0.24631592827004217,0.20468962869588472,0.9788269284732316,1.3007420819807445,1.5362947124648625,1.571027009319421,0.6805709113007011,0.9010416666666666,0.8092037945666255,746.2951388888889,486.4739583333333
377,192.0,53.112698372208094,0.6465580758292129,0.9365853658536586,18.232837464550272,13.909189326251697,-0.3754546373282395,483.9947916666667,775.078125,0.8552919026025476,1.310848320263948,0.23713523178742502,15.635280380893438,0.39870273919753085,0.24506065400843882,0.9303410045883381,-0.36669553471723887,1.0524720973894244,1.3007420819807445,1.9381552913119064,0.6990775370183114,3.3697916666666665,0.8207633271417775,775.078125,483.9947916666667
378,544.0,86.76955262170048,0.7064139720573872,0.9731663685152058,31.49688394157414,22.293460190881714,-0.39905082753266696,494.0202205882353,180.37132352941177,0.90797532674421,1.4128306540075253,0.2922010878207675,26.318098569918163,0.0927836026385863,0.2501368205510052,0.9214302042112178,-0.38854392128467713,1.1114830678670236,1.2753203019139665,1.3287078903205662,0.8074258937700005,0.7126225490196079,0.7783035824354058,180.37132352941177,494.0202205882353
379,306.0,72.5269119345812,0.881668895868814,0.9161676646706587,28.99977549035884,13.68408291986459,1.062946766092476,492.4575163398693,842.0522875816994,0.7310261585662587,2.1192341247991946,0.52813141865826,19.738573927438622,0.43315446892062726,0.2493455778936047,0.48629933548306337,0.8737922844181739,1.0742959422675709,1.29472987798051,1.4966569055052248,0.7760595508818923,1.2407407407407407,0.8604167831764121,842.0522875816994,492.4575163398693
380,528.0,97.84062043356595,0.9068451276955503,0.882943143812709,41.02164025779469,17.28914512877019,1.312343397735355,497.35795454545456,874.9299242424242,0.6931151481434872,2.3726818158019958,0.5785359868567175,25.928179257714298,0.45006683345803716,0.25182681242807825,0.25558517098432726,0.9667865433346248,1.2255321334695972,1.4966569055052248,1.7756418461441257,0.6669881719931904,0.8503787878787878,0.7521327404888805,874.9299242424242,497.35795454545456
381,299.0,65.45584412271572,0.46507319885448173,0.943217665615142,21.072738803160146,18.65511045460558,-1.0721795377023413,496.2006688963211,152.1304347826087,0.8769689086320726,1.1295960350616794,0.11472777084827768,19.511499785403828,0.07825639649311146,0.25124084501079547,0.47821119858373823,-0.8782448687860945,0.8791158315103431,0.9100881192800654,1.2753203019139665,0.9789447733535039,1.3054626532887401,0.7900596783894266,152.1304347826087,496.2006688963211
382,359.0,88.2842712474619,0.9527314839057337,0.9020100502512562,39.36330330372735,11.959107923040913,0.02655807730501834,506.83286908078,1198.2284122562673,0.5788121510679535,3.291491602637717,0.6961863736189922,21.37973331358283,0.6163726400495202,0.25662423750925567,0.9996473549932964,0.026554955373835253,0.9604507467075021,1.622459521023523,2.110178793949058,0.6392378155563977,0.7632311977715878,0.8240011364073112,1198.2284122562673,506.83286908078
383,162.0,53.11269837220809,0.9073416026502792,0.9101123595505618,22.734501217034857,9.5574506319482,0.7110240356672255,497.61728395061726,503.2962962962963,0.7216525428208996,2.3787202353982377,0.5796058800363368,14.361922094451577,0.25889727175735405,0.25195811845600874,0.7576939774488476,0.6526100187230849,0.7283751673342068,0.7866420021732915,1.087576141428345,1.152696422984833,1.9958847736625513,0.7895434828529796,503.2962962962963,497.61728395061726
384,366.0,77.25483399593904,0.856615483994934,0.9556135770234987,30.50299618942493,15.738183761231339,0.9282791010399774,503.39617486338796,1219.2814207650274,0.770618839490894,1.9381522450236284,0.4840446602852869,21.587164551489145,0.6272023769367425,0.2548841391713357,0.5992126032885713,0.8005899425174746,0.9604507467075021,1.622634956802089,1.753907250084888,0.6917235126041914,0.616575591985428,0.8198212015029993,1219.2814207650274,503.39617486338796
385,269.0,67.11269837220809,0.8848258153332109,0.9405594405594405,27.444783137954097,12.787127260668385,-0.41698773906825676,503.7732342007435,518.2565055762082,0.7505035358831907,2.146282161621308,0.5340780360189934,18.5067943613625,0.26659285266265853,0.2550750552915157,0.9143130767853633,-0.40500814512708544,0.7283751673342068,0.8882226929475391,1.0651624502106647,1.1186682076927135,0.7732342007434945,0.749969212897177,518.2565055762082,503.7732342007435
386,436.0,96.91168824543142,0.9495650962929879,0.9217758985200846,42.666889550668486,13.379055399965889,0.44607148303031346,511.54357798165137,1889.1422018348624,0.5833699236851841,3.1890808637190684,0.6864300271038559,23.56124872549269,0.9717809680220485,0.25900940657298804,0.9021489190376599,0.4314247650276718,2.297440657938226,3.1112350670518496,3.6177049435572592,0.3323591271143239,0.3409785932721712,0.9210012457144238,1889.1422018348624,511.54357798165137
387,56.0,28.142135623730947,0.7129776715461106,0.9180327868852459,10.166790136988148,7.128818399975431,-1.3142101783037783,501.92857142857144,133.46428571428572,0.888553921018026,1.4261536157272834,0.29881326319111945,8.444016491289505,0.06865446796002352,0.25414104882459315,0.2537799483592745,-0.9672619799262059,0.8791158315103431,1.1705476462120832,1.4571108991454356,0.855487030984726,7.886904761904762,0.6880913066111928,133.46428571428572,501.92857142857144
388,339.0,73.45584412271572,0.8223862981623442,0.9262295081967213,27.916803674159485,15.882693171261622,0.29697171154054863,511.3834808259587,59.94690265486726,0.7895085809061192,1.7576870227948846,0.4310704994510868,20.775663783985824,0.03083688408172184,0.25892834472200443,0.956227027721064,0.29262582158063105,1.0383117398792534,1.2026266422739593,1.5872815127648214,0.7836540434844151,1.2684365781710913,0.8507651277339426,59.94690265486726,511.3834808259587
389,383.0,78.18376618407358,0.8741445973105274,0.9598997493734336,31.790892770713306,15.439747854945242,1.2835240842385198,509.21409921671017,482.1070496083551,0.7873638369099122,2.0590292710337823,0.5143342476632558,22.082815618339236,0.24799745350224028,0.25782992365403046,0.2833373076459906,0.9590203178744031,1.087576141428345,1.2854190531631782,1.4517141178668007,0.7843733353089144,0.5752828546562229,0.7422488078513827,482.1070496083551,509.21409921671017
390,519.0,87.01219330881977,0.7458255607748249,0.9522935779816514,31.791986156880817,21.177955019845683,0.7765908152510692,513.6088631984586,853.0944123314066,0.8614240444897858,1.5011830050204948,0.3338586990022928,25.70625067405882,0.43883457424455075,0.26005512060681446,0.7133070115313228,0.7008517013607467,1.0742959422675709,1.2255321334695972,1.305481014253997,0.8321061870474334,0.5947334617854849,0.8169508212019032,853.0944123314066,513.6088631984586
391,571.0,111.84062043356596,0.9307324907930795,0.8651515151515151,46.73250818453722,17.090112783326383,1.4726074231267134,512.5323992994746,164.04028021015762,0.5736497874060436,2.734476289128462,0.634299260894772,26.963304323539017,0.0843828601904103,0.2595100755946707,0.0980312055078424,0.9951833412726919,0.9100881192800654,1.1114830678670236,1.1146262327235352,0.9565724341816968,0.7612375948628138,0.906205194505615,164.04028021015762,512.5323992994746
392,468.0,82.5269119345812,0.7316573338120896,0.9531568228105907,29.76253628817005,20.28830576240957,0.21398047427105438,521.6880341880342,39.31623931623932,0.8635043463971814,1.466979876817238,0.3183273909867109,24.410573670769317,0.020224402940452326,0.2641458400952072,0.9771933996109702,0.2123512650227324,0.9369585762857122,1.0383117398792534,1.6670558583027537,0.8236494636393767,0.8034188034188035,0.8077406252537757,39.31623931623932,521.6880341880342
393,92.0,33.55634918610404,0.6242890303418954,0.968421052631579,12.292828013379685,9.603076728167817,-1.126861603179129,514.945652173913,824.1304347826087,1.0267111568959635,1.2800926579418312,0.21880654982598835,10.823032759612019,0.4239354088387905,0.2607319757842598,0.4294961064120227,-0.9030687097762343,1.29472987798051,1.305481014253997,1.8637614994368754,0.672047167136881,3.268115942028986,0.8724128701779724,824.1304347826087,514.945652173913
394,613.0,99.05382386916237,0.8411162006067255,0.9401840490797546,38.80040746839289,20.985373076679856,0.6332303382753054,530.278955954323,509.1435562805873,0.7851051879563555,1.8489262652904712,0.4591455490828362,27.937355653723827,0.261905121543512,0.26849567390092305,0.8061201588464226,0.5917518817050085,0.902737384091467,1.2619751170559514,1.493960366722745,0.8199694556858266,0.4181620445894508,0.712823267319389,509.1435562805873,530.278955954323
395,455.0,96.52691193458118,0.9067183652681464,0.8766859344894027,39.6106503706455,16.705263185692782,1.4343355719316213,527.6813186813187,137.02637362637364,0.6136552237954623,2.3711479388466046,0.5782633451009265,24.069150231250354,0.07048681770903995,0.26718041452218666,0.1360376308364655,0.9907036706283072,1.1705476462120832,1.394485941705413,1.5317961946450072,0.7322735283679632,0.6293040293040293,0.8101805994880954,137.02637362637364,527.6813186813187
396,232.0,54.8700576850888,0.5189880617870691,0.9626556016597511,18.660272042423742,15.950455097395652,1.2016485147939016,528.5905172413793,103.01724137931035,0.9683380900402164,1.1698896318933585,0.14521851229539295,17.186959427966244,0.05299240811692919,0.2676407682234832,0.3608207825790943,0.9326351713607042,1.2245359664348392,1.5317961946450072,1.8221812843486551,0.6552345069545233,1.011494252873563,0.8131438863590136,103.01724137931035,528.5905172413793
397,461.0,78.76955262170047,0.6534812541768824,0.9705263157894737,27.865321257713074,21.092451497329133,1.0660898799246534,534.2494577006507,175.92407809110628,0.9336713481405622,1.321103962772728,0.24305730042531704,24.22732816723524,0.09049592494398472,0.27050605453197507,0.4835505092759233,0.875316459904071,1.1146262327235352,1.7761476846086848,1.8223412844875861,0.6365216786641781,1.1352133044107016,0.6984267793152386,175.92407809110628,534.2494577006507
398,250.0,58.2842712474619,0.7515746619292867,0.9689922480620154,22.01217876434332,14.52029042569717,0.5565551602254022,533.776,1243.664,0.9247985312609008,1.5159599511444648,0.3403519669203292,17.841241161527712,0.6397448559670782,0.270266329113924,0.8490799315868226,0.5282643938185846,0.9921359765441168,1.3218894411421422,1.343825246471536,0.8201537666357238,0.9253333333333333,0.8408001160142814,1243.664,533.776
399,651.0,131.49747468305833,0.9219042489438841,0.7910085054678008,52.62667054662833,20.38850919769826,-0.41115609911577666,557.5253456221199,1024.852534562212,0.4731033545360922,2.581192672614316,0.6125821948087403,28.79025779013781,0.5271875177789156,0.282291314239048,0.9166593781318334,-0.39966934393691056,0.8199566761004045,2.250739447175289,2.3236799809158426,0.5561347488672399,0.5821812596006144,0.8073478766790344,1024.852534562212,557.5253456221199
400,338.0,79.84062043356595,0.9306738553166283,0.9441340782122905,34.74272182849406,12.710622526978549,1.1484409601989225,536.6153846153846,490.1213017751479,0.6663137232540767,2.7333611516471317,0.6341500648762067,20.7449985808745,0.25212001120120775,0.2717039922103213,0.4099099791838108,0.91212598305581,0.902737384091467,1.2854190531631782,1.8533712000832847,0.7422935754006219,1.1420118343195267,0.7647071892290557,490.1213017751479,536.6153846153846
401,231.0,60.2842712474619,0.878472442798393,0.9506172839506173,24.81724600059496,11.85750684414747,-0.35756060301621984,540.0822510822511,1019.6190476190476,0.7987554113099578,2.092956498089145,0.5222069828431728,17.14987856615383,0.5244953948657652,0.27345936763658285,0.9367533749283669,-0.349990163519369,0.8199566761004045,2.605516316097648,3.070762504378326,0.46180591845554997,2.2467532467532467,0.698797191087746,1019.6190476190476,540.0822510822511
402,664.0,106.9116882454314,0.7024263477852374,0.908344733242134,35.871437439745264,25.531726510400418,-0.9409429168132618,543.9457831325301,871.5376506024096,0.7300079139216747,1.4049749994436505,0.28824356277087826,29.076297180076903,0.44832183672963455,0.27541558639621777,0.5890263028454528,-0.8081138623710256,1.0,1.1322393915509366,1.5985218450331364,0.804125434397092,0.5627510040160643,0.881612082380872,871.5376506024096,543.9457831325301
403,68.0,29.899494936611667,0.8428432801844612,0.9855072463768116,12.768626506559006,6.871552408249578,0.2716546255018282,539.0882352941177,1214.2941176470588,0.955852922180144,1.8581865854984605,0.46184091102361013,9.304852983362556,0.6246368917937545,0.27295606850335075,0.9633282366312721,0.26832575073757603,0.9623175595311896,1.343825246471536,1.5166871183085695,0.7847589506719862,5.137254901960784,0.8877135121005866,1214.2941176470588,539.0882352941177
404,200.0,53.21320343559643,0.7645185261388049,0.9569377990430622,20.075192391597916,12.940504257575483,1.4043832482556609,542.2,42.825,0.887566804888547,1.5513454492969796,0.35539824450242974,15.957691216057308,0.02202932098765432,0.2745316455696203,0.16564605314648842,0.986185269144186,0.7855024821923187,0.9369585762857122,1.0135036737162655,1.0965053623311667,2.0866666666666664,0.8738064844959511,42.825,542.2
405,193.0,50.8700576850888,0.6808062157911071,0.946078431372549,18.395468507550532,13.47401072526934,-1.0312056714641633,544.1709844559585,80.72538860103627,0.9372225142635524,1.3652555933513861,0.2675364196492821,15.67594437773643,0.041525405658969276,0.2755296123827638,0.5137848501113192,-0.8579190683252641,0.9436336503774044,1.2245359664348392,1.7087574811774209,0.7738087212306921,1.0829015544041452,0.9558911706842582,80.72538860103627,544.1709844559585
406,77.0,30.727922061357855,0.7258215416862487,0.9746835443037974,12.012623513242664,8.263280093342114,-0.5044729846614613,547.5584415584416,849.6233766233767,1.0247884074778726,1.4537354873062416,0.3121169506200947,9.901487006738307,0.4370490620490621,0.2772447805359198,0.8754293268186107,-0.4833461427858031,1.0,1.53653614925082,1.8637614994368754,0.6817720616910296,5.51948051948052,0.8727143717691414,849.6233766233767,547.5584415584416
407,355.0,84.18376618407356,0.8809586067632682,0.8942065491183879,32.44897619297481,15.354639292306661,0.5435438440780146,554.6084507042253,1250.8450704225352,0.629479389217685,2.113301105629564,0.5268066640687747,21.260292528114064,0.6434388222338144,0.2808144054198609,0.8558812814847564,0.5171723426518584,0.6685231884609578,0.9921359765441168,1.1334694739295166,1.0736799867395899,0.8497652582159625,0.8723199297556262,1250.8450704225352,554.6084507042253
408,589.0,99.59797974644665,0.4566289848997445,0.8910741301059002,29.916304726604434,26.615256513419684,-1.3141164284204134,558.6400679117148,36.98641765704584,0.7461464899666607,1.1240284199973924,0.11034277940915416,27.384997568906428,0.019025935008768438,0.28285573058821006,0.25387062794170184,-0.9672381838350294,0.7855024821923187,1.1520615919927493,1.6670558583027537,0.8322652751713194,0.48839841539332207,0.9209465894699133,36.98641765704584,558.6400679117148
409,527.0,90.91168824543142,0.8286744129556292,0.956442831215971,34.86165449519173,19.513146395134406,-0.7869545746823167,560.46110056926,1214.4003795066415,0.8012739683958434,1.7865726925455991,0.4402690670396684,25.903614421069328,0.6246915532441571,0.28377777244013164,0.7060053762037847,-0.7082064732628137,0.9623175595311896,1.083517014117589,1.5617481397639856,0.8315817649436532,0.5705249841872233,0.9070345305636242,1214.4003795066415,560.46110056926
410,195.0,49.21320343559643,0.3811182067120503,0.975,16.45431613770116,15.212448312554818,1.2345370800791753,553.8051282051282,62.11282051282051,1.0117686171240114,1.0816349741758156,0.0754736820876376,15.756957549709801,0.031951039358446766,0.2804076598506978,0.32995815447532467,0.9439955594679659,0.9436336503774044,1.0135036737162655,1.1520615919927493,0.9648787616895643,1.6786324786324784,0.8569786030395866,62.11282051282051,553.8051282051282
411,525.0,93.25483399593905,0.8493718293511615,0.9178321678321678,36.2840270792237,19.15052578576051,1.16713277639877,561.3295238095238,889.7085714285714,0.7586237951749575,1.8946752420867163,0.47220506301721565,25.854414729132053,0.4576690182245738,0.2842174804098855,0.39279007482390554,0.9196281624220904,1.1322393915509366,1.5529427025062958,1.818870267896078,0.6660668568912829,0.7466666666666667,0.836255666648131,889.7085714285714,561.3295238095238
412,259.0,59.941125496954285,0.6445249103547516,0.9487179487179487,20.897444237446198,15.977837112961305,0.7135971069435281,560.1969111969112,537.4864864864865,0.9058574105040205,1.3079019450319769,0.2354166886910234,18.159544104586082,0.2764848181514848,0.28364400566932213,0.7560122589786882,0.6545574568163905,1.8199711713280264,1.8555429827436254,2.3822884248854743,0.49522908033038965,1.821106821106821,0.6872578032955046,537.4864864864865,560.1969111969112
413,350.0,79.49747468305833,0.9102614245319781,0.9308510638297872,33.11964453755805,13.712658340636402,-0.547712269358274,565.8771428571429,1164.962857142857,0.6959391080751439,2.4152606821254015,0.5859660170843292,21.11004122822376,0.5992607289829511,0.2865200723327306,0.8537180576733991,-0.5207355163634978,1.3633015958447952,1.567280879197089,2.239224617969706,0.5802924453516499,1.2209523809523808,0.8308723447610974,1164.962857142857,565.8771428571429
414,271.0,60.2842712474619,0.6235486672492311,0.9609929078014184,21.182054504129898,16.559802636363365,-1.4721262224223246,562.6531365313654,1238.3653136531366,0.9370680366450153,1.2791248162352258,0.21821546473999132,18.575465448360347,0.6370191942660167,0.2848876640665141,0.09851007706441321,-0.9951360533699718,0.6685231884609578,1.083517014117589,1.3125709795671112,0.978917005027561,1.2927429274292743,0.802523935419285,1238.3653136531366,562.6531365313654
415,384.0,79.94112549695429,0.8839615387116249,0.9481481481481482,32.51994240091817,15.205011905275684,1.4128551195150232,563.5442708333334,1274.3802083333333,0.7550932213609626,2.1387646786146033,0.532440380188177,22.111625566165472,0.6555453746570644,0.2853388713080169,0.15728537406081025,0.9875531940642747,0.7712575964636301,1.1334694739295166,1.6220541539268578,0.850633994338117,0.5850694444444444,0.798589979922844,1274.3802083333333,563.5442708333334
416,341.0,73.94112549695427,0.8176411684794384,0.9316939890710383,27.964848335884078,16.10015080801626,0.31935345814264343,569.4633431085044,1674.7888563049853,0.7837763038610353,1.7369308318503693,0.42427183531845636,20.83685880248485,0.8615169013914533,0.2883358699283567,0.949438600118668,0.3139527744816155,1.6632166973559865,2.711000012947519,4.632921386850454,0.3330691688792835,0.9560117302052786,0.7433819490403545,1674.7888563049853,569.4633431085044
417,743.0,136.22539674441617,0.958967834021392,0.8951807228915662,59.981605022222375,17.005678198622906,0.2886942802378887,589.3176312247645,215.4656796769852,0.5031326660364192,3.5271515973458554,0.7164851091876829,30.757389059187485,0.11083625497787304,0.2983886740378554,0.9586164320211032,0.28470078373465973,2.054666045046404,3.0524059307415503,4.160955302689463,0.3236934797296852,0.6123822341857336,0.7376276741274079,215.4656796769852,589.3176312247645
418,48.0,26.970562748477143,0.7670471840300607,0.9411764705882353,10.229658854323434,6.563253914514078,-1.1509673515619427,570.2916666666666,1290.125,0.8292225139058317,1.5586261003404749,0.358409306900767,7.817640190446719,0.6636445473251029,0.28875527426160336,0.40760428627363343,-0.9131586640947793,0.7712575964636301,1.2744690659418967,1.904322195751835,0.7594842767082771,8.131944444444445,0.754975016990039,1290.125,570.2916666666666
419,424.0,76.76955262170047,0.575788739542332,0.952808988764045,25.77060808674529,21.070010834382302,1.5465593919582685,581.2429245283018,917.8702830188679,0.9040609300033277,1.223094201958952,0.1824014876381853,23.23474912642073,0.47215549538007606,0.2943002149510389,0.024234561993215824,0.999706299872616,1.3579438838110276,1.48222170973561,1.5529427025062958,0.6828877864666809,0.9827044025157233,0.781542159231032,917.8702830188679,581.2429245283018
420,563.0,92.42640687119285,0.7852155285675427,0.9542372881355933,34.48491565941978,21.353837613537713,1.2000624256983934,584.1758436944938,1189.0870337477797,0.8281826328657131,1.6149282524073023,0.3807774441314379,26.77375326109316,0.6116702848496809,0.29578523731366774,0.3622995705797917,0.93206170458704,1.1970209913223013,1.3633015958447952,1.5617481397639856,0.7277895501403797,0.6329188869153345,0.7867911698309076,1189.0870337477797,584.1758436944938
421,369.0,84.76955262170047,0.9396164487403447,0.9437340153452686,37.15312054703778,12.714888363415797,0.41481062383558814,591.5880758807588,1928.121951219512,0.6452922480231345,2.922017046876907,0.6577706481661995,21.675455981530703,0.9918322794339054,0.29953826626873864,0.9151926586471613,0.40301662193802945,1.481482562277464,2.50455001931218,4.008595099175862,0.37525199668995,0.9051490514905149,0.6883634973563617,1928.121951219512,591.5880758807588
422,266.0,59.698484809834994,0.5677681724442232,0.9568345323741008,20.366601400772065,16.765552005578314,1.1342078593397857,584.9248120300751,983.0413533834586,0.9379180277412494,1.2147885971184005,0.17681150253459765,18.403307281560924,0.5056797085305857,0.2961644617873798,0.4228504026517257,0.9061995017529382,0.8677073915845692,1.2003585646537385,1.760900237453408,0.7835013025036757,2.556390977443609,0.7707822843479072,983.0413533834586,584.9248120300751
423,432.0,78.52691193458118,0.7361912096142832,0.9494505494505494,28.795740412566815,19.488196844742163,-1.2293156051820322,587.1435185185185,1312.8680555555557,0.8803524403914693,1.4775990124676819,0.3232264020466974,23.452920571340155,0.6753436499771377,0.2972878574777309,0.33488268324833326,-0.9422598306520322,1.2744690659418967,1.8701520909915939,2.032721286252919,0.579447860156154,0.6558641975308641,0.7088399809683489,1312.8680555555557,587.1435185185185
424,84.0,40.38477631085023,0.9376449112024632,0.8484848484848485,18.202215366604854,6.32699215035364,-1.1898505225703992,581.702380952381,1369.607142857143,0.6472227683308057,2.8769144854379913,0.6524053790748123,10.341765891652821,0.7045304232804233,0.2945328511151296,0.37179863831487014,-0.9283134021154754,2.5663771054666857,3.615345924000421,3.813304919037718,0.30014923574563646,3.5634920634920633,0.7505930539785178,1369.607142857143,581.702380952381
425,393.0,78.01219330881975,0.6844485681848064,0.9379474940334129,26.72334157541408,19.48295008712359,1.5190403213878119,589.5419847328244,964.3307888040713,0.8114792850856842,1.3716270614005068,0.2709388520091278,22.36924542940416,0.49605493251238236,0.29850227075079716,0.05173290217019204,0.9986609568983106,0.8677073915845692,1.0485810968208955,1.6286809242167362,0.8462696432071358,1.6200169635284138,0.8215733104040462,964.3307888040713,589.5419847328244
426,335.0,68.52691193458118,0.7027729680260714,0.9517045454545454,24.623130329678304,17.517244417022784,-0.2467367990173275,594.5641791044776,1224.9731343283581,0.8964629561217282,1.4056508971097197,0.2885858060090265,20.65272978291924,0.6301302131318715,0.3010451539769507,0.9697145904027867,-0.24424089166221843,0.8779530878952544,1.3546454214768942,1.3788001277543285,0.8307030880387783,1.0985074626865672,0.7699356866191076,1224.9731343283581,594.5641791044776
427,749.0,111.35533905932739,0.8898830069925062,0.9714656290531777,46.0014061951714,20.98532692680588,-0.09273288492146775,606.2202937249666,20.162883845126835,0.7590486155643273,2.1920747937651095,0.5438111861674213,30.881327999401787,0.010371853829797755,0.3069469841645401,0.9957033863720275,-0.09260003438053867,2.272254771093856,2.4252623757559664,3.0227424472886772,0.3885879695389658,0.5393858477970628,0.8165163757535855,20.162883845126835,606.2202937249666
428,464.0,97.74011537017762,0.9347253171742808,0.9169960474308301,42.247431963630646,15.013514153013997,0.6075286109842628,599.3685344827586,547.4612068965517,0.6103544986760814,2.813960244953669,0.6446289524547051,24.306031118985995,0.2816158471690081,0.30347773897861197,0.8210612916457214,0.570840043585819,1.4211600303603371,1.8199711713280264,1.8566274051272935,0.5884939306441516,0.5926724137931034,0.8925609394140182,547.4612068965517,599.3685344827586
429,169.0,46.62741699796952,0.6592411966857663,0.9602272727272727,16.9246401274984,12.726170757168468,-0.5093707914826006,591.2189349112426,1244.1834319526627,0.9768184486443268,1.329908300811145,0.24806845750938278,14.668929172241665,0.6400120534735919,0.2993513594487304,0.8730515001459875,-0.48762801200591493,0.8779530878952544,1.3125709795671112,1.4119581623634188,0.8327591390076281,2.2958579881656807,0.806481486138284,1244.1834319526627,591.2189349112426
430,391.0,83.59797974644665,0.8025728035190156,0.8988505747126436,29.493963271688447,17.59474720739224,0.13438882760800283,603.6189258312021,1660.7186700767263,0.7030643175673631,1.6762936644691824,0.4034458154939925,22.312253628700276,0.8542791512740362,0.3056298358638998,0.990983404015225,0.1339846743713528,1.6258949479735398,1.6632166973559865,3.516107482416755,0.44083811905018333,0.7911338448422847,0.7702859444715786,1660.7186700767263,603.6189258312021
431,640.0,108.32590180780451,0.8711854726607988,0.9052333804809052,42.72097729911443,20.974036520983496,-0.6650234502561069,608.0953125,1014.5484375,0.6853701909858964,2.0368505249990476,0.509045957115352,28.54598585844434,0.5218870563271605,0.30789636075949367,0.7869023147173659,-0.6170775859585661,1.1442524353177892,1.760900237453408,1.7888329691174671,0.6391157171910148,1.0302083333333334,0.829686727389504,1014.5484375,608.0953125
432,192.0,52.87005768508881,0.7345065846231777,0.9320388349514563,19.13355627769323,12.984061137132347,-0.2538271549280526,600.5416666666666,1168.1354166666667,0.8631604330217357,1.4736187757907506,0.32139844006575213,15.635280380893438,0.6008927040466393,0.3040717299578059,0.9679584748631115,-0.25111031627688907,0.8030343545056287,1.1970209913223013,1.567280879197089,0.8409636240494713,1.65625,0.7709915878152799,1168.1354166666667,600.5416666666666
433,372.0,74.1126983722081,0.5839612637505724,0.9370277078085643,24.291990257583056,19.719788868270182,1.515508165701671,602.4032258064516,578.8790322580645,0.851074449007649,1.23185853661292,0.1882184761656407,21.76338922689847,0.2977772799681402,0.3050142915475704,0.0552599981001545,0.998471998911322,0.7272230834483457,1.3343874036542873,1.4211600303603371,0.8613831962105142,0.7473118279569892,0.7971897310437758,578.8790322580645,602.4032258064516
434,533.0,93.84062043356595,0.871412337514557,0.9500891265597148,37.47396407398501,18.38290026847231,-0.1135695318752757,611.4615384615385,863.328330206379,0.7605982679291251,2.0385229494093995,0.5094487406728878,26.05065598682386,0.4440989352913472,0.3096007789678676,0.9935579093769724,-0.11332555190450155,1.3033451880486333,1.3034818346017365,1.3662299508938276,0.7550860760307261,0.8217636022514071,0.8410238419135792,863.328330206379,611.4615384615385
435,637.0,106.08326112068522,0.7932188700437834,0.9035460992907801,38.30071714561983,23.32270977778611,1.4131641640064276,607.4050235478807,932.8759811616954,0.7113045264987479,1.6422069952651743,0.39106336601706804,28.479002615897535,0.47987447590622195,0.3075468473660155,0.15698016868002915,0.9876017550820724,1.2209508334204004,1.3579438838110276,1.6286809242167362,0.7129996595777086,0.6980638409209838,0.8861112745332728,932.8759811616954,607.4050235478807
436,88.0,35.55634918610404,0.8075853332494255,0.9072164948453608,13.887077615820827,8.189914231961097,0.7579514296633323,601.6590909090909,892.0454545454545,0.8746981560193908,1.6956316296484009,0.41024926492592273,10.585134856802455,0.4588711185933408,0.30463751438434983,0.7262457928530106,0.6874351230212943,0.7337568002071574,1.3662299508938276,1.48222170973561,0.8374721998449456,5.15530303030303,0.8420252481483524,892.0454545454545,601.6590909090909
437,414.0,81.59797974644665,0.8712811420362104,0.9495412844036697,33.19198080586859,16.290101117852455,-1.1609950568555456,607.3623188405797,636.1811594202899,0.7813603917183939,2.037555234662922,0.5092157586758954,22.959119571977435,0.32725368282936723,0.30752522472940746,0.39842706063761574,-0.9172000203617909,0.799565919852055,1.4844238854153717,1.5174341266135665,0.7891779642991729,0.7093397745571659,0.8937042221861548,636.1811594202899,607.3623188405797
438,1007.0,124.56854249492379,0.8185104023070897,0.9682692307692308,47.52067450889759,27.30023341240907,-1.421240837131781,610.304865938431,974.8798411122145,0.8154973769721413,1.7406691653888022,0.4255082930841506,35.80715321759479,0.5014813997490816,0.30901512199414227,0.14899859875942015,-0.988837407043104,1.0485810968208955,1.2003585646537385,1.7888329691174671,0.7429838860342363,0.4299900695134062,0.81158916793761,974.8798411122145,610.304865938431
439,558.0,109.39696961966999,0.8600793401570372,0.8365817091454273,39.463686201285356,20.13280587315895,0.5825639893107619,617.9336917562724,1260.6075268817203,0.5859134656481081,1.960168217481217,0.48983970300009094,26.654599339742866,0.6484606619761936,0.31287781861077085,0.8350547744703223,0.5501668143702592,1.3237803319309986,1.4119581623634188,1.6824524143728263,0.6790109486022541,0.553763440860215,0.7142273965688531,1260.6075268817203,617.9336917562724
440,423.0,78.42640687119285,0.7863397080449978,0.9701834862385321,29.633720854314163,18.30754542503034,-0.8960581801508357,612.9976359338061,669.4089834515366,0.8642225520579154,1.6186616046189628,0.38220564622869235,23.207333483685147,0.34434618490305385,0.3103785498399018,0.6246928645711538,-0.7808705558246425,1.1013512565059094,1.5174341266135665,1.5956956834476803,0.7118314099922166,0.9054373522458629,0.8318770407437531,669.4089834515366,612.9976359338061
441,404.0,76.76955262170047,0.7616006973873454,0.9505882352941176,28.242328561341246,18.30234460732661,0.41513650665011,617.9480198019802,891.539603960396,0.8614165465126047,1.543098939904976,0.35195341391292767,22.680140565547774,0.45861090738703497,0.31288507331745835,0.915061273861879,0.4033148460920766,0.7337568002071574,1.2397993512635275,1.2936396115406177,0.918218624657791,1.1526402640264026,0.8381557968224448,891.539603960396,617.9480198019802
442,595.0,102.66904755831214,0.6830758983278842,0.8854166666666666,33.930467321915174,24.781028413660064,1.0732256542261844,621.0638655462185,1210.7260504201681,0.7093290777890155,1.369211428820753,0.269652605177814,27.524126309792685,0.6228014662655186,0.3144627167322625,0.47729219061456635,0.8787446527736874,0.9660746027458406,1.3546454214768942,1.4244643992082853,0.801028643938355,0.4515406162464986,0.8431606022745042,1210.7260504201681,621.0638655462185
443,561.0,117.88225099390857,0.8980707680300959,0.7759336099585062,46.57933713692621,20.487967670018495,0.10508705671347832,628.4331550802139,1686.9536541889483,0.50731287556392,2.2734972002659433,0.5601490074924991,26.726155439876237,0.8677745134716812,0.31819400257226016,0.9944834348122762,0.10489374568570461,1.6258949479735398,1.952831111613299,2.375777096383748,0.5038203728201734,0.3042186571598336,0.8363003226116407,1686.9536541889483,628.4331550802139
444,340.0,82.76955262170047,0.9312250062330053,0.8740359897172236,35.60369680201734,12.975580964475547,0.29032698393470174,624.3882352941176,1231.9235294117648,0.6236595334239803,2.7439000149197854,0.6355552335862961,20.806283791440396,0.633705519244735,0.3161459419210722,0.9581503225036665,0.2862655401652806,0.9502045053035328,0.9660746027458406,1.3237803319309986,0.9259089395033364,1.2588235294117647,0.768200620238309,1231.9235294117648,624.3882352941176
445,822.0,114.56854249492379,0.7447431003775724,0.9405034324942791,40.16659910991307,26.805230833368583,-0.5525889387343821,627.4610705596107,839.2007299270073,0.786956823208742,1.4984612279447915,0.33264873234555026,32.35124272377035,0.4316876182752095,0.3177018078782839,0.8511684612927841,-0.5248926085405227,1.3034818346017365,1.7271736032888783,2.1288643251957633,0.5814494638558041,0.6934306569343066,0.7513282966983548,839.2007299270073,627.4610705596107
446,176.0,50.698484809834994,0.7661616217736666,0.9263157894736842,18.987205950338513,12.202088709606885,0.8795235305379021,617.0227272727273,604.6590909090909,0.8604637357248609,1.556061949901217,0.35735206425201593,14.96964127403822,0.3110386270108492,0.31241657077100116,0.6375183053997041,0.7704352083597229,0.9093662896862781,1.3343874036542873,1.3565412823901621,0.8332650575085477,1.6231060606060608,0.8100684544406441,604.6590909090909,617.0227272727273
447,194.0,51.45584412271571,0.6971595312991166,0.9556650246305419,18.672271438623756,13.386450630743134,-1.2728073366076362,617.5567010309278,584.4690721649484,0.920750958730385,1.3948635044259814,0.2830839742907152,15.716503163191918,0.30065281489966483,0.3126869372308495,0.2935984193368066,-0.9559288509941148,0.7272230834483457,0.9093662896862781,1.8566274051272935,0.8588072800602652,1.7388316151202747,0.7739642278028637,584.4690721649484,617.5567010309278
448,283.0,67.79898987322332,0.8785089809740388,0.9464882943143813,27.569325311866862,13.170578866169112,0.058701364895424844,623.9929328621909,1933.8303886925796,0.7736594820968717,2.093250842807175,0.5222741682220273,18.982275710779543,0.9947687184632611,0.31594578879098273,0.998277569568045,0.0586676580180003,1.0233022822123083,1.481482562277464,2.944967475325228,0.5504837328280341,1.0518256772673735,0.6144070431201231,1933.8303886925796,623.9929328621909
449,41.0,25.556349186104047,0.9017551553272255,0.8913043478260869,11.464192150351517,4.955364929839711,-0.7255846624722002,615.4634146341464,1158.3658536585365,0.7888530225049825,2.3134909966605313,0.5677528023910722,7.225151993843567,0.5958672086720866,0.3116270453843779,0.7481115836510902,-0.6635729488210456,0.8030343545056287,1.0676232597038282,1.405865979382692,0.9156045773230681,8.991869918699187,0.7779567829116331,1158.3658536585365,615.4634146341464
450,429.0,96.94112549695429,0.9503800711104566,0.8918918918918919,42.83355513604607,13.3251410843523,-1.4485916656227709,622.2261072261073,1135.6386946386947,0.5736553403900897,3.2144916789170415,0.6889088229536501,23.371344948277684,0.5841762832503573,0.31505119353220623,0.12190072123428838,-0.9925422984248884,0.6165202270258304,1.0676232597038282,1.4201777603789159,0.9663948287550005,0.54001554001554,0.8364737691886684,1135.6386946386947,622.2261072261073
451,418.0,98.42640687119285,0.9549372368886493,0.8912579957356077,44.00078235424709,13.059775665504796,-1.2671242083441274,625.6028708133971,1297.1794258373207,0.5422042076382523,3.369183627745442,0.7031921941668788,23.06976657227589,0.6672733672002679,0.31676094724728965,0.29902631506353583,-0.9542448652728098,1.0008408069281158,1.6824524143728263,1.8701520909915939,0.6588417767753054,0.9266347687400318,0.8236174996305093,1297.1794258373207,625.6028708133971
452,333.0,77.01219330881976,0.9096820097869425,0.9353932584269663,32.20810888496046,13.376204095232056,0.32663779170800944,632.2912912912913,230.81981981981983,0.7055618868356178,2.407866137183196,0.5846945207801983,20.590987552733093,0.1187344752159567,0.3201474892614133,0.9471264943961272,0.3208604114142207,2.054666045046404,5.05916422720282,5.792558504309062,0.23244302119961413,1.6826826826826828,0.6588013602889591,230.81981981981983,632.2912912912913
453,282.0,60.8700576850888,0.5737662038388517,0.9591836734693877,20.94678501437115,17.155817741406658,1.368798161969294,625.1205673758865,636.1063829787234,0.9564263787756875,1.220972694517193,0.18098086509999456,18.948708441878455,0.32721521758164784,0.3165167429751324,0.20062726744481266,0.9796676474997159,0.799565919852055,0.8357670229965846,1.3770016903833637,0.9959052911665496,1.1619385342789599,0.7551781768254583,636.1063829787234,625.1205673758865
454,453.0,86.66904755831213,0.8388673709527895,0.9359504132231405,32.96463964760508,17.943835637763232,-0.26603679540860764,635.644591611479,678.6534216335541,0.757844351737178,1.837101069864361,0.4556641349766166,24.016192740836935,0.349101554338248,0.3218453628412552,0.9648204358927933,-0.26290973067507456,1.1013512565059094,1.2137295106818844,1.5335495643998307,0.7794980919257188,1.6791758646063282,0.7765277399604177,678.6534216335541,635.644591611479
455,517.0,83.01219330881976,0.5877076949350821,0.9699812382739212,28.549647103862334,23.098758264311442,1.470406889497751,629.8665377176015,917.6827852998066,0.9427936085108063,1.2359818989912001,0.19092666258608393,25.65667251667837,0.47205904593611453,0.3189197659329628,0.10022090079936999,0.9949652109711992,1.2209508334204004,1.2936396115406177,1.6909524058838226,0.7133442949932939,1.1715022566086395,0.8086209506439547,917.6827852998066,629.8665377176015
456,705.0,109.7401153701776,0.8910337803039452,0.9325396825396826,45.12096021985227,20.48207343801465,-1.1829845219881103,633.509219858156,1014.5304964539007,0.7356447774551214,2.2029488545875413,0.5460629973693918,29.96053869739811,0.5218778273939818,0.3207641619534967,0.37816362497096584,-0.9257387713328306,1.1442524353177892,2.0684973090177516,2.195875987497334,0.5546695498531675,1.0822695035460992,0.7457527856037753,1014.5304964539007,633.509219858156
457,1072.0,126.46803743153546,0.5043854726236009,0.9571428571428572,40.701877258362536,35.14520004776891,1.0455721426169517,646.3460820895523,710.9888059701492,0.842254017426967,1.1581062905614725,0.13652139864020552,36.94472617243352,0.3657349824949327,0.3272638390326847,0.5014069840135633,0.8652115558534931,1.5335495643998307,2.2072865043880547,2.394143530616859,0.48899918107161755,0.4872512437810946,0.7776576125228954,710.9888059701492,646.3460820895523
458,485.0,82.42640687119285,0.6670960017942517,0.958498023715415,28.887643743666978,21.52047882509571,-0.48087052236094685,639.3422680412372,1178.4845360824743,0.8970545753230738,1.3423327602720523,0.2550282391995493,24.849973424463737,0.6062163251453057,0.3237176040715125,0.8865925976455008,-0.46255114938804665,1.405865979382692,1.668717597236102,1.8080581853319468,0.6144214845697431,0.5690721649484536,0.7871141777719112,1178.4845360824743,639.3422680412372
459,340.0,69.1126983722081,0.7007244373798438,0.9444444444444444,24.682976185580937,17.609625831236794,-1.2985908633274224,635.7294117647059,1133.3676470588234,0.8944850411632227,1.401675221389264,0.2865679689986569,20.806283791440396,0.5830080488985717,0.32188830975428145,0.2688563477688276,-0.9631802864803698,0.6165202270258304,0.8080515956498493,1.4489410387337651,1.0440182956162285,0.7686274509803921,0.729530535597624,1133.3676470588234,635.7294117647059
460,561.0,95.84062043356595,0.8300391809230327,0.9365609348914858,36.66745509026078,20.449626036142043,-0.5306744067516962,644.4812834224599,1064.4973262032086,0.7674913549611647,1.7930623780335075,0.44229491831917034,26.726155439876237,0.5475809291168768,0.32631963717592904,0.8624659392292138,-0.5061151091100424,1.2571874747222958,1.589870181505425,2.303339659010064,0.5824793343853891,0.8847296494355318,0.8473775035115856,1064.4973262032086,644.4812834224599
461,792.0,119.49747468305833,0.911515515529863,0.9496402877697842,49.72888194904642,20.451782777038424,1.4842027252251826,640.2373737373738,875.3712121212121,0.6969756259371374,2.431518195317325,0.588734313431903,31.755404570407364,0.45029383339568524,0.3241708221455057,0.08648542247806563,0.9962531162805919,1.2397993512635275,1.4045089181712835,1.4919464772354698,0.725293818620583,0.7209595959595959,0.8250521977874138,875.3712121212121,640.2373737373738
462,291.0,74.52691193458118,0.9168309241789139,0.879154078549849,31.15381331085419,12.438959519488492,1.2753254253054833,639.6494845360825,624.553264604811,0.6583799555838983,2.5045353079608126,0.6007243352403773,19.248706645328987,0.3212722554551497,0.32387315672713035,0.2911903774253633,0.9566651264130382,0.5580469807975724,0.8357670229965846,1.1217138851742279,1.1925926216744496,1.0744558991981672,0.7794216764955361,624.553264604811,639.6494845360825
463,642.0,104.66904755831214,0.7808161244288756,0.9331395348837209,37.349963349414644,23.334796647292904,0.6782666296145743,649.5280373831775,968.4657320872274,0.7363907888532883,1.6006123350446104,0.375239101870267,28.590554169515052,0.4981819609502198,0.32887495563705194,0.7786614812748636,0.6274442585432075,1.4267016298823834,1.7894665250231023,2.195875987497334,0.5543192038097587,1.0565939771547248,0.7864275153988526,968.4657320872274,649.5280373831775
464,283.0,70.87005768508881,0.8217135050445805,0.9188311688311688,26.362051602291135,15.023754154082104,0.2870858468842674,646.4770318021201,1937.148409893993,0.7080610862870291,1.7546913595579772,0.43009920545120306,18.982275710779543,0.9964755194927948,0.3273301426846178,0.9590731140622021,0.2831585454882658,1.0233022822123083,1.9247992925238737,2.50455001931218,0.5501910305940945,1.0518256772673735,0.6362731750567373,1937.148409893993,646.4770318021201
465,504.0,88.32590180780451,0.7974352142920372,0.96,33.07270033829901,19.956218633527527,-0.9098018505035538,647.9404761904761,773.2460317460317,0.8118283997087158,1.6572628785863812,0.3965954267599453,25.332049473868512,0.3977603043961068,0.3280711271850512,0.6139021772074318,-0.7893821107803084,1.259157958723327,2.080383056064826,2.804028547353521,0.4883154605242539,1.6527777777777777,0.7975913287890499,773.2460317460317,647.9404761904761
466,559.0,88.42640687119284,0.6885668350905303,0.9637931034482758,31.45027758903986,22.806888543577475,-1.3529247771431552,647.4508050089446,1092.2611806797854,0.8983751192341602,1.3789815094219156,0.2748271146730523,26.678472698169138,0.5618627472632641,0.3278231924095922,0.21615198106058778,-0.9763597293434338,1.16408369759612,1.2571874747222958,1.325658002493549,0.8006556462734719,0.546809779367919,0.8557134546632893,1092.2611806797854,647.4508050089446
467,787.0,125.9827560572969,0.8993138454741489,0.8734739178690344,49.76675327678663,21.763189971317054,1.2410361333840974,653.284625158831,658.2693773824651,0.6231066503963707,2.2867398273128647,0.562696207038518,31.655007845624887,0.3386159348675232,0.3307770253968764,0.32381615189199814,0.9461200239789127,1.2137295106818844,1.6136247692982926,1.6374945942781165,0.6719152393480202,0.43456162642947904,0.7908835620322545,658.2693773824651,653.284625158831
468,172.0,46.38477631085024,0.6208596181622503,0.9662921348314607,16.719730515165082,13.106960665313892,0.07254805224305517,645.3488372093024,1286.9709302325582,1.0045865928519506,1.2756374984333312,0.2160782344293376,14.798554040663838,0.662022083452962,0.3267589049161025,0.9973695440838711,0.07248442959650725,1.0008408069281158,1.4042970113481277,1.6951904093733083,0.7316487445493364,2.6802325581395348,0.7065206618828762,1286.9709302325582,645.3488372093024
469,131.0,40.384776310850235,0.6530186459242002,0.9703703703703703,14.873511314185576,11.264332283177124,0.09295264420500254,645.4656488549618,1230.8625954198474,1.0093593172778037,1.3204077206066294,0.24265816959887654,12.914889870235298,0.6331597713065058,0.32681805005314524,0.9956830126116599,0.09281884720556008,0.5689892371565884,0.9502045053035328,1.4244643992082853,1.019140082040797,3.073791348600509,0.5584933224243983,1230.8625954198474,645.4656488549618
470,428.0,88.18376618407356,0.8520279770693744,0.9490022172949002,33.529623012639235,17.552631991956993,0.6986884652820429,660.0841121495328,20.55140186915888,0.6916340201700844,1.9102333500755473,0.47650374758641334,23.34408972623798,0.010571708780431522,0.3342198036200166,0.7656864430936512,0.6432140163760371,2.4252623757559664,3.3518013220417853,4.063129629412835,0.30487205893651015,0.8278816199376947,0.7586050103433307,20.55140186915888,660.0841121495328
471,278.0,65.04163056034261,0.7728896168045782,0.9297658862876255,23.773214964518015,15.085067599584518,1.1651627921488332,651.273381294964,620.2517985611511,0.8257941831740827,1.5759435486502422,0.36545950465264065,18.81384047546846,0.31905956716108597,0.3297586740733995,0.39460096447082005,0.9188525881982913,0.5580469807975724,0.5984353636253403,1.3770016903833637,1.1841400848730415,1.1402877697841727,0.7236169339654746,620.2517985611511,651.273381294964
472,271.0,63.698484809834994,0.7933205058155733,0.9409722222222222,23.93906178374653,14.574201773138242,-0.017256782830594414,655.9667896678967,550.9557195571956,0.8393072044491335,1.6425641799380528,0.3911957826587247,18.575465448360347,0.2834134359862117,0.3321350833761502,0.9998511054182483,-0.017255926341605114,0.7848769660270976,0.7929538281774592,1.803457695090241,0.8872357414926405,0.4132841328413284,0.9101659219988468,550.9557195571956,655.9667896678967
473,314.0,69.11269837220809,0.8062071692655979,0.9373134328358209,26.1070374754577,15.445793585507072,-1.376203582361102,652.7356687898089,1127.6337579617834,0.8260832438978,1.6902360717777667,0.4083666674157451,19.994929783493642,0.5800585174700532,0.33049907280496654,0.19336698178055212,-0.9811265006904459,0.7654159470411648,0.8080515956498493,1.4201777603789159,1.0021227287426315,0.9554140127388535,0.7865589255788468,1127.6337579617834,652.7356687898089
474,776.0,106.9116882454314,0.628513883610611,0.9544895448954489,36.16099823152923,28.125965336399677,0.9723967549353866,662.8028350515464,899.6365979381443,0.8531417789205114,1.2856802530696032,0.22220163402800386,31.433006326383836,0.462776027745959,0.33559637217799815,0.5633208604864094,0.826238227232831,1.4919464772354698,1.6909524058838226,1.7244125554740894,0.6113327098839914,0.9175257731958762,0.8015258732669027,899.6365979381443,662.8028350515464
475,273.0,100.08326112068522,0.9559891553371282,0.6484560570071259,43.76659400018673,12.84120630784907,1.359609793968843,657.4102564102565,1234.989010989011,0.3424913560601993,3.408293033453936,0.7065979978292511,18.643883600599406,0.6352824130601908,0.33286595261278806,0.20962021861784405,0.9777828818028097,0.5689892371565884,1.2292116492017584,1.4931974266065293,0.9114667125467455,1.249084249084249,0.7930166739275147,1234.989010989011,657.4102564102565
476,552.0,96.42640687119285,0.3065373955648005,0.9049180327868852,28.500533231091897,27.128478120605102,-0.9393686803165566,663.4945652173913,1261.6032608695652,0.74603117108076,1.0505761917195298,0.048141383859793496,26.510907730475957,0.6489728708176776,0.33594661529994496,0.5902977347872482,-0.8071855947085798,1.2292116492017584,1.390849818624219,1.4042970113481277,0.7454604294137515,0.5181159420289855,0.7261348519472554,1261.6032608695652,663.4945652173913
477,378.0,92.42640687119284,0.9526617414170286,0.8649885583524027,41.09083475904858,12.492938770487317,1.280110101445447,664.4391534391534,622.074074074074,0.5560444675368378,3.2891248019336716,0.6959677542755138,21.938198374294355,0.31999695168419445,0.33642488781729285,0.2866097289633617,0.958047422241482,0.5984353636253403,1.1217138851742279,1.7053130899402609,0.8757941858159941,1.1957671957671958,0.7024269297181173,622.074074074074,664.4391534391534
478,44.0,24.52081528017131,0.7251560476483411,0.88,9.262430367879215,6.377966608595107,1.5521065944492682,660.9545454545455,567.6590909090909,0.9195868008477177,1.452254446644003,0.31141543252913584,7.48482063701911,0.2920057052001496,0.33466052934407364,0.018688644291727566,0.9998253520363131,0.5329727020656533,0.7848769660270976,1.6270807510959282,1.0186997901385024,4.265151515151515,0.8834060565326521,567.6590909090909,660.9545454545455
479,251.0,60.45584412271571,0.6283864525805233,0.9365671641791045,20.579578084446823,16.008880990737765,-0.20721668554224754,670.5856573705179,560.7768924302788,0.8629924706063992,1.2855100925763343,0.22209867835742447,17.876888032555495,0.2884654796452052,0.3395370417065913,0.9786073351063679,-0.2057369283235584,0.5329727020656533,0.7929538281774592,1.1350794226910075,1.219013711211575,0.47277556440903057,0.9022708332797582,560.7768924302788,670.5856573705179
480,385.0,77.94112549695429,0.7712341740327107,0.9506172839506173,28.5781671584768,18.191475994726538,0.08508549681799332,672.4623376623376,853.709090909091,0.796410996228802,1.5709647291270494,0.3634484712106312,22.140398025397776,0.4391507669285447,0.3404872595758672,0.996382412378907,0.08498287063867505,1.3014769420090384,1.7482645710415732,2.113110666308843,0.5810741612928001,1.9826839826839828,0.7854456593544835,853.709090909091,672.4623376623376
481,131.0,42.97056274847714,0.8398570854949088,0.9562043795620438,17.586056063808005,9.545844647758416,1.4046350684532667,665.0229007633587,1115.8854961832062,0.8915363951832277,1.8422734407203678,0.4571924135165414,12.914889870235298,0.574015172933748,0.3367204560827133,0.16539770652767058,0.986226950896895,0.7654159470411648,1.1359712327155695,1.325658002493549,0.9296430110433224,3.49618320610687,0.7789351416870526,1115.8854961832062,665.0229007633587
482,860.0,126.32590180780453,0.8999382847247472,0.9207708779443254,51.01577541865383,22.243760526005673,1.335755197436599,675.8302325581395,775.3093023255814,0.6772102156746187,2.293486991959393,0.5639827025372963,33.090572803628525,0.3988216575748875,0.34219252281424783,0.23288298420625825,0.9725047638275032,1.037159521407176,1.259157958723327,1.8502098132433236,0.7234969862115742,0.5372093023255814,0.8729329165806282,775.3093023255814,675.8302325581395
483,26.0,17.899494936611667,0.7979775916457429,0.896551724137931,7.501382493428391,4.520986602378254,0.5580055575048805,667.7307692307693,1705.3076923076924,1.0197686539897803,1.6592357273260459,0.3973128811470582,5.753627391751592,0.87721589110478,0.33809152872444015,0.8483128455315114,0.5294953409674442,0.46151058707852916,1.3291128810427122,1.393565047247182,0.942155273006155,11.615384615384615,0.7639227962309646,1705.3076923076924,667.7307692307693
484,225.0,55.798989873223334,0.7847012256554163,0.9656652360515021,21.63285097098584,13.40964553726229,-1.4601406571607438,672.5244444444445,1085.9555555555555,0.9081126138454751,1.613230633939814,0.38012583014382073,16.925687506432688,0.5586191129401006,0.34051870604782,0.11042998402459951,-0.9938839060113241,1.16408369759612,1.3892671356986301,1.589870181505425,0.7240743347467038,1.8533333333333333,0.8524676231261842,1085.9555555555555,672.5244444444445
485,241.0,78.62741699796953,0.9689735814496448,0.8992537313432836,36.82700376533256,9.102321147481566,-0.15055979821809065,689.1742738589212,1939.2697095435685,0.4898677950502056,4.045891500490715,0.752835685317139,17.517155313611116,0.9975667230162389,0.34894899942223856,0.9886872678125459,-0.1499916213172026,1.9247992925238737,1.9930547460564627,2.944967475325228,0.4371379896623203,0.9626556016597511,0.7809379988052391,1939.2697095435685,689.1742738589212
486,827.0,116.5685424949238,0.7493332473413806,0.9199110122358176,40.58945210373527,26.878054586931004,-1.1391011693695214,688.9733978234583,927.5997581620314,0.764808385352765,1.5101335542145673,0.33780691303153765,32.44948541188257,0.4771603694249133,0.34884729003719406,0.41841104278001845,-0.9082577823942592,1.4425188114401153,1.7113837214100587,1.7244125554740894,0.6149664270723689,1.0592503022974606,0.8603327041902015,927.5997581620314,688.9733978234583
487,323.0,70.8700576850888,0.7651072020467151,0.9444444444444444,25.781923313657227,16.60105568469417,-1.1731927419975827,681.1981424148606,967.4272445820434,0.8081403917692951,1.5530291448529763,0.35609708078294366,20.279456919490165,0.4976477595586643,0.34491045185562563,0.3872099816762228,-0.9219915564094388,1.4267016298823834,1.7551869289662407,1.8270706092589175,0.598926822782116,1.8782249742002062,0.6935150467254618,967.4272445820434,681.1981424148606
488,413.0,79.01219330881975,0.6885070842350477,0.9365079365079365,27.425871884526224,19.890054517026837,0.41539854945611837,682.9733656174334,1285.5786924939466,0.831326606929616,1.3788736406452968,0.2747703846655509,22.93137440223813,0.6613059117767215,0.3458092990468017,0.9149555566921174,0.4035546174661091,1.390849818624219,1.6951904093733083,1.8168378621720478,0.6118854976253836,0.8700564971751412,0.8005124091723722,1285.5786924939466,682.9733656174334
489,501.0,101.39696961966999,0.9366879201621958,0.871304347826087,44.330479817064614,15.522995947736145,0.8534741816645461,689.8662674650699,1120.2854291417166,0.612347061929198,2.8557940726338793,0.6498346958617689,25.25654394235911,0.5762785129329818,0.349299375931681,0.6573690835532028,0.7535687679226245,1.1359712327155695,1.7042165830116183,1.7317107283732724,0.6561825401552656,0.4457751164337991,0.8752440843088344,1120.2854291417166,689.8662674650699
490,95.0,38.970562748477136,0.8549290459208468,0.8962264150943396,15.748693784885207,8.169555419952097,1.4283942507024798,677.978947368421,1705.1052631578948,0.7860679962777787,1.9277295979194853,0.48125504682853004,10.998079684646791,0.8771117608836907,0.3432804796802132,0.14192128394811687,0.98987794659873,0.46151058707852916,0.9425286301743604,0.9509287832260884,1.2739026599893624,2.9368421052631577,0.8418230154682984,1705.1052631578948,677.978947368421
491,435.0,90.59797974644665,0.8944968014438642,0.9177215189873418,35.70541238757082,15.962973945956499,0.26961007797592906,694.248275862069,1718.2781609195401,0.6659813909597645,2.2367644342748036,0.55292565248418,23.534213434057992,0.8838879428598457,0.35151811436054126,0.9638748275594623,0.2663556209228872,0.9425286301743604,0.9486624201942201,1.3291128810427122,0.9315890872093106,0.3808429118773946,0.8818518839076365,1718.2781609195401,694.248275862069
492,567.0,90.32590180780451,0.715835831066251,0.9593908629441624,32.23366105447905,22.50775395939322,0.8845863370546501,691.7989417989418,758.7072310405644,0.8733097532655638,1.4321136223824276,0.30173138194410465,26.86869594648831,0.39028149744885,0.35027794521465405,0.6336095872490024,0.773652952522091,0.8305613915677993,1.037159521407176,1.8078006528183723,0.816210691815778,1.0740740740740742,0.8566579893625913,758.7072310405644,691.7989417989418
493,327.0,65.698484809835,0.6157630536702533,0.9674556213017751,23.007769524910223,18.128543623816007,0.8141553121750377,689.6911314984709,688.085626911315,0.9520218354351375,1.2691460495858162,0.2120686186382187,20.404639941160397,0.35395351178565587,0.3492106994928967,0.686482849654005,0.7271459943717745,1.3251202766758616,2.024233058959243,2.118763549173791,0.5486349438385948,1.525993883792049,0.7679671895339405,688.085626911315,689.6911314984709
494,722.0,106.08326112068524,0.7198959322292366,0.9388816644993498,37.49392682873065,26.0238603703393,0.29057728796864524,698.8504155124654,841.909972299169,0.8062195732058018,1.4407519213200346,0.30591798268518855,30.319613310508885,0.4330812614707659,0.3538483116518812,0.958078639069863,0.2865053600860533,1.3014769420090384,1.3370175761646306,2.2993848810428594,0.6075482524899245,0.8134810710987996,0.8043184012015474,841.909972299169,698.8504155124654
495,364.0,78.18376618407358,0.8012480981046438,0.9528795811518325,29.06702572049216,17.391738994726328,0.10738211681421338,700.2060439560439,715.5741758241758,0.748304012102371,1.671312209164714,0.4016677467462656,21.528102431092233,0.3680937118437118,0.35453470580052854,0.9942400784524965,0.10717586668076667,1.3251202766758616,1.560016827206213,1.5740722107896477,0.6727650101845137,0.9926739926739926,0.9165246643294104,715.5741758241758,700.2060439560439
496,351.0,87.25483399593904,0.9547721323707167,0.918848167539267,39.203060436459964,11.656578636183323,-1.1009984596902884,694.3475783475783,1004.1253561253561,0.5793459659703322,3.363170417327198,0.7026615140142892,21.14017691983778,0.5165253889533725,0.35156839410003965,0.45270606084881543,-0.8916598131971344,0.9823651856826703,1.7551869289662407,1.8004774262130445,0.6610798746431648,0.7103513770180437,0.8731279610910084,1004.1253561253561,694.3475783475783
497,376.0,75.01219330881976,0.8075074740807663,0.9567430025445293,28.71236613551704,16.936199859085185,0.9271599063970112,697.6781914893617,1697.4893617021276,0.8397190014553506,1.6953251835956988,0.4101426619056937,21.880083839428522,0.8731941161019174,0.3532547805009426,0.6001082437905815,0.799918805713795,0.8192242058383438,0.9486624201942201,0.9509287832260884,1.1034217291044484,0.7216312056737588,0.7231812356964338,1697.4893617021276,697.6781914893617
498,599.0,94.5685424949238,0.7334069514365382,0.9433070866141732,34.10791355698937,23.186213526555303,-0.6006105012546119,704.0617696160267,892.7128547579299,0.841672805001103,1.4710428469885943,0.3202101474833836,27.616489409343153,0.4592144314598405,0.35648697195748186,0.8249907461865276,-0.565146236567666,1.6606568061000115,1.7113837214100587,1.8836440445024127,0.5708105117220255,1.5893155258764609,0.8347112309740888,892.7128547579299,704.0617696160267
499,41.0,23.31370849898476,0.9197187685773638,0.8723404255319149,11.629821975542125,4.565610779819851,-0.5434536811759468,695.5365853658536,557.170731707317,0.9479184945424235,2.5472653137552417,0.6074221265448885,7.225151993843567,0.28661045869717955,0.35217042297005247,0.8559279077650971,-0.5170951718096616,1.1350794226910075,1.6270807510959282,1.803457695090241,0.6570852152236277,4.6016260162601625,0.8739621586344168,557.170731707317,695.5365853658536
500,284.0,70.52691193458118,0.7141870219834017,0.890282131661442,24.478631335401467,17.133938570942796,0.5051317237618236,706.8732394366198,1681.7887323943662,0.717494319851758,1.4286634234182696,0.3000450745723122,19.015783725757565,0.8651176606966904,0.357910500980567,0.8751107378977064,0.4839227174003426,0.8192242058383438,1.6717067436863458,1.7384808286035776,0.7093184956626888,1.0633802816901408,0.7639227962309646,1681.7887323943662,706.8732394366198
501,207.0,63.11269837220809,0.9160718935294602,0.8771186440677966,27.21700552984521,10.914402213246577,1.0103988231165784,703.6086956521739,99.60386473429952,0.6530504182970794,2.493678077651611,0.5989859280706605,16.23454913941803,0.05123655593328165,0.3562575674188222,0.5315229429689702,0.8470438956143919,0.8156782731009236,1.8393424903836204,2.1006240103960625,0.6308292865936662,1.4412238325281803,0.7218683973198362,99.60386473429952,703.6086956521739
502,107.0,39.45584412271571,0.8764748293299968,0.9553571428571429,16.87710834508964,8.125444745026096,0.8124463132075413,702.8224299065421,81.50467289719626,0.8637159971685854,2.0770688712664964,0.5185523148347757,11.67204486311899,0.04192627206645898,0.3558594581805276,0.687724538305436,0.7259717345823975,0.8156782731009236,2.2621991305140705,2.4717265356342266,0.5405791175083128,3.0996884735202492,0.6516465376960009,81.50467289719626,702.8224299065421
503,587.0,107.74011537017762,0.899421199507434,0.8800599700149925,43.76563899848292,19.129214636932918,-0.8349389771165879,715.9982964224872,506.68654173764907,0.6354671321581813,2.287895234025148,0.5629170492039198,27.33846397952051,0.2606412251736878,0.3625307829987277,0.67122291746076,-0.7412555531498336,2.0676831764417845,2.17599677230987,2.4526387664167615,0.4480073496508519,0.24929017603634301,0.9113712139190758,506.68654173764907,715.9982964224872
504,315.0,65.11269837220809,0.6769986982609983,0.963302752293578,23.444310603361416,17.254642500969556,1.1092569595738435,707.7238095238096,749.3968253968254,0.9336605967676046,1.3587247954887536,0.26401578647846413,20.026743534373637,0.38549219413416946,0.35834116937914406,0.4453269342627569,0.8953680369658804,0.8305613915677993,1.3333068424662096,1.3832559633202808,0.8457555566387058,1.5756613756613755,0.8785182627129325,749.3968253968254,707.7238095238096
505,1253.0,133.29646455628165,0.5575847873561729,0.9698142414860681,44.02308452390889,36.544442673322216,-1.3982515559309014,720.9433359936153,925.5059856344773,0.8861835286489904,1.2046451198459829,0.16988000571666062,39.94207242436425,0.47608332594366115,0.36503460050309633,0.17168988595862034,-0.9851510458094819,1.4425188114401153,1.5668295754550974,1.6606568061000115,0.64239757259796,0.5089119446661345,0.8257012111078251,925.5059856344773,720.9433359936153
506,652.0,92.42640687119284,0.46644246100075687,0.9760479041916168,30.64843588419748,27.110121223350898,-0.7870615635382116,716.5444785276073,790.3266871165645,0.9591031556455507,1.130516371789548,0.11544845793161529,28.812361638146328,0.40654664975131916,0.36280733090005435,0.7059296019629315,-0.7082820039168417,1.6329431188540764,1.699389953820708,1.787257568532391,0.5859843511419136,1.0291411042944785,0.7853240503542556,790.3266871165645,716.5444785276073
507,778.0,112.32590180780451,0.8194015307564471,0.9384800965018094,42.17782553581351,24.17717179217831,-0.16901804670647078,724.6413881748072,827.1915167095116,0.7748714023747371,1.7445309938798834,0.4267800322790636,31.473486711896992,0.4255100394596253,0.3669070319872441,0.9857504208814555,-0.16821446944907356,1.3370175761646306,1.699389953820708,1.708602969061246,0.6322430689253038,0.9121679520137104,0.8160233344838789,827.1915167095116,724.6413881748072
508,354.0,82.66904755831214,0.9144139797408274,0.8613138686131386,35.23721814353129,14.26333096465055,0.3759128181436802,720.1610169491526,1301.2429378531074,0.650919463584406,2.4704760922158546,0.5952197217569243,21.23032733700184,0.6693636511590059,0.3646384895945076,0.9301728940820179,0.3671217606123111,1.1018255852830436,1.8168378621720478,2.0471842152358533,0.6041264661699931,0.8182674199623353,0.8708950903039484,1301.2429378531074,720.1610169491526
509,282.0,64.04163056034263,0.7041635542358605,0.9494949494949495,22.854167034541746,16.227322666424524,-0.8608172620680817,715.1737588652483,997.6205673758865,0.8640407206687319,1.408375707092374,0.2899621919320631,18.948708441878455,0.5131793042057029,0.3621132956279738,0.6518178943656461,-0.7583755221423852,0.8187793178307652,0.9823651856826703,1.6203098045870503,0.8768201267213568,0.8735224586288416,0.719246081421117,997.6205673758865,715.1737588652483
510,442.0,80.18376618407358,0.769208931523507,0.9546436285097192,29.80008771018751,19.042177224819262,-0.4357016968066197,731.3235294117648,731.5090497737557,0.8638915607854888,1.5649517047528874,0.361002645025455,23.722813466638858,0.3762906634638661,0.3702903946388682,0.9065741167290827,-0.4220466453804408,1.1182243303637227,1.166887432523576,1.3333068424662096,0.8290914698375285,0.7564102564102564,0.8237752537643166,731.5090497737557,731.3235294117648
511,363.0,83.01219330881976,0.908234945406718,0.868421052631579,34.69004835597645,14.516418871429734,0.5902991198007994,734.4903581267217,126.34710743801652,0.6619614698054598,2.389711172102586,0.5815393878247845,21.498510523728477,0.06499336802367105,0.37189385221606164,0.8307742233310648,0.5566095488299371,0.98175758659736,1.3978491823259325,1.455455088826579,0.7822559612533021,0.8659320477502295,0.8382953133991307,126.34710743801652,734.4903581267217
512,346.0,68.2842712474619,0.6314073882751474,0.9637883008356546,24.026809681382797,18.631620668426674,0.0741271665730226,732.4248554913295,674.1184971098265,0.9324909061030796,1.2895716432279487,0.22454870557103523,20.98906578384008,0.3467687742334499,0.37084802809687567,0.9972538394088459,0.07405929910764615,0.6843512664922365,0.7553853614689114,0.9577390468318386,1.2513161370277675,0.6223506743737958,0.813189375369794,674.1184971098265,732.4248554913295
513,377.0,78.76955262170046,0.809875878150027,0.9331683168316832,29.306496617046356,17.191228435196276,1.3648958209858497,730.8249336870026,1452.2944297082229,0.7635446816680955,1.7047354543347244,0.4133987197501846,21.909160375631842,0.7470650358581393,0.3700379411073431,0.20444872735220268,0.9788772741687615,0.7223737098959273,1.9013019569204554,1.9289461420172282,0.6589609517265403,0.8205128205128205,0.6129317217881171,1452.2944297082229,730.8249336870026
514,325.0,101.74011537017762,0.9840069603064197,0.8507853403141361,49.4928552000203,8.816163014808067,1.1677054711619022,731.9415384615385,1494.5076923076922,0.39455611027934506,5.613877047973096,0.8218699854922806,20.342144725641095,0.7687796771130104,0.3706033106134372,0.3922633442065433,0.9198529604191634,1.534446263461804,1.9013019569204554,2.1373525857074487,0.5382999705876322,0.9733333333333333,0.8043632697141172,1494.5076923076922,731.9415384615385
515,487.0,83.84062043356595,0.8058945958158173,0.9662698412698413,32.40471409931531,19.185503745674712,-0.6285475285708926,737.6160164271047,956.0513347022587,0.8706224429696076,1.689020759052043,0.4079409654140387,24.901157769991823,0.4917959540649479,0.37347646401372386,0.8088823716029304,-0.5879705000338187,0.7703918625087679,1.1225973487117766,1.5668295754550974,0.867097436303172,1.1184120465434633,0.7773822275257644,956.0513347022587,737.6160164271047
516,393.0,82.76955262170047,0.8933099868962456,0.946987951807229,34.129669328406784,15.339274794486043,0.1525900981359782,740.3078880407124,693.8753180661578,0.7208770489283066,2.2249858474844757,0.5505589390015312,22.36924542940416,0.35693174797641863,0.3748394369826392,0.9883807023033473,0.1519986424753263,0.4907364176834769,0.9577390468318386,1.1516139304765562,1.1538064828764776,0.9770992366412213,0.8630618349069645,693.8753180661578,740.3078880407124
517,480.0,81.94112549695429,0.44411362913040414,0.9580838323353293,26.334550336601808,23.594979461555116,0.9725479264966136,737.575,756.6604166666667,0.8983534740877451,1.116108211897809,0.10402952926972986,24.721548929484133,0.3892286093964335,0.37345569620253166,0.5631959503273879,0.8263233758855127,0.8193657117817638,1.166887432523576,1.3832559633202808,0.8903374064817408,0.7930555555555556,0.8373697527344509,756.6604166666667,737.575
518,143.0,43.55634918610404,0.6139998645239372,0.9407894736842105,15.253784000782712,12.039905212769389,-0.3162986513524522,732.2097902097902,991.2587412587412,0.9472027708349985,1.2669355556557638,0.2106938703110265,13.493452297211721,0.5099067599067599,0.3707391342834381,0.9503932336910571,-0.3110509626319387,0.8187793178307652,0.9254981418168389,1.197089002376683,1.0199341152259416,1.5454545454545454,0.770001291532345,991.2587412587412,732.2097902097902
519,130.0,43.55634918610405,0.8490490348182919,0.9629629629629629,17.822735921947427,9.416001814660216,-0.33482190404397805,733.4384615384615,1938.8846153846155,0.8610934280318164,1.8928135606556884,0.4716859490093728,12.865501965161373,0.9973686293130738,0.37136124634858814,0.9444688471144695,-0.3286009690038431,1.9930547460564627,2.2926194804156603,3.9161877635522995,0.36577060229113495,1.4384615384615385,0.7600367512009963,1938.8846153846155,733.4384615384615
520,245.0,69.84062043356595,0.9294544912882922,0.875,30.386458322968647,11.210682129936455,-0.8753334317566331,741.2122448979592,972.7795918367347,0.6311895074580207,2.710491473291009,0.6310632186620289,17.66192765414112,0.5004010246073738,0.3752973391888401,0.6407408991578554,-0.7677571882739901,0.5634197403772984,0.7703918625087679,0.9254981418168389,1.3278391805433893,1.0421768707482995,0.8775329534249626,972.7795918367347,741.2122448979592
521,222.0,54.2842712474619,0.5995623501605667,0.9568965517241379,18.902647550802303,15.128319061883964,0.9367314320710899,739.9954954954954,1315.5765765765766,0.9467053134940507,1.2494876313408685,0.19967194959195766,16.812470934731934,0.6767369221072925,0.374681263542023,0.5924244283307624,0.8056260278298917,1.1018255852830436,1.109342274819464,1.2160816106330439,0.8753375047881018,1.3393393393393394,0.7955431300002284,1315.5765765765766,739.9954954954954
522,425.0,91.35533905932736,0.9376490881534268,0.9340659340659341,39.859955075212476,13.854656847072746,0.26136215172834515,750.24,98.11764705882354,0.6399277249854635,2.877007746578307,0.6524166467089554,23.26213245840639,0.050472040668119104,0.37986835443037975,0.9660388989771748,0.258396682763088,0.5929242645854604,1.455455088826579,1.5000058700817929,0.8454549917909202,0.6909803921568628,0.8456398950057963,98.11764705882354,750.24
523,167.0,49.62741699796952,0.8039718352101662,0.9329608938547486,18.939908844897197,11.262945896227077,-0.01937106880488566,741.622754491018,662.0179640718563,0.8520851406935405,1.6816123436446402,0.40533262390745095,14.581872443920643,0.3405442202015722,0.3755051921473509,0.9998123867134293,-0.01936985736643875,0.6843512664922365,1.024008998784246,1.4355872521970803,0.9542144019028544,1.6467065868263473,0.8399912971729737,662.0179640718563,741.622754491018
524,755.0,117.88225099390856,0.7304477010123116,0.8809801633605601,38.710854126812556,26.43829919394638,-0.9084090747450345,751.4145695364239,800.2980132450331,0.6827472746002845,1.4641960832214291,0.3170313652254383,31.004771508189638,0.41167593273921455,0.38046307318299943,0.615001013688996,-0.7885263173550439,1.6329431188540764,1.708602969061246,1.9308990109175337,0.5689959674808374,0.6883002207505519,0.8753636638104698,800.2980132450331,751.4145695364239
525,280.0,71.94112549695429,0.9124231864676421,0.9459459459459459,30.017705034057382,12.284685870518054,-1.1920405224202566,742.4785714285714,1411.067857142857,0.6798505284813331,2.4435061140713983,0.5907519959777026,18.881394877652593,0.7258579512051734,0.3759385171790235,0.3697647421374536,-0.9291254142859415,1.733858376790386,1.9289461420172282,2.5902488610916516,0.47976561493040204,0.8904761904761905,0.7907599037069781,1411.067857142857,742.4785714285714
526,236.0,66.11269837220809,0.7561064362958271,0.8280701754385965,23.2324882462187,15.204470950588815,-0.3197817204965537,747.6525423728814,293.4237288135593,0.678503513198606,1.528003724806945,0.34555133356998546,17.334489682638438,0.1509381321057404,0.37855824930272475,0.9493040589009402,-0.31435935448814045,1.0309113197546962,1.2444143698792722,1.3538322443133035,0.8266380396228815,1.231638418079096,0.7478546459631584,293.4237288135593,747.6525423728814
527,477.0,105.39696961967,0.9057303520143172,0.792358803986711,42.52554925343769,18.024640011724586,0.46143049645966355,754.335429769392,271.52410901467505,0.5396000666898959,2.3593008917668183,0.5761456270839933,24.64417299969047,0.13967289558368057,0.38194198975665417,0.8954165147418569,0.445229452223846,1.0309113197546962,1.222898404420556,1.3770131412792097,0.826258980724056,0.6191474493361285,0.8028931973772747,271.52410901467505,754.335429769392
528,86.0,35.31370849898476,0.8444593009678517,0.9247311827956989,14.503871772219627,7.7685597992375195,-0.12318710801769961,745.6860465116279,684.3953488372093,0.866605936487535,1.8669962189958524,0.46438027574697427,10.464157913908982,0.3520552205952723,0.37756255519576093,0.9924220584633341,-0.12287578229821662,0.4907364176834769,0.7553853614689114,1.024008998784246,1.3215097690216588,3.511627906976744,0.835151031908309,684.3953488372093,745.6860465116279
529,48.0,26.727922061357855,0.9052016537270837,0.9411764705882353,12.022006194832855,5.109139995717959,-1.287969166048977,741.8541666666666,1353.5416666666667,0.8443465028491656,2.353039103432019,0.5750176873212806,7.817640190446719,0.6962662894375857,0.3756223628691983,0.27907159872224613,-0.9602702967324407,0.5424061919086959,1.6697414672444473,1.7114119913927022,0.7646117982640177,6.145833333333333,0.8922510888889827,1353.5416666666667,741.8541666666666
530,720.0,107.01219330881976,0.855095859527105,0.963855421686747,42.383179388601285,21.974404161364106,0.08713617489783432,760.5291666666667,709.5375,0.790088662130279,1.9287521553426394,0.48153006739098014,30.277590264241923,0.36498842592592595,0.38507805907173,0.9962060449579965,0.08702595009045444,1.000389297012215,1.0478710904976882,1.1516139304765562,0.9375368223486253,0.5111111111111111,0.7473014298722291,709.5375,760.5291666666667
531,661.0,107.84062043356595,0.8829442674690307,0.9565846599131693,42.835764501979114,20.11044120282815,-0.3558194335833697,761.8169440242058,920.1800302571861,0.7142439459284534,2.1300260929111334,0.5305221831187582,29.010538413996088,0.4733436369635731,0.3857300982401042,0.9373613468313133,-0.3483585874735776,0.8887581835636215,1.8558772068488025,1.9100244950559473,0.6445154047379184,1.0141200201714575,0.8355931247637051,920.1800302571861,761.8169440242058
532,323.0,72.87005768508881,0.8926014865729749,0.9556213017751479,30.22554498383415,13.627081823746662,1.413866552387439,746.5975232198142,1449.3560371517028,0.7643885266036731,2.2180497170834386,0.5491534782570511,20.279456919490165,0.745553517053345,0.37802406238977937,0.15628645001619348,0.9877117725031609,0.7223737098959273,1.733858376790386,2.1373525857074487,0.6530847288021514,1.0134158926728585,0.6126504401429246,1449.3560371517028,746.5975232198142
533,178.0,48.14213562373095,0.41581838607955235,0.967391304347826,15.970659729821437,14.524479326446516,-1.3825780286503513,750.2584269662922,111.28651685393258,0.9651152149689806,1.0995684850982357,0.0905523270697779,15.054455784347004,0.05724615064502705,0.3798776845398948,0.18710895737185476,-0.9823391665159328,0.5929242645854604,0.98175758659736,1.0096506167969372,1.1608413534908615,2.1123595505617976,0.7372440650112905,111.28651685393258,750.2584269662922
534,208.0,63.94112549695428,0.9416648924493444,0.9327354260089686,28.19521240988901,9.489154357247987,-0.4647431338979331,756.1586538461538,731.3221153846154,0.6393116904375997,2.9713092809321835,0.6634480272998469,16.273715780512877,0.3761945037986705,0.382865141187926,0.8939367207352791,-0.44819319419314674,0.7721504641257738,0.9924281643264001,1.000389297012215,1.0850035446599753,1.8830128205128207,0.8568346915266175,731.3221153846154,756.1586538461538
535,359.0,73.76955262170047,0.7815129904787018,0.9324675324675324,27.136015164344126,16.929860525241928,-1.3191676342978242,753.1225626740948,1349.2813370473539,0.828991377244797,1.6028493042742509,0.3761110309413729,21.37973331358283,0.6940747618556347,0.3813278798349847,0.24898169081175864,-0.9685081918293298,0.5424061919086959,1.2558758286518634,1.6285799084624855,0.8754364961693285,0.5329619312906221,0.8973694640904389,1349.2813370473539,753.1225626740948
536,136.0,45.79898987322333,0.8801570334803069,0.9315068493150684,19.22658440485471,9.126525594334122,-0.2968297656638347,753.4705882352941,975.2941176470588,0.8147736464702819,2.106670737524787,0.5253173729583671,13.159049284959082,0.5016945049624788,0.3815040953090097,0.9562685551163849,-0.29249008614929445,0.5634197403772984,1.1225973487117766,1.197089002376683,1.040544435350561,2.144607843137255,0.8163382404208755,975.2941176470588,753.4705882352941
537,385.0,82.28427124746189,0.8035215421306272,0.8671171171171171,30.116201804378143,17.927442410287522,-1.3398342285397558,755.4701298701299,753.3532467532467,0.714557100650259,1.6798939366329353,0.40472432324844765,22.140398025397776,0.3875273903051681,0.38251652145323034,0.22891418061863858,-0.9734466076327439,0.8193657117817638,0.9745678164108217,0.9924281643264001,1.0766728555214513,0.6562770562770562,0.8678411587748865,753.3532467532467,755.4701298701299
538,100.0,35.31370849898476,0.6811275796529839,0.9615384615384616,13.218826427757284,9.67835873858918,0.43896655815752356,753.71,480.48,1.0076813214971339,1.3658128185568992,0.2678352506190508,11.283791670955125,0.24716049382716052,0.3816253164556962,0.905191363668903,0.4250042295545208,0.8434109064835013,1.244503719665462,1.5555821570235426,0.8233848356489578,2.973333333333333,0.8753755737050088,480.48,753.71
539,298.0,69.35533905932738,0.721015232285194,0.9057750759878419,24.173597905828753,16.750350420031438,0.94748941919142,763.261744966443,496.59395973154363,0.7785138257176702,1.44316968300078,0.3070807876723811,19.47884453275087,0.2554495677631397,0.3864616430209838,0.5837233994963846,0.8119525804382816,0.8434109064835013,1.185033079181019,1.617068372196108,0.8229295927446951,0.7762863534675616,0.9517647389648302,496.59395973154363,763.261744966443
540,249.0,59.4558441227157,0.8189481452368146,0.9613899613899614,23.513586909281546,13.493683906365609,1.3453865889334828,758.4618473895582,1515.9116465863453,0.8851566008705831,1.7425624516214637,0.4261324757287783,17.805522925178455,0.7797899416596427,0.3840313151339535,0.2235057534452004,0.9747026101211043,1.534446263461804,2.9608133182610357,3.0438828858078497,0.3979232403314161,1.2570281124497993,0.663749481402208,1515.9116465863453,758.4618473895582
541,340.0,68.52691193458118,0.5768808909682613,0.96045197740113,23.35716339695317,19.078791583594743,-0.4689670243991523,765.5058823529412,127.72941176470589,0.9098430002429481,1.2242475260874104,0.18317172083989097,20.806283791440396,0.0657044299201162,0.38759791511541325,0.8920356329260438,-0.45196507563110705,1.0096506167969372,1.2994757207362886,1.3543808283385925,0.818887438776465,0.7303921568627452,0.7633138264103998,127.72941176470589,765.5058823529412
542,145.0,47.45584412271571,0.8935922555503295,0.9415584415584416,20.311590441597993,9.117458265279353,0.9586376001976583,760.4137931034483,1820.8827586206896,0.8090930312495364,2.22776895167676,0.5511204161242409,13.58748446131949,0.9366680857102313,0.38501964207769535,0.5746355198932613,0.8184094447628285,2.2106270921972753,3.2935975238988124,3.7116990299512054,0.32552353027433106,0.9655172413793104,0.7873444129967883,1820.8827586206896,760.4137931034483
543,37.0,20.727922061357855,0.8757846202673432,0.925,10.016163744907287,4.834823082281085,0.6250031934481217,757.4324324324324,1893.972972972973,1.082181372265754,2.0716712017064394,0.5172979191020766,6.863662517577698,0.9742659325992659,0.3835100923708518,0.8109612510232954,0.5850998627061295,1.768351125764714,2.2926194804156603,2.4806741909644114,0.4586002592665076,4.621621621621622,0.7136484315854758,1893.972972972973,757.4324324324324
544,304.0,65.1126983722081,0.693051171507387,0.9529780564263323,23.234919278222232,16.749783595952156,-1.19878754874551,763.3782894736842,1323.342105263158,0.9010565759281005,1.3871772817314076,0.27911160803336654,19.67396303746374,0.6807315356291964,0.3865206528980679,0.3634875398190086,-0.9315990598945045,0.7738115888024204,1.109342274819464,1.2558758286518634,0.955709341451612,0.8936403508771931,0.8701166804090089,1323.342105263158,763.3782894736842
545,234.0,59.35533905932738,0.6377355214032328,0.9322709163346613,20.23734564876139,15.587925076488789,0.39365982340814304,765.3504273504274,1306.2692307692307,0.8346533504881787,1.2982706517678422,0.22974458473792814,17.26088217525478,0.6719491927825261,0.3875192037217354,0.9235114462511198,0.38357086521680056,0.7738115888024204,1.2160816106330439,1.5559850798865342,0.8460527304320284,1.467236467236467,0.8391219463615737,1306.2692307692307,765.3504273504274
546,503.0,84.66904755831213,0.7795402182968653,0.9729206963249516,32.167700935426936,20.148309469546724,0.48448054362962456,772.2266401590457,689.4174950298211,0.881715550250781,1.5965459029725044,0.37364782425725096,25.30690599424961,0.35463862913056643,0.3910008304602763,0.8849170046417804,0.4657487465316674,1.0478710904976882,1.2161864677877583,1.451078656443293,0.80750740392948,0.7945659377070908,0.7925238825153734,689.4174950298211,772.2266401590457
547,248.0,62.62741699796951,0.8423557444337545,0.9501915708812261,24.41661768023165,13.1586496637821,-0.18401477515387038,770.125,902.2741935483871,0.794570697169847,1.855556482169748,0.4610781134343723,17.769732893161912,0.4641328156113102,0.3899367088607595,0.9831170022437615,-0.18297803119292733,0.8887581835636215,1.2114321390395786,1.633764458815578,0.803437688889232,2.458333333333333,0.8048247503015474,902.2741935483871,770.125
548,902.0,133.88225099390857,0.9216640053793878,0.9232343909928352,55.3223167503391,21.46445014454469,-0.4801249834364894,782.8813747228381,754.0820399113082,0.6323687356993725,2.577392683147748,0.6120110037797157,33.88896677904354,0.3879022839049939,0.39639563277105727,0.8869372011033646,-0.4618900316080981,0.8538089336702431,1.2346176987540576,1.5804342817402919,0.8176924855389636,0.24501108647450112,0.8065757009623912,754.0820399113082,782.8813747228381
549,438.0,89.49747468305831,0.9134140300163618,0.9299363057324841,37.43518691773647,15.237307999233936,0.6279200255185887,779.7054794520548,152.85616438356163,0.6871671853038832,2.4568110666016953,0.5929682939017293,23.615226456547084,0.07862971418907491,0.394787584532686,0.8092511656093644,0.5874628081503417,0.5514554907364506,1.2994757207362886,2.004446019947379,0.7781339723518982,0.6643835616438356,0.7951253194559517,152.85616438356163,779.7054794520548
550,129.0,50.42031021678297,0.9313919061842878,0.9148936170212766,21.77771612383791,7.927481049967724,1.1125574797580864,768.4418604651163,157.66666666666666,0.6376590789583355,2.747116768437633,0.6359819824591112,12.815923738491737,0.0811042524005487,0.38908448631145126,0.44236933378229826,0.8968329680208047,0.5514554907364506,1.3543808283385925,2.079738638597775,0.7527144845750696,2.9483204134366923,0.752990551784097,157.66666666666666,768.4418604651163
551,151.0,45.21320343559643,0.7554043865213461,0.949685534591195,17.14879873148215,11.23690282031947,0.9425312132584323,772.317880794702,305.89403973509934,0.9282313966930533,1.5261143578168457,0.34474111007609465,13.86575534383214,0.15735290109830213,0.391047028250482,0.5877420360462814,0.8090483910522113,0.8936593666582832,1.2444143698792722,1.2760595200760756,0.8787003243615638,1.403973509933775,0.7809293883951304,305.89403973509934,772.317880794702
552,70.0,28.727922061357855,0.6932485509961224,0.958904109589041,11.10059451954257,8.000182733018107,1.501040854105426,771.5571428571428,738.8714285714286,1.0658583117993148,1.3875426212114554,0.27930141769129524,9.440697438826296,0.38007789535567316,0.39066184448462926,0.06969891678568824,0.9975680733658739,0.7721504641257738,0.8538089336702431,0.9745678164108217,1.1536122304780418,7.119047619047619,0.6620791755957437,738.8714285714286,771.5571428571428
553,114.0,38.384776310850235,0.5544917597677057,0.926829268292683,13.260560076154611,11.035295070574302,-0.7845328365754488,774.7631578947369,462.5701754385965,0.9722919435884844,1.2016497965255135,0.16781078572856234,12.047792665040703,0.23794762111038914,0.39228514323784147,0.7077183948365577,-0.7064946380617237,0.9729023938788903,1.2353097244052078,1.244503719665462,0.8688812345998297,2.1608187134502925,0.9234048772368899,462.5701754385965,774.7631578947369
554,406.0,73.11269837220809,0.6322309089706408,0.973621103117506,25.85269938754362,20.030154921022568,-1.3217806497969171,779.679802955665,254.4064039408867,0.9544436044266916,1.2906889382273337,0.22521998106420082,22.736210219877808,0.13086749173913925,0.3947745837750202,0.24645011677107817,-0.9691554776936061,1.2337398481414161,1.3372011597093987,1.3770131412792097,0.7598872445519873,0.7980295566502463,0.6703100093685171,254.4064039408867,779.679802955665
555,244.0,62.87005768508881,0.8565785335357686,0.9207547169811321,24.919916568591145,12.859092658211669,1.2711964054836986,776.9344262295082,286.59016393442624,0.7757324745065264,1.9379218449505122,0.48398331820985463,17.625846048215095,0.1474229238345814,0.3933845196098776,0.295137973250683,0.9554546440022568,0.47763273832083486,0.8936593666582832,1.0784151637888308,1.2246361180570016,0.9726775956284154,0.7885868758772636,286.59016393442624,776.9344262295082
556,504.0,97.25483399593904,0.9266782603086772,0.9509433962264151,41.688127664180726,15.6687145623814,-0.2828944586663089,791.8055555555555,1284.0337301587301,0.6696039496625699,2.6605965344642017,0.6241444401485012,25.332049473868512,0.6605111780651904,0.4009142053445851,0.9602515136196842,-0.27913622228421997,1.5147690567317247,1.5559850798865342,2.18416301654873,0.5708938718837814,0.5634920634920635,0.8566859016546947,1284.0337301587301,791.8055555555555
557,358.0,81.25483399593904,0.9058528621859433,0.9347258485639687,33.091013529051246,14.017104601984052,-1.062123652415638,782.6145251396648,1587.4441340782123,0.6813879921859907,2.36075954832836,0.5764075165096361,21.349935761383176,0.8165864887233603,0.39626051905805815,0.487018401044057,-0.8733917088251354,1.2191200938288451,2.0935254987323955,3.3993602629822695,0.44696027753346956,0.803538175046555,0.8239229271942263,1587.4441340782123,782.6145251396648
558,658.0,97.25483399593904,0.6991361150823544,0.9619883040935673,34.3836658053822,24.583928943791438,0.5759599003077387,787.3419452887538,870.3328267477203,0.8742051565039107,1.3986237059176678,0.285011403875871,28.944630252185586,0.4477020713722841,0.39865414951329303,0.8386698886984117,0.5446400809622752,1.1848038323746963,1.3127122033383976,1.633764458815578,0.7261671058097118,0.8323201621073961,0.8023684919779189,870.3328267477203,787.3419452887538
559,480.0,83.01219330881976,0.7289719758277373,0.9619238476953907,30.25454344827951,20.710552279844375,0.6649783326626613,787.68125,486.775,0.8753209518088723,1.4608274583639858,0.31545645977936165,24.721548929484133,0.25039866255144033,0.3988259493670886,0.7869301549720962,0.6170420821918006,1.1530312219000372,1.185033079181019,1.2353097244052078,0.8395426783211591,0.3965277777777778,0.8793393759036062,486.775,787.68125
560,109.0,56.18376618407356,0.9825458165894762,0.8515625,28.172997966298002,5.240762126017697,0.9363144921184561,783.2293577981651,1864.3577981651376,0.43392499375086446,5.375744460225262,0.8139792530320356,11.780624362746345,0.9590317891795975,0.39657182673324815,0.5927602745057025,0.805378952399381,1.5967875948032029,1.768351125764714,2.2106270921972753,0.5380426834161115,1.3944954128440368,0.9124004254963456,1864.3577981651376,783.2293577981651
561,339.0,85.49747468305833,0.9501695911794433,0.8944591029023746,38.04846800823961,11.860980452624414,-1.0389007014055995,788.2890855457227,225.98230088495575,0.5827777839353968,3.2078687053076487,0.688266543345297,20.775663783985824,0.11624603954987435,0.3991337142003659,0.5071679909238707,-0.8618472190488548,1.1731718212644662,1.3372011597093987,1.7027430604415947,0.7120620392388017,1.4670599803343165,0.8095963476667869,225.98230088495575,788.2890855457227
562,445.0,79.94112549695427,0.7683502543549707,0.9611231101511879,29.791019631117337,19.067134325882655,-1.4917292950274879,785.8449438202247,832.9797752808988,0.8750429257959075,1.5624277419956893,0.3599704017526597,23.803184606416586,0.4284875387247422,0.3978961740861897,0.07898467499785398,-0.9968758303397085,1.6831579673134083,1.8342683883216675,1.8891606509048242,0.5548787056180079,1.0689138576779027,0.8008695914802928,832.9797752808988,785.8449438202247
563,159.0,46.04163056034261,0.6647511497242016,0.9408284023668639,16.52964294260641,12.348715433842623,0.6915012261504749,786.7798742138365,524.5534591194969,0.9425526024511058,1.3385718564139577,0.25293513739411333,14.228319915326999,0.2698320262960375,0.39836955656396783,0.7702895600216573,0.6376942791978313,1.644993748029031,1.7014457904953675,2.4808891312683916,0.5148156505314595,1.8406708595387842,0.887172033007892,524.5534591194969,786.7798742138365
564,156.0,46.97056274847714,0.7754720985704081,0.9397590361445783,17.817590587374262,11.249703079431631,1.0738423235610342,785.9935897435897,281.0705128205128,0.8885521774802586,1.5838276318555475,0.36861816280573356,14.093451279891855,0.14458359712989344,0.39797143784485556,0.4767502050157938,0.8790388171277754,0.47763273832083486,0.6599178968020732,1.2337398481414161,1.2651339096466125,2.2542735042735043,0.7597177107972324,281.0705128205128,785.9935897435897
565,510.0,88.08326112068524,0.7420348627625758,0.9357798165137615,31.50435850697547,21.119302487241907,-0.40006165803519655,796.0725490196079,895.156862745098,0.8260251484722779,1.4917329076567343,0.3296387075278546,25.482389366284572,0.4604716372145566,0.40307470836435844,0.9210369814822391,-0.3894751323795725,1.1848038323746963,1.2114321390395786,1.5060176482215386,0.768786525023451,0.7751633986928104,0.8668005595512138,895.156862745098,796.0725490196079
566,129.0,42.62741699796952,0.748593546514795,0.9347826086956522,15.829404135837104,10.49535694655257,-0.9120326842324079,793.6744186046511,793.0,0.8921164334111217,1.5082292309302179,0.33697081352597946,12.815923738491737,0.4079218106995885,0.40186046511627904,0.6121396708523452,-0.7907496591012749,0.7187681342063055,1.8184034399605342,1.8342683883216675,0.6862727215158195,5.1343669250646,0.7145662820070419,793.0,793.6744186046511
567,159.0,47.45584412271571,0.7773384142662662,0.9352941176470588,18.158384489313434,11.423124766673524,1.3838635083834483,796.37106918239,462.685534591195,0.887212358404664,1.5896162267516976,0.370917342707648,14.228319915326999,0.23800696223826903,0.4032258578138683,0.1858460260352132,0.9825788795852061,0.7693649722377414,0.9729023938788903,1.1530312219000372,1.036162561062503,1.5953878406708595,0.8887898196457429,462.685534591195,796.37106918239
568,452.0,89.94112549695429,0.8521053963735589,0.9112903225806451,34.43946889848534,18.02459262097586,-1.232426299097615,800.9800884955753,716.6703539823009,0.7021528501115292,1.9106933300898519,0.4766297739925778,23.98967015655475,0.36865758949706834,0.4055595384787723,0.33194998582240814,-0.9432969876515577,0.8905379909691395,1.6595704420353574,1.7837256800685126,0.6922276953219091,0.7831858407079646,0.8847259132805426,716.6703539823009,800.9800884955753
569,291.0,66.2842712474619,0.41142493345874326,0.9297124600638977,20.99717527995014,19.13774204232786,-0.7974330164588809,800.1237113402062,1566.7903780068727,0.8323038073236061,1.0971605340645558,0.08855635164401487,19.248706645328987,0.8059621286043585,0.4051259297925095,0.6985458531633906,-0.7155652947343315,1.1279327323189323,1.2191200938288451,2.9608133182610357,0.5651988799981575,1.0652920962199313,0.7736176554816879,1566.7903780068727,800.1237113402062
570,405.0,96.2842712474619,0.9211254930862622,0.8653846153846154,39.45179513929426,15.35723271817731,-1.419252245370098,800.562962962963,282.66913580246916,0.548977053458479,2.5689390701618957,0.6107342476063555,22.708192698181442,0.1454059340547681,0.4053483356774496,0.15096469677752053,-0.9885391546756614,0.6599178968020732,1.0784151637888308,1.4047629000282762,0.9544729265628304,0.734156378600823,0.7978097060112889,282.66913580246916,800.562962962963
571,201.0,55.698484809834994,0.7086747260868903,0.9262672811059908,19.362665939564074,13.661045324991331,1.2510624332895492,806.5223880597015,377.93532338308455,0.8141776181182343,1.4173634212414385,0.2944646482240094,15.99753570059363,0.194411174579776,0.408365766106178,0.3143139517717445,0.9493190926772881,1.1726190332231499,2.577079782719485,2.9321689836493663,0.44897625783365275,1.4875621890547264,0.7532531316972619,377.93532338308455,806.5223880597015
572,594.0,100.08326112068524,0.8522158639023081,0.9041095890410958,39.22065411410159,20.51986696531433,-0.9049394827781634,812.6717171717172,216.7946127946128,0.7452009725265873,1.911350311402996,0.47680967008817654,27.500987065425246,0.11151986254866914,0.41147935046669226,0.6177331710678472,-0.7863877728973548,0.8864362797762506,1.1731718212644662,1.5993254991069907,0.8199110254088494,0.5230078563411897,0.7913855809643975,216.7946127946128,812.6717171717172
573,492.0,92.08326112068524,0.8374875860938297,0.9162011173184358,35.05181336853385,19.15428601616841,-0.6321790534804335,813.420731707317,254.2418699186992,0.7291444660470815,1.8299723278093534,0.4535436493746915,25.028660691489268,0.1307828548964502,0.41185859833281874,0.8067418130255594,-0.590904092993299,1.4047629000282762,1.519191392409669,1.6863866870510262,0.6507110891248074,0.9518970189701896,0.749540543470586,254.2418699186992,813.420731707317
574,640.0,112.42640687119285,0.9254594176838266,0.943952802359882,46.75671174977445,17.713628671830726,-1.564676182048729,808.8671875,797.9015625,0.6362871845258459,2.6395896976281192,0.621153241771409,28.54598585844434,0.4104431905864197,0.4095530063291139,0.006120106540040481,-0.9999812719725998,0.7187681342063055,1.7006316748191077,1.8891606509048242,0.6962882447397697,0.8322916666666667,0.8766473592269438,797.9015625,808.8671875
575,885.0,118.91168824543144,0.3696080466748823,0.9404888416578109,35.38942585193698,32.883421306470424,1.0838816478774842,815.7830508474576,863.9186440677967,0.7865096302916322,1.0762087534052744,0.0708122408075007,33.568094927931476,0.4444025946850806,0.41305470928985194,0.4679013723289622,0.8837806887303399,1.3127122033383976,1.5930277068479566,1.663068122640114,0.6566264063723567,0.5453860640301319,0.8772853766520243,863.9186440677967,815.7830508474576
576,274.0,63.798989873223334,0.8525323094440505,0.9647887323943662,25.895549601530238,13.534944143827,-0.02549016226237836,811.8430656934306,1885.3102189781023,0.8459268729737462,1.9132365325157732,0.47732547282845916,18.677998695187732,0.9698097834249497,0.41105978009793953,0.9996751434040773,-0.025487401986814758,1.5967875948032029,2.4806741909644114,3.640403931071942,0.3887084992233437,0.3309002433090025,0.7732801205894982,1885.3102189781023,811.8430656934306
577,235.0,55.45584412271571,0.5932068211826464,0.9552845528455285,19.28067980514394,15.5219132506121,1.4685946102771714,810.9617021276596,435.0,0.9602472800643506,1.2421587141896708,0.19494989764463755,17.297725082009,0.22376543209876543,0.41061352006463775,0.10202389000886698,0.9947819489051148,0.9580537702463087,1.2372555444071291,1.4090450847454574,0.8323265882234875,0.9957446808510638,0.7939571717953756,435.0,810.9617021276596
578,167.0,50.62741699796952,0.8768701661089537,0.943502824858757,21.06943192208958,10.12865056870298,0.44886636002427793,811.8562874251497,469.9101796407186,0.818756563539872,2.0801815384166833,0.519272726186608,14.581872443920643,0.24172334343658364,0.41106647464564544,0.9009396179645408,0.43394447200293634,0.7693649722377414,1.3239588305665677,1.3271617217334564,0.8770684683442451,1.7644710578842318,0.8500059205927878,469.9101796407186,811.8562874251497
579,404.0,77.84062043356595,0.8296867298609792,0.9596199524940617,30.439992148370074,16.99249493408792,0.5632033230446283,818.4084158415842,174.85643564356437,0.8378738791665715,1.791378621352754,0.44177071888641106,22.680140565547774,0.08994672615409689,0.4143840080210553,0.8455492059780358,0.5338974997786682,1.9058355150553004,1.985148475087113,2.004446019947379,0.5088687330467193,1.2582508250825082,0.7814065032179064,174.85643564356437,818.4084158415842
580,364.0,87.87615433949868,0.9325227564378239,0.9032258064516129,36.78256828580867,13.282597880038388,1.1397364429114087,816.7362637362637,401.89285714285717,0.5923374096107993,2.769229981816055,0.6388887862090088,21.528102431092233,0.20673500881834217,0.41353734872722214,0.41783396625087305,0.9085234045675787,1.1726190332231499,1.5131419099683818,1.771152658360932,0.6731115449388606,0.6721611721611721,0.827199867866407,401.89285714285717,816.7362637362637
581,314.0,68.76955262170047,0.852910518190392,0.9544072948328267,27.743173077935307,14.48352134010305,-0.9904294473347933,817.7388535031847,1262.6019108280254,0.8343477785478053,1.9154991680868345,0.4779428690648915,19.994929783493642,0.649486579644046,0.41404498911553655,0.5483307808682286,-0.8362615348994826,1.457052083653717,1.5147690567317247,2.2068065396800707,0.5793040522198825,1.0976645435244161,0.7446315262121423,1262.6019108280254,817.7388535031847
582,489.0,93.25483399593905,0.7499635299406932,0.8794964028776978,32.207908759885854,21.304861031827556,1.0017792432958204,820.7361963190184,717.6196319018405,0.7066038777915318,1.5117633816888136,0.3385208213716058,24.952237121658943,0.36914590118407437,0.41556263104760427,0.5388042698306417,0.842430981631296,0.8905379909691395,1.2032846897417826,1.2698885397874362,0.8918720435089931,0.9570552147239264,0.8260845886647603,717.6196319018405,820.7361963190184
583,305.0,69.11269837220809,0.7509406191198356,0.9355828220858896,24.855108006098806,16.413561080833823,-0.326022638083215,820.6524590163934,753.0295081967213,0.8024056986905383,1.514303196222434,0.33963026526352835,19.706294962377495,0.38736085812588544,0.4155202324133638,0.9473236936258647,-0.3202777224457688,1.1045379329370038,1.5943215582973866,1.7012898082191292,0.6817950473572767,2.639344262295082,0.7339184439882355,753.0295081967213,820.6524590163934
584,323.0,73.35533905932736,0.8996897440667462,0.9472140762463344,30.815456177727786,13.451868385870535,-0.36758774050953186,825.1114551083591,1568.575851393189,0.7543083733884898,2.2907937614149922,0.56347008759867,20.279456919490165,0.8068805819923811,0.41777795195359957,0.9331969424145351,-0.3593653665396302,1.1279327323189323,2.0935254987323955,3.8246278957739577,0.42576828412281875,0.9267285861713106,0.7996161334600599,1568.575851393189,825.1114551083591
585,1024.0,122.12489168102783,0.7436136100396508,0.9715370018975332,44.43816902982907,29.71178647797645,-0.7592523738669061,836.2919921875,771.9296875,0.8627827184738021,1.4956411006375667,0.331390398690089,36.1081333470564,0.3970831725823045,0.42343898338607594,0.7253508637972746,-0.6883793462826638,1.1045379329370038,1.7006316748191077,2.1405492929831356,0.6065852225349047,0.349609375,0.7769364388758353,771.9296875,836.2919921875
586,280.0,61.45584412271571,0.7326225654736127,0.9688581314878892,22.95875544377833,15.626535434870672,-0.47965106120413187,829.4928571428571,896.5357142857143,0.9316258249798841,1.4692159717339381,0.31936487266754876,18.881394877652593,0.46118092298647856,0.41999638336347195,0.8871560014459957,-0.4614696404947484,1.5060176482215386,1.5930277068479566,2.027421940881234,0.5851983104173172,2.5226190476190475,0.7550072043407852,896.5357142857143,829.4928571428571
587,245.0,62.526911934581186,0.8485357805382139,0.9245283018867925,24.55041531935966,12.990557802821948,0.8139796408703013,829.1142857142858,446.1020408163265,0.7874844515648272,1.8898661390834623,0.4708619942336366,17.66192765414112,0.2294763584446124,0.41980470162748645,0.6866105777463429,0.7270253878145062,0.652394618302899,0.6631587032538927,0.9580537702463087,1.3194891988223123,0.8462585034013606,0.8467028740227982,446.1020408163265,829.1142857142858
588,492.0,83.59797974644665,0.7602339290773265,0.9628180039138943,31.173415044637466,20.251791103296206,-0.27525612611868466,835.19918699187,695.1463414634146,0.8846742819517713,1.539291753782886,0.35035057678802584,25.028660691489268,0.35758556659640667,0.422885664299681,0.9623556157981655,-0.27179343027699115,1.1419229141498677,1.2032846897417826,1.820148657780009,0.7202265092196523,0.9491869918699187,0.7667277872780138,695.1463414634146,835.19918699187
589,100.0,37.798989873223334,0.8347361740713841,0.9433962264150944,15.394134451156656,8.476781494158718,1.3015753317976615,831.83,221.33,0.8795276071345475,1.8160353032297258,0.44934991174370276,11.283791670955125,0.11385288065843623,0.42117974683544307,0.26598057348215687,0.9639783890368616,0.8864362797762506,0.9062745511709419,1.6979081517462116,0.8594464233633324,5.263333333333334,0.7953989301323058,221.33,831.83
590,298.0,72.76955262170047,0.8805294133506433,0.9141104294478528,28.785359456611896,13.644016015146294,0.8908553738001086,838.4395973154362,434.7013422818792,0.707174705416636,2.1097424266181686,0.5260084892908186,19.47884453275087,0.2236118015853288,0.42452637838756263,0.6287471095819597,0.7776098457403502,0.6631587032538927,0.8193986900485349,1.2372555444071291,1.103017034151767,0.6364653243847874,0.8734727894055286,434.7013422818792,838.4395973154362
591,460.0,80.5269119345812,0.6036990051372604,0.9523809523809523,27.488886057588566,21.91447911155276,-0.1835465056750167,848.9173913043478,716.4782608695652,0.8914266339309806,1.254370953453195,0.20278766241591428,24.201036973199617,0.36855877616747185,0.429831590533847,0.9832025774808087,-0.182517647462086,1.1419229141498677,1.2698885397874362,1.7944099307574723,0.7132292206292643,1.1202898550724638,0.8125014884534719,716.4782608695652,848.9173913043478
592,493.0,82.42640687119285,0.7010281127184217,0.9666666666666667,29.6899155937934,21.1728775095588,-1.0057770751507245,847.158215010142,208.2839756592292,0.9118513518232483,1.402261718105603,0.2868663623285971,25.05408341078227,0.10714196278766935,0.4289408683595656,0.5354320756311701,-0.8445782926320667,0.9062745511709419,1.5993254991069907,1.985148475087113,0.6680400790770475,0.742393509127789,0.8208674862759021,208.2839756592292,847.158215010142
593,89.0,35.798989873223334,0.7661415350223156,0.8725490196078431,13.676917685635036,8.789770433244847,1.4864889818830063,842.1011235955057,452.5280898876405,0.8726866365874082,1.556003969558286,0.3573281176886218,10.645107772184812,0.23278193924261342,0.4263803157445598,0.08420750811409282,0.996448240290089,0.652394618302899,0.7093193040146875,0.8193986900485349,1.3754447995903938,2.838951310861423,0.7633286312886126,452.5280898876405,842.1011235955057
594,319.0,72.5269119345812,0.799648833803246,0.9354838709677419,26.75902597603674,16.067937106849378,-1.5312408096846015,847.5109717868338,1249.9184952978057,0.7620828254334527,1.6653678563771577,0.3995320636394408,20.153496341094687,0.6429621889392005,0.42911947938573863,0.03954520290020892,-0.9992177825317068,0.7512470649229218,1.457052083653717,2.941092593448356,0.582593080949062,1.0752351097178683,0.7687198439169266,1249.9184952978057,847.5109717868338
595,215.0,58.2842712474619,0.8751716372562336,0.9388646288209607,23.89486118397302,11.560634259767635,1.2455759936064295,848.7720930232558,466.8,0.7953267368843747,2.0669161091904744,0.5161874274657143,16.545286401814263,0.24012345679012345,0.429758021783927,0.3195175770107196,0.9475803490898272,0.7093193040146875,1.285242583283121,1.5182616607956105,0.8540138606245241,0.9798449612403101,0.7891152645229571,466.8,848.7720930232558
596,724.0,118.08326112068522,0.8899574852467594,0.9084065244667503,46.56306258937116,21.234782062616272,-0.42471972110020967,871.0455801104972,879.1864640883978,0.6524868342584454,2.1927732741531263,0.5439564993849119,30.361578193306386,0.45225641156810586,0.44103573676480873,0.9111542619836901,-0.4120654206178397,0.9281145276925257,1.615612230629611,2.027421940881234,0.6562901794296956,0.5046040515653775,0.8431635017594609,879.1864640883978,871.0455801104972
597,211.0,57.49137802864844,0.7757312680972973,0.9461883408071748,21.103133884458877,13.317415166914081,-0.41861691967657155,862.3080568720379,1242.2085308056871,0.8022078035404047,1.5846268678990885,0.36893661198247363,16.39065416446578,0.6389961578218555,0.43661167436558884,0.9136520322629222,-0.40649718811060936,0.7512470649229218,2.2068065396800707,2.440007474616368,0.5557551046521031,1.146919431279621,0.8134485295238187,1242.2085308056871,862.3080568720379
598,376.0,74.52691193458118,0.7851283792051311,0.9690721649484536,28.14711588734279,17.432439161761735,-0.1250452961233546,880.811170212766,173.23670212765958,0.8506902518884736,1.6146401330390887,0.3806669489146217,21.880083839428522,0.08911352990105946,0.44598033934823594,0.9921920189293632,-0.1247196759652393,0.9234476335372415,1.3289843172788471,1.803503840977694,0.7396566794942325,0.7384751773049646,0.8739518642003755,173.23670212765958,880.811170212766
599,565.0,91.59797974644665,0.814811338587905,0.9641638225255973,35.26469192792379,20.44386631825961,1.4343232031468915,879.0654867256637,690.412389380531,0.8462263056171127,1.7249521875628213,0.4202737865952699,26.821266613927218,0.3551504060599439,0.4450964489750196,0.13604988462649217,0.9907019879323541,1.7944099307574723,1.9865323063979277,2.023342368739401,0.5168595621505561,0.8820058997050148,0.9085591044600699,690.412389380531,879.0654867256637
600,493.0,83.94112549695429,0.6800807734907234,0.9723865877712031,29.74759375428284,21.809067338243615,0.10233305218092323,884.8438133874239,567.7991886409736,0.8792395337407523,1.3640011878049687,0.2668628085219933,25.05408341078227,0.2920777719346572,0.44802218399363236,0.994768540950372,0.10215453947558034,0.9874847978105133,1.507527209026813,1.9363321492384409,0.6769954881267195,0.8864097363083164,0.8054859375990356,567.7991886409736,884.8438133874239
601,583.0,96.18376618407356,0.7668024133075213,0.9357945425361156,34.614629997529896,22.21854991462053,-0.016474736616377213,890.1783876500857,513.1715265866209,0.7919082402318436,1.5579158014606678,0.3581167871444516,27.245158369526866,0.2639771227297432,0.4507232342532079,0.9998642945961477,-0.01647399137270619,1.524076392122594,1.5326594186396367,1.5537484012118168,0.6506908736849366,0.6563750714694111,0.7729990590128862,513.1715265866209,890.1783876500857
602,422.0,83.94112549695429,0.7364433030383978,0.9036402569593148,29.553454596395298,19.99289044076698,0.29829745940561575,887.154028436019,756.7748815165877,0.7526147733034431,1.4781981967016444,0.323500730665661,23.179885415554555,0.38928749049207184,0.4491919131321615,0.9558382394407557,0.29389327998917664,1.4683761086772986,1.534340507954055,2.389538482658666,0.5563535004853536,1.4494470774091626,0.8453063476615715,756.7748815165877,887.154028436019
603,149.0,46.62741699796952,0.8562336554809297,0.9490445859872612,19.180481119912756,9.908420591538437,-0.2734294512051468,884.9664429530201,894.3892617449665,0.861218632236714,1.9357758325572538,0.48341125910279004,13.773623058786647,0.46007678073300745,0.4480842749129216,0.9628504881974249,-0.27003506694127816,0.9281145276925257,1.355686889597145,2.499547514395201,0.6271756551415306,3.738255033557047,0.7735862357667047,894.3892617449665,884.9664429530201
604,543.0,84.76955262170047,0.6097829090032472,0.9783783783783784,29.60586972532946,23.46467932413375,-1.444090723008484,889.1528545119705,646.6206261510129,0.949576397497458,1.2617206191639452,0.20743151470201804,26.29389801439097,0.33262377888426586,0.45020397696808634,0.1263668473182092,-0.9919835784421315,1.3878545804990543,1.9051378970724697,2.023342368739401,0.5642985415190204,1.0042971147943525,0.8775307505072011,646.6206261510129,889.1528545119705
605,126.0,44.384776310850235,0.8720942944867615,0.9064748201438849,18.365773544123627,8.987068328848103,0.23124314690507614,888.7063492063492,1910.3968253968253,0.8037339957518763,2.0435778245026004,0.5106621396993303,12.666024736934256,0.9827144163563917,0.4499778983323287,0.9733822331667097,0.22918775742912023,1.2543721762281674,2.7446739318059845,3.118718214789991,0.4214806593666027,2.9682539682539684,0.8119893422024221,1910.3968253968253,888.7063492063492
606,667.0,106.66904755831214,0.8269526839433614,0.9074829931972789,40.157831523806,22.579604839228825,-0.20846440170374225,906.4392803598201,873.2818590704647,0.7366460480617847,1.778500191200757,0.43772848327621006,29.14190756176324,0.4492190633078522,0.45895659765054186,0.97834987213678,-0.20695779204936007,1.355686889597145,1.615612230629611,1.8382463995378981,0.623759560580435,0.5052473763118441,0.8448943483357313,873.2818590704647,906.4392803598201
607,572.0,106.32590180780451,0.9122639111800542,0.942339373970346,42.965011848257795,17.598594535666525,0.10123958767425326,910.166083916084,485.61713286713285,0.6358105692553471,2.4413888143841227,0.5903970747681724,26.986904594423443,0.2498030518863852,0.4608435867929539,0.9948796485865049,0.10106673452918348,1.1844193943890096,1.5326594186396367,2.1035609476649566,0.622324037664319,0.6777389277389277,0.8161392198537425,485.61713286713285,910.166083916084
608,357.0,75.59797974644667,0.8007436891205821,0.9224806201550387,27.96344089839207,16.750300536821417,0.001191852865102651,906.3333333333334,158.40896358543418,0.7849783893675835,1.6694292043848002,0.4009928678775515,21.320096563347295,0.08148609237933857,0.4589029535864979,0.9999992897434581,0.0011918525829288727,0.6777790403686325,0.9744707325503754,1.0784265292580397,1.0986289358457584,0.5957049486461251,0.9167148580943252,158.40896358543418,906.3333333333334
609,521.0,87.01219330881976,0.6443547525984998,0.9336917562724014,29.760250373143453,22.758458586552994,-1.1181175599974733,904.9424184261037,576.5777351247601,0.864743597647743,1.30765667894255,0.23527328227416688,25.75573339679963,0.29659348514648154,0.4581986928739766,0.43737605841700644,-0.8992787018069556,0.9155645087614134,0.9874847978105133,1.0131820121141786,1.0287249782886345,0.9609724888035829,0.798310472171214,576.5777351247601,904.9424184261037
610,225.0,55.55634918610405,0.3862057603705847,0.9533898305084746,17.782363148394023,16.402676847765385,-0.4481323440553755,901.3111111111111,172.6,0.9160622450604896,1.0841134842461155,0.07758734253232491,16.925687506432688,0.08878600823045267,0.45636005625879045,0.9012578974041441,-0.43328305109554127,0.6777790403686325,0.8986238180053211,0.9234476335372415,1.2000717681745956,1.4577777777777778,0.8521611998097033,172.6,901.3111111111111
611,275.0,62.526911934581186,0.7695746597741537,0.9548611111111112,23.52009232419248,15.018915925387507,-0.1323409731645016,906.5527272727272,1889.0036363636364,0.8839111191033775,1.5660312928734657,0.3614431559888379,18.712051592547777,0.9717096894874673,0.4590140391254315,0.9912557069875183,-0.13195500507625832,1.2543721762281674,1.572234401820772,1.8695522818340655,0.6388199568007671,1.1793939393939392,0.7852636344185885,1889.0036363636364,906.5527272727272
612,462.0,95.49747468305833,0.8635072469348894,0.8850574712643678,36.537697955690845,18.42729214252961,0.42198984136235057,917.547619047619,560.6212121212121,0.6366020970464397,1.9828034240235977,0.49566357013306284,24.253590861306396,0.2883853971816935,0.4645810729355033,0.9122757545593982,0.4095765467444158,0.9155645087614134,1.0863398858100866,1.2997073550007698,0.9086471176959726,1.0072150072150072,0.8863151671590389,560.6212121212121,917.547619047619
613,561.0,92.42640687119284,0.759295899837074,0.9573378839590444,33.650972131735486,21.898219479648887,-0.06001465833466225,917.5632798573976,741.3939393939394,0.8252405986459417,1.5366990071046196,0.3492544763960278,26.726155439876237,0.38137548322733505,0.4645890024594418,0.9981996608554895,-0.059978638430576346,1.534340507954055,1.7151217707478221,1.9445661183250897,0.5775863685530067,1.0160427807486632,0.7794765899507082,741.3939393939394,917.5632798573976
614,250.0,60.87005768508881,0.7760180550235344,0.9433962264150944,22.832740019192915,14.400853280828409,-1.4485192990724904,906.388,783.112,0.847895725864971,1.5855129952327007,0.3692893069897335,17.841241161527712,0.40283539094650206,0.4589306329113924,0.12197254777717809,-0.9925334742912926,1.4683761086772986,1.751648728302305,1.8614785619626504,0.5903764623328734,2.1946666666666665,0.8412377435962414,783.112,906.388
615,93.0,37.21320343559643,0.8533739479318496,0.9207920792079208,15.227192292255529,7.9379238768766065,0.49189518114898506,906.236559139785,1210.47311827957,0.8439149845901981,1.9182839906808333,0.47870075293435455,10.881694613449236,0.6226713571396965,0.4588539539948278,0.8814393532904539,0.4722972225949528,1.2672471379574233,1.7747612458824389,1.8195496569126377,0.6170861223608147,3.6415770609319,0.8006786409817583,1210.47311827957,906.236559139785
616,185.0,55.11269837220809,0.8800447705684253,0.9203980099502488,22.52626861300032,10.697516059359755,-0.5615737018674694,912.9135135135135,1170.6162162162161,0.7653819963757318,2.1057475855145866,0.5251092738374777,15.347615963921077,0.6021688355021688,0.4622346903865891,0.8464181335174694,-0.5325188665698176,0.8085090542212178,0.8394627233710464,1.2315176446608018,1.0418513701823706,1.2792792792792793,0.7185560817366068,1170.6162162162161,912.9135135135135
617,196.0,56.2842712474619,0.8823558510077016,0.937799043062201,23.09588530147223,10.868525896021238,-0.4721701360010852,913.8112244897959,1854.8469387755101,0.7774846808907724,2.125024637419063,0.5294172206800649,15.797308339337176,0.9541393717981019,0.4626892275897701,0.8905833647192017,-0.4548200418686773,1.061777874325286,1.572234401820772,1.9852406491032257,0.6494556692493952,1.9251700680272108,0.8299702981309321,1854.8469387755101,913.8112244897959
618,328.0,67.11269837220809,0.5675000350653451,0.956268221574344,22.694782789879827,18.68627983915615,-0.09851385801459603,914.530487804878,536.6829268292682,0.9151121181029239,1.2145158364975388,0.1766266277071914,20.435815879801165,0.27607146441834785,0.4630534115467737,0.9951514330635839,-0.09835458947855667,1.0863398858100866,1.127697394204636,1.3714279307673085,0.8367115070531296,1.0589430894308942,0.7643705054586079,536.6829268292682,914.530487804878
619,347.0,71.01219330881976,0.7636969977538841,0.961218836565097,26.41073924406992,17.050109203209484,-0.7801556355519131,917.4178674351585,615.1325648414986,0.8647159814046953,1.5490070432568495,0.3544251432856884,21.019374919894773,0.3164262164822524,0.46451537591653597,0.7108040741221379,-0.7033900541032481,1.2206633918382412,1.2327270900877314,1.52642518104502,0.7538037572726308,2.275696445725264,0.8456100494591117,615.1325648414986,917.4178674351585
620,724.0,99.35533905932738,0.5917520659853578,0.9783783783783784,33.98151238556631,27.393177565229916,-1.1706897258294282,919.689226519337,642.4171270718232,0.9216499644997953,1.2405100614796492,0.1938799764290302,30.361578193306386,0.3304614851192506,0.4656654311490314,0.3895165260870511,-0.9210194763983418,1.0927122386933508,1.2327270900877314,1.3878545804990543,0.8079080388715,0.9152854511970534,0.850127592351081,642.4171270718232,919.689226519337
621,251.0,58.526911934581186,0.7330522703908233,0.9616858237547893,21.774916143213158,14.810694974514858,-0.5385315777563127,920.6254980079681,177.62948207171314,0.9208149581730533,1.4702156908019384,0.31982769177592996,17.876888032555495,0.09137319036610758,0.46613949266226234,0.8584627250959683,-0.5128759592930867,0.8986238180053211,1.0784265292580397,1.2364313006823482,0.9335668687941063,0.9880478087649402,0.8714360018258351,177.62948207171314,920.6254980079681
622,547.0,88.42640687119284,0.6689886753917353,0.9630281690140845,31.034077940942726,23.066779680495767,-0.9562692011416135,923.8409506398538,588.7934186471664,0.8790897857264501,1.3454014115019164,0.256727403843239,26.390567083147985,0.3028772729666494,0.46776756994422974,0.5765722265827831,-0.8170461844555496,1.0131820121141786,1.2206633918382412,1.2997073550007698,0.8490038792823194,0.8104814137720902,0.7886872253662927,588.7934186471664,923.8409506398538
623,221.0,54.8700576850888,0.6849045131261776,0.9650655021834061,19.768959979862444,14.404313350506257,0.32818654209749226,921.7873303167421,1187.0135746606336,0.9224255081848614,1.3724333467910597,0.2713671652338241,16.774562271083887,0.6106036906690502,0.46672776218569223,0.9466284260059111,0.32232688854262725,0.8394627233710464,0.9159371185417339,1.193356738740606,1.0173779754093026,1.4193061840120664,0.7050116965051093,1187.0135746606336,921.7873303167421
624,248.0,63.698484809834994,0.8440158416016909,0.9323308270676691,24.940914151731373,13.376267288078763,0.11903566891181887,924.2701612903226,507.8225806451613,0.7680744896803879,1.8645645765436587,0.46368175574068937,17.769732893161912,0.26122560732775785,0.46798489179256836,0.9929236164156581,0.11875475554288836,0.9202224989710124,1.1844193943890096,1.3714279307673085,0.8630436532595118,1.6559139784946237,0.8131192056690891,507.8225806451613,924.2701612903226
625,950.0,119.84062043356596,0.7915198824982034,0.9693877551020408,44.63630145345014,27.279181773060834,1.5404363066020543,926.4136842105263,816.4663157894737,0.8312379674936978,1.636277137077846,0.3888565834355815,34.77898169151024,0.4199929607970544,0.46907021985343106,0.03035535644670123,0.9995391699853456,1.510139083099062,1.5126161819565287,1.7214065119247315,0.6323561760808064,0.32070175438596493,0.8615191640853602,816.4663157894737,926.4136842105263
626,343.0,84.91168824543142,0.9435999300917591,0.9245283018867925,36.55613446120376,12.10329237784555,-0.7912263071722662,928.4752186588921,1148.1224489795918,0.5978180622700447,3.020346309085111,0.6689121386537596,20.897874625046462,0.5905979675820946,0.470114034763996,0.7029736753262303,-0.7112158686350661,0.5940621132292944,1.2315176446608018,1.7767614257230684,0.8327917448926886,0.5364431486880467,0.7744107264385024,1148.1224489795918,928.4752186588921
627,146.0,53.73401871576774,0.8521776938095245,0.7891891891891892,19.985375055862022,10.45739745028814,-0.682755992432391,928.2739726027397,1161.3150684931506,0.6354246747549143,1.9111232169253882,0.4767475005568723,13.63425735166143,0.5973842944923614,0.47001213802670366,0.7758368191062566,-0.6309336178387436,0.5940621132292944,0.8085090542212178,1.193356738740606,1.15565613083676,1.7100456621004565,0.761875188943546,1161.3150684931506,928.2739726027397
628,162.0,47.21320343559643,0.7411799745571483,0.9418604651162791,17.619653723079253,11.828185819724334,0.4038220669617553,926.604938271605,150.82716049382717,0.9132673710494325,1.489632813655771,0.3286936278304332,14.361922094451577,0.07758598790834731,0.46916705735271136,0.919565887134698,0.39293584618634103,0.9744707325503754,1.2364313006823482,1.4297051674020307,0.824038363566643,2.2263374485596708,0.768182470077943,150.82716049382717,926.604938271605
629,651.0,102.76955262170048,0.7410917464400092,0.9286733238231099,36.18015568021725,24.291492949512772,0.25119479160416086,936.7142857142857,1860.4654377880183,0.7745722266131168,1.489416717013391,0.32859622926401644,28.79025779013781,0.9570295461872522,0.47428571428571425,0.9686161340333919,0.24856143081782886,0.9333670846228261,1.061777874325286,1.3433828657880873,0.8985996695226138,0.3927291346646185,0.8436813379611982,1860.4654377880183,936.7142857142857
630,178.0,62.62741699796952,0.9555418977764462,0.8599033816425121,28.744801758986195,8.475558786596617,-0.2501582099499764,932.561797752809,1546.370786516854,0.5702967100654546,3.3914934086049504,0.7051446429284561,15.054455784347004,0.7954582235169002,0.47218318873559945,0.9688732678166634,-0.24755724774334523,1.5172986272224673,1.5380949162404114,1.9297093043787807,0.6017930003788937,0.7378277153558053,0.8048486237297365,1546.370786516854,932.561797752809
631,205.0,74.18376618407356,0.9690257672266419,0.7854406130268199,35.45837621498656,8.756787728974842,0.444000115892437,935.209756097561,1239.1463414634147,0.4681078985394684,4.049244690225884,0.7530403627091709,16.15593100600236,0.6374209575429088,0.47352392713800556,0.9030406221172068,0.4295551592126069,1.5241368440903593,1.8353272780753873,2.115093468606175,0.5479894859553381,1.6146341463414635,0.7684218923696212,1239.1463414634147,935.209756097561
632,332.0,68.5269119345812,0.6096852011738165,0.9540229885057471,23.348946058677026,18.507393821480523,1.1997661938867783,936.3192771084338,524.3313253012049,0.8884349296489961,1.261600973313551,0.2073563502622109,20.56004690782767,0.2697177599286033,0.4740857099283209,0.3625756610065515,0.931954339034731,0.9202224989710124,1.127697394204636,1.1999466508119798,0.9236832731177108,0.8483935742971888,0.8711130043871914,524.3313253012049,936.3192771084338
633,610.0,103.59797974644665,0.829280688971239,0.9355828220858896,38.823696742116184,21.69593572322713,-1.5281447261074648,941.355737704918,1192.5737704918033,0.7142284183846819,1.7894456011202364,0.44116770055821997,27.868909599918855,0.6134638737097754,0.4766358165594522,0.042638670189450806,-0.9990905583601896,0.9159371185417339,1.5256905175047644,1.6178165645301406,0.7390174249898186,0.3016393442622951,0.7744107264385024,1192.5737704918033,941.355737704918
634,1098.0,136.91168824543144,0.8977336110105086,0.9360613810741688,56.96064932148251,25.093371532291613,-1.4950598781267017,943.3415300546449,636.9799635701276,0.7360903981510895,2.2699480318211616,0.5594612801784242,37.390065794529015,0.32766459031385164,0.4776412810403265,0.07566406526408619,-0.9971333658180896,1.0927122386933508,1.52642518104502,1.9644528192685953,0.6545087679237989,0.5853066180935033,0.8398507835465914,636.9799635701276,943.3415300546449
635,474.0,99.7401153701776,0.946903706855244,0.9404761904761905,43.59139109370188,14.015386079210773,0.3741610825211835,950.8227848101266,171.3649789029536,0.5987540626931924,3.110252607194434,0.6784827066178274,24.566553364370574,0.08815070931221893,0.48142925813170967,0.9308145668654448,0.36549178118132053,1.2804513695252167,1.3885706502625426,1.4297051674020307,0.7319345404046982,0.4824191279887482,0.8531622026745344,171.3649789029536,950.8227848101266
636,138.0,41.21320343559643,0.39724132203470275,0.965034965034965,13.837597942609483,12.698959968906951,1.390219882338824,938.3478260869565,847.8115942028985,1.0209775785120345,1.089663876135562,0.08228581133986956,13.255453865237978,0.4361170752072523,0.47511282333516786,0.1795966748920578,0.9837403287289367,0.8120115429361683,1.2982616277676196,1.510139083099062,0.8286349149461711,3.7922705314009666,0.8064302766496945,847.8115942028985,938.3478260869565
637,1038.0,132.95331880577405,0.872660224201455,0.9628942486085343,52.753493409587534,25.76100239392405,1.0854273158684045,952.2167630057803,757.2119460500963,0.7379192706837107,2.0478043751135204,0.5116721049369939,36.3541283410165,0.3895123179270043,0.48213506987634447,0.4665347824223013,0.884502852901095,1.2545882299961746,1.7151217707478221,2.3701480680102067,0.5618126851637285,0.3484264611432242,0.8709989381674985,757.2119460500963,952.2167630057803
638,274.0,60.52691193458118,0.46028208167720813,0.958041958041958,19.88647485943562,17.65466990977319,0.9600974717703011,947.7007299270073,784.7080291970802,0.939860489991583,1.1264144252522648,0.11222727836067414,18.677998695187732,0.40365639361989725,0.4798484708491176,0.5734401352957712,0.8192474664177898,1.2545882299961746,1.5117806933726199,1.7214065119247315,0.6684826465261364,3.0377128953771293,0.8084915210267507,784.7080291970802,947.7007299270073
639,502.0,100.5685424949238,0.931324733519,0.8869257950530035,43.31186496865605,15.773741242997291,1.0584013701049548,952.890438247012,837.1454183266932,0.6237194237524633,2.7458206839727537,0.6358101583847189,25.281737508665255,0.43063035922154996,0.48247617126430986,0.4902660301348105,0.871572842449702,0.8120115429361683,0.9702447070105503,1.1762032585129938,1.0140412574251914,0.2968127490039841,0.8444200639933519,837.1454183266932,952.890438247012
640,269.0,60.284271247461895,0.7428730016806321,0.9676258992805755,22.641843548383473,15.157183078580063,0.11855523935272533,954.6022304832713,504.9405204460966,0.9301524053782627,1.4938028676568957,0.3305676259889969,18.5067943613625,0.259743066073095,0.4833429015105171,0.9929805551186897,0.11827771200094658,0.730639320850413,1.1999466508119798,1.3718416637164288,0.9084226306311993,0.9231722428748451,0.8444572447879004,504.9405204460966,954.6022304832713
641,111.0,36.97056274847714,0.5845498205360076,0.9652173913043478,13.286516167073968,10.78011875370646,-0.7364292625100544,950.0990990990991,559.6576576576576,1.0205181199832831,1.2325018370048797,0.18864218293571533,11.888212206450685,0.28788974159344527,0.4810628349868856,0.7408715509447842,-0.6716467412268671,1.1135931609558698,1.3012266470345144,1.4662607835464876,0.7729805988934716,5.102102102102102,0.6964826239883594,559.6576576576576,950.0990990990991
642,905.0,121.98275605729691,0.6815397171967827,0.9187817258883249,40.17335866953286,29.398105574140658,1.019778133751495,965.8751381215469,535.4430939226519,0.7642959534253172,1.366528825070633,0.2682188756989359,33.94527637220416,0.27543369028943,0.4890507028463529,0.5235549923790013,0.8519918837377642,1.1508404278549353,1.3012266470345144,1.4216814605257735,0.7744436616297895,0.281767955801105,0.9314909675538762,535.4430939226519,965.8751381215469
643,555.0,103.01219330881976,0.9240570654206253,0.9422750424448217,43.13503323206419,16.48856265250192,1.5657796470883796,957.4072072072072,1069.1837837837838,0.6572424090453476,2.616057817842541,0.6177454515035533,26.582850624566497,0.5499916583249916,0.48476314288972516,0.00501665866401755,0.999987416488752,0.8055653113564112,1.434954622483002,2.816885434383348,0.5931895471242874,0.4894894894894895,0.6823076591283358,1069.1837837837838,957.4072072072072
644,165.0,48.62741699796952,0.8015227159430042,0.9375,18.815332784475654,11.250897797298148,0.15117930016972467,958.4,489.1636363636364,0.8768623150343176,1.6723405654786119,0.4020356734492013,14.494292838262302,0.2516273849607183,0.4852658227848101,0.9885941579958419,0.15060408618789936,0.730639320850413,1.057461716082154,1.751338355046328,0.8475918550261443,1.8626262626262624,0.8436059658450633,489.1636363636364,958.4
645,365.0,70.52691193458118,0.4904561466140225,0.9505208333333334,23.145222453680034,20.170271497283142,-1.1006193842901362,959.6876712328767,1841.427397260274,0.92213178431652,1.1474918647871253,0.1285341267447564,21.557653718072718,0.9472363154631038,0.48591780821917807,0.4530440346146943,-0.8914881394051407,0.901004586698144,1.2694189577504975,1.3433828657880873,0.8537749806762652,1.0447488584474884,0.7531928934613555,1841.427397260274,959.6876712328767
646,509.0,86.42640687119285,0.7631241822275509,0.9585687382297552,32.01121669182533,20.687308722888783,-0.2690944984730859,967.0884086444008,812.1218074656189,0.8563173249028436,1.5473842982972255,0.35374812766264907,25.45739437315213,0.4177581314123554,0.48966501703513965,0.9640120269423209,-0.26585863143888705,1.295398594407364,1.4208923332035654,1.4894789498537118,0.7133057888104154,0.518664047151277,0.7463041752446012,812.1218074656189,967.0884086444008
647,273.0,68.76955262170047,0.9010138158633796,0.9161073825503355,28.68157395294451,12.441791189440465,-1.1155595151641253,959.7582417582418,144.36630036630038,0.7254042788011174,2.3052608355368474,0.5662096086549265,18.643883600599406,0.07426250018842612,0.4859535401307553,0.4396750201403383,-0.8981569332052128,0.8062674112945548,1.2804513695252167,1.5207964366494475,0.8315973236849132,0.8754578754578755,0.816126648881429,144.36630036630038,959.7582417582418
648,206.0,55.79898987322333,0.6837726672438412,0.958139534883721,19.264730345164782,14.05737934316263,-1.5181763381898898,957.4271844660194,1861.3106796116506,0.831427548676302,1.3704354044151876,0.2703048996120071,16.195287778099022,0.9574643413640178,0.48477325795747817,0.05259570904157763,-0.9986158878119322,0.901004586698144,0.9040323366909925,0.9333670846228261,1.095528633182929,2.1084142394822005,0.7834276386747616,1861.3106796116506,957.4271844660194
649,290.0,69.84062043356596,0.905556015439207,0.9508196721311475,29.55249102905878,12.536956091176892,0.859947011994534,965.2689655172413,1254.7137931034483,0.7471222741339834,2.3572301613034186,0.5757732883211306,19.21560480373171,0.6454289059174116,0.4887437800087298,0.6524776238139643,0.7578079904712557,1.5241368440903593,1.9886748893470478,2.392877667946029,0.5079847238998441,0.8747126436781609,0.7882915309842716,1254.7137931034483,965.2689655172413
650,332.0,77.84062043356595,0.9201011040634249,0.9405099150141643,33.32992938081445,13.05469805052363,0.5599973587159359,968.5301204819277,576.1506024096385,0.6885498214933212,2.553098451746846,0.6083190605846814,20.56004690782767,0.29637376667162474,0.49039499771236844,0.8472565140241003,0.5311839600776076,1.1135931609558698,1.5725450764988345,1.836735215338541,0.6632951444058762,1.3433734939759037,0.8901113088126498,576.1506024096385,968.5301204819277
651,118.0,39.21320343559643,0.40841743409600395,0.9365079365079365,12.936023390815718,11.807940925425639,-1.5078095126081668,964.1271186440678,860.728813559322,0.9643334387029223,1.0955359171014327,0.08720473296229447,12.257335203001883,0.4427617353700216,0.4881656296931989,0.06294517410937288,-0.9980169863566154,0.8286254280835611,1.0088932371372685,1.1762032585129938,0.9954468514079683,2.9491525423728815,0.6619900074197217,860.728813559322,964.1271186440678
652,127.0,40.62741699796952,0.7002587931217231,0.9477611940298507,15.052891012892667,10.746094559891393,1.0627341000958541,964.3622047244095,887.2204724409448,0.9668857542750929,1.4007778294708029,0.2861109171196776,12.716187407449045,0.45638913191406627,0.4882846606199542,0.4864851503917813,0.8736888453266907,0.9365272901241631,1.1928244927101466,1.4850477029101588,0.8300133983064912,2.0131233595800526,0.8950321887471718,887.2204724409448,964.3622047244095
653,110.0,39.21320343559643,0.7490762431794235,0.9401709401709402,14.64906237329704,9.704766470369595,-0.5605434214678068,965.2636363636364,1554.509090909091,0.8989549004857751,1.509470878874136,0.3375162025345818,11.834540545406394,0.7996445940890385,0.48874108170310704,0.8469663279441368,-0.5316465360827858,0.42690881745015236,0.8842051154532928,1.314611865942029,1.142541236148532,1.5424242424242423,0.7181463790761301,1554.509090909091,965.2636363636364
654,82.0,32.97056274847714,0.83248230497362,0.9534883720930233,13.730945052985238,7.607652527701253,-0.9204504621528162,964.7317073170732,1534.878048780488,0.9479184945424233,1.8048859359687677,0.44594836711204544,10.217907939900583,0.7895463213891398,0.48847175054029024,0.6054617067716914,-0.7958744383589099,0.8842051154532928,0.9723926935193984,1.0629120710664572,1.0275697371367594,2.6097560975609757,0.6577690104063957,1534.878048780488,964.7317073170732
655,217.0,56.62741699796952,0.7465524293145904,0.9517543859649122,20.8413404352493,13.866297945952164,1.0430012216479485,969.9170506912442,920.3640552995391,0.8503859839059986,1.5030212473786693,0.3346734108090348,16.622063085174787,0.47343830005120324,0.49109724085632617,0.5036297150371607,0.8639196201797875,0.8859526241488782,1.413568411610474,1.513091620929997,0.786861994683988,1.2319508448540706,0.9121329089711533,920.3640552995391,969.9170506912442
656,191.0,66.18376618407358,0.9517162163907384,0.7958333333333333,29.98529775528586,9.204863411479844,-1.042744494446273,973.0890052356021,844.6544502617801,0.547949174765099,3.257549451292205,0.6930207768286312,15.594510349620345,0.43449302997005146,0.4927032937901783,0.5038514901044567,-0.8637902962638088,0.699638229913448,0.8286254280835611,0.9702447070105503,1.2007164122466019,1.6945898778359512,0.8007847620656628,844.6544502617801,973.0890052356021
657,371.0,77.14823227814082,0.8360542782120022,0.9416243654822335,29.557585283616692,16.216672769629657,-1.3279137184477892,974.3369272237197,1063.3962264150944,0.783306652340735,1.822666443573536,0.4513532613024953,21.73411767467788,0.547014519760851,0.49333515302466824,0.24050162191750216,-0.9706487365958145,0.8055653113564112,0.9575471920665419,2.3843395434290167,0.7233356687697168,0.8975741239892183,0.6402862446965399,1063.3962264150944,974.3369272237197
658,405.0,78.18376618407356,0.7665484424479024,0.9507042253521126,28.599160743258057,18.365994597703533,-0.03396595637019496,981.6395061728396,485.7679012345679,0.8325910024765394,1.5571800694547775,0.35781351199149725,22.708192698181442,0.24988060763095055,0.4970326613533365,0.9994232123597893,-0.03395942573777683,1.057461716082154,1.293660508299014,1.3479661205875804,0.8110106383591509,0.9868312757201646,0.848559960118162,485.7679012345679,981.6395061728396
659,287.0,74.2842712474619,0.8389834055222181,0.8343023255813954,28.12268846025737,15.303157903576423,0.3874606754806738,977.4006968641115,1863.362369337979,0.653578905094648,1.837704912767381,0.45584299576469534,19.115955360352558,0.9585197373137753,0.4948864287919552,0.9258714986008975,0.3778385476344735,0.9040323366909925,0.9077846409679742,1.2694189577504975,0.9736352758722876,1.1962833914053426,0.8141785713505286,1863.362369337979,977.4006968641115
660,178.0,57.798989873223334,0.8859168673925455,0.9128205128205128,23.205456238651042,10.763712837577348,-1.2791522256888992,974.2528089887641,1042.129213483146,0.6695597974189443,2.155897002160644,0.5361559485458729,15.054455784347004,0.5360746982937994,0.49329256151329826,0.2875272877364918,-0.9577724462558403,0.9575471920665419,1.434954622483002,1.43547670084427,0.783703458087817,2.232209737827715,0.6782018630038036,1042.129213483146,974.2528089887641
661,649.0,109.05382386916237,0.9089843344789296,0.9488304093567251,44.79713042132411,18.6728002741579,0.9811482527535272,985.0585516178736,197.33898305084745,0.6857609708569281,2.3990579754296846,0.5831697231823276,28.745999104799274,0.10151182255702029,0.49876382360398663,0.5560685588705835,0.8311364255256729,1.934874385695691,2.643146369155955,2.701132682803468,0.41213583773093426,0.4252696456086287,0.7535056181319906,197.33898305084745,985.0585516178736
662,857.0,121.19595949289332,0.8869141509002124,0.9618406285072951,48.91292294708667,22.594556368073246,-0.8843912989580379,986.0070011668612,646.1061843640607,0.7331864047352836,2.164810060895997,0.5380657092908612,33.032806266468405,0.3323591483354222,0.49924405122372717,0.6337604669961343,-0.7735293598001576,1.493003958988976,1.6443767285426623,1.7814225104354242,0.6099044583121149,0.779463243873979,0.8475522576578003,646.1061843640607,986.0070011668612
663,81.0,32.97056274847714,0.7802769827083715,0.9418604651162791,13.0157189962341,8.140474671204672,-0.3559518690596715,976.4814814814815,137.96296296296296,0.936358512901662,1.5988894409652359,0.3745658865591679,10.155412503859614,0.07096860234720317,0.4944210032817628,0.9373152035757292,-0.34848272431469157,0.8062674112945548,1.8964214586660424,2.3191657107171735,0.5973888633778613,3.740740740740741,0.7458085708479141,137.96296296296296,976.4814814814815
664,266.0,75.01219330881975,0.9532251365430898,0.9399293286219081,33.6099906223301,10.158996433135117,-1.0424123157246696,979.6466165413534,1010.7067669172932,0.5940565276253279,3.3083967342193357,0.6977387900136576,18.403307281560924,0.519910888331941,0.4960236033120777,0.5041383950573587,-0.8636228798665483,1.43547670084427,2.204215164891213,2.3843395434290167,0.4980053715251268,1.3734335839598997,0.7141477532575923,1010.7067669172932,979.6466165413534
665,202.0,66.8700576850888,0.95260795265386,0.8744588744588745,29.664044852514852,9.023824313814481,-1.5050475434749162,974.7326732673267,1554.019801980198,0.5676724761610112,3.287303012659773,0.6957992627546388,16.03728119216293,0.7993929022531883,0.4935355307682667,0.06570142262786961,-0.9978393272790335,0.42690881745015236,0.9723926935193984,1.037346520934959,1.2311995662562591,0.6881188118811881,0.8285738538510513,1554.019801980198,974.7326732673267
666,351.0,73.59797974644667,0.809978307317384,0.9512195121951219,28.20903247990454,16.543464620424697,-0.2846228202138303,985.5014245014245,854.002849002849,0.8143014237416031,1.7051466018235042,0.4135401619247354,21.14017691983778,0.4393018770590787,0.4989880630386959,0.9597676312993108,-0.2807954663275572,0.699638229913448,0.9806722208995208,1.0088932371372685,1.1155718748424959,0.37511870845204176,0.6671283914612073,854.002849002849,985.5014245014245
667,306.0,68.2842712474619,0.8502234120165307,0.9532710280373832,27.268428925616103,14.35470160606631,-0.27727883882385557,985.0718954248366,889.1601307189543,0.8246884892125502,1.8996165628474255,0.47357797380906574,19.738573927438622,0.4573868985179806,0.4987705799619426,0.9618038874742576,-0.2737394418775007,0.9365272901241631,0.9879536423874369,1.2906646867628093,0.9330837091842319,0.6699346405228758,0.8934636880731518,889.1601307189543,985.0718954248366
668,480.0,87.25483399593905,0.7765928902847552,0.9284332688588007,31.853123380838845,20.067555774781002,-0.22584112760688624,990.3895833333333,678.975,0.792267987651736,1.5872946231383507,0.36999723591148415,24.721548929484133,0.349266975308642,0.5014630801687764,0.9746061013393351,-0.22392620934616297,1.493003958988976,1.6514968078677792,2.8394464421184886,0.5013413212436666,1.9506944444444445,0.7849504742328555,678.975,990.3895833333333
669,330.0,90.46803743153546,0.9627833929376233,0.9116022099447514,40.75222018944419,11.014273340352398,-0.9223782961020407,987.8212121212122,1529.960606060606,0.5066796545724007,3.6999463269303914,0.7297258090687937,20.49802550887777,0.7870167726649209,0.500162639048715,0.6039262688483854,-0.7970401883185487,1.0534010781026277,1.0629120710664572,1.2331778877490205,0.8956584648037524,0.4131313131313132,0.8224167258890361,1529.960606060606,987.8212121212122
670,278.0,63.11269837220809,0.8066655421632575,0.9553264604810997,24.598257594623675,14.537772165125245,-0.9568919179113246,984.4352517985611,1814.4568345323742,0.8770435569400391,1.6920238751321603,0.408991791016015,18.81384047546846,0.9333625692038962,0.4984482287587651,0.576063326464494,-0.8174050672112706,0.5913349470454508,1.3264362107715848,1.6419029663314515,0.8427737751746118,1.0671462829736211,0.8438332795380732,1814.4568345323742,984.4352517985611
671,322.0,67.59797974644665,0.45452585608015744,0.9554896142433235,21.78509555440493,19.404715366469663,0.9016209758801685,988.4378881987577,547.4534161490683,0.8855198530293492,1.1226701934545475,0.1092664561415686,20.248040236149336,0.2816118395828541,0.5004748801006368,0.6203393981404942,0.7843334948315605,1.1508404278549353,1.2418843067918919,1.5725450764988345,0.7565689455904208,1.9855072463768118,0.7559626857549739,547.4534161490683,988.4378881987577
672,343.0,69.35533905932738,0.6731948488278143,0.9527777777777777,24.562720699225846,18.163275737778317,-1.5588906644568712,987.2215743440233,910.9970845481049,0.8960746383260433,1.3523287899074912,0.26053485848777425,20.897874625046462,0.4686198994589017,0.4998590249843156,0.01190538107907281,-0.9999291284392919,0.7830724962527212,0.8441948477839415,0.8859526241488782,1.1936877941352257,0.67444120505345,0.8470849966122138,910.9970845481049,987.2215743440233
673,125.0,40.62741699796952,0.6855123984479015,0.9398496240601504,14.874512297887481,10.829551601982148,-1.190794276878035,984.4,1506.816,0.951659206963674,1.3735113737456108,0.2719390468001972,12.6156626101008,0.7751111111111111,0.4984303797468354,0.37092237309749854,-0.9286638752184345,1.0534010781026277,1.5429206176159243,2.1694479857413556,0.6294890858177191,1.6373333333333333,0.6740902084252784,1506.816,984.4
674,225.0,66.5269119345812,0.9454089659968432,0.9336099585062241,30.00046323514613,9.776740260490213,1.0930739081288008,987.9466666666667,1572.8933333333334,0.6388481665249559,3.0685547980019554,0.6741136900500733,16.925687506432688,0.8091015089163238,0.5002261603375527,0.4597577764979273,0.8880443609131707,1.037346520934959,1.314611865942029,1.9330390459017983,0.7001171055672077,0.9511111111111111,0.6577690104063957,1572.8933333333334,987.9466666666667
675,459.0,91.49747468305833,0.9155135263609573,0.9348268839103869,38.763635768382,15.594114098389603,0.9563999724009954,992.5141612200435,1850.0174291938997,0.6889763810587638,2.4857863373197393,0.5977128102336283,24.17471718621419,0.9516550561697015,0.502538815807617,0.5764653754945571,0.8171215765453261,0.9077846409679742,1.0736576637428374,1.5277672683326784,0.8548933705883348,0.7690631808278867,0.7174269522481677,1850.0174291938997,992.5141612200435
676,403.0,85.35533905932738,0.8531968469782136,0.9243119266055045,32.66233379642239,17.036315756682892,-1.2970108948907197,989.7022332506203,949.9106699751861,0.6951099841101337,1.9172181510905506,0.4784109469070169,22.65205369339104,0.4886371759131616,0.5011150548104407,0.27037780601416245,-0.9627542999202694,1.0102238073842393,1.2940535335076873,1.3195261029681102,0.827859470436518,0.8717948717948717,0.8341238761443043,949.9106699751861,989.7022332506203
677,597.0,99.94112549695429,0.875431336927716,0.9461172741679873,40.306390344611714,19.481791559311215,-0.018829870384611924,1005.0753768844221,502.39028475711893,0.7510964739645297,2.0689262700456057,0.5166574979117274,27.570346537664197,0.2584312164388472,0.5088989250047706,0.9998227232287392,-0.018828757671919303,0.8562190649231476,1.2601131427208578,1.293660508299014,0.8797672751539478,0.6326074818537131,0.8761893406278108,502.39028475711893,1005.0753768844221
678,670.0,98.66904755831213,0.7215038285552651,0.9626436781609196,35.31946768281039,24.45556836181516,1.5615452440188686,999.2656716417911,608.8283582089553,0.8648141655094712,1.4442300894530868,0.30758955425261336,29.20737055903114,0.3131833118358823,0.5059573020971094,0.009250950821410541,0.9999572090389167,1.7814225104354242,2.0198508425756945,2.414160168028932,0.4826694694496546,1.016417910447761,0.7691036153469328,608.8283582089553,999.2656716417911
679,99.0,34.14213562373095,0.5811300335537016,0.9801980198019802,12.472929197722033,10.15060346113498,-0.2891580452913897,994.2424242424242,828.2020202020202,1.0672439272162415,1.2287869628124932,0.1861892823869462,11.227230955528665,0.4260298457829322,0.5034138856923667,0.9584842946629731,-0.2851453259031661,1.2065845315428085,1.2265293733767866,1.2542169852951957,0.8135966338039294,2.878787878787879,0.7332804534983542,828.2020202020202,994.2424242424242
680,332.0,69.11269837220809,0.27358621857840704,0.9325842696629213,21.193490057852415,20.384905073094426,1.518248474549855,1001.1506024096385,923.5481927710844,0.8734383343123236,1.0396658695175982,0.038152516765798006,20.56004690782767,0.4750762308493232,0.5069116974226018,0.05252367238964502,0.998619679276703,0.6227678023552676,0.8441948477839415,1.0041961716579346,1.2140053377136877,0.9026104417670683,0.8640488271174503,923.5481927710844,1001.1506024096385
681,280.0,61.35533905932738,0.7108503268148324,0.958904109589041,22.54100014763145,15.854061672901128,0.8860984165659961,1000.8285714285714,1294.2107142857142,0.9346804834131576,1.4217807784966616,0.29665668918568233,18.881394877652593,0.6657462522045855,0.506748643761302,0.6324390385789642,0.7746101357982063,1.0802088923126572,1.0875885080152163,1.770427486324689,0.7617645224292814,0.7523809523809524,0.9418288026055098,1294.2107142857142,1000.8285714285714
682,141.0,45.21320343559643,0.8310504821667615,0.94,18.03047432854822,10.028495621215571,-1.260083656139164,997.4893617021277,1813.014184397163,0.866759118766361,1.7979241363384786,0.4438030060397725,13.398760233979036,0.9326204652248781,0.5050579046593051,0.3057372591061627,-0.9521159217208014,0.5913349470454508,0.7362147489053174,1.4070947145972514,1.0970347692842461,2.3049645390070923,0.8097926876874896,1813.014184397163,997.4893617021277
683,547.0,99.84062043356595,0.9033339274761766,0.9147157190635451,40.832771759991104,17.514727816187932,-1.441229321176681,1003.2340036563071,967.8080438756856,0.6895768100130971,2.3313392128338726,0.5710619911100605,26.390567083147985,0.49784364396897407,0.5079665841297757,0.1292047897517684,-0.9916179316174155,1.0102238073842393,1.2609451079379075,1.5660932349251326,0.7818074143844134,0.7343083485679464,0.8545603540478267,967.8080438756856,1003.2340036563071
684,681.0,102.46803743153546,0.5829240361308514,0.9458333333333333,33.303944199201176,27.060342440281975,-1.0128396331262859,1010.3876651982379,530.7503671071953,0.8150422823462834,1.2307288524784146,0.18747334314441233,29.44615645486938,0.27301973616625275,0.5115886912396141,0.5294538885153399,-0.8483387176924003,1.0059743487446078,1.0658041130033158,1.2418843067918919,0.9053425799638528,0.3999021047479197,0.9258768206404203,530.7503671071953,1010.3876651982379
685,388.0,74.52691193458118,0.768172429639702,0.9627791563275434,27.878838968283926,17.849231917607415,1.1563896200030668,1004.3762886597938,1651.971649484536,0.8778399407785311,1.5619069266942955,0.35975698493350416,22.22649192646566,0.8497796550846379,0.5085449562834399,0.4026469271590565,0.915355369268881,0.9843007780625285,1.463556935138517,1.7027864388324716,0.7227793783599146,0.7250859106529209,0.6788993282460863,1651.971649484536,1004.3762886597938
686,276.0,60.04163056034261,0.7219262158240346,0.9752650176678446,22.53989367903984,15.59693117381459,-0.014766196424753283,1006.3768115942029,1270.8695652173913,0.9620862110001887,1.445149268651109,0.30802995808634204,18.746042631630413,0.6537394882805511,0.509557879288204,0.9998909817024619,-0.014765659825654823,1.0802088923126572,1.360899037193295,1.941802430034983,0.6844766955978127,0.7681159420289855,0.9326935600764995,1270.8695652173913,1006.3768115942029
687,145.0,47.21320343559643,0.8408037839817933,0.9294871794871795,18.69520327856813,10.120461364264573,0.5992977336729928,1004.5931034482759,910.1517241379311,0.8174306716183192,1.8472678868752996,0.45865999885294095,13.58748446131949,0.4681850432808287,0.5086547359231777,0.8257319407542754,0.5640627287972304,0.6227678023552676,0.7830724962527212,1.1073885468315472,1.1936835777783432,2.636781609195402,0.8495254979430804,910.1517241379311,1004.5931034482759
688,437.0,77.35533905932738,0.7612837090031924,0.9798206278026906,29.365619793770474,19.041223892813374,-0.48230642581276717,1011.5514874141876,484.51029748283753,0.9177210913556387,1.542212830387115,0.3515810656632994,23.58825303088947,0.2492336921208012,0.5121779683109811,0.8859275050852354,-0.4638237334736658,0.8562190649231476,1.2035721115557152,1.3479661205875804,0.8803443844379821,0.8733790999237224,0.8240841958813849,484.51029748283753,1011.5514874141876
689,313.0,68.52691193458118,0.7345904624874597,0.9513677811550152,24.813275141713564,16.836074192534767,0.814925365222793,1008.7603833865815,804.4281150159744,0.8375907619883609,1.4738159774038027,0.32148923927290585,19.963065333312567,0.41380047068722964,0.5107647510818134,0.6859227051843427,0.727674406938016,1.2481205846877383,1.2542169852951957,1.307695904323271,0.7873946568268119,0.8445154419595313,0.9782674995589309,804.4281150159744,1008.7603833865815
690,86.0,47.00609665440987,0.974451057940844,0.6466165413533834,25.620223724145003,5.7543008612303055,-1.0109182513861337,1004.6744186046511,864.3372093023256,0.48910256091560034,4.452360824016289,0.7754000541452205,10.464157913908982,0.44461790601971485,0.5086959081542537,0.5310828927398532,-0.8473198693758276,0.9806722208995208,1.3126901708921526,1.4241148815005313,0.8069988810834597,3.7635658914728682,0.8680348921344073,864.3372093023256,1004.6744186046511
691,192.0,57.11269837220809,0.7035005820845195,0.8807339449541285,19.121849273812554,13.58979658868434,-0.5685127434645944,1007.59375,1684.3177083333333,0.7396831638066349,1.4070739873865754,0.28930531801149495,15.635280380893438,0.8664185742455418,0.5101740506329114,0.8427026150439073,-0.5383793296535074,0.6427656480338443,1.2441957197005096,1.463556935138517,0.8953838567088794,1.8055555555555556,0.7249515872367184,1684.3177083333333,1007.59375
692,854.0,110.08326112068522,0.6738465400721888,0.9693530079455165,38.54768374302409,28.481778307024292,0.3447799631411465,1020.5187353629976,658.0550351288056,0.8855746198121934,1.3534156234028865,0.2611286712608616,32.97493853222215,0.33850567650658725,0.5167183470192394,0.9411498455587912,0.3379895977758243,1.6443767285426623,1.6514968078677792,1.9069041515108662,0.5766150660184377,0.7825917252146761,0.7757201498623844,658.0550351288056,1020.5187353629976
693,407.0,94.18376618407356,0.9213509609086474,0.8222222222222222,38.82023967190014,15.090661369537166,1.3036745946277868,1013.953316953317,1839.5773955773955,0.576570167333335,2.5724677481839726,0.6112682070723928,22.764193258431348,0.9462846685068906,0.513394084533325,0.2639563448920731,0.9645346276786629,1.0736576637428374,1.216367250840601,1.4070947145972514,0.8114425014331558,0.7289107289107289,0.8438332795380732,1839.5773955773955,1013.953316953317
694,290.0,61.112698372208094,0.3724464813511232,0.9634551495016611,19.959298247632155,18.523300033736767,1.5147896501263451,1013.8344827586207,1812.5620689655173,0.9757643387890947,1.0775238867415624,0.07194632777561438,19.21560480373171,0.9323878955583936,0.5133339153208206,0.055977401456778694,0.9984320360075325,0.7362147489053174,1.216367250840601,1.3264362107715848,0.9149080021505989,0.9494252873563218,0.7734576143465784,1812.5620689655173,1013.8344827586207
695,476.0,104.8111831820431,0.9390879013442514,0.8221070811744386,45.18538362960188,15.529179273482157,-0.9232528298078038,1023.8256302521008,1661.953781512605,0.544504620601668,2.9097084162561684,0.6563229516699584,24.61832697999475,0.8549144966628627,0.5183927241782789,0.603228999483534,-0.7975680373373136,0.7856752012890886,0.9843007780625285,1.0652805394088154,1.0581053178608308,0.5518207282913166,0.7320870513164368,1661.953781512605,1023.8256302521008
696,203.0,52.8700576850888,0.627550010433774,0.9398148148148148,18.286326579609725,14.237299660830674,1.4257922863762325,1013.4778325123152,1451.7536945812808,0.912612332830273,1.284395708121438,0.22142374528594178,16.07692842495848,0.7467868799286423,0.513153332917628,0.14449642772747737,0.9895053220544081,0.5998144065564702,0.7710253722008809,1.4404085640970172,1.0671415805812392,0.7504105090311988,0.854875527639173,1451.7536945812808,1013.4778325123152
697,472.0,87.25483399593904,0.7778266362736241,0.9147286821705426,31.595937304947093,19.857379825307643,-0.0798907474419465,1022.2415254237288,893.021186440678,0.7790635211908741,1.5911433221758193,0.37152110305654706,24.514670406003766,0.45937303829252984,0.5175906457841665,0.9968104312383711,-0.07980579035616794,1.1073885468315472,1.1651322775659756,1.1924104541264475,0.8658180376027467,0.8163841807909604,0.7669420543520756,893.021186440678,1022.2415254237288
698,482.0,86.18376618407356,0.7951056947941123,0.9488188976377953,31.993923412266675,19.403383039952054,-0.783764173591354,1023.2282157676349,766.7199170124481,0.8154662004559838,1.6488837717830123,0.39352911520339917,24.77299861870477,0.39440324949200006,0.5180902358317139,0.7082612419846778,-0.7059504324684005,0.7082661451543942,1.8184753212642082,1.8897966734170952,0.6792650499134159,0.40594744121715076,0.9094988705897329,766.7199170124481,1023.2282157676349
699,289.0,60.8700576850888,0.426236232369269,0.9697986577181208,20.21301143665318,18.28493050831409,-0.7830289409897677,1019.1903114186852,1715.515570934256,0.9801674590999067,1.1054464455012503,0.0953881085152315,19.182445840623714,0.8824668574764691,0.5160457273006,0.7087800882796589,-0.7054295049530315,0.964086201351289,1.355335725535953,1.4985747162530687,0.7857523933107741,0.6758938869665514,0.7111856080156019,1715.515570934256,1019.1903114186852
700,411.0,76.66904755831214,0.7704203997088429,0.9558139534883721,28.732946238694367,18.31829339141528,0.9415371428308043,1023.1411192214111,927.2700729927008,0.8786411714079886,1.5685383798995067,0.3624637989004337,22.875783109789968,0.47699077828842634,0.5180461363146386,0.5885459965976219,0.8084637344302539,0.7954761927447135,0.8457950432962147,1.0041961716579346,1.1340151049562635,0.8807785888077859,0.8802694666441586,927.2700729927008,1023.1411192214111
701,163.0,54.04163056034261,0.8865369001837451,0.8956043956043956,21.44117450323785,9.919928588002902,1.540121718200803,1017.079754601227,1435.0122699386502,0.701359332152366,2.161424279724016,0.5373421084509673,14.406180819073164,0.7381750359766719,0.5149770909373301,0.030669798368916572,0.9995295710823217,0.7710253722008809,0.8244818916256799,0.9294773783120545,1.188126038445547,1.0163599182004088,0.9252931945318087,1435.0122699386502,1017.079754601227
702,176.0,54.21320343559643,0.8655950687158971,0.9214659685863874,21.63532949828474,10.833774903406235,-0.38150451677806185,1021.8181818181819,1685.528409090909,0.7525102003299562,1.997025938898029,0.4992553774480235,14.96964127403822,0.8670413627010849,0.5173762945914845,0.9281055286686373,-0.3723172406090126,0.6427656480338443,1.0652805394088154,1.1630568308274112,1.0448945861258554,1.6893939393939392,0.616699599083042,1685.528409090909,1021.8181818181819
703,175.0,48.384776310850235,0.7688067755058254,0.9562841530054644,18.665453554499692,11.93620571497161,1.3726505746904403,1018.4685714285714,944.3085714285714,0.9393564841074924,1.5637677500051437,0.36051884942843293,14.927053303604616,0.4857554379776602,0.5156802893309222,0.19685170391113152,0.9804332749694311,0.7954761927447135,1.217253051552597,1.2609451079379075,0.9164014734549402,2.4571428571428573,0.813885438577803,944.3085714285714,1018.4685714285714
704,291.0,64.52691193458118,0.5651584085959781,0.941747572815534,21.51065380239612,17.745910967432575,0.38057607510491104,1029.2646048109966,516.46735395189,0.8782559280512542,1.2121470597859207,0.1750175921916507,19.248706645328987,0.26567250717689816,0.5211466353473401,0.9284508034455062,0.3714553884134592,0.8849225076325818,1.0658041130033158,1.2271838615130315,0.9440165218157358,1.3493699885452464,0.8631030823558065,516.46735395189,1029.2646048109966
705,204.0,50.2842712474619,0.40905487639777305,0.9714285714285714,16.885404546349786,15.408096875692204,-0.9100961554097655,1025.4313725490197,547.2696078431372,1.0138546808406574,1.0958786592903749,0.08749021479482055,16.11647812414279,0.2815172879851529,0.5192057582526682,0.6136698315960227,-0.7895627510140718,0.9366198537633065,1.0059743487446078,1.3975583831007563,0.8981625608739413,2.0294117647058822,0.8272606244639338,547.2696078431372,1025.4313725490197
706,636.0,95.39696961966999,0.7234665004927249,0.9695121951219512,34.48924223068428,23.80997560771302,-0.687802214242212,1034.867924528302,817.1540880503145,0.878208874475777,1.4485206872497514,0.3096405120049337,28.456639830653998,0.4203467531123017,0.5239837592548364,0.7726431235647618,-0.6348406127588941,1.0762894433774883,1.307695904323271,1.402463543480492,0.7922990871439164,0.5628930817610063,0.7968704432786592,817.1540880503145,1034.867924528302
707,192.0,53.4558441227157,0.845391036720807,0.9504950495049505,21.495701956594182,11.481884380233536,1.2753700949036024,1024.9791666666667,1294.6927083333333,0.8443465028491659,1.8721406038193331,0.4658520850624621,15.635280380893438,0.6659941915294925,0.5189767932489452,0.29114764328812937,0.9566781328157178,0.6905595446909528,1.0875885080152163,1.360899037193295,0.9557040445978409,1.25,0.9719401294601738,1294.6927083333333,1024.9791666666667
708,58.0,27.142135623730947,0.4253551284200541,0.90625,9.102510726102018,8.238013670194164,-0.011422956697223085,1025.448275862069,782.2931034482758,0.989349696984774,1.104939988025958,0.09497347291542924,8.593479713983122,0.40241414786433943,0.5192143168921869,0.9999347587395627,-0.011422708280111653,0.7082661451543942,1.2481205846877383,1.4055910293306522,0.8923318995239726,6.597701149425288,0.756101374246585,782.2931034482758,1025.448275862069
709,122.0,40.384776310850235,0.7222933425798564,0.9312977099236641,15.014298608272112,10.383691003701854,1.4509273373840221,1026.7131147540983,1453.2704918032787,0.9400140206709316,1.4459500579244333,0.30841318168662435,12.463355264843006,0.7475671254132092,0.5198547416476448,0.11958213781766266,0.9928243109004521,0.5998144065564702,0.9294773783120545,1.2323497617904144,1.086310424185727,1.469945355191257,0.8457416316922868,1453.2704918032787,1026.7131147540983
710,106.0,37.798989873223334,0.7978518836293907,0.9464285714285714,15.010794145774822,9.04931015367203,-0.21154352615962269,1030.1415094339623,70.47169811320755,0.9322992635626203,1.6587777290055354,0.39714647567669203,11.617374563210365,0.036250873515024463,0.5215906376880821,0.9777079864773738,-0.20996926722346665,1.2728356193104795,3.8821765753355018,4.59476810830469,0.30769924108875363,2.8742138364779874,0.7847333707641545,70.47169811320755,1030.1415094339623
711,314.0,63.94112549695428,0.3500129291884191,0.9631901840490797,20.66550124111829,19.358302250758957,-1.084619608299015,1032.6783439490446,856.2261146496816,0.9651147634490688,1.0675265306547264,0.06325513110508973,19.994929783493642,0.44044553222720245,0.5228751108602757,0.4672490498123968,-0.8841257407458581,1.3126901708921526,1.4429715091168258,1.7220408002300787,0.6699864524808345,1.0509554140127388,0.641182664010574,856.2261146496816,1032.6783439490446
712,579.0,93.7401153701776,0.835625454782147,0.9666110183639399,36.74502897022654,20.18403134621656,0.9303796698040274,1036.823834196891,914.3989637305699,0.8280135815126599,1.8204999952655292,0.45070035561623556,27.151532118863187,0.47036983730996396,0.5249740932642486,0.5975295883201177,0.8018468626128,0.8457950432962147,1.1651322775659756,1.419146896536849,0.8746166437981169,0.7570523891767414,0.7710288675080368,914.3989637305699,1036.823834196891
713,145.0,43.798989873223334,0.5104511140791579,0.9354838709677419,14.789519561102619,12.717608056210196,0.8042966655812203,1029.1103448275862,1412.558620689655,0.9498382991153319,1.1629167604265551,0.14009322590449003,13.58748446131949,0.7266248048815098,0.5210685290266259,0.6936180485474926,0.7203429757616633,0.6669296582299187,1.050013428702324,1.1469372881282436,1.0475297872512006,1.1770114942528735,0.8446659282177134,1412.558620689655,1029.1103448275862
714,128.0,39.79898987322333,0.5876361230106597,0.9696969696969697,14.203759840307248,11.492621756430296,-0.9736040713388503,1028.65625,1761.6328125,1.0154901954491724,1.235902489556835,0.19087467785700785,12.766152972845846,0.9061897183641975,0.5208386075949367,0.5623229192120118,-0.8269177314152123,2.1197017274493035,2.2332599876786414,2.3882057728445174,0.44502677100851984,2.0755208333333335,0.865765085933072,1761.6328125,1028.65625
715,627.0,92.08326112068524,0.5883030483604678,0.9720930232558139,31.506846918157255,25.477713712575987,0.7518816176995442,1038.0159489633174,967.5342902711324,0.9292145939258539,1.2366434160301143,0.1913594597784618,28.254578293596012,0.49770282421354545,0.5255776956776291,0.730404990808682,0.6830143112715642,1.282380825208365,1.3668031549767057,1.5660932349251326,0.7116969648511168,0.4869750132908027,0.7833633266935429,967.5342902711324,1038.0159489633174
716,560.0,100.8111831820431,0.9025944781905502,0.9459459459459459,41.37130393883666,17.810007969391418,-0.933416711648572,1037.7357142857143,43.24107142857143,0.692437320589684,2.322924504578442,0.569508179009254,26.702324712498182,0.022243349500293944,0.5254358047016274,0.5950915938973123,-0.8036578842223576,1.2728356193104795,5.078875277984631,5.749560423623284,0.24790783715543718,0.27380952380952384,0.8646873517551333,43.24107142857143,1037.7357142857143
717,143.0,44.97056274847714,0.8218154989401538,0.9533333333333334,18.005765151940437,10.258851427859973,0.05051665003376123,1034.8461538461538,497.6223776223776,0.8885651112030856,1.7551443530064352,0.4302462938235978,13.493452297211721,0.25597858931192263,0.5239727361246348,0.998724305359793,0.05049516693307335,0.8849225076325818,0.90511690642088,1.0189564835335585,1.067997287777122,2.6083916083916083,0.8665405294136733,497.6223776223776,1034.8461538461538
718,172.0,48.384776310850235,0.7381425414558146,0.9555555555555556,18.072866951989894,12.192765473521446,1.4595971655960052,1033.4127906976744,1426.7325581395348,0.9232532300942212,1.4822615091906783,0.32535521309866255,14.798554040663838,0.7339159249688966,0.5232469826317339,0.1109701352076794,0.9938237414612258,0.6669296582299187,0.8244818916256799,1.2323497617904144,1.1014180967960996,0.8333333333333334,0.8637372173128766,1426.7325581395348,1033.4127906976744
719,65.0,32.72792206135785,0.9117670369454509,0.8666666666666667,14.409415461185743,5.918058856006271,0.21378584194622946,1034.5692307692307,1873.6923076923076,0.7625816596800634,2.434821249971441,0.5892922324331902,9.09728368293446,0.9638334916112693,0.5238325219084712,0.9772347115222061,0.21216106757864547,1.216417121198126,1.7946956291710692,2.0993835955772235,0.5870271294449828,5.246153846153846,0.7391292717261345,1873.6923076923076,1034.5692307692307
720,270.0,65.59797974644667,0.867528518144306,0.9310344827586207,26.66314160284834,13.261911871153988,-0.6807907318862993,1042.0,559.8481481481482,0.7884836629942635,2.010505111321347,0.5026125552385298,18.5411616971131,0.2879877305288828,0.5275949367088607,0.7770752690174202,-0.6294076789184447,0.9366198537633065,1.9344992385799715,1.9566716990495294,0.6214022375096553,2.24320987654321,0.8670303147653446,559.8481481481482,1042.0
721,224.0,70.5269119345812,0.9036114868287362,0.7777777777777778,29.21016604974205,12.512261857692906,-1.2146608365031661,1040.357142857143,1667.5401785714287,0.565911012840823,2.3345232366426845,0.5716470137011289,16.88803298257901,0.8577881577013522,0.5267631103074141,0.34865482941137893,-0.9372511989472845,0.7856752012890886,1.1630568308274112,1.6573261753409023,0.8319333264770765,1.255952380952381,0.6788993282460863,1667.5401785714287,1040.357142857143
722,409.0,80.18376618407358,0.8658150951365675,0.955607476635514,32.42367142438005,16.223640797215772,1.2519931253743741,1039.9046454767727,1370.924205378973,0.799392869595622,1.9985447058187122,0.4996359115267598,22.820056393372074,0.705207924577661,0.5265339977097583,0.3134302920063276,0.9496112109978632,0.6587468330797954,1.4692639856015877,1.8381751990223039,0.7563941748090065,0.5810920945395273,0.7742116483235998,1370.924205378973,1039.9046454767727
723,218.0,65.35533905932738,0.9454285395195934,0.9276595744680851,29.243379481916207,9.528356324829781,1.0994470951274475,1040.5045871559632,1713.467889908257,0.6413634599102147,3.0690896189210917,0.674170479143082,16.66031874701878,0.8814135236153585,0.526837765648589,0.4540888049592771,0.8909564283457725,0.964086201351289,1.5133883104276542,1.9794752546193477,0.6731060831372871,1.0045871559633028,0.824120274412166,1713.467889908257,1040.5045871559632
724,164.0,44.970562748477136,0.5791471026490583,0.9704142011834319,16.003021616935563,13.046032211929823,1.108182001685807,1039.9756097560976,1297.908536585366,1.0190536939671753,1.2266581407258637,0.18477694249168786,14.450303987687134,0.6676484241694269,0.5265699289904292,0.4462891597161407,0.8948888120430722,0.6905595446909528,1.770427486324689,1.941802430034983,0.6813862044823098,1.5203252032520327,0.913704399087504,1297.908536585366,1039.9756097560976
725,31.0,19.899494936611667,0.8607546110499703,0.9393939393939394,8.817725805427946,4.488399994776541,0.07981849851540945,1038.741935483871,277.48387096774195,0.9837561268413854,1.9645588217827594,0.49097986330969745,6.282549314314218,0.14273861675295368,0.5259452837893017,0.9968161945194217,0.07973377166432327,2.7314372955493598,4.1544159425256675,4.343211930373449,0.2671638248595641,14.881720430107526,0.7720462373077025,277.48387096774195,1038.741935483871
726,244.0,59.4558441227157,0.7910619521527892,0.9420849420849421,22.663545425521136,13.864107627688236,-1.3098495685466431,1043.577868852459,468.1475409836066,0.867382371937439,1.6346919711052588,0.3882639557323614,17.625846048215095,0.2408166363084396,0.5283938576468147,0.2579953742210797,-0.9661461519255381,0.818591110010518,1.3841024287214712,1.6192785999510846,0.7849350783163223,1.4398907103825136,0.8806500030768131,468.1475409836066,1043.577868852459
727,479.0,115.25483399593904,0.9657785409807785,0.8091216216216216,51.62432906983982,13.389703993690812,1.3014912347782048,1047.8371607515658,1358.6304801670146,0.45313444713296885,3.855524296441881,0.7406319029235888,24.695783889727878,0.6988839918554602,0.5305504611400333,0.26606164025085155,0.9639560174546484,0.6587468330797954,1.8980930757295158,1.9543930226871076,0.6650066723566126,0.4474599860821155,0.8896311224778174,1358.6304801670146,1047.8371607515658
728,432.0,91.01219330881976,0.8896906673730136,0.8981288981288982,36.00195448712351,16.437189657423502,1.234568566832077,1047.3842592592594,884.7013888888889,0.6553819099252477,2.190274325323247,0.5434361858520087,23.452920571340155,0.4550933070416095,0.5303211439287389,0.3299284309568455,0.944005948310896,1.1924104541264475,1.419146896536849,1.4429715091168258,0.7399133422773788,1.0532407407407407,0.8573972887175342,884.7013888888889,1047.3842592592594
729,474.0,84.42640687119284,0.6896682687155195,0.9386138613861386,29.2530612280435,21.182886363764027,-0.9178237703100873,1052.7848101265822,483.82489451476795,0.8356638066717149,1.3809761675389296,0.2758745418596733,24.566553364370574,0.24888111857755552,0.5330556000640922,0.607550132569482,-0.7942813332911739,0.818591110010518,0.9309989650359004,1.0189564835335585,1.0836010652241796,0.5210970464135021,0.8805497788861917,483.82489451476795,1052.7848101265822
730,353.0,84.91168824543142,0.7274943227200321,0.7986425339366516,28.54635541097464,19.58604555505659,0.4596167156266313,1051.3002832861189,799.7932011331445,0.6152471602954104,1.4574843773711503,0.31388629921118627,21.200319792199185,0.4114162557269262,0.532303940904364,0.8962225900751941,0.44360463144438717,0.9732492579638102,1.0762894433774883,1.4055910293306522,0.8682741991909411,0.8593012275731822,0.9230382414188716,799.7932011331445,1051.3002832861189
731,261.0,65.4558441227157,0.8998091606454499,0.9456521739130435,27.660314351258208,12.067744527120462,-0.27933152914281667,1052.191570881226,1630.1417624521073,0.7655146660634483,2.2920865029165776,0.5637162913670384,18.229523339239496,0.8385502893272156,0.5327552257626461,0.961239959268913,-0.2757131493140987,1.2827331423602573,1.7661459767638135,1.9190384328309311,0.6038747560976377,1.2988505747126438,0.5974707615486218,1630.1417624521073,1052.191570881226
732,668.0,102.32590180780453,0.6198376783868175,0.9529243937232525,34.1532085828467,26.80104910235879,0.8185580589635395,1057.877245508982,638.1032934131737,0.8017060572001333,1.2743235704098181,0.21526994931247845,29.163744887841286,0.3282424348833198,0.5356340483589782,0.683274766862814,0.7301613472161937,1.7574721013169021,1.9069041515108662,2.9498319328583738,0.4535690313607489,0.9286427145708583,0.9105081461180689,638.1032934131737,1057.877245508982
733,177.0,49.45584412271571,0.7302990480445457,0.946524064171123,18.37825383162807,12.554692197373456,-0.40977238458133075,1049.8983050847457,1401.9887005649719,0.9093852224065526,1.4638553891008932,0.31687241277691736,15.012108426804138,0.7211876031712818,0.5315940785239219,0.9172115286874415,-0.3984005668204385,1.050013428702324,1.2932559516534643,1.3387021519429894,0.8147808785819156,0.704331450094162,0.9444022682136103,1401.9887005649719,1049.8983050847457
734,354.0,70.87005768508881,0.6484656294705732,0.954177897574124,24.5510291941008,18.68932205300588,0.5387753879115631,1053.7429378531074,504.48022598870057,0.8857018535180505,1.3136393671461268,0.23875606577435815,21.23032733700184,0.2595062890888377,0.5335407280268898,0.8583376552149797,0.5130852459777522,0.90511690642088,0.9309989650359004,1.2271838615130315,0.9793360955545658,0.8549905838041432,0.8674949486420181,504.48022598870057,1053.7429378531074
735,350.0,75.59797974644665,0.8592898487046228,0.9433962264150944,29.838469885189657,15.262047921146248,1.2096165175864284,1050.6114285714286,1829.9114285714286,0.7695866562427292,1.9550764117210722,0.4885110402822105,21.11004122822376,0.9413124632569078,0.5319551537070525,0.3533781675356907,0.9354805560294224,1.706931767760613,1.8308728118519524,2.083499913084777,0.5336839525233532,0.9171428571428571,0.8078551659082563,1829.9114285714286,1050.6114285714286
736,445.0,82.32590180780451,0.7879609948306943,0.9368421052631579,30.77440200849531,18.94857354981458,-0.7747537539084249,1059.5955056179776,431.3820224719101,0.8250815609723894,1.6241012510831694,0.38427484164976455,23.803184606416586,0.22190433254727884,0.536504053477457,0.7145933147427332,-0.6995401307466163,1.3151577558081382,1.8056331124136102,1.850828164148314,0.6034251579751163,0.8239700374531835,0.7655324605264592,431.3820224719101,1059.5955056179776
737,408.0,73.94112549695429,0.6791820078330625,0.9714285714285714,26.651209649300522,19.561185429356176,-0.4572368057206126,1063.5098039215686,829.3970588235294,0.9377734075522061,1.3624537094415603,0.2660301094487255,22.792141940852034,0.42664457758412005,0.5384859766691487,0.8972757900470582,-0.44147044815641695,1.402463543480492,1.4418159418176217,1.6314116059370125,0.6702875464026071,1.6552287581699348,0.6843279369965182,829.3970588235294,1063.5098039215686
738,194.0,58.14213562373095,0.9350821671126541,0.9651741293532339,26.502163517211635,9.393188578787559,1.5303297225388832,1056.0,945.4484536082474,0.7211566859600391,2.8214235554751785,0.6455689901434944,15.716503163191918,0.48634179712358405,0.5346835443037975,0.040455560838863806,0.9991813386954407,1.282380825208365,1.6431195893533015,1.6906184308633936,0.6498966123832011,2.372852233676976,0.8988615531820021,945.4484536082474,1056.0
739,266.0,61.94112549695428,0.785708551797771,0.9568345323741008,23.67774249140692,14.646977088749091,0.6538997056222732,1061.5601503759399,1874.8721804511279,0.8712309916023393,1.6165617210936112,0.381403142885571,18.403307281560924,0.9644404220427613,0.5374988103169316,0.7937177024062112,0.6082862885903357,1.216417121198126,2.051529990047258,2.083499913084777,0.5605960381109274,1.0213032581453634,0.766655646636558,1874.8721804511279,1061.5601503759399
740,674.0,111.9827560572969,0.8204118530721707,0.8950863213811421,40.61859890408203,23.224619138979982,-0.24489127086697596,1074.0014836795253,1239.2848664688427,0.6754099538332755,1.7489457485185689,0.4282269756811826,29.294426998176625,0.6374922152617504,0.5437982195845698,0.9701636921769936,-0.24245084116476795,2.116123671841277,2.6394967369694537,3.0518921113445447,0.38424530120898687,0.4861523244312562,0.8536216023977502,1239.2848664688427,1074.0014836795253
741,711.0,106.91168824543142,0.8176983952104538,0.9417218543046357,40.413613460639155,23.263970639133746,0.5289193727202643,1072.71870604782,753.9704641350211,0.781680160840829,1.7371760860399708,0.4243531165113039,30.087760240780646,0.3878448889583442,0.5431487119229468,0.8633528597540367,0.5046006733591688,1.0031486007346313,1.3146073640394091,2.0965556691119036,0.6796076599963746,0.40271917487107356,0.8834653602982225,753.9704641350211,1072.71870604782
742,216.0,54.8700576850888,0.7665287295821734,0.9515418502202643,20.928695310692753,13.440617784140274,-1.1808023967003722,1062.5694444444443,781.3472222222222,0.9015561527960635,1.5571230167253396,0.3577899823849372,16.583719174624104,0.4019275834476452,0.5380098452883263,0.3801828010055908,-0.9249113675480172,0.9732492579638102,1.3146073640394091,1.6719099297163458,0.7576204205011081,1.7314814814814814,0.7954256727070045,781.3472222222222,1062.5694444444443
743,1037.0,152.61017305526642,0.9112602189441683,0.8322632423756019,61.806443081275226,25.45381232284166,1.5102804270991559,1072.8871745419478,864.3963355834137,0.5595277762183671,2.428180199388504,0.588168950454405,36.33661249883324,0.44464832077336097,0.5432340124263028,0.0604789698316571,0.9981694716870986,1.4677577561429862,1.6314116059370125,1.847384035674098,0.6064828899577032,0.3709418193506911,0.8527566936421742,864.3963355834137,1072.8871745419478
744,932.0,123.15432893255071,0.8299903870649769,0.9539406345957011,46.902608230872794,26.1612287228084,-0.3436797983953943,1085.4345493562232,561.269313304721,0.7721939811090931,1.7928289503459458,0.44222230469502455,34.44792091974742,0.2887187825641569,0.5495871135980877,0.9415211201575167,-0.3369539735592014,1.9566716990495294,2.052894016850175,2.1828080171139037,0.4844668828701343,0.7392703862660944,0.8603519605616179,561.269313304721,1085.4345493562232
745,317.0,76.42640687119285,0.9192528654700227,0.9378698224852071,32.4015638402683,12.755445463167169,-0.46153118328770454,1080.6435331230284,1628.678233438486,0.6819966512033742,2.540214211556279,0.6063324126561187,20.090219901261573,0.8377974451844064,0.5471612825939385,0.8953716814618443,-0.4453196066155067,1.2827331423602573,1.6713708196286632,2.5202719420083026,0.5480076729494391,0.8937960042060988,0.6836552154412048,1628.678233438486,1080.6435331230284
746,291.0,69.01219330881976,0.832523017001802,0.909375,26.659137112355562,14.768907545245703,0.9681873847463784,1076.9209621993127,324.62886597938143,0.7678054539676082,1.8050852461959839,0.44600954325709063,19.248706645328987,0.16699015739680115,0.5452764365566141,0.566793802101598,0.8238596882353296,1.4234241933729355,2.561105195316061,2.7314372955493598,0.44669667689696463,0.97709049255441,0.9243150411916337,324.62886597938143,1076.9209621993127
747,402.0,83.94112549695429,0.8656124205985712,0.8973214285714286,33.45030927463472,16.749059118581055,-1.0303049258352726,1082.2139303482586,397.05721393034827,0.7169458267013842,1.997145573241523,0.49928537338571566,22.623931952327283,0.20424753803001455,0.547956420429498,0.5145574084297823,-0.8574559308967582,0.8751872754596893,1.4744516849468985,1.5791341920457336,0.7635971545283581,0.851575456053068,0.6968560397203558,397.05721393034827,1082.2139303482586
748,454.0,89.49747468305833,0.8275436981192927,0.9098196392785571,33.367480466267715,18.732547151054877,-0.8025808913533704,1084.636563876652,416.3436123348018,0.7122691829405544,1.781256985352828,0.4385986928203277,24.04268606686374,0.21416852486358115,0.5491830703172922,0.6948529728897879,-0.7191518240720965,0.8751872754596893,1.151919484979877,1.3151577558081382,0.8975950243962263,0.8245227606461086,0.7699198629149415,416.3436123348018,1084.636563876652
749,337.0,65.698484809835,0.48668073941584605,0.9739884393063584,22.190742552552674,19.38538686571149,-0.13702028145206724,1080.9881305637982,606.646884272997,0.9811356530325422,1.144714970419458,0.12642009072916205,20.71428798138497,0.3120611544614182,0.547335762310784,0.9906273988809529,-0.1365919345582218,1.7574721013169021,1.7967909682468068,2.052894016850175,0.5350304893845379,1.9287833827893175,0.8346351746505616,606.646884272997,1080.9881305637982
750,57.0,27.31370849898476,0.8253654864641196,0.9047619047619048,11.375998469410769,6.422875173209464,-0.05743830270844956,1076.0,1390.0,0.9601152754312778,1.7711691668649174,0.43540119221357954,8.51907589177983,0.7150205761316872,0.5448101265822785,0.9983508741597643,-0.05740672490601106,1.2932559516534643,1.8381751990223039,1.8980930757295158,0.5964778903439478,6.228070175438597,0.7206375130450478,1390.0,1076.0
751,342.0,75.35533905932738,0.8879380227574106,0.9421487603305785,30.994192644981055,14.256185415475938,1.1396804551548014,1079.4795321637428,1919.1140350877192,0.7568466858334353,2.1740873692155414,0.540036884368257,20.867389014906145,0.9871985777200202,0.5465719150196165,0.4178848317832162,0.9085000095572443,0.8395127617440363,1.2722283589499923,1.5456318950233165,0.8202608777140524,0.6052631578947368,0.8305899633326845,1919.1140350877192,1079.4795321637428
752,175.0,52.8700576850888,0.8248486179497213,0.9067357512953368,20.351761170788365,11.505942603992716,-0.2463159965931124,1087.0057142857142,736.8742857142857,0.7867347696812698,1.7688043362675936,0.43464634301489247,14.927053303604616,0.37905055849500296,0.5503826401446654,0.9698172817031082,-0.2438328117993844,1.0031486007346313,1.3069005137490546,2.2847393697429053,0.6529136238368041,2.657142857142857,0.8817804906847423,736.8742857142857,1087.0057142857142
753,555.0,96.5685424949238,0.767027236391883,0.9359190556492412,34.03396798908973,21.836688734090778,0.007622083324122168,1095.2954954954955,802.627027027027,0.747879267178048,1.5585681695392273,0.358385459459474,26.582850624566497,0.4128739850962073,0.5545799977192383,0.9999709520635316,0.007622009522048529,0.9098190392979549,1.3810704605637558,1.7575908059154213,0.7410187955512682,0.4996996996996997,0.840520808002381,802.627027027027,1095.2954954954955
754,1124.0,146.71067811865476,0.8024879038240718,0.8554033485540334,52.26255377655611,31.183413669841602,-1.16365384631953,1097.7624555160141,464.0062277580071,0.6562249316475713,1.6759728209968483,0.40333161285681696,37.83016320718592,0.23868633115123825,0.5558290914005135,0.3959870134885305,-0.9182561108690943,1.8479927823105524,2.1336749581835353,2.2129821918956933,0.48428886744898847,0.3819691577698695,0.8297847360091554,464.0062277580071,1097.7624555160141
755,444.0,80.42640687119284,0.8033936124807065,0.9631236442516269,30.880929500417942,18.38799763344307,-1.17720862223456,1096.0495495495495,349.79954954954957,0.862572287098571,1.6794068672411302,0.4045516786276071,23.77642441290137,0.17993803989174362,0.5549617972402783,0.3835042616379181,-0.9235391065382966,1.4234241933729355,2.084744280151981,2.2170745880290665,0.5239952204205144,0.7432432432432432,0.6984393386061516,349.79954954954957,1096.0495495495495
756,400.0,80.91168824543142,0.6720680403850999,0.9302325581395349,27.517278471680026,20.37625298017315,0.31788725424608216,1099.865,1899.5475,0.7677986239868814,1.350458226959361,0.25951060163366846,22.56758334191025,0.977133487654321,0.556893670886076,0.9498978982055526,0.31256036694480904,1.093619795231627,1.2722283589499923,1.4064537179221628,0.7952703950298984,0.7841666666666667,0.7833130295050638,1899.5475,1099.865
757,43.0,24.242640687119284,0.8800082487004351,0.9555555555555556,10.816356329178259,5.137319301500266,0.02407775652995775,1094.3953488372092,1930.3023255813953,0.9194295768955286,2.1054475484947037,0.5250415994856044,7.399277020331919,0.9929538711838453,0.5541242272593464,0.999710144823995,0.024075430130881995,0.8262108600120063,0.8395127617440363,1.4064537179221628,0.9765061284887397,7.131782945736434,0.7763956663119868,1930.3023255813953,1094.3953488372092
758,365.0,79.84062043356595,0.9062441094248092,0.948051948051948,33.55022784991373,14.183519595206088,-0.44718139644715205,1109.0794520547945,1604.8164383561643,0.7195399674193432,2.36543740957311,0.577245208030903,21.557653718072718,0.8255228592367101,0.5615592162302757,0.9016695193188298,-0.432425806273574,1.4648500588656939,1.6713708196286632,2.0838494187392556,0.5747049041829679,0.6228310502283105,0.8141211359865542,1604.8164383561643,1109.0794520547945
759,691.0,121.9827560572969,0.9315722241645862,0.8858974358974359,51.28057743040747,18.643377549292854,-0.3562383610642887,1120.3053545586108,1231.2301013024603,0.5835674075324799,2.7506055324375787,0.636443689141495,29.661566469288122,0.6333488175424179,0.5672432174980307,0.9372153275965085,-0.348751243321324,0.9887720762499422,1.6203009083552522,1.9277912083274715,0.6612496809301175,0.4698504582730343,0.8018233011011814,1231.2301013024603,1120.3053545586108
760,331.0,74.76955262170048,0.8680272640372334,0.9323943661971831,29.889317117851114,14.840540149597082,-0.5798755940151187,1113.9969788519638,810.2809667673716,0.7440263107557148,2.0140316199112607,0.5034834656448639,20.529059630371258,0.41681119689679613,0.5640491032161842,0.8365308208997031,-0.547919871591521,0.9098190392979549,1.0571615351763308,1.3996786493572229,0.8910910788843596,1.1661631419939578,0.7976877802806595,810.2809667673716,1113.9969788519638
761,556.0,101.84062043356595,0.884006883594003,0.9251247920133111,40.41666611024842,18.89373577838938,0.0021574913483839576,1121.0575539568345,1911.4154676258993,0.673662825786227,2.1391569451541144,0.5325261186350422,26.60678836073137,0.9832384092725819,0.5676240779528275,0.9999976726164436,0.0021574896746137354,0.8417862487726201,1.093619795231627,1.471132699238986,0.8806592926472391,0.3723021582733813,0.8305899633326845,1911.4154676258993,1121.0575539568345
762,178.0,52.72792206135785,0.8771663974912325,0.978021978021978,22.115202408329427,10.619422477844456,0.04582843290156945,1112.612359550562,1928.0955056179776,0.8045416891156436,2.0825240218541903,0.5198134621709465,15.054455784347004,0.9918186757294123,0.5633480301521833,0.99895006114895,0.04581239276122751,0.8262108600120063,0.8417862487726201,1.4076836910595758,0.9753938055444388,1.8707865168539326,0.7869636755562124,1928.0955056179776,1112.612359550562
763,276.0,67.21320343559643,0.8874716511177756,0.9419795221843004,27.71868278185258,12.77449616749143,1.3583883320565617,1110.1485507246377,418.2644927536232,0.7677322010710509,2.1698454810602357,0.5391376903431034,18.746042631630413,0.21515663207490904,0.5621005320124748,0.21081438649602838,0.9775261093425092,0.8326462511287052,1.151919484979877,1.1895705783596273,0.9451389930311218,1.3490338164251208,0.7239788493248077,418.2644927536232,1110.1485507246377
764,468.0,78.18376618407356,0.475405866354546,0.972972972972973,26.048224381019164,22.91635767774276,0.2570455738079708,1116.0320512820513,736.8760683760684,0.9621051584173345,1.1366651170014768,0.12023340468299004,24.410573670769317,0.3790514755020928,0.5650795196364816,0.9671452849163461,0.25422430620237635,1.3069005137490546,1.9032887009328447,1.9067016879751628,0.5862935241480685,0.5064102564102564,0.8637374851741931,736.8760683760684,1116.0320512820513
765,297.0,78.18376618407356,0.9357643523748654,0.8945783132530121,33.23460418703443,11.719384638263522,-1.1258691343303089,1114.6026936026935,392.22222222222223,0.6105667351494622,2.8358659787071248,0.647374027013822,19.44613444328572,0.20176040237768633,0.5643557942292119,0.4303921623020675,-0.9026420035811268,0.7824611155429654,1.1895705783596273,1.4744516849468985,0.870452478723824,1.1717171717171717,0.7779262192189473,392.22222222222223,1114.6026936026935
766,285.0,63.941125496954285,0.8117164374980964,0.9563758389261745,24.976507651926518,14.58757254151336,0.7666499948846268,1115.1122807017543,779.2140350877193,0.8759799604553649,1.7121771001205508,0.415948268476671,19.04923279949934,0.40083026496281854,0.5646138130135465,0.7202386934746282,0.6937263325130167,1.3733175006946268,1.3810704605637558,1.3996786493572229,0.7221838938098828,1.6842105263157894,0.8021049601161582,779.2140350877193,1115.1122807017543
767,350.0,68.76955262170047,0.6275057984901315,0.9641873278236914,23.985877668437,18.67568950794653,0.4458916638663279,1119.7,596.9542857142857,0.9300054856424581,1.284336926796249,0.22138811153356885,21.11004122822376,0.3070752498530276,0.5669367088607595,0.9022264828923499,0.43126253438908907,1.2717620643403325,1.7967909682468068,2.2274863361231896,0.5664610459137407,1.9714285714285715,0.8244920256906294,596.9542857142857,1119.7
768,1460.0,150.36753236814712,0.6213859920166288,0.948051948051948,49.524904978937855,38.80299057177419,-0.9019121816598406,1131.4191780821918,545.9150684931507,0.8114365656580479,1.276316702634846,0.2164954059320967,43.115307436145436,0.280820508484131,0.5728704699150339,0.6201109693941966,-0.7845141079910479,1.5852697870343604,1.6593670995764822,2.0256903794521794,0.569224613302055,0.323972602739726,0.6675592864793015,545.9150684931507,1131.4191780821918
769,366.0,73.59797974644665,0.734655774710099,0.9481865284974094,26.422839537069223,17.92631240610717,1.3398368890735504,1124.450819672131,406.5409836065574,0.8491006298844068,1.473969600578167,0.321559956455175,21.587164551489145,0.20912602037374353,0.5693421871757626,0.22891159073023154,0.9734472166632123,0.7824611155429654,0.8326462511287052,1.8461567555219132,0.8667353585541295,0.9353369763205829,0.6968560397203558,406.5409836065574,1124.450819672131
770,128.0,40.970562748477136,0.6648284232828362,0.9481481481481482,14.852668475863881,11.094885368203643,-0.115419166917233,1124.609375,1209.6953125,0.9582437056935953,1.3386950818283807,0.2530039038955707,12.766152972845846,0.6222712512860082,0.5694224683544303,0.9933465990298078,-0.11516307653025823,0.6767889617119905,0.9887720762499422,1.224811211896431,1.0379285921206198,4.002604166666667,0.6769312017141429,1209.6953125,1124.609375
771,378.0,71.59797974644667,0.5487467906323006,0.9618320610687023,24.145268930455916,20.185169864983795,0.3561701643982304,1131.436507936508,308.3915343915344,0.9266167096349447,1.1961885429729229,0.16401138777448054,21.938198374294355,0.15863762057177694,0.5728792445248142,0.9372391090891746,0.3486873275496692,2.452442655156181,2.561105195316061,2.7436089137668547,0.3867396381403762,0.9171075837742505,0.8271068039543685,308.3915343915344,1131.436507936508
772,251.0,58.2842712474619,0.6768806860588269,0.9616858237547893,21.028107075008876,15.478637167536798,-0.07355741078548111,1130.3306772908365,697.0956175298804,0.9284977253859446,1.3585244519531041,0.26390724983835645,17.876888032555495,0.3585882806223665,0.5723193302738413,0.9972958732557581,-0.0734910959711103,1.0065569623398922,1.9032887009328447,1.9326927958038904,0.6195097933351341,1.7808764940239044,0.919572029908259,697.0956175298804,1130.3306772908365
773,538.0,87.35533905932736,0.563068064041922,0.9488536155202821,29.14571574620618,24.086326241188914,0.6196609356316103,1135.6171003717473,448.14312267657994,0.8859582002847001,1.2100523531216412,0.17358947534770464,26.17255958188877,0.23052629767313781,0.5749960001882265,0.8140754181948551,0.580759169958488,1.767685871334395,1.8479927823105524,1.9394199391898579,0.5400444204301834,1.094175960346964,0.7576859208676764,448.14312267657994,1135.6171003717473
774,315.0,70.698484809835,0.7361715599561498,0.8948863636363636,24.867261230018784,16.83003737132725,-0.1173765048044803,1133.9809523809524,1197.942857142857,0.7919544534999727,1.4775523477080492,0.3232050278616654,20.026743534373637,0.6162257495590828,0.5741675708257987,0.9931192832808015,-0.11710716961752313,0.6767889617119905,0.7429197525696406,1.6203009083552522,0.9868389815811901,1.4285714285714286,0.7323609524453504,1197.942857142857,1133.9809523809524
775,318.0,72.07716446627535,0.824130701917274,0.9492537313432836,27.2159023122045,15.415078087933969,-0.3280685066221466,1136.3867924528302,803.2106918238994,0.7692041132085656,1.7655377518656576,0.4336003300165674,20.12188299403865,0.41317422418924865,0.5753857176976355,0.9466664654189382,-0.3222151505612581,1.0571615351763308,1.1559337009471566,1.4439119157791163,0.8203429403847933,1.2264150943396226,0.8448051912085971,803.2106918238994,1136.3867924528302
776,202.0,55.698484809834994,0.8415757107558587,0.9483568075117371,22.047520366449433,11.90872935328162,-0.7254543178519023,1133.8366336633662,1583.7079207920792,0.8182282530342454,1.8513747111377525,0.45986082990976185,16.03728119216293,0.8146645683086827,0.5740944980574006,0.7481980704597961,-0.6634754308640508,0.6538675992180585,1.0254083370875084,1.4648500588656939,0.9541602355018186,1.2640264026402641,0.8415509475884052,1583.7079207920792,1133.8366336633662
777,606.0,90.08326112068522,0.35983645854827134,0.9665071770334929,28.778108298648796,26.850418016727065,-1.2064734576572014,1140.881188118812,677.3861386138614,0.9384135902143451,1.0717936786206022,0.06698460725482225,27.777385840094972,0.3484496597807929,0.5776613610728162,0.3563166886656206,-0.934365248379009,1.0065569623398922,1.1008807009440178,1.8909188883796857,0.7503082732208538,0.7299229922992299,0.8500397371660916,677.3861386138614,1140.881188118812
778,801.0,118.22539674441619,0.8707822503406188,0.9379391100702577,46.65188953877811,22.9372815645184,0.5822465034221054,1146.5792759051185,588.274656679151,0.7201464429302528,2.033889212527423,0.5083311353240598,31.935323316554435,0.30261042010244393,0.5805464688127182,0.835229402581729,0.5499016685399019,1.1275621670949092,1.2717620643403325,2.0256903794521794,0.6779638631291118,0.9459009571369121,0.8596082671133534,588.274656679151,1146.5792759051185
779,1353.0,145.19595949289334,0.6798436605985126,0.9441730635031402,49.197218935035465,36.079128498898044,1.179305375212341,1149.6637102734664,491.4552845528455,0.8064892792004521,1.3635922202649127,0.2666429265739544,41.50533825939352,0.25280621633376826,0.5821082077334008,0.38156698667147554,0.924341189541205,1.002350412176392,1.4342919537444858,2.050105431771364,0.6686357547315339,0.26952451342695244,0.6585194760451473,491.4552845528455,1149.6637102734664
780,155.0,66.14823227814082,0.9518672045720086,0.6485355648535565,29.601697544346898,9.073237791012508,0.7778509811607688,1141.651612903226,512.2258064516129,0.4451486664680976,3.262528573170302,0.6934892744775969,14.048207338801282,0.2634906411788132,0.5780514495712537,0.7124232559711118,0.7017500298193936,1.002350412176392,1.5852697870343604,1.941438099355455,0.6623893538640757,6.911827956989247,0.7541258020803814,512.2258064516129,1141.651612903226
781,554.0,87.25483399593905,0.5334605637950719,0.9618055555555556,28.9260520184308,24.466376174443084,0.664840076994402,1145.6137184115523,779.2527075812275,0.914409302414712,1.1822777436343912,0.15417506133039327,26.558891313141824,0.400850158220796,0.5800575789425582,0.7870154570163026,0.6169332787404327,1.0112093655804284,1.1559337009471566,1.3733175006946268,0.8473473840590607,0.8104693140794224,0.7882687243333901,779.2527075812275,1145.6137184115523
782,744.0,113.98275605729688,0.7888052349821989,0.8996372430471584,40.66624371332294,24.995231423646555,0.07099273903786157,1154.0793010752689,758.4502688172043,0.7196220993362396,1.626960079867512,0.3853567691215676,30.77808020788433,0.3901493152351874,0.5843439499115285,0.9974810737111375,0.0709331205296667,1.0112093655804284,1.0206488607288666,1.6285131746367731,0.8195889628097883,0.5188172043010753,0.7911299492711775,758.4502688172043,1154.0793010752689
783,531.0,100.91168824543142,0.832191682922723,0.8482428115015974,37.58105648861882,20.838246908292007,-0.9622355333415133,1150.2598870056497,1200.6365348399247,0.6552717441099761,1.8034653612662817,0.4455119452375498,26.001734523957655,0.6176113862345292,0.5824100693699492,0.5716872244199942,-0.8204716432851066,0.7429197525696406,1.1023438671061245,1.224811211896431,0.9771748783281904,0.487758945386064,0.7835899081945307,1200.6365348399247,1150.2598870056497
784,163.0,46.62741699796952,0.6072642373879783,0.9476744186046512,16.251319490722537,12.911672271624267,1.188053335654665,1147.6564417177915,1579.2453987730062,0.9421385037220429,1.2586533447288426,0.2055000654565181,14.406180819073164,0.8123690322906411,0.5810918692241982,0.3734663896842743,0.9276437116566865,0.6274631927678905,0.6538675992180585,1.3066555566238924,1.1592024052257754,2.01840490797546,0.8116428280493745,1579.2453987730062,1147.6564417177915
785,797.0,116.22539674441617,0.8070750056347028,0.9299883313885647,42.7346530202899,25.232630017360243,0.5711932010111745,1163.042659974906,667.0564617314931,0.7414230962336584,1.6936265855318342,0.4095510730979822,31.85548488335917,0.34313603998533593,0.588882359480965,0.8412564864896449,0.5406362214457129,0.9103157633864233,1.1008807009440178,1.6146108628178424,0.8274019354358567,0.8707653701380176,0.8699379376834253,667.0564617314931,1163.042659974906
786,238.0,58.8700576850888,0.8195535375195021,0.9558232931726908,23.117129756339658,13.246175848928296,-0.5032306530397767,1155.4873949579833,1590.7731092436975,0.8629743716238297,1.7451927273191068,0.4269973829560023,17.407785949022028,0.8182989245080748,0.5850569088394852,0.8760291272981416,-0.48225819653506813,0.6274631927678905,1.0254083370875084,1.3612968975913022,0.9952993909306178,1.2773109243697478,0.8380308720821122,1590.7731092436975,1155.4873949579833
787,463.0,83.35533905932738,0.8420882161136525,0.9665970772442589,33.19311040860955,17.902366034386777,1.455998841183248,1161.0475161987042,567.8336933045356,0.8373827500395542,1.8541186312944549,0.4606601847790889,24.279825147895533,0.29209552124718907,0.5878721601006097,0.11454550930490198,0.9934180017988805,1.1275621670949092,1.1947421339537103,1.6593670995764822,0.7534524319432827,2.1951043916486683,0.716573233463779,567.8336933045356,1161.0475161987042
788,334.0,83.59797974644667,0.9434765389988609,0.915068493150685,36.11027607434475,11.96836521181376,-0.2857096819567956,1172.4790419161677,1210.9191616766468,0.6005715653900235,3.0171435643274775,0.6685606837462836,20.62188177498708,0.6229008033316085,0.593660274387933,0.9594618786378911,-0.2818384349953864,0.910526648098823,1.1023438671061245,1.8291798068549032,0.7808330835166158,1.0419161676646707,0.7225401752763951,1210.9191616766468,1172.4790419161677
789,1197.0,137.88225099390854,0.7998847222660872,0.9344262295081968,51.12298189459063,30.68164535321048,0.16910823719918328,1183.5705931495406,696.4603174603175,0.7912018329572585,1.6662399068256357,0.39984632710837753,39.039310125154486,0.35826148017506043,0.5992762496959699,0.985735245526388,0.1683033740809483,0.9277851251638284,1.6146108628178424,2.076353770875763,0.6495264209209132,0.4068504594820384,0.7678578148079054,696.4603174603175,1183.5705931495406
790,460.0,82.08326112068524,0.7562468768565718,0.9603340292275574,30.16609823773675,19.737267080784264,1.0588489798641065,1169.5326086956522,741.8652173913043,0.8579431102014453,1.5283827347660381,0.3457136244390525,24.201036973199617,0.3816179101807121,0.592168409466153,0.4898758565242447,0.8717922029902755,0.8438870244045187,1.0206488607288666,1.329465704780687,0.9392606470432936,0.8369565217391305,0.7262856252089042,741.8652173913043,1169.5326086956522
791,267.0,62.526911934581186,0.7319665166058811,0.9535714285714286,22.609985837771184,15.405101405624713,-0.012165711235301413,1170.4531835205992,712.3520599250936,0.8581973410930973,1.4676947098521418,0.3186593960669506,18.437867513470433,0.366436244817435,0.5926345233015692,0.9999259986477876,-0.012165411140793555,0.9277851251638284,1.329465704780687,1.691196918543198,0.7597922502960875,2.2484394506866416,0.7500607927853599,712.3520599250936,1170.4531835205992
792,279.0,63.112698372208094,0.49495507946303474,0.9393939393939394,20.47578501301038,17.79178969201412,1.1432138858638379,1171.584229390681,648.7311827956989,0.8801983898786722,1.1508558367346808,0.13108143689195995,18.847647942942654,0.33370945617062703,0.5932072047547752,0.41467210795903314,0.9099709022165555,0.9103157633864233,1.4077208386485076,1.8909188883796857,0.7127659123105803,1.906810035842294,0.8612484796318342,648.7311827956989,1171.584229390681
793,547.0,95.49747468305833,0.843070564756708,0.9414802065404475,36.52064196049883,19.640909315405807,-1.3170308032997062,1173.8519195612432,1566.7550274223036,0.7537258594900487,1.8594170653724778,0.46219704087760416,26.390567083147985,0.8059439441472754,0.5943554023094902,0.251050659132257,-0.9679739493133374,1.3066555566238924,1.3612968975913022,1.3873195067050799,0.7397777581652506,0.4984765386959172,0.8400995620535451,1566.7550274223036,1173.8519195612432
794,401.0,88.42640687119285,0.9324617089092624,0.9282407407407407,38.1990654731286,13.800131367465562,-1.1534652507239396,1181.291770573566,495.2568578553616,0.6444515613826441,2.7680218728340975,0.6387311784584531,22.595775212167435,0.25476175815605023,0.5981224154802867,0.4053220387609911,-0.91417396861573,1.2024500376237226,1.4342919537444858,1.6348647946307275,0.7023118349360041,1.880299251870324,0.8305688466510924,495.2568578553616,1181.291770573566
795,1027.0,147.53910524340094,0.758958374822662,0.8452674897119341,49.38468165589271,32.15629935672091,-0.3051967994283466,1197.1898734177216,447.17332035053556,0.592878930661843,1.535770055753351,0.34886085566405733,36.16098743733379,0.23002742816385574,0.6061720878064414,0.9537878365716377,-0.3004808859278657,1.1780068227389855,1.283449997818114,1.3477971540769407,0.7875557838823843,0.18208373904576436,0.7297782478007758,447.17332035053556,1197.1898734177216
796,788.0,126.5685424949238,0.9290913125743114,0.933649289099526,53.10876105699892,19.642297562849603,1.3127071561042634,1185.3769035532996,557.241116751269,0.6181366918030362,2.7037957696683104,0.6301495803720872,31.675112647807715,0.2866466649955088,0.600190837242177,0.25523347738646285,0.9668794506148188,0.9188492448954639,1.1947421339537103,2.236930434896139,0.6895724532449441,0.8494077834179358,0.6707353511081403,557.241116751269,1185.3769035532996
797,62.0,26.727922061357855,0.6149375746342653,0.9538461538461539,10.015259887120932,7.8977914948702015,0.827807184854871,1179.8709677419354,793.9032258064516,1.090614232846839,1.2681089255934492,0.21142420826979014,8.884866446580956,0.4083864330280101,0.5974030216414863,0.6764922833125468,0.7364497203601729,0.7987156899378353,1.580777181136572,1.677551326357644,0.7394546014309831,5.811827956989247,0.8863440625471385,793.9032258064516,1179.8709677419354
798,333.0,71.1126983722081,0.7097696732376426,0.9327731092436975,25.12570261631954,17.69939474896399,-0.6892211770112857,1186.8918918918919,1908.7087087087086,0.8274843350978893,1.4195797637537995,0.2955661770243212,20.590987552733093,0.9818460435744386,0.6009579199452617,0.7717415308321718,-0.6359363251056005,1.9180038037695335,2.8484645883313675,2.9666719609335552,0.38794071529075647,1.12012012012012,0.7768020763080726,1908.7087087087086,1186.8918918918919
799,198.0,58.76955262170047,0.706489577170739,0.8918918918918919,19.724989065934782,13.9598372526038,0.16112349628063277,1188.6818181818182,1198.8181818181818,0.7203943282192365,1.4129813055131184,0.29227655305966416,15.877702285203682,0.6166760194537972,0.6018642117376295,0.9870476669399754,0.16042725201271613,0.910526648098823,0.9611315943359005,1.0874644111607317,1.0138140088092926,1.6632996632996633,0.6367829859479186,1198.8181818181818,1188.6818181818182
800,417.0,85.59797974644665,0.8947493232876067,0.9498861047835991,34.914782288026714,15.591850682878698,1.2911476350016038,1185.642685851319,1538.2877697841727,0.715185810814763,2.239296860786795,0.5534312500002156,23.04215463350949,0.7913002930988543,0.6003254105576298,0.27601800485492406,0.9611524650105763,1.3873195067050799,2.2305402963295697,2.5151340901129187,0.48915750647524997,0.7817745803357314,0.8207949027003952,1538.2877697841727,1185.642685851319
801,305.0,67.11269837220809,0.7577609574327926,0.941358024691358,24.894062468511386,16.244178481685044,-1.0032173801993587,1189.832786885246,290.9836065573771,0.8509426707969263,1.5324913166017535,0.3474677545204854,19.706294962377495,0.14968292518383594,0.6024469807013904,0.5375921819773257,-0.8432049844947893,1.651813689167883,2.7436089137668547,3.1491520764901804,0.3976367293681124,1.253551912568306,0.7823986848445225,290.9836065573771,1189.832786885246
802,144.0,54.87005768508881,0.9440155548436974,0.8834355828220859,24.15654419800619,7.969266711307029,1.1508899934857455,1187.8958333333333,745.6180555555555,0.6010374351973755,3.031212917461048,0.6700990569683892,13.540550005146152,0.3835483824874257,0.6014662447257384,0.4076749252514727,0.91312712987908,0.8438870244045187,1.1792930759204732,1.6285131746367731,0.8215366883549143,3.706018518518518,0.7605060722115483,745.6180555555555,1187.8958333333333
803,401.0,87.7401153701776,0.9368728167409053,0.923963133640553,38.80834836824447,13.57012717989911,-0.8262766967376444,1202.5760598503741,256.5810473815461,0.654572618587328,2.8598367468309163,0.6503296906342173,22.595775212167435,0.1319861354843344,0.608899270810316,0.6776186181129272,-0.7354134948358827,1.651813689167883,1.6758090428887507,2.8047422534724316,0.4892076722568361,0.771404821280133,0.8328974612064045,256.5810473815461,1202.5760598503741
804,303.0,66.04163056034261,0.8170546566693316,0.9680511182108626,26.03118411293351,15.00854525545929,1.4014067364766152,1196.5907590759075,1409.1815181518152,0.8730053751957096,1.734424201004077,0.4234397793682254,19.64157789116634,0.7248876122180119,0.6058687387726114,0.16858070710181117,0.9856878538325677,2.0200763983099383,4.246719079945666,5.497813668852205,0.2550020967536788,1.0374037403740373,0.8484931114292963,1409.1815181518152,1196.5907590759075
805,157.0,48.2842712474619,0.8266310433960419,0.9457831325301205,18.922193512956365,10.648356053864596,0.8420756847247053,1197.5159235668789,795.7324840764331,0.846248972590656,1.7770060859383974,0.437255725845237,14.138550439257221,0.40932740950433805,0.606337176489559,0.6659157447314318,0.7460269572333044,0.7916475700096166,0.7987156899378353,2.2975816727643568,0.7716158669735905,1.2229299363057324,0.863341860226754,795.7324840764331,1197.5159235668789
806,331.0,81.35533905932736,0.9402146437139935,0.9245810055865922,35.531506104242396,12.101408366069064,-0.3564573455398311,1204.92749244713,1180.9456193353474,0.6284427769441918,2.936146358292361,0.6594175228439253,20.529059630371258,0.6074823144729153,0.6100898695934835,0.9371389340172995,-0.34895647056462425,0.497381958409421,1.0874644111607317,1.5149003482365948,0.9678210102671473,1.0241691842900302,0.6817033376931434,1180.9456193353474,1204.92749244713
807,744.0,143.39696961967002,0.9758398208802503,0.9173859432799013,66.63934627654214,14.55984225940594,1.2549981851617082,1204.7674731182797,563.6034946236559,0.45467686035461374,4.5769277640004535,0.78151282878759,30.77808020788433,0.2899194931191646,0.610008847148496,0.31057524264053,0.9505487986730486,0.9188492448954639,1.9776683577012162,2.7121208416813958,0.5348891767235585,0.8310931899641577,0.7377552950957112,563.6034946236559,1204.7674731182797
808,268.0,66.2842712474619,0.8815743511345087,0.9370629370629371,27.059087719845646,12.77311226182703,0.3045327747911963,1204.8097014925372,1583.9701492537313,0.7665203448890943,2.118441235399836,0.5279548078607621,18.47236308621676,0.8147994594926601,0.6100302286038163,0.953987152992007,0.2998474811069871,1.5948798699133968,2.1573039824755016,2.2305402963295697,0.5014438114521153,1.978855721393035,0.646596660640772,1583.9701492537313,1204.8097014925372
809,323.0,77.18376618407356,0.9033021736220328,0.9176136363636364,31.477027712261638,13.503798352128587,-0.37871341224993266,1208.674922600619,1191.3374613003095,0.6813346155095404,2.3309758403864165,0.5709951245851499,20.279456919490165,0.6128279121915172,0.6119873025825919,0.9291410885641359,-0.36972535420478353,0.497381958409421,0.9611315943359005,1.800424381672656,0.9205453004540814,1.0577915376676987,0.6640727248380273,1191.3374613003095,1208.674922600619
810,604.0,100.08326112068524,0.8766983906183076,0.9511811023622048,40.11927084562294,19.29899282479879,-1.2032467509511213,1206.726821192053,503.39900662251654,0.7577464434445433,2.0788271807672025,0.5189595319650648,27.73151068766428,0.25895010628730275,0.6110009221225584,0.3593297511285312,-0.9332106567940102,0.8556964455485132,1.2024500376237226,1.4648729189419283,0.8515422873344666,0.4012141280353201,0.7933385729393271,503.39900662251654,1206.726821192053
811,680.0,100.32590180780451,0.7903366005240307,0.9714285714285714,37.66298847104426,23.075091615488887,-0.16236092094675544,1214.05,1021.9735294117647,0.8489705638605621,1.6321923699649978,0.387327120012548,29.42452872043851,0.5257065480513193,0.6147088607594936,0.9868483946585074,-0.1616485260060449,1.4514811797300544,1.735442047160302,1.8357134175972933,0.5972958452593826,0.646078431372549,0.7430416689364807,1021.9735294117647,1214.05
812,193.0,51.79898987322333,0.7347776798767539,0.9414634146341463,19.20335454197853,13.025789271574686,-1.479449912843018,1202.8497409326426,648.7875647668394,0.903908752447499,1.4742565031268189,0.3216919865172352,15.67594437773643,0.33373845924220136,0.6090378435101987,0.09121943198071639,-0.9958308165693184,1.1416673302045584,1.4077208386485076,1.9720364141103686,0.6635076943014581,3.5682210708117443,0.8098783558867598,648.7875647668394,1202.8497409326426
813,305.0,64.2842712474619,0.623329691796735,0.9561128526645768,22.383162839121304,17.502718745482472,0.7732116204295659,1208.2196721311475,470.8983606557377,0.9274708173082818,1.2788392000470497,0.2180408608344121,19.706294962377495,0.2422316670039803,0.6117567960157709,0.7156712488565253,0.69843730109448,1.1780068227389855,1.235858403656515,1.281012258955386,0.8119349049851116,1.2918032786885245,0.7270741941331159,470.8983606557377,1208.2196721311475
814,397.0,84.18376618407356,0.9170625909743351,0.9363207547169812,35.961906141233655,14.339568449954037,-1.1782970255712049,1211.095717884131,733.4609571788413,0.7039530070969604,2.507879248022204,0.6012567188836413,22.48279562821002,0.37729473105907474,0.6132130217134841,0.38249885163756364,-0.9239559667516332,1.1792930759204732,1.9092379995347841,2.0620113188300997,0.5824629272692847,0.7313182199832073,0.7723926288306394,733.4609571788413,1211.095717884131
815,370.0,71.94112549695427,0.6077679431531295,0.9536082474226805,24.511977227205342,19.465320987198268,-1.5589202868648926,1214.1891891891892,801.3135135135135,0.8983739126360477,1.2592639619622046,0.205885318561976,21.70480664627101,0.41219830942053165,0.6147793362983236,0.01187576076521862,-0.9999294806666355,0.7916475700096166,1.580777181136572,1.8033173456862561,0.7184351740198905,0.7171171171171171,0.8845892673537806,801.3135135135135,1214.1891891891892
816,496.0,98.42640687119285,0.9154127694466615,0.8596187175043327,41.38975043755348,16.660053819372497,-0.07978442985534571,1227.6693548387098,1156.149193548387,0.6433810693506534,2.4843707521175604,0.5974835884911109,25.13019725725687,0.5947269514137794,0.6216047366271948,0.9968189103636945,-0.07969981142598029,1.379044782220079,1.4382468618599291,1.5149003482365948,0.6924900847701756,0.7735215053763441,0.6494235868213881,1156.149193548387,1227.6693548387098
817,516.0,92.42640687119285,0.8327977438724038,0.9398907103825137,34.984539162284534,19.366649598008333,-0.34514198835088034,1226.3992248062016,1375.6492248062016,0.7590448287010799,1.8064321856622192,0.4464226180550418,25.631847476983474,0.7076384901266469,0.6209616328132667,0.9410274231318326,-0.33833029558977235,2.0200763983099383,2.2347595003631224,4.059450490952753,0.3608247129595226,0.7202842377260982,0.8129221852037856,1375.6492248062016,1226.3992248062016
818,990.0,124.08326112068522,0.6984922953262219,0.9482758620689655,42.76021534095018,30.599961600433794,0.9981403969576714,1226.5737373737375,639.8363636363637,0.8080135815479486,1.397394411774164,0.28438242519491885,35.50362163621919,0.3291339319117097,0.6210499936069557,0.5418661727538655,0.8404647826203534,1.1151309808970344,1.1416673302045584,1.575790746668452,0.7827606755589708,0.28552188552188557,0.8096926493904067,639.8363636363637,1226.5737373737375
819,253.0,64.52691193458118,0.8641248509624404,0.9301470588235294,25.64251885262071,12.90530278039492,-1.1778337329205308,1220.8735177865613,1883.0197628458498,0.7635695869311592,1.986975376631653,0.4967225000567378,17.94796937867892,0.9686315652499227,0.6181638064742082,0.3829268725814015,-0.9237786586921279,0.9319308143865099,1.4134742676501568,1.520293106145189,0.7760564467168045,1.1238471673254282,0.8013221905993303,1883.0197628458498,1220.8735177865613
820,577.0,100.5685424949238,0.8281584498657486,0.9015625,37.56240534101415,21.053504758665532,-0.8920657181778251,1228.792027729636,838.6083188908145,0.7169045966238472,1.7841402546316485,0.43950594836701407,27.104597715372734,0.43138288008786757,0.622173178597284,0.6278054735706045,-0.7783702765103439,1.5977957770798408,1.8033173456862561,2.389503286348528,0.518079559764639,0.5083766608896592,0.8626436131299137,838.6083188908145,1228.792027729636
821,122.0,56.42031021678297,0.8248900100055423,0.6009852216748769,20.924563924482513,11.82851498440651,-1.2850405424314446,1223.8524590163934,437.09016393442624,0.48161361448359585,1.7689933142129246,0.43470673859220976,12.463355264843006,0.22484061930783242,0.6196721311475409,0.28188266819755686,-0.9594488841881187,0.5790511159722481,1.2582957011458753,1.283449997818114,0.9612929575042822,3.546448087431694,0.7735235752724791,437.09016393442624,1223.8524590163934
822,21.0,18.071067811865476,0.9506685441730364,0.7777777777777778,9.543643427749162,2.9605193991329206,-0.3724356973075187,1223.1904761904761,493.9047619047619,0.8080933401270554,3.2236382002915813,0.6897914908969781,5.170882945826411,0.25406623554771707,0.6193369499698613,0.9314437951717329,-0.36388522426182535,0.8556964455485132,1.235858403656515,1.6838539114287068,0.7946159449755645,16.603174603174605,0.8775529147659901,493.9047619047619,1223.1904761904761
823,134.0,46.4558441227157,0.5897014229858154,0.9054054054054054,14.697161294996683,11.869741125695063,-0.9315287857411848,1227.0298507462687,449.55223880597015,0.7802503116104494,1.238204029840293,0.1923786582014414,13.061933202803933,0.2312511516491616,0.6212809370867184,0.5966077790047741,-0.802532963828272,0.5790511159722481,0.7395791887796253,1.281012258955386,1.1540048012299833,1.4029850746268657,0.7855086384456742,449.55223880597015,1227.0298507462687
824,595.0,101.9827560572969,0.7845360084421954,0.8960843373493976,36.09667895462823,22.382946423220663,1.047925583274745,1236.7126050420168,1044.9008403361345,0.7189080402557725,1.612686653137881,0.3799167382862303,27.524126309792685,0.5375004322716741,0.6261835974896287,0.4993693732735806,0.8663891902813373,0.8055422389362827,1.4371602762362818,1.4514811797300544,0.8120873913605106,0.7081232492997198,0.8370823549176355,1044.9008403361345,1236.7126050420168
825,627.0,129.35533905932738,0.9742492581958404,0.9400299850074962,60.04297421959323,13.538110692583832,-0.13577162085653907,1251.189792663477,1571.9441786283892,0.47087831161750443,4.435107348655728,0.7745263143849048,28.254578293596012,0.8086132606113113,0.633513819070115,0.9907971835331018,-0.13535487099795518,1.3986375823953738,2.1573039824755016,3.3175486307604154,0.43645948631843023,0.5614035087719298,0.7406821972891162,1571.9441786283892,1251.189792663477
826,368.0,77.698484809835,0.8640995656999876,0.9509043927648578,31.092396180031546,15.649453204705466,-1.3428288145775436,1234.1494565217392,236.87228260869566,0.7660067263112945,1.9868039971315232,0.4966790879000825,21.646065519224038,0.12184788200035784,0.6248858007705009,0.22599808895732187,-0.9741277451072002,1.3089765093971688,1.597947033145615,1.6758090428887507,0.6546312585501874,1.042572463768116,0.810524540266452,236.87228260869566,1234.1494565217392
827,353.0,72.52691193458118,0.6568653774353798,0.9313984168865436,24.889257259185083,18.76669598234506,0.02622209677657713,1239.841359773371,872.3314447592068,0.8433079541630373,1.3262460948160444,0.24599212475818522,21.200319792199185,0.44873016705720514,0.6277677771004411,0.9996562205195144,0.026219091834768216,1.5977957770798408,2.0451018740711313,2.936363426318792,0.45597825723519286,1.6713881019830028,0.760623712503189,872.3314447592068,1239.841359773371
828,334.0,99.59797974644665,0.9735857243901185,0.7933491686460807,47.1739553549634,10.770841667174345,0.03612735112364678,1249.3443113772455,1179.61377245509,0.42311193149213017,4.379783568700361,0.7716782155295551,20.62188177498708,0.6067972080530298,0.632579398165694,0.9993474782268559,0.03611949282068955,1.032240325619043,1.4382468618599291,1.90568853357525,0.6855300589431768,1.3023952095808384,0.7404772456293455,1179.61377245509,1249.3443113772455
829,284.0,74.18376618407356,0.902197329107402,0.8711656441717791,30.417176786846277,13.119643775900776,-1.1241098603760429,1238.3908450704225,1839.0070422535211,0.6485006984644343,2.3184453256817084,0.5686764794826624,19.015783725757565,0.9459912768793833,0.6270333392761633,0.4319794900084919,-0.9018834293920713,0.9853214361147984,1.4718686494432722,1.5668881619853556,0.7455123423187424,1.0129107981220657,0.9228919602201068,1839.0070422535211,1238.3908450704225
830,310.0,66.04163056034263,0.7806117537523383,0.9657320872274143,25.194650393298147,15.747065448125106,-1.4880629118897881,1238.2,1871.6967741935484,0.8931738162068313,1.5999584478959474,0.3749837682878159,19.867165345562018,0.96280698260985,0.6269367088607595,0.08263906467428318,-0.996579542730915,0.6061130131267237,0.9319308143865099,1.2103771925722908,1.09153582296014,0.8559139784946236,0.758120780840773,1871.6967741935484,1238.2
831,137.0,42.62741699796952,0.6979692005318126,0.9383561643835616,15.667653305651822,11.22004175575248,-0.7400772551796331,1239.4963503649635,460.24817518248176,0.9474414835451448,1.3963988411735693,0.2838722215211992,13.207339536360731,0.23675317653419845,0.6275930887923866,0.7384164642921783,-0.6743449601370489,0.7395791887796253,1.2582957011458753,1.4876247905150655,0.8607087290338817,1.364963503649635,0.7297782478007758,460.24817518248176,1239.4963503649635
832,521.0,89.01219330881976,0.7603199018306153,0.9404332129963899,32.08881834140725,20.843253528563316,-1.1750403817952457,1245.957773512476,120.78886756238003,0.8263206051726989,1.5395302032589662,0.35045119746066533,25.75573339679963,0.06213419113291154,0.630864695449355,0.3855058134294551,-0.9227054068401757,0.8798976570728311,0.8954710435194645,1.7203355503546933,0.8581961701100135,0.910428662827895,0.7642540233909981,120.78886756238003,1245.957773512476
833,452.0,81.01219330881976,0.6747598819592112,0.9576271186440678,28.22633699261568,20.832090413132818,0.7920682214450305,1251.2809734513273,638.1150442477876,0.865461031850003,1.3549450118947943,0.2619626691701894,23.98967015655475,0.3282484795513311,0.6335599865576341,0.7023746434653881,0.7118074600739085,1.0207287102007687,1.0817929081104345,1.1151309808970344,0.9323567126973883,1.0066371681415929,0.7350204411683166,638.1150442477876,1251.2809734513273
834,203.0,62.18376618407356,0.923958338301496,0.9144144144144144,26.646164667430625,10.191974737557304,0.7578790119772993,1250.3004926108374,614.1083743842364,0.6597081638737181,2.614426090484686,0.6175068770773279,16.07692842495848,0.31589936953921627,0.6330635405624493,0.726295573409541,0.6873825281789654,0.8940525203862331,1.0817929081104345,1.575790746668452,0.8446811137293719,2.6502463054187193,0.8036047304937449,614.1083743842364,1250.3004926108374
835,129.0,43.21320343559643,0.6110761660604154,0.9148936170212766,14.649841979046565,11.596401828725016,-0.7988127686544507,1247.3875968992247,140.27906976744185,0.868093791060643,1.2633092743266265,0.20842819702006588,12.815923738491737,0.07216001531247009,0.6315886566578353,0.6975578857737691,-0.7165284334866476,0.8798976570728311,1.1714831897760587,1.3630142785949473,0.8786329319779678,3.8242894056847545,0.8238307137932428,140.27906976744185,1247.3875968992247
836,400.0,84.2842712474619,0.8880438640093558,0.9501187648456056,34.12524045300928,15.689377426281112,1.2950846761975323,1250.7375,1033.7925,0.7075820108881491,2.1750538294684945,0.5402412637096139,22.56758334191025,0.5317862654320987,0.6332848101265822,0.2722317786031068,0.962231707396191,0.8055422389362827,0.8763267562410092,1.7231001503208017,0.881065252519681,0.9183333333333333,0.8254124953084961,1033.7925,1250.7375
837,370.0,75.01219330881976,0.7417548834483169,0.9511568123393316,27.198572620024503,18.241295978880817,-0.6477970106539267,1254.545945945946,1334.7675675675675,0.826319230155531,1.4910438738296956,0.3293289234799417,21.70480664627101,0.6866088310532755,0.6352131371878207,0.7974150849138307,-0.6034311744945469,1.8266456570959924,2.2347595003631224,3.096911352661564,0.4190929523385135,1.090990990990991,0.7717982544237563,1334.7675675675675,1254.545945945946
838,323.0,71.11269837220809,0.5410842313786083,0.8972222222222223,23.06022966198232,19.39292450766143,0.2620491735507792,1254.15479876161,1014.6315789473684,0.8026349556655206,1.1891053179148958,0.15903159717298487,20.279456919490165,0.5219298245614035,0.635015087980562,0.9658611468465564,0.25906031153431186,0.8763267562410092,1.153552469163781,1.5729385942133534,0.8326815704264406,1.5552115583075334,0.716540857262482,1014.6315789473684,1254.15479876161
839,253.0,60.284271247461895,0.7283394363640207,0.9405204460966543,21.89329755132883,15.001648938282282,-0.40372354700376767,1252.6837944664032,1894.3438735177865,0.8748273552442397,1.4593927401847102,0.31478349010189444,17.94796937867892,0.9744567250605898,0.6342702756791915,0.9196045946949565,-0.39284524868696674,0.8712130423509807,0.9319793461650099,1.2103771925722908,0.9954971734605241,1.2885375494071147,0.7921777022609225,1894.3438735177865,1252.6837944664032
840,786.0,120.22539674441619,0.9120613466245084,0.9504232164449818,50.2403697551336,20.60125337361194,-0.49731219463231907,1262.7977099236641,660.3575063613232,0.6833449231529828,2.43870452171062,0.5899462230469177,31.634890266315733,0.3396900752887465,0.6393912455309692,0.8788679929179647,-0.47706503856848326,1.127741382333266,1.702746513578799,1.755361254529143,0.6541863680167866,0.45462256149279046,0.7863265336584018,660.3575063613232,1262.7977099236641
841,377.0,74.76955262170048,0.8228999176051753,0.9641943734015346,29.383691063085315,16.695412104305856,-0.6675449255257523,1257.8779840848806,411.55172413793105,0.8474257376281102,1.7599859697687288,0.4318136523943966,21.909160375631842,0.21170356179934724,0.6369002451062686,0.785343868996449,-0.6190597769437846,1.0996376830280998,1.9155053760510468,2.2037466084243786,0.5748349153039407,0.5119363395225465,0.7210087214492797,411.55172413793105,1257.8779840848806
842,290.0,75.698484809835,0.8824914676841271,0.8579881656804734,29.598948755432634,13.921226386606937,1.4977057452306988,1251.2379310344827,1875.048275862069,0.63596540034692,2.1261739399560815,0.5296715940274124,19.21560480373171,0.9645310061018874,0.633538192928852,0.07302552112417987,0.997330072375511,0.6061130131267237,0.8712130423509807,1.2117549859887813,1.1156227550375184,1.0816091954022988,0.8717983538933624,1875.048275862069,1251.2379310344827
843,74.0,33.76345596729059,0.7912271509114126,0.8604651162790697,12.997614203226414,7.948331700030798,1.0007250825183331,1249.9324324324325,1093.6486486486488,0.8157325572543125,1.6352631839931957,0.38847764091522474,9.706684619910241,0.5625764653542432,0.6328771809784468,0.5396920279903141,0.8418625273307406,0.7861806640471192,0.9912184707200714,1.7616253761353862,0.8476912185145882,3.063063063063063,0.9147227968805773,1093.6486486486488,1249.9324324324325
844,486.0,82.52691193458118,0.5320628795967561,0.9585798816568047,27.20712251231453,23.036402411266067,0.2317625800758211,1258.20987654321,1158.4711934156378,0.8967160520278424,1.1810491076943834,0.15329515641210145,24.875578761936154,0.5959213957899372,0.6370682919206127,0.9732630541339999,0.22969333350743687,1.032240325619043,1.1840193052498507,1.379044782220079,0.8344216943294919,0.6330589849108368,0.7191904584873171,1158.4711934156378,1258.20987654321
845,230.0,54.2842712474619,0.6053527489661613,0.9704641350210971,19.195541814104498,15.278831946647365,-1.3052760316928287,1254.404347826087,1824.091304347826,0.9808208202866291,1.2563487759492358,0.2040426837329079,17.112717355495807,0.9383185721953837,0.6351414419372592,0.2624113655777859,-0.9649561001494324,0.9853214361147984,1.2174332078496646,1.9498229724979592,0.7224428480534213,1.0318840579710145,0.8422365335782636,1824.091304347826,1254.404347826087
846,569.0,96.42640687119284,0.8674536698214018,0.9515050167224081,38.31577128114725,19.062784756040113,1.4287653677199885,1258.4973637961336,913.7451669595782,0.769006768740856,2.0099776486752154,0.5024820297583388,26.916041702938184,0.4700335220985485,0.63721385508665,0.14155391363205427,0.9899305478342655,1.1858866170886102,1.8438488903179964,2.0451018740711313,0.5911519472425798,0.9402460456942003,0.8042331048417317,913.7451669595782,1258.4973637961336
847,184.0,49.21320343559643,0.7602260055183478,0.968421052631579,18.994080393234743,12.33966948895395,-1.5281724004428912,1253.6576086956522,1071.9510869565217,0.9546944900041954,1.5392697843518088,0.35034130458092316,15.306079714651624,0.5514151681875112,0.6347633461750138,0.042611021005893125,-0.9990917379744642,0.6439787963703147,0.9912184707200714,1.4371602762362818,0.9764488532645451,1.9420289855072463,0.7443453745094847,1071.9510869565217,1253.6576086956522
848,495.0,83.35533905932738,0.5812260049040221,0.9464627151051626,28.095595948507974,22.86257142151614,0.17723167466989306,1263.8686868686868,217.47272727272727,0.8952580157010354,1.228890461641904,0.1862578226346444,25.104851615652017,0.11186868686868687,0.6399335123385756,0.9843355343558257,0.17630529148165455,0.7752234236791449,0.9202469648624978,1.0644134884004777,1.0870022558064731,0.41683501683501684,0.9470010808928718,217.47272727272727,1263.8686868686868
849,255.0,60.284271247461895,0.7569012088690514,0.9444444444444444,22.491676959720053,14.69897014115254,0.10027609650975908,1262.9137254901962,241.09411764705882,0.8817429865109926,1.5301532518084624,0.346470689247553,18.01877032173579,0.12401960784313726,0.6394499875899727,0.9949765636962558,0.10010813001545206,0.9187373150001038,1.0644134884004777,1.3089765093971688,0.9112648798051823,1.2156862745098038,0.9143092555012765,241.09411764705882,1262.9137254901962
850,403.0,85.15432893255071,0.8052371971842764,0.8896247240618101,30.63791792618705,18.166840079336243,-1.0007676020561989,1263.347394540943,1082.471464019851,0.6983955260183691,1.6864747965187383,0.4070471719682832,22.65205369339104,0.556826884783874,0.6396695668561737,0.5396562318968587,-0.8418854740253473,0.6439787963703147,0.7861806640471192,1.6614659824497375,0.9703633429856244,0.3920595533498759,0.8698955232803004,1082.471464019851,1263.347394540943
851,93.0,32.72792206135785,0.3862572147897025,0.9789473684210527,11.322234028553465,10.443528039151836,1.203619501496413,1256.3978494623657,1132.236559139785,1.0910783746191677,1.084138806934538,0.07760888771470598,10.881694613449236,0.582426213549272,0.6361508098543623,0.3589818713922236,0.9333445323200522,0.7843353412674845,1.1840193052498507,1.6640597153113812,0.825896965810274,3.3440860215053765,0.8377407803416658,1132.236559139785,1256.3978494623657
852,712.0,109.25483399593904,0.8543914580195758,0.9210866752910737,42.47049911101508,22.068941348595775,-1.3179665230036406,1265.814606741573,121.91011235955057,0.7495636799419626,1.9244465985096941,0.4803700966426361,30.10891156869401,0.06271096314791696,0.6409187882235813,0.2501447970607884,-0.9682084385623877,0.8537874136284477,0.8954710435194645,1.1714831897760587,1.0271363792684305,0.5767790262172285,0.7898396651345768,121.91011235955057,1265.814606741573
853,297.0,65.21320343559643,0.7291705651170012,0.9580645161290322,23.677855736528247,16.203514384742917,0.3986955789182407,1265.6767676767677,200.35016835016836,0.8775972316761235,1.461279027148771,0.3156679994571693,19.44613444328572,0.1030607861883582,0.6408489962920343,0.9215681757550224,0.3882165599707979,0.7752234236791449,0.9904621156613607,1.4825615745407548,0.9235750528891765,1.1021324354657687,0.9052076084242495,200.35016835016836,1265.6767676767677
854,172.0,54.14213562373095,0.9054679854089395,0.9347826086956522,23.0272645226122,9.773106575284844,0.13993605417329455,1268.0988372093022,622.9127906976744,0.7373395780832832,2.3561867810636308,0.5755854297983203,14.798554040663838,0.3204283902765815,0.642075360612305,0.9902249173879274,0.13947979417848416,0.8940525203862331,1.0207287102007687,1.702746513578799,0.8292956439209833,2.7926356589147288,0.7361713729589013,622.9127906976744,1268.0988372093022
855,512.0,94.32590180780453,0.8695203260387581,0.9309090909090909,37.09810085212199,18.322646575242747,1.4026417096065873,1267.865234375,992.98828125,0.7231325206435241,2.0247130074673994,0.5061028420759521,25.532305945691693,0.5107964409722222,0.6419570806962025,0.16736328084107285,0.9858952947580752,1.153552469163781,1.2063749646153004,1.3681093857332254,0.8047130823113632,0.5638020833333334,0.8540230266464497,992.98828125,1267.865234375
856,356.0,72.04163056034263,0.713046407937458,0.9544235924932976,25.658955716028146,17.989925890690998,-0.8374731690890229,1271.8483146067415,1922.4101123595506,0.8619712767789657,1.4262957986561544,0.29888316228499534,21.290215544369623,0.9888940907199334,0.6439738301806286,0.6693422802601758,-0.7429541788401949,1.4251845021631124,1.530170745457013,2.3256139800521614,0.5680775385472794,0.8623595505617978,0.7860622152733919,1922.4101123595506,1271.8483146067415
857,231.0,61.112698372208094,0.8542015390394321,0.927710843373494,24.612112433691067,12.79687208341597,0.7187488813407873,1273.6709956709956,1129.978354978355,0.7772467664147618,1.9232912756537581,0.48005795447697663,17.14987856615383,0.5812645858942155,0.6448967066688586,0.7526301089924895,0.6584435579743744,0.7843353412674845,1.034040216579173,1.4595820739580885,0.9152040193845609,1.147186147186147,0.9423513164098011,1129.978354978355,1273.6709956709956
858,323.0,67.35533905932738,0.6431527575828313,0.95,23.327992359555804,17.863127864128554,-0.6678946124674536,1272.8513931888544,1843.860681114551,0.89468124416686,1.3059298761669504,0.2342621007070369,20.279456919490165,0.948488004688555,0.6444817180703061,0.7851273438644315,-0.6193343635843104,1.2174332078496646,1.5668881619853556,1.708451119095236,0.6677391315477694,0.8297213622291022,0.7550956396993277,1843.860681114551,1272.8513931888544
859,247.0,58.8700576850888,0.7970317958638237,0.96484375,22.871174618509254,13.812756470385924,-1.4658303100411696,1271.5182186234817,158.5587044534413,0.895607856265067,1.6558009016914377,0.39606265525131823,17.733870630789692,0.08156311957481548,0.6438066929739148,0.10477337268269361,-0.9944961238620759,1.3630142785949473,1.4023803269593522,1.6699533852070008,0.6763843572700298,1.9203778677462888,0.7642540233909981,158.5587044534413,1271.5182186234817
860,628.0,101.01219330881975,0.880264746856569,0.9544072948328267,41.54285613543251,19.711372798055464,1.4059186454300605,1275.8359872611466,950.8455414012739,0.7734315882172937,2.107557731317969,0.5255171494758314,28.277100878514442,0.48911807685250713,0.6459929049423527,0.16413167241509602,0.9864384390879258,1.4110547720250126,1.4226340100130805,1.6295072261357941,0.6721640713304562,0.6990445859872612,0.8233605415218909,950.8455414012739,1275.8359872611466
861,378.0,74.8700576850888,0.8565959282611312,0.9742268041237113,30.58770289441487,15.782881699533238,-1.5573009379333054,1273.0740740740741,1890.7804232804233,0.8473938902290162,1.938030296160648,0.4840121942463651,21.938198374294355,0.9726236745269667,0.6445944678856071,0.013494979222868029,-0.9999089386217999,0.9319793461650099,1.2117549859887813,1.4251845021631124,0.8405907052728491,0.7927689594356262,0.7909213441233751,1890.7804232804233,1273.0740740740741
862,371.0,79.35533905932738,0.8998763777925358,0.9416243654822335,33.11540349321825,14.443119314274327,-0.38338711324489033,1282.053908355795,1575.4609164420485,0.7403404361634914,2.2928151995871042,0.5638549499409797,21.73411767467788,0.8104222821203954,0.6491412194206557,0.927402961279811,-0.3740638279885364,1.3986375823953738,3.4989318987039693,3.5524463176775267,0.35502892200914543,1.1716082659478886,0.6567782236524957,1575.4609164420485,1282.053908355795
863,624.0,99.25483399593905,0.8102315681128085,0.96,37.25115078760783,21.83326798194497,0.6200951485180564,1284.0016025641025,920.3221153846154,0.7959597721448639,1.70616468493918,0.41389010754513,28.18690255978371,0.4734167260208927,0.650127393703343,0.8138231683440349,0.5811125972360921,1.1858866170886102,1.4166872225348979,1.4226340100130805,0.7453031277057784,0.9139957264957266,0.765633149245391,920.3221153846154,1284.0016025641025
864,442.0,86.66904755831214,0.8671120932413092,0.9525862068965517,34.350091010662325,17.110228848472506,-1.223098053062317,1279.5904977375565,1302.8506787330316,0.7394419502601162,2.0075763635229746,0.5018869427984496,23.722813466638858,0.670190678360613,0.6478939229050918,0.34073472219031853,-0.9401594806701076,1.5129036395507505,1.8266456570959924,2.009710030518801,0.5608253061811521,0.854449472096531,0.8109937420107106,1302.8506787330316,1279.5904977375565
865,323.0,67.11269837220809,0.756216313774435,0.9613095238095238,25.13574906806084,16.446866055042562,-0.5170845012283882,1280.9473684210527,419.56965944272446,0.901162238253794,1.5283002235160958,0.3456783002364927,20.279456919490165,0.2158280141166278,0.648580946035976,0.8692641427702325,-0.49434790390365063,1.0996376830280998,1.7278668712963616,2.614892653218348,0.5512276825076631,0.7925696594427245,0.8241946855266226,419.56965944272446,1280.9473684210527
866,582.0,104.08326112068525,0.9214004678499176,0.9478827361563518,43.84433020196457,17.03853953919101,-1.2047567180292391,1283.1237113402062,129.65463917525773,0.6751045991703887,2.5732446200049313,0.6113855666010939,27.221781995965376,0.0666947732383013,0.6496828918178259,0.35792022465934614,-0.9337521688220077,0.8537874136284477,1.4023803269593522,1.4949718946551596,0.7997569516778843,0.6741122565864833,0.7384241298201846,129.65463917525773,1283.1237113402062
867,67.0,27.899494936611664,0.3891629477753894,0.9571428571428572,9.623736115633772,8.865086713202823,0.3752663789788929,1280.0298507462687,229.98507462686567,1.0816630244914995,1.0855772117040985,0.07883106865311096,9.23618154310838,0.11830507954056876,0.648116380124693,0.9304100215978054,0.36652038375835416,0.8061227764646761,0.9187373150001038,0.9202469648624978,1.134169595451267,6.149253731343284,0.8980833859025111,229.98507462686567,1280.0298507462687
868,450.0,98.32590180780451,0.9525197732458077,0.9297520661157025,43.99303416177513,13.394855362382923,-0.5079153023318193,1293.8644444444444,1774.0777777777778,0.5849065721528929,3.2843231951068144,0.6955232659532834,23.936536824085962,0.9125914494741655,0.6551212376933896,0.8737603124192583,-0.4863567789606721,0.8621360406598962,1.4879858577223515,1.6324254032777372,0.7532867214783753,0.3674074074074074,0.8811579398963998,1774.0777777777778,1293.8644444444444
869,420.0,84.5269119345812,0.9028537693325867,0.9722222222222222,35.62439998439094,15.316630762224493,1.5132499862469448,1286.2285714285715,208.1952380952381,0.7387017850802133,2.325863993029827,0.5700522459624422,23.12489154112443,0.10709631589261219,0.651254972875226,0.05751458424227993,0.9983446662347817,0.9904621156613607,1.020005591096042,1.0813603288052542,0.9702997597193515,0.6746031746031745,0.9588364705543763,208.1952380952381,1286.2285714285715
870,216.0,56.8700576850888,0.8088571111198332,0.9557522123893806,22.11080054283896,13.001266796442124,1.3344998275631683,1286.6851851851852,1111.0555555555557,0.8392595225823931,1.7006650881812313,0.41199475020126064,16.583719174624104,0.5715306355738455,0.6514861697140178,0.2341036535615121,0.9722116433108335,1.034040216579173,1.6614659824497375,1.6640597153113812,0.688141906544375,1.1219135802469136,0.8555735556840994,1111.0555555555557,1286.6851851851852
871,270.0,62.8700576850888,0.7688760256423164,0.9375,23.58676034489184,15.081324712648108,-1.2193882799509772,1290.2296296296297,256.55925925925925,0.8583924922818121,1.5639713880777701,0.36060211355332417,18.5411616971131,0.13197492760249963,0.6532808251289264,0.3442201478881433,-0.938888965633245,1.2805260077020104,1.2816000598157802,1.283940290615116,0.7800177429742439,1.2123456790123457,0.9673928415453893,256.55925925925925,1290.2296296296297
872,284.0,65.5269119345812,0.6692674876932394,0.9161290322580645,22.383879297687837,16.63170478345258,-0.26751581182947487,1293.355633802817,1001.2429577464789,0.8311679739423853,1.345855977431627,0.25697844585989316,19.015783725757565,0.5150426737379007,0.6548636120520592,0.9644305329585565,-0.2643364278666009,0.6947678073003405,1.2063749646153004,1.503207512955364,0.881225417176386,1.1150234741784038,0.857019810872584,1001.2429577464789,1293.355633802817
873,448.0,86.2842712474619,0.8893627214249434,0.9431578947368421,35.73204637086603,16.33677404293368,-0.13773289814250222,1300.4151785714287,650.1160714285714,0.7561789910419192,2.1872155590180054,0.542797692766519,23.883285285767386,0.3344218474426808,0.6584380650994576,0.9905298096653922,-0.13729783743468743,1.5024452266570032,1.755361254529143,1.9019192317706957,0.5814262553659688,1.0223214285714286,0.7368366214682656,650.1160714285714,1300.4151785714287
874,486.0,81.59797974644667,0.3760727255641235,0.9623762376237623,26.06987120097882,24.15608585266515,-0.41119781516424175,1297.9156378600824,229.1769547325103,0.9172491554955056,1.079225805040866,0.07340985053435223,24.875578761936154,0.11788938000643534,0.6571724748658645,0.916642704708518,-0.39970758299618553,0.8061227764646761,1.0813603288052542,1.2805260077020104,0.9469669729534554,0.51920438957476,0.8929191006178416,229.1769547325103,1297.9156378600824
875,218.0,69.31980515339464,0.8151270747806956,0.8549019607843137,22.3849990849265,12.967231221735107,-1.151466053603823,1293.4174311926606,98.08715596330275,0.5701008532535242,1.7262743836483567,0.4207178131864693,16.66031874701878,0.050456355948201005,0.6548949018697016,0.4071488415158136,-0.9133618236232183,1.4949718946551596,1.5823738057751708,1.6416711388858287,0.6357256399268827,2.3837920489296636,0.6956384712211805,98.08715596330275,1293.4174311926606
876,286.0,65.45584412271572,0.5841728515414324,0.9407894736842105,21.857940173091492,17.74054412874391,0.9289105491549977,1294.3216783216783,1221.8741258741259,0.8388398256480695,1.2320896143019886,0.18837072531730858,19.08262324195121,0.6285360729805174,0.6553527485173055,0.5987069528510246,0.8009681545528767,1.3221180659531757,2.3566380566051963,2.7787542349268763,0.46457532917814653,1.062937062937063,0.6684828675382398,1221.8741258741259,1294.3216783216783
877,259.0,59.21320343559643,0.5918590272039448,0.955719557195572,20.378516290029893,16.42592973952565,0.05766470543777459,1297.5250965250966,986.3861003861003,0.9282661503314432,1.2406309178952075,0.19395850484159294,18.159544104586082,0.5074002574002574,0.6569747324177705,0.9983378515338428,0.05763275279553131,0.6947678073003405,0.8089379361503763,1.3290158940301553,1.059052170995484,0.8133848133848134,0.8788019461680675,986.3861003861003,1297.5250965250966
878,105.0,36.62741699796952,0.6334020404384406,0.9459459459459459,13.224535269141054,10.233448016111884,-0.7808684399747019,1294.247619047619,1807.1238095238095,0.9835276581034964,1.292285381068033,0.22617711640943305,11.562445770562215,0.9295904369978444,0.6553152501506933,0.7103025140468202,-0.7038965396553437,1.1014235662263225,1.4879858577223515,1.9141544572247704,0.6661391020878166,3.5682539682539685,0.7967265239104545,1807.1238095238095,1294.247619047619
879,510.0,90.08326112068522,0.8143057018148672,0.9479553903345725,34.059954893638725,19.769632014738143,-0.4926428098404946,1309.7823529411764,1288.1019607843136,0.7897540115665281,1.7228421281816086,0.41956376406034357,25.482389366284572,0.6626038892923424,0.663180938198064,0.8810860040291547,-0.4729560798889644,0.9672718820642306,1.0053106162243894,1.3083630064909366,0.9143705665423928,0.4908496732026144,0.9021040436523808,1288.1019607843136,1309.7823529411764
880,179.0,49.45584412271571,0.6283142570799675,0.9421052631578948,17.208695715992032,13.387670645346835,1.505614876239434,1301.4804469273743,968.8603351955308,0.9196607616427849,1.2854137341639245,0.2220403645753536,15.09668435477122,0.49838494608823597,0.6589774414822148,0.06513530514060632,0.9978764412612616,0.8089379361503763,0.824278322860346,1.4110547720250126,0.98545759211831,1.9664804469273742,0.862424947155923,968.8603351955308,1301.4804469273743
881,351.0,69.59797974644665,0.5796709012021592,0.9564032697547684,23.4779036089119,19.130985945477416,0.37653209644418273,1308.0569800569801,1786.931623931624,0.9105917554116104,1.227218695148438,0.1851493104258446,21.14017691983778,0.919203510252893,0.6623073316744204,0.9299453651933026,0.36769772606788714,0.8621360406598962,1.077479185879726,1.1014235662263225,0.9865050084650125,0.5650522317188984,0.7725962121434939,1786.931623931624,1308.0569800569801
882,514.0,92.52691193458118,0.7864696298644651,0.9129662522202486,33.64934966896594,20.78281254298302,1.4920131316173149,1309.7976653696498,938.3385214007782,0.7544610907780237,1.6190950863542817,0.38237104884821727,25.582125126616702,0.48268442458887767,0.663188691326405,0.07870172198385918,0.9968982089244495,1.359998049751653,1.4166872225348979,1.42434326081532,0.7141108365157712,0.6303501945525292,0.8670658789022271,938.3385214007782,1309.7976653696498
883,282.0,69.11269837220809,0.8239495343306913,0.8924050632911392,26.25814184765618,14.879522283277616,1.1831055334271017,1311.2836879432625,1245.8439716312057,0.7418964164942026,1.7647167259641428,0.4333368153159789,18.948708441878455,0.6408662405510317,0.6639411078193734,0.37805159722151993,0.9257845266789987,1.055627134325441,1.3221180659531757,1.6615700779893314,0.7427001343867357,0.7695035460992907,0.9041288584924545,1245.8439716312057,1311.2836879432625
884,254.0,68.62741699796952,0.9362189281819943,0.9584905660377359,30.729663991967193,10.798935540103512,1.4872469646153736,1310.3149606299212,394.86614173228344,0.6777168354066126,2.8456197259301943,0.6485827003208893,17.983404693292407,0.20312044327792358,0.6634506129771753,0.08345219343638088,0.9965117818724758,1.0284021532146823,1.7278668712963616,2.2633540997284753,0.59765443057132,1.1023622047244095,0.6816191066163673,394.86614173228344,1310.3149606299212
885,235.0,58.94112549695428,0.7897025603425722,0.9475806451612904,22.29498187685099,13.677746361785013,-0.770047144816766,1315.4468085106382,64.68936170212766,0.8500429644030033,1.6300186658777451,0.3865100928390215,17.297725082009,0.03327642062866649,0.6660490169674118,0.7178778496448598,-0.6961690836206905,0.4926226516377833,1.1096404740950425,1.3014648118566836,1.0331546427488,1.4028368794326243,0.745333832463869,64.68936170212766,1315.4468085106382
886,429.0,77.25483399593904,0.6236936196786181,0.9533333333333334,26.51706736334039,20.727566869410097,-0.9470696858072584,1318.7459207459208,256.6340326340326,0.9032663446491628,1.2793140425215312,0.21833110029106106,23.371344948277684,0.13201339127265052,0.6677194535422384,0.5840641516716846,-0.8117075007242667,0.9288860340015233,1.0451964977552353,1.283940290615116,0.9208038628213073,0.7723387723387722,0.7942944158571624,256.6340326340326,1318.7459207459208
887,265.0,70.91168824543142,0.9363992909376091,0.9233449477351916,31.712612779645664,11.129110664406232,-0.6833190632462242,1319.7094339622643,74.76603773584905,0.6622471345511903,2.8495190438774936,0.6490635842042851,18.36868202552426,0.03845989595465486,0.6682073083353237,0.7754814358303176,-0.6313703688664435,0.4926226516377833,1.2056495176704347,1.5823738057751708,0.9144540504477153,1.0654088050314465,0.7393729653702391,74.76603773584905,1319.7094339622643
888,296.0,66.52691193458118,0.8271658736774672,0.9456869009584664,26.078790615603033,14.655180925042295,-0.34084958517265407,1319.2668918918919,1267.8885135135135,0.8404402546283868,1.7794929144163922,0.438042156898409,19.413369239820483,0.6522060254699144,0.6679832364009579,0.9424709996359105,-0.3342879220750992,0.7667819144377094,1.0053106162243894,1.055627134325441,1.0609255355633773,0.9695945945945946,0.854918974420546,1267.8885135135135,1319.2668918918919
889,506.0,93.01219330881975,0.8785096283129699,0.9318600368324125,36.9901897224108,17.671125118933187,0.15692960870353054,1326.0454545454545,237.33794466403162,0.7349886114198226,2.0932560588787177,0.5222753586411859,25.38226171238474,0.12208742009466647,0.6714154200230149,0.9877117984004259,0.15628628634847178,0.9098982919969908,0.9288860340015233,1.3187597337725572,0.9501055070685241,0.7463768115942029,0.8700058813381736,237.33794466403162,1326.0454545454545
890,253.0,62.384776310850235,0.8401565786698496,0.9547169811320755,24.78915771503676,13.444248871698502,0.055372203769907195,1321.3833992094862,1318.5256916996047,0.8169079843100728,1.8438484701975755,0.45765608391190293,17.94796937867892,0.6782539566355992,0.6690548856756893,0.9984673511869842,0.055343912164280314,0.7137684737435621,1.1847817246261287,1.3411202620477236,0.9260201111978117,1.3781291172595522,0.8255342056722611,1318.5256916996047,1321.3833992094862
891,330.0,73.11269837220809,0.8211943694134372,0.9295774647887324,27.839688005531272,15.886678569177752,-1.041360918928551,1320.2454545454545,36.18484848484849,0.7757792843862271,1.7523919732060251,0.4293514149288835,20.49802550887777,0.018613605187679263,0.6684787111622554,0.5050461265728701,-0.8630923531313092,0.9640224731520466,1.0037478314595263,1.1914505550855523,0.9496012255020404,1.1222222222222222,0.7676873420286391,36.18484848484849,1320.2454545454545
892,386.0,76.31980515339464,0.7252138128794071,0.9437652811735942,26.973904783995675,18.57217351173693,-0.6206895811140746,1325.139896373057,1303.1243523316061,0.8327653811278488,1.4523827686053632,0.3114762708454325,22.16913314200113,0.6703314569607027,0.6709569095559782,0.8134775923123747,-0.5815962575581637,0.7137684737435621,0.9672718820642306,1.0219764772072804,1.1098710016739548,0.9827288428324698,0.8274690038068377,1303.1243523316061,1325.139896373057
893,169.0,48.970562748477136,0.8395981641868986,0.9548022598870056,20.03412330826996,10.882695896002888,1.4814437211585882,1319.680473372781,966.8816568047338,0.8855771029190322,1.840915477168512,0.4567920078883323,14.668929172241665,0.49736710740984247,0.6681926447457119,0.08923375622227143,0.9960107111625177,0.7556837851578591,0.824278322860346,1.3290158940301553,1.0312900262179865,1.564102564102564,0.8425528248665946,966.8816568047338,1319.680473372781
894,275.0,60.52691193458118,0.7567348116766036,0.9786476868327402,23.162951532242722,15.142130496875131,-0.6109806565939304,1325.7345454545455,1751.5163636363636,0.9432906377652749,1.5297022791490829,0.346278021788486,18.712051592547777,0.9009857837635615,0.671257997698504,0.819085837560792,-0.5736709777453762,1.0703892090563112,1.1776050717563533,1.6299425786901356,0.7736072320642778,0.7381818181818182,0.7438874707100297,1751.5163636363636,1325.7345454545455
895,224.0,58.384776310850235,0.8398152583210308,0.9411764705882353,23.375408003418087,12.689861458542518,1.5539778612074455,1324.3660714285713,15.174107142857142,0.8257691254587951,1.8420538380016993,0.45712770204109665,16.88803298257901,0.007805610670194003,0.6705650994575044,0.0168176727179358,0.9998585729413697,0.7866861043870538,0.9640224731520466,1.9218234422114275,0.8168751106501687,1.8110119047619049,0.7510240616711163,15.174107142857142,1324.3660714285713
896,416.0,81.35533905932738,0.8130735268257755,0.9369369369369369,30.802302688874498,17.931899601640367,0.5935228458806887,1333.6610576923076,647.2475961538462,0.789825363168531,1.717737851156426,0.41783899136485014,23.014509567006368,0.33294629431782213,0.6752714216163583,0.8289755528507656,0.5592848404666153,1.5024452266570032,1.722914578421231,2.2406319620642434,0.548848247089173,0.9222756410256411,0.6796292146632835,647.2475961538462,1333.6610576923076
897,392.0,116.81118318204308,0.9679348800361343,0.7424242424242424,51.614187906897534,12.965548520756261,-1.2328138339269292,1330.1020408163265,383.4566326530612,0.3610165280212563,3.980871910221887,0.7487987499843315,22.34076770248023,0.19725135424540186,0.673469387755102,0.3315844004677935,-0.9434255589957344,1.0284021532146823,1.2976408370896368,1.986095767742224,0.6957104509686605,0.3877551020408163,0.7989962900219162,383.4566326530612,1330.1020408163265
898,394.0,78.76955262170047,0.7916754618409176,0.9493975903614458,28.90534419493172,17.659484907697774,0.05208269277402432,1338.3197969543148,55.51269035532995,0.7979750784541897,1.6368169482866328,0.38905813441950987,22.397686948112614,0.028555910676610056,0.6776302769388935,0.9986440031221542,0.052059149322275795,1.1096404740950425,1.1914505550855523,1.2056495176704347,0.8554952839878415,0.7021996615905246,0.762689794446807,55.51269035532995,1338.3197969543148
899,207.0,53.45584412271571,0.6910324920581571,0.971830985915493,19.428541888686468,14.04341044808701,-1.0591098703623358,1332.9565217391305,311.2657004830918,0.9103110733842567,1.3834632235884707,0.277176304400656,16.23454913941803,0.16011610107154928,0.6749146945514585,0.48964839755321543,-0.8719199772763372,0.936026666733676,1.8497603539428122,2.541624370964767,0.5631252740696955,1.4766505636070855,0.9243689346028265,311.2657004830918,1332.9565217391305
900,355.0,81.01219330881976,0.9027686910370818,0.9056122448979592,32.97661499748529,14.184111562451115,-0.9303854631844795,1335.6845070422535,961.825352112676,0.6797315626255555,2.324898168792089,0.5698736342849999,21.260292528114064,0.49476612762997735,0.6762959529327865,0.5975249429061509,-0.8018503243155802,0.6094041349481659,0.7556837851578591,1.5722620868705839,1.0213287462762655,0.45727699530516436,0.9086484843319456,961.825352112676,1335.6845070422535
901,40.0,25.899494936611667,0.9390901841497632,0.8695652173913043,12.312398350956679,4.231411921257399,-1.1170678137707917,1329.975,1777.325,0.7493544061740923,2.9097612286581516,0.6563291894362225,7.136496464611085,0.9142618312757201,0.6734050632911392,0.4383198316805846,-0.8988190725365723,0.5476356578475877,1.0428951451667028,1.077479185879726,1.12443357127145,6.183333333333334,0.8299441370046661,1777.325,1329.975
902,127.0,46.52691193458118,0.8568785593015754,0.9071428571428571,18.30450283668937,9.436306486069602,-0.5371720133113306,1337.8267716535433,1786.6141732283465,0.7372336124337556,1.939795285762654,0.4844816835366017,12.716187407449045,0.9190402125660219,0.6773806438752118,0.8591592194023235,-0.5117083502504041,0.5476356578475877,0.800385857111234,1.340450495762228,1.1158754816998813,1.7191601049868768,0.8339844015847784,1786.6141732283465,1337.8267716535433
903,493.0,95.49747468305833,0.8867381413130756,0.928436911487759,37.71757030624895,17.435779384004515,1.3156437178129412,1339.1866125760648,24.427991886409735,0.6793178221729324,2.163228237497134,0.5377279277950786,25.05408341078227,0.012565839447741634,0.6780691709245897,0.2523930798069006,0.9676247895055126,0.7866861043870538,1.0037478314595263,1.400121560190947,0.9402751350746961,0.640973630831643,0.799841162766404,24.427991886409735,1339.1866125760648
904,218.0,58.90559159102155,0.7469169251149438,0.923728813559322,20.862801011450024,13.872038748760774,-0.011805684209986416,1341.1926605504586,250.71559633027522,0.7895021438698527,1.5039462756196347,0.335082631467009,16.66031874701878,0.12896892815343375,0.6790848914179537,0.999930313719545,-0.011805409977305444,0.9098982919969908,0.982944170874915,1.0451964977552353,1.021089250416078,1.896024464831804,0.8451917976997773,250.71559633027522,1341.1926605504586
905,69.0,28.97056274847714,0.680082552367784,0.9452054794520548,10.997084401847506,8.06235342602783,1.1536590462815335,1335.1739130434783,1273.9710144927535,1.0331064952009072,1.3640042579063125,0.26686445866748487,9.373021315815206,0.65533488399833,0.6760374243258118,0.40514486829683155,0.9142525010590581,0.7667819144377094,1.3083630064909366,1.3881898971033657,0.866217145503912,5.758454106280193,0.820986549107588,1273.9710144927535,1335.1739130434783
906,305.0,65.35533905932738,0.7698066995847012,0.9591194968553459,24.69974730615721,15.76528286634398,0.4247079392865968,1345.4491803278688,272.127868852459,0.8973204370303465,1.5667176742439992,0.3617229087030387,19.706294962377495,0.13998347163192337,0.68124009130525,0.9111591167984328,0.412054685539553,0.982944170874915,1.109034125684745,1.3900319323142154,0.8615712771671657,0.9934426229508196,0.8747126948719246,272.127868852459,1345.4491803278688
907,285.0,68.2842712474619,0.8237393481205004,0.9344262295081968,26.03198288845534,14.759319027866045,1.1411163588221975,1344.5754385964913,1330.957894736842,0.7680922203450222,1.763765851209406,0.433031318009528,19.04923279949934,0.6846491228070175,0.6807976904286032,0.4165798829345034,0.9090991151322696,1.1847817246261287,1.1897800827745124,1.5284831646767487,0.7686306515713177,1.1859649122807017,0.8418061269939446,1330.957894736842,1344.5754385964913
908,375.0,73.35533905932738,0.6232709190835408,0.9493670886075949,25.044376243194467,19.584852126363856,-0.9033035327277257,1347.7813333333334,1304.728,0.875745015543912,1.2787625906800366,0.2179940144572048,21.850968611841584,0.6711563786008231,0.6824209282700422,0.6190188349812185,-0.7853761404183953,1.0219764772072804,1.1897800827745124,1.3411202620477236,0.8443861552977523,0.8213333333333334,0.805921861927648,1304.728,1347.7813333333334
909,302.0,66.87005768508881,0.6467709101522157,0.934984520123839,23.03553448165455,17.568841220891947,1.4485818689803551,1349.4370860927152,1749.682119205298,0.8486984544585412,1.3111584419273992,0.23731566832609274,19.60913925979463,0.9000422423895565,0.6832592840975773,0.12191044481041872,0.992541104159483,0.7274235249215568,1.0703892090563112,1.2670666583841,0.978831339163409,0.8896247240618103,0.8063024108104543,1749.682119205298,1349.4370860927152
910,264.0,62.76955262170047,0.783079633011603,0.946236559139785,23.47101799899906,14.597129516576882,-0.15833418119069917,1353.1363636363637,1777.5795454545455,0.8420070431686324,1.6079201032192498,0.378078551292518,18.333991376950163,0.9143927702955481,0.6851323360184121,0.9874913087641296,-0.15767344454697002,0.800385857111234,1.0428951451667028,1.2670666583841,0.9645224030555644,0.5921717171717172,0.778428824355463,1777.5795454545455,1353.1363636363637
911,139.0,43.55634918610404,0.6638173068361324,0.9586206896551724,15.493578228315686,11.587566085679617,-0.3630877706670214,1349.2158273381294,962.136690647482,0.9207075884340196,1.3370865040815842,0.25210523257290796,13.303394180365686,0.49492628119726445,0.6831472543484199,0.9348046217922046,-0.3551623840948437,0.6094041349481659,1.027833910144135,1.3468705653421937,1.0053253388666679,2.498800959232614,0.7450967955476736,962.136690647482,1349.2158273381294
912,811.0,121.63961030678928,0.8855590851372476,0.9321839080459771,48.121071354209825,22.35352515541059,0.4613478907983632,1364.7558569667078,47.33908754623921,0.688780237692227,2.152728530272206,0.5354732443325991,32.13405157741889,0.02435138248263334,0.6910156237806115,0.8954532901601217,0.4451554842315356,1.2458678413319184,1.454646003817075,1.5457981284265394,0.7064954291320951,0.40896013152486643,0.8033894095903943,47.33908754623921,1364.7558569667078
913,267.0,72.76955262170047,0.8772071692386259,0.839622641509434,28.434510053447635,13.651750962289315,0.5155663614994148,1358.625468164794,1736.3932584269662,0.6336095514974557,2.0828471111136753,0.5198879482492063,18.437867513470433,0.8932064086558468,0.6879116294505286,0.8700136299574941,0.49302767030683425,0.720707261495229,0.7274235249215568,1.4564120858288785,1.0328647680385357,0.6966292134831461,0.8950712380130006,1736.3932584269662,1358.625468164794
914,409.0,83.74011537017762,0.9064316582739154,0.9533799533799534,35.155883753200946,14.848176001451536,0.8954180545805421,1357.1418092909535,1599.6894865525671,0.7329360144508885,2.3676903984546085,0.5776474826891641,22.820056393372074,0.8228855383500859,0.6871604097675714,0.625192591759587,0.7804705139907148,1.5572481166478858,3.2010259402179053,3.5524463176775267,0.36097953784961184,0.8638956805215974,0.8093275166722153,1599.6894865525671,1357.1418092909535
915,183.0,48.62741699796952,0.5934091076647793,0.9481865284974094,17.016281397942297,13.696422031234231,-1.2677519424627355,1353.5409836065573,308.3551912568306,0.9725200221289705,1.2423888048380254,0.19509899308021095,15.26443044094783,0.15861892554363716,0.6853372068893961,0.2984272441277614,-0.9544323862706616,0.936026666733676,1.6713158854340346,2.277725247404884,0.614116348653846,1.4098360655737705,0.9130003688371205,308.3551912568306,1353.5409836065573
916,125.0,44.79898987322333,0.8699420880745766,0.9191176470588235,18.13329748348084,8.942506269250662,1.1527340078902304,1358.88,381.888,0.7826785535740515,2.0277645815953473,0.5068461057677374,12.6156626101008,0.19644444444444442,0.688040506329114,0.40599041349862863,0.9138773353942051,1.166923865820053,1.2976408370896368,2.2633540997284753,0.6345286637168998,1.928,0.6584422815043177,381.888,1358.88
917,518.0,98.5685424949238,0.907654295041699,0.9384057971014492,40.34660662282454,16.934220165352805,-0.7716954734916919,1371.2027027027027,955.996138996139,0.6699817210984332,2.382548840682559,0.5802814267960537,25.68147355921802,0.4917675612120057,0.6942798494697229,0.716729359469039,-0.6973514359884125,1.027833910144135,1.620588237170011,2.050697218450594,0.6384174919786861,0.682110682110682,0.7980183012074747,955.996138996139,1371.2027027027027
918,262.0,59.4558441227157,0.3069646364579167,0.9424460431654677,18.823169291924454,17.914404019546012,1.4318181577699283,1366.5839694656488,259.4770992366412,0.9313695960967583,1.0507281889694409,0.04827907873985504,18.26441241104166,0.13347587409292244,0.6919412503623539,0.13853120859225118,0.9903580687034211,0.7483129036659047,1.0199620790094672,1.109034125684745,1.0426408449767879,0.7862595419847328,0.8536937459528987,259.4770992366412,1366.5839694656488
919,330.0,71.94112549695429,0.8636492767023434,0.953757225433526,29.041854785588036,14.639800722516782,0.2695180440536609,1371.1575757575758,639.6121212121212,0.8012524085672854,1.9837602530285907,0.49590682721195367,20.49802550887777,0.32901858087043273,0.6942570003835827,0.9638993372298125,0.26626691061400826,0.5973768607708806,1.323923569974432,1.5285392479439834,0.8696056279171198,1.2333333333333334,0.7654697574242334,639.6121212121212,1371.1575757575758
920,237.0,60.04163056034261,0.8525048492226694,0.9556451612903226,24.074705318592112,12.58431346784361,1.3163246840926064,1363.9409282700421,1238.57805907173,0.8261392464023359,1.913072602658033,0.4772806852125764,17.371176474327626,0.6371286312097376,0.6906030016557175,0.25173410148556885,0.967796436317707,1.6774699063846585,2.053539672306123,2.3933376847029812,0.4898481211102278,0.7243319268635724,0.8998483961866558,1238.57805907173,1363.9409282700421
921,205.0,54.2842712474619,0.8368111718183885,0.9579439252336449,21.840353080919993,11.957410065248489,1.343842193650765,1364.4439024390244,1363.458536585366,0.8742098615598215,1.8265120090172406,0.4525083902743938,16.15593100600236,0.701367559971896,0.690857672121025,0.2250108124118382,0.9743562666179987,1.71510661025328,2.7486862072734897,2.802098731843193,0.41288807844374376,1.4845528455284551,0.8202484067330023,1363.458536585366,1364.4439024390244
922,170.0,50.97056274847714,0.8788034741829813,0.9659090909090909,21.39982979696947,10.21165377869969,-1.2674770532984792,1366.3235294117646,600.0941176470589,0.8222803808845689,2.095628216617273,0.5228161216429016,14.712264360219255,0.3086903897361414,0.6918093819806403,0.2986895959702724,-0.9543503157955759,1.3945457579885692,1.4851328027093893,1.4897709156335683,0.6865853504544284,1.588235294117647,0.752529914736472,600.0941176470589,1366.3235294117646
923,373.0,98.66904755831213,0.968008796461755,0.8270509977827051,46.17380604400703,11.585758763037711,0.3620450147163897,1380.3619302949062,630.0563002680965,0.48145624438064594,3.9853933599339464,0.7490837391226612,21.792621462004423,0.32410303511733357,0.698917433060712,0.9351744611893745,0.35418741809833243,0.5973768607708806,0.7265780295537497,1.3780412600954028,1.110290256902713,0.6854334226988382,0.8591286361320184,630.0563002680965,1380.3619302949062
924,77.0,32.14213562373095,0.7789482891752392,0.9166666666666666,12.524836535175389,7.854176720899629,0.6244601273190753,1367.909090909091,406.1818181818182,0.9365934810850846,1.594672106351686,0.3729118381033111,9.901487006738307,0.20894126449682004,0.6926121979286537,0.8112788793405467,0.5846593708613134,1.166923865820053,1.986095767742224,2.642731246197401,0.5176205917471034,3.3376623376623376,0.6071373056673068,406.1818181818182,1367.909090909091
925,104.0,36.142135623730944,0.6650976973715681,0.9541284403669725,13.351294678495211,9.97016414165463,0.7745445806105598,1371.4807692307693,1726.8557692307693,1.0004965163477832,1.3391248618179175,0.2532436455234961,11.507254783503184,0.8883002928141818,0.6944206426484908,0.7147396242248355,0.6993906416037756,0.720707261495229,0.7649730983184245,1.1956008593281793,1.1188680913373854,1.7788461538461537,0.7759142846794576,1726.8557692307693,1371.4807692307693
926,385.0,78.42640687119285,0.8800083560181862,0.9600997506234414,32.15881015147718,15.274090637547213,-1.033335523261587,1376.8727272727272,1571.283116883117,0.7865855379250533,2.1054484299329386,0.5250417983251904,22.140398025397776,0.8082732082732083,0.6971507479861909,0.5119564456904568,-0.8590114072094703,1.5572481166478858,1.644608188937011,3.215291062761903,0.4674974451728801,0.8545454545454545,0.7634631762597007,1571.283116883117,1376.8727272727272
927,136.0,44.62741699796952,0.8278593883368519,0.9379310344827586,17.734771948367104,9.948066299988223,0.03909109085338834,1376.3014705882354,1700.7426470588234,0.8581145593082397,1.7827356004239838,0.43906432352493974,13.159049284959082,0.8748676167998063,0.696861504095309,0.999236040600095,0.039081135677528585,0.5423121583138467,0.5455914887239319,1.1956008593281793,1.3137701246643458,1.0098039215686274,0.9352863390855181,1700.7426470588234,1376.3014705882354
928,156.0,44.970562748477136,0.6182324568977636,0.9512195121951219,15.921243991067097,12.514023125548865,-1.085599244538508,1374.826923076923,1688.7884615384614,0.9693437576760936,1.2722722206387798,0.21400468879378487,14.093451279891855,0.8687183444127888,0.6961148977604674,0.4663827041285884,-0.884583050532682,0.5423121583138467,1.0824993657249005,1.720575817945701,0.8967571444867226,0.8376068376068375,0.8982099396295667,1688.7884615384614,1374.826923076923
929,152.0,47.79898987322333,0.8734718497333662,0.9325153374233128,20.031446753218358,9.752803686845192,-0.18062691855157537,1380.1381578947369,1712.2368421052631,0.8360187432326773,2.053916739884474,0.5131253470107817,13.911592676604096,0.8807802685726662,0.6988041305796137,0.9837312624961148,-0.17964632806656566,0.5455914887239319,0.7649730983184245,1.0824993657249005,1.2536229951276072,0.868421052631579,0.9426516111107056,1712.2368421052631,1380.1381578947369
930,224.0,58.627416997969526,0.705416547565071,0.9032258064516129,20.427622825318913,14.478955742040904,0.615288287669794,1383.15625,260.73660714285717,0.8189480654984084,1.4108491792681939,0.2912070158209973,16.88803298257901,0.134123769106408,0.7003322784810126,0.8166070829342386,0.577193964020444,0.4969119782930644,0.7483129036659047,1.0857679244590477,1.287005258763553,1.293154761904762,0.8559977684332228,260.73660714285717,1383.15625
931,382.0,71.35533905932738,0.4768100877788702,0.9573934837092731,23.542180066782876,20.69372546156216,-0.12265395026889084,1391.3952879581152,618.2801047120419,0.9428015301318677,1.1376482262950485,0.12099366316714988,22.05396803500069,0.318045321353931,0.7045039432699317,0.9924874295841566,-0.12234664734856414,0.6598443544475392,0.7265780295537497,1.323923569974432,1.106869769004726,0.6614310645724258,0.7053468742149445,618.2801047120419,1391.3952879581152
932,89.0,36.384776310850235,0.792659015967539,0.9175257731958762,14.046607354694995,8.563728008400872,0.833752239876252,1387.4044943820224,250.5505617977528,0.844812735329941,1.6402444520558699,0.3903347767787859,10.645107772184812,0.12888403384658065,0.7024832882946949,0.6721021201670501,0.7404584661322715,0.4969119782930644,0.6530788082214136,1.0199620790094672,1.3825185088873513,3.760299625468165,0.8473762118227119,250.5505617977528,1387.4044943820224
933,314.0,69.14823227814084,0.7597143629128106,0.9317507418397626,24.938197951754812,16.216236265556127,-0.6754369043837951,1393.1464968152866,568.4203821656051,0.8252344464346039,1.5378536389929425,0.349743060948995,19.994929783493642,0.29239731592880924,0.7053906312988792,0.7804338562512387,-0.6252383513643585,0.7364845545757589,1.097716216985665,1.207389593294469,0.9863261123731686,0.4118895966029724,0.9156761071295089,568.4203821656051,1393.1464968152866
934,518.0,90.66904755831214,0.4542662369342891,0.9266547406082289,28.134099737168416,25.063712202082257,-0.3225828728015019,1400.1505791505792,243.62741312741312,0.7918109738729694,1.12250330319509,0.10913402468072653,25.68147355921802,0.12532274337829893,0.7089370021015591,0.9484197672890982,-0.3170172629610141,0.6530788082214136,1.0857679244590477,1.6713363032267843,0.8797181759488402,0.37001287001287,0.8650434656417025,243.62741312741312,1400.1505791505792
935,304.0,65.11269837220809,0.720564936050505,0.9589905362776026,23.78067080830221,16.48921898458407,-1.2886636009060626,1396.3223684210527,1540.3651315789473,0.9010565759281008,1.4421950991453865,0.30661253765695196,19.67396303746374,0.7923688948451375,0.7069986675549634,0.27840468631985854,-0.9604638622223853,1.5736823298625728,1.644608188937011,2.5528587803281497,0.5198271339910454,0.8914473684210527,0.7038690207512808,1540.3651315789473,1396.3223684210527
936,566.0,94.66904755831213,0.8085474808690614,0.9324546952224053,35.382919064047506,20.820404325733765,-0.08380124953963561,1407.012367491166,927.851590106007,0.7936157525628492,1.6994347713178006,0.4115690599736491,26.844991754889815,0.4772899126059707,0.7124113253119828,0.9964907297070358,-0.08370319950837783,2.050697218450594,2.0637972674739453,2.8249617108712837,0.4323105319672166,0.5965842167255595,0.8011883692563903,927.851590106007,1407.012367491166
937,108.0,38.14213562373095,0.6209739147972702,0.9391304347826087,13.455697646439516,10.546996036871633,0.6961664457227149,1394.8425925925926,59.111111111111114,0.9328753281440607,1.275784839531488,0.21616876998849244,11.726460285670077,0.03040695016003658,0.706249413970933,0.7673062045994333,0.6412808966304957,1.454646003817075,2.5500708562263075,2.6412590794534094,0.45140097215385777,4.709876543209877,0.7383240928852336,59.111111111111114,1394.8425925925926
938,466.0,81.94112549695427,0.7226439325677153,0.9588477366255144,29.494076645347796,20.386909703981413,0.7072351845549418,1402.6609442060085,652.2639484978541,0.8721514977601864,1.4467164015342562,0.30877952379644635,24.35835848013133,0.33552672247832005,0.7102080730157005,0.7601611752374102,0.6497345516914421,0.7185120695598719,1.41697189665416,1.5285392479439834,0.8187721050477552,0.7603719599427754,0.5820163496486541,652.2639484978541,1402.6609442060085
939,273.0,67.01219330881976,0.8830469557621162,0.9479166666666666,27.442744248062112,12.878458372002864,0.6452459399741218,1402.5934065934066,1429.021978021978,0.7639498427059238,2.1309028965548618,0.5307153593827525,18.643883600599406,0.7350936100936101,0.7101738767561553,0.7989518840486692,0.6013949509058767,2.2376617238753,2.684742110539721,2.937995747250379,0.38165998672606716,0.7997557997557998,0.8285104360314196,1429.021978021978,1402.5934065934066
940,228.0,54.04163056034262,0.45668158073131676,0.9702127659574468,18.17340866466669,16.16761360450591,0.12598334538921893,1400.0219298245613,1743.328947368421,0.981042501415579,1.124062530762225,0.11036977691810301,17.03815178355966,0.896774149880875,0.7088718632023095,0.9920745892131257,0.12565034595100708,0.8508867131050819,1.0317261554808936,1.2989086051182994,0.9429450735427765,1.2309941520467838,0.6636900548121817,1743.328947368421,1400.0219298245613
941,582.0,115.39696961967,0.9513485760870171,0.8953846153846153,50.55074043778282,15.575526174381354,-1.0316982903233647,1407.4914089347078,540.9845360824743,0.549217086932494,3.2455237705502844,0.69188332278631,27.221781995965376,0.2782842263798736,0.7126538779416242,0.5133621606747455,-0.8581720643247231,1.1220918781767564,1.2121118711070475,1.3939488609951416,0.8046880891433079,0.41809851088201605,0.7530787700945095,540.9845360824743,1407.4914089347078
942,55.0,28.798989873223327,0.8183727870534501,0.8870967741935484,11.2229476339802,6.449690244979051,-0.2328613219390069,1398.8363636363636,605.6545454545454,0.8333319696969023,1.7400754466800992,0.4253122748741117,8.368283871884005,0.31155069210624764,0.708271576524741,0.9730100930256486,-0.23076255950699337,0.6598443544475392,0.8030762592631487,1.3780412600954028,1.0559803803283159,5.484848484848485,0.8112230531555832,605.6545454545454,1398.8363636363636
943,164.0,47.21320343559643,0.7137926966762743,0.9371428571428572,17.290432197581215,12.109475947474067,0.5752650973971297,1400.2682926829268,1246.8475609756097,0.9245422768648575,1.42784314305425,0.2996429580766593,14.450303987687134,0.641382490213791,0.7089966038900896,0.8390481037470606,0.5440572392666618,0.9062318296408827,1.6774699063846585,2.468614914860046,0.5937870104547287,1.274390243902439,0.7913177831789145,1246.8475609756097,1400.2682926829268
944,288.0,77.59797974644665,0.9440036788116217,0.9028213166144201,34.345342487192944,11.331727979673735,1.1345971214065638,1408.982638888889,456.34722222222223,0.6010374351973757,3.0309007195372,0.6700650755222712,19.149229459268767,0.23474651348879744,0.7134089310829818,0.4224976215334744,0.9063640327145362,1.496579653696272,2.5665735278052084,2.6194400739027026,0.4489275174085918,1.386574074074074,0.7742491542151141,456.34722222222223,1408.982638888889
945,502.0,96.42640687119285,0.6818524132160013,0.8791593695271454,31.040678492582774,22.705938834344717,0.771870912225255,1419.1772908366534,1764.9003984063745,0.678455883845184,1.3670731132962903,0.26851022796520563,25.281737508665255,0.9078705753119211,0.7185707801704574,0.7166070059868719,0.6974771673470977,1.101251656269214,1.2989086051182994,1.3243820237038737,0.8054681006061906,0.5517928286852589,0.8670115951348571,1764.9003984063745,1419.1772908366534
946,150.0,43.21320343559643,0.5560459089738174,0.9615384615384616,15.176849077000318,12.614262073126202,0.6042504718427236,1408.3066666666666,590.54,1.009411384954236,1.2031499733411697,0.1688484210966804,13.81976597885342,0.303775720164609,0.7130666666666666,0.8229281697456844,0.5681454280719137,0.7935586471839305,0.8030762592631487,1.0238558301855734,1.1448237378068427,0.6511111111111112,0.8569829687103976,590.54,1408.3066666666666
947,139.0,48.970562748477136,0.922175533184905,0.9328859060402684,21.58440822972414,8.348236536571758,0.11496247656864535,1411.568345323741,1263.5035971223022,0.7283740668979022,2.585505110590443,0.6132283800546682,13.303394180365686,0.6499504100423364,0.7147181495310081,0.9933990893043461,0.11470941273189315,0.9062318296408827,2.1898110886938893,2.4203220900204316,0.5438363841870755,1.5635491606714629,0.8567071865012329,1263.5035971223022,1411.568345323741
948,148.0,47.21320343559642,0.6137893171381963,0.9135802469135802,15.92465754605991,12.57203730784854,-0.07344085660511844,1409.4932432432433,567.831081081081,0.8343430303414572,1.2666727878796842,0.21053013093150497,13.727325035155395,0.29209417751084416,0.7136674649332878,0.9973044321761226,-0.07337485646910333,0.45520726298894304,0.7364845545757589,0.8222027085810003,1.4896510025982137,1.5135135135135136,0.7760557286783016,567.831081081081,1409.4932432432433
949,274.0,72.42640687119285,0.9265902776416621,0.8925081433224755,31.300873291777474,11.77139484631691,-0.8217339649480008,1417.4160583941605,1512.4963503649635,0.6563969384001126,2.6590623881392474,0.6239275902436506,18.677998695187732,0.7780331020395903,0.7176790169084357,0.6809524010876504,-0.7323276776504926,1.020071334342064,1.5736823298625728,1.8290009626428372,0.6783102959836573,0.8746958637469586,0.8206613097546888,1512.4963503649635,1417.4160583941605
950,107.0,47.698484809834994,0.9538614241539118,0.9067796610169492,21.661897322168663,6.5039241043614435,0.6254431045222137,1412.9252336448599,1724.392523364486,0.5909959092384159,3.3305888836621707,0.6997527959979126,11.67204486311899,0.8870331910311141,0.7154051815923341,0.8107037806532229,0.585456556914833,0.5386651649080605,1.0317261554808936,1.5744165618353596,0.953953345435559,1.9096573208722742,0.8462265386670671,1724.392523364486,1412.9252336448599
951,360.0,98.8111831820431,0.9736952369447065,0.8910891089108911,45.972831690612324,10.47510773925979,1.0259118794763444,1418.1888888888889,648.5833333333334,0.46334039599803106,4.388769341083735,0.7721456922698365,21.409489393833255,0.333633401920439,0.718070323488045,0.5183192747922394,0.855187189671856,0.7185120695598719,1.82123586870489,1.896456930487244,0.6762537098165984,1.1305555555555555,0.7654697574242334,648.5833333333334,1418.1888888888889
952,233.0,63.698484809834994,0.8837879736952547,0.9031007751937985,26.191485099543048,12.25467142043786,0.6195228128348781,1417.244635193133,1735.549356223176,0.7216183713529452,2.1372653905564465,0.5321123879053478,17.22396045987371,0.8927723025839382,0.7175922203509534,0.814155626509955,0.5806467220454987,0.5386651649080605,0.8508867131050819,1.3243820237038737,1.105406435323277,1.1974248927038627,0.7501647648330595,1735.549356223176,1417.244635193133
953,90.0,35.384776310850235,0.7553578070549763,0.9183673469387755,13.350676106023835,8.748866063015678,-1.0280460221817027,1416.6222222222223,575.0,0.9032739060928332,1.5259893121991563,0.3446874155633075,10.704744696916627,0.2957818930041152,0.7172770745428974,0.516493004316113,-0.8562914086293962,0.45520726298894304,0.7935586471839305,0.8365847434244473,1.4386069771167111,2.096296296296296,0.814471082934387,575.0,1416.6222222222223
954,399.0,79.01219330881976,0.8352802906525189,0.9300699300699301,30.830207917131805,16.951199594583827,0.7391809140911627,1427.624060150376,712.2230576441103,0.8031460439828491,1.818762604092193,0.4501756316354797,22.539356209735228,0.3663698856193983,0.7228476253925954,0.7390206106748439,0.6736828163147557,1.3487394933117962,2.012552338772912,2.4963979634218365,0.5121472977796317,0.670843776106934,0.893714403763974,712.2230576441103,1427.624060150376
955,154.0,53.798989873223334,0.9163018365732882,0.8850574712643678,22.541838968352387,9.027744620677426,-1.1312141618541944,1423.7597402597403,1490.7467532467533,0.6686245859286767,2.4969513334174143,0.5995116177809661,14.002817212590296,0.7668450376783711,0.7208910077264508,0.425561390930586,-0.9049295566778803,0.8143154009182185,1.020071334342064,1.3636182372439638,0.938084845331183,1.6774891774891774,0.8244345535218983,1490.7467532467533,1423.7597402597403
956,268.0,74.94112549695429,0.913882196480738,0.8729641693811075,30.365413993028117,12.327734712655982,-1.5500128452825832,1425.2014925373135,558.5186567164179,0.5996588335074676,2.463178734845273,0.594020528898884,18.47236308621676,0.2873038357594742,0.7216210088796524,0.020781985296404126,-0.9997840312223135,0.8222027085810003,0.8365847434244473,1.1220918781767564,1.0787954613634525,1.0199004975124377,0.7622780077889281,558.5186567164179,1425.2014925373135
957,261.0,60.62741699796952,0.6255264808857852,0.9422382671480144,20.813722172647452,16.23892715309147,1.5078136343409974,1426.095785440613,1472.8122605363985,0.8923027674072889,1.281717811554137,0.219797063764404,18.229523339239496,0.7576194755845671,0.7220738154129687,0.06294106054946005,0.9980172457913286,0.8143154009182185,0.898848967093863,1.8290009626428372,0.8469395750777459,0.8531289910600255,0.7498751596956943,1472.8122605363985,1426.095785440613
958,539.0,93.94112549695429,0.865782199572128,0.9506172839506173,37.3221334704616,18.676779564601084,1.4669424519153296,1431.8274582560298,480.49165120593693,0.7675154225350311,1.9983173941400407,0.49957899434171626,26.196872229566885,0.24716648724585233,0.7249759282309012,0.103667287332689,0.994612031667163,1.1879497414798976,1.496579653696272,1.9304822452697208,0.6500525315490099,0.5856524427952999,0.7187564917692288,480.49165120593693,1431.8274582560298
959,370.0,71.94112549695429,0.6987415487597001,0.9635416666666666,25.713370426750192,18.39468183448631,0.504663743348594,1440.7324324324325,1776.4594594594594,0.8983739126360473,1.3978698114007506,0.2846257985942632,21.70480664627101,0.9138165943721499,0.7294847759151557,0.8753371084155966,0.4835131297396401,1.101251656269214,1.5896186108248747,2.123957701058624,0.6230752209306865,0.8108108108108109,0.620792134518757,1776.4594594594594,1440.7324324324325
960,485.0,108.71067811865476,0.9605309487541619,0.8738738738738738,48.69806831055345,13.54649463234985,-0.6058665183461748,1451.1257731958763,215.17938144329898,0.5157119477226517,3.5948833725781366,0.721826858799363,24.849973424463737,0.11068898222391922,0.7347472269346209,0.8220089461308748,-0.569474575798436,1.2286697415125503,1.5374715844640032,1.8850715675574012,0.6449930520640227,0.652233676975945,0.7647047787963893,215.17938144329898,1451.1257731958763
961,321.0,74.42640687119285,0.6168709598758427,0.889196675900277,24.16387032270956,19.018519781033376,-0.2587535600859386,1451.9314641744547,72.60747663551402,0.7282169625092839,1.2705442169483396,0.21293569585334626,20.216574731145414,0.03734952501826853,0.7351551717339011,0.9667096628148903,-0.2558758054610108,1.0716430542908346,1.2906679559160015,2.1513280589280366,0.6646521695796579,1.1370716510903427,0.8302157971935654,72.60747663551402,1451.9314641744547
962,240.0,57.11269837220809,0.7494055057422176,0.96,21.518082027378945,14.247365498251565,0.7636976093422488,1445.8666666666666,1470.0458333333333,0.9246039547582935,1.5103200679465718,0.3378886891441507,17.480774889473267,0.7561964163237311,0.7320843881856539,0.7222836990866779,0.691596889838051,0.898848967093863,1.3636182372439638,2.3008798377363178,0.6574121959912196,0.9569444444444444,0.7391080972453593,1470.0458333333333,1445.8666666666666
963,306.0,71.01219330881976,0.8853298709918014,0.9503105590062112,29.412469216477017,13.675723466513215,0.7885940740503992,1451.1078431372548,915.3366013071895,0.7625449288467918,2.150706636361672,0.5350365395758068,19.738573927438622,0.4708521611662498,0.7347381484239265,0.7048433238023151,0.7093630162979353,0.8388039126125251,1.1229842613536356,2.0637972674739453,0.7452332197740623,1.0337690631808278,0.8725986631024355,915.3366013071895,1451.1078431372548
964,447.0,85.35533905932736,0.8299394115404333,0.9159836065573771,32.77905991881719,18.285914645355053,0.18067672150030165,1457.6107382550335,486.0917225950783,0.7710028856010668,1.7925851976534108,0.4421464590307601,23.85661494212072,0.25004718240487567,0.7380307535468524,0.983722314359262,0.17969532056138052,1.1879497414798976,1.4127564782870898,2.5665735278052084,0.5805762696338485,0.7747949291573453,0.7175940040805503,486.0917225950783,1457.6107382550335
965,251.0,62.04163056034261,0.7227082769125746,0.9365671641791045,21.855134048303228,15.10524584358695,-0.7944485057879159,1454.8087649402391,1241.2390438247012,0.8194400362365054,1.446857222623887,0.3088467995573937,17.876888032555495,0.6384974505271097,0.7366120328811337,0.7006783511730666,-0.7134772934000021,2.1898110886938893,2.468614914860046,3.3001655967786028,0.3769511178177115,0.6069057104913679,0.8374096474897214,1241.2390438247012,1454.8087649402391
966,229.0,59.698484809834994,0.7986654485558692,0.9051383399209486,22.698141367851594,13.659180634811687,1.1458132624872173,1453.5764192139738,727.1834061135371,0.8074557456870154,1.6617498497679486,0.3982247086469466,17.075475271404667,0.3740655381242475,0.7359880603615058,0.4123053526126216,0.9110457157612794,0.7282099966345512,1.2488354650855962,1.3487394933117962,0.9020426878355355,1.4163027656477438,0.8922778365292521,727.1834061135371,1453.5764192139738
967,381.0,70.5269119345812,0.13520602008996688,0.9694656488549618,22.24129465260986,22.037064119632085,0.2906443996356245,1462.1469816272966,94.10498687664042,0.9625539995194354,1.009267592627996,0.009182493023346061,22.025082668269306,0.048407915060000216,0.7403275856340742,0.9580594090599821,0.28656965769536363,1.030440165658025,1.0716430542908346,1.5368375027483043,0.8244202687043984,1.1968503937007875,0.688969608808729,94.10498687664042,1462.1469816272966
968,293.0,75.59797974644665,0.9248434453323829,0.9213836477987422,31.853805374644814,12.115531188482514,-1.0627591091308317,1460.7201365187714,840.7815699658703,0.6442539722260561,2.629171175336188,0.6196519993141445,19.314740138231286,0.43250080759561227,0.7396051324145678,0.48646330012475475,-0.8737010115776065,1.0224294504361584,1.245420638409282,1.570012985308714,0.7816850007503681,0.7292377701934015,0.7807645700477512,840.7815699658703,1460.7201365187714
969,484.0,89.35533905932739,0.8267603680970045,0.9307692307692308,34.05084273880772,19.155446587855433,-1.3812873177064844,1461.0351239669421,863.4876033057851,0.7617530670244158,1.7776063106978657,0.4374457415110027,24.824341676101277,0.4441808658980376,0.7397646197300973,0.18837671707698725,-0.9820968447476536,1.0224294504361584,2.075065231540117,2.215983325402228,0.5646019416724946,0.4283746556473829,0.7033048971916456,863.4876033057851,1461.0351239669421
970,359.0,76.5269119345812,0.8747758767250591,0.9624664879356568,30.91296158098588,14.978188517530812,0.31452303413774035,1470.3286908077994,234.5682451253482,0.770328445511882,2.0638651693296985,0.5154722242224866,21.37973331358283,0.12066267753361533,0.7444702231938225,0.950944042637401,0.3093629385890251,0.7673038352278718,1.2286697415125503,1.614584570430017,0.8308964646784798,1.0,0.7220909510337368,234.5682451253482,1470.3286908077994
971,212.0,58.284271247461895,0.8588026619865772,0.9464285714285714,23.34049810417472,11.957489753596466,-0.4006369516299818,1467.1603773584907,456.20283018867923,0.7842291545092441,1.9519563541465361,0.4876934630860458,16.42944866646031,0.23467223775137822,0.7428660138524004,0.9208127665311642,-0.390004934575479,1.4127564782870898,1.9304822452697208,1.9624191675720488,0.565434119869667,1.680817610062893,0.8215967767061086,456.20283018867923,1467.1603773584907
972,226.0,54.62741699796952,0.609777630766446,0.9617021276595744,19.156775143231727,15.183134052577238,0.8501247238543844,1466.5663716814158,751.6902654867257,0.9516932116117053,1.2617141544620682,0.2074274537830244,16.96325844612841,0.38667194726683424,0.7425652514842612,0.6598894381640105,0.7513627149383889,1.113303384114372,1.2399945193920352,1.2488354650855962,0.8328397904857798,1.6710914454277288,0.8526007381024235,751.6902654867257,1466.5663716814158
973,348.0,68.87005768508881,0.648621151402464,0.9534246575342465,24.187825411906818,18.409630277836797,0.3631775017139508,1469.75,727.169540229885,0.9219942539932018,1.3138680705079853,0.23888857454815338,21.049640414216977,0.37405840546804786,0.7441772151898735,0.9347727489363278,0.35524626366229545,0.7282099966345512,1.113303384114372,1.7407784245344298,0.8374527154866171,0.9683908045977011,0.8625003906419249,727.169540229885,1469.75
974,165.0,66.97056274847714,0.9798978548409386,0.8823529411764706,32.80748121111162,6.545087903480312,-0.10463732382052585,1475.060606060606,1784.709090909091,0.462302148358142,5.012534849786576,0.8005001401551197,14.494292838262302,0.9180602319491209,0.7468661296509398,0.9945305084064393,-0.10444648318076274,1.4235325432421337,1.5896186108248747,2.669520724134558,0.5279206796204166,3.0404040404040407,0.8107776442945415,1784.709090909091,1475.060606060606
975,649.0,125.35533905932736,0.9607836672880254,0.921875,55.903407047654106,15.50195980548076,-1.4382089081582632,1468.8366718027735,127.57627118644068,0.5190018298248726,3.6062154559250827,0.7227009832823548,28.745999104799274,0.06562565390249006,0.7437147705330499,0.13219929154732932,-0.99122315717218,1.5368375027483043,2.0671742236131316,2.2202158907812675,0.5150897590557706,0.539291217257319,0.82939130590036,127.57627118644068,1468.8366718027735
976,375.0,78.76955262170047,0.8101612239166512,0.9168704156479217,29.283912833581255,17.166438297500214,-0.8321154028729305,1472.696,179.296,0.7594940467520842,1.7058816934579606,0.4137928768243483,21.850968611841584,0.09223045267489711,0.7456688607594937,0.673313229082941,-0.7393573530721819,1.4436057610660622,1.8850715675574012,2.093649082198787,0.5532680574176417,1.0888888888888888,0.6873903003277039,179.296,1472.696
977,194.0,53.45584412271571,0.7906668921846715,0.9371980676328503,20.382822080310344,12.479312957629903,1.3538095723705206,1468.6082474226805,908.9484536082474,0.853141778920511,1.6333288659010834,0.3877534274468879,15.716503163191918,0.467566076958975,0.7435991126190787,0.21528801813594448,0.9765505973819776,0.8388039126125251,1.0414926146564847,2.0376453264870795,0.7657081477929367,1.4536082474226804,0.7503450470146643,908.9484536082474,1468.6082474226805
978,189.0,49.4558441227157,0.42001970900411734,0.949748743718593,16.311266662985762,14.802718885479697,0.6442519466715197,1469.6137566137565,932.058201058201,0.9710384578239462,1.1019101821210584,0.09248501717707347,15.512648837479231,0.4794538071287042,0.7441082311968388,0.7995492718123907,0.6006005011189017,1.0414926146564847,1.1229842613536356,1.4615971813806201,0.827341072608635,1.5008818342151677,0.7110461540468526,932.058201058201,1469.6137566137565
979,135.0,52.62741699796952,0.9514537855212977,0.8823529411764706,23.9806438502254,7.3810417130695996,-1.2609287852252056,1471.9185185185186,815.4888888888889,0.6125189404283697,3.2489511348734026,0.6922083594098236,13.110581167104948,0.4194901691815272,0.7452751992498828,0.3049324891578519,-0.9523739691192722,0.9283159387610722,1.245420638409282,1.5194015906319396,0.8123172932317435,1.2493827160493827,0.8113713035838351,815.4888888888889,1471.9185185185186
980,398.0,78.11269837220809,0.6915209668167284,0.9234338747099768,27.056783142804186,19.544640163818226,-1.4885527218295964,1479.7587939698492,79.48994974874371,0.8196900340920308,1.3843582136084922,0.27764361119122294,22.511093682995384,0.04088989184606158,0.7492449589720755,0.08215092021483747,-0.9966199006180116,0.9066678955593429,1.030440165658025,1.118125546548998,0.9819216417278329,0.8107202680067002,0.7922957471927597,79.48994974874371,1479.7587939698492
981,215.0,59.45584412271571,0.856843819520784,0.9307359307359307,23.503918664317062,12.11805767246713,0.19194332537453096,1484.0046511627907,224.4,0.7642918441252021,1.9395780495185473,0.4844239445542161,16.545286401814263,0.1154320987654321,0.7513947600824257,0.9816353667899148,0.19076689090937504,0.7673038352278718,1.0956627071107854,1.174258088074023,0.9877438665418624,1.9550387596899224,0.8129215386334988,224.4,1484.0046511627907
982,383.0,74.52691193458118,0.6655536536949126,0.9503722084367245,25.88948004709614,19.322613633532253,0.8018316027190615,1487.0861618798956,780.1932114882507,0.8665275704076737,1.3398539420240654,0.25364999226009755,22.082815618339236,0.4013339565268779,0.7529550186733649,0.6953916300706415,0.7186309768077743,1.0511895772393658,1.3897454483976575,1.581307393842996,0.7458526083536827,0.8468233246301131,0.8672945540245799,780.1932114882507,1487.0861618798956
983,556.0,91.84062043356596,0.8152812419734295,0.9636048526863085,35.2871360150122,20.433552188624336,0.8143015503861437,1493.4370503597122,757.726618705036,0.8283522146270538,1.7269212758150332,0.42093480808611694,26.60678836073137,0.3897770672351008,0.7561706584099809,0.6863765057845254,0.7272463766200732,1.0511895772393658,1.2399945193920352,1.7407784245344298,0.7440545352918009,0.5737410071942446,0.9134050120041936,757.726618705036,1493.4370503597122
984,525.0,91.84062043356595,0.8135949858162244,0.9325044404973357,34.73892292076943,20.19832228099581,0.35072083189903286,1496.047619047619,201.26666666666668,0.7821671091352579,1.7198915057145403,0.4185679755511419,25.854414729132053,0.10353223593964335,0.7574924653405666,0.9391252971426864,0.3435748481287024,0.9692433878108407,1.174258088074023,1.4436057610660622,0.8363284958690077,0.47555555555555556,0.8188273069312237,201.26666666666668,1496.047619047619
985,351.0,92.32590180780453,0.955384679661159,0.8278301886792453,41.45782979524767,12.245165975774787,0.46954368054987133,1500.923076923077,940.6324786324786,0.5174517543732549,3.385648661460835,0.7046356252545941,21.14017691983778,0.48386444374098697,0.7599610516066212,0.8917748561843821,0.45247939829049083,1.4615971813806201,2.0376453264870795,2.5155196593157076,0.4987728386615226,0.654320987654321,0.8622417218637496,940.6324786324786,1500.923076923077
986,633.0,96.42640687119285,0.4722875420435221,0.9561933534743202,30.756662016394344,27.11029181230455,-0.22669863612919186,1501.6429699842022,1801.826224328594,0.8555031364023932,1.1345013262614465,0.11855545969670422,28.38944578214513,0.9268653417328159,0.7603255544223808,0.9744137244059066,-0.2247618599527285,1.4235325432421337,1.7643767506973802,2.1297743607169926,0.564155409540582,0.9984202211690363,0.5555942206586616,1801.826224328594,1501.6429699842022
987,316.0,74.87005768508881,0.8442666287386331,0.88268156424581,28.407329427717134,15.224151748388646,-0.24743569375741312,1499.5917721518988,76.00316455696202,0.7084033579692302,1.8659384047931484,0.46407662898665913,20.0585068271871,0.03909627806428088,0.7592869732414678,0.96954365491178,-0.2449185603834616,0.8045376345600883,0.9066678955593429,1.8726075648231344,0.8370972259221788,1.1075949367088607,0.82939130590036,76.00316455696202,1499.5917721518988
988,22.0,16.899494936611667,0.6214494949722097,0.9166666666666666,6.235345006293576,4.885107399574991,-0.5959626356005252,1490.9545454545455,823.4090909090909,0.9680217026904682,1.2763987557031102,0.21654577338635428,5.292567428401227,0.42356434717545827,0.7549136939010357,0.8276085495323997,-0.5613056999005779,0.9283159387610722,0.992089332254588,1.570012985308714,0.8594958482595108,9.378787878787879,0.6928703828298022,823.4090909090909,1490.9545454545455
989,271.0,69.4558441227157,0.9021413576798222,0.8827361563517915,29.252320696591124,12.620638095569111,-1.504241667407323,1500.0073800738007,93.86715867158672,0.7059298840896138,2.3178163001806626,0.5685594238326589,18.575465448360347,0.04828557544834708,0.7594974076323042,0.06650553603954698,-0.9977860560641708,0.8045376345600883,1.118125546548998,1.7046846220414296,0.8270505512028276,1.3468634686346863,0.8302157971935654,93.86715867158672,1500.0073800738007
990,282.0,64.52691193458118,0.8008941807722108,0.9494949494949495,24.552619377326767,14.702253452877803,0.9551831838653657,1502.1418439716313,1706.4751773049645,0.8510933735754422,1.669990213134359,0.40119409554914254,18.948708441878455,0.8778164492309488,0.7605781488463956,0.5774592126658972,0.8164195353537801,3.1008798824972676,3.7275236036543844,4.040405336823475,0.27601920770364674,1.7257683215130024,0.5693237998017758,1706.4751773049645,1502.1418439716313
991,377.0,73.11269837220809,0.6381418263981011,0.9448621553884712,25.044854320462694,19.282505010955273,-0.16877907673462592,1506.188328912467,234.40318302387269,0.8862690612533565,1.2988382114374437,0.23008116700440695,21.909160375631842,0.120577769045202,0.7626270019809959,0.9857905909416503,-0.16797889989790935,0.9429497409609819,0.971049774044511,1.0956627071107854,0.9967895991632296,0.4942528735632184,0.8454552270984265,234.40318302387269,1506.188328912467
992,191.0,54.04163056034262,0.8765451572024328,0.9455445544554455,22.551783603076547,10.854616166886313,-1.2623417962396029,1504.2565445026178,805.8429319371728,0.8218382358349808,2.077621470566067,0.5186803687932909,15.594510349620345,0.41452825716932756,0.7616488832924647,0.3035864702833976,-0.9528038911868841,0.992089332254588,1.252652439080781,1.3897454483976575,0.8254259318100909,1.2111692844677138,0.8548918450669368,805.8429319371728,1504.2565445026178
993,154.0,47.4558441227157,0.8542895931212743,0.9390243902439024,19.50534944371453,10.13882906457296,-0.668875045749106,1510.2987012987012,1193.3506493506493,0.8593125987064043,1.9238266391007628,0.4802026442115278,14.002817212590296,0.6138635027523917,0.7647082031892158,0.7845197505876119,-0.6201038307718726,1.11161930212038,3.3001655967786028,3.367761028425043,0.38562661986005226,2.471861471861472,0.7591162930996508,1193.3506493506493,1510.2987012987012
994,159.0,46.2842712474619,0.6985035364391918,0.9695121951219512,16.99080011095698,12.158728741637562,-0.5799102475902885,1513.3584905660377,214.06289308176102,0.9326960299163851,1.397415837790014,0.28439339747180736,14.228319915326999,0.11011465693506226,0.7662574635777406,0.8365118330149671,-0.5479488600462088,0.9692433878108407,0.971049774044511,1.2030109424681377,0.9544097231552048,2.2788259958071277,0.8359379925474354,214.06289308176102,1513.3584905660377
995,83.0,33.55634918610404,0.8293260950518542,0.9222222222222223,13.749176627004891,7.68255748262382,-0.35723883555889646,1510.7349397590363,455.2289156626506,0.926272021982228,1.7896614061271092,0.44123508694081104,10.280023453913834,0.2341712529128861,0.7649290834222968,0.9368659418783769,-0.34968872865498785,1.1792595827243544,1.9624191675720488,2.3762578110052575,0.5436814951878155,5.2730923694779115,0.7038661976129665,455.2289156626506,1510.7349397590363
996,468.0,89.01219330881976,0.8778207498546392,0.9570552147239264,35.52286906523553,17.0150735056335,-0.24880959838701652,1525.042735042735,1213.1538461538462,0.742261119425764,2.087729392028445,0.521010719196516,24.410573670769317,0.6240503323836657,0.7721735367304988,0.9692062452117443,-0.24625038932467125,1.11161930212038,3.199663033764081,3.405717487001668,0.38875211466287307,0.5897435897435898,0.7981334528598643,1213.1538461538462,1525.042735042735
997,1062.0,159.58073580374355,0.9352236180969853,0.9030612244897959,63.76931053644126,22.578009045413264,0.7793831220791819,1534.1450094161958,1767.4585687382298,0.5240508796942405,2.8243991933999175,0.6459423999494089,36.772005609005646,0.9091865065525874,0.7767822832487067,0.7113472402656976,0.7028407385506164,2.106077917318039,2.1297743607169926,2.5465146232160785,0.44232346077393797,0.4893283113622096,0.7772936436676163,1767.4585687382298,1534.1450094161958
998,669.0,111.15432893255071,0.907058136979727,0.9502840909090909,45.55631962630771,19.179455988411767,0.3585103994591121,1533.9417040358744,1824.01644245142,0.6804296339236022,2.375266517143805,0.5789946126961476,29.185565874723483,0.9382800629894136,0.7766793438156326,0.9364205330371894,0.35087973054359534,1.7643767506973802,2.0679733652058356,2.2846245567915773,0.49043851912474395,0.5291479820627802,0.8894585775466638,1824.01644245142,1533.9417040358744
999,289.0,70.5269119345812,0.6177028284298265,0.9145569620253164,22.969894147288475,18.063791370821416,-0.5097902971593214,1523.6193771626297,785.8650519031141,0.730126262102669,1.2715987289574173,0.21358839292022636,19.182445840623714,0.40425156990900935,0.7714528491962682,0.8728468606108344,-0.4879942191479431,1.252652439080781,1.3929083761100822,1.664600509042735,0.6960296319148654,1.2895040369088813,0.8780893978359506,785.8650519031141,1523.6193771626297
1000,185.0,52.62741699796952,0.6937088044214378,0.9068627450980392,18.575126352346953,13.378838329010133,0.5857486641610244,1526.9621621621623,237.05945945945945,0.8393778072536918,1.3883960546910414,0.2797444240631113,15.347615963921077,0.12194416638861083,0.7731453985631201,0.8332984403913882,0.5528233978779118,0.9429497409609819,1.2030109424681377,1.9678277094355208,0.7292548166073625,2.4,0.8347697188403388,237.05945945945945,1526.9621621621623
1001,544.0,85.01219330881976,0.5190457693230348,0.9696969696969697,28.548913717581808,24.40208257731464,0.6249578684677961,1532.485294117647,756.2261029411765,0.9459023872651976,1.1699375914792725,0.14525355259711148,26.318098569918163,0.3890051969862019,0.7759419210722264,0.8109877698300514,0.5850631053023935,1.3929083761100822,1.759430899362571,2.1009928400398916,0.5710661222315093,0.7947303921568627,0.7262292119426913,756.2261029411765,1532.485294117647
1002,514.0,91.11269837220809,0.8489121970532381,0.9553903345724907,35.58189564105006,18.806238013483394,-0.3021140489753756,1536.68093385214,451.65175097276267,0.7780637203197527,1.8920262316971168,0.4714661016602205,25.582125126616702,0.2323311476197339,0.7780662956213367,0.954709610605272,-0.29753917291329857,1.1792595827243544,1.2203745743343006,2.9199643722972395,0.5639523327643384,0.6867704280155642,0.7474766414824221,451.65175097276267,1536.68093385214
1003,479.0,117.25483399593904,0.9757811239155901,0.8553571428571428,55.17312267079923,12.069074643543448,0.27021895979816835,1555.4551148225469,983.250521920668,0.4378081734081894,4.571445972480998,0.7812508326643782,24.695783889727878,0.5057873055147469,0.7875722100367326,0.9637124698015912,0.26694245737408867,2.0464980458161035,2.5803256382391693,3.116161084990383,0.38744748820805935,0.6221294363256785,0.7071233629526295,983.250521920668,1555.4551148225469
1004,255.0,63.94112549695428,0.8671613791329844,0.9444444444444444,25.723985875600537,12.811245965263364,-0.30779444600894806,1553.6156862745097,44.71764705882353,0.7837715435653266,2.0079222540375077,0.5019727491992225,18.01877032173579,0.023002904865649963,0.7866408538098784,0.9530040763359953,-0.302957473066727,2.810838808377618,3.2024915327464747,3.274602817760171,0.3229997404891297,1.1464052287581699,0.7601120123414388,44.71764705882353,1553.6156862745097
1005,587.0,115.88225099390856,0.952633885559123,0.9143302180685359,50.31133367828775,15.300658453548461,-0.6114966047395661,1563.511073253833,455.4991482112436,0.5493057180099027,3.2881809518870586,0.6958804838808799,27.33846397952051,0.23431026142553685,0.7916511763310548,0.8187897440754093,-0.5740935071893131,1.2203745743343006,2.3762578110052575,2.405137488491299,0.4998525540075625,0.5900056785917093,0.8775190249924926,455.4991482112436,1563.511073253833
1006,796.0,120.81118318204308,0.7673721597354273,0.8984198645598194,42.4348808792664,27.209329287019436,0.07965909993538327,1570.5640703517588,240.0678391959799,0.6853440653512749,1.5595709997714098,0.3587980283381952,31.83549399034338,0.12349168682920776,0.7952223141021564,0.9968288913058446,0.07957487956610848,1.0355419874616076,1.7839429102469897,1.9678277094355208,0.6266563824395117,0.34631490787269686,0.8520013066744169,240.0678391959799,1570.5640703517588
1007,452.0,95.698484809835,0.9482729766040275,0.9475890985324947,43.202817050673,13.714996885546453,-0.04573052064178343,1577.6482300884957,744.4889380530974,0.6202091590983508,3.15004206061485,0.6825439213961442,23.98967015655475,0.38296756072690197,0.7988092304245548,0.9989545419554718,-0.04571458308388595,1.3834508826813956,1.774287657256113,2.1009928400398916,0.5704797950742433,0.965339233038348,0.9160370165691826,744.4889380530974,1577.6482300884957
1008,22.0,15.899494936611665,0.653334740418627,0.88,6.131361187867996,4.641864480106516,-1.0310433312192135,1563.5454545454545,1865.2272727272727,1.0936185984037976,1.3208832817383975,0.2429308373985074,5.292567428401227,0.9594790497568275,0.791668584579977,0.5139241181321723,-0.8578356490622601,2.1454089990545957,2.2846245567915773,2.396249635130185,0.43947781187362556,19.363636363636363,0.7720644845772348,1865.2272727272727,1563.5454545454545
1009,423.0,86.18376618407356,0.9035082345244526,0.9484304932735426,35.85981119454393,15.368465441802583,-0.3188866120470589,1581.2482269503546,1169.6666666666667,0.7156477236366828,2.333337139634281,0.5714292705439314,23.207333483685147,0.6016803840877916,0.8006320136457492,0.9495850642774812,-0.31350949858199173,1.3336656630749562,1.622303619351482,1.902627193821938,0.6174622680985614,0.8936170212765957,0.7796331962201819,1169.6666666666667,1581.2482269503546
1010,407.0,84.32590180780451,0.9245009784915295,0.9621749408983451,37.084769862539126,14.135960335645365,0.6570080485843116,1579.7297297297298,1820.4103194103195,0.7192539978338005,2.6234347707545442,0.6188203300696578,22.764193258431348,0.9364250614250614,0.799863154293534,0.791823108680697,0.6107504928849726,1.4039721226362294,1.4496430256509223,2.0573894679188256,0.6108729749713951,0.561015561015561,0.8281341007344976,1820.4103194103195,1579.7297297297298
1011,389.0,79.84062043356595,0.8451872839180142,0.9373493975903614,31.009317737954674,16.573558005878134,-0.6046974283245835,1580.056555269923,403.439588688946,0.7668521844551356,1.8710115068204798,0.46552974348118314,22.255115881567058,0.20753065261777057,0.8000286355797078,0.8226741512742047,-0.5685131843900076,0.9315925384844523,1.25112621799365,1.9111041015947805,0.7328113853495394,0.7215081405312769,0.9480900917049176,403.439588688946,1580.056555269923
1012,350.0,69.45584412271572,0.6441933415249618,0.9668508287292817,24.412104843183403,18.671908245639617,0.09276927566014818,1579.0,775.1857142857143,0.9117175624773607,1.3074242076400666,0.23513730726691606,21.11004122822376,0.3987580834803057,0.7994936708860759,0.9957000159290773,0.0926362687009529,1.2499741704109149,1.3834508826813956,2.2616021688840364,0.6128668675286268,1.3438095238095238,0.8188675487761793,775.1857142857143,1579.0
1013,149.0,49.21320343559643,0.8347817558140054,0.9085365853658537,18.955710294635605,10.436653630186575,1.1648302752229664,1574.0,1924.5704697986578,0.7730949946229626,1.8162632359292674,0.4494190158023196,13.773623058786647,0.9900053856988981,0.7969620253164557,0.39490647668812007,0.9187213259034402,2.536069311723562,2.713052450219219,3.3559829865153437,0.3486302709490602,2.051454138702461,0.9647009916732502,1924.5704697986578,1574.0
1014,257.0,63.698484809834994,0.8248732913728398,0.9413919413919414,24.271528225099864,13.72112346509832,-0.23998825389649472,1580.354085603113,1774.7198443579766,0.7959481606768536,1.7689169758466237,0.43468234312049114,18.089294154193436,0.9129217306368193,0.8001792838496774,0.9713407668646749,-0.23769121697434561,1.8476775952245983,2.0573894679188256,2.106077917318039,0.4990729735767738,2.2166018158236054,0.6910602098461288,1774.7198443579766,1580.354085603113
1015,109.0,39.55634918610404,0.8523458873386298,0.956140350877193,16.3499448971663,8.550669295917636,-1.3165284297837756,1582.2385321100917,1105.926605504587,0.8753947908667521,1.9121245754378886,0.47702152210925186,11.780624362746345,0.5688922867821951,0.8011334339797933,0.25153691190807287,-0.967847705968119,0.9953738670444727,1.0986138287628369,1.3655577872231475,0.86716593688836,3.1009174311926606,0.7951557406068616,1105.926605504587,1582.2385321100917
1016,456.0,83.35533905932738,0.8531080889453861,0.9620253164556962,33.477183821705104,17.466192140596497,-1.4076627343413388,1586.1184210526317,1127.6907894736842,0.8247225356761052,1.9166847331247672,0.47826578742049974,24.095585330081406,0.580087854667533,0.8030979347101933,0.16241098731245804,-0.9867231988760539,0.9953738670444727,1.1694880068242102,1.2252706762570502,0.8849211515015057,0.6505847953216375,0.8463277379514005,1127.6907894736842,1586.1184210526317
1017,240.0,59.698484809834994,0.6873479361410794,0.9266409266409267,20.779520911924447,15.092754317655766,-1.2204714219748574,1589.4458333333334,253.2,0.8462418295409768,1.3767878595635923,0.27367168946639653,17.480774889473267,0.1302469135802469,0.804782700421941,0.3432029960736142,-0.9392612541173487,0.7717537143314479,1.0355419874616076,1.3284278982626134,0.9567169759307678,1.9125,0.7762685293688826,253.2,1589.4458333333334
1018,288.0,65.4558441227157,0.8600521487542615,0.9664429530201343,26.837743684407133,13.692781509732596,-1.4291914560567702,1590.5208333333333,308.06597222222223,0.8447058384148395,1.959992107179343,0.4897938637930963,19.149229459268767,0.15847015032007317,0.8053270042194093,0.1411321029345149,-0.9899907724424918,0.8608096373630355,1.5686071154343544,2.359332933246089,0.6264683261151275,1.0787037037037037,0.7056175651325289,308.06597222222223,1590.5208333333333
1019,442.0,77.35533905932738,0.6493554102750874,0.9714285714285714,27.32074826713666,20.777021328197517,-0.5952139757082671,1597.6153846153845,414.38461538461536,0.9282213326754973,1.314950195967616,0.23951492378451456,23.722813466638858,0.21316081038303258,0.808919182083739,0.8280285446241321,-0.5606859453273657,0.9315925384844523,1.1610888773126877,1.1699738908856439,0.9194964585609775,0.5950226244343891,0.8943003756314639,414.38461538461536,1597.6153846153845
1020,408.0,85.25483399593905,0.7096880947303851,0.9066666666666666,28.5543403553052,20.11698993229497,-0.10878497183477792,1601.8357843137255,1148.3700980392157,0.7053943892087936,1.4194141594446623,0.29548399010529514,22.792141940852034,0.5907253590736706,0.8110560933234053,0.9940887479659809,-0.10857053544782981,0.986464529153321,1.1504492879059658,1.1694880068242102,0.9073307358862945,0.897875816993464,0.8638997444101358,1148.3700980392157,1601.8357843137255
1021,311.0,65.11269837220809,0.6391386875697294,0.9539877300613497,22.736564035485113,17.486498178502604,-1.3935032475542737,1596.620578778135,1086.2154340836014,0.9218045891896032,1.3002354046756364,0.2309084982580787,19.899183360445615,0.5587527953104946,0.808415482925638,0.17636573385017643,-0.9843247065493625,0.637650836214534,1.0986138287628369,1.920891305476923,0.8203095586397259,0.7813504823151125,0.8241763072000947,1086.2154340836014,1596.620578778135
1022,374.0,75.84062043356595,0.8038545798332575,0.9468354430379747,28.68695670683438,17.063743953301575,-1.0192381955833436,1603.9010695187167,389.1711229946524,0.8171047061042865,1.6811642735229797,0.40517413095839794,21.821814538001895,0.2001909068902533,0.8121018073512489,0.5240149389767985,-0.8517090722360201,1.1574388771969057,1.1699738908856439,1.25112621799365,0.8383309534066146,0.7638146167557933,0.9313392511552007,389.1711229946524,1603.9010695187167
1023,415.0,76.52691193458118,0.7886749811345896,0.9606481481481481,29.34324743037517,18.040532405726037,0.055750808444576604,1606.4939759036145,771.3373493975904,0.8904910999649894,1.6265178194553542,0.3851896437661815,22.98683125324351,0.3967784719123407,0.8134146713436022,0.998446326162722,0.05572193259537375,1.0642693674691721,1.2499741704109149,1.6130080904467778,0.7638929928404145,0.9799196787148595,0.714338510896824,771.3373493975904,1606.4939759036145
1024,137.0,48.04163056034261,0.8919460142344494,0.8670886075949367,20.06116899018895,9.070495284307594,0.4887591274502083,1600.5693430656934,988.7883211678832,0.7459246390519283,2.211694991440629,0.5478580889905478,13.207339536360731,0.5086359676789522,0.8104148572484523,0.8829161659137066,0.46953066350158656,1.24853473796179,1.3228698131440173,1.5617911476329291,0.7258306208233652,2.9367396593673964,0.7156685378550529,988.7883211678832,1600.5693430656934
1025,406.0,77.11269837220809,0.7906534669203499,0.9552941176470588,29.23982893568673,17.902491986124303,1.2994648262016228,1600.8990147783252,1018.167487684729,0.8579936954327052,1.6332826155347349,0.387736090197347,22.736210219877808,0.5237487076567536,0.810581779634595,0.26801446138671703,0.9634148890730244,0.9804568562651736,1.0088092211272417,1.3228698131440173,0.9057599383442329,0.5952380952380952,0.8046128675395154,1018.167487684729,1600.8990147783252
1026,402.0,76.18376618407358,0.4736104128310264,0.9436619718309859,24.364046922047613,21.45825554092496,-0.07498657854518964,1605.907960199005,257.97512437810946,0.8703842832285821,1.1354160115942677,0.11926554691097457,22.623931952327283,0.1327032532809205,0.8131179545311418,0.997189823688073,-0.0749163235413343,0.7717537143314479,0.8652599939572602,1.217391556275947,1.0510070301658971,0.9286898839137645,0.7842294894329744,257.97512437810946,1605.907960199005
1027,351.0,96.5269119345812,0.9599505174495868,0.841726618705036,42.532725113449324,11.916376527605232,1.3745636700055854,1601.4672364672365,323.74074074074076,0.4733911726422137,3.5692666319261472,0.7198304012776002,21.14017691983778,0.16653330285017529,0.810869486818854,0.194975682518127,0.9808080766524053,0.8608096373630355,2.1093179460289924,2.890366561051219,0.5119022263411891,0.5735992402659069,0.8500510670495057,323.74074074074076,1601.4672364672365
1028,179.0,53.941125496954285,0.8963689296858026,0.93717277486911,22.82136379914148,10.116912680368268,0.6870282587233725,1606.63687150838,277.1787709497207,0.773077239526791,2.255763642541467,0.5566911439031151,15.09668435477122,0.14258167229923902,0.8134870235485469,0.7731342305021732,0.634242431271996,0.8652599939572602,1.27445463206475,1.3284278982626134,0.8650163535648847,1.4506517690875234,0.882998745325482,277.1787709497207,1606.63687150838
1029,240.0,60.2842712474619,0.828006290992221,0.9266409266409267,23.58306128711861,13.223466022996424,-0.3880651845075138,1607.2375,1805.725,0.8298757520103456,1.7834251054985288,0.439281191614455,17.480774889473267,0.9288708847736625,0.8137911392405063,0.9256429226309312,-0.3783981762419952,0.5959498699118349,1.4039721226362294,1.6637506826954738,0.8188504448751222,1.672222222222222,0.7962040151190953,1805.725,1607.2375
1030,290.0,64.8700576850888,0.780746304883899,0.9698996655518395,24.530119395746944,15.327599661914345,-0.3930187188202368,1613.8586206896553,6.903448275862069,0.8660027949654723,1.6003888369226398,0.37515185251923966,19.21560480373171,0.0035511565205051795,0.8171436054124837,0.9237571654871873,-0.38297871900547853,0.6155828627045886,1.1282082552453216,2.7274784626147968,0.6709503745960917,1.2551724137931035,0.7818477774446397,6.903448275862069,1613.8586206896553
1031,247.0,69.698484809835,0.9017191465492623,0.8916967509025271,28.125086071485715,12.159102212640931,-1.4933761869046172,1609.3724696356276,1092.3765182186235,0.6389400969548765,2.313089040591016,0.5676776888171626,17.733870630789692,0.5619220772729544,0.8148721365243684,0.07734282191931867,-0.9970045576112261,0.637650836214534,1.3655577872231475,1.5018250872300973,0.8559118820653054,1.0701754385964912,0.918464471278337,1092.3765182186235,1609.3724696356276
1032,373.0,69.94112549695429,0.433256871575761,0.966321243523316,23.012512596507005,20.740498339135502,-1.4558192833923076,1613.2439678284181,1125.5067024128687,0.9581940337786555,1.1095448248263355,0.09872951716347411,21.792621462004423,0.5789643530930394,0.8168323887738826,0.1147238833992961,-0.9933974182459832,1.1504492879059658,1.2252706762570502,1.5018250872300973,0.7736854015202655,0.9928507596067917,0.7230190072799251,1125.5067024128687,1613.2439678284181
1033,188.0,52.45584412271571,0.6690932587045484,0.9170731707317074,18.18265024176566,13.512953855516852,-1.4284984788131785,1611.845744680851,1818.1329787234042,0.8585783895162933,1.3455718443338234,0.2568215482428676,15.471555655790098,0.9352535898782943,0.8161244276865068,0.14181811006922657,-0.9898927334092279,0.5959498699118349,1.4496430256509223,1.9576637853584922,0.7493898690776993,2.226950354609929,0.7866364692837795,1818.1329787234042,1611.845744680851
1034,270.0,64.76955262170048,0.8211588570967971,0.9121621621621622,25.076494290241662,14.311147413269024,-0.4080155779794719,1616.8777777777777,1164.3,0.8087826637756469,1.7522350630663766,0.42930031416560066,18.5411616971131,0.5989197530864198,0.8186722925457103,0.9179100256469341,-0.39678858957490803,0.986464529153321,1.4623037797988352,1.622303619351482,0.7369066557490327,1.419753086419753,0.7353807414719987,1164.3,1616.8777777777777
1035,202.0,52.62741699796952,0.6378720381666251,0.9395348837209302,18.367537329861687,14.14561864509188,1.360129238989546,1613.2722772277227,1884.1930693069307,0.9165098219743014,1.2984612261008952,0.22985763463814335,16.03728119216293,0.9692351179562401,0.8168467226469482,0.2091122859112125,0.9778916360624971,1.3326238813089564,1.4365379083139207,2.396249635130185,0.5807862633407597,1.99009900990099,0.8503047410738436,1884.1930693069307,1613.2722772277227
1036,246.0,59.4558441227157,0.8185198014930479,0.9534883720930233,23.410293140250506,13.448705760097505,-1.24762779896737,1614.4268292682927,1036.0284552845528,0.8744920635106966,1.7407097424727045,0.42552168486201214,17.697935698969246,0.5329364481916424,0.8174313059586292,0.3175726553655951,-0.9482339418962206,1.0088092211272417,1.2772531709862045,2.2165940335436374,0.666273354303777,1.1991869918699187,0.7991134115135182,1036.0284552845528,1614.4268292682927
1037,319.0,71.4558441227157,0.6879635516126015,0.9140401146131805,24.33228953563504,17.659043279786435,-0.48491799371319655,1618.6896551724137,1196.7272727272727,0.78510011157052,1.3778939861077975,0.27425476119193504,20.153496341094687,0.6156004489337823,0.8195896988214753,0.8847131781501874,-0.46613580897351675,1.4623037797988352,1.6180721444289494,2.079990910372268,0.5813540192307881,0.9582027168234065,0.6975431063984123,1196.7272727272727,1618.6896551724137
1038,423.0,88.08326112068524,0.8312020579222075,0.8775933609958506,32.95921740520727,18.32435086225095,-0.8913921624528086,1622.8794326241134,17.177304964539008,0.6851149760858305,1.7986567520437984,0.44402955212899375,23.207333483685147,0.008836062224557103,0.8217111051261333,0.6283296068763433,-0.7779472380069358,0.6155828627045886,0.9126650393929165,2.1993906730856394,0.8047990542786476,0.7557131599684792,0.842143717071187,17.177304964539008,1622.8794326241134
1039,518.0,111.39696961967,0.9214441682049708,0.7754491017964071,45.59224687344583,17.713080492273715,-0.7739188733465957,1626.357142857143,741.523166023166,0.5245572216234393,2.5739309937270796,0.6114891959275142,25.68147355921802,0.3814419578308467,0.8234719710669078,0.7151770980873798,-0.6989432869491731,1.099462132001543,1.2287919803559761,1.6130080904467778,0.761177471994995,0.7136422136422137,0.8332003816567336,741.523166023166,1626.357142857143
1040,701.0,109.59797974644665,0.6923992255137856,0.9010282776349614,37.066103441065884,26.74373465642968,0.6919117853466752,1630.5192582025677,246.77888730385163,0.7333693992311555,1.3859733472996645,0.27848540381506504,29.87542335866304,0.12694387206988253,0.8255793712418065,0.7700276838587617,0.6380104749070432,0.9677237743306654,1.217391556275947,1.74060951053794,0.76419008498959,0.3414170233000476,0.8586105486540867,246.77888730385163,1630.5192582025677
1041,342.0,73.59797974644665,0.8514939369516596,0.9473684210526315,29.119086582212983,15.269013789940583,-1.1233310317589142,1620.298245614035,1008.2748538011696,0.7934219000559212,1.9070705536592678,0.4756355510386283,20.867389014906145,0.5186599042187087,0.8204041749944482,0.4326817715478455,-0.90154671790774,0.9804568562651736,1.24853473796179,1.2772531709862045,0.8556162506862554,0.7690058479532164,0.8261367993317767,1008.2748538011696,1620.298245614035
1042,352.0,79.11269837220807,0.854754277867175,0.9142857142857143,30.179937856325743,15.664379887799845,0.4745549044714817,1629.4602272727273,765.7443181818181,0.7067407485896717,1.926660236313044,0.48096712583135504,21.17026971360491,0.39390139824167597,0.8250431530494822,0.8894961928254037,0.45694258167642055,1.0642693674691721,1.099462132001543,1.7908737664409,0.7586092159082888,1.4176136363636365,0.7687098884789089,765.7443181818181,1629.4602272727273
1043,459.0,107.88225099390856,0.9625109343428999,0.8595505617977528,47.88579837067282,12.988681977648707,-0.8165983942096904,1631.6753812636166,973.437908496732,0.49559001807653236,3.6867326841226897,0.7287571175673768,24.17471718621419,0.5007396648645741,0.8261647500068945,0.684704325418928,-0.7288209565816633,1.5617911476329291,1.65004848025842,1.9733405175412715,0.5785719909157945,0.3972403776325345,0.8100764525294791,973.437908496732,1631.6753812636166
1044,491.0,103.74011537017762,0.9244216208110794,0.8494809688581315,42.40092642053841,16.170529701577937,0.47575580944296897,1636.0448065173116,1865.2871690427698,0.573321070176081,2.622111161664722,0.618627915314955,25.003212122944625,0.9595098606187088,0.8283771172239552,0.8889468069357732,0.4580104523247184,1.3326238813089564,1.42039598405144,2.3863538535835342,0.5837287117186836,0.7352342158859471,0.8863542553774154,1865.2871690427698,1636.0448065173116
1045,26.0,17.242640687119284,0.6639236144237886,0.9285714285714286,6.699781445527167,5.010099226826079,0.48758140814612855,1622.3461538461538,407.0769230769231,1.0989442363349693,1.3372552403061904,0.2521996026943737,5.753627391751592,0.2094017094017094,0.8214410905550146,0.8834685287998008,0.4684905107046627,1.1574388771969057,1.1610888773126877,1.2710788712713477,0.8357461729799799,14.025641025641026,0.8322544109464634,407.0769230769231,1622.3461538461538
1046,609.0,97.15432893255071,0.6125812236262866,0.9427244582043344,31.711106120408086,25.064700692649538,1.0850629151080478,1634.9852216748768,1781.3218390804598,0.8107796580071922,1.2651699499331213,0.20959235551487654,27.846056861676377,0.9163178184570266,0.8278406185695579,0.4668570649522129,0.884332788549766,1.6637506826954738,1.7461185170728284,1.9576637853584922,0.5589159877196604,0.47126436781609193,0.7666698580079981,1781.3218390804598,1634.9852216748768
1047,137.0,42.97056274847714,0.7923314603222729,0.9647887323943662,16.998425829881246,10.37058422662349,-0.0531380389829667,1633.4379562043796,268.0729927007299,0.932370123206887,1.6391001180283247,0.3899091403867989,13.207339536360731,0.1378976299900874,0.8270571930148758,0.9985885065838402,-0.05311303529883744,0.9677237743306654,1.27445463206475,1.3202801488155576,0.8421150600087015,3.119221411192214,0.7922769739955094,268.0729927007299,1633.4379562043796
1048,693.0,99.25483399593904,0.6843848806498004,0.9558620689655173,35.11255945498042,25.601302114629004,-0.18472486862821394,1642.878787878788,1896.0851370851371,0.8839745546416518,1.3715145931939348,0.270879066863419,29.70446102021492,0.9753524367721899,0.831837360951285,0.9829868228889018,-0.18367608997031362,1.42039598405144,1.4365379083139207,1.4614885608797883,0.6946981293471186,0.7003367003367003,0.7949792575851546,1896.0851370851371,1642.878787878788
1049,278.0,68.18376618407356,0.8879298549078838,0.9391891891891891,28.15679980585749,12.951533322247167,0.5031966367571199,1640.6474820143885,428.5719424460432,0.7514371940596062,2.1740128450653686,0.5400211170463752,18.81384047546846,0.22045881813068066,0.8307075858300701,0.8760455314224354,0.4822283970016519,1.2710788712713477,1.547831221134532,2.040089287321436,0.6174110687308542,1.1666666666666665,0.8908794250962888,428.5719424460432,1640.6474820143885
1050,151.0,46.970562748477136,0.5849301819275909,0.949685534591195,15.86727443805535,12.869686817596257,0.03961551895265835,1638.8145695364237,4.6490066225165565,0.8600729410225582,1.2329184589294435,0.18891635309904364,13.86575534383214,0.0023914643119941135,0.8297795288792019,0.9992154079479751,0.03960515773686124,0.9126650393929165,1.1282082552453216,1.7894997261088905,0.783213536580006,2.717439293598234,0.7838243954256111,4.6490066225165565,1638.8145695364237
1051,342.0,69.01219330881976,0.42770805806179996,0.95,22.074679931049097,19.953676922900435,1.4328292305631836,1647.1988304093568,723.9035087719299,0.9023692964155396,1.1062963491061855,0.09608306959709845,20.867389014906145,0.3723783481337088,0.8340247242579022,0.13752981385598978,0.9904976276098478,1.1879763573574922,1.2287919803559761,1.5612300178802978,0.7541481247174151,1.5487329434697854,0.7674198738995485,723.9035087719299,1647.1988304093568
1052,224.0,70.38477631085023,0.9586765933071646,0.9032258064516129,32.518765819073565,9.251528263832837,-0.038083758537407884,1654.1785714285713,1191.0669642857142,0.5681989317829073,3.514961516812282,0.7155018638989539,16.88803298257901,0.6126887676366842,0.8375587703435804,0.9992749013127976,-0.03807455326459741,1.6180721444289494,2.0671262993112296,2.25097783623898,0.5053758275538496,1.1473214285714286,0.8536961601381078,1191.0669642857142,1654.1785714285713
1053,1017.0,142.84671708797583,0.8361783016413427,0.8475,50.918414036006894,27.926596211535664,0.0401509577138767,1674.5791543756145,764.3982300884956,0.6263113603769205,1.823294670439428,0.4515423007521914,35.98450523483212,0.39320896609490513,0.8478881794306908,0.999194058577531,0.040140170694225076,0.9519198568887882,1.0177535479037905,1.4426259074725105,0.8791725829023467,0.40937397574565715,0.8420391956726486,764.3982300884956,1674.5791543756145
1054,564.0,89.18376618407356,0.680221747747749,0.9657534246575342,31.38891619133548,23.00827627424861,-0.3948187507789801,1663.2854609929077,744.8173758865248,0.8910813438482977,1.3642445795240503,0.26699360583211973,26.797520467958073,0.38313651022969386,0.842169853667295,0.9230662953863896,-0.38464089008014535,1.0177535479037905,1.1879763573574922,1.205321510709407,0.8794942186898359,1.1028368794326242,0.8051005710064562,744.8173758865248,1663.2854609929077
1055,518.0,90.18376618407358,0.8344050461256293,0.955719557195572,34.82436238791194,19.193507245096487,0.025459865507013558,1670.2992277992278,28.905405405405407,0.8003554152255304,1.8143824337685228,0.44884827950909323,25.68147355921802,0.014869035702369037,0.845721127999609,0.9996759151308625,0.025457115061858045,0.9400552149920969,1.5542946396813873,1.6068243891308716,0.7314978154200837,0.6853281853281853,0.8886482973490901,28.905405405405407,1670.2992277992278
1056,505.0,99.15432893255071,0.8831377908074983,0.9033989266547406,38.56856191426438,18.09303991672342,0.8837768694796176,1668.4336633663365,448.8138613861386,0.6454727062784,2.1316794796111296,0.5308863224679423,25.357168021907675,0.2308713278735281,0.844776538413335,0.6342356265775566,0.7731398126986956,1.4649415426673955,1.547831221134532,1.7494382510431588,0.629959485341619,0.39669966996699674,0.9194386360510354,448.8138613861386,1668.4336633663365
1057,211.0,52.8700576850888,0.7209771920143201,0.9634703196347032,19.697420643949926,13.649500831789938,0.9050043784878387,1662.2511848341233,48.170616113744074,0.9485773508728453,1.4430872518117492,0.307041207144937,16.39065416446578,0.02477912351530045,0.8416461695362649,0.6176821365745038,0.7864278594739356,0.9400552149920969,1.0854809737255815,2.225604865209044,0.7056928862026208,2.214849921011058,0.8324379802367047,48.170616113744074,1662.2511848341233
1058,251.0,62.284271247461895,0.8030511206336347,0.9227941176470589,23.57692095899443,14.049726322741588,-0.02729826886857728,1666.199203187251,783.808764940239,0.8130678912413405,1.678105353613305,0.40408985773938755,17.876888032555495,0.40319380912563735,0.84364516617076,0.9996274253959943,-0.02729487857045805,0.9519198568887882,1.4986834236627602,1.7604683960620213,0.7124077266745834,2.8193891102257633,0.7022653634744048,783.808764940239,1666.199203187251
1059,763.0,103.49747468305833,0.46899548322931967,0.9670468948035488,33.484048298361024,29.573130350846466,-0.172111192206668,1672.659239842726,1908.9986893840105,0.8951068806050813,1.1322456534400194,0.11679943573925589,31.1686023528956,0.9819952105884827,0.8469160708064436,0.9852253942778864,-0.1712627293662675,0.9805006783965721,1.4614885608797883,1.5739049755155547,0.7470316297052774,0.5137614678899083,0.7968794804748675,1908.9986893840105,1672.659239842726
1060,433.0,94.32590180780451,0.9421174977806045,0.9537444933920705,41.13275625014487,13.791109637572756,-0.5763604022006013,1671.8937644341802,1769.4157043879907,0.6115554324973554,2.9825559604052474,0.6647171039620234,23.480049464818542,0.9101932635740693,0.846528488321104,0.8384516920588241,-0.5449759261505913,1.7461185170728284,3.3387519691191376,3.4815253759462257,0.35020562302746455,0.798306389530408,0.8330779331779438,1769.4157043879907,1671.8937644341802
1061,649.0,102.42640687119285,0.858430390099214,0.9530102790014684,40.420984330103614,20.73313866249651,0.07370293716104015,1678.4237288135594,246.31124807395994,0.7773752062439289,1.9495834657788593,0.4870699215739914,28.745999104799274,0.12670331691047323,0.8498347993992705,0.9972851678026342,0.07363622804619843,1.6705701868047742,2.156984538084365,2.2500132096490795,0.4936185053483805,0.46070878274268107,0.9075617546990862,246.31124807395994,1678.4237288135594
1062,733.0,104.91168824543142,0.6890648234931867,0.9544270833333334,36.280505122788455,26.29247152487339,0.9801558704224318,1682.5484311050477,61.18008185538881,0.8368855844620251,1.3798818832404598,0.27530029044831017,30.549706811864404,0.03147123552231935,0.8519232562557204,0.5568930900241791,0.8305841837425761,1.0854809737255815,1.4963494017583072,1.5542946396813873,0.7253165678020791,0.49477035015916326,0.8069421006421673,61.18008185538881,1682.5484311050477
1063,507.0,84.76955262170047,0.48738580134376736,0.9602272727272727,27.422121368016168,23.944632725682776,-0.3032392660686224,1681.836291913215,725.516765285996,0.8866210562269083,1.1452304022439013,0.12681326129601944,25.40733061895184,0.373208212595677,0.8515626794497292,0.954374210127345,-0.29861323990038746,1.0743985339144346,1.205321510709407,1.5612300178802978,0.7810567570993425,0.9092702169625246,0.7878946091863082,725.516765285996,1681.836291913215
1064,68.0,30.97056274847714,0.8698153348983375,0.9315068493150684,13.231382502521125,6.528065423940253,-0.6016771421677685,1674.2205882352941,962.9117647058823,0.8908828184805876,2.026845879025342,0.5066225753282858,9.304852983362556,0.4953249818445897,0.8477066269545793,0.8243874688976309,-0.5660258837938046,1.9733405175412715,2.60127832611118,3.1726975844163423,0.3872308595955751,7.186274509803922,0.7298799017500451,962.9117647058823,1674.2205882352941
1065,57.0,29.899494936611667,0.9060744042304083,0.95,13.356345526170442,5.6513154475513145,0.029978174869625302,1677.7368421052631,1930.1754385964912,0.8012296553568853,2.363404706413562,0.5768816075865872,8.51907589177983,0.9928886001010757,0.8494870086608928,0.9995506881666291,0.029973684885550814,0.9805006783965721,1.175392718574492,2.195260856168457,0.6894722240277709,11.005847953216374,0.8281718888909327,1930.1754385964912,1677.7368421052631
1066,542.0,107.49747468305831,0.9293811282882927,0.8548895899053628,45.02099319807901,16.618218773956904,0.4705074424866808,1691.4594095940959,805.4852398523985,0.5894033861979961,2.7091347039330875,0.6308784503966478,26.26967516446403,0.41434425918333256,0.8564351440982764,0.891338359673887,0.4533386466802324,1.4986834236627602,1.7456504371167672,1.999968865662127,0.5720493565091253,1.046740467404674,0.753782534515523,805.4852398523985,1691.4594095940959
1067,237.0,62.698484809834994,0.7337799816367048,0.8681318681318682,21.90795665346628,14.883984861352978,-1.5066269547117437,1683.818565400844,1380.5822784810127,0.7576072441646605,1.471914736378925,0.3206128213240721,17.371176474327626,0.7101760691774757,0.8525663622282754,0.06412534268965696,-0.9979418522263379,0.39494086116356497,0.7843092613839697,1.0319874000052625,1.3567063553338239,0.6061884669479606,0.8263894682986591,1380.5822784810127,1683.818565400844
1068,477.0,102.52691193458118,0.9528318970740366,0.8866171003717472,46.20634915892959,14.023560432304508,0.010402401882390073,1699.763102725367,741.266247379455,0.5702331872950872,3.2949085492218644,0.6965014400062293,24.64417299969047,0.38130979803469905,0.8606395456837301,0.9999458955054283,0.010402214276147985,1.0743985339144346,1.2543237183430027,1.3091077126553767,0.8246674608036276,0.9182389937106918,0.8763927789306102,741.266247379455,1699.763102725367
1069,32.0,19.071067811865476,0.8082008300240154,0.9411764705882353,8.26355167114606,4.866463169314978,0.19513203448847022,1682.34375,485.09375,1.105630018541109,1.6980610730296084,0.4110930308202386,6.383076486422923,0.2495338220164609,0.8518196202531646,0.9810220771329711,0.19389606540028317,0.9102952578801562,1.7494382510431588,2.176181728262481,0.6203582678479317,13.322916666666666,0.7489292327406698,485.09375,1682.34375
1070,204.0,56.284271247461895,0.8245877196342276,0.9444444444444444,21.806992267000865,12.336959543327222,-0.6381551562817108,1691.436274509804,1364.9166666666667,0.8092187494985593,1.7676147992878657,0.4342658816825483,16.11647812414279,0.7021176268861454,0.8564234301315463,0.8031961245725803,-0.5957146846197332,0.5072071350158954,0.7751151242678731,0.7843092613839697,1.4516375899612168,0.7581699346405228,0.8091856331873596,1364.9166666666667,1691.436274509804
1071,291.0,63.698484809834994,0.5911944928165216,0.9448051948051948,21.822946908042354,17.60084013966683,-0.25477240894240805,1694.1821305841925,468.7044673539519,0.9012486955523906,1.2398809792528147,0.19347097283270953,19.248706645328987,0.24110312106684767,0.8578137370046545,0.9677206794260425,-0.25202517059055596,0.9102952578801562,1.3383052847961707,1.4649415426673955,0.8078540463672494,1.168384879725086,0.817056340403576,468.7044673539519,1694.1821305841925
1072,426.0,87.11269837220809,0.8739211081387203,0.9466666666666667,34.65155443140747,16.843004492309426,0.08615410055049251,1703.4342723004695,1925.5774647887324,0.7054342314260653,2.0573262001580233,0.513932209718036,23.28948359361322,0.9905233872370023,0.8624983657217568,0.9962910304919999,0.08604755987934226,1.175392718574492,1.5739049755155547,3.0095354718996252,0.5209388627052615,0.7378716744913928,0.9151294566112508,1925.5774647887324,1703.4342723004695
1073,59.0,27.72792206135786,0.7794532149870693,0.9516129032258065,11.094658726277007,6.950364811764989,-1.092100504529875,1692.457627118644,1382.1016949152543,0.9643334387029221,1.5962699839146441,0.3735395577960876,8.667244841319219,0.7109576619934436,0.8569405706929843,0.4606219841247587,-0.8875964103921166,0.39494086116356497,0.7751151242678731,0.8063859922772347,1.5178791150135142,3.440677966101695,0.7574807367859052,1382.1016949152543,1692.457627118644
1074,121.0,41.55634918610404,0.5679566128551163,0.952755905511811,14.167040724508366,11.660303214929122,-0.3633085544145203,1696.090909090909,4.239669421487603,0.8804819567124003,1.2149804737813141,0.17694150516859153,12.412170838050638,0.002180899908172635,0.8587802071346374,0.9347261849269686,-0.3553687651044681,1.6068243891308716,2.4967596652905515,2.5789126972898977,0.4489340004889235,2.424242424242424,0.8696685690403113,4.239669421487603,1696.090909090909
1075,182.0,48.62741699796952,0.6030532916233518,0.9479166666666666,17.065122095793683,13.612863271554115,0.809025384401232,1698.967032967033,1213.2802197802198,0.9672057050681565,1.253602695874682,0.20229909899622123,15.222667215103916,0.6241153393931171,0.8602364723883711,0.6902040069492917,0.7236148345571296,0.9630481908059509,2.25097783623898,2.2675999798448903,0.5472828675705564,1.60989010989011,0.7287501969921392,1213.2802197802198,1698.967032967033
1076,434.0,81.4558441227157,0.7276899214679199,0.9353448275862069,28.689997212917373,19.678648283808098,1.3237535794879844,1706.1912442396313,769.6221198156682,0.821968351928308,1.4579251988828905,0.3140937540785821,23.507147049675353,0.39589615216855356,0.863894300880826,0.24453756274690341,0.9696398199361473,1.0734697810973701,1.096134040975867,1.3091077126553767,0.8623882636000286,1.0614439324116745,0.7318843622172695,769.6221198156682,1706.1912442396313
1077,168.0,54.698484809834994,0.9236647739298274,0.9230769230769231,23.656006529149593,9.065017056307937,-1.117131211147536,1702.4583333333333,1367.2440476190477,0.7056162166944958,2.6095931626172115,0.6167985054815668,14.625465582862905,0.7033148393102098,0.8620042194092826,0.43826284802840265,-0.8988468590577782,0.5072071350158954,0.8063859922772347,1.0319874000052625,1.279001068215449,0.992063492063492,0.843719810788714,1367.2440476190477,1702.4583333333333
1078,665.0,96.32590180780451,0.5624678618220798,0.9623733719247467,32.224647994313464,26.643956017144454,-0.7784236364152407,1714.3864661654136,921.3834586466165,0.9006277871176817,1.2094543307899934,0.1731808514449501,29.098183744847088,0.47396268448900025,0.8680437803369183,0.7120212783372586,-0.7021578876541772,1.3444373636090146,1.3505681084873666,2.402513013137093,0.588521651994087,0.23157894736842105,0.8687226989545417,921.3834586466165,1714.3864661654136
1079,547.0,87.84062043356596,0.7378456116212491,0.9664310954063604,32.198255298682554,21.7328409352913,-0.46700405710964965,1714.7038391224862,708.6234003656307,0.8908537267215935,1.4815483808376284,0.3250304796427732,26.390567083147985,0.3645182100646248,0.8682044755050563,0.8929211064023465,-0.4502131692223245,1.348120367332154,1.61636660144577,1.6638792967737583,0.6481768788111267,0.6788543570993296,0.8155266062547389,708.6234003656307,1714.7038391224862
1080,483.0,93.1126983722081,0.9024668494818284,0.930635838150289,38.227247766836896,16.466742979272574,-0.16342193643611438,1721.2422360248447,456.40579710144925,0.7000662963912189,2.3214820207587645,0.5692406871739825,24.798683434954437,0.23477664459951092,0.8715150562151113,0.986676327626616,-0.1626954962537528,1.0563416208731322,1.3383052847961707,2.176181728262481,0.6563361351439307,0.3616287094547964,0.9690246759880908,456.40579710144925,1721.2422360248447
1081,655.0,136.8111831820431,0.9656267266074743,0.8116480793060719,62.21509342390384,16.171739168971175,1.3880825759692452,1713.1557251908398,1702.516030534351,0.4397521448687293,3.8471492010751915,0.7400672685840928,28.878571671769564,0.8757798510979172,0.8674206203497923,0.18169881755618977,0.983354229003304,3.5389816903377653,4.997732134338262,6.2959881272573135,0.20225580003709107,0.7587786259541984,0.7373474916769253,1702.516030534351,1713.1557251908398
1082,359.0,81.94112549695429,0.8981798802450695,0.9134860050890585,33.54296787172006,14.746432622947118,1.243387748683099,1715.7130919220056,63.325905292479106,0.671893535828126,2.2746496545560047,0.5603718585861993,21.37973331358283,0.03257505416279789,0.8687154895807623,0.32159034825302757,0.9468788982285414,1.4963494017583072,2.501952014558996,2.5656897329330253,0.4570390074859606,1.3574744661095635,0.8619394501868003,63.325905292479106,1715.7130919220056
1083,59.0,26.485281374238568,0.7683408358407008,0.9672131147540983,10.811160592185344,6.919585008732079,0.23924192302846034,1715.5254237288136,245.94915254237287,1.0569457416592158,1.5624001408382646,0.35995909507312485,8.667244841319219,0.12651705377694078,0.8686204677107917,0.9715178926173614,0.2369662092457929,1.6705701868047742,1.9798823267906673,2.28577515864098,0.5053714523165814,9.536723163841808,0.8194188051368617,245.94915254237287,1715.5254237288136
1084,373.0,71.35533905932738,0.5845714444798428,0.9539641943734015,24.32246706466439,19.733844848974098,-0.5024205983682918,1724.4128686327078,754.2466487935657,0.9205889286366142,1.232525503813761,0.18865776253251176,21.792621462004423,0.3879869592559494,0.8731204398140293,0.876419495340248,-0.48154840689960243,0.787702414176814,0.9511811585160094,0.9692185227772347,1.1077868906856245,0.8159070598748882,0.8388859901230158,754.2466487935657,1724.4128686327078
1085,287.0,64.2842712474619,0.7789894457440248,0.9471947194719472,24.320259220449714,15.249703235082915,1.373357179644509,1720.0801393728223,1209.8536585365853,0.8727348346474652,1.5948021312637355,0.3729629648741496,19.115955360352558,0.6223527050085316,0.8709266528469987,0.1961588758164572,0.9805721265865269,0.9630481908059509,1.5775834051967745,1.6218693164696423,0.7207205627297062,1.2810685249709641,0.8274398985739092,1209.8536585365853,1720.0801393728223
1086,532.0,97.39087296526012,0.7881810061356029,0.8260869565217391,34.2986857744666,21.108903214949752,-0.15490262041304373,1730.515037593985,770.6428571428571,0.7048309707201074,1.6248445229582358,0.38455650010170017,26.026206750102993,0.39642122281011166,0.8762101456172076,0.9880265595599694,-0.15428388640454407,0.787702414176814,1.096134040975867,1.3852972326840807,0.9176743096074326,0.6629072681704261,0.854886234990547,770.6428571428571,1730.515037593985
1087,191.0,54.04163056034262,0.7296276623703778,0.9095238095238095,19.37052099943025,13.246426713701021,0.13846580239446868,1727.869109947644,120.63874345549738,0.8218382358349808,1.462320474652607,0.31615537268767113,15.594510349620345,0.06205696679809536,0.8748704354165285,0.9904289174746996,0.13802376400422717,0.8998213856364491,1.5734587867392673,2.6378948362500036,0.5869491838837725,2.897033158813264,0.6907943809203173,120.63874345549738,1727.869109947644
1088,1121.0,134.12489168102786,0.6958586548115349,0.9532312925170068,45.72460568418637,32.83844065023673,-1.3244583003344825,1735.3746654772524,154.76984834968778,0.7830630076682823,1.3924109908628304,0.28182123915846613,37.77964438223469,0.07961411952144433,0.878670716697343,0.2438541766862376,-0.9698119098632875,1.5734587867392673,1.7148430883607733,1.7273442163265729,0.5981283259056067,0.17752007136485282,0.9185050307950382,154.76984834968778,1735.3746654772524
1089,275.0,74.76955262170047,0.9349461802877714,0.8986928104575164,32.06832825373847,11.377508436256623,-1.1273061306391507,1730.9636363636364,1269.469090909091,0.6181487476067119,2.818572135841848,0.6452104286125282,18.712051592547777,0.6530190796857464,0.8764372842347526,0.4290946251502458,-0.9032595433579266,0.6505877918001164,1.4559142609939122,1.5362881532398478,0.8235445442427166,1.1854545454545455,0.8267173030083068,1269.469090909091,1730.9636363636364
1090,130.0,40.62741699796952,0.5432270546534619,0.948905109489051,14.049002863357478,11.795343739373974,-1.4811763427193072,1730.5461538461539,734.0307692307692,0.989725575242221,1.1910634546800511,0.1604141693117227,12.865501965161373,0.3775878442545109,0.8762259006815969,0.08950006481884065,-0.995986816377317,0.6428993140670367,0.9511811585160094,1.348120367332154,1.0196448724032265,3.0025641025641026,0.8778480265883087,734.0307692307692,1730.5461538461539
1091,368.0,78.76955262170047,0.8351670277792466,0.8953771289537713,30.4553838819953,16.750351376590345,-0.6895716379686667,1743.0842391304348,1237.5733695652175,0.7453168245460452,1.8181937320167856,0.45000360391146255,21.646065519224038,0.6366118156199678,0.882574298293891,0.7715186125896449,-0.6362067513220442,1.264077228040303,1.3011027177955692,1.3415614549886092,0.7679033988189947,0.894927536231884,0.8554863587580627,1237.5733695652175,1743.0842391304348
1092,165.0,49.21320343559643,0.8524913590313448,0.953757225433526,20.13022792342783,10.52290182304655,-0.20453930380481153,1739.6,209.15151515151516,0.8561119067972404,1.9129920873479942,0.47725868464708965,14.494292838262302,0.10758822795859833,0.8808101265822784,0.9791546632337894,-0.20311608864766076,0.8835403694820536,1.3009374713975723,1.5581089678608089,0.8015846133465232,1.5818181818181818,0.7153947083217181,209.15151515151516,1739.6
1093,525.0,85.84062043356596,0.5748917532044204,0.9615384615384616,28.788151177896143,23.555313795286715,-0.4777792485429458,1743.88,819.5752380952381,0.8953306902717332,1.2221510368355395,0.18177052601513566,25.854414729132053,0.42159220066627473,0.8829772151898735,0.8880182315013361,-0.4598082432071433,1.087691941528967,1.1928477884982485,1.4709323767949125,0.7996860737800606,0.7053968253968254,0.8161951774029473,819.5752380952381,1743.88
1094,62.0,27.556349186104047,0.5580842167862496,0.9393939393939394,9.784044747819417,8.118646854578554,-0.4489870073776767,1734.6935483870968,899.3064516129032,1.0260255951415214,1.2051324467083642,0.17021568647384122,8.884866446580956,0.4626061993893535,0.8783258472846059,0.9008872571556574,-0.4340531648249512,0.7344759544060359,1.3505681084873666,1.384702696929454,0.8646164137215482,7.150537634408602,0.8628420892681485,899.3064516129032,1734.6935483870968
1095,283.0,67.35533905932738,0.8645889186424858,0.9401993355481728,27.10756270887743,13.6210041005912,-0.4487275359101312,1743.1236749116608,913.2720848056537,0.7838848052607474,1.9901295461544473,0.497520147905792,18.982275710779543,0.46979016708109755,0.8825942657780561,0.9009998512397472,-0.4338193956774563,0.7344759544060359,1.1114945816010011,1.2871706507713454,0.9575055259749454,0.6678445229681979,0.9164017829566329,913.2720848056537,1743.1236749116608
1096,382.0,72.8700576850888,0.5713305372261197,0.955,24.427058616895042,20.047777018838197,-0.3001582306583417,1741.7905759162304,869.3821989528795,0.9040136754260164,1.2184422539188153,0.17927993978889878,22.05396803500069,0.4472130653049792,0.8819192789449268,0.9552897168095961,-0.29567136648285997,1.0602049359991002,1.1330234089593523,1.384702696929454,0.8384733984188362,0.9441535776614312,0.7841035999861314,869.3821989528795,1741.7905759162304
1097,446.0,85.25483399593904,0.8478418765713485,0.9195876288659793,33.39925732944567,17.709927534194858,0.946888035194442,1744.9439461883408,846.0470852017937,0.7710928862429464,1.885905928466245,0.4697508582449431,23.829914749152643,0.4352094059680009,0.8835159221206789,0.5842115891996416,0.811601391721841,0.9987689606993984,1.0602049359991002,1.1928477884982485,0.9225598112150141,1.1068759342301944,0.7848455614238921,846.0470852017937,1744.9439461883408
1098,651.0,114.46803743153546,0.9237799891292846,0.9393939393939394,47.50736463533412,18.19169408557436,0.6337675685139758,1755.4807987711213,698.0660522273425,0.6243417521962312,2.6114865614965725,0.6170763370013564,28.79025779013781,0.3590874754255877,0.8888510373524665,0.805802135527355,0.5921848684148846,1.5015075076285802,1.8965041172397066,1.9704120963660792,0.558823251624819,0.5386584741423451,0.9009827847121853,698.0660522273425,1755.4807987711213
1099,251.0,61.94112549695428,0.8400043743579475,0.9330855018587361,24.33438366565807,13.203340799672228,-0.9784951823020027,1742.2549800796812,742.203187250996,0.8221014244067187,1.8430474555547465,0.4574203735307478,17.876888032555495,0.3817917629891955,0.8821544202935094,0.5582716627537434,-0.8296582131011364,0.6428993140670367,0.9692185227772347,1.3852972326840807,1.0008623865603152,1.3745019920318724,0.8717151581996475,742.203187250996,1742.2549800796812
1100,356.0,72.69848480983501,0.7101077753293138,0.9393139841688655,25.628391745737996,18.04477113420903,-1.3372749952691332,1744.064606741573,1275.564606741573,0.8464652687722294,1.4202669324606751,0.2959070037155228,21.290215544369623,0.656154633097517,0.8830706869577585,0.23140470518823264,-0.9728575756074201,0.6505877918001164,1.0725187175864397,1.2760751180058125,1.0002728653043738,0.7322097378277154,0.7859296104304768,1275.564606741573,1744.064606741573
1101,253.0,61.11269837220809,0.803774981723767,0.9301470588235294,23.555928883466038,14.014209421440997,-1.1514977482069564,1743.5256916996047,1303.901185770751,0.8512702679780726,1.6808603450314306,0.405066576199523,17.94796937867892,0.6707310626392752,0.8827978185820784,0.4071198926708013,-0.9133747275854064,1.2760751180058125,1.6502465261716954,2.156144611922189,0.5902646173793215,1.1660079051383399,0.784327944028529,1303.901185770751,1743.5256916996047
1102,201.0,52.97056274847714,0.42763806205080723,0.9436619718309859,17.12949781496683,15.484210358849442,-1.3715698306340776,1744.278606965174,451.96019900497515,0.9001953138707727,1.1062558191853213,0.09604995277093431,15.99753570059363,0.23248981430297075,0.883179041501354,0.19791118617730205,-0.9802199561251002,1.0563416208731322,2.2605170408312762,2.3782337295538216,0.526769329432635,2.218905472636816,0.8248966721665115,451.96019900497515,1744.278606965174
1103,180.0,60.526911934581186,0.9509672469345255,0.9326424870466321,27.430687003850867,8.484081135808944,1.1585769476658325,1747.6166666666666,117.56666666666666,0.6174265992645434,3.23319479914844,0.6907083976927773,15.138795132120961,0.06047668038408779,0.8848691983122362,0.4006437834230749,0.9162338996154008,0.8998213856364491,1.7634167069373623,2.4879272859472987,0.5823924839433702,2.611111111111111,0.8706346962180073,117.56666666666666,1747.6166666666666
1104,331.0,87.25483399593905,0.9474092122228317,0.8575129533678757,38.85251679387853,12.43376357345196,-0.46184734791582166,1758.9607250755287,1150.8761329305137,0.5463347998181763,3.1247591740311647,0.6799753375201942,20.529059630371258,0.5920144716720749,0.8906130253546981,0.8952308424056625,-0.4456026692083967,0.9280384732478406,1.5403957667630774,2.035550126263721,0.6660769123586849,1.0855991943605237,0.8125953305070618,1150.8761329305137,1758.9607250755287
1105,553.0,95.01219330881975,0.8734098759578635,0.9567474048442907,38.42914705016594,18.714449676217672,1.3043644087397228,1755.0415913200723,1212.1717902350813,0.7697971661075262,2.0534478819861697,0.5130141803098681,26.534910368014152,0.6235451595859471,0.888628653832948,0.26329093254626224,0.9647164789921024,1.264077228040303,1.386092188334831,1.5775834051967745,0.709596829950096,0.6702833031946956,0.8478739125006834,1212.1717902350813,1755.0415913200723
1106,193.0,63.597979746446654,0.9576439028365633,0.8772727272727273,30.147515603440436,8.68113169449791,-0.7870730229119339,1757.2849740932643,1171.419689119171,0.5996261065111733,3.4727633060270113,0.7120448726625016,15.67594437773643,0.602582144608627,0.8897645438446907,0.7059214854483977,-0.7082900933814673,0.7294299741974114,0.9280384732478406,1.8376269784141506,0.8583456628404746,2.316062176165803,0.7472340147447474,1171.419689119171,1757.2849740932643
1107,308.0,64.62741699796952,0.573548361315642,0.9655172413793104,21.948622529000687,17.979690471956605,1.446539313312957,1757.025974025974,186.1038961038961,0.9266740113993757,1.2207452938766954,0.1808282980765621,19.802974013476614,0.09573245684356795,0.8896334045701134,0.1239375095510199,0.9922900250059409,0.6274793311380021,0.8792580793444785,1.0704730520361863,1.1640492864785856,0.6201298701298701,0.7421709862388458,186.1038961038961,1757.025974025974
1108,123.0,38.384776310850235,0.41710031750513943,0.9761904761904762,13.138853298049742,11.941384175615708,0.9467522716558198,1754.3821138211383,1882.3089430894308,1.0490518338717858,1.1002789211722428,0.09113954583934503,12.514330345744634,0.9682659172270734,0.8882947411752599,0.5843217696921764,0.8115220696098185,1.48828807292559,1.726160218590096,1.8720597360434745,0.5897955893799299,2.859078590785908,0.8343797330371204,1882.3089430894308,1754.3821138211383
1109,874.0,115.39696961966997,0.7269959084183812,0.9625550660792952,40.808946663266454,28.021128225547457,1.0123808695699417,1765.779176201373,238.74713958810068,0.8247693023694159,1.4563634388589703,0.31335820900346234,33.35882734897215,0.12281231460293245,0.8940654056715813,0.5298430196733106,0.8480957342797262,1.2824397177474072,1.5268447262340816,1.779043451832588,0.6538329579141227,0.17124332570556824,0.7733485543263218,238.74713958810068,1765.779176201373
1110,601.0,94.56854249492379,0.6222973182929864,0.9524564183835182,31.73675138555561,24.842925047435397,0.9937272046885047,1763.430948419301,766.7687188019967,0.8444830647840784,1.2774965639093245,0.21721902958403638,27.66255531193445,0.3944283532932082,0.892876429579393,0.5455700166387397,0.8380652462337317,0.8825007085468766,1.4602756168976705,1.4873719900285578,0.7832594857699228,0.40765391014975044,0.8218311228969063,766.7687188019967,1763.430948419301
1111,619.0,122.12489168102785,0.9585655776495062,0.8805120910384068,54.42593007702947,15.504421352101774,1.0739463720021556,1767.6413570274638,291.8158319870759,0.5215454128274252,3.5103490056822735,0.7151280404366405,28.07374713484229,0.15011102468470983,0.8950082820392221,0.47665873981668394,0.8790884174850507,1.236526487834827,2.226019158537389,2.3908696132190186,0.5125213002928997,0.6106623586429726,0.9407202167048344,291.8158319870759,1767.6413570274638
1112,81.0,42.21320343559643,0.9039859399887883,0.6864406779661016,17.57751799391349,7.515481964600474,0.5647669380109367,1758.888888888889,205.54320987654322,0.5712132349401593,2.338841085203498,0.5724378170340753,10.155412503859614,0.10573210384595845,0.890576652601969,0.8447133625591435,0.5352189599724817,0.7790598684661427,0.837221924107801,0.8792580793444785,1.2021446877119133,3.7242798353909468,0.8225638037555205,205.54320987654322,1758.888888888889
1113,574.0,113.9827560572969,0.8416882316579901,0.8516320474777448,38.66735149506968,20.87897059983073,-1.2147948095065677,1763.9581881533102,857.4721254355401,0.5551923185739266,1.8519759539956997,0.4600361857601516,27.034043328329254,0.4410864842775412,0.8931433864067393,0.348529259924728,-0.9372979008705404,0.9987689606993984,1.1330234089593523,1.6711369687326096,0.7888655646883517,0.6875725900116144,0.8484494314635658,857.4721254355401,1763.9581881533102
1114,254.0,59.94112549695428,0.6618130590632895,0.9477611940298507,20.940530485128985,15.698464666858465,-1.0635218241312203,1761.763779527559,1259.6220472440946,0.8883698157066459,1.3339221974577689,0.25033108984479635,17.983404693292407,0.6479537280062215,0.8920322934316754,0.485796773825824,-0.8740717902669215,0.7613750603475855,1.0725187175864397,1.2461056678578664,0.9740261492899966,0.9330708661417323,0.9118913897247428,1259.6220472440946,1761.763779527559
1115,394.0,87.3908729652601,0.8689458128381414,0.8242677824267782,33.59423006826702,16.62602762010828,-1.1685477380574212,1769.6548223350253,191.997461928934,0.6482968786256196,2.020580672417301,0.5050927618724275,22.397686948112614,0.0987641265066533,0.8960277581443166,0.39148844346238915,-0.9201830245312047,0.6274793311380021,0.7790598684661427,0.9587905101977251,1.2683221233674407,0.5008460236886633,0.796869255860367,191.997461928934,1769.6548223350253
1116,457.0,78.76955262170047,0.46867417053678784,0.9641350210970464,25.79255890064402,22.784401442577874,0.15953105536573053,1767.4792122538292,1184.0109409190372,0.9255700783085399,1.1320270565653183,0.11662888779876102,24.121991458915023,0.6090591259871591,0.8949261834196603,0.987301886240907,0.15885523417611153,0.7294299741974114,1.386092188334831,1.5403957667630774,0.8205873485180374,0.7855579868708972,0.6385860241456253,1184.0109409190372,1767.4792122538292
1117,356.0,71.698484809835,0.7494248144009545,0.9518716577540107,26.403250115218775,17.481313501702815,-1.102565876742179,1768.0168539325844,820.5786516853933,0.8702417327217343,1.5103699222971372,0.33791054414067667,21.290215544369623,0.4221083599204698,0.8951984070544731,0.45130790252224096,-0.8923682967928519,0.9625358521311722,1.087691941528967,1.4838680151719068,0.8488734211740131,1.2771535580524345,0.8833587513252107,820.5786516853933,1768.0168539325844
1118,388.0,72.52691193458118,0.6410781274587027,0.9651741293532339,25.477605252322608,19.553441006643762,0.8137889326476617,1767.7396907216496,911.409793814433,0.9269220572670211,1.302972977680295,0.23252437530951942,22.22649192646566,0.4688321984642145,0.8950580712514682,0.6867492149791414,0.7268944323115516,0.7742118018188721,1.1114945816010011,1.2143413683181712,0.9677270288233617,0.7972508591065292,0.825173462745171,911.409793814433,1767.7396907216496
1119,309.0,69.35533905932738,0.7966070930211007,0.9169139465875371,25.927416073868663,15.673056307531956,-0.573300104848786,1769.4563106796118,799.2491909385113,0.8072509132441614,1.654266759790099,0.39550257291823687,19.83509564693766,0.4111364150918268,0.8959272459137275,0.8401155516161616,-0.5424074667007014,0.9625358521311722,1.4709323767949125,1.4873719900285578,0.7651421206855114,1.598705501618123,0.8700184959258487,799.2491909385113,1769.4563106796118
1120,117.0,42.97056274847714,0.8745113041761499,0.9285714285714286,17.913248817328533,8.688017622004022,-0.009445332087383268,1767.2564102564102,928.5982905982906,0.796257696461356,2.0618338494111588,0.5149948671734189,12.205286835384658,0.4776740177974746,0.8948133722817266,0.9999553931825115,-0.009445191644897438,0.7742118018188721,1.2871706507713454,1.5853908995040094,0.8226450372291974,3.9544159544159547,0.827362328998646,928.5982905982906,1767.2564102564102
1121,203.0,53.4558441227157,0.7783443491201337,0.9441860465116279,20.362543833260812,12.784371010481602,0.23482937858704073,1776.231527093596,212.2512315270936,0.892720521241566,1.5927685309324993,0.3721623823051414,16.07692842495848,0.10918273226702346,0.8993577352372638,0.9725540551758795,0.23267705035295688,0.837221924107801,0.9587905101977251,1.2824397177474072,0.9745157149833835,2.215106732348112,0.6814264719783982,212.2512315270936,1776.231527093596
1122,181.0,50.04163056034262,0.7849755926170104,0.9627659574468085,19.326481994837508,11.973271409829858,-1.4540949913510268,1771.6850828729282,1245.9281767955802,0.9082920944600156,1.6141354633430247,0.3804733105058562,15.180789096653193,0.6409095559648046,0.8970557381635079,0.11643661926509867,-0.9931981240891036,0.7613750603475855,1.153946913846921,1.1804936553273249,0.9690499561381727,1.0055248618784531,0.9485552723417462,1245.9281767955802,1771.6850828729282
1123,98.0,34.97056274847714,0.5165307867806808,0.9333333333333333,12.079178136914468,10.343021170831538,1.249422375028305,1771.6224489795918,167.33673469387756,1.0070028451507584,1.167857818079217,0.1437313819205268,11.170383851240114,0.08607856722936089,0.8970240247997934,0.31587046697493315,0.9488023229804181,1.0704730520361863,1.1138691463637536,1.3029894158153368,0.8602565892418188,3.292517006802721,0.8529855090955313,167.33673469387756,1771.6224489795918
1124,449.0,84.5269119345812,0.7870611189591404,0.9315352697095436,31.420014436430012,19.382222154148618,0.5862124063144458,1779.109131403118,1825.8195991091313,0.789707384526228,1.6210738988823732,0.3831249761720079,23.90992587997897,0.9392076127104585,0.9008147500775281,0.8330419832843434,0.5532097740330405,1.4616412870415634,2.1613253602939895,2.6618431944930245,0.47734141135559705,0.7535263548626577,0.7956498162392841,1825.8195991091313,1779.109131403118
1125,175.0,51.284271247461895,0.7928148855640272,0.9259259259259259,19.32645432317134,11.778749458434705,-0.4288151594819264,1778.097142857143,753.7657142857142,0.8361410310398386,1.6407899999377065,0.390537484968847,14.927053303604616,0.3877395649617872,0.9003023508137432,0.9094590369524692,-0.415793530620051,0.8825007085468766,1.1622673597490207,1.6956741873463188,0.8020441955693057,2.6076190476190475,0.779525716991781,753.7657142857142,1778.097142857143
1126,730.0,104.32590180780451,0.6765777080018135,0.9455958549222798,35.84400233773073,26.39449249511353,-1.2207326608357485,1783.4657534246576,636.2602739726027,0.8428463863352396,1.358010666216318,0.2636287586855304,30.487126261041215,0.32729437961553637,0.9030206346453963,0.3429576128252288,-0.939350880025787,1.1332673650841283,1.3242219380493578,1.9723365461848434,0.6772275258770378,0.5794520547945206,0.9360655100763403,636.2602739726027,1783.4657534246576
1127,335.0,72.76955262170047,0.8158736757198843,0.9517045454545454,27.432493887689528,15.862295978262742,-1.5123252736055677,1777.0119402985074,1858.2149253731343,0.7949782762233994,1.7294150812267197,0.4217698163643434,20.65272978291924,0.9558718751919415,0.8997528811638013,0.05843774145385997,-0.9982910549402774,0.9034450068641725,1.4616412870415634,1.48828807292559,0.7785384222781692,1.0189054726368159,0.873408517180363,1858.2149253731343,1777.0119402985074
1128,528.0,86.08326112068524,0.6423703691454803,0.9635036496350365,29.752088714119044,22.801832868455204,0.014415732604417978,1786.3295454545455,891.8693181818181,0.8953778865134095,1.3048112792405846,0.2336056440422467,25.928179257714298,0.45878051346801346,0.9044706559263521,0.9998960951261593,0.014415233312666798,1.2143413683181712,1.4589935945022137,1.847461906374245,0.663599822509708,0.8428030303030303,0.8009011014925207,891.8693181818181,1786.3295454545455
1129,375.0,75.698484809835,0.8177586783889372,0.959079283887468,29.074755387362156,16.734302337432865,0.3973774289245292,1787.152,708.5093333333333,0.8223690521727414,1.737434570088112,0.42443875745531745,21.850968611841584,0.36445953360768174,0.9048870886075949,0.9220791026417384,0.38700145797064683,0.9496397945601409,1.5015075076285802,2.078037571890392,0.6623708423052544,1.0604444444444445,0.7937734495380141,708.5093333333333,1787.152
1130,192.0,56.627416997969526,0.7888008085522369,0.9014084507042254,20.872623328513452,12.829335209346343,-1.1982911224365222,1782.8229166666667,1924.5677083333333,0.7524152484329572,1.6269450433649488,0.3853510884843794,15.635280380893438,0.9900039651920438,0.9026951476793249,0.3639499652940068,-0.9314185003329551,1.24966965952551,1.652147845867456,2.2934665303052686,0.577446772762792,1.3993055555555556,0.9370329417509895,1924.5677083333333,1782.8229166666667
1131,309.0,66.76955262170047,0.7856162277392962,0.9537037037037037,25.475972532107473,15.762343523346361,0.8997536729934754,1785.7411003236246,354.84142394822004,0.8709864742415886,1.616255380703624,0.38128589581885386,19.83509564693766,0.18253159668118316,0.90417270902462,0.6218029039827797,0.7831737665413608,0.9202491895174961,1.4388965726305643,1.4522949588602965,0.7871039377483269,1.034519956850054,0.9351271309942906,354.84142394822004,1785.7411003236246
1132,461.0,89.59797974644667,0.8105797247177504,0.9021526418786693,32.39787894777683,18.973114885633233,-0.9679352961632735,1790.0802603036877,390.17353579175705,0.7216296263952753,1.7075677422007842,0.414371696486162,24.22732816723524,0.20070655133320836,0.9063697520525001,0.5670014697113914,-0.8237167798127716,0.9732009014904315,1.2454188793140317,1.6027675928794347,0.7850551924307889,0.6326825741142444,0.8844033737948855,390.17353579175705,1790.0802603036877
1133,166.0,46.04163056034262,0.5707520745763852,0.9595375722543352,16.1283489927617,13.243349355646114,0.49337618938905853,1788.120481927711,310.1144578313253,0.98404862897411,1.2178451658745686,0.1788775551924352,14.538148590038452,0.15952389806138131,0.9053774592039042,0.8807389107997996,0.47360212309826333,0.9955864560895774,1.236526487834827,1.5054257971597729,0.8026672652307454,2.20281124497992,0.7974911649289486,310.1144578313253,1788.120481927711
1134,564.0,90.08326112068524,0.6668201784178261,0.9559322033898305,31.25230636757292,23.289801840496224,0.42845003197243026,1794.363475177305,448.47163120567376,0.8733750245559249,1.3418880324362195,0.2547813410449128,26.797520467958073,0.23069528354201324,0.908538468444205,0.9096107939817218,0.41546143439787714,1.2820343237857197,1.6028551575397376,1.6637409219094692,0.6595391874148402,0.6152482269503546,0.902244181092594,448.47163120567376,1794.363475177305
1135,452.0,85.25483399593904,0.7695341855977603,0.9112903225806451,30.551403015003903,19.51029764754147,1.2637825026241873,1791.3716814159293,1872.2300884955753,0.7814663331430756,1.5659116824829038,0.3613943805474369,23.98967015655475,0.9630813212425798,0.9070236361599642,0.3022134450417021,0.9532402811652612,0.9034450068641725,1.188857544644908,1.2214788515601023,0.9053101683839005,0.6128318584070797,0.8440592351065542,1872.2300884955753,1791.3716814159293
1136,517.0,98.32590180780451,0.8915866477521615,0.8852739726027398,39.30724883287163,17.8002931479194,-0.6237945484995189,1796.7214700193424,771.6402321083173,0.6719926617845459,2.208236038936588,0.5471498597217143,25.65667251667837,0.39693427577588336,0.9097323898832114,0.8116678365094122,-0.5841192713617057,1.1130304055226463,1.1622673597490207,1.4074283260924585,0.814613936951462,0.6389426176660219,0.9030764424387687,771.6402321083173,1796.7214700193424
1137,174.0,47.21320343559642,0.437556214471439,0.9508196721311475,15.700766573509988,14.117988910052686,1.3319591900766716,1788.7298850574712,1265.8505747126437,0.9809168059419834,1.1121107031278574,0.10080894178299116,14.884343478431232,0.6511577030414833,0.9056860177506183,0.23657293269976373,0.9716137336996802,0.7312391657259188,1.1804936553273249,1.2461056678578664,0.9500169215539785,1.0593869731800767,0.9243470351810901,1265.8505747126437,1788.7298850574712
1138,717.0,108.08326112068522,0.798428332461621,0.9192307692307692,39.73498906167611,23.924033948705265,-0.0420150208673502,1802.3960948396095,930.8479776847978,0.7712801244681694,1.6608816534398252,0.3979101413222813,30.2144461073691,0.47883126424115113,0.9126056176403087,0.9991174988426955,-0.04200266070520313,1.5309694254891426,1.5853908995040094,1.7890764187396362,0.6115663409242441,0.4476987447698745,0.8642490335594487,930.8479776847978,1802.3960948396095
1139,268.0,60.2842712474619,0.7049750541375056,0.9605734767025089,22.026466740494467,15.62187728326791,-0.9737779202055319,1792.634328358209,1898.6044776119404,0.926694589744886,1.4099756604852034,0.2907678990317619,18.47236308621676,0.9766483938333027,0.9076629510674475,0.5621791520046273,-0.8270154781207896,1.0465655693113594,1.188857544644908,1.24966965952551,0.860809222304534,1.3171641791044777,0.7897446610707766,1898.6044776119404,1792.634328358209
1140,323.0,69.45584412271572,0.7302577881980648,0.9444444444444444,24.968745880160142,17.057940407089113,-1.4867915153686095,1793.3962848297213,411.53250773993807,0.8413850648005358,1.4637608811075091,0.3168283065172631,20.279456919490165,0.2116936768209558,0.9080487518125171,0.08390604530572356,-0.9964736702799296,0.6223442370322695,0.9732009014904315,1.6637409219094692,0.9204469765388468,1.3085655314757483,0.8452810777645775,411.53250773993807,1793.3962848297213
1141,530.0,83.84062043356595,0.448903839381914,0.9671532846715328,27.5152696082748,24.587096565524615,-0.9058329042704151,1800.9245283018868,822.377358490566,0.9474946504597374,1.1190938928045695,0.10641992916796938,25.977239243415305,0.42303362062271915,0.9118605206591832,0.6170303488858646,-0.7869393550673318,1.2603511013459159,1.3069321122909159,1.4838680151719068,0.7405302420374381,0.8176100628930817,0.8826778589939535,822.377358490566,1800.9245283018868
1142,428.0,76.76955262170047,0.6553390194420282,0.9596412556053812,26.999321350041775,20.393528949201663,-1.1805258512832486,1798.9369158878505,1129.7616822429907,0.9125898067014723,1.3239161018818524,0.24466512751180292,23.34408972623798,0.5811531287258183,0.9108541346267598,0.3804385664645817,-0.9248061943706768,0.7283409639176708,2.035550126263721,2.169487724371778,0.6081025019100866,0.6643302180685358,0.6046887136389858,1129.7616822429907,1798.9369158878505
1143,384.0,75.01219330881976,0.7662015145153777,0.9434889434889435,27.9499598913608,17.96065464662165,0.6789167134372808,1800.8203125,341.0442708333333,0.857585363188443,1.5561771239011108,0.3573996271753791,22.111625566165472,0.17543429569615912,0.911807753164557,0.7782534254068042,0.6279503211581118,0.6298638735593997,0.9202491895174961,1.089396495857506,1.1365747814192921,0.7673611111111112,0.9395941680120057,341.0442708333333,1800.8203125
1144,266.0,58.2842712474619,0.23025675121694666,0.9602888086642599,18.658427764332075,18.157074196067654,0.36565309255448836,1799.0413533834587,176.593984962406,0.9839856372615985,1.0276120239885895,0.026870086515157543,18.403307281560924,0.09084052724403602,0.9109070143713716,0.9338904410388496,0.3575592875821619,1.3029894158153368,1.4938654064259493,1.5402298272407282,0.6917088879873016,1.1704260651629073,0.8220190390758507,176.593984962406,1799.0413533834587
1145,538.0,84.76955262170047,0.6334926742781075,0.9746376811594203,29.86434636528691,23.107498807586175,-1.1396864735642143,1803.1226765799256,658.1375464684015,0.9408326000987706,1.292409300286644,0.22625131235266605,26.17255958188877,0.33854812061131767,0.9129735071290762,0.417879364050639,-0.9085025245427959,1.3242219380493578,1.3245957368532968,1.573857090164284,0.7104501688877863,0.8897149938042132,0.9203041771122059,658.1375464684015,1803.1226765799256
1146,118.0,38.97056274847714,0.6435095275932924,0.9365079365079365,14.102806530141441,10.794825462413803,1.1332674835381844,1796.6610169491526,1251.677966101695,0.976379195376609,1.3064413666756913,0.23456189806316952,12.257335203001883,0.6438672665132176,0.9097017807337481,0.4237023836443036,0.9058014628461004,0.7312391657259188,1.153946913846921,1.611432981718427,0.85797164272511,1.7203389830508475,0.9258595720362149,1251.677966101695,1796.6610169491526
1147,525.0,91.59797974644667,0.5897395972507384,0.9459459459459459,30.015392303748428,24.240234724536098,-0.061100159711824385,1806.5066666666667,582.4647619047619,0.7863164786707683,1.238246768021874,0.1924065333136128,25.854414729132053,0.2996217911032726,0.9146869198312236,0.9981339658777784,-0.06106214998751637,0.9284353453398241,1.5160526731083397,1.9026891752877173,0.6901029947256088,0.8088888888888889,0.8799684517648027,582.4647619047619,1806.5066666666667
1148,483.0,80.18376618407356,0.45689740805146356,0.966,26.38399616235475,23.46907636978867,-1.3955693757451644,1805.4782608695652,794.7577639751553,0.9440262983244144,1.124202578177231,0.11048060250725589,24.798683434954437,0.40882601027528565,0.9141662080352229,0.17433161782950646,-0.9846869995206329,1.1130304055226463,1.2603511013459159,1.6344341778237435,0.7485374168922942,0.9358178053830227,0.8089127418294816,794.7577639751553,1805.4782608695652
1149,413.0,72.87005768508881,0.5290870136070804,0.9786729857819905,24.925892139163178,21.151303886763504,-1.4854818893893142,1805.4188861985472,474.7118644067797,0.9773760417563994,1.1784565279099324,0.1514324234144101,22.93137440223813,0.24419334588826117,0.9141361449106568,0.08521098078449849,-0.9963629302386474,0.9828407058208702,1.2820343237857197,1.7528234143168215,0.7466961599712307,1.2437449556093623,0.8322691805862714,474.7118644067797,1805.4188861985472
1150,461.0,83.35533905932738,0.6388930366850591,0.948559670781893,28.076652576105026,21.59924469638366,-0.17935485584144448,1810.0954446854664,849.9175704989154,0.8337655459357117,1.2998904809299128,0.23070442112583045,24.22732816723524,0.4372003963471787,0.9165040226255526,0.9839589879203444,-0.1783948152014836,1.0282776422269067,1.3069321122909159,1.8967747737001834,0.7088872797139534,1.0144613159797542,0.8941307624171245,849.9175704989154,1810.0954446854664
1151,94.0,34.142135623730944,0.4851088666969996,0.9494949494949495,11.727349019607239,10.255024505872587,0.622373255948218,1802.2446808510638,327.1276595744681,1.0133427187709771,1.1435710380693405,0.125546234811724,10.940041919714261,0.1682755450485947,0.9125289523296526,0.8124972207855513,0.582965064318399,0.6298638735593997,0.9955864560895774,1.4522949588602965,0.9747395313057469,3.0460992907801416,0.9042068221347139,327.1276595744681,1802.2446808510638
1152,491.0,84.42640687119285,0.5896883712808412,0.9406130268199234,28.073377521937378,22.67292635705489,-0.09361259092415518,1811.3808553971487,602.5010183299389,0.8656348714679576,1.23818941939103,0.19236912839085407,25.003212122944625,0.30992850737136773,0.9171548634922272,0.9956215402976774,-0.09347592468267125,0.9284353453398241,1.135551823061675,1.2078964730188648,0.9169030224735206,0.7644263408010862,0.8901699221002956,602.5010183299389,1811.3808553971487
1153,367.0,70.76955262170046,0.6305176470907062,0.963254593175853,24.566189964416072,19.06766037635966,-1.3957740155587217,1808.0844686648502,705.9237057220708,0.9208375653779721,1.288369389821604,0.22382508626779274,21.616635097022034,0.3631294782520941,0.9154858069189115,0.1741301080166366,-0.9847226540920618,0.9496397945601409,1.6279930529426043,1.9163472713260514,0.6675596955648856,1.0399636693914625,0.8052883539561989,705.9237057220708,1808.0844686648502
1154,240.0,54.8700576850888,0.378753063864794,0.97165991902834,18.20698476214364,16.85052374009525,1.316242852537115,1807.5833333333333,629.0583333333333,1.0017290586622927,1.0804996356772423,0.07450223305886283,17.480774889473267,0.32358967764060353,0.9152320675105485,0.25181329693040677,0.9677758332842574,1.1332673650841283,1.1906286377853406,1.2078964730188648,0.8494270318771846,2.343055555555556,0.8749394480474274,629.0583333333333,1807.5833333333333
1155,243.0,56.970562748477136,0.6961428527593287,0.972,20.866427980618933,14.98007722167154,-1.5554342371011705,1807.2139917695474,411.8888888888889,0.9408385823425325,1.3929452880544344,0.28209671365001854,17.58969042850512,0.2118770004572474,0.9150450591238215,0.015361485474535964,-0.9998820054206474,0.6223442370322695,1.2454188793140317,1.7457912278502432,0.8302075226343482,1.849108367626886,0.8121299052505787,411.8888888888889,1807.2139917695474
1156,373.0,71.35533905932738,0.5323268031622231,0.9638242894056848,23.84933635352898,20.189391884003808,-0.465705915238255,1812.4101876675604,872.6380697050938,0.9205889286366142,1.1812805700415856,0.15346106135920257,21.792621462004423,0.44888789593883427,0.9176760443886381,0.8935047944413603,-0.44905365192847774,1.0282776422269067,1.184566430386265,1.4589935945022137,0.8170295835427864,1.3306523681858802,0.847817380201381,872.6380697050938,1812.4101876675604
1157,672.0,107.1543289325507,0.6311737510703243,0.9020134228187919,35.018879404087556,27.162095233643512,1.2175152793989195,1818.0684523809523,511.5297619047619,0.7354610804820421,1.289255453338978,0.22435852614766894,29.25093116572581,0.2631325935724084,0.9205409885473176,0.3459780826263766,0.9382425946108907,1.2812652765228587,1.5120407588861398,1.7528234143168215,0.659902018448008,0.6374007936507936,0.9330248431438807,511.5297619047619,1818.0684523809523
1158,415.0,79.01219330881975,0.6057708052924345,0.9367945823927766,26.37251459525499,20.983006329681125,0.2419368063082572,1814.5975903614458,1906.2144578313253,0.8353524016362969,1.2568511004045324,0.20436080321834615,22.98683125324351,0.9805629927115871,0.9187835900564283,0.9708757693435033,0.23958347293096105,1.0465655693113594,1.6401326532560185,1.652147845867456,0.6914280784988068,0.5526104417670683,0.8298715591764069,1906.2144578313253,1814.5975903614458
1159,481.0,80.42640687119285,0.6238827407706762,0.9717171717171718,28.04639242555954,21.91875946494515,-1.1785411025120136,1817.4781704781706,358.5925155925156,0.9344533110234515,1.2795611207109765,0.21848203746268946,24.747287144606645,0.1844611705722817,0.9202421116345167,0.38227332390058827,-0.924049298378607,1.089396495857506,1.4388965726305643,1.5739938165018303,0.7312994152059128,0.5453915453915453,0.9139715187336696,358.5925155925156,1817.4781704781706
1160,333.0,67.1126983722081,0.5539092951547384,0.9541547277936963,22.665172459790906,18.87050172406547,-1.359777841920289,1816.7057057057057,747.6036036036036,0.9290619979520534,1.2010900818225787,0.16742298089535224,20.590987552733093,0.3845697549401253,0.919850990230737,0.20945590124852198,-0.9778180942446143,1.4074283260924585,1.7279660542930892,1.7603385107104923,0.6127785291260794,1.015015015015015,0.7970087382746694,747.6036036036036,1816.7057057057057
1161,180.0,54.79898987322333,0.8956572308710666,0.9183673469387755,22.841936701694177,10.158837389116561,-1.24767337340428,1815.111111111111,1129.4888888888888,0.7532467438608159,2.2484794102684784,0.5552549890236285,15.138795132120961,0.5810128029263831,0.9190436005625879,0.3175294398078454,-0.9482484141064069,0.7283409639176708,1.629124187256319,2.7053330681900003,0.592557686483676,2.0388888888888888,0.6578030679192045,1129.4888888888888,1815.111111111111
1162,228.0,59.45584412271571,0.8163250192906158,0.9382716049382716,22.773433307500174,13.153771509264082,-0.03877589002921319,1818.407894736842,1869.9868421052631,0.8105048393513772,1.7313234680609322,0.42240718245447706,17.03815178355966,0.96192738791423,0.9207128580946036,0.9992483093682372,-0.038766173717815336,1.2214788515601023,1.6401326532560185,1.7340309961162776,0.6527922916961748,1.6593567251461987,0.8478377748414195,1869.9868421052631,1818.407894736842
1163,305.0,65.698484809835,0.7898592460236967,0.953125,25.18653289269439,15.44660250231659,-1.4658846228947973,1825.3967213114754,465.9147540983607,0.887971436720847,1.6305548672542758,0.38671183651494034,19.706294962377495,0.2396680833839304,0.9242515044615065,0.10471935860577682,-0.9945018129361025,0.9828407058208702,1.0198457958127267,1.300485447688033,0.90821793295263,1.484153005464481,0.8067675292445408,465.9147540983607,1825.3967213114754
1164,442.0,82.76955262170048,0.8034644174599092,0.9266247379454927,31.317558181233743,18.644995252945296,1.213010393233469,1830.3099547511313,162.71945701357467,0.8107573934511741,1.6796763826628809,0.404647222333003,23.722813466638858,0.08370342438969891,0.9267392175955095,0.3502012337811058,0.9366744876733812,1.5141193346304076,1.5402298272407282,2.6505494728502375,0.5258638570265359,0.41402714932126694,0.9804919539212795,162.71945701357467,1830.3099547511313
1165,361.0,71.69848480983501,0.4719576261706871,0.94750656167979,23.149919849716714,20.409460889936454,-1.4636675370144216,1833.1163434903046,615.2936288088642,0.8824642289678256,1.1342739514070914,0.11837876664673608,21.43920417481474,0.316509068317317,0.9281601739191416,0.10692399535457897,-0.9942671970941283,1.0560115050443617,1.135551823061675,1.306026493329928,0.8577335116924388,1.105263157894737,0.927900338823112,615.2936288088642,1833.1163434903046
1166,466.0,79.94112549695427,0.5548941080690976,0.9568788501026694,26.79875723392872,22.294448571953062,1.2646880022930247,1832.1952789699571,638.7296137339056,0.9163370863390853,1.2020372312613365,0.16807901286828897,24.35835848013133,0.3285646161182642,0.9276938121366871,0.30135016250386576,0.95351354450731,1.0560115050443617,1.1906286377853406,1.5639172155552614,0.787286404021352,0.7246065808297568,0.9045023324021312,638.7296137339056,1832.1952789699571
1167,199.0,51.79898987322333,0.7864905667529515,0.9660194174757282,20.261350404115593,12.513456404717738,1.5645655249105375,1828.356783919598,543.4974874371859,0.9320095426790276,1.6191649811859172,0.38239771016565915,15.91774699517169,0.2795768968298281,0.925750270339037,0.006230761568145849,0.9999805886167396,1.5120407588861398,1.5333387806727663,1.7232121548643315,0.6291165594044115,3.100502512562814,0.8517032428179881,543.4974874371859,1828.356783919598
1168,500.0,87.84062043356595,0.76162333707127,0.9416195856873822,31.539137426094744,20.437991154169485,-0.6355215597090277,1836.802,882.498,0.8143087081550217,1.5431622994738674,0.35198002158234143,25.2313252202016,0.4539598765432099,0.930026329113924,0.8047622094960775,-0.5935973266171197,0.6823950262927582,1.184566430386265,1.2769358701107805,0.9542296354389108,0.796,0.7971569992624238,882.498,1836.802
1169,458.0,81.35533905932738,0.5858907827384755,0.9521829521829522,27.187577321520575,22.03254143311323,1.3231365645431907,1835.0087336244542,940.471615720524,0.8695673469499691,1.2339737294518243,0.18960997618301312,24.148368712786887,0.48378169532948767,0.9291183461389642,0.24513579842027583,0.9694887520404009,1.2661110769091233,1.463955441129637,1.5309694254891426,0.7040541407675067,1.019650655021834,0.8681923553021135,940.471615720524,1835.0087336244542
1170,342.0,91.39696961966999,0.9584560244806776,0.912,40.394182162923514,11.52205008235183,-0.6620986359655333,1837.8479532163742,1101.342105263158,0.514484597237965,3.505815534059754,0.7147596642536425,20.867389014906145,0.5665340047649989,0.9305559256791768,0.7887037836951859,-0.6147734066994907,1.4010802026471096,1.629124187256319,2.169487724371778,0.576957237864876,0.9064327485380117,0.8525826279188319,1101.342105263158,1837.8479532163742
1171,422.0,77.11269837220809,0.578031772520148,0.9634703196347032,26.040714991399103,21.249594732632136,-0.3924141999779095,1839.4881516587677,575.6824644549763,0.8918062548586246,1.2254687827720987,0.18398574157235736,23.179885415554555,0.2961329549665516,0.9313864059031736,0.9239885145346314,-0.3824202204487692,0.774218733145498,1.5160526731083397,1.5333387806727663,0.784598809328778,0.744865718799368,0.8718309217605098,575.6824644549763,1839.4881516587677
1172,493.0,87.25483399593904,0.6677238378005104,0.9354838709677419,29.57855519667367,22.018545022874836,1.0179191152008056,1841.1014198782962,449.5922920892495,0.8137252456506375,1.3433473994737082,0.25559092131210703,25.05408341078227,0.23127175518994317,0.9322032505712892,0.5251379554939416,0.851017113634998,1.0198457958127267,1.2881444380276665,1.964765368178458,0.7021230043165863,0.7910750507099391,0.8315162596012772,449.5922920892495,1841.1014198782962
1173,437.0,90.91168824543142,0.9245890018598247,0.9397849462365592,38.81542018556223,14.787359670308495,-1.124049588058809,1841.2173913043478,691.4462242562929,0.6644340117438019,2.6249053956197215,0.619033889118923,23.58825303088947,0.35568221412360745,0.9322619702806824,0.432033847827986,-0.9018573913490673,1.040117144090908,1.1462688734609794,1.6279930529426043,0.786497604080835,0.5766590389016019,0.9389901890539947,691.4462242562929,1841.2173913043478
1174,322.0,67.698484809835,0.6540892332917909,0.9526627218934911,23.519550843839447,17.79059737205478,-0.2824738156760612,1842.0683229813665,776.4068322981367,0.8828925219996239,1.322021422438778,0.24358260537468002,20.248040236149336,0.3993862306060374,0.9326928217627172,0.9603688453577474,-0.2787322745327983,0.8954889854591668,1.1635749417727659,1.1878448631011251,0.9239557356621247,1.3737060041407867,0.7910009690576066,776.4068322981367,1842.0683229813665
1175,255.0,66.18376618407356,0.8767263628457312,0.9107142857142857,26.570989198823018,12.780366410978822,-0.3255900210893523,1845.4549019607844,894.9411764705883,0.7315551809691114,2.079047528402435,0.5190105149888459,18.01877032173579,0.4603606874848705,0.9344075452965996,0.94746216255768,-0.3198678641588186,0.6823950262927582,0.8143637653916237,1.052417204636471,1.1768508742942063,1.9699346405228757,0.8293427884630474,894.9411764705883,1845.4549019607844
1176,673.0,97.49747468305831,0.7204959655874538,0.9725433526011561,35.43040744796457,24.569539488438124,-1.20221036856029,1845.0430906389302,502.46508172362553,0.8896889449962154,1.4420460531886374,0.3065408710153117,29.2726871606753,0.2584696922446633,0.9341990332349014,0.3602967210710799,-0.9328377526587507,1.2460957416382976,1.2812652765228587,1.8683362895331217,0.6824855739608745,0.7077761267954432,0.7508779391764916,502.46508172362553,1845.0430906389302
1177,550.0,94.66904755831213,0.6349395514968517,0.9259259259259259,31.450521876445766,24.297472425361235,-0.4454820827674054,1847.5745454545454,829.209090909091,0.771181384999235,1.2943947965393436,0.22743817985550385,26.462837142006137,0.42654788627010853,0.9354807825086305,0.9024030441929133,-0.4308929633114968,1.2616110012314143,1.2911518689471397,1.5441918797734593,0.7322511921897937,0.769090909090909,0.8444939933738741,829.209090909091,1847.5745454545454
1178,322.0,67.35533905932738,0.7359125036810452,0.9611940298507463,24.73269529650578,16.745930421134997,-0.5389568544292598,1846.0900621118012,1071.3354037267081,0.8919113331942072,1.4769376603458657,0.3229233522518328,20.248040236149336,0.5510984587071543,0.934729145373064,0.8582445332900506,-0.5132409970742238,1.4010802026471096,2.1567772731267314,2.2388930275682246,0.5175313304014681,0.953416149068323,0.6843114637437263,1071.3354037267081,1846.0900621118012
1179,602.0,93.49747468305833,0.4947393639609373,0.9647435897435898,29.88400007722068,25.97043338220198,-0.4530947873438713,1849.250830564784,794.953488372093,0.865379480816866,1.1506931608503976,0.1309585960683305,27.685559519911603,0.40892669154943057,0.9363295344631818,0.8990966665649053,-0.43775013897413606,0.8954889854591668,1.0978942430078051,1.4576388919268322,0.8693076704062572,1.0603543743078627,0.8804482179785188,794.953488372093,1849.250830564784
1180,231.0,55.45584412271571,0.6956578811843389,0.9625,20.25025562931661,14.547241752870294,-1.012763592353555,1844.6753246753246,396.82683982683983,0.9439026455100639,1.392034034583983,0.28162675972297224,17.14987856615383,0.20412903283273653,0.9340128226204175,0.5295183953162047,-0.8482984551569993,1.817912496134387,2.112586244651054,2.381189005963886,0.47530868451866515,1.7561327561327562,0.8963390463388738,396.82683982683983,1844.6753246753246
1181,392.0,82.08326112068524,0.8096924086126759,0.9423076923076923,30.440708277498583,17.86426661676832,-0.4602170764162166,1852.216836734694,1895.0561224489795,0.7311167373890577,1.7039998859469199,0.41314550062642996,22.34076770248023,0.9748231082556479,0.9378313097390856,0.8959561057502666,-0.44414260836899777,1.721742428999285,1.7667318025677,1.8950580269843256,0.5572549500812853,1.2066326530612246,0.7216676509636676,1895.0561224489795,1852.216836734694
1182,447.0,96.42640687119285,0.7303070214607357,0.9103869653767821,29.237906920161755,19.97297158304479,-1.5574037320864047,1847.9194630872482,254.7897091722595,0.6041230678860501,1.4638736553844618,0.3168809368747285,23.85661494212072,0.13106466521206764,0.9356554243479738,0.013392194359228688,-0.9999103205439199,3.667987879100377,3.753198386937029,3.7682133012683154,0.2681109010322317,0.9269202087994034,0.900512817528364,254.7897091722595,1847.9194630872482
1183,452.0,95.01219330881976,0.4264525587677862,0.8324125230202578,27.53547961293258,24.906114762352523,-0.05690095315766194,1852.5287610619469,475.820796460177,0.6292013003265855,1.105571056572603,0.09549006908690716,23.98967015655475,0.24476378418733385,0.9379892461073148,0.9983815775019419,-0.05687025325013071,1.2460957416382976,1.2881444380276665,1.300485447688033,0.7823245497931577,1.0848082595870205,0.8637952091225666,475.820796460177,1852.5287610619469
1184,441.0,77.01219330881976,0.45704631848225086,0.9607843137254902,25.16484269390934,22.382690527928986,-1.5012701716747237,1850.9954648526077,912.1587301587301,0.934392769052575,1.124299273249067,0.11055710539584329,23.695962509005764,0.469217453785355,0.937212893596257,0.06947015506928737,-0.9975840303225835,0.8143637653916237,0.8725472473410919,1.463955441129637,0.9521190580205583,0.7226001511715798,0.8333422334348922,912.1587301587301,1850.9954648526077
1185,433.0,86.42640687119285,0.811696550027423,0.9002079002079002,31.414207844005286,18.348390732330092,1.5038372132845415,1851.6558891454965,856.9307159353349,0.7284585494753071,1.7120960798296638,0.4159206298168209,23.480049464818542,0.44080798144821753,0.9375472856432894,0.06690908927298136,0.9977590760161795,0.7490848766116847,1.2616110012314143,1.2969356067425373,0.9069934223267394,1.0392609699769053,0.8167174076700768,856.9307159353349,1851.6558891454965
1186,281.0,62.52691193458119,0.6115774653036425,0.95578231292517,21.60432287863565,17.093006635541187,1.2237522063654953,1851.4661921708184,714.7508896797153,0.9031964526110873,1.2639276014621186,0.20881544255921436,18.91508160359296,0.3676702107405943,0.9374512365421865,0.34011964090137603,0.9403821722433486,0.7917038115228964,1.1462688734609794,1.6487011525958555,0.8364295544711098,1.2241992882562278,0.8038360716996271,714.7508896797153,1851.4661921708184
1187,296.0,71.35533905932738,0.8981543392401717,0.9164086687306502,29.975042237829012,13.179436132761797,0.49572151880536097,1856.793918918919,1295.777027027027,0.7305477825105572,2.2743797182123933,0.5603196810135225,19.413369239820483,0.666551968635302,0.9401488197057818,0.8796257365452332,0.47566644153992604,1.4643122178686623,2.33644978430089,3.3476982275902154,0.4196707967277617,0.706081081081081,0.8612327243579037,1295.777027027027,1856.793918918919
1188,219.0,55.384776310850235,0.6931948302688746,0.9521739130434783,19.83293917503597,14.2945959293645,-1.3158754386930511,1856.0867579908677,580.1735159817351,0.8971667439317337,1.387443147958761,0.27924974693829907,16.698486766680407,0.29844316665727116,0.9397907635396798,0.25216885416499835,-0.9676832482734791,0.774218733145498,1.5676915991509872,1.8163138160813697,0.721461829124896,2.529680365296804,0.7866709526722994,580.1735159817351,1856.0867579908677
1189,514.0,113.05382386916236,0.8710037332724386,0.743849493487699,41.37681814295936,20.327454068215438,0.4363135592299598,1868.5428015564203,634.7665369649806,0.5053618695046028,2.035514039490921,0.5087236046526613,25.582125126616702,0.32652599638116286,0.9460976210412254,0.9063157125623699,0.42260126497984324,0.7461093095780238,1.503853022538682,1.6462332573399587,0.7699818787635244,0.72568093385214,0.8400927861583493,634.7665369649806,1868.5428015564203
1190,566.0,98.08326112068525,0.7237909617788015,0.8984126984126984,32.733137300014135,22.586496706549287,0.2822030049509995,1865.1625441696112,882.3727915194346,0.7393268881815457,1.4492348116351608,0.30998069327929856,26.844991754889815,0.45389546888859805,0.9443860983137272,0.9604442938302085,0.27847218613174296,1.052417204636471,1.1452560926084958,1.2175053964746148,0.8784313410940741,0.3733804475853946,0.8288022020523961,882.3727915194346,1865.1625441696112
1191,243.0,58.284271247461895,0.6161686069321894,0.9418604651162791,19.98708235784245,15.74211140154107,-0.4325860186441267,1860.6625514403293,928.9547325102881,0.898904172385596,1.269657026813177,0.21238572395413957,17.58969042850512,0.4778573726904774,0.9421076209824452,0.9078846758600797,-0.4192200082754138,0.8725472473410919,1.1361815395729298,1.1635424176787152,0.9456946794639353,1.4828532235939642,0.8879431405393851,928.9547325102881,1860.6625514403293
1192,757.0,101.25483399593904,0.5649826037630725,0.9767741935483871,34.30797895157909,28.307610054070512,-1.462869191090002,1866.4742404227213,546.9405548216645,0.9278423931132981,1.2119701693660199,0.17489718371278173,31.045810270703488,0.28134802202760517,0.9450502483153019,0.10771773036050956,-0.99418151791611,1.4033216188666475,1.5676915991509872,1.5856355911141258,0.6583785860318759,0.404227212681638,0.8028621470420542,546.9405548216645,1866.4742404227213
1193,372.0,88.2842712474619,0.9456955529718118,0.9253731343283582,39.30133798308093,12.775046124680093,-1.4600139990878964,1858.5,1002.8655913978495,0.5997719225550939,3.0764145662969256,0.6749462796869741,21.76338922689847,0.5158773618301695,0.9410126582278481,0.1105558665586587,-0.9938699111903248,1.2070246479173599,1.5535242740836124,1.8977261920886943,0.6440152044532622,0.739247311827957,0.7338316630550739,1002.8655913978495,1858.5
1194,185.0,49.45584412271571,0.7761606996975419,0.9736842105263158,19.35539435665747,12.204256374389011,-0.51148138281271,1862.7297297297298,153.78378378378378,0.9504873793514814,1.5859544213832915,0.36946485566225407,15.347615963921077,0.07910688466244022,0.9431542935340405,0.8720203729105938,-0.4894695794723804,1.5141193346304076,2.9356095550427064,3.045914574042139,0.40023248364497777,2.1603603603603605,0.8465443727169865,153.78378378378378,1862.7297297297298
1195,248.0,71.31980515339464,0.8321384024822777,0.7948717948717948,25.987336428118176,14.41174548091818,-0.03361360182006863,1865.633064516129,764.5443548387096,0.6126906443952476,1.8032053412632507,0.44543198873876355,17.769732893161912,0.3932841331474844,0.9446243364638628,0.9994351160766614,-0.03360727232059216,0.6620520161284873,1.1878448631011251,1.4844367542574002,0.8997299999828243,1.4489247311827955,0.8762973836760385,764.5443548387096,1865.633064516129
1196,477.0,81.84062043356595,0.600738597603031,0.9616935483870968,27.81118212501128,22.233524919249433,0.05455116390143892,1867.7714884696018,779.0922431865828,0.8949327819607066,1.2508669779542154,0.20055448131223885,24.64417299969047,0.40076761480791295,0.9457070827694186,0.9985124542036132,0.05452411209985176,0.6620520161284873,1.0978942430078051,1.1635749417727659,1.0261598236630405,0.8190076869322153,0.7869875490705791,779.0922431865828,1867.7714884696018
1197,412.0,79.01219330881976,0.7112923715019215,0.9279279279279279,27.772683547107572,19.521315591427292,-1.1842369300173423,1864.7305825242718,650.8932038834952,0.8293137095762753,1.4226850345733786,0.29710373294263925,22.903595622322865,0.3348216069359543,0.9441673835565934,0.3770039260241934,-0.926211660346783,0.7461093095780238,0.961510843398702,1.5639172155552614,0.9170000712375075,0.9878640776699029,0.7321088394677918,650.8932038834952,1864.7305825242718
1198,108.0,36.970562748477136,0.6989131547473958,0.972972972972973,13.932125008418534,9.964346992852512,0.2823598643409129,1862.2962962962963,700.8981481481482,0.9929365491729245,1.3981974953714613,0.28479345492295527,11.726460285670077,0.36054431489102273,0.942934833567745,0.9604006010373606,0.2786228374112155,0.7917038115228964,1.040117144090908,1.517808797822174,0.8956213733540742,3.719135802469136,0.7739227061790147,700.8981481481482,1862.2962962962963
1199,504.0,96.08326112068524,0.9032738343098985,0.9509433962264151,39.28560761485792,16.85606119494286,-0.47025714737494434,1874.873015873016,1852.5119047619048,0.6860328797119922,2.3306516961770614,0.5709354591077305,25.332049473868512,0.9529382226141486,0.9493027928470966,0.891451800199804,-0.4531155348479335,1.463669518284191,2.1702219302784838,2.661289155148711,0.47655503294557117,0.9232804232804233,0.6869224295479213,1852.5119047619048,1874.873015873016
1200,234.0,55.941125496954285,0.4033544666529885,0.9629629629629629,18.25552873403894,16.70460856647685,-1.0046493984810843,1866.940170940171,850.3589743589744,0.9396439498294494,1.0928438497310562,0.08495618999357013,17.26088217525478,0.4374274559459745,0.9452861625013523,0.5363841462232855,-0.8439739614942614,0.7490848766116847,1.0337524043262258,1.2911518689471397,0.9759305754583366,1.9344729344729346,0.810497221062794,850.3589743589744,1866.940170940171
1201,1116.0,127.4386001800126,0.57181139126734,0.9554794520547946,41.91144644081387,34.38352670351946,-0.5808996806025372,1880.671146953405,802.7544802867384,0.863519349975226,1.2189397208205481,0.17961488749678733,37.69529588588531,0.41293954747260203,0.9522385554194456,0.8359692649490978,-0.5487762641190533,1.1779445484595301,1.2134143039627003,1.4576388919268322,0.7794236835821675,0.4056152927120669,0.8704597032817859,802.7544802867384,1880.671146953405
1202,348.0,83.84062043356595,0.9427181808672795,0.90625,37.130331334128094,12.38631520823962,-1.079655481434371,1869.344827586207,1027.382183908046,0.6221285629433746,2.99768984640632,0.6664097851220945,21.049640414216977,0.5284887777304763,0.9465037101702314,0.471632187034604,-0.8817953731750673,1.2070246479173599,1.231183664963696,1.2556951178462727,0.8121490061285389,0.8084291187739463,0.7787235082489191,1027.382183908046,1869.344827586207
1203,309.0,65.698484809835,0.7316297853813677,0.9537037037037037,24.15171361340938,16.464275731115734,-0.04609780734647696,1872.7605177993528,951.1003236245955,0.8996169637598088,1.466916249936534,0.3182978237215214,19.83509564693766,0.489249137666973,0.9482331735692926,0.998937684218027,-0.046081482714052546,0.9197211139583646,1.1361815395729298,1.5475292064558315,0.8325396778866017,0.9525350593311758,0.8653906623942268,951.1003236245955,1872.7605177993528
1204,776.0,137.0538238691624,0.9433021430606201,0.91725768321513,55.344995511465974,18.370959648654548,-0.38040322410692523,1888.215206185567,1882.1559278350514,0.5191457119033289,3.0126349722573873,0.6680646645847395,31.433006326383836,0.9681872056764668,0.9560583322458567,0.9285149960099017,-0.37129489921722897,1.463669518284191,1.721742428999285,2.4593171191498637,0.53146926357186,0.43041237113402064,0.7265172812745716,1882.1559278350514,1888.215206185567
1205,241.0,62.526911934581186,0.8844934808405647,0.94140625,25.848589310940003,12.059725269083929,-0.38303625955140713,1879.4979253112033,666.3195020746888,0.7746275625596871,2.1433812739669063,0.5334474495294859,17.517155313611116,0.3427569455116712,0.9516445191449131,0.9275341458718966,-0.3737384222175867,0.961510843398702,1.503853022538682,1.7388951513058701,0.7135621253818728,1.43015214384509,0.7758707094179341,666.3195020746888,1879.4979253112033
1206,487.0,90.08326112068522,0.7281668112132097,0.9154135338345865,30.882741290676762,21.16702941731743,0.0012973546413139459,1886.9158110882956,723.9260780287474,0.7541376541821552,1.4590021434661302,0.3146000473828541,24.901157769991823,0.3723899578337178,0.955400410677618,0.9999991584355854,0.0012973542773780924,1.0453627071839924,1.0577818565360038,1.218793060535617,0.9030873963722442,1.138945927446954,0.8029635040281583,723.9260780287474,1886.9158110882956
1207,233.0,56.970562748477136,0.7079565983604165,0.9510204081632653,20.700970558744796,14.620183450961312,-0.17135486995768137,1883.1030042918455,902.6051502145923,0.9021209452090949,1.4159172918848468,0.2937440585467985,17.22396045987371,0.46430306080997547,0.9534698755908079,0.9853546422922302,-0.17051753256821156,0.729941397207768,1.2175053964746148,1.2876467760173398,0.9273302101980487,1.492131616595136,0.8072923523220995,902.6051502145923,1883.1030042918455
1208,331.0,70.79898987322332,0.632348167020982,0.9538904899135446,23.761245755296237,18.40746451046849,1.489927746018441,1884.4108761329305,918.7643504531723,0.8298196888057714,1.2908483806546525,0.22531567999267976,20.529059630371258,0.47261540661171414,0.9541320891812306,0.08078046651521842,0.9967319179345987,0.729941397207768,1.1635424176787152,1.5336321499008594,0.8753716042363783,0.9234642497482377,0.9118059622157553,918.7643504531723,1884.4108761329305
1209,309.0,66.90559159102155,0.6930496521015361,0.944954128440367,23.421748434336408,16.88450077874207,1.4333715396083175,1883.1585760517798,968.6828478964401,0.8674481259913134,1.3871744709103195,0.27911014730269657,19.83509564693766,0.4982936460372634,0.9534980131907747,0.13699263783598598,0.9905720656159946,0.9197211139583646,1.4275575592472183,1.6686383149610062,0.7470273934545665,1.1758360302049622,0.8615468810135694,968.6828478964401,1883.1585760517798
1210,810.0,117.15432893255071,0.8587451665469185,0.9585798816568047,45.24755631307009,23.184979381968667,0.5299535203380286,1897.6333333333334,703.0197530864198,0.7416144811613125,1.9515892409315596,0.4875970931656366,32.11423409074988,0.36163567545597725,0.9608270042194094,0.8628305666015805,0.5054932376778105,1.0577818565360038,1.3202851331594363,1.3491550896511395,0.8048889859887101,0.5506172839506173,0.8487522885390487,703.0197530864198,1897.6333333333334
1211,397.0,81.35533905932738,0.7561771177610737,0.9232558139534883,28.966854506075165,18.954953591509856,0.8972446911002038,1887.2846347607053,514.8312342569269,0.7537516086007374,1.528194430349318,0.3456330031438357,22.48279562821002,0.26483088181940684,0.9555871568408635,0.6237659136001931,0.7816112109166017,1.4332632444337516,1.722791990688395,1.9817339359873472,0.5839087397492718,1.3820319059613768,0.9295289417529888,514.8312342569269,1887.2846347607053
1212,375.0,71.11269837220809,0.5184841130597522,0.9615384615384616,23.681019892906345,20.249338445945355,-0.9961726698277626,1888.0,859.504,0.9318517287138397,1.1694712869816315,0.1449127386607597,21.850968611841584,0.4421316872427984,0.9559493670886076,0.5435189280020778,-0.8393969114212133,0.6877187572392862,1.0337524043262258,1.2828987048869254,0.9985454965111877,0.8702222222222221,0.8838643873220899,859.504,1888.0
1213,483.0,105.9827560572969,0.7413626650093316,0.7476780185758514,34.35980603994913,23.059024267110384,-0.09290916799499237,1894.592132505176,568.1449275362319,0.5403642100449756,1.4900806574438323,0.3288953889815227,24.798683434954437,0.2922556211606131,0.9592871556988234,0.9956870470823421,-0.09277555859409164,0.9632102849007589,1.0527995041667577,1.5856355911141258,0.8329526322907171,1.119392684610076,0.8913733549184671,568.1449275362319,1894.592132505176
1214,231.0,56.284271247461895,0.7880928430908613,0.9665271966527197,21.8914072580393,13.475395648657548,-0.9474639077103683,1887.991341991342,1048.121212121212,0.9163212310498393,1.6245465312345153,0.38444360886352313,17.14987856615383,0.539157002119965,0.9559449832867555,0.5837441134192992,-0.8119376885256137,1.0044836665653518,1.2507623239333463,1.2556951178462727,0.8544717519953434,1.533910533910534,0.7561150601625114,1048.121212121212,1887.991341991342
1215,146.0,46.384776310850235,0.6956853861481594,0.9358974358974359,16.581302175590782,11.911122107982203,0.17620337504424674,1889.4178082191781,874.7123287671233,0.8527304799789815,1.3920856511477513,0.28165339598499795,13.63425735166143,0.4499549016291786,0.9566672446679383,0.9845163085708952,0.17529300658593805,0.6877187572392862,0.853328759436285,1.1452560926084958,1.1167762235183598,2.4817351598173514,0.8078178194790633,874.7123287671233,1889.4178082191781
1216,111.0,40.142135623730944,0.8476377341575593,0.925,16.374483277454544,8.687898270064624,-0.00024267261556124554,1888.3783783783783,1303.5315315315315,0.8656291941592446,1.8847462031035898,0.46942458440647783,11.888212206450685,0.670540911281652,0.95614095107766,0.999999970555001,-0.00024267261317941388,0.9122673651120106,1.4643122178686623,2.765434920041465,0.5834289261994102,2.6786786786786787,0.7439683822340019,1303.5315315315315,1888.3783783783783
1217,279.0,64.18376618407356,0.6850625912765514,0.9457627118644067,22.346720671791324,16.27923318250541,1.014275927200777,1894.4695340501792,780.5268817204301,0.851066847067785,1.3727133471990793,0.27151578875485805,18.847647942942654,0.40150559759281385,0.9592250805317363,0.5282348789450078,0.8490982938776599,0.7662820072429692,0.955266118980086,1.1779445484595301,1.0346637624557604,1.8124253285543608,0.899185218020134,780.5268817204301,1894.4695340501792
1218,168.0,54.4558441227157,0.8810111314026281,0.9230769230769231,21.55862639203583,10.19928991204443,1.5569502137772089,1892.577380952381,1008.2738095238095,0.7119183002305337,2.113737973716882,0.5269044638292798,14.625465582862905,0.5186593670389966,0.9582670283303195,0.013845670604358502,0.9999041441085819,0.8215867385435516,0.888604192663132,1.3543975241233046,0.9789242646210279,2.21031746031746,0.7552884105128278,1008.2738095238095,1892.577380952381
1219,649.0,102.5685424949238,0.8283770618726072,0.9460641399416909,38.84213875005527,21.75823603498846,0.8020659736062945,1904.191063174114,587.2634822804314,0.7752221844926503,1.785169472727244,0.439829094504805,28.745999104799274,0.30209026866277333,0.9641473737590451,0.6952231847937248,0.7187939366224999,0.9632102849007589,1.4461634980306743,1.6620106910326007,0.7368500860541676,0.7889060092449923,0.7193341612417653,587.2634822804314,1904.191063174114
1220,241.0,60.76955262170047,0.7686457960138603,0.9128787878787878,22.40443514987041,14.331548905031536,-1.056248951893622,1896.688796680498,1027.5767634854772,0.8200773711418241,1.563294749111496,0.3603253637432394,17.517155313611116,0.5285888701056981,0.9603487578129104,0.4921408822675304,-0.8705155667769169,0.7867975385278716,0.888604192663132,1.0044836665653518,1.1194508550670301,1.2074688796680497,0.8181262592275695,1027.5767634854772,1896.688796680498
1221,391.0,77.84062043356595,0.6188688575281568,0.9243498817966903,25.674280662296304,20.16700180076685,1.076772174196403,1898.3427109974425,748.46547314578,0.810912590975568,1.2730836698452637,0.21450567336116688,22.312253628700276,0.38501310347005147,0.9611861827835152,0.4741727100472262,0.8804318491777028,0.9359426537753468,1.1740666342775057,1.218793060535617,0.901225031060227,0.9650468883205455,0.8472620565536971,748.46547314578,1898.3427109974425
1222,216.0,52.8700576850888,0.5869269984585909,0.968609865470852,18.54962456465429,15.018515384941114,1.134582795406627,1897.5787037037037,544.9537037037037,0.971055487149453,1.2351170597896632,0.19036014272987445,16.583719174624104,0.28032597927145253,0.9607993436474449,0.42251060606119384,0.9063579799206286,1.0527995041667577,1.4033216188666475,1.4332632444337516,0.7713302971785373,2.5262345679012346,0.7406527372530037,544.9537037037037,1897.5787037037037
1223,525.0,89.49747468305831,0.7910104045383035,0.958029197080292,33.362768749599354,20.41143189645706,0.9534686117864921,1903.0780952380953,993.3504761904762,0.8236592974532846,1.6345138802040802,0.3881973031179501,25.854414729132053,0.5109827552420145,0.9635838456901749,0.5788581733252187,0.8154282403587646,0.8215867385435516,1.1805408059111742,1.4275575592472183,0.8747158731167041,0.4038095238095238,0.8014489969845778,993.3504761904762,1903.0780952380953
1224,611.0,105.98275605729688,0.9057207584772551,0.9443585780525502,43.39485011867232,18.39398656768388,1.2122955405365197,1905.0458265139116,624.1669394435352,0.6835663195392964,2.3591867896061256,0.5761251273507879,27.891743614073043,0.32107352852033705,0.9645801653234995,0.35087072852882584,0.936423906071204,1.1351950866392158,1.6620106910326007,1.7114235846983432,0.6653906894717373,0.9372613202400436,0.6508286072370648,624.1669394435352,1905.0458265139116
1225,342.0,76.35533905932738,0.864931850506102,0.9344262295081968,29.8328082148435,14.972767960895284,1.0382391943817735,1904.877192982456,1315.2923976608188,0.7371521729724828,1.9924711511430964,0.49811067556672417,20.867389014906145,0.6765907395374582,0.9644947812569398,0.507737997904949,0.861511535316547,0.9122673651120106,1.8532183955675268,2.33644978430089,0.5880121325624291,0.6442495126705653,0.7867940559629224,1315.2923976608188,1904.877192982456
1226,463.0,82.42640687119284,0.5497333268841167,0.929718875502008,26.88270543583459,22.456204850320248,1.485285833206557,1909.1252699784018,730.6933045356371,0.8563634399475943,1.197117038031082,0.16465978828209116,24.279825147895533,0.37587104142779687,0.9666457063181781,0.08540632225831944,0.9963462049500205,0.9359426537753468,1.0453627071839924,1.3491550896511395,0.9007763474417164,1.2152627789776818,0.7688882421063452,730.6933045356371,1909.1252699784018
1227,491.0,91.01219330881975,0.8745193609023568,0.9160447761194029,36.465916943460996,17.68562713790819,-0.27077691174455953,1914.038696537678,113.55397148676171,0.7448900874381871,2.061895609305155,0.5150093945168285,25.003212122944625,0.05841253677302557,0.9691335172342674,0.9635633787388117,-0.26748012104349994,1.1105811989326204,2.4151087677909198,2.9356095550427064,0.46430288363724187,0.5621181262729125,0.7577378446647524,113.55397148676171,1914.038696537678
1228,474.0,84.91168824543144,0.765087849359449,0.9461077844311377,30.973325137235825,19.944526699619004,-0.4360830901048336,1912.493670886076,1035.0316455696202,0.8261392464023355,1.5529736856491811,0.35607408596754464,24.566553364370574,0.532423685992603,0.9683512257651018,0.9064130850353842,-0.4223923759688819,0.7867975385278716,1.2507623239333463,1.5018539677725349,0.8475979763580997,0.45007032348804504,0.8161056341407323,1035.0316455696202,1912.493670886076
1229,662.0,95.49747468305833,0.4350655002976236,0.9720998531571219,30.908541991260282,27.83001431450805,1.1595337766793914,1914.1601208459215,1524.9003021148037,0.9121874204431667,1.11061897568437,0.0996011936642861,29.03247455203703,0.7844137356557632,0.9691949978966691,0.3997669209794494,0.9166168277369834,2.171942057584463,2.3972665741101293,3.141351927337169,0.3890767703634661,0.3549848942598187,0.8220038246379723,1524.9003021148037,1914.1601208459215
1230,146.0,49.384776310850235,0.8903758412592209,0.8795180722891566,20.49009376790602,9.327626806484135,1.2755146821575154,1905.7534246575342,884.3219178082192,0.7522748415418042,2.196710287944009,0.5447738349985418,13.63425735166143,0.4548981058684255,0.9649384428645743,0.29100931678121916,0.9567202190538925,0.65399025473648,0.853328759436285,1.3106102020651984,1.0646115533040634,1.6575342465753424,0.8966791305711398,884.3219178082192,1905.7534246575342
1231,219.0,55.21320343559643,0.614028238729087,0.9563318777292577,18.963562558386677,14.967637584155481,-0.394454547071442,1911.2602739726028,783.3059360730593,0.9027512285538338,1.2669709866880543,0.21071594337446842,16.698486766680407,0.40293515230095645,0.9677267209987862,0.9232063218017713,-0.384304680410276,0.6003802374382434,0.6460483215001709,0.7662820072429692,1.4905272771990024,0.9071537290715372,0.8811651631587125,783.3059360730593,1911.2602739726028
1232,555.0,101.88225099390856,0.9061317416891711,0.8980582524271845,42.51489953633716,17.98361488973354,-0.767949953368633,1919.8612612612612,644.5675675675676,0.6719017677139412,2.3640908569838204,0.5770044129032204,26.582850624566497,0.331567678789901,0.9720816512715247,0.7193362697343554,-0.6946620264881784,0.9259729066777768,1.1351950866392158,1.7187163265022953,0.7936750826658702,0.9735735735735737,0.760575745847158,644.5675675675676,1919.8612612612612
1233,599.0,93.59797974644665,0.6610291893890843,0.9492868462757528,32.34468254647695,24.270162055688733,-1.558101502889173,1915.4106844741236,851.7245409015025,0.8592187321578387,1.332693307620318,0.2496398126395497,27.616489409343153,0.43812990787114325,0.9698281946704423,0.01269448292856062,-0.9999194218051655,0.850950011216216,1.2828987048869254,1.3526065720854734,0.8604728160901348,0.5180856983861992,0.8325804844633103,851.7245409015025,1915.4106844741236
1234,256.0,61.112698372208094,0.6892723373707507,0.927536231884058,21.480358149755364,15.562569806835032,-0.6562783618259876,1913.64453125,947.609375,0.8613643818276148,1.3802577862379295,0.275497657053159,18.0540666735282,0.4874533822016461,0.9689339398734177,0.7922685543882139,-0.6101725475040727,0.7060497137561454,0.8381366284725602,1.2251221469473224,1.0833029298561863,0.62890625,0.8054790760817383,947.609375,1913.64453125
1235,182.0,49.55634918610404,0.5579386107844857,0.9479166666666666,16.83494819238357,13.971024255793466,-0.5186944722518523,1912.934065934066,770.0769230769231,0.9312850755313422,1.2049902630011182,0.17011777546697737,15.222667215103916,0.3961301044634378,0.9685742105995271,0.8684671307442647,-0.49574675270426555,0.6003802374382434,0.866989902504726,0.955266118980086,1.238320440780327,1.5457875457875456,0.8985840362923244,770.0769230769231,1912.934065934066
1236,278.0,63.35533905932738,0.811839798829141,0.952054794520548,24.696913056235424,14.420039657350042,-1.0508239674591688,1913.3273381294964,821.7553956834532,0.870338551574345,1.712679967814593,0.4161197545411732,18.81384047546846,0.42271368090712613,0.9687733357617704,0.4968561505553355,-0.8678329134432121,1.115237541000779,1.3526065720854734,1.363492086647329,0.7830166405674892,1.6127098321342925,0.794348947246109,821.7553956834532,1913.3273381294964
1237,360.0,69.11269837220809,0.5339217195987138,0.9782608695652174,23.526388481529064,19.892359301913473,0.7163182976377254,1919.986111111111,8.833333333333334,0.9471018082904714,1.1826846742742088,0.15446608740940948,21.409489393833255,0.004543895747599452,0.9721448663853727,0.7542282864287677,0.6566122843434509,1.9633532454664757,2.265866518398655,3.6498631645851907,0.38075497202439623,0.787037037037037,0.7523490832302479,8.833333333333334,1919.986111111111
1238,135.0,44.384776310850235,0.7900988543912545,0.9310344827586207,16.93245188732231,10.379244964483723,1.3757974945677798,1915.325925925926,797.0666666666667,0.8611435668770103,1.6313760726587254,0.3870205547576434,13.110581167104948,0.41001371742112486,0.9697852789498359,0.19376538932142423,0.9810478958242135,0.6460483215001709,1.073212855235018,1.115237541000779,1.0583882014934283,2.7358024691358023,0.811924774277219,797.0666666666667,1915.325925925926
1239,347.0,68.2842712474619,0.43987511508370775,0.961218836565097,22.276282657807457,20.005415081229106,0.8030733557898021,1920.2680115273774,884.8760806916426,0.9351859665253429,1.1135126448193062,0.10194104696289841,21.019374919894773,0.45518316908006307,0.9722876007733556,0.6944987319480584,0.7194939272311747,0.65399025473648,1.433111485846,1.4624604123010663,0.8451746640252233,1.053794428434198,0.7856690492929715,884.8760806916426,1920.2680115273774
1240,159.0,49.21320343559642,0.8695121349596415,0.9352941176470588,20.283856488975125,10.018431572051842,0.22581930316504226,1920.6603773584907,973.8993710691824,0.8249805647318864,2.02465389348573,0.5060884217211281,14.228319915326999,0.5009770427310609,0.9724862670169573,0.9746109881717625,0.22390493905865647,0.8854745767850376,0.9874665542985266,1.1805408059111742,0.9824849342166485,2.2725366876310273,0.8299399192388114,973.8993710691824,1920.6603773584907
1241,175.0,52.627416997969526,0.817032149127856,0.9308510638297872,20.506394037754205,11.823825113010287,-0.4084758606637565,1920.8914285714286,930.4628571428572,0.7940060338886271,1.7343282602505763,0.4234078848167303,14.927053303604616,0.47863315696649034,0.9726032549728753,0.917727293502004,-0.3972110456186819,0.8381366284725602,1.0812207402848055,1.1855574417791201,0.9662100840317877,0.8419047619047619,0.8539129927446364,930.4628571428572,1920.8914285714286
1242,740.0,103.98275605729691,0.47674162633373374,0.959792477302205,33.07315504934248,29.072740970352164,-0.02258257563059591,1931.8621621621621,661.2689189189189,0.8600405640581662,1.1376001692812474,0.12095653024400066,30.695231927842155,0.3401589089089089,0.9781580567909681,0.9997450244751007,-0.022580656263276707,0.9259729066777768,1.5230503790137977,1.6242709829793238,0.736504608339748,0.5463963963963964,0.7819259643817831,661.2689189189189,1931.8621621621621
1243,388.0,72.18376618407356,0.5685391304936378,0.9627791563275434,24.561537276593032,20.205701425186934,-1.1310220540548186,1926.3144329896907,696.9149484536083,0.9357557714873966,1.2155745925244859,0.17734377951811586,22.22649192646566,0.3584953438547368,0.97534907999478,0.4257352271024822,-0.9048477863176756,1.3202851331594363,1.5617302522403256,1.6242709829793238,0.6657366520359651,1.4046391752577319,0.7978308533308591,696.9149484536083,1926.3144329896907
1244,102.0,38.62741699796952,0.8724883401898342,0.9532710280373832,16.37655498275985,8.002156821382014,-0.8178269131411282,1922.8529411764705,1451.4411764705883,0.8590505095964065,2.046517626223118,0.5113650685503663,11.396070970426017,0.746626119583636,0.9735964259121369,0.6838084386034258,-0.7296615786066475,1.0080500170475393,1.679707377312229,1.9049896266515651,0.653203842117869,3.4379084967320264,0.7784097093210193,1451.4411764705883,1922.8529411764705
1245,442.0,77.11269837220809,0.5672968067445344,0.973568281938326,26.306359189105844,21.663639506322298,-0.698374578331498,1932.5429864253394,572.1696832579186,0.934071954141024,1.2143093122200737,0.17648659205969552,23.722813466638858,0.29432596875407335,0.9785027779368808,0.765888301856849,-0.6429736457109515,0.8507212646118704,0.924720031800001,1.4461634980306743,0.9312129176040379,0.9856711915535445,0.773730645476999,572.1696832579186,1932.5429864253394
1246,149.0,48.45584412271571,0.713705529597922,0.9085365853658537,16.835234969049452,11.792170807209656,-0.42600664378388975,1928.248322147651,953.3221476510067,0.7974506296247014,1.427662068697012,0.29955412984203433,13.773623058786647,0.49039205126080593,0.9763282643785575,0.9106232112800435,-0.4132376641571061,0.7060497137561454,0.7415944523192712,0.9874665542985266,1.231976835755259,1.8456375838926173,0.8516849257326499,953.3221476510067,1928.248322147651
1247,346.0,67.94112549695427,0.5334258268136126,0.9611111111111111,22.93704717979156,19.401229019004234,1.35518885988801,1931.0057803468208,776.7254335260116,0.9419340332553546,1.1822471224541424,0.15415315376351146,20.98906578384008,0.39955012012654917,0.9777244457452257,0.21394086972826107,0.9768466124524952,0.866989902504726,0.9371055746113544,1.1563741841873416,1.0133527254858523,0.5163776493256261,0.8983932903207288,776.7254335260116,1931.0057803468208
1248,611.0,107.63961030678928,0.8677271208168678,0.8642149929278642,40.96656311229087,20.362056885183065,0.9020520655020136,1938.0490998363339,804.2651391162029,0.6626845427034781,2.011906918013826,0.502959112548204,27.891743614073043,0.41371663534784103,0.9812906834614349,0.6200012224798825,0.7846008438202519,0.7109704520913165,1.073212855235018,1.0923965163239269,1.0429051804281668,0.27495908346972175,0.8747815320425844,804.2651391162029,1938.0490998363339
1249,410.0,77.01219330881976,0.6749912599225598,0.9447004608294931,26.721777506873163,19.71601483615564,0.4593454757573029,1938.6951219512196,966.0560975609756,0.8687098306384483,1.355333607168433,0.26217427597829357,22.847936741452536,0.4969424370169627,0.9816177832664403,0.8963428803679594,0.4433615238309139,0.7393584797920925,0.7415944523192712,0.8854745767850376,1.267733741566869,0.316260162601626,0.8763524680836644,966.0560975609756,1938.6951219512196
1250,267.0,58.2842712474619,0.2586904147342494,0.967391304347826,18.78192416644456,18.142592792739492,-0.16034613868936176,1934.6741573033707,999.7116104868913,0.9876848313866421,1.0352392505861083,0.034039716486944704,18.437867513470433,0.5142549436660964,0.979581851799175,0.987172078040666,-0.15965991462127635,1.194058032258992,1.322420443366931,1.4511458837554179,0.756119967079691,0.9550561797752809,0.8850886906931921,999.7116104868913,1934.6741573033707
1251,310.0,67.698484809835,0.8234816526831646,0.9627329192546584,26.50728847980628,15.038721952633482,1.4668529338183165,1932.4741935483871,1415.3967741935485,0.8499896950928056,1.7626024713599082,0.43265709866589164,19.867165345562018,0.7280847603876278,0.9784679461004492,0.10375632269354287,0.9946027475837342,1.345932961184373,1.679707377312229,2.8337391730552097,0.5119996057748908,0.9075268817204301,0.7814299808222196,1415.3967741935485,1932.4741935483871
1252,278.0,70.8700576850888,0.9203783058634865,0.9297658862876255,30.44332133984566,11.904225208202032,-1.4825305460269502,1934.2985611510792,851.0575539568346,0.6955511731017462,2.5573542844997723,0.6089708781997706,18.81384047546846,0.4377868075909643,0.979391676532192,0.08815121452440006,-0.9961071043707465,0.850950011216216,1.1224236189180414,1.4379281163363271,0.8794296790378843,1.8633093525179856,0.7935932503572665,851.0575539568346,1934.2985611510792
1253,255.0,70.8700576850888,0.9191628309076619,0.8614864864864865,30.21699245794331,11.901801320732138,-1.461150270144262,1937.6392156862746,120.72549019607843,0.6380055724494434,2.5388587528601523,0.6061222394221617,18.01877032173579,0.062101589607036226,0.9810831471829239,0.10942648981779993,-0.9939948909960025,1.1105811989326204,1.9810279578898662,3.158942188019566,0.479957660451121,1.3294117647058823,0.756298579032458,120.72549019607843,1937.6392156862746
1254,101.0,39.55634918610404,0.38285211344503534,0.926605504587156,12.446111576702615,11.497837910807844,1.00273103327493,1936.0,553.5940594059406,0.8111456319040548,1.0824740854107366,0.07619035552194531,11.340070282773887,0.28477060669029863,0.980253164556962,0.5380022085327977,0.842943428477755,0.8507212646118704,1.2806685796498036,1.7731090145243702,0.7683444427827892,4.00990099009901,0.8799838537749229,553.5940594059406,1936.0
1255,805.0,115.98275605729691,0.8319844832520897,0.9317129629629629,43.765054410217566,24.28080405258654,-1.0594632161516988,1949.0037267080745,871.1875776397516,0.7520018263581291,1.802454906988776,0.44520109983188216,32.01496265048276,0.44814175804513967,0.9868373299787719,0.4893402777398985,-0.8720929380412611,0.950952115751552,1.1224236189180414,1.433111485846,0.8555570892851794,0.2691511387163561,0.8500409444352409,871.1875776397516,1949.0037267080745
1256,254.0,64.62741699796952,0.8791750344572573,0.9236363636363636,26.303630152968395,12.533652409519563,-1.541226147465058,1938.0826771653544,1339.6141732283465,0.7642051912189657,2.098640467561575,0.5235010400986373,17.983404693292407,0.6891019409610836,0.9813076846406857,0.029565870179587127,-0.9995628341032513,1.8532183955675268,2.765434920041465,3.421416116763806,0.3731311060475052,1.0013123359580054,0.8175903540748445,1339.6141732283465,1938.0826771653544
1257,106.0,41.79898987322333,0.8669383234676771,0.8983050847457628,17.219837935897946,8.582632971517599,-1.1216589821399834,1939.4622641509434,1863.254716981132,0.7624022267226648,2.006358420899956,0.5015845675512713,11.617374563210365,0.9584643605870021,0.9820062096966802,0.4341885968566967,-0.9008219926043174,0.629116493538572,1.8484306273440712,2.4593171191498637,0.6076731816267741,2.9402515723270444,0.8564081644806066,1863.254716981132,1939.4622641509434
1258,364.0,74.18376618407356,0.7853162907309805,0.9503916449086162,27.815484295836605,17.220420611550505,-0.6451967360361185,1945.673076923077,749.2967032967033,0.8311769515530073,1.6152616084870492,0.38090523866492443,21.528102431092233,0.38544069099624656,0.9851509250243428,0.798981474081395,-0.6013556385989253,1.40045090330269,1.7459233460489045,1.8464653675409382,0.6008604782436722,0.9075091575091575,0.909860849578097,749.2967032967033,1945.673076923077
1259,283.0,68.52691193458118,0.8127030796314338,0.884375,25.45812112402737,14.833888251001953,0.5054135043738275,1946.6890459363958,1489.279151943463,0.757310497261042,1.7162136247256552,0.41732195480043766,18.982275710779543,0.7660900987363493,0.9856653397146308,0.874974343118006,0.48416928742456783,0.9648022795559436,0.9720827271928267,1.178085612137636,0.9630909459661267,0.8763250883392226,0.849971300809448,1489.279151943463,1946.6890459363958
1260,420.0,90.5269119345812,0.9064291042264268,0.8805031446540881,36.948518435177995,15.605502298823959,-1.5625447479020198,1943.6404761904762,1443.1261904761905,0.6440265070947833,2.3676596707792266,0.5776420013646271,23.12489154112443,0.7423488634136782,0.9841217600964436,0.008251485253516122,-0.9999659559160556,1.0080500170475393,1.345932961184373,1.4933483120856572,0.7797612874019932,0.5825396825396825,0.8500843768215605,1443.1261904761905,1943.6404761904762
1261,138.0,45.45584412271571,0.5538769439383302,0.9078947368421053,14.932864269904645,12.433081008541373,0.6701949525530746,1947.1304347826087,51.210144927536234,0.839285067465855,1.2010590343331593,0.1674014587008118,13.255453865237978,0.02634266714379436,0.9858888277380298,0.7837005881828616,0.6211387832697591,0.7383736219709227,1.413051201344788,2.265866518398655,0.6791492269639814,2.5893719806763285,0.7882879968384534,51.210144927536234,1947.1304347826087
1262,557.0,97.59797974644665,0.8654326526020539,0.9237147595356551,38.04849415828715,19.063257158672748,1.3606094294611506,1952.572710951526,576.7109515260323,0.734824120034292,1.9959073017580917,0.49897472737378556,26.63070457981699,0.2966620121018685,0.9886444106083676,0.20864268757450247,0.977991937043291,0.924720031800001,1.2806685796498036,1.606055379606702,0.7871032624484191,0.4871334530221424,0.844734014311583,576.7109515260323,1952.572710951526
1263,150.0,49.49137802864845,0.7375335550295277,0.872093023255814,17.505009643464472,11.821316604807805,-0.4230734487790069,1951.7333333333333,824.3,0.7695591925558317,1.480800339646184,0.32468951199799445,13.81976597885342,0.42402263374485594,0.9882194092827005,0.9118313988631744,-0.41056485486123445,1.0923965163239269,1.1626380768690239,1.4379281163363271,0.8123558876613715,2.462222222222222,0.7839591841667118,824.3,1951.7333333333333
1264,37.0,22.692388155425114,0.7383189154446004,0.8604651162790697,8.756985334829182,5.906164187791788,-1.067068735668263,1946.4594594594594,936.7567567567568,0.902923966781593,1.4826857256914943,0.3255482381246906,6.863662517577698,0.48187075964853743,0.9855490933971947,0.4826934692094835,-0.8757893666758654,0.47558027861992214,1.0490194481887245,1.1084274707088921,1.1393729631157812,3.414414414414414,0.8966305305478518,936.7567567567568,1946.4594594594594
1265,81.0,31.798989873223327,0.6390105124135188,0.9529411764705882,11.708529178318436,9.006177240763668,-0.41143260432706835,1949.9382716049383,978.0246913580247,1.006626209894405,1.300055380358651,0.2308019988162917,10.155412503859614,0.5030991210689427,0.9873105172683232,0.9165488324351929,-0.3999227897503276,0.7393584797920925,0.989952045994017,1.194058032258992,1.026213404308536,3.3374485596707815,0.938522658036768,978.0246913580247,1949.9382716049383
1266,219.0,52.62741699796952,0.39041292498203667,0.9733333333333334,17.499170070674243,16.110433447735634,1.538882935530409,1952.7488584474886,798.4977168949772,0.993641836694911,1.0862010713395052,0.07936014207130349,16.698486766680407,0.41074985436984424,0.9887335992139182,0.03190797443076798,0.9994908109471169,0.7109704520913165,1.1626380768690239,1.385408953907923,0.9205228311201625,1.6849315068493151,0.7913925895048881,798.4977168949772,1952.7488584474886
1267,128.0,42.04163056034261,0.7655609307300735,0.9343065693430657,16.00842154639798,10.299232475909115,-0.6423900549943105,1952.09375,1857.28125,0.9100405213769851,1.5543315080850153,0.35663660242464545,12.766152972845846,0.9553915895061729,0.9884018987341772,0.8006661383660645,-0.5991107868115664,0.629116493538572,1.28589227461421,3.086477313513978,0.5998217231867694,2.3776041666666665,0.8071953995958333,1857.28125,1952.09375
1268,324.0,74.52691193458118,0.8549128754287232,0.9391304347826087,28.844757777006567,14.963841211970427,1.425756932756249,1953.8827160493827,36.26543209876543,0.7330416000315569,1.927630570814398,0.48122839762936864,20.310825007719227,0.018655057663973986,0.9893077043288013,0.14453141023229618,0.9895002129642336,0.7383736219709227,1.9633532454664757,2.0221915374054378,0.6350660072630551,0.9115226337448559,0.8237024859832194,36.26543209876543,1953.8827160493827
1269,388.0,84.38477631085023,0.8883338858436212,0.9216152019002375,34.32899475427564,15.763809622787004,1.4118295078993022,1956.7371134020618,81.08762886597938,0.6847205821933318,2.1777092958958453,0.5408018866959792,22.22649192646566,0.04171174324381655,0.9907529688111706,0.1582981371876213,0.9873913609926558,1.413051201344788,1.9810279578898662,2.0221915374054378,0.5538866441555457,0.615979381443299,0.7367774133156185,81.08762886597938,1956.7371134020618
1270,370.0,77.69848480983498,0.8605945389043899,0.9536082474226805,30.7803065467369,15.67612454736902,0.3385393163974481,1961.1513513513514,1034.6945945945945,0.7701698063455952,1.9635150546123257,0.49070927790903085,21.70480664627101,0.532250305861417,0.9929880260006843,0.9432407787533903,0.33210967058593427,1.9753718073569793,2.19084733662889,2.6010106702560782,0.4433128595228673,0.7405405405405405,0.9401500958944609,1034.6945945945945,1961.1513513513514
1271,271.0,65.698484809835,0.8696340165506532,0.9377162629757786,26.614572080774852,13.139533029991858,1.2333051133455555,1956.210332103321,612.1955719557195,0.7889844568896706,2.0255340901404426,0.5063030511964062,18.575465448360347,0.3149154176726952,0.9904862441029473,0.331120874911444,0.943588345730213,1.2275009789094393,1.606055379606702,2.0936290439232197,0.6088668793576864,1.5608856088560885,0.8023388093731092,612.1955719557195,1956.210332103321
1272,130.0,43.31370849898476,0.7954656926965549,0.935251798561151,16.60203204996589,10.060808570388966,0.18310306350466946,1956.8923076923077,938.4076923076923,0.8707680337102727,1.6501687646487075,0.3940013764514063,12.865501965161373,0.48272000633111745,0.9908315481986368,0.9832834168309265,0.18208163604630367,0.47558027861992214,0.5750293050827603,0.8372795344397036,1.5890763769812342,0.9076923076923077,0.9516150279061675,938.4076923076923,1956.8923076923077
1273,322.0,69.35533905932738,0.7466179243787913,0.936046511627907,25.167626873612353,16.74284156912653,1.0030123963111806,1959.7732919254659,1472.1055900621118,0.8412129257754691,1.503187303642708,0.3347469090667029,20.248040236149336,0.7572559619661069,0.992290274392641,0.5377650141179882,0.8430947690447854,0.8906902222016254,0.9720827271928267,1.41366311000379,0.9156290388743272,0.7298136645962733,0.8220038246379723,1472.1055900621118,1959.7732919254659
1274,389.0,79.59797974644667,0.7205626907846282,0.9261904761904762,27.246582653390593,18.89250237697067,-0.045009018999993364,1962.8483290488432,1503.3521850899742,0.7715345430268125,1.4421902461477665,0.3066102043949477,22.255115881567058,0.773329313317888,0.9938472552146042,0.9989872650891749,-0.04499382390562728,0.8597196292532192,0.9648022795559436,1.41366311000379,0.9264449012551278,0.546700942587832,0.845229952220858,1503.3521850899742,1962.8483290488432
1275,270.0,67.79898987322333,0.8565874578995071,0.9342560553633218,26.906762771078704,13.883939830584888,-1.3581286757396889,1957.6851851851852,639.4185185185186,0.7381203539440115,1.9379774832937464,0.48399813278510295,18.5411616971131,0.3289189910074684,0.9912330051570558,0.21106820021567435,-0.9774713371028922,1.2275009789094393,1.5230503790137977,1.7187163265022953,0.671250909954303,1.9333333333333333,0.7736422628872592,639.4185185185186,1957.6851851851852
1276,85.0,36.72792206135786,0.8987607614999398,0.9550561797752809,16.010231215997496,7.0195159147006265,1.5467865298625394,1960.6,691.6588235294117,0.7918375147730989,2.280816998002392,0.5615606158337867,10.403141895720198,0.3557915758896151,0.9927088607594936,0.024007490176178623,0.9997117786719534,1.5617302522403256,1.8831982878827378,2.3557596391392295,0.517180015075647,5.482352941176471,0.8446388964965248,691.6588235294117,1960.6
1277,25.0,18.48528137423857,0.9042849698537847,0.9259259259259259,8.653152992679463,3.6942852198067295,1.5515589628808502,1961.84,887.96,0.9193856936786334,2.342307774799305,0.5730706225890052,5.641895835477563,0.4567695473251029,0.9933367088607594,0.019236177387674407,0.9998149676212643,0.950952115751552,1.8769071627623055,2.073247454266275,0.6121066452062884,19.066666666666666,0.7942463219950727,887.96,1961.84
1278,217.0,54.14213562373095,0.5926131801249651,0.9644444444444444,18.70316183307813,15.065157332757103,-1.47169009941947,1967.9493087557603,953.3594470046083,0.9302481886283281,1.2414846669015989,0.1945128065933166,16.622063085174787,0.49041123817109483,0.996430029749752,0.09894406940603036,-0.9950929962216469,0.6510477517816342,0.6657244165337719,0.8372795344397036,1.3927242304179104,0.5591397849462365,0.9505380913680225,953.3594470046083,1967.9493087557603
1279,134.0,41.89949493661167,0.6324673045724267,0.9852941176470589,15.09883916860868,11.695365393535676,1.2971747355784706,1969.5373134328358,968.0597014925373,0.9591733120852136,1.2910104695791882,0.2254129431452594,13.061933202803933,0.49797309747558505,0.9972340827508029,0.2702200640592542,0.9627985858837832,0.6657244165337719,0.989952045994017,1.3084125730797218,1.0121153460510437,0.990049751243781,0.9861824422771047,968.0597014925373,1969.5373134328358
1280,100.0,35.071067811865476,0.4385983008776216,0.9803921568627451,11.94781701345962,10.737302669333896,1.3797316701927098,1969.65,939.0,1.0216729283085813,1.112739147009704,0.10131677968971553,11.283791670955125,0.48302469135802467,0.9972911392405064,0.18990428503611095,0.9818026087380923,0.5750293050827603,0.6510477517816342,1.0490194481887245,1.3186253828515972,1.28,0.901313396373398,939.0,1969.65
1281,31.0,18.485281374238568,0.6287853631157243,0.9117647058823529,7.118669186069698,5.535327053154023,-0.9815152806229639,1967.3870967741937,1833.1612903225807,1.140038260161506,1.2860431041763807,0.2224210862353413,6.282549314314218,0.9429842028408337,0.996145365455288,0.5557634711921141,-0.8313404621985461,1.28589227461421,1.8484306273440712,4.192048984126258,0.40947962329049903,10.860215053763442,0.7305294866676597,1833.1612903225807,1967.3870967741937
1282,33.0,21.035533905932738,0.9230593164223663,0.9428571428571428,10.580035544062932,4.069691480879379,1.472340238694032,1972.7575757575758,1487.030303030303,0.9371664336260626,2.5997143994258747,0.6153423621376095,6.4820448144285745,0.764933283451802,0.9988645953202915,0.09829709950202832,0.9951571133391393,0.8597196292532192,0.8906902222016254,1.178085612137636,1.024416816517722,10.04040404040404,0.7900193220211079,1487.030303030303,1972.7575757575758
