cell_id,area,perimeter,eccentricity,solidity,major_axis_length,minor_axis_length,orientation,centroid_y,centroid_x,roundness,pos_x_norm,pos_y_norm,axis_vec_x,axis_vec_y,x,y
1,71.0,43.692388155425114,0.9806569654441111,0.8352941176470589,22.28436456373262,4.361814494811386,1.5612186741782685,2.183098591549296,588.7464788732394,0.46736549556273554,0.30316502516644667,0.0011143943805764656,0.009577506188671822,0.9999541346357872,588.7464788732394,2.183098591549296
2,258.0,60.284271247461895,0.6928958949711691,0.9555555555555556,21.596231840060575,15.571696045369594,-1.1074321130540141,6.87984496124031,795.3333333333334,0.8921164334111218,0.4095434260212839,0.0035119167744973507,0.4469601011185704,-0.8945538932943489,795.3333333333334,6.87984496124031
3,561.0,93.35533905932738,0.777601253280344,0.9606164383561644,34.529883310312165,21.710931263240305,-1.2096807873185516,9.228163992869876,893.2673796791444,0.8088991965669861,0.4599729040572319,0.004710650328162264,0.353318043721158,-0.9355032656175252,893.2673796791444,9.228163992869876
4,283.0,70.87005768508881,0.8404646080375056,0.9691780821917808,27.187699308341447,14.732101932287895,1.4721149800183269,6.18374558303887,406.18374558303884,0.7080610862870291,0.20915743850825894,0.003156582737641077,0.09852126477973225,0.9951349458169991,406.18374558303884,6.18374558303887
5,343.0,79.14823227814082,0.7978365708488405,0.8683544303797468,28.231231283287926,17.019869389520526,-0.6165048735165741,12.988338192419825,425.3469387755102,0.6880524486993084,0.2190252001933626,0.00663008585626331,0.8159042727776953,-0.5781870092479597,425.3469387755102,12.988338192419825
6,33.0,24.72792206135786,0.88237070437903,0.9166666666666666,9.885488845498335,4.651665489717389,0.9853338083473603,3.272727272727273,528.6363636363636,0.6781855895913271,0.27221233966857034,0.001670611165251288,0.552584930471976,0.8334565943198731,528.6363636363636,3.272727272727273
7,124.0,47.55634918610404,0.9159691171847358,0.9465648854961832,20.214259526084973,8.110946794912273,-1.5353722572228903,3.879032258064516,674.3306451612904,0.6889925639004675,0.34723514168964487,0.001980108350211596,0.03541666130107136,-0.9993726332566273,674.3306451612904,3.879032258064516
8,374.0,71.698484809835,0.7622158922862416,0.9790575916230366,27.334710422763113,17.694383951465557,1.5179555555238482,8.288770053475936,932.4705882352941,0.9142427192076646,0.48015993214999697,0.0042311230492475425,0.05281618483596056,0.9986042512524036,932.4705882352941,8.288770053475936
9,503.0,97.1543289325507,0.9270751809440317,0.9314814814814815,41.69998094017197,15.632299446134372,-0.6144318530950383,24.431411530815108,488.5944333996024,0.6696587323113592,0.251593426055408,0.012471368826347681,0.8171011122583988,-0.5764943818859708,488.5944333996024,24.431411530815108
10,469.0,90.18376618407356,0.9025097528416526,0.9493927125506073,37.45031405775272,16.128704890700316,1.2932157895260448,19.240938166311302,363.29211087420043,0.7246461191906832,0.18707111785489208,0.009821816317667842,0.27402960415219196,0.9617212569389287,363.29211087420043,19.240938166311302
11,132.0,56.72792206135785,0.9742062695948536,0.8741721854304636,27.87843523249431,6.29102969957354,1.5442114717383242,14.128787878787879,1378.840909090909,0.5154541539228348,0.7100107667821365,0.007212244961096416,0.026581723672825186,0.9996466435529014,1378.840909090909,14.128787878787879
12,93.0,41.38477631085023,0.9170719870499567,0.9117647058823529,17.758862778648126,7.0808434342167,-1.5417309100208663,13.720430107526882,1762.6236559139784,0.6823569012756492,0.9076331904809364,0.007003792806292436,0.029061324543705566,-0.9995776305098896,1762.6236559139784,13.720430107526882
13,80.0,38.3492424049175,0.9126775358552855,0.8888888888888888,16.236055985457924,6.635358772295283,-1.4421863342147054,13.65,1780.5125,0.683575160935755,0.9168447476828012,0.006967840735068913,0.12825573943968463,-0.9917411281684246,1780.5125,13.65
14,749.0,142.32590180780454,0.9172715887310204,0.7314453125,57.221104135264994,22.78900659502851,-1.2521859871072751,20.918558077436582,1807.547396528705,0.46464770152932494,0.9307659096440293,0.010678181764898716,0.31324714251460634,-0.9496716420460464,1807.547396528705,20.918558077436582
15,43.0,26.65685424949238,0.9485458698193039,0.9555555555555556,13.116793645462062,4.153298293191915,-1.5070657164935755,13.372093023255815,1263.4651162790697,0.7604322460077777,0.6505999568893253,0.006825979082825837,0.06368747778601275,-0.9979698919172142,1263.4651162790697,13.372093023255815
16,338.0,70.2842712474619,0.7254793550976404,0.9337016574585635,25.19433825799358,17.339850342483025,1.448884956134083,20.733727810650887,1333.2988165680474,0.8598254031524207,0.686559637779633,0.010583832470980544,0.12160961275734898,0.9925780080603275,1333.2988165680474,20.733727810650887
17,80.0,41.520815280171306,0.9578670773283404,0.9195402298850575,19.444740928052475,5.584760535682882,-1.5696576967070843,13.725,1405.6375,0.5831336536447168,0.7238092173017509,0.007006125574272588,0.0011386298417774081,-0.9999993517608315,1405.6375,13.725
18,505.0,94.5269119345812,0.8453459877953108,0.9148550724637681,35.49993829448529,18.96474887727338,-0.20940686316067625,27.564356435643564,1554.0871287128714,0.7102157538673267,0.8002508386781007,0.014070626051885433,0.978154387921855,-0.20787975704531966,1554.0871287128714,27.564356435643564
19,277.0,65.21320343559643,0.4256462068458865,0.9389830508474576,20.33710364251356,18.402834910840912,1.3489716123311468,19.08664259927798,1855.3574007220216,0.8184997749975966,0.9553848613398669,0.009743053904685033,0.22000999297690887,0.9754976181366618,1855.3574007220216,19.08664259927798
20,111.0,37.55634918610404,0.2833963252656888,0.9568965517241379,12.267211944254306,11.764291577571257,-1.3634406078359527,18.144144144144143,1121.2432432432433,0.9889312623841958,0.5773652127926073,0.009261941880624881,0.2058729854560467,-0.9785787213399924,1121.2432432432433,18.144144144144143
21,418.0,77.01219330881976,0.800694779522571,0.9720930232558139,29.86578287633273,17.891769456190442,0.7806271159681522,25.39712918660287,1166.3708133971293,0.885660266358223,0.6006028905237535,0.01296433342858748,0.7104723604952758,0.7037251061119468,1166.3708133971293,25.39712918660287
22,512.0,94.42640687119284,0.4964932381222334,0.8966725043782837,28.119832969672725,24.4091563792038,1.087917902169415,26.77734375,1908.763671875,0.7215939721872062,0.9828855158985582,0.013668883996937213,0.46433040704955725,0.8856620535448002,1908.763671875,26.77734375
23,548.0,98.32590180780451,0.9018845454504917,0.9102990033222591,41.18339179262305,17.79028462173543,-1.0700797701557982,26.51277372262774,1499.3211678832117,0.7122862256439674,0.7720500349553099,0.01353383038418976,0.4800542530801341,-0.8772388010682579,1499.3211678832117,26.51277372262774
24,402.0,75.35533905932738,0.7626610419046997,0.9640287769784173,28.181471629942983,18.22772999562456,-1.2104250225678812,26.562189054726367,266.33084577114425,0.8896268061550906,0.13714255703972414,0.013559055158104322,0.3526217114303216,-0.9357659582544938,266.33084577114425,26.562189054726367
25,326.0,81.4558441227157,0.9350165613174515,0.9340974212034384,35.12750423117003,12.456355157088723,-1.5117797360612835,23.254601226993866,199.12269938650306,0.6174232320936138,0.1025348606521643,0.011870648916280688,0.05898233798157623,-0.9982590264085905,199.12269938650306,23.254601226993866
26,439.0,77.94112549695427,0.72266281866964,0.9733924611973392,28.589527247494733,19.761102131947798,-1.2423493869836164,27.082004555808656,290.97266514806375,0.9081153956998549,0.14983144446347257,0.0138244025297645,0.3225733774897755,-0.9465444607279886,290.97266514806375,27.082004555808656
27,680.0,98.66904755831214,0.7510968015104884,0.9672830725462305,36.30819167947195,23.970380923201898,-1.151469028676439,31.226470588235294,1206.5970588235293,0.8777218396215527,0.6213167141212819,0.015940005404918477,0.4071461241962617,-0.9133630349165452,1206.5970588235293,31.226470588235294
28,337.0,68.28427124746189,0.7341501470569122,0.9656160458452722,25.223869864155628,17.126683728564966,1.2469672722227958,29.068249258160236,567.9643916913947,0.9082353623027108,0.29246364144768006,0.01483830998374693,0.31819891992101573,0.948023969824128,567.9643916913947,29.068249258160236
29,401.0,78.62741699796953,0.8217413699194586,0.9524940617577197,30.228608896052823,17.226093667628952,0.111782316046496,33.072319201995015,1537.2319201995012,0.8150912274486822,0.7915715346032447,0.016882245636546715,0.9937588597080034,0.11154966943854602,1537.2319201995012,33.072319201995015
30,510.0,88.18376618407358,0.8485845146745608,0.96045197740113,35.21017610873948,18.62829037650979,1.375118509493073,32.20392156862745,606.1039215686275,0.8241433417914554,0.3121029462248339,0.016438959453102323,0.1944314614841501,0.9809161058852778,606.1039215686275,32.20392156862745
31,78.0,32.72792206135786,0.6135945545990521,0.9069767441860465,11.343016379148594,8.956686801628821,1.296811148660521,26.756410256410255,1184.974358974359,0.9150979916160757,0.6101824711505452,0.013658198191123152,0.27057010716105834,0.9627002737668944,1184.974358974359,26.756410256410255
32,385.0,73.94112549695429,0.724182220148742,0.9577114427860697,26.796590787913132,18.479161222678748,-1.2979266123033748,34.05194805194805,1814.483116883117,0.8849087301656847,0.934337341340431,0.017382311409876495,0.2694960818997519,-0.9630014858974425,1814.483116883117,34.05194805194805
33,387.0,76.76955262170047,0.7486801923580665,0.9462102689486552,27.761129729585974,18.40372309939891,-1.1686654049365885,36.50645994832041,132.6640826873385,0.8251688205454901,0.06831312187813517,0.018635252653558147,0.3913801656877041,-0.9202290833842762,132.6640826873385,36.50645994832041
34,287.0,63.94112549695428,0.6305135394449576,0.9503311258278145,22.11716899466978,17.166865536685314,0.6218250280454326,36.271777003484324,1361.979094076655,0.8821271882480343,0.7013280608015731,0.018515455336132886,0.8128166963845762,0.5825195430871514,1361.979094076655,36.271777003484324
35,227.0,58.384776310850235,0.8066234561325013,0.9578059071729957,22.543038833709346,13.32441585177238,-1.287045885463863,32.59911894273128,154.05726872246697,0.8368285333890467,0.07932918059859267,0.016640693692052722,0.27995807857084726,-0.9600122260903344,154.05726872246697,32.59911894273128
36,217.0,55.21320343559642,0.8000756593344807,0.9475982532751092,21.486078894853563,12.889479555584009,-1.5178535795729473,33.76958525345622,66.3041474654378,0.8945069250967214,0.03414219745903079,0.0172381752187117,0.052918018179258945,-0.9985988600794513,66.3041474654378,33.76958525345622
37,626.0,92.91168824543142,0.5023129031910355,0.9645608628659477,30.53678843829483,26.404731128950093,-0.36084876394088555,44.4185303514377,1672.8162939297124,0.9112624907987708,0.8613884108803874,0.022674083895578203,0.9355974889372055,-0.35306846176683027,1672.8162939297124,44.4185303514377
38,96.0,36.142135623730944,0.8245313882458978,0.9320388349514563,14.710330603207812,8.32334359162997,1.3597430593559368,34.21875,351.4375,0.9235352458594921,0.1809667868177137,0.017467457886676876,0.20948991214260035,0.9778108082397564,351.4375,34.21875
39,576.0,87.01219330881976,0.47567630229770386,0.9779286926994907,28.96200164388804,25.47556759157212,0.8017932294358054,44.78125,765.6145833333334,0.9560313094915546,0.3942402591829729,0.022859239407861155,0.6954192057886792,0.7186042918186911,765.6145833333334,44.78125
40,780.0,116.08326112068522,0.8739073332649898,0.948905109489051,45.98204184868974,22.35152824604086,1.5162553213874204,42.996153846153845,1320.3089743589744,0.7273865499533994,0.6798707385988539,0.021948011151686497,0.05451396871430095,0.998513008034956,1320.3089743589744,42.996153846153845
41,571.0,92.08326112068522,0.7974441526693643,0.9596638655462185,34.734119521629225,20.95831626024301,-0.9866006032257092,46.35201401050788,1755.3450087565675,0.8462225408798449,0.9038851744369555,0.023661058708784013,0.5515286688237595,-0.8341559371397483,1755.3450087565675,46.35201401050788
42,379.0,75.01219330881975,0.7677437456796161,0.9475,27.725900747624163,17.765565156714768,-0.7134312745688562,46.39313984168865,688.2955145118733,0.8464188871052605,0.35442611457871953,0.02368205198656899,0.7561207954003029,-0.6544320765084894,688.2955145118733,46.39313984168865
43,350.0,76.5269119345812,0.8723615206988815,0.9333333333333333,30.762216441656694,15.038457327144304,0.3222470799139073,50.59142857142857,1141.3657142857144,0.7510165903319184,0.5877269383551568,0.02582512943921826,0.9485261659588261,0.3166987724817534,1141.3657142857144,50.59142857142857
44,97.0,56.45584412271571,0.8949656067095089,0.776,18.85290042686266,8.41094136425056,-0.858380827483456,41.29896907216495,1874.1649484536083,0.3824404210393221,0.9650694894199837,0.02108165853607195,0.6536636902237088,-0.7567851611145155,1874.1649484536083,41.29896907216495
45,209.0,54.04163056034261,0.7251080737705752,0.9414414414414415,19.69750922547539,13.564395954930182,0.11544858626310053,46.41626794258373,662.9665071770335,0.8992889596309479,0.3413833713578957,0.023693858061553715,0.993343210577559,0.11519230008758051,662.9665071770335,46.41626794258373
46,176.0,50.38477631085023,0.8033023755762008,0.9411764705882353,19.540947426764713,11.638029430978353,1.267460135647724,44.53977272727273,706.1193181818181,0.8712120271052933,0.3636041803201947,0.022735973827091745,0.29870574129286886,0.9543452625327364,706.1193181818181,44.53977272727273
47,848.0,107.7401153701776,0.48354256644976357,0.9758342922899885,35.430569418417555,31.013116058084627,1.2056562360742407,58.571933962264154,245.98231132075472,0.9180172539525348,0.12666442395507452,0.02989889431458099,0.3570801530447286,0.9340737467146548,245.98231132075472,58.571933962264154
48,652.0,101.74011537017762,0.8660518439066669,0.965925925925926,40.848990615427894,20.422624488009923,-1.2123905487844386,54.04447852760736,297.0828220858896,0.7915402581604092,0.15297776626461873,0.027587788937012435,0.3507817589507553,-0.9364572374579707,297.0828220858896,54.04447852760736
49,972.0,116.8111831820431,0.5472802655594197,0.972972972972973,38.76202733318273,32.44185581497575,0.30274465070587386,62.3477366255144,1481.94341563786,0.8951736358078088,0.763101655838239,0.03182630761894559,0.9545217920761674,0.2981411552464735,1481.94341563786,62.3477366255144
50,318.0,68.2842712474619,0.7533147016986089,0.9492537313432836,24.938549976264564,16.401092173512968,0.31242605425541137,53.31132075471698,1557.0031446540881,0.857029214279709,0.8017523916859363,0.027213537904398663,0.9515906792164534,0.3073681493394671,1557.0031446540881,53.31132075471698
51,716.0,99.59797974644665,0.6818271743880141,0.9754768392370572,35.44746178628223,25.930289655575073,-1.5152160482666504,54.12011173184357,1716.7430167597765,0.9070303681088778,0.8840077326260435,0.02762639700451433,0.05555166681752862,-0.9984558139015438,1716.7430167597765,54.12011173184357
52,594.0,92.18376618407356,0.6739891515766786,0.9627228525121556,32.26350497265346,23.834381754975617,-0.1571960677660496,59.92255892255892,531.7542087542088,0.8783900635524622,0.2738178211916626,0.030588340440305728,0.9876701194395917,-0.15654946555700133,531.7542087542088,59.92255892255892
53,146.0,42.97056274847714,0.49861809602475704,0.9668874172185431,14.704422034169719,12.746113247893744,0.15163526664108307,50.56849315068493,651.5753424657535,0.9936207152423758,0.3355176840709338,0.025813421720615074,0.9885253848174287,0.15105483630640396,651.5753424657535,50.56849315068493
54,206.0,52.04163056034262,0.45431759789868204,0.9493087557603687,17.24018862141026,15.358245902607933,0.37437753341346475,53.64563106796116,212.65533980582524,0.9558181953890041,0.10950326457560516,0.02738419145888778,0.9307354340391131,0.36569324826146804,212.65533980582524,53.64563106796116
55,375.0,88.8111831820431,0.9358947063165902,0.9146341463414634,38.06239718387834,13.40861589323247,-0.5179349137967446,61.416,1162.3733333333332,0.5974558526602881,0.5985444558874012,0.03135068912710567,0.8688434288237216,-0.4950869582102105,1162.3733333333332,61.416
56,479.0,88.42640687119284,0.7561820494023428,0.8936567164179104,31.1869092003531,20.40750638117242,-1.0302990572521515,59.07306889352818,1889.4050104384135,0.7698062291827598,0.9729171011526331,0.03015470591808483,0.5145624404723246,-0.8574529111590709,1889.4050104384135,59.07306889352818
57,391.0,74.18376618407356,0.7389361568989807,0.9654320987654321,27.26906072817917,18.37322364306458,0.5725320733168804,59.52429667519181,1125.4961636828646,0.8928301869704007,0.5795551821229993,0.030385041692287805,0.8405318898322829,0.5417620715544519,1125.4961636828646,59.52429667519181
58,151.0,44.384776310850235,0.7718847330365693,0.9741935483870968,17.43181914554828,11.082496953778827,0.13359412398175508,56.66887417218543,178.33112582781456,0.9632050266550263,0.09182859208435354,0.02892744980713907,0.9910895691809244,0.13319709404025953,178.33112582781456,56.66887417218543
59,491.0,91.84062043356595,0.8776641515018793,0.9177570093457944,36.5449850883552,17.51514010607443,-0.19499809286339637,67.27087576374745,1573.9714867617108,0.731512477305546,0.8104899519885226,0.03433939548940656,0.9810480390870445,-0.19376466397014905,1573.9714867617108,67.27087576374745
60,319.0,67.11269837220809,0.806620702216105,0.9696048632218845,26.232519550916567,15.50523974989115,0.43280639180356756,63.61442006269593,555.0877742946708,0.8900023343744902,0.2858330454658449,0.0324729045751383,0.9077922689776978,0.41942007150865235,555.0877742946708,63.61442006269593
61,532.0,101.84062043356595,0.9154756671611186,0.9156626506024096,42.091273475668864,16.936406193522828,1.492056893511603,60.4906015037594,624.1748120300751,0.6445838548889798,0.32140824512362265,0.03087830602540041,0.07865809575447717,0.9969016521063045,624.1748120300751,60.4906015037594
62,152.0,48.284271247461895,0.7921107027688052,0.9156626506024096,17.89799256978981,10.924531110179919,-1.1215597987051413,58.473684210526315,670.6381578947369,0.8192983683680238,0.34533375792725896,0.029848741301953197,0.43427794134032455,-0.9007789238571302,670.6381578947369,58.473684210526315
63,385.0,80.76955262170046,0.9014565033088997,0.9600997506234414,33.798256147272994,14.630240821908938,1.295564496707065,63.51168831168831,1337.451948051948,0.7416094220457149,0.6886982224778311,0.03242046366089245,0.271770048775041,0.9623622190156946,1337.451948051948,63.51168831168831
64,180.0,51.4558441227157,0.7816700274256256,0.9326424870466321,19.37394952989968,12.0833813274372,-1.0720285515545889,63.016666666666666,121.93888888888888,0.8543050132549966,0.06279036503032383,0.03216777267313255,0.47834379594190923,-0.878172655509089,121.93888888888888,63.016666666666666
65,451.0,77.59797974644665,0.2355555013065285,0.9657387580299786,24.41330556448297,23.726337078377245,-1.336812026154119,69.42128603104213,322.2749445676275,0.9412079280347794,0.16595002294934474,0.03543710364014402,0.23185508338326827,-0.9727503381183363,322.2749445676275,69.42128603104213
66,327.0,73.35533905932738,0.8441604001336938,0.8983516483516484,28.885689502021684,15.485348972217626,-1.0695548556425805,66.70030581039755,480.59327217125383,0.7636496535542913,0.2474733636309237,0.0340481397704939,0.4805146623012945,-0.8769866927801544,480.59327217125383,66.70030581039755
67,592.0,110.32590180780451,0.9371552885229728,0.9396825396825397,47.07505055539586,16.425075771856708,-0.3261123576861123,78.5304054054054,1189.7297297297298,0.61119050479736,0.6126311687588722,0.04008698591393844,0.9472949546230367,-0.32036271466220717,1189.7297297297298,78.5304054054054
68,403.0,83.49747468305833,0.8707963598537404,0.9460093896713615,33.06405511491394,16.255740174545146,1.117430428591216,69.03970223325062,438.2853598014888,0.7263872768125786,0.22568762090704883,0.03524231864892834,0.4379938777539162,0.8989779547075042,438.2853598014888,69.03970223325062
69,427.0,81.84062043356595,0.8416971228595432,0.9446902654867256,32.09482463659489,17.329599102375823,-0.6408549482093961,73.47306791569086,1171.9391100702576,0.8011243142499408,0.6034701905614097,0.03750539454603923,0.8015848936327481,-0.5978809733548777,1171.9391100702576,73.47306791569086
70,72.0,31.79898987322333,0.8320030198199897,0.935064935064935,13.049168080169377,7.239301348916683,-0.640203968726586,65.98611111111111,1442.888888888889,0.8947788532394709,0.7429911889232178,0.03368356871419659,0.8019739320065479,-0.5973590313889604,1442.888888888889,65.98611111111111
71,481.0,92.91168824543144,0.8804328653173592,0.9303675048355899,36.77102839095193,17.43574880572787,-1.104582136851084,72.02494802494803,384.14968814968813,0.7001873132175858,0.19781137391848,0.036766180717176127,0.4495077397902604,-0.8932764364230434,384.14968814968813,72.02494802494803
72,1022.0,122.5685424949238,0.7585653215559436,0.9687203791469194,44.81028742037552,29.198248939032737,-1.3272650311374468,77.16829745596868,1641.5117416829746,0.8548751958889578,0.8452686620406666,0.039391678129642005,0.24113121879060748,-0.9704925220343309,1641.5117416829746,77.16829745596868
73,803.0,105.84062043356595,0.33423096023025867,0.9616766467065868,33.04757888315562,31.147052333837877,-1.3278221235318706,77.40348692403487,1740.956413449564,0.9007839829666509,0.8964760110450896,0.039511734009206156,0.24059052739793316,-0.9706267037983163,1740.956413449564,77.40348692403487
74,348.0,68.2842712474619,0.5792787785668431,0.9586776859504132,23.400147824273777,19.07415072318007,-1.2882421637439199,73.97701149425288,811.3678160919541,0.937881026947606,0.41780011127289085,0.03776263986434552,0.27880943674868436,-0.9603464468512816,811.3678160919541,73.97701149425288
75,231.0,57.35533905932738,0.7278843217402473,0.9467213114754098,20.87449569026545,14.313640540503464,-0.7537202406992142,74.79220779220779,405.995670995671,0.8824175580988702,0.2090605926857214,0.03817876865350066,0.7291479511151232,-0.6843560954536884,405.995670995671,74.79220779220779
76,846.0,121.63961030678927,0.7959662855805908,0.9,43.82178106608357,26.527118815500106,0.7073354397912051,85.86879432624113,1559.4976359338061,0.7185056486900421,0.8030368877105077,0.04383297311191482,0.7600960321262984,0.6498107585642585,1559.4976359338061,85.86879432624113
77,246.0,57.112698372208094,0.69893931549224,0.9647058823529412,20.959962458542865,14.990166478755931,0.6617782113121626,76.4349593495935,293.2926829268293,0.9477190536272506,0.1510260983145362,0.03901733504318198,0.7889007317586776,0.614520655007318,293.2926829268293,76.4349593495935
78,184.0,51.79898987322333,0.7444924709703902,0.9484536082474226,18.996135609208316,12.682406288637218,-1.530516072596424,72.90760869565217,615.320652173913,0.8617575671002062,0.3168489455066493,0.03721674767516701,0.04026936263754507,-0.9991888602425298,615.320652173913,72.90760869565217
79,757.0,132.71067811865473,0.9190960754406459,0.8174946004319654,53.1836180694167,20.956127507132795,-0.7314604587679506,87.73315719947159,1502.3949801849406,0.5401246611841913,0.7736328425257161,0.044784664216167225,0.7441996723796396,-0.6679572199101055,1502.3949801849406,87.73315719947159
80,627.0,92.66904755831213,0.6232819774051405,0.9675925925925926,32.029193788288985,25.04673895622155,-0.1951668191724349,84.61881977671452,1232.6937799043062,0.9175040839117529,0.6347547785295089,0.04319490545008398,0.9810153319261098,-0.1939301898258871,1232.6937799043062,84.61881977671452
81,603.0,106.08326112068524,0.8668091817872721,0.8986587183308494,40.6661639891803,20.277775716717226,1.3429640609628422,81.59203980099502,577.2222222222222,0.6733385078159261,0.2972308044398672,0.041649841654412975,0.22586633963444708,0.9741583016225528,577.2222222222222,81.59203980099502
82,434.0,78.28427124746189,0.7497195675161975,0.970917225950783,29.048364386030894,19.222919909245824,0.25038277982959545,85.34792626728111,97.64746543778801,0.8899191808302285,0.05028190805241401,0.043567088446799955,0.9688176494848768,0.24777482125227826,97.64746543778801,85.34792626728111
83,537.0,88.42640687119284,0.7611603743571126,0.9589285714285715,32.689025584884874,21.200915673821623,1.0058598503511262,84.23649906890131,529.5549348230912,0.8630186744700251,0.27268534233938785,0.042999744292445796,0.5353621636595033,0.8446226102359652,529.5549348230912,84.23649906890131
84,544.0,91.84062043356596,0.7124796068277427,0.9283276450511946,32.17315286385693,22.575670274559023,-0.29564047946299,86.27022058823529,837.2536764705883,0.8104741092753908,0.4311295965348034,0.04403788697714921,0.9566157331838853,-0.2913526025712788,837.2536764705883,86.27022058823529
85,623.0,96.42640687119287,0.7724986577615998,0.956989247311828,35.60376521636865,22.608974687643272,1.4305757983952467,83.53772070626003,1139.0112359550562,0.8419880789552778,0.5865145396267025,0.042643042729076076,0.13976148199823454,0.9901851989146562,1139.0112359550562,83.53772070626003
86,534.0,93.7401153701776,0.5860538982774156,0.9143835616438356,30.008936642500643,24.31540322833129,-0.5093324163696409,89.26966292134831,261.1629213483146,0.7636601943484636,0.1344814219095338,0.04556899587613492,0.8730702122831766,-0.4875945081969329,261.1629213483146,89.26966292134831
87,325.0,69.94112549695429,0.7203486292120193,0.9393063583815029,24.934521606388685,17.294887819427203,-0.3853358374248693,85.72307692307692,416.88307692307694,0.8348875629438687,0.21466687792125486,0.04375858954725723,0.9266722535968811,-0.3758703691616003,416.88307692307694,85.72307692307692
88,64.0,35.59188309203678,0.9289277354790899,0.8311688311688312,15.811934850167628,5.854543965507003,0.7948410825669637,81.84375,1443.640625,0.6348745318004025,0.7433782826982492,0.04177833078101072,0.700398202569438,0.713752308463868,1443.640625,81.84375
89,280.0,62.76955262170047,0.7134932589305594,0.9427609427609428,22.62873698587889,15.855098232900898,0.5589316675077708,88.57857142857142,128.75357142857143,0.8930377730576403,0.0662994703545682,0.0452162181871217,0.8478221108795112,0.5302807447982718,128.75357142857143,88.57857142857142
90,623.0,94.42640687119285,0.7461745050908256,0.9629057187017002,34.65037928326113,23.068504202445332,1.0487334309261536,90.31139646869984,783.4173354735152,0.8780332903762291,0.4034074847958369,0.04610076389418062,0.498669299928466,0.8667923219023422,783.4173354735152,90.31139646869984
91,820.0,117.08326112068524,0.8707732807308614,0.9523809523809523,46.24321474069386,22.737083487563538,-1.2630760078616536,92.29512195121951,200.56829268292682,0.7516819049891937,0.10327924442993143,0.04711338537581394,0.30288682882912893,-0.9530265310692215,200.56829268292682,92.29512195121951
92,279.0,59.698484809834994,0.5445471719570097,0.9721254355400697,20.612440253807772,17.288276494406897,-1.467920146556523,88.3225806451613,391.5268817204301,0.9837561268413856,0.2016101347685016,0.045085543974048646,0.10269481108709072,-0.994712911234084,391.5268817204301,88.3225806451613
93,374.0,72.69848480983501,0.5318957544505809,0.958974358974359,23.91641268813636,20.252653619842505,-0.6274629650355971,91.86898395721926,431.7192513368984,0.8892640744966679,0.22230651459160577,0.04689585704809559,0.8095195871068319,-0.5870928700728569,431.7192513368984,91.86898395721926
94,686.0,99.49747468305833,0.6611698048711377,0.9594405594405594,34.261465042982266,25.704194384850364,0.7225669238350616,97.40233236151603,816.4067055393587,0.8707828425976651,0.420394802028506,0.04972043510031446,0.7501106639092666,0.6613123255237265,816.4067055393587,97.40233236151603
95,702.0,102.9116882454314,0.6586066101926128,0.9448183041722745,34.863808866232596,26.2345779500386,0.2760443942984221,100.85897435897436,869.505698005698,0.8329473879236217,0.4477372286332122,0.05148492820774597,0.9621410707199417,0.2725519400662634,869.505698005698,100.85897435897436
96,679.0,107.05382386916239,0.88214015260183,0.9483240223463687,43.447645650592385,20.463276143599785,0.6626084008313914,101.57731958762886,81.60677466863034,0.7445181152337217,0.0420220260909528,0.051851617962036176,0.788390291349193,0.6151753802830007,81.60677466863034,101.57731958762886
97,490.0,81.35533905932736,0.46371380180448335,0.9607843137254902,26.642725725910406,23.60505670233748,0.1715872697560175,98.03469387755102,1272.504081632653,0.9303231441167794,0.6552544189663506,0.05004323321978102,0.9853149874430677,0.170746524181511,1272.504081632653,98.03469387755102
98,372.0,70.76955262170047,0.6775835785463874,0.9637305699481865,25.388616673495616,18.67195097123376,1.200268572849876,95.76881720430107,559.3306451612904,0.9333830362959276,0.2880178399388725,0.048886583565237916,0.3621074210174872,0.9321363718062203,559.3306451612904,95.76881720430107
99,397.0,80.66904755831214,0.8347024594539647,0.9452380952380952,30.63482557167237,16.870634995504542,-0.8545642061554287,100.84634760705289,1169.2518891687657,0.7666312389845156,0.6020864516831955,0.05147848269885293,0.6565472847756486,-0.7542848685037525,1169.2518891687657,100.84634760705289
100,906.0,111.39696961966999,0.5746434199644067,0.978401727861771,37.65735891832184,30.81892931862759,0.8151946961798603,104.74282560706402,501.86423841059604,0.9174688084765177,0.25842648733810303,0.05346749648140073,0.6857266950641283,0.7278591207619973,501.86423841059604,104.74282560706402
101,684.0,106.22539674441619,0.8668121614861282,0.957983193277311,42.30529023047943,21.09489048146722,-0.9298131615682411,103.25,329.0599415204678,0.7617443507553939,0.16944384218355707,0.05270546197039306,0.5979837452642747,-0.8015082285290096,329.0599415204678,103.25
102,337.0,69.45584412271572,0.8015944193051735,0.9656160458452722,26.990497235641886,16.136760052819458,0.08032591828249953,103.20178041543026,1472.7566765578636,0.8778537672996302,0.7583711001842758,0.05268084758317012,0.9967756077017783,0.08023956561915359,1472.7566765578636,103.20178041543026
103,843.0,124.22539674441619,0.89797978036763,0.945067264573991,49.817813294141764,21.921667108724783,-1.0231529699534314,107.18861209964413,594.9667852906288,0.6864622409746833,0.30636806657601895,0.05471598371600007,0.5206766832670754,-0.8537539408412693,594.9667852906288,107.18861209964413
104,625.0,100.66904755831213,0.7339521011660409,0.9218289085545722,35.099057945434886,23.839323389370858,0.7434539433627244,104.4112,1132.0352,0.7749933249516633,0.5829223480947477,0.05329821337417049,0.7361352062443353,0.6768345131031736,1132.0352,104.4112
105,594.0,96.76955262170047,0.6274617257764759,0.9068702290076336,31.99286065052317,24.91115795225032,-0.37925225370362,107.84343434343434,1744.2558922558921,0.7971110736569293,0.8981750217589558,0.05505024724014004,0.9289417303383455,-0.37022596024050053,1744.2558922558921,107.84343434343434
106,534.0,89.84062043356593,0.7357570694248023,0.9535714285714286,32.266484179553736,21.852332819903378,1.030053001718355,107.22097378277154,1788.2247191011236,0.8313916073197702,0.9208160242539256,0.05473250320713197,0.5147734059272957,0.857326274267861,1788.2247191011236,107.22097378277154
107,610.0,89.84062043356593,0.2451546333290666,0.9713375796178344,28.337605032787014,27.472854378022213,-0.06340773850775683,110.6327868852459,1702.627868852459,0.9497170046162169,0.8767393763400921,0.05647411275408162,0.9979904027897557,-0.06336525814309595,1702.627868852459,110.6327868852459
108,484.0,94.21930009000631,0.8850941279736652,0.9063670411985019,36.75957782854062,17.108350803726903,0.2704841682639551,115.39462809917356,1421.2561983471073,0.6851339339125991,0.7318518014145764,0.058904863756597016,0.9636416405112339,0.2671980326888986,1421.2561983471073,115.39462809917356
109,519.0,83.59797974644665,0.6899349872100233,0.9755639097744361,30.288428791871194,21.92492546389073,0.7814296224679085,110.03082851637765,1529.1695568400771,0.9332234803515638,0.7874199571782066,0.05616683436262259,0.7099073878061828,0.7042950381326011,1529.1695568400771,110.03082851637765
110,366.0,74.52691193458118,0.4067987049656628,0.9312977099236641,22.69827515330218,20.73527891259112,-1.2910888217926098,109.94262295081967,461.73770491803276,0.8280655111467587,0.23776400871165435,0.05612180855069917,0.276074532838319,-0.96113622984367,461.73770491803276,109.94262295081967
111,950.0,122.46803743153546,0.7267489243219318,0.9519038076152304,42.74060141730228,29.358655722521743,-1.3986815034831712,115.84947368421052,218.27052631578948,0.7959539691883424,0.11239470974036533,0.05913704629107224,0.17126630682205027,-0.9852247723984285,218.27052631578948,115.84947368421052
112,237.0,55.112698372208094,0.5753950125225176,0.9753086419753086,19.284778376052614,15.772550657687864,-0.06189026104009433,110.14767932489451,1321.0168776371308,0.9805163953570184,0.6802352613991405,0.056226482554821086,0.9980854090493929,-0.06185075781836515,1321.0168776371308,110.14767932489451
113,249.0,62.2842712474619,0.8719766859242634,0.950381679389313,25.650327644622003,12.557051269341914,0.33327252513694955,113.63052208835342,1373.7469879518073,0.8065892626258714,0.7073877383891902,0.058004350223763865,0.9449768406870501,0.32713723506369835,1373.7469879518073,113.63052208835342
114,227.0,55.4558441227157,0.7206018935192264,0.961864406779661,20.438670642784277,14.171132960701678,-1.5586307765191283,109.15418502202643,532.669603524229,0.9275580109557772,0.2742891882205093,0.05571933895968679,0.012165250193171535,-0.9999260006059136,532.669603524229,109.15418502202643
115,419.0,85.35533905932739,0.9090277777826947,0.9544419134396356,35.86068610087437,14.944421910309154,-1.2386430392573422,113.78997613365155,179.37231503579952,0.7227074028341091,0.09236473482790912,0.058085745856892065,0.3260793767726542,-0.9453423930214689,179.37231503579952,113.78997613365155
116,879.0,115.74011537017762,0.8050050985319908,0.966996699669967,43.6271072603422,25.882561945876898,-0.1531509535167962,127.21615472127418,298.1217292377702,0.824576431177632,0.15351273390204437,0.0649393337015182,0.9882952975994082,-0.1525529571751963,298.1217292377702,127.21615472127418
117,335.0,65.698484809835,0.46088334127008157,0.9682080924855492,21.92785120276904,19.46010681656194,-1.4582226240323126,114.75522388059701,562.2597014925373,0.9753128895130614,0.289526107874633,0.058578470587338956,0.11233608198563953,-0.9936702695985805,562.2597014925373,114.75522388059701
118,183.0,47.45584412271572,0.2791381481325766,0.973404255319149,15.630337159319753,15.009046165316509,1.4466695328913308,114.26775956284153,346.92349726775956,1.021131204956311,0.17864237758381027,0.05832963734703498,0.12380829291189144,0.992306155682934,346.92349726775956,114.26775956284153
119,177.0,51.698484809834994,0.47069702263422397,0.946524064171123,16.69798735854981,14.73254929789714,0.6500787411033996,113.47457627118644,1303.0564971751412,0.8321995959779529,0.6709868677523899,0.05792474541663422,0.7960361430358309,0.6052490883765443,1303.0564971751412,113.47457627118644
120,648.0,101.01219330881975,0.8682259819283004,0.9614243323442137,40.901975704172834,20.29429105362787,1.3627619127974817,118.75154320987654,122.04629629629629,0.7980631674598827,0.06284567265514741,0.06061844982637904,0.20653709451266394,0.9784387709970752,122.04629629629629,118.75154320987654
121,753.0,100.32590180780451,0.3686019394087924,0.9728682170542635,32.17951786887489,29.913672203165678,0.9982989624835489,123.48339973439575,1660.1261620185924,0.9401100508632402,0.8548538424400579,0.06303389470872678,0.5417328972021087,0.8405506933487173,1660.1261620185924,123.48339973439575
122,138.0,42.79898987322333,0.6354185334701933,0.9517241379310345,15.234009329634365,11.76321320504708,0.28675698182710324,119.65942028985508,523.9202898550725,0.9467207855389668,0.26978387737130405,0.06108188886669478,0.9591661831488265,0.2828431245473571,523.9202898550725,119.65942028985508
123,760.0,138.42640687119285,0.9633521583765862,0.9348093480934809,60.38791374183017,16.198445129141238,-0.03796945390281368,140.7842105263158,851.7078947368421,0.49840864213504515,0.4385725513577972,0.07186534483221838,0.9992792468826485,-0.037960331263659934,851.7078947368421,140.7842105263158
124,355.0,71.49747468305833,0.67621790750054,0.9646739130434783,24.99850621903695,18.416441126283168,-0.38117666576547654,125.65633802816902,1292.349295774648,0.872683594564713,0.6654733757850917,0.06414310261774835,0.9282275433714793,-0.37201294026760495,1292.349295774648,125.65633802816902
125,404.0,79.49747468305833,0.29382194310756543,0.9417249417249417,23.88540124329317,22.831103707376528,0.06713212123835346,123.98019801980197,1239.779702970297,0.8033125704638805,0.6384035545676091,0.06328749260837263,0.99774748529442,0.06708170830160096,1239.779702970297,123.98019801980197
126,252.0,58.2842712474619,0.3254287564700628,0.9545454545454546,18.617962417356964,17.60452272712383,0.26373684650454077,126.27380952380952,1117.4563492063492,0.9321969195109882,0.5754152158632077,0.06445829991006101,0.9654225624710836,0.2606899995622516,1117.4563492063492,126.27380952380952
127,2054.0,193.58073580374358,0.7550374028660012,0.920663379650381,64.30576432947683,42.16411427578211,0.2153054155019837,153.38169425511197,1342.4406037000974,0.6887887270779974,0.6912670461895455,0.07829591335125674,0.976911189030455,0.2136458020816287,1342.4406037000974,153.38169425511197
128,354.0,67.11269837220809,0.21470243857187066,0.9725274725274725,21.48660107507662,20.985522983363705,-0.6874392690520613,127.80790960451978,82.045197740113,0.9876514933183997,0.042247784624157056,0.06524140357555884,0.7728734850167823,-0.634560143846124,82.045197740113,127.80790960451978
129,604.0,94.66904755831214,0.5196043033499564,0.9556962025316456,30.28032464644014,25.871722160474953,-0.27084122913959296,132.591059602649,1259.6920529801325,0.8468973755264323,0.648657081864126,0.06768303195643134,0.9635461731212153,-0.26754209437668114,1259.6920529801325,132.591059602649
130,577.0,87.25483399593904,0.428293010073164,0.9746621621621622,28.57930364125756,25.82539953751781,-0.8436600366758442,134.7157712305026,1486.254766031196,0.9523721434896915,0.7653217126834171,0.06876762186345207,0.6647329401795722,-0.7470810653739133,1486.254766031196,134.7157712305026
131,342.0,73.35533905932736,0.6746714889184043,0.9144385026737968,24.684582042153206,18.220137673999425,-1.0927088881353466,131.87719298245614,1736.5058479532163,0.798679454176048,0.8941842677411,0.06731862837287195,0.46008189980856673,-0.8878764809749946,1736.5058479532163,131.87719298245614
132,329.0,70.5269119345812,0.8610878720972585,0.9676470588235294,28.736154890438716,14.611075248092387,-1.2670131362963621,133.1884498480243,168.09118541033433,0.8311818001099588,0.08655570824425043,0.06798797848291184,0.2991323031500295,-0.954211645921469,168.09118541033433,133.1884498480243
133,46.0,23.071067811865476,0.7608385124453003,0.9583333333333334,9.477030493575889,6.1500361026200725,-0.08180922836341538,129.8695652173913,355.30434782608694,1.0860061991784666,0.18295795459633726,0.0662938056239874,0.9966554910318232,-0.08171800411240773,355.30434782608694,129.8695652173913
134,647.0,98.66904755831214,0.7810628971958115,0.9642324888226528,36.784056106522286,22.96989066713492,-0.5179712037926093,141.21174652241112,1380.5749613601236,0.8351265150516832,0.7109036876210729,0.07208358679040894,0.8688254615479417,-0.49511848820863685,1380.5749613601236,141.21174652241112
135,211.0,56.87005768508881,0.6249904802373626,0.9377777777777778,19.058876712018805,14.877976128013948,0.3881283535990591,137.2037914691943,1418.6635071090047,0.8198322188189118,0.7305167389850694,0.07003766792710275,0.9256190177150991,0.37845664750950664,1418.6635071090047,137.2037914691943
136,231.0,54.04163056034261,0.4619773736174946,0.9665271966527197,18.224750302118284,16.163379970030444,-0.32374454068552594,136.82251082251082,1802.2034632034631,0.993950955381574,0.928014141711361,0.06984303768377276,0.9480508586658458,-0.31811879759447176,1802.2034632034631,136.82251082251082
137,142.0,40.970562748477136,0.4097178065676537,0.9861111111111112,14.084125279811953,12.8477126138182,0.7956932093790174,137.2112676056338,1451.0422535211267,1.0630516110038324,0.7471896259120117,0.0700414842295221,0.6997897408772435,0.714348877344229,1451.0422535211267,137.2112676056338
138,942.0,119.39696961966999,0.7970315866464815,0.9651639344262295,44.71719701999702,27.00639757970177,-0.46922547715872964,153.8227176220807,1747.9426751592357,0.8303747952370837,0.9000734681561461,0.07852104013378289,0.8919187915132932,-0.4521956096043686,1747.9426751592357,153.8227176220807
139,262.0,62.04163056034261,0.508111332196735,0.9597069597069597,20.294320003058015,17.479323268387827,1.5042886481045095,142.96564885496184,17.606870229007633,0.8553517509719698,0.009066359541198575,0.07297889170748435,0.06645865928161226,0.9977891794394699,17.606870229007633,142.96564885496184
140,36.0,22.656854249492383,0.45256780896126164,0.8372093023255814,7.5149772926060745,6.7013306395817995,0.4123264562116346,138.55555555555554,420.72222222222223,0.8812784350806392,0.21664378075294657,0.07072769553627134,0.9161909945954632,0.40074188877901945,420.72222222222223,138.55555555555554
141,629.0,99.15432893255071,0.8404995023692169,0.9647239263803681,38.64239938815045,20.936927934958092,-1.135540203224357,148.44674085850556,607.3672496025437,0.8039650143546805,0.3127534755934828,0.07577679472103398,0.4216426583352477,-0.9067620794188438,607.3672496025437,148.44674085850556
142,277.0,66.62741699796952,0.885342122891273,0.9518900343642611,27.603972933742877,12.83419479253086,0.09413020395386193,149.65703971119135,1566.216606498195,0.7841220726941261,0.8064967077745597,0.07639460934721355,0.9955730225681826,0.09399125881938739,1566.216606498195,149.65703971119135
143,397.0,74.42640687119285,0.6299800567306227,0.9659367396593674,25.69575969095438,19.95561761657305,0.8626502652331005,146.87405541561714,193.0654911838791,0.9006297012965286,0.09941580390519006,0.07497399459704805,0.6504266953903602,0.7595690317038837,193.0654911838791,146.87405541561714
144,440.0,88.66904755831214,0.8997281914515396,0.9282700421940928,36.36941761432175,15.873456442119226,-1.2325540212308412,146.96363636363637,1219.159090909091,0.7032641085072797,0.6277853197266174,0.0750197224929231,0.33182950321166627,-0.943339377317781,1219.159090909091,146.96363636363637
145,881.0,126.42640687119285,0.8990572566492246,0.9322751322751323,51.6297048772719,22.605089131198902,1.5516007071719402,147.51305334846765,1618.7128263337117,0.6926441684360659,0.8335287468247743,0.07530018037185689,0.01919444080388161,0.9998157697507207,1618.7128263337117,147.51305334846765
146,103.0,34.97056274847714,0.5198632955648481,0.9626168224299065,12.387283513391319,10.58183035378959,-1.0522835690793606,143.23300970873785,255.62135922330097,1.0583805413319196,0.1316278883745113,0.07311536993809997,0.49558893141834326,-0.8685572007965996,255.62135922330097,143.23300970873785
147,303.0,67.11269837220809,0.7310875996087812,0.9528301886792453,23.90868764643361,16.31250566912628,-1.4982049191526288,149.33663366336634,317.86798679867985,0.8453627188572743,0.16368073470580838,0.07623105342693534,0.07252767088311587,-0.9973664005551172,317.86798679867985,149.33663366336634
148,54.0,26.52081528017131,0.8252231130570308,0.9473684210526315,11.057508489587024,6.245356889969936,-0.9190443588637367,144.59259259259258,1115.7037037037037,0.9647835335869984,0.5745127207537094,0.07380938876599928,0.6065801895313195,-0.7950223101700659,1115.7037037037037,144.59259259259258
149,287.0,62.041630560342625,0.23448708610185554,0.9566666666666667,19.47734159388266,18.93429840401276,-0.26507353522641247,151.81533101045295,507.0452961672474,0.9369692844616611,0.2610943852560491,0.07749634048517251,0.9650732387146799,-0.26198023573689383,507.0452961672474,151.81533101045295
150,591.0,92.76955262170047,0.540813938457018,0.967266775777414,30.424104380841108,25.590999599310404,-1.4636127261434828,155.69712351945856,1781.7394247038917,0.8629515644992776,0.9174765317733737,0.07947785784556333,0.10697849184495811,-0.994261335003317,1781.7394247038917,155.69712351945856
151,453.0,77.94112549695429,0.6324032003575429,0.9658848614072495,27.363850831344237,21.197116850947648,1.5495778384736865,153.51655629139074,94.95364238410596,0.9370757955627201,0.04889476950777856,0.07836475563623825,0.021216896177398466,0.999774896322466,94.95364238410596,153.51655629139074
152,618.0,94.08326112068524,0.6826366271474562,0.965625,33.10172326600104,24.189348653581355,0.7765610784334099,157.66504854368932,1444.07928802589,0.8773514820276062,0.7436041647919104,0.08048241375379751,0.7133278523151884,0.7008304895703389,1444.07928802589,157.66504854368932
153,226.0,63.798989873223334,0.7567778022730011,0.8560606060606061,21.67747730802024,14.169964496846386,-0.3022652201535886,152.89823008849558,491.72566371681415,0.6977353039856447,0.2532058000601515,0.07804912204619478,0.9546646203492515,-0.2976834940896449,491.72566371681415,152.89823008849558
154,509.0,83.59797974644667,0.7031041089294351,0.975095785440613,30.275738480380944,21.528681716394583,-0.15159224169181795,158.49705304518665,1139.3752455795677,0.9152422957590477,0.5867019802160492,0.08090712253455164,0.9885318830291425,-0.15101230491207573,1139.3752455795677,158.49705304518665
155,1458.0,144.22539674441617,0.7294131551627395,0.9759036144578314,52.30637221809654,35.78139912696454,-1.4433946069417054,162.69067215363512,1690.3347050754458,0.8808133804142153,0.8704092199152655,0.0830478163111971,0.1270573523521045,-0.9918953721100191,1690.3347050754458,162.69067215363512
156,186.0,49.213203435596434,0.5955786042462676,0.9538461538461539,17.19451863794427,13.81230583716195,1.4365962128651375,153.86559139784947,240.58602150537635,0.9650716040259797,0.1238856959347973,0.07854292567526773,0.1337976598634244,0.991008671109931,240.58602150537635,153.86559139784947
157,652.0,106.66904755831213,0.8922392332149754,0.9574155653450808,43.10170542758443,19.463135777528866,0.22848405609177447,171.6426380368098,1548.9003067484662,0.7200797951068723,0.7975799725790248,0.08761747730311885,0.9740108772267115,0.22650123850445444,1548.9003067484662,171.6426380368098
158,298.0,65.45584412271572,0.7886254980105594,0.952076677316294,24.87079332929873,15.292399890241429,1.3878287537535068,157.14429530201343,56.560402684563755,0.8740359022486878,0.02912482115580008,0.08021658769883279,0.1819484088497328,0.9833080781306794,56.560402684563755,157.14429530201343
159,725.0,111.15432893255071,0.7852616137203626,0.8939580764488286,40.264885674903574,24.930572197617504,0.2505980770328879,172.09379310344826,1123.576551724138,0.7373863745808843,0.5785667104655705,0.0878477759588812,0.9687642818054801,0.24798339923856233,1123.576551724138,172.09379310344826
160,1166.0,142.95331880577405,0.5560671167917977,0.9130775254502741,44.28086098050049,36.80347923738605,0.9491865385861997,174.7427101200686,192.0008576329331,0.7170012778136453,0.09886758889440428,0.08919995411948373,0.5823445790619391,0.8129420589667956,192.0008576329331,174.7427101200686
161,855.0,123.22539674441617,0.7584494819771028,0.8887733887733887,42.65062698834548,27.796771343117843,-0.16458829903271252,174.8280701754386,1228.6795321637426,0.7075799667694381,0.6326877096620713,0.08924352739940715,0.986485894590172,-0.16384620769071234,1228.6795321637426,174.8280701754386
162,383.0,71.698484809835,0.3554079757635162,0.9575,22.858065619930382,21.36569169817392,0.05988918701425612,164.13054830287206,1250.0522193211489,0.9362432124506297,0.6436932128327234,0.08378282200248702,0.9982071785970751,0.05985339252930506,1250.0522193211489,164.13054830287206
163,372.0,77.94112549695427,0.8465720809329407,0.9370277078085643,30.0569522895052,15.998537066405772,-0.16695942832568975,167.4758064516129,470.73387096774195,0.7695191963561412,0.24239643201222552,0.08549045760674472,0.9860946212757193,-0.16618483050836963,470.73387096774195,167.4758064516129
164,402.0,82.5269119345812,0.8836095482240176,0.9370629370629371,33.53288620551668,15.700918300155166,-1.214402077225523,164.9278606965174,1470.0547263681592,0.7417280924180917,0.7569797767086299,0.08418982169296448,0.34889734017955254,-0.9371609498990201,1470.0547263681592,164.9278606965174
165,517.0,89.25483399593904,0.8015970953105601,0.9503676470588235,33.603120649738344,20.090116759719685,-1.2261502593343536,167.95551257253385,279.0754352030948,0.815524314636691,0.1437051674578243,0.08573533056280441,0.33786357884733215,-0.9411950924693948,279.0754352030948,167.95551257253385
166,410.0,86.04163056034263,0.9321546405874505,0.9715639810426541,38.07287611512768,13.784680375943978,0.014097039330035924,175.12926829268292,439.7560975609756,0.6959474640724336,0.22644495240009044,0.08939727835256912,0.9999006383865624,0.01409657242541887,439.7560975609756,175.12926829268292
167,312.0,64.87005768508881,0.6711424377112029,0.9629629629629629,23.19508763016326,17.195177695971704,0.28485946495548253,168.78846153846155,1169.0224358974358,0.9316995587214733,0.6019682986083603,0.08616052145914321,0.9597011556554991,0.28102258242621636,1169.0224358974358,168.78846153846155
168,533.0,88.66904755831213,0.761897410325662,0.9467140319715808,32.65856659070899,21.152879110341853,0.9345557770011808,172.68480300187616,562.375234521576,0.8519085678054095,0.28958559965065706,0.08814946554460243,0.5941757891873315,0.8043352109311216,562.375234521576,172.68480300187616
169,428.0,76.52691193458118,0.5070230777252659,0.9617977528089887,25.274832878971427,21.78519936406514,-0.8230794050691361,170.65654205607476,407.4065420560748,0.9183860018916035,0.2097870968362898,0.08711411028896109,0.6799664820125587,-0.7332431952220659,407.4065420560748,170.65654205607476
170,922.0,137.39696961967,0.7750831491969828,0.8232142857142857,46.36358604572672,29.295260706909044,-1.423481564648877,176.5281995661605,1782.6746203904556,0.6137428938281044,0.9179580949487414,0.09011138313739689,0.14678251137527565,-0.9891687896180141,1782.6746203904556,176.5281995661605
171,243.0,75.52691193458118,0.8697484592083745,0.7431192660550459,27.75707825127709,13.697987843858645,-1.459011949085232,171.30864197530863,1647.7366255144034,0.5353190289039442,0.8484740605120512,0.08744698416299573,0.1115517182343485,-0.9937586297280464,1647.7366255144034,171.30864197530863
172,620.0,103.35533905932736,0.8802504184118822,0.950920245398773,41.44095895576439,19.66412588815679,0.08064537025813534,183.91774193548386,90.20322580645161,0.7293495535677869,0.046448622969336564,0.09388348235604077,0.996749924154195,0.08055798345667736,90.20322580645161,183.91774193548386
173,260.0,59.21320343559643,0.5238083409631332,0.948905109489051,19.813031226338772,16.87745618723199,1.4351168746631637,174.02692307692308,370.0615384615385,0.9318501895219121,0.19055691990810425,0.08883457022813838,0.13526354991021186,0.9908096548104927,370.0615384615385,174.02692307692308
174,259.0,58.2842712474619,0.5244009256000659,0.9522058823529411,19.68608045540452,16.76213592176917,0.15441270394360151,175.8841698841699,522.1389961389962,0.9580912783862933,0.2688666303496376,0.08978262883316483,0.9881020272017152,0.15379981742466692,522.1389961389962,175.8841698841699
175,181.0,49.4558441227157,0.6744176093105363,0.9476439790575916,17.74496891543688,13.10199979049273,0.5058548820705088,173.77348066298342,1155.8232044198894,0.9299363008790172,0.5951715779711068,0.08870519686727076,0.8747605563713144,0.4845554344107065,1155.8232044198894,173.77348066298342
176,44.0,32.86396103067893,0.9810289213796419,0.7719298245614035,18.680462736219006,3.621421285355015,0.05790888394670498,176.8181818181818,456.29545454545456,0.5119443173397836,0.23496161408107855,0.09025940878927097,0.9983237490923188,0.05787652372298224,456.29545454545456,176.8181818181818
177,200.0,52.8700576850888,0.7992419643427827,0.9523809523809523,20.64161052068058,12.405801671497448,-0.606103133751754,177.475,225.525,0.8991254510643084,0.1161302780638517,0.09059469116896375,0.8218741766635669,-0.5696690598352557,225.525,177.475
178,229.0,61.45584412271571,0.9090509099657517,0.9662447257383966,26.59183632148819,11.080421036400665,-0.213374113053857,181.6244541484716,55.943231441048034,0.7619368354299766,0.028807019279633386,0.09271284030039388,0.9773219815303512,-0.2117586938418064,55.943231441048034,181.6244541484716
179,994.0,125.05382386916237,0.3640871848831998,0.9502868068833652,38.0433471657077,35.4322371023391,-1.312418835833069,191.30985915492957,1524.043259557344,0.7987342294443247,0.7847802572385911,0.09765689594432342,0.25551223771941595,-0.9668058214427635,1524.043259557344,191.30985915492957
180,195.0,50.62741699796952,0.6985745913304457,0.9653465346534653,18.67529780721393,13.362871029847053,-0.28240137956684164,183.5794871794872,112.81538461538462,0.9560331131154194,0.058092371068684145,0.09371081530346462,0.9603890331196879,-0.278662708419033,112.81538461538462,183.5794871794872
181,238.0,59.35533905932738,0.7344782956826807,0.937007874015748,21.393777979407012,14.518506148241476,-0.45768758745270055,186.60084033613447,475.2857142857143,0.8489209291290022,0.24474032661468295,0.09525310890052806,0.8970766920754228,-0.4418748788231992,475.2857142857143,186.60084033613447
182,466.0,79.11269837220809,0.6217151530355373,0.9708333333333333,27.544589295595948,21.574118559980867,-1.383247480160703,185.83261802575106,1439.6974248927038,0.9356283773942811,0.7413477986059237,0.09486095866551866,0.18645128705440223,-0.9824642067555219,1439.6974248927038,185.83261802575106
183,177.0,48.04163056034262,0.6641304488234767,0.9619565217391305,17.37152798607813,12.987244622400196,1.1429600230734707,182.90395480225988,1473.638418079096,0.9637128548335129,0.7588251380427888,0.0933659799909443,0.41490310234689665,0.9098656030771362,1473.638418079096,182.90395480225988
184,1223.0,162.12489168102786,0.9137790026928695,0.83709787816564,65.30014705282606,26.52568286209816,0.2792861213266623,201.50040883074408,1648.1128372853639,0.5847051555707861,0.8486677843899917,0.1028588100207984,0.9612524778099283,0.27566950122252065,1648.1128372853639,201.50040883074408
185,977.0,118.46803743153546,0.7344185796079201,0.9711729622266402,42.89960300895561,29.115823397112013,-0.659091362673455,196.20982599795292,1725.252814738997,0.8747864349655315,0.8883897089284227,0.10015815518016995,0.7905490061605647,-0.6123987825416896,1725.252814738997,196.20982599795292
186,136.0,40.384776310850235,0.4957193606800548,0.9784172661870504,14.12211660010696,12.264814891578222,0.6493663378859291,183.875,39.97794117647059,1.0478844820593993,0.02058596353062337,0.09386166411434406,0.7964671223958253,0.6046818361274906,39.97794117647059,183.875
187,455.0,90.08326112068524,0.782584866493696,0.8617424242424242,32.46527233203216,20.21105775559108,-1.5271416473439967,188.30989010989012,404.7186813186813,0.7045844612995493,0.20840302848541778,0.09612551817758556,0.04364081509245579,-0.9990472857968566,404.7186813186813,188.30989010989012
188,236.0,55.4558441227157,0.66164287368681,0.963265306122449,20.01294490144913,15.006088667645427,0.187768080844453,189.32203389830508,17.10169491525424,0.9643334387029225,0.00880622807170661,0.09664218167345844,0.9824233066447777,0.18666667233638942,17.10169491525424,189.32203389830508
189,153.0,43.79898987322333,0.4589346879431227,0.95625,14.841097387135541,13.185869889947801,-0.6261163058300377,186.2156862745098,152.01960784313727,1.002243170790661,0.07827992164940127,0.09505650141628882,0.8103094668577335,-0.586002191054552,152.01960784313727,186.2156862745098
190,666.0,102.32590180780451,0.7079554438707427,0.921161825726141,35.35871264243269,24.972341805353437,0.8959605044108052,198.96696696696696,1314.0,0.799305739663606,0.6766220391349125,0.10156557782897752,0.6247691337004839,0.7808095347619334,1314.0,198.96696696696696
191,363.0,102.59797974644664,0.9769862383576647,0.8663484486873508,47.703525724511366,10.175273865714763,-1.3150767889687922,194.0771349862259,258.8374655647383,0.43335006964420186,0.13328396785001972,0.0990694920807687,0.25294161362038275,-0.9674815450948493,258.8374655647383,194.0771349862259
192,406.0,74.52691193458118,0.7181904391437095,0.9712918660287081,27.31088576868023,19.00418705204613,-0.40815980686092795,199.88669950738915,536.3349753694581,0.9185644741136176,0.27617660935605465,0.1020350686612502,0.917852787725515,-0.39692097458373315,536.3349753694581,199.88669950738915
193,124.0,39.798989873223334,0.5589706702409567,0.9465648854961832,13.80784751631804,11.449293560421404,0.3585629669288522,194.18548387096774,69.83870967741936,0.9837561268413854,0.03596226039002027,0.09912480034250523,0.9364020868837565,0.3509289553168073,69.83870967741936,194.18548387096774
194,253.0,66.52691193458118,0.9145620686344808,0.933579335793358,28.57363580299628,11.556480543741888,-1.1424311759875267,196.06324110671937,290.0118577075099,0.7183492716925063,0.14933669294928417,0.10008332879362908,0.4153842240773644,-0.9096460555554814,290.0118577075099,196.06324110671937
195,529.0,92.32590180780451,0.8645734631965358,0.9429590017825312,36.890973919911566,18.53795213762082,0.5588107370980265,206.3610586011342,491.2117202268431,0.7798631853659598,0.25294115356686053,0.10533999928592865,0.847886231747758,0.5301782134458065,491.2117202268431,206.3610586011342
196,342.0,71.94112549695427,0.8410457122774535,0.9526462395543176,28.44522749586726,15.387845639369244,0.37978606066661513,203.5701754385965,514.4502923976609,0.8303888597879144,0.2649074626146554,0.10391535244440862,0.928743968801362,0.3707217830329029,514.4502923976609,203.5701754385965
197,350.0,79.69848480983501,0.8557233347238539,0.8816120906801007,31.390443964949426,16.24247176103008,-0.5863987099749067,201.5742857142857,1206.597142857143,0.6924330339732381,0.6213167573929675,0.10289652154889521,0.8329389038219851,-0.5533649632022523,1206.597142857143,201.5742857142857
198,345.0,72.76955262170046,0.84402936328753,0.9478021978021978,28.67371821448049,15.377628033380276,-0.9210022059305045,209.4695652173913,252.6782608695652,0.8187089710360386,0.13011238973716024,0.10692678163215483,0.6050224958670991,-0.7962083769307794,252.6782608695652,209.4695652173913
199,195.0,51.45584412271571,0.5451381139891902,0.9512195121951219,17.37150305552881,14.563334461983022,1.0149347587381876,206.25641025641025,1132.2820512820513,0.9254970976929128,0.583049459980459,0.10528658001858614,0.5276753516085633,0.8494461273705232,1132.2820512820513,206.25641025641025
200,572.0,90.18376618407355,0.5965735287806848,0.9662162162162162,30.549910902658684,24.518088363076405,1.1595140949689753,213.16958041958043,835.7272727272727,0.8837901496312813,0.43034360078644324,0.10881550812638102,0.39978496148898546,0.9166089594626764,835.7272727272727,213.16958041958043
201,534.0,84.42640687119284,0.45914904122010425,0.9709090909090909,27.769099160151644,24.66893611693713,-0.24526830399801447,214.1198501872659,1185.8595505617977,0.9414440353643371,0.6106382855622028,0.10930058712979372,0.970072211223077,-0.24281660777790703,1185.8595505617977,214.1198501872659
202,415.0,76.18376618407356,0.7302643825661611,0.969626168224299,27.905725293838938,19.064204901114802,0.6443489803964623,215.40240963855422,386.144578313253,0.8985310386563723,0.1988386088121797,0.10995528822795009,0.7994909895445607,0.6006780815354088,386.144578313253,215.40240963855422
203,989.0,119.15432893255071,0.644817844883407,0.9715127701375246,40.917753344815004,31.27492332388412,-0.99873290108661,220.29423660262893,1621.3720930232557,0.8753596130147324,0.8348980911551266,0.11245239234437414,0.5413680988149963,-0.8407856930189979,1621.3720930232557,220.29423660262893
204,304.0,65.94112549695429,0.7409125915722582,0.9529780564263323,24.10588209256886,16.189545797751897,0.0760843847838999,215.29934210526315,1774.2927631578948,0.8785586046978557,0.9136419995663722,0.10990267590876118,0.9971069792014013,0.07601099938730028,1774.2927631578948,215.29934210526315
205,450.0,76.76955262170047,0.5360356780212389,0.974025974025974,26.05315878268512,21.993954925084896,-1.335428771519453,216.5511111111111,1539.7133333333334,0.9594986285412676,0.7928492962581531,0.11054165957688163,0.23320042255278933,-0.9724286929750687,1539.7133333333334,216.5511111111111
206,672.0,111.15432893255071,0.9183026004461515,0.9559032716927454,46.8687436355898,18.554360322346728,-0.45572696113531364,226.42559523809524,1738.53125,0.6834808878873853,0.8952272142121525,0.11558223340382605,0.8979413188310162,-0.4401151984833234,1738.53125,226.42559523809524
207,481.0,80.5269119345812,0.6270530136356136,0.9658634538152611,28.086442658359132,21.878681152774657,0.23706600409969605,219.76507276507277,1437.7401247401247,0.9321221976539167,0.7403399200515575,0.11218227297859763,0.972031211585998,0.23485170576910191,1437.7401247401247,219.76507276507277
208,297.0,69.69848480983501,0.8895928011513968,0.9488817891373802,28.88606729510613,13.193840429686626,-1.362230711349039,215.1851851851852,172.87205387205387,0.7682801975530293,0.08901753546449735,0.10984440285103889,0.20705681344078727,-0.9783289201530061,172.87205387205387,215.1851851851852
209,251.0,59.698484809834994,0.7903588789091683,0.9507575757575758,22.93342800052996,14.050030279373864,-0.32526392024623524,221.9203187250996,1229.418326693227,0.8850279133949384,0.6330681393888914,0.11328244957891762,0.947566421358623,-0.3195588789466074,1229.418326693227,221.9203187250996
210,441.0,77.01219330881975,0.6078405781531698,0.9692307692307692,26.73228017376282,21.22700995291065,0.46714243219508284,226.58956916099774,544.718820861678,0.9343927690525754,0.28049372855905147,0.1156659362741183,0.8928587995681142,0.45033672294604843,544.718820861678,226.58956916099774
211,264.0,58.2842712474619,0.34419930452812714,0.96,18.926148334732787,17.76969645633169,-1.371741879632134,223.45454545454547,779.314393939394,0.9765872490115113,0.4012947445619948,0.11406561789410181,0.19774253738763747,-0.9802539920385425,779.314393939394,223.45454545454547
212,527.0,97.35533905932738,0.9122631699727088,0.9393939393939394,41.31251988379908,16.921797192068734,0.07813303276582002,235.3282732447818,1249.3092979127134,0.698716391966345,0.6433106580395023,0.12012673468340061,0.9969491671222268,0.0780535596516794,1249.3092979127134,235.3282732447818
213,366.0,72.18376618407356,0.7520943757333258,0.9606299212598425,26.684339651551653,17.58645874447534,-0.7337319479669184,227.2295081967213,1211.7513661202186,0.8826974545473897,0.6239708373430579,0.11599260244855605,0.7426804961649983,-0.6696459367577107,1211.7513661202186,227.2295081967213
214,445.0,76.76955262170047,0.42975424185785555,0.967391304347826,25.151149067030804,22.71012683675031,0.4918479998775795,229.4741573033708,478.7932584269663,0.9488375326685867,0.24654647704787142,0.11713841618344603,0.8814616358928151,0.4722556346399292,478.7932584269663,229.4741573033708
215,642.0,92.18376618407356,0.5319238553088098,0.9771689497716894,31.153106517709375,26.38020727703391,-1.3473901692288572,230.49065420560748,413.08722741433024,0.9493710787890247,0.21271226952334205,0.11765730178948824,0.2215524111950844,-0.9751484651547395,413.08722741433024,230.49065420560748
216,546.0,93.25483399593904,0.819405159659621,0.9365351629502573,35.27197609073999,20.218418024640876,-0.5777059910460862,234.14102564102564,1153.113553113553,0.7889687469819562,0.5937762889359182,0.1195206869020039,0.8377176196987104,-0.5461036436852685,1153.113553113553,234.14102564102564
217,402.0,93.1126983722081,0.953672772298898,0.8874172185430463,42.32216341274122,12.732448485756652,-0.19800532272621013,238.955223880597,1268.2686567164178,0.5826638740150517,0.6530734586593294,0.12197816430862532,0.980460909064454,-0.19671402033537003,1268.2686567164178,238.955223880597
218,282.0,75.698484809835,0.9419890935039043,0.9067524115755627,33.287623240887854,11.17277380731321,-0.19304582034364737,234.82978723404256,1283.27304964539,0.6184215272339014,0.6607997166042173,0.11987227525984817,0.9814244507085637,-0.19184902280541888,1283.27304964539,234.82978723404256
219,663.0,94.91168824543142,0.534993194000656,0.973568281938326,31.70374012204314,26.785106728200944,-0.8972618669162616,234.53242835595776,1564.3453996983408,0.9248770339973147,0.8055331615336461,0.11972048410207134,0.6237524886977981,-0.7816219244899053,1564.3453996983408,234.53242835595776
220,835.0,112.32590180780451,0.8059946334477907,0.968677494199536,42.596524670296084,25.213855941157455,1.551293749456022,232.19880239520958,1682.9916167664671,0.8316421863533489,0.8666280209920016,0.11852925083982112,0.01950134105980456,0.9998098307662658,1682.9916167664671,232.19880239520958
221,778.0,131.59797974644667,0.9567591487723587,0.9163722025912838,59.74356468517478,17.378285818811527,1.4451706012283814,230.33419023136247,43.38817480719794,0.5645351874738797,0.022342005564983492,0.11757743248155307,0.1252955523850332,0.9921194608274396,43.38817480719794,230.33419023136247
222,254.0,68.2842712474619,0.8145801986191227,0.8758620689655172,24.956165351188673,14.47584732182608,0.25073770561154135,231.0551181102362,509.43700787401576,0.6845453472548619,0.2623259566807496,0.11794544058715478,0.9687296467924453,0.24811866400048202,509.43700787401576,231.0551181102362
223,198.0,50.87005768508881,0.533157778865352,0.9519230769230769,17.295841698724455,14.632555852148748,-1.032637674298163,228.18686868686868,800.489898989899,0.9615028902807427,0.4121987121472188,0.11648130101422598,0.5125557812022492,-0.8586539297971867,800.489898989899,228.18686868686868
224,561.0,88.66904755831214,0.7453099150945108,0.9722703639514731,32.846106615230134,21.89909639597168,-0.7600832223695192,233.91622103386808,1316.5329768270944,0.8966617383467815,0.6779263526401105,0.11940593212550693,0.724778674555803,-0.6889817652950863,1316.5329768270944,233.91622103386808
225,317.0,76.8700576850888,0.9214331394817715,0.924198250728863,32.99233387746055,12.818741115641666,-1.5339207713403833,227.801261829653,96.46687697160883,0.674147164651879,0.049673984022455625,0.11628446239390147,0.036867198752155196,-0.9993201737462168,96.46687697160883,227.801261829653
226,354.0,70.18376618407356,0.7186271916012902,0.9672131147540983,25.591012094730555,17.795875719646546,-1.2192832411274561,236.72881355932202,749.2090395480226,0.9031082030105189,0.3857925023419272,0.12084166082660644,0.34431876578141196,-0.9388528039744916,749.2090395480226,236.72881355932202
227,323.0,90.18376618407355,0.9434399719777634,0.8260869565217391,38.383961193166996,12.725948605301673,-1.3768615890143792,237.38699690402476,1431.9628482972137,0.49906331876032145,0.7373650094218402,0.12117764007351953,0.19272135220066236,-0.9812535250412853,1431.9628482972137,237.38699690402476
228,335.0,69.1126983722081,0.7988541949062574,0.9710144927536232,26.748288077368514,16.08975619627632,0.0546740670912355,245.51940298507463,1232.9791044776118,0.8813308493814105,0.6349017015847641,0.1253289448622127,0.9985057454749701,0.05464683205341739,1232.9791044776118,245.51940298507463
229,865.0,111.59797974644667,0.7147662253107953,0.9730033745781778,39.8372377892293,27.86070828542817,-0.292278327360227,253.02658959537573,722.5745664739884,0.8727971233070401,0.37207753165498886,0.1291610972921775,0.9575898962847792,-0.2881346742988525,722.5745664739884,253.02658959537573
230,677.0,103.59797974644667,0.833137356104505,0.9589235127478754,39.97106108355763,22.106640127269838,-0.12849746564529316,252.32939438700149,1059.8360413589364,0.792676457781032,0.5457446144999673,0.1288052038728951,0.9917555541147691,-0.12814414103854802,1059.8360413589364,252.32939438700149
231,482.0,92.87005768508881,0.9205554226593017,0.9469548133595285,39.91659312620284,15.591899214940346,-0.07169004415355493,253.4356846473029,1763.7240663900416,0.7022721915673181,0.9081998282132037,0.12936992580260484,0.9974313691825204,-0.07162865188374434,1763.7240663900416,253.4356846473029
232,330.0,66.52691193458118,0.6242932959894771,0.9620991253644315,23.35004062767621,18.240819201637947,-1.1856139537429706,244.6848484848485,74.06666666666666,0.936977310903269,0.03813937521455544,0.12490293439757452,0.3757281535597158,-0.9267299253949915,74.06666666666666,244.6848484848485
233,232.0,56.87005768508881,0.7858603733649638,0.9666666666666667,21.952163398262464,13.575305057037712,-1.3818676600707773,245.18103448275863,117.35775862068965,0.9014268946255333,0.060431389609006,0.1251562197461759,0.18780673298175465,-0.9822060023471247,117.35775862068965,245.18103448275863
234,358.0,72.76955262170047,0.7810454239625094,0.9322916666666666,27.389542275205248,17.104062922644506,0.4831523898199927,252.48603351955308,1462.7094972067039,0.8495588742924687,0.7531974753896519,0.12888516259293165,0.8855348099385706,0.4645730301976856,1462.7094972067039,252.48603351955308
235,430.0,75.35533905932738,0.654658341222586,0.9750566893424036,26.94243631433244,20.366458509238953,-1.242791115905968,251.83488372093024,813.1,0.9515908623051964,0.418692070030896,0.12855277372176122,0.3221552299678033,-0.9466868583667948,813.1,251.83488372093024
236,341.0,69.59797974644665,0.672049195017608,0.9498607242339833,24.354338019086413,18.034545654577354,1.1391894471976862,252.01466275659823,1358.9237536656892,0.8846489703571485,0.6997547650183775,0.12864454454139776,0.4183308621253457,0.9082947152733329,1358.9237536656892,252.01466275659823
237,349.0,69.35533905932736,0.6966565700793387,0.9587912087912088,24.982493815734365,17.922560566759735,-0.5001302544593403,255.04297994269342,1323.3553008595989,0.9117494133404933,0.6814393928216266,0.13019039302842952,0.8775201071315932,-0.4795398435789847,1323.3553008595989,255.04297994269342
238,277.0,59.4558441227157,0.5349447618737955,0.9685314685314685,20.45317066955851,17.280618721327205,-0.27208071334631256,253.62815884476535,1716.1119133574007,0.9846922828961909,0.8836827566207006,0.1294681770519476,0.9632138188474508,-0.26873618881964934,1716.1119133574007,253.62815884476535
239,13.0,11.071067811865474,0.7296608671767802,0.9285714285714286,4.898746818435677,3.349808131835155,0.34547161400120086,247.23076923076923,848.2307692307693,1.3328282662203885,0.4367820644854631,0.12620253661601288,0.9409158496673868,0.3386404639801622,848.2307692307693,247.23076923076923
240,560.0,105.59797974644667,0.9187096269254728,0.9271523178807947,44.13939664498966,17.43213489741234,-1.5499672143339716,253.37142857142857,1021.4589285714286,0.6310832768857016,0.52598297042813,0.12933712535550207,0.020827606368503795,-0.9997830818797439,1021.4589285714286,253.37142857142857
241,598.0,102.66904755831214,0.9038985881818746,0.964516129032258,42.51242333836379,18.184553906533424,-0.3807813760928767,267.24080267558526,1746.0602006688964,0.712905526920725,0.8991041198089065,0.13641694878794552,0.9283745237214133,-0.3716459924512022,1746.0602006688964,267.24080267558526
242,536.0,89.59797974644665,0.8210238821015592,0.9605734767025089,34.75585419182259,19.841903319843006,-1.4289719512087715,256.99626865671644,42.992537313432834,0.8390314094313832,0.022138278740181684,0.13118747761955918,0.14134940730675477,-0.9899597694118832,42.992537313432834,256.99626865671644
243,1080.0,124.91168824543142,0.6940573374112585,0.967741935483871,43.87909335604267,31.58942488129933,1.1120889879627314,266.05925925925925,1108.0898148148149,0.8698161425450525,0.5705920776595339,0.1358138127918628,0.4427894441076312,0.8966256232044982,1108.0898148148149,266.05925925925925
244,639.0,113.98275605729691,0.9312830040053032,0.9089615931721194,48.412153052013124,17.63637967769927,0.4821248499218921,272.54460093896716,1669.02034428795,0.6180625288653989,0.8594337509206745,0.13912434963704295,0.8860117096879591,0.4636628627524743,1669.02034428795,272.54460093896716
245,518.0,87.49747468305833,0.7518166885801355,0.9539594843462247,31.816467838785005,20.97889363847644,-0.6343443961710326,266.8011583011583,757.9942084942085,0.8502538090941173,0.39031627625860377,0.13619252593218903,0.8054604128787782,-0.5926495788281201,757.9942084942085,266.8011583011583
246,503.0,86.76955262170048,0.8014626533077251,0.9599236641221374,33.02399855309122,19.749831508475076,1.2411000915195314,264.26838966202786,581.2962226640159,0.8395433627800324,0.2993286419485149,0.13489963739766608,0.32375563915710076,0.9461407327210773,581.2962226640159,264.26838966202786
247,689.0,105.15432893255071,0.6409177477354477,0.9162234042553191,34.86324287487858,26.761358614974096,-1.1725574285667988,268.5355587808418,864.1088534107402,0.7830234591407654,0.44495821493858917,0.1370778758452485,0.38779565711222047,-0.9217453706555304,864.1088534107402,268.5355587808418
248,883.0,110.81118318204308,0.5223996965805097,0.9660831509846827,36.40648428924387,31.04383620131787,-1.2664285804551518,271.85390713476784,787.8958097395243,0.9036565138417721,0.4057135992479528,0.1387717749539397,0.2996900420020573,-0.9540366233666322,787.8958097395243,271.85390713476784
249,573.0,87.59797974644665,0.5226928981475599,0.9695431472081218,29.274399780898392,24.957041928297365,0.2969063683658863,271.3228621291448,432.35776614310646,0.9383747334363541,0.22263530697379325,0.1385006953186038,0.9562461467798049,0.2925633380462696,432.35776614310646,271.3228621291448
250,451.0,82.42640687119284,0.7188416131785385,0.9514767932489452,29.034164490741965,20.183793026512184,0.9027287071005309,269.5920177383592,1691.2062084257207,0.8341682751973328,0.870857985801092,0.1376171606627663,0.6194701870193642,0.7850201827941712,1691.2062084257207,269.5920177383592
251,525.0,90.76955262170047,0.7943510081885272,0.9308510638297872,33.884257119035745,20.583298036024946,1.529626726889578,269.54857142857145,489.8209523809524,0.8007349367573247,0.2522250012260311,0.13759498286297675,0.04115797091835032,0.9991526517153844,489.8209523809524,269.54857142857145
252,529.0,88.08326112068525,0.3839120969984786,0.9463327370304114,27.443448353559198,25.34044717079818,-1.5051146747981228,273.58412098298675,1536.0756143667297,0.8567986343957547,0.7909761145039803,0.1396549877401668,0.06563443620548665,-0.9978437356540291,1536.0756143667297,273.58412098298675
253,465.0,99.84062043356595,0.8649161882130841,0.8031088082901554,38.43025710933548,19.28877303679288,-0.7040408928444625,280.84086021505374,1443.3720430107526,0.5862033211263075,0.7432399809530137,0.14335929566873595,0.7622327352516305,-0.6473030644997889,1443.3720430107526,280.84086021505374
254,629.0,94.08326112068524,0.3769913128356362,0.9617737003058104,29.674107979118155,27.484657166180448,0.5195049669751608,277.2925278219396,1475.5532591414944,0.8929677705426606,0.7598111530079786,0.1415479978672484,0.868065045412341,0.4964504778256039,1475.5532591414944,277.2925278219396
255,439.0,77.35533905932738,0.3162972551041305,0.9585152838427947,24.3968167643931,23.144287416812375,-0.8871299477247161,276.2027334851936,557.0455580865604,0.9219211878835821,0.2868411730620805,0.1409916965212831,0.6316396677543159,-0.7752621041423458,557.0455580865604,276.2027334851936
256,948.0,123.18986283848345,0.15763198586647836,0.9124157844080847,35.93948658223407,35.49016851928252,0.5222592701464777,283.6033755274262,728.8301687763714,0.7849974717594858,0.3752987480825805,0.1447694617291609,0.8666943793663756,0.49883950602847504,728.8301687763714,283.6033755274262
257,363.0,74.2842712474619,0.8082782229847855,0.9628647214854111,28.267425801060114,16.64388129734749,-0.5416643162112286,278.20110192837467,1294.0137741046833,0.8266520646319068,0.6663304707027206,0.1420117927148416,0.8568518089890311,-0.5155627773920698,1294.0137741046833,278.20110192837467
258,478.0,91.35533905932738,0.9006292563666309,0.9409448818897638,37.7051171833379,16.386200699207468,-1.4657679503385548,274.4497907949791,1632.7803347280335,0.7197304765718856,0.8407725719505836,0.14009688146757482,0.10483538896147124,-0.994489588292053,1632.7803347280335,274.4497907949791
259,519.0,84.76955262170048,0.6979707462025789,0.9700934579439252,30.51907068411518,21.855508313851647,-0.606069365313286,280.0500963391137,821.7302504816955,0.907606169983758,0.42313607130880304,0.14295563876422343,0.8218934130295626,-0.569641306102899,821.7302504816955,280.0500963391137
260,467.0,81.59797974644667,0.6307611340479852,0.9511201629327902,28.075241921817902,21.785743579059677,0.6560940462261553,281.2269807280514,1389.76017130621,0.8813896206098788,0.7156334558734345,0.14355639649211402,0.7923810052491027,0.610026509686605,1389.76017130621,281.2269807280514
261,399.0,102.22539674441617,0.9671626685184238,0.8966292134831461,46.16664936113964,11.733630866585274,-0.9869695163074237,284.57142857142856,680.2581453634085,0.47980542070043913,0.35028740749918047,0.14526361846423103,0.551220900262679,-0.8343593465130008,680.2581453634085,284.57142857142856
262,233.0,63.35533905932738,0.9056998392008269,0.932,26.776922898733,11.351261623550295,-0.5758514472287192,280.7510729613734,1240.4849785407725,0.7294564119310158,0.6387667242743422,0.14331346246114007,0.8387289516597867,-0.5445491214276957,1240.4849785407725,280.7510729613734
263,693.0,99.49747468305833,0.6037372235555889,0.9558620689655173,33.52464103979374,26.72528715247205,-1.1102125308154749,285.4761904761905,1173.6291486291486,0.8796683818078452,0.6043404472858643,0.14572546731811664,0.4444711431285173,-0.8957931697250371,1173.6291486291486,285.4761904761905
264,93.0,32.72792206135785,0.4411623895930668,0.9789473684210527,11.484610123387553,10.306602572830633,1.302069665052817,274.31182795698925,1345.0967741935483,1.0910783746191677,0.6926347961861732,0.14002645633332783,0.2655040144283929,0.9641097542927402,1345.0967741935483,274.31182795698925
265,472.0,92.42640687119285,0.7926019463149466,0.8708487084870848,33.405802335310824,20.368834387048977,0.1143396510303855,289.9237288135593,1509.8368644067796,0.6943200758661041,0.7774649147305766,0.14799577785276127,0.9934703405759211,0.11409067620083328,1509.8368644067796,289.9237288135593
266,416.0,102.8111831820431,0.9644379323520633,0.8421052631578947,47.461830749309435,12.54460941895769,-0.9955834932774358,286.49038461538464,1552.2692307692307,0.49456397726017903,0.7993147429295729,0.14624317744532142,0.5440133866145014,-0.8390765371431983,1552.2692307692307,286.49038461538464
267,301.0,70.76955262170047,0.8453376690200365,0.9233128834355828,27.352713131692546,14.612704766881066,-1.1744456324996804,280.3687707641196,1026.3953488372092,0.7552373492609521,0.5285248964146289,0.14311831075248574,0.3860545236059824,-0.9224759643499434,1026.3953488372092,280.3687707641196
268,258.0,62.87005768508881,0.792841548328139,0.9280575539568345,23.61037151493939,14.388817463627586,0.44305871720288986,283.14728682170545,1722.2248062015503,0.8202417148470648,0.8868304872304584,0.14453664462567914,0.9034446045699587,0.42870484773726436,1722.2248062015503,283.14728682170545
269,393.0,81.25483399593905,0.8991495012053975,0.9515738498789347,33.96980232881971,14.866598814856173,-0.631486398563323,289.22137404580155,876.9770992366413,0.7480041366734476,0.4515845001218544,0.14763725066146072,0.8071509120927955,-0.5903451576050813,876.9770992366413,289.22137404580155
270,323.0,74.66904755831213,0.9033102370349665,0.9255014326647565,31.402299242783,13.471206309295937,-0.6841722591437578,289.12074303405575,453.45820433436535,0.7279996372645774,0.23350062015157844,0.1475858821000795,0.7749424710339143,-0.6320317765649531,453.45820433436535,289.12074303405575
271,364.0,83.698484809835,0.9212295574648763,0.9191919191919192,35.5532956642204,13.830922152948066,-0.19136118905061408,292.5521978021978,1759.0247252747254,0.6529441806217344,0.9057799821188082,0.14933751802051953,0.9817462527906247,-0.19019541301400208,1759.0247252747254,292.5521978021978
272,469.0,81.35533905932738,0.5338655533017533,0.955193482688391,26.8283126345715,22.68519959526199,0.33793698110979414,289.35181236673776,578.2857142857143,0.89045215222606,0.29777843166102697,0.14770383479670127,0.9434406490077091,0.3315414631685042,578.2857142857143,289.35181236673776
273,352.0,74.76955262170047,0.8791224891384319,0.9617486338797814,30.810829745003662,14.684315041373745,-0.5118173842431428,289.6761363636364,896.4630681818181,0.7912303969365911,0.4616184697125737,0.14786939069098334,0.8718558612106077,-0.48976255192971796,896.4630681818181,289.6761363636364
274,375.0,73.11269837220809,0.6715239672860632,0.9517766497461929,25.680724808567177,19.028976266501747,1.5656421462942356,287.63466666666665,1363.8826666666666,0.8815673686207127,0.7023082732578098,0.1468272928364812,0.005154157680061827,0.9999867172410887,1363.8826666666666,287.63466666666665
275,342.0,71.35533905932738,0.747679896605881,0.9395604395604396,26.065910768035273,17.309310817543754,0.6967071178896047,292.0233918128655,1080.046783625731,0.8440788568196302,0.556151793834053,0.14906758132356585,0.7669593697324354,0.6416956639869289,1080.046783625731,292.0233918128655
276,456.0,112.32590180780451,0.9732858759930005,0.8976377952755905,51.30038130899896,11.778393670310889,-0.392767677518929,305.52412280701753,382.3706140350877,0.4541662718288947,0.19689526984299058,0.15595922552680833,0.9238532798537803,-0.38274680573900643,382.3706140350877,305.52412280701753
277,351.0,71.35533905932738,0.7813207572049019,0.9564032697547684,27.045847034467748,16.880116221204602,-1.375992695183271,294.64957264957263,495.4928774928775,0.8662914583148836,0.25514566297264546,0.1504081534709406,0.19357388447800059,-0.9810857002566583,495.4928774928775,294.64957264957263
278,435.0,84.52691193458118,0.8848686035735064,0.9518599562363238,34.618271419860314,16.1265996659251,-0.27216142372819,302.84597701149426,787.1724137931035,0.7650839916902211,0.4053410987606094,0.15459212711153356,0.9631921259097832,-0.2688139292994177,787.1724137931035,302.84597701149426
279,646.0,108.42640687119287,0.734309278012892,0.8972222222222223,36.55230968332002,24.812258251550183,-0.47966106893274957,300.19504643962847,1110.0340557275542,0.6905136213254994,0.5715932315795851,0.15323892110241372,0.8871513831386421,-0.4614785188881432,1110.0340557275542,300.19504643962847
280,198.0,62.18376618407356,0.9423773866585696,0.9,28.074886193494248,9.392501790422783,0.7976912076246147,299.90909090909093,1346.3232323232323,0.6434591943201783,0.6932663400222617,0.15309295094899997,0.6983610772443687,0.7157456292497251,1346.3232323232323,299.90909090909093
281,542.0,100.46803743153546,0.918974297238025,0.9409722222222222,42.257699015762356,16.662947563713114,-0.6755679190434067,310.0,454.3339483394834,0.674766189252985,0.23395156969077416,0.1582440020418581,0.7803519341636814,-0.6253405942740335,454.3339483394834,310.0
282,165.0,44.62741699796952,0.38078499809582467,0.9821428571428571,15.100508908279597,13.962891027438344,0.21305925173562654,299.73333333333335,1694.260606060606,1.041094869748967,0.8724307961177168,0.1530032329419772,0.9773886077060376,0.21145096246282108,1694.260606060606,299.73333333333335
283,766.0,118.08326112068524,0.8318482919197896,0.9043683589138135,43.80035835892489,24.30933381090541,-1.1069720868397372,307.85770234986944,672.0744125326371,0.6903382804447086,0.3460733329210284,0.1571504350943693,0.44737157205128697,-0.894348185283763,672.0744125326371,307.85770234986944
284,350.0,82.08326112068524,0.8480718710701234,0.8333333333333334,31.165344941548135,16.513930828516088,-0.6268622535881038,309.93142857142857,1144.3028571428572,0.65278280124023,0.589239370310431,0.15820899876030045,0.8098721144341312,-0.5866064764916848,1144.3028571428572,309.93142857142857
285,161.0,50.04163056034261,0.8372046488804662,0.92,19.53605593094042,10.68406833750241,1.4405092512975795,301.24844720496895,1633.0062111801242,0.8079283271163675,0.8408888832029475,0.15377664482132156,0.1299187903978174,0.9915246380708691,1633.0062111801242,301.24844720496895
286,552.0,91.35533905932738,0.7005356946251375,0.9452054794520548,31.763209124330476,22.666777530848442,0.7409312827609248,312.29528985507244,604.4782608695652,0.8311531863340604,0.3112658397886536,0.15941566608222177,0.7378402858800761,0.6749753421662212,604.4782608695652,312.29528985507244
287,32.0,19.071067811865476,0.797282746786799,0.9411764705882353,8.182350465462445,4.938915960040878,-0.08969687995315412,304.34375,1278.78125,1.105630018541109,0.6584867404737385,0.15535668708524758,0.9959799312466744,-0.08957665183444752,1278.78125,304.34375
288,364.0,77.25483399593905,0.8151242028538717,0.9168765743073047,28.576250482285435,16.553828351560206,0.7898718030823672,315.71153846153845,1647.8049450549452,0.7664078075811075,0.8485092405020315,0.16115953979659953,0.7039363749682858,0.7102630357807654,1647.8049450549452,315.71153846153845
289,705.0,96.66904755831214,0.5024736442185681,0.975103734439834,32.235507119216564,27.870578542952288,0.26204392141619537,319.5702127659574,812.5758865248227,0.9480344117573829,0.41842218667601583,0.16312925613371998,0.9658625074528564,0.25905523869800623,812.5758865248227,319.5702127659574
290,380.0,85.01219330881975,0.9113016711089036,0.9090909090909091,35.47371639190023,14.605923718611523,-0.16463686658273774,321.87368421052633,1680.0657894736842,0.6607406381631897,0.865121415794894,0.16430509658526102,0.9864779358178218,-0.1638941187004874,1680.0657894736842,321.87368421052633
291,266.0,61.21320343559643,0.768359841625591,0.9637681159420289,23.178776666897832,14.834836339192936,1.3416775028457493,312.2894736842105,841.6578947368421,0.8920748284079054,0.43339747411783835,0.1594126971333387,0.2271194636284327,0.9738669053013009,841.6578947368421,312.2894736842105
292,108.0,40.04163056034262,0.77563765223708,0.9152542372881356,15.084668444992221,9.521117608293993,-1.2405370771338866,311.0925925925926,1073.0462962962963,0.8464671544870769,0.5525470114811001,0.15880173179815857,0.32428827865945326,-0.9459583036921283,1073.0462962962963,311.0925925925926
293,168.0,56.14213562373095,0.9327321030192199,0.9333333333333333,24.44675694531853,8.814770511188044,-0.13169685282052115,317.79761904761904,404.7440476190476,0.6697940538790805,0.20841609043205334,0.16222440992731957,0.9913404962533633,-0.1313164897799792,404.7440476190476,317.79761904761904
294,539.0,104.32590180780451,0.9305206664870367,0.8923841059602649,44.47765643791378,16.289469668510915,-0.3732128140825532,327.9202226345083,1322.0,0.6223208249790331,0.6807415036045315,0.16739163993594094,0.9311607326339127,-0.3646089549101542,1322.0,327.9202226345083
295,294.0,81.11269837220809,0.9617424994645948,0.91875,37.313380749861864,10.22218876913194,-0.2596814561569543,325.27891156462584,1722.3945578231292,0.5615384460629175,0.8869178979521777,0.16604334434130977,0.9664718205302183,-0.25677270127684054,1722.3945578231292,325.27891156462584
296,188.0,57.11269837220809,0.9044192755126191,0.9353233830845771,23.840246450768145,10.17131686362192,-0.43509877949670106,321.7659574468085,1093.5691489361702,0.7242730978939967,0.5631149067642484,0.16425010589423608,0.9068284111677108,-0.42149997947692136,1093.5691489361702,321.7659574468085
297,228.0,72.5269119345812,0.9309189208887182,0.7651006711409396,31.504178722788254,11.506142230525628,-0.47045338477847837,321.7105263157895,1504.9956140350878,0.5446861573630947,0.7749719948687372,0.16422181026839688,0.8913628648198036,-0.45329046230891773,1504.9956140350878,321.7105263157895
298,195.0,52.04163056034262,0.5799144944465723,0.9466019417475728,17.752871479541557,14.462862232219843,0.12584201983372162,320.5128205128205,1634.2615384615385,0.9047793597128923,0.8415352927196388,0.16361042394733052,0.9920923369106971,0.1255101392042568,1634.2615384615385,320.5128205128205
299,484.0,88.32590180780451,0.8601678575631988,0.9546351084812623,35.06256521891578,17.882295211200493,-0.6337217061017018,327.1301652892562,857.8512396694215,0.779612987021862,0.441735962754594,0.16698834369027882,0.8058292937064768,-0.5921479117623575,857.8512396694215,327.1301652892562
300,195.0,51.45584412271571,0.7753119991992022,0.9605911330049262,19.822792357909986,12.51964792899626,0.48868534269353475,323.46666666666664,470.5025641025641,0.9254970976929128,0.24227732446064065,0.1651182576144291,0.8829508077160506,0.4694655164690735,470.5025641025641,323.46666666666664
301,450.0,95.6335136523794,0.9200392447463454,0.9164969450101833,39.058980600088745,15.304332797712085,-0.30742763072575335,330.8488888888889,1078.8022222222223,0.618304137965758,0.5555109280238014,0.16888662015767683,0.9531151416497886,-0.30260787623243285,1078.8022222222223,330.8488888888889
302,205.0,52.52691193458118,0.642006417505173,0.9490740740740741,18.54206557763115,14.216188012836398,-1.1279426939883626,321.74634146341464,1577.6926829268293,0.9336841501352117,0.8124061189118585,0.16424009263063535,0.4285195563316148,-0.9035325062449917,1577.6926829268293,321.74634146341464
303,179.0,49.556349186104036,0.653200139359957,0.9421052631578948,17.456444576401832,13.217763216646478,-0.07910220737708942,323.07262569832403,1543.04469273743,0.9159342226379688,0.7945647233457416,0.1649171136795937,0.9968730513888817,-0.07901974066409007,1543.04469273743,323.07262569832403
304,583.0,108.32590180780451,0.9255557191419074,0.9328,45.04127887638537,17.05314275679635,0.45208841881849654,335.8679245283019,392.98799313893653,0.624329408351215,0.20236250934033806,0.17144865978984272,0.8995367491599385,0.4368450948686156,392.98799313893653,335.8679245283019
305,888.0,122.22539674441617,0.650499118302398,0.9051987767584098,40.255044352157164,30.573988342812942,-0.1557666931083689,335.64977477477476,1595.811936936937,0.7469644248661348,0.8217363218006885,0.17133730208002795,0.9878928782420139,-0.15513755547484157,1595.811936936937,335.64977477477476
306,769.0,100.66904755831214,0.27218844506924367,0.97712833545108,31.912419637509394,30.707533241087067,-1.1465319869149522,335.2002600780234,696.1326397919375,0.9535517870205261,0.3584617094706167,0.1711078407748971,0.4116504553670823,-0.9113418143573101,696.1326397919375,335.2002600780234
307,15.0,11.82842712474619,0.9617173721399112,0.7894736842105263,9.012464065702384,2.4698048321411377,1.0536598714414984,321.93333333333334,1066.2666666666667,1.347246692390209,0.5490559560590457,0.1643355453462651,0.49439306509439085,0.8692384581842737,1066.2666666666667,321.93333333333334
308,571.0,90.08326112068524,0.6583662251693904,0.9516666666666667,31.23345182208858,23.509349133243322,-1.2943822431584118,333.9964973730298,589.5656742556918,0.8842147854989949,0.3035868559504077,0.1704933626202296,0.27290761472885394,-0.9620402454279173,589.5656742556918,333.9964973730298
309,91.0,35.55634918610404,0.7715856227288814,0.9191919191919192,13.58768656826045,8.64347364558793,0.7841149430394544,327.42857142857144,1065.2417582417581,0.9045174113382337,0.5485281968289176,0.1671406694377598,0.7080135725742226,0.706198825438478,1065.2417582417581,327.42857142857144
310,233.0,57.45584412271571,0.6845750746464061,0.9282868525896414,20.347643448325844,14.832259277120308,0.9121465566488298,331.51931330472104,1016.9699570815451,0.8869463808901442,0.5236714506084166,0.16922884803712152,0.6120496223092878,0.7908193597978352,1016.9699570815451,331.51931330472104
311,162.0,48.38477631085023,0.5041945027320521,0.9204545454545454,15.822315701670938,13.663995589257144,-0.060171776011025094,331.9012345679012,1054.3950617283951,0.8695757167166503,0.5429428742164754,0.16942380529244574,0.998190224830466,-0.060135472500875614,1054.3950617283951,331.9012345679012
312,340.0,71.59797974644665,0.48665654524119584,0.9392265193370166,22.750230429302633,19.8744508709185,-0.6645683972361652,340.02941176470586,833.9558823529412,0.8334647652801094,0.4294314533228328,0.17357295138576104,0.7871830362534947,-0.6167194398060832,833.9558823529412,340.02941176470586
313,953.0,127.05382386916237,0.8591385814360006,0.9352306182531894,49.35925905955247,25.25925530115466,-1.1449058470489781,342.9223504721931,1358.9821615949634,0.7418691027862742,0.6997848411920512,0.1750496939623242,0.4131318796999196,-0.910671208491633,1358.9821615949634,342.9223504721931
314,1328.0,141.29646455628165,0.788343101631941,0.9736070381231672,52.50883303205142,32.305316650325324,1.2341069378373708,347.50225903614455,529.7725903614457,0.8358827222877323,0.27279742037149624,0.17738757480150308,0.3303641763041904,0.9438535432019386,529.7725903614457,347.50225903614455
315,266.0,58.870057685088796,0.5317181299667049,0.9637681159420289,20.040173719065468,16.97245165687968,0.3321370257504805,339.73308270676694,1270.96992481203,0.964500768285457,0.6544644309021782,0.17342168591463344,0.9453476955298671,0.32606400377283246,1270.96992481203,339.73308270676694
316,768.0,129.25483399593907,0.9297206684129756,0.9164677804295943,52.48299708794913,19.32767718087172,0.19358924081195253,354.7734375,1548.7265625,0.5776669161970132,0.7974905059217302,0.18109925344563552,0.9813200511177127,0.19238232058671562,1548.7265625,354.7734375
317,403.0,79.59797974644667,0.7770938444269924,0.930715935334873,29.396153008729343,18.501490258723592,0.9577741302193256,346.5210918114144,1632.5186104218362,0.7993018530586257,0.8406378014530568,0.17688672374242695,0.5753419775725064,0.8179129592095711,1632.5186104218362,346.5210918114144
318,315.0,65.35533905932738,0.5589227546212123,0.9545454545454546,22.08554064862445,18.313765970263006,-0.17157724604344354,347.8952380952381,1049.615873015873,0.9267407792280627,0.5404819119546205,0.17758817666934051,0.9853166989076494,-0.17073664765870436,1049.615873015873,347.8952380952381
319,795.0,105.98275605729688,0.739658164733107,0.9730722154222766,38.834044837660166,26.13464279471485,0.40802838359705984,356.25786163522014,661.4754716981132,0.8894193519373822,0.34061558789810154,0.1818569993033283,0.9179049444487317,0.3968003439471428,661.4754716981132,356.25786163522014
320,1065.0,119.88225099390857,0.5141620915459009,0.9806629834254144,39.93137550443486,34.24886267907508,0.7805624815481944,363.37464788732393,1396.0516431924882,0.9312144229602142,0.7188731427355758,0.18548986620077793,0.7105178438752499,0.7036791836731183,1396.0516431924882,363.37464788732393
321,240.0,56.2842712474619,0.6984124542617456,0.963855421686747,20.662802001492018,14.788274337852325,0.6909150482985285,354.1333333333333,1572.9333333333334,0.9520220582335989,0.8099553724682458,0.18077250297770972,0.7706632299255636,0.6372426429867182,1572.9333333333334,354.1333333333333
322,372.0,72.5269119345812,0.7842874742223627,0.9662337662337662,27.65142763541674,17.1548787998797,-0.26400012500502806,358.9166666666667,1301.6290322580646,0.8886984672766282,0.6702518188764494,0.1832142249446997,0.9653538949402929,-0.26094416552896144,1301.6290322580646,358.9166666666667
323,957.0,117.63961030678928,0.7388310070545225,0.9666666666666667,42.70448783427998,28.778159337519448,1.0075958645749594,363.04597701149424,435.9153605015674,0.8689897371362493,0.22446722991841783,0.18532209137901698,0.5338950808084375,0.8455507333617256,435.9153605015674,363.04597701149424
324,548.0,93.84062043356595,0.7852312795934571,0.9148580968280468,34.13662458697449,21.137486084814075,1.1166078664912522,361.6441605839416,1005.8576642335767,0.7820034724674684,0.5179493636630158,0.1846065138253913,0.43873319468961164,0.898617373456271,1005.8576642335767,361.6441605839416
325,430.0,82.18376618407358,0.8357256999169217,0.9492273730684326,31.906568029158915,17.521399799774624,-0.24856849700742908,367.00697674418603,835.2093023255813,0.800029940728916,0.430076880703183,0.18734404121704237,0.9692655883498403,-0.2460167052068577,835.2093023255813,367.00697674418603
326,188.0,49.45584412271571,0.6537953281073466,0.9543147208121827,17.82807593043978,13.489995896532369,-1.3093618066428703,362.7925531914894,812.0106382978723,0.9659006882058299,0.41813112167758615,0.1851927275096934,0.25846659279872464,-0.9660201966869111,812.0106382978723,362.7925531914894
327,536.0,99.49747468305833,0.8961043729445066,0.8859504132231405,40.770055404751034,18.09551950685961,0.5385512125574672,374.42723880597015,1690.509328358209,0.6803784309509453,0.8704991392163794,0.19113182174883622,0.8584526547130117,0.5128928149391281,1690.509328358209,374.42723880597015
328,471.0,80.18376618407356,0.6428729303997376,0.9671457905544147,28.033811646481084,21.473138391349323,0.6559697216337746,371.01698513800426,600.8301486199575,0.9205722288008266,0.3093873061894735,0.18939100823787863,0.7924568404223057,0.6099279925269018,600.8301486199575,371.01698513800426
329,246.0,66.76955262170047,0.9242832082066886,0.9461538461538461,28.899536330760945,11.031167321185615,-0.4936539558556018,370.869918699187,1252.1097560975609,0.6934067076486433,0.6447527065383939,0.1893159360383803,0.8806073260368537,-0.4738467445601188,1252.1097560975609,370.869918699187
330,319.0,67.698484809835,0.8067572658725118,0.9637462235649547,26.378578421823878,15.586653425786325,-0.4358465449876786,372.7742946708464,1268.9216300940438,0.8746668152729193,0.6534096962379217,0.1902880524098246,0.9065129745299774,-0.4221779565643055,1268.9216300940438,372.7742946708464
331,478.0,82.18376618407356,0.666952523232887,0.956,28.717890634699867,21.39770651247474,0.17980914906606596,376.82217573221754,1773.1820083682007,0.8893356085312139,0.9130700352050467,0.19235435208382723,0.983877842831404,0.1788418026788567,1773.1820083682007,376.82217573221754
332,350.0,69.35533905932738,0.7789365579562981,0.9722222222222222,26.689305663110204,16.736936543278354,-0.7627659771558983,375.7314285714286,780.88,0.9143618758429012,0.40210092687950566,0.19179756435499162,0.7229276994671232,-0.6909236870618728,780.88,375.7314285714286
333,665.0,104.32590180780451,0.8420535289092508,0.9392655367231638,40.297499413088886,21.736228173776833,0.9595730228183265,380.7548872180451,1733.1954887218046,0.7677984204286771,0.8924796543366657,0.19436186177541864,0.5738697098898385,0.8189466136879452,1733.1954887218046,380.7548872180451
334,146.0,49.38477631085024,0.8455695495504425,0.8957055214723927,18.96498733855118,10.124748270071903,-0.6449803797374658,374.027397260274,1518.5821917808219,0.752274841541804,0.7819681729046457,0.19092771682505053,0.7991115624603405,-0.6011827598511065,1518.5821917808219,374.027397260274
335,767.0,128.9116882454314,0.8113762843467065,0.8203208556149733,45.48034948972905,26.58436431041575,0.7853607545070408,389.56714471968706,980.7561929595828,0.5799901739656793,0.5050237862819685,0.1988602065950419,0.7071332327718537,0.7070803286116984,980.7561929595828,389.56714471968706
336,697.0,124.22539674441617,0.9292966882546766,0.8958868894601543,50.36537657827739,18.601650196223016,0.44095199359514936,394.57532281205164,638.5868005738881,0.5675731695840502,0.32882945446647177,0.20141670383463586,0.9043457616540701,0.4268005897117761,638.5868005738881,394.57532281205164
337,435.0,80.18376618407356,0.7894193050689001,0.9560439560439561,30.131398768286864,18.496290150782137,-1.4586144880182241,380.6574712643678,1020.8712643678161,0.8502100202300628,0.525680362702274,0.19431213438711986,0.11194668977806103,-0.9937142137696001,1020.8712643678161,380.6574712643678
338,189.0,49.4558441227157,0.6715780575458443,0.9593908629441624,18.035667415395952,13.363235796155548,1.281078057838993,378.4550264550264,1634.994708994709,0.9710384578239462,0.8419128264648348,0.1931878644487118,0.2856822467125052,0.9583243991015231,1634.994708994709,378.4550264550264
339,537.0,88.42640687119285,0.8120166474785007,0.9728260869565217,34.31546575074451,20.027681894260553,0.22508194448316296,389.23836126629425,414.6219739292365,0.8630186744700248,0.21350256124059552,0.19869237430642891,0.9747758214606068,0.22318624038188184,414.6219739292365,389.23836126629425
340,588.0,89.84062043356595,0.3849070082298399,0.9655172413793104,28.588166455538875,26.385601438905113,0.412002311092505,388.82312925170066,666.3826530612245,0.91546491592514,0.3431424578070157,0.19848041309428313,0.9163208449883468,0.4004448888921448,666.3826530612245,388.82312925170066
341,393.0,88.08326112068524,0.9253880393492555,0.8851351351351351,37.677337790504154,14.280505138858366,0.9045632417007198,389.57251908396944,1615.41475826972,0.6365252614698141,0.8318304625487745,0.1988629500173402,0.6180289987214959,0.7861553006494998,1615.41475826972,389.57251908396944
342,338.0,68.52691193458118,0.7469144075756623,0.9629629629629629,25.462571362404024,16.930577954494854,-0.30403413917785516,392.06804733727813,1521.8934911242604,0.9044909825944601,0.7836732704038416,0.2001368286560889,0.9541365490199858,-0.2993717518808884,1521.8934911242604,392.06804733727813
343,356.0,83.01219330881976,0.898197742056369,0.8537170263788969,34.22542901567768,15.045212712333626,-0.40756082471094107,397.35674157303373,1536.4466292134832,0.6491963725915804,0.7911671623138431,0.202836519434933,0.9180903716365991,-0.3963711259768694,1536.4466292134832,397.35674157303373
344,370.0,76.2842712474619,0.7688582840655858,0.9319899244332494,27.86249368676668,17.815813983025038,-0.47524862604457085,394.96486486486486,433.8702702702703,0.7989904430863483,0.22341414535029366,0.20161555123270283,0.8891789878894127,-0.457559534373353,433.8702702702703,394.96486486486486
345,1067.0,139.12489168102786,0.6165297997498476,0.876746096959737,44.16341823324269,34.77125355162131,0.5818209575184654,408.3327085285848,1590.7207122774132,0.6927309714339536,0.819114681914219,0.20843936116824135,0.8354633353515587,0.5495461903091031,1590.7207122774132,408.3327085285848
346,1912.0,192.40916292848976,0.856161943593654,0.8851851851851852,72.43314899723507,37.42675734829775,-0.7197751986554046,412.0805439330544,730.722280334728,0.6490023233765096,0.3762730588747312,0.21035249817920082,0.7519539407040178,-0.6592156483728966,730.722280334728,412.0805439330544
347,390.0,77.698484809835,0.8181913244260035,0.9420289855072463,29.800642455358382,17.13376156929662,0.3080559035603928,401.6666666666667,1489.0153846153846,0.8118006066886001,0.7667432464548839,0.20503658329079463,0.9529248332440943,0.3032066328211096,1489.0153846153846,401.6666666666667
348,411.0,73.94112549695427,0.5464504844742415,0.9625292740046838,25.02384897184519,20.957258651595758,-0.7937263103976744,398.78345498783455,1268.7834549878346,0.9446688002547963,0.6533385453078449,0.20356480601727134,0.7011934384155527,-0.7129710807059249,1268.7834549878346,398.78345498783455
349,245.0,56.284271247461895,0.5158996081179247,0.9607843137254902,19.111463012352893,16.37181662781799,0.7371654137209162,397.23673469387757,1644.0204081632653,0.9718558511134658,0.8465604573446268,0.20277526018064193,0.740376916681586,0.6721919526780039,1644.0204081632653,397.23673469387757
350,444.0,85.49747468305833,0.8284676823463714,0.9386892177589852,32.42326113252461,18.15822178256404,-0.6674347520681376,403.8063063063063,1310.045045045045,0.7632841771897234,0.6745855020829274,0.2061287934182268,0.7854120681860802,-0.618973249137363,1310.045045045045,403.8063063063063
351,64.0,32.97056274847714,0.8686287590505888,0.8888888888888888,13.441058718636414,6.6595539844773395,1.4057932558931296,394.328125,808.03125,0.7398388250087207,0.41608200308959836,0.20129051812149057,0.1642553601835769,0.9864178509389231,808.03125,394.328125
352,317.0,64.52691193458118,0.49768719618687357,0.9606060606060606,21.607837456133428,18.741700219892945,0.347382359036083,402.7129337539432,1669.3564668769716,0.9567255298702667,0.8596068315535385,0.20557066552013437,0.940267076859721,0.34043769499524507,1669.3564668769716,402.7129337539432
353,794.0,109.91168824543142,0.7479411978782371,0.9577804583835947,39.138600845958514,25.978833074805788,-1.0060433663603467,410.4345088161209,792.9874055415617,0.8259287979417739,0.40833543024797203,0.20951225564886214,0.5352071528746484,-0.844720843540523,792.9874055415617,410.4345088161209
354,330.0,69.11269837220809,0.6927221507944299,0.9455587392550143,24.405109205975073,17.601076121668164,0.9879802698707312,404.3515151515152,1612.2,0.8681766575995987,0.8301750772399589,0.20640710319117672,0.5503772871538202,0.8349160687070296,1612.2,404.3515151515152
355,404.0,73.94112549695429,0.7023311506194936,0.9711538461538461,26.926460977918627,19.167611315841604,-0.26773166920057084,410.91584158415844,824.799504950495,0.9285795506154197,0.4247165319003579,0.20975795895056581,0.9643734515240623,-0.26454460114613415,824.799504950495,410.91584158415844
356,277.0,73.84062043356595,0.9409042054679811,0.9486301369863014,32.66202240411928,11.0617390959161,-0.9749099476153261,409.3249097472924,1223.0902527075812,0.6384089382212322,0.6298096048957679,0.20894584468978683,0.5612425878026921,-0.827651350289805,1223.0902527075812,409.3249097472924
357,201.0,52.62741699796952,0.5797182209414706,0.9481132075471698,18.054763279697145,14.711328503512943,-0.9439505132055614,405.78109452736317,1737.0497512437812,0.911972644637795,0.894464341526149,0.2071368527449531,0.5865931621158493,-0.8098817581344384,1737.0497512437812,405.78109452736317
358,695.0,99.74011537017762,0.7370513060713598,0.9666203059805285,36.4158387610837,24.611163721652414,-0.6626305578366243,419.0,1704.3913669064748,0.8779199864383304,0.8776474597870622,0.21388463501786625,0.7883766607115507,-0.6151928484998054,1704.3913669064748,419.0
359,1041.0,126.94722215136416,0.7477073644147743,0.9576816927322908,44.880600399101205,29.80199263849914,-0.12766400804468053,432.3025936599424,1250.1565802113353,0.8117348452869901,0.643746951705116,0.22067513714136927,0.9918620123484692,-0.12731751042195757,1250.1565802113353,432.3025936599424
360,594.0,99.25483399593905,0.773672772112296,0.939873417721519,35.78040087484073,22.669939109101506,-0.3049759300303739,426.84511784511784,517.8013468013468,0.75769247540713,0.2666330313086235,0.21788928935432253,0.9538541803390206,-0.300270216055098,517.8013468013468,426.84511784511784
361,724.0,105.49747468305831,0.8082856460974595,0.9679144385026738,39.855555429619876,23.466574488047172,0.4181230739698317,432.7209944751381,762.5207182320441,0.8174558427965857,0.3926471257631535,0.220888715913802,0.9138526677335497,0.40604593542636824,762.5207182320441,432.7209944751381
362,585.0,92.91168824543142,0.6175782213913182,0.962171052631579,31.546493947794357,24.81161611618205,1.00456555457345,432.78632478632477,1550.2393162393162,0.8515791647240909,0.7982694728317797,0.22092206471992076,0.536454906412739,0.8439289859850173,1550.2393162393162,432.78632478632477
363,312.0,71.11269837220809,0.8067254278145322,0.9285714285714286,26.4427726769854,15.62573411747893,-1.482828552968068,426.80128205128204,986.4262820512821,0.7753006382899146,0.5079435026010721,0.21786691273674427,0.08785436378332201,-0.9961333298129461,986.4262820512821,426.80128205128204
364,459.0,81.698484809835,0.700984770734469,0.9582463465553236,28.846229114561172,20.572445256482073,0.523503408650316,434.3747276688453,1509.4967320261437,0.8641607668022898,0.777289769323452,0.2217328880392268,0.8660730833201702,0.49991740752677694,1509.4967320261437,434.3747276688453
365,725.0,119.84062043356593,0.9332393415000051,0.9366925064599483,51.42680703812715,18.47535019186983,0.01693316118036208,449.1710344827586,404.5241379310345,0.6343658172978224,0.20830285166376647,0.2292858777349457,0.999856637451821,0.0169323519789161,404.5241379310345,449.1710344827586
366,434.0,86.66904755831214,0.8650986378429887,0.8985507246376812,34.02973635440319,17.06937636571555,1.1937060185703086,437.6658986175115,689.7373271889401,0.7260583855495257,0.35516855159059735,0.22341291404671337,0.3682167752115361,0.9297399671159765,689.7373271889401,437.6658986175115
367,764.0,123.15432893255071,0.8791893796999161,0.9084423305588585,47.5567991455578,22.659506550032575,-0.40425275142605477,452.41230366492147,1647.359947643979,0.6330002162739776,0.8482800966240881,0.23094043066101147,0.9193965704907843,-0.39333185247292685,1647.359947643979,452.41230366492147
368,459.0,79.01219330881976,0.6267585739518171,0.9663157894736842,27.44511769718646,21.385606419422633,1.4977285895002856,437.69498910675384,1726.921568627451,0.9239198851832775,0.8892490054724259,0.22342776370942002,0.07300273782808683,0.9973317403299684,1726.921568627451,437.69498910675384
369,318.0,69.9411254969543,0.6913087512949841,0.9325513196480938,23.96059462028241,17.312954926028784,0.7969357348078617,441.2861635220126,1117.1006289308177,0.816905369280462,0.5752320437336857,0.22526093084329382,0.6989016042685372,0.715217832237749,1117.1006289308177,441.2861635220126
370,232.0,54.8700576850888,0.6448402696816314,0.9666666666666667,19.65766083620909,15.024691431529028,0.022189002471808397,442.74568965517244,1222.1810344827586,0.9683380900402164,0.6293414183742321,0.2260059671542483,0.9997538341849175,0.022187181717300188,1222.1810344827586,442.74568965517244
371,78.0,30.97056274847714,0.5329951612752741,0.9397590361445783,10.859725477053521,9.188612333730074,0.6592154197171317,438.34615384615387,1770.5897435897436,1.0218949976689091,0.9117351923737094,0.22376016020732714,0.7904730276949122,0.6124968510015691,1770.5897435897436,438.34615384615387
372,298.0,70.2842712474619,0.8591592947189626,0.9581993569131833,27.707228023065223,14.178016437927337,1.4429266944568713,440.76510067114094,991.2416107382551,0.7580709175722526,0.5104230745305124,0.22499494674381876,0.12752145865432696,0.9918358118069103,991.2416107382551,440.76510067114094
373,470.0,110.22539674441617,0.969947035194687,0.8768656716417911,51.17474830188526,12.451642740996906,0.47997217095257805,457.8063829787234,677.6936170212766,0.48612099769809997,0.3489668470758376,0.23369391678342183,0.8870077733103879,0.4617544911389032,677.6936170212766,457.8063829787234
374,767.0,106.5685424949238,0.7504711261143476,0.9647798742138365,38.64435714193166,25.540180732487876,0.2970390333934468,463.88657105606256,1816.4980443285529,0.8486862690559136,0.9353748940929726,0.2367976370883423,0.956207325441643,0.29269019589275586,1816.4980443285529,463.88657105606256
375,527.0,83.84062043356596,0.47185286785263236,0.9634369287020109,27.608536204622272,24.341819810716174,0.33906518344639425,461.21062618595823,775.8349146110057,0.9421314731929837,0.39950304562873623,0.23543166216741104,0.9430660028089569,0.33260564388767744,775.8349146110057,461.21062618595823
376,859.0,109.7401153701776,0.6192455657298993,0.9662542182227222,37.365513029541,29.339303022734583,-1.3517994655920538,462.093131548312,1082.6926658905704,0.8963388139488642,0.5575142460816531,0.23588214984599898,0.21725055285072917,-0.9761158728788568,1082.6926658905704,462.093131548312
377,382.0,75.35533905932738,0.6100178549336814,0.9455445544554455,25.16159881173378,19.937740609767,-0.38442205180936984,462.71204188481676,1241.6230366492146,0.8453667660478722,0.6393527480171033,0.23619808161552666,0.9270153315981521,-0.37502343257717674,1241.6230366492146,462.71204188481676
378,520.0,94.22539674441617,0.8714064770510429,0.931899641577061,37.704115648919945,18.49619392632143,-0.6826424644704767,467.95576923076925,703.3653846153846,0.735999057402429,0.362186088885368,0.23887481839242944,0.7759084427141146,-0.6308455346001567,703.3653846153846,467.95576923076925
379,604.0,89.59797974644665,0.5984810595283466,0.9789303079416531,31.110331719851683,24.923636437045275,0.025924943329132862,468.0745033112583,1205.9751655629138,0.9454756927174542,0.6209964807224068,0.23893542792815636,0.9996639674780199,0.025922039389378208,1205.9751655629138,468.0745033112583
380,221.0,54.2842712474619,0.5624867599998385,0.9525862068965517,18.47470604704411,15.275003206279134,0.33785134360285657,464.0814479638009,987.6968325791855,0.9424408751449784,0.5085977510706413,0.23689711483603926,0.9434690379325323,0.3314606680477518,987.6968325791855,464.0814479638009
381,206.0,61.35533905932738,0.90058646615107,0.9074889867841409,25.261892187847838,10.980761263072164,-0.5830405081897604,470.247572815534,1658.4271844660195,0.6876577842253945,0.8539789827322448,0.24004470281548443,0.834792514798555,-0.5505646712569782,1658.4271844660195,470.247572815534
382,678.0,100.66904755831213,0.804564065174986,0.9671897289586305,38.21433394762083,22.694188466442007,0.09612046913120667,481.01917404129796,1676.948377581121,0.8407127589075643,0.8635161573538213,0.24554322309407756,0.9953839833531659,0.09597252567263417,1676.948377581121,481.01917404129796
383,425.0,79.01219330881975,0.8039986373004769,0.9572072072072072,30.422477269305034,18.090152303467004,-0.9828046342460149,479.61882352941177,715.3670588235294,0.8554813751697016,0.3683661476949173,0.24482839383839294,0.5546911176925426,-0.8320563466214279,715.3670588235294,479.61882352941177
384,359.0,69.35533905932738,0.5270552596767657,0.9573333333333334,23.201647823556126,19.717479908523526,-1.1160922420298565,479.59610027855155,1168.2284122562673,0.9378740383645758,0.6015594295861315,0.24481679442498802,0.43919648544558365,-0.8983910324420248,1168.2284122562673,479.59610027855155
385,253.0,60.04163056034262,0.807471317835338,0.9656488549618321,23.57166281892716,13.905084947136205,-0.17368405519260574,481.798418972332,523.8814229249011,0.881912360083506,0.26976386350406856,0.24594099998587646,0.9849548029077608,-0.17281214143958185,523.8814229249011,481.798418972332
386,139.0,42.62741699796952,0.560082511544241,0.952054794520548,14.705932250384025,12.182935886488554,-1.4395609964294573,476.2158273381295,1795.4820143884892,0.9612727460786505,0.9245530455141551,0.2430912850118068,0.1308589499111673,-0.9914009961807314,1795.4820143884892,476.2158273381295
387,347.0,67.35533905932738,0.5890828346801426,0.9719887955182073,23.38948263988191,18.900401308771166,-0.881707272795759,492.6772334293948,1546.691642651297,0.9611591075105277,0.7964426584198233,0.2514942488154134,0.6358343547396357,-0.7718255459187854,1546.691642651297,492.6772334293948
388,426.0,78.42640687119285,0.6901322762005039,0.9594594594594594,27.692718687000138,20.040756565379436,1.3446641652308287,497.9600938967136,1652.2887323943662,0.8703517900157731,0.8508180908312906,0.25419096166243677,0.2242098433291646,0.974540889934492,1652.2887323943662,497.9600938967136
389,360.0,71.94112549695427,0.7767982305169538,0.9523809523809523,27.057120905217406,17.0392100009434,-0.3354297513862443,501.675,444.93611111111113,0.8740935366188574,0.22911231262158144,0.2560872894333844,0.9442689334206845,-0.3291750011415856,444.93611111111113,501.675
390,270.0,59.698484809834994,0.6165998711723917,0.9712230215827338,21.00738811471857,16.538627143975926,0.33247414691840593,499.8333333333333,1130.588888888889,0.952022058233599,0.582177594690468,0.255147183937383,0.9452377187344743,0.32638268195731046,1130.588888888889,499.8333333333333
391,148.0,46.8700576850888,0.7502737046515638,0.9192546583850931,17.11387244352418,11.314449074574709,0.07407078846178837,500.0337837837838,1530.2905405405406,0.8466045600267611,0.7879971887438417,0.25524950678090036,0.9972580131473653,0.07400307570209055,1530.2905405405406,500.0337837837838
392,406.0,75.698484809835,0.7457301903979601,0.9620853080568721,27.992350666302116,18.649849445486225,-0.15225286724240666,505.4581280788177,1759.729064039409,0.890351560485688,0.9061426694332693,0.2580184421025103,0.9884319047387625,-0.15166532133121924,1759.729064039409,505.4581280788177
393,794.0,113.05382386916236,0.7945541879352126,0.9520383693045563,41.25117414110764,25.04743447909573,-0.132203683971901,513.4974811083123,1219.1851385390428,0.7806562731257872,0.6277987325123804,0.26212224660965405,0.9912738136418143,-0.1318189151374475,1219.1851385390428,513.4974811083123
394,464.0,80.18376618407358,0.5578499993763211,0.9586776859504132,26.751223560596035,22.201958421486566,0.06287193379794025,507.3663793103448,1501.5883620689656,0.9068906882454,0.7732174881920523,0.2589925366566334,0.9980242109370072,0.0628305211148542,1501.5883620689656,507.3663793103448
395,237.0,65.01219330881975,0.8851028917792734,0.8943396226415095,26.352303374535634,12.264240561052244,-0.9562227591065452,509.831223628692,1631.9409282700421,0.704642078446893,0.8403403338156756,0.2602507522351669,0.5766101712485268,-0.8170194063868647,1631.9409282700421,509.831223628692
396,580.0,99.1543289325507,0.861044597719257,0.9235668789808917,38.673065372488324,19.666392634071375,0.4278439546801702,522.1758620689656,1526.7724137931034,0.7413349893890538,0.7861855889768813,0.2665522522046787,0.9098624286439867,0.41491006367894495,1526.7724137931034,522.1758620689656
397,225.0,58.8700576850888,0.8718803233663849,0.9615384615384616,24.214694684215285,11.858396134431516,0.15561756260684406,519.0044444444444,690.2488888888889,0.8158371160309315,0.355431971621467,0.26493335602064544,0.9879160029980588,0.15499022878988022,690.2488888888889,519.0044444444444
398,197.0,53.698484809834994,0.7148355433779995,0.9380952380952381,19.314417031533857,13.506428979540843,0.785860998063509,516.3451776649746,1157.9187817258883,0.8585231830597726,0.5962506600030321,0.26357589467328973,0.7067794319305261,0.7074339789690364,1157.9187817258883,516.3451776649746
399,501.0,82.76955262170047,0.7261087552388238,0.9709302325581395,30.53009107961086,20.991876009790733,-1.2311989651573982,521.2115768463074,1644.11377245509,0.9189806654276886,0.8466085337049897,0.2660600188087327,0.33310747592423,-0.9428888638028283,1644.11377245509,521.2115768463074
400,307.0,88.42640687119285,0.9560258870079142,0.7561576354679803,39.807638005912096,11.674875352160798,1.3801334864524146,519.0456026058632,887.5667752442997,0.4933831155722488,0.45703747437914505,0.26495436580186993,0.18950976546409323,0.9818788361064437,887.5667752442997,519.0456026058632
401,295.0,65.94112549695427,0.5534408658501171,0.9394904458598726,21.460860708655982,17.87450349911097,-0.7386712889707318,522.6033898305085,1143.420338983051,0.8525486460061433,0.5887849325350416,0.26677048995942243,0.7393638403779913,-0.673306105379647,1143.420338983051,522.6033898305085
402,437.0,76.76955262170048,0.5749301718710492,0.9646799116997793,26.172967433222453,21.414786849933336,1.1250363139974493,527.7803203661327,441.1647597254005,0.9317797792722973,0.227170319117096,0.269413129334422,0.43114375157126505,0.90228325124711,441.1647597254005,527.7803203661327
403,213.0,52.04163056034261,0.5542667399878441,0.9681818181818181,18.060728771295732,15.032650769407844,-0.10748084397082762,525.5305164319249,463.19718309859155,0.9882974544556211,0.23851554227527885,0.26826468424294275,0.9942294924384841,-0.10727402465422041,463.19718309859155,525.5305164319249
404,163.0,45.21320343559643,0.6176776105895879,0.9644970414201184,16.28076183755873,12.803702557569602,-0.26025700979786787,524.3312883435583,510.44785276073617,1.001998130205084,0.2628464741301422,0.2676525208491875,0.9663238739975839,-0.25732891509175865,510.44785276073617,524.3312883435583
405,838.0,127.29646455628165,0.8417854930586387,0.9280177187153932,45.32066048182242,24.464644281849594,-1.4443440414209103,529.0369928400954,975.1252983293556,0.6498620835016916,0.5021242524867948,0.2700546160490533,0.1261155555611588,-0.992015557663034,975.1252983293556,529.0369928400954
406,329.0,74.76955262170048,0.8951811957867735,0.9138888888888889,31.017952873050138,13.824775946185362,-0.3236834213006588,530.7841945288753,1124.823708206687,0.7395306835003933,0.5792089125678099,0.27094650052520436,0.9480703001202978,-0.31806085271502443,1124.823708206687,530.7841945288753
407,188.0,49.21320343559643,0.6751349181216387,0.9641025641025641,18.023978054174158,13.296185410647288,-1.1836682077877894,523.75,1770.2287234042553,0.9754487180477649,0.9115492911453426,0.2673557937723328,0.3775306221862967,-0.9259971000557333,1770.2287234042553,523.75
408,624.0,110.91168824543142,0.8809505585739413,0.8776371308016878,43.32512309575382,20.50180867873329,1.210170644390417,534.6362179487179,769.5176282051282,0.6374407476171859,0.3962500660170588,0.2729128218217039,0.35285973845798013,0.9356762287112812,769.5176282051282,534.6362179487179
409,362.0,69.94112549695427,0.41172156053136,0.9602122015915119,22.638446633484296,20.6306358520278,-1.090012879718994,532.2513812154696,727.9447513812155,0.9299363008790172,0.37484281739506464,0.2716954472769115,0.4624739473314303,-0.8866328710575113,727.9447513812155,532.2513812154696
410,331.0,67.21320343559643,0.6530415351560042,0.9678362573099415,23.791483098449852,18.017815788496858,0.14648059912790556,533.7764350453173,892.6767371601209,0.9207223136033255,0.4596687626983115,0.27247393315228036,0.9892908860008887,0.14595733238031147,892.6767371601209,533.7764350453173
411,332.0,66.5269119345812,0.43217394476216764,0.9623188405797102,21.89972215424086,19.748956237855896,-0.21531915350897193,537.9186746987951,1178.816265060241,0.9426559612723795,0.6070114650155721,0.2745883995399669,0.9769082538707455,-0.21365922287420905,1178.816265060241,537.9186746987951
412,393.0,83.35533905932738,0.8896055772193041,0.9118329466357309,34.17589573029476,15.60914279235397,1.2456594680006352,536.8600508905853,1592.5750636132316,0.7107806064050645,0.8200695487194807,0.2740480096429736,0.3194384772020148,0.9476070173246175,1592.5750636132316,536.8600508905853
413,465.0,83.59797974644665,0.8258656407912218,0.9667359667359667,32.459955050508576,18.303096025842695,0.2734062178259545,544.552688172043,858.0236559139785,0.836125083551979,0.44182474557877366,0.27797482806127766,0.9628567617646613,0.2700126965979013,858.0236559139785,544.552688172043
414,450.0,78.66904755831213,0.6406421440967085,0.9698275862068966,27.518356259713062,21.129683517592838,-0.7906984812618207,540.7644444444444,999.7044444444444,0.9137230764872446,0.51478086737613,0.27604106403493844,0.7033489755478868,-0.7108447218596605,999.7044444444444,540.7644444444444
415,157.0,43.79898987322332,0.48177877274608405,0.9691358024691358,15.097237129996897,13.229601427021107,-0.009349980083542188,536.0573248407643,1243.8726114649683,1.0284456066283256,0.6405111284577591,0.27363824647308027,0.9999562892546606,-0.00934984385161241,1243.8726114649683,536.0573248407643
416,509.0,106.66904755831213,0.8991292662178977,0.8385502471169687,40.149608878916915,17.572808332814663,-0.5570797315856167,550.2318271119843,471.3555992141454,0.5621481836033712,0.24271658043982772,0.2808738270096908,0.8488027024050834,-0.5287097241301955,471.3555992141454,550.2318271119843
417,351.0,72.5269119345812,0.8094547351960678,0.9435483870967742,27.787461388988806,16.316304974559603,0.41436109132386967,542.3504273504274,874.4615384615385,0.8385300054142379,0.450289154717579,0.27685065204207626,0.9153737352445573,0.4026051723766439,874.4615384615385,542.3504273504274
418,51.0,35.27817459305202,0.9630205784579595,0.6623376623376623,17.74688418581608,4.781504821100624,-0.16708907458396716,541.7254901960785,1938.450980392157,0.514953281077943,0.9981724924779387,0.27653164379585427,0.9860730677471076,-0.1663126725893374,1938.450980392157,541.7254901960785
419,461.0,83.01219330881975,0.7594057314434574,0.9524793388429752,30.339922547235965,19.73967998193497,-0.14596780195809198,552.9284164859002,937.4229934924078,0.8406728307997714,0.48271008933697623,0.28225034021740697,0.98936560243214,-0.1454500076455434,937.4229934924078,552.9284164859002
420,497.0,83.59797974644665,0.6786655328489342,0.9576107899807321,29.498289219454158,21.664944053908815,-1.276560898654624,550.5533199195171,1764.0080482897383,0.8936648742480292,0.9083460598814307,0.28103793768224455,0.29000822122265874,-0.9570241541483002,1764.0080482897383,550.5533199195171
421,411.0,80.84062043356595,0.742831089159873,0.9340909090909091,28.76309478293695,19.256284528121316,1.386941913505758,549.6374695863747,449.78345498783455,0.7903007788862048,0.23160837023060482,0.280570428579058,0.1828203743651489,0.9831463323010399,449.78345498783455,549.6374695863747
422,245.0,58.526911934581186,0.6948145938344825,0.9459459459459459,21.079114307822785,15.159865124509718,-0.275343683236784,550.0040816326531,1211.3836734693878,0.8988034452286775,0.6237815002417033,0.2807575710222833,0.9623318146598937,-0.2718776903193714,1211.3836734693878,550.0040816326531
423,257.0,61.4558441227157,0.8274559521456187,0.9553903345724907,24.46747009189341,13.739233869729835,-1.527994839996673,545.9143968871596,1802.9338521400778,0.8550994179279653,0.9283902431205344,0.27866993205061746,0.04278841950805462,-0.999084156193062,1802.9338521400778,545.9143968871596
424,301.0,74.8700576850888,0.9260975599653555,0.9376947040498442,32.43152490905591,12.235899431075067,-0.03936332287159085,558.6677740863787,712.9767441860465,0.6747766162934759,0.3671352956673772,0.2851800786556298,0.9992253644369602,-0.03935315827000509,712.9767441860465,558.6677740863787
425,124.0,40.38477631085024,0.7795572181898078,0.9612403100775194,15.9097375566127,9.964762113078166,0.18384141529214507,551.4032258064516,411.85483870967744,0.9554240865835695,0.2120776718381449,0.2814717844851718,0.9831487085166659,0.18280759541663413,411.85483870967744,551.4032258064516
426,410.0,79.35533905932736,0.8055037485290457,0.9490740740740741,30.048956980776254,17.806731776566412,0.38800721054903253,558.4365853658536,1148.470731707317,0.8181659806658534,0.5913855467081962,0.28506206501574965,0.9256648583155441,0.3783445124217658,1148.470731707317,558.4365853658536
427,508.0,83.59797974644667,0.6783895737585226,0.9603024574669187,29.684559204358788,21.809316277260542,0.009386031596815853,560.1653543307086,732.0137795275591,0.9134441772997962,0.37693809450440735,0.28594454024028004,0.9999559515288136,0.009385893782963702,732.0137795275591,560.1653543307086
428,267.0,60.62741699796952,0.42510622089249617,0.9468085106382979,19.588747018560277,17.730626445813524,0.0067388082270504164,554.8089887640449,1601.250936329588,0.9128154747040083,0.8245370423942266,0.2832103056478024,0.9999772943177647,0.0067387572238937965,1601.250936329588,554.8089887640449
429,485.0,83.59797974644665,0.7165185926732999,0.9528487229862476,30.020504232344656,20.941342918383203,-0.7301430625875507,558.7567010309278,759.4247422680412,0.8720874527370104,0.3910529053903405,0.2852254727059356,0.7450789906239468,-0.6669762347571319,759.4247422680412,558.7567010309278
430,126.0,48.2842712474619,0.929185995797937,0.8873239436619719,21.54614660851482,7.96372467778955,-1.0101555390317556,552.2539682539683,1843.857142857143,0.6791552264103355,0.949462998381639,0.2819060583225974,0.5317289995362238,-0.8469145594758698,1843.857142857143,552.2539682539683
431,477.0,87.35533905932738,0.8689777598503778,0.9520958083832335,35.17859203576068,17.408166448063206,0.06622913724838018,566.8700209643606,1561.301886792453,0.7855056905869922,0.8039659561238172,0.2893670346933949,0.9978076522231171,0.06618073107023742,1561.301886792453,566.8700209643606
432,514.0,86.91168824543142,0.7445496812937412,0.9607476635514018,31.57824485434695,21.080595899712804,-0.4461015205384623,568.3949416342413,779.5719844357976,0.8550994179279651,0.4014273864242006,0.2901454525953248,0.9021359597057839,-0.4314518631385479,779.5719844357976,568.3949416342413
433,290.0,74.66904755831213,0.7078076390059157,0.8169014084507042,25.255079644892813,17.840320295050798,1.3571569762939213,564.255172413793,484.64827586206894,0.6536219653459054,0.2495614190844845,0.28803224727605564,0.21201790877745305,0.977265780817908,484.64827586206894,564.255172413793
434,297.0,69.698484809835,0.8499187854784742,0.9369085173501577,27.311734698120354,14.390927464222548,0.25483713445224365,571.6969696969697,1580.4107744107744,0.7682801975530297,0.8138057540735193,0.29183102077435924,0.9677043649413155,0.2520878062769505,1580.4107744107744,571.6969696969697
435,704.0,107.25483399593904,0.8597984029519244,0.9565217391304348,42.44008647044879,21.671335503107944,-1.2981733946875655,569.5028409090909,1808.1704545454545,0.7690397233922696,0.9310867428143432,0.2907109958698779,0.26925842189313126,-0.9630679634582496,1808.1704545454545,569.5028409090909
436,453.0,93.94112549695429,0.8080241926878079,0.867816091954023,33.528856075981246,19.753502267392452,0.7201964990929786,571.5165562913908,884.635761589404,0.6450547057669186,0.4555281985527312,0.29173892613138885,0.751676146137441,0.6595323883843494,884.635761589404,571.5165562913908
437,181.0,50.2842712474619,0.6813351563722855,0.9526315789473684,18.026623876698395,13.19497649363112,1.2498648652882585,568.0939226519337,1763.3038674033148,0.8995475354517598,0.9079834538637048,0.28999179308419276,0.31545060027874977,0.9489419996942787,1763.3038674033148,568.0939226519337
438,256.0,66.2842712474619,0.7170126992739894,0.8888888888888888,22.671352607377862,15.803295414309664,-0.8541766634324638,575.375,917.09375,0.7321985384015229,0.47224188980432547,0.29370852475752934,0.6568395530769543,-0.7540303717448436,917.09375,575.375
439,480.0,80.18376618407358,0.4631714834201671,0.967741935483871,26.291584795650415,23.301408208275298,-0.5244465161537745,579.1583333333333,1191.4375,0.9381627809435171,0.6135105561277034,0.29563978220180365,0.8656012223668278,-0.5007339851029223,1191.4375,579.1583333333333
440,444.0,88.76955262170048,0.8966918441813502,0.9308176100628931,36.52409834417172,16.167586615766798,-0.16094996882829016,586.3063063063063,706.6058558558559,0.708051377209986,0.3638547146528609,0.2992885688138368,0.9870754906112843,-0.1602559697312161,706.6058558558559,586.3063063063063
441,362.0,74.08326112068524,0.7501228402971143,0.9427083333333334,26.899802771034746,17.78879959624584,0.8790267049764009,579.0911602209944,1754.986187845304,0.8288544077972937,0.9037004056875921,0.2956054927110742,0.6379009986078333,0.7701183778972743,1754.986187845304,579.0911602209944
442,863.0,140.95331880577405,0.89911571443582,0.8306063522617901,53.93845194004106,23.609454509373247,0.3874464731188923,594.7195828505214,871.973348783314,0.5458458940139793,0.44900790359593923,0.3035832480094545,0.9258768647072684,0.37782539803438125,871.973348783314,594.7195828505214
443,491.0,83.94112549695429,0.6990005600023353,0.9552529182879378,29.717367014982926,21.25151680079134,0.2732875544194156,587.2057026476579,506.27494908350303,0.8756726390805464,0.26069770807595416,0.29974767873795705,0.9628887956119782,0.2698984388337845,506.27494908350303,587.2057026476579
444,343.0,70.8700576850888,0.7730382442348892,0.9501385041551247,26.48274842754992,16.799580915964214,0.0006184814513524269,586.2099125364432,799.8950437317784,0.858180044510428,0.4118924015096696,0.2992393632141109,0.9999998087403532,0.0006184814119222452,799.8950437317784,586.2099125364432
445,479.0,79.84062043356595,0.4717984266559344,0.9696356275303644,26.351040116927248,23.233881745904174,0.7909002956441679,587.0187891440501,1022.5010438413361,0.9442729983393572,0.526519590031584,0.2996522660255488,0.7032055025370079,0.7109866533217584,1022.5010438413361,587.0187891440501
446,491.0,96.5685424949238,0.8863464288234479,0.8976234003656307,38.30218980595917,17.73478281857937,0.8672048128398342,595.7596741344196,1564.5173116089613,0.6616373336656245,0.8056216846596094,0.30411417771027033,0.6469604678526477,0.762523542610904,1564.5173116089613,595.7596741344196
447,419.0,75.94112549695427,0.471591336948276,0.9610091743119266,24.8780528170483,21.937895394269454,0.8770016281986578,590.8639618138425,1782.9498806682577,0.9129980043199106,0.9180998355655292,0.3016150902571937,0.6394592383899679,0.7688250011788914,1782.9498806682577,590.8639618138425
448,370.0,73.91168824543142,0.6118100509001295,0.9511568123393316,24.687698217581225,19.528085731076313,-0.984442929669984,591.0756756756757,1818.127027027027,0.8511093146754511,0.9362137111364711,0.3017231626726267,0.5533272197985625,-0.8329639775104284,1818.127027027027,591.0756756756757
449,871.0,115.94112549695429,0.7994971688931709,0.9677777777777777,43.377229919205966,26.055394486249156,-0.07584597137076786,600.8048220436281,1929.8013777267508,0.8142410528718248,0.993718526120881,0.3066895467297744,0.9971250729047726,-0.07577327355111427,1929.8013777267508,600.8048220436281
450,231.0,58.52691193458118,0.8298091127936216,0.9506172839506173,23.030693977276282,12.85221756692366,-0.7066393534849824,592.069264069264,1042.3679653679653,0.8474432483584676,0.5367497247002911,0.3022303542977356,0.7605481723134498,-0.6492815087392148,1042.3679653679653,592.069264069264
451,410.0,77.35533905932738,0.7305230167257114,0.9447004608294931,27.84475440864157,19.014850717734713,0.01938570298889896,598.3243902439025,1718.860975609756,0.8610197882284024,0.8850983396548692,0.3054233742949987,0.9998121031443127,0.019384488802810053,1718.860975609756,598.3243902439025
452,655.0,114.12489168102786,0.9303024501829076,0.9212376933895922,49.42311869528764,18.128070571640492,0.6542641695122365,605.8412213740459,1009.3328244274809,0.6319611887204664,0.5197388385311436,0.30926044991018165,0.7934959513078492,0.6085755296247553,1009.3328244274809,605.8412213740459
453,382.0,74.18376618407356,0.6625528089980324,0.9526184538653366,25.817994536328335,19.338070435289623,0.4154750661096372,600.0994764397906,837.1884816753927,0.8722791084979362,0.43109602557950194,0.3063294928227619,0.9149246753648668,0.40362462562199186,837.1884816753927,600.0994764397906
454,475.0,85.84062043356595,0.8217542274727174,0.9557344064386318,32.93198633632597,18.76603140437001,-1.054067126354154,601.9136842105263,1054.2715789473684,0.8100611007220446,0.5428792888503442,0.3072555815265576,0.49403902247264486,-0.8694397300987996,1054.2715789473684,601.9136842105263
455,289.0,66.18376618407356,0.78686455263746,0.932258064516129,24.930959767340745,15.385536931341216,0.6590080667192311,602.1107266435986,1742.0588235294117,0.829095871764993,0.8970436784394499,0.30735616469811056,0.7906000137589632,0.6123329308834592,1742.0588235294117,602.1107266435986
456,446.0,79.25483399593904,0.5416634209077913,0.9529914529914529,26.15321188798836,21.984271349792184,0.3212228045688985,604.4551569506726,1802.2421524663678,0.8922636517244229,0.9280340640918474,0.30855291319585126,0.9488500550782335,0.31572705455509065,1802.2421524663678,604.4551569506726
457,825.0,117.98275605729688,0.8241404215463864,0.9006550218340611,44.29001713987208,25.085224713395654,-0.21489494561106365,616.3333333333334,1688.8933333333334,0.7447778268630281,0.8696670099553725,0.31461630083375874,0.9769988018993693,-0.21324479146557604,1688.8933333333334,616.3333333333334
458,250.0,58.8700576850888,0.3923212418577485,0.9433962264150944,18.777970042348386,17.272507666481623,-0.7401766905962298,603.024,1839.712,0.9064856844788127,0.9473285272914521,0.30782235834609495,0.7383494068697375,-0.6744183815519168,1839.712,603.024
459,286.0,61.698484809834994,0.5326831987563471,0.9565217391304348,20.796373279367238,17.600276883912993,-1.429560155956706,604.1608391608391,1902.472027972028,0.9441193519516523,0.9796457404593347,0.3084026744057372,0.1407670838513261,-0.9900427405440604,1902.472027972028,604.1608391608391
460,273.0,63.284271247461895,0.7391511411656386,0.934931506849315,22.839515655622094,15.383318200654616,-1.0069216083816606,610.1831501831501,1822.7326007326008,0.8566056693514159,0.9385852732917614,0.3114768505273865,0.5344650772238932,-0.8451905591214669,1822.7326007326008,610.1831501831501
461,453.0,78.76955262170047,0.6570490737631518,0.9597457627118644,27.758879597078234,20.925970482306095,0.30150351803708364,616.7461368653421,827.1103752759382,0.9174688084765177,0.42590647542530286,0.3148270223917009,0.9548910895313479,0.2969562377415826,827.1103752759382,616.7461368653421
462,425.0,80.91168824543142,0.8137298843370296,0.9340659340659341,30.93318861566824,17.979706010573764,0.9982504281874919,615.6141176470588,797.724705882353,0.8157860379860613,0.4107748228024475,0.314249166741735,0.5417736921002476,0.8405243997339198,797.724705882353,615.6141176470588
463,311.0,67.11269837220809,0.7221050528985999,0.9510703363914373,24.31310543930008,16.819403097915657,-1.1402287407627119,617.6302250803858,1080.048231511254,0.8676825266158822,0.5561525393981741,0.3152783180604318,0.4173866515164834,-0.9087289932294763,1080.048231511254,617.6302250803858
464,229.0,61.597979746446654,0.8886561095008236,0.9423868312757202,25.378642163280027,11.63799113978762,-0.7801661505786137,621.7860262008734,1105.8427947598254,0.7584245962280233,0.5694350127496527,0.3173997070959027,0.7107966779176429,-0.7033975281881808,1105.8427947598254,621.7860262008734
465,88.0,37.55634918610404,0.8655885776317003,0.8888888888888888,15.098330210987106,7.560577072316657,-0.2243768099483477,619.4090909090909,1863.965909090909,0.7840175773856687,0.959817666885123,0.3161863659566569,0.9749329554369244,-0.22249883685768815,1863.965909090909,619.4090909090909
466,209.0,52.04163056034261,0.6433025482602793,0.9675925925925926,18.697505744609032,14.315035950855425,-1.17671695793581,620.5645933014354,1851.0,0.969737877846126,0.9531410916580845,0.3167762089338618,0.3839582864738412,-0.923350439566729,1851.0,620.5645933014354
467,519.0,84.52691193458118,0.6935846910977621,0.9628942486085343,30.335718669796616,21.85309619293004,-1.41385388420226,625.4354527938343,1903.0038535645472,0.9128243487062637,0.9799195950383868,0.3192626098998644,0.15629896251928993,-0.9877097925582158,1903.0038535645472,625.4354527938343
468,548.0,93.84062043356595,0.7619904759430023,0.9335604770017035,33.71540002994638,21.833696201479672,1.2989973789425917,627.4726277372263,1154.4014598540145,0.7820034724674684,0.5944394746931074,0.3203025154350313,0.268464777738014,0.9632895011958132,1154.4014598540145,627.4726277372263
469,414.0,81.01219330881976,0.7973409438368216,0.9282511210762332,30.070079014506415,18.148168838976435,0.1533645813283556,629.1449275362319,1720.4734299516908,0.7927010335971266,0.8859286457011796,0.32115616515376816,0.9882626854939297,0.15276408105417347,1720.4734299516908,629.1449275362319
470,790.0,115.08326112068524,0.871114258418268,0.9552599758162031,45.58188745477596,22.384371037496724,-0.02157973178281496,641.2316455696202,1200.1278481012657,0.7495707573317548,0.6179855036566765,0.3273260059058807,0.9997671666238821,-0.02157805692954757,1200.1278481012657,641.2316455696202
471,630.0,114.5685424949238,0.921298502420907,0.824607329842932,47.761485015826985,18.572344973389157,1.0299005761801208,636.3095238095239,1536.2825396825397,0.6031420907804226,0.7910826671897733,0.32481343737086465,0.5149040783655818,0.8572477996953336,1536.2825396825397,636.3095238095239
472,226.0,59.698484809834994,0.8871784982663211,0.9617021276595744,25.060750851946025,11.563691764408004,1.0414651674357454,629.9380530973451,518.5884955752213,0.7968777228177533,0.26703836023440847,0.32156102761477545,0.5049561477392904,0.8631449987460368,518.5884955752213,629.9380530973451
473,421.0,77.01219330881976,0.7122737158692045,0.9546485260770975,27.710481260110743,19.450037007725445,-0.7139349684910127,638.104513064133,1804.5676959619952,0.8920166797531385,0.9292315633171964,0.3257297157039985,0.755791066038058,-0.6548128469242612,1804.5676959619952,638.104513064133
474,78.0,34.14213562373095,0.871888203318739,0.9629629629629629,14.523470080371816,7.112215528508189,-0.07835593400161746,633.5,1938.5384615384614,0.8408588517461296,0.998217539412184,0.32337927514037773,0.996931744120776,-0.07827577891217397,1938.5384615384614,633.5
475,992.0,119.98275605729688,0.6769197569616713,0.9696969696969697,41.834097966559625,30.79227312724772,1.0961985412527324,644.5534274193549,561.2137096774194,0.8659321591837047,0.2889874921098967,0.329021657692371,0.4569807238054154,0.8894765978204703,561.2137096774194,644.5534274193549
476,114.0,40.970562748477136,0.8413507751865505,0.9193548387096774,16.55378919473398,8.94714883888978,-0.14975622923394008,641.0526315789474,1870.8157894736842,0.8534358003833582,0.9633448967423708,0.32723462561457245,0.9888074772052549,-0.14919709455274036,1870.8157894736842,641.0526315789474
477,478.0,86.76955262170046,0.8405889757440553,0.952191235059761,33.81129579415942,18.314682721855615,-0.03566432812033996,652.031380753138,1182.928870292887,0.7978165554848027,0.6091291814072539,0.3328388875717907,0.9993640952571003,-0.035656768094673254,1182.928870292887,652.031380753138
478,569.0,97.3908729652601,0.8295122935377416,0.9483333333333334,36.83184473495875,20.570160077362715,0.23632365871518296,653.866432337434,1528.054481546573,0.7538511698115437,0.7868457680466391,0.333775616302927,0.9722052848179589,0.23413005824120797,1528.054481546573,653.866432337434
479,1498.0,156.95331880577405,0.4334129523902809,0.9128580134064594,47.5001472824553,42.80691590952434,-0.8176873947744064,655.107476635514,1471.1942590120161,0.7641536126627982,0.7575665597384224,0.33440912538821543,0.6839102331395086,-0.7295661676688846,1471.1942590120161,655.107476635514
480,286.0,66.42640687119285,0.8466378774283353,0.9565217391304348,26.388821018091786,14.043323896027944,0.8388888227744825,646.1013986013986,1699.7692307692307,0.8145061626902371,0.8752673690881724,0.32981184206299063,0.6682898440840034,0.7439009909216269,1699.7692307692307,646.1013986013986
481,356.0,69.11269837220809,0.39478963632625647,0.9621621621621622,22.23244660622615,20.42653921042831,1.385462983361095,645.6601123595506,1856.623595505618,0.9365784548650218,0.9560368668926972,0.32958658109216465,0.18427417864709525,0.9828748786513665,1856.623595505618,645.6601123595506
482,123.0,55.45584412271571,0.9731015382557971,0.8661971830985915,26.713727637665034,6.154218814258376,-0.3622252691507632,648.739837398374,678.7073170731708,0.5025975125443196,0.3494888347441662,0.33115867146420314,0.935110602144323,-0.35435598168689303,678.7073170731708,648.739837398374
483,577.0,90.42640687119285,0.697307937465911,0.9632721202003339,32.19278420329671,23.074875996996294,0.723455482179849,656.6533795493934,1255.7088388214904,0.8867376090925361,0.6466059932139497,0.33519825398131364,0.7495227532815939,0.6619785814610462,1255.7088388214904,656.6533795493934
484,325.0,71.35533905932739,0.7817089648483162,0.9558823529411765,26.28276124272119,16.391070665236835,-0.8090509776007179,657.8307692307692,1508.6123076923077,0.802121720661929,0.776834349996039,0.3357992696430675,0.6901854871044361,-0.7236324988489754,1508.6123076923077,657.8307692307692
485,363.0,78.5269119345812,0.7801872605458898,0.9260204081632653,28.366275205633627,17.74441090500791,-0.6901742353434623,657.7438016528926,1319.5537190082644,0.7397405922733872,0.6794818326510115,0.33575487577993496,0.7711350960163709,-0.6366715508736215,1319.5537190082644,657.7438016528926
486,697.0,105.7401153701776,0.8208202180232571,0.9613793103448276,40.13831943874889,22.926471533316015,-0.8671625765823354,664.6657101865136,1337.0631276901004,0.7833630492397787,0.6884980060196192,0.33928826451583133,0.6469926734162759,-0.762496216741867,1337.0631276901004,664.6657101865136
487,794.0,115.84062043356596,0.8584034628921913,0.9671132764920828,44.92830748987681,23.047104852463804,0.25573725763575184,670.9584382871536,20.484886649874056,0.7435473268773122,0.010548345339790967,0.34250047896230407,0.9674770628657138,0.25295875716948757,20.484886649874056,670.9584382871536
488,1058.0,152.36753236814712,0.6570270121565842,0.8076335877862595,45.28695453758249,34.140342106491744,-1.37348588794459,664.7457466918714,850.3317580340265,0.5726782162038806,0.43786393307622373,0.33932912031233864,0.19603266642051898,-0.9805973657399154,850.3317580340265,664.7457466918714
489,310.0,68.2842712474619,0.5915141328856062,0.9226190476190477,22.541076706008198,18.174749105684022,-1.3986618186004733,659.5387096774193,1297.4806451612903,0.8354687309016031,0.668115677220026,0.33667111264799354,0.17128570082294234,-0.9852214008503842,1297.4806451612903,659.5387096774193
490,631.0,91.01219330881976,0.4456432111443436,0.9782945736434109,30.03790320434382,26.890251195917156,0.46657517601108583,665.418383518225,1928.458003169572,0.9572823730621095,0.9930267781511699,0.3396724775488642,0.8931141121935261,0.4498301708431413,1928.458003169572,665.418383518225
491,213.0,56.62741699796951,0.8648500955527237,0.9551569506726457,23.308655445827537,11.701648734904664,-0.369248573818571,665.981220657277,699.2863849765258,0.8347106662303123,0.36008567712488454,0.3399597859404171,0.9325988096683976,-0.3609147547622403,699.2863849765258,665.981220657277
492,130.0,54.142135623730944,0.9674186705087527,0.9090909090909091,25.611530130763278,6.484377957607007,0.17863049312826576,672.4461538461538,1802.7384615384615,0.5572915415745746,0.9282896300404024,0.34325990497506575,0.9840879523191117,0.1776820252596693,1802.7384615384615,672.4461538461538
493,292.0,64.87005768508881,0.7664111839518951,0.9511400651465798,24.21983510712955,15.557618143471482,-0.43748017572629233,672.8801369863014,658.195205479452,0.8719752280341992,0.3389264703807683,0.3434814379715678,0.9058220823220289,-0.42365830002229804,658.195205479452,672.8801369863014
494,480.0,82.18376618407355,0.5996562797349487,0.9542743538767395,27.76383277789806,22.21822026407911,0.3798938197798883,676.3833333333333,580.1375,0.8930566780229765,0.29873197734294543,0.34526969542283475,0.9287040147585288,0.37082186150682944,580.1375,676.3833333333333
495,82.0,31.899494936611664,0.6557193106622535,0.9425287356321839,11.79059498727196,8.901955323021202,-1.4163604070143494,668.3048780487804,1217.9024390243903,1.0126423880853606,0.6271382281279044,0.3411459306017256,0.15382275699876696,-0.9880984563439508,1217.9024390243903,668.3048780487804
496,373.0,75.94112549695429,0.8263916259880819,0.9255583126550868,29.314906424948802,16.50710069879481,1.545685866757833,673.4209115281501,1164.7426273458445,0.8127643332012567,0.599764483700229,0.34375748418996943,0.025107821282085725,0.9996847489636255,1164.7426273458445,673.4209115281501
497,656.0,102.42640687119284,0.7395488350182883,0.9060773480662984,36.201041069600436,24.367025905381496,-1.4689962143879625,677.907012195122,1849.1966463414635,0.785759838668748,0.9522124852427721,0.3460474794257897,0.10162437327207974,-0.9948228418955091,1849.1966463414635,677.907012195122
498,483.0,81.84062043356595,0.583023324091572,0.9545454545454546,27.593003436582812,22.41808509556466,1.0207101103118872,679.6149068322982,1294.438923395445,0.9061897980859984,0.6665493941274176,0.34691929904660446,0.5227607286538986,0.8524794546364417,1294.438923395445,679.6149068322982
499,674.0,125.01219330881975,0.9508449186889992,0.9195088676671214,55.07895238674297,17.056159713758696,1.3878811355461331,682.3234421364986,1455.6023738872404,0.5419572256349959,0.7495377826401856,0.3483019102279217,0.18189690116030013,0.9833176075654702,1455.6023738872404,682.3234421364986
500,308.0,73.698484809835,0.8252334906741016,0.8901734104046243,27.727861276291307,15.660466434893118,-0.26308045043818684,690.1461038961039,857.0649350649351,0.712596134557817,0.441331068519534,0.35229510152940474,0.9655934703701005,-0.26005624387548515,857.0649350649351,690.1461038961039
501,766.0,106.22539674441619,0.791470650143597,0.9623115577889447,40.208773130268256,24.57589060851704,-0.7905515245813424,694.4660574412533,1241.88772845953,0.85306457993952,0.6394890465806025,0.3545002845539833,0.7034534313333151,-0.7107413523535724,1241.88772845953,694.4660574412533
502,636.0,97.7401153701776,0.634655606290834,0.9436201780415431,32.83086208186224,25.37152923559886,-0.09995848259932337,694.3899371069182,1380.8490566037735,0.8366065973232497,0.7110448283232613,0.354461427823848,0.9950083092444428,-0.0997921065741941,1380.8490566037735,694.3899371069182
503,364.0,75.59797974644665,0.8635184885772414,0.9479166666666666,30.55563457373597,15.409731517142452,-1.1025752574547125,689.4478021978022,1646.315934065934,0.8003701224924383,0.8477424995190186,0.3519386432862696,0.45129953145191787,-0.8923725303432863,1646.315934065934,689.4478021978022
504,388.0,76.66904755831213,0.7890480909212233,0.9556650246305419,28.60103863088975,17.570517062341388,-0.5180396467645869,691.4690721649484,1674.3969072164948,0.8294714708182473,0.8622023209147759,0.35297042989532845,0.8687915721321735,-0.4951779520456321,1674.3969072164948,691.4690721649484
505,444.0,79.94112549695427,0.7626083034869751,0.961038961038961,29.74763126259943,19.242569218743334,0.25856660741130877,695.518018018018,1541.150900900901,0.8730765371986134,0.7935895473228121,0.3550372731077172,0.9667574825869347,0.2556950720334135,1541.150900900901,695.518018018018
506,351.0,71.35533905932738,0.7394428935640998,0.9538043478260869,26.013844560703365,17.513021863497453,0.7482822692627354,693.3960113960114,1893.011396011396,0.8662914583148836,0.9747741483065891,0.3539540640102151,0.7328586606879133,0.6803809105601936,1893.011396011396,693.3960113960114
507,278.0,66.04163056034261,0.8441789767328152,0.9144736842105263,26.24636901639612,14.06966607072867,-0.09109375975567362,695.9604316546763,1212.571942446043,0.8009752287274169,0.6243933792204135,0.3552631095735969,0.9958538317573354,-0.09096782823741964,1212.571942446043,695.9604316546763
508,462.0,79.25483399593904,0.5260142985026197,0.9625,26.364660345330243,22.422503605399623,0.8552512014305559,697.4978354978355,560.1623376623377,0.9242731100822498,0.2884461059023366,0.35604789969261635,0.6560289397428022,0.7547357353537295,560.1623376623377,697.4978354978355
509,548.0,103.35533905932736,0.9235333901133578,0.9163879598662207,43.685160460246955,16.754046566647816,1.4667793161073799,695.9872262773723,643.5802919708029,0.6446508957341084,0.3314007682650891,0.35527678727788276,0.10382954278988793,0.994595106585611,643.5802919708029,695.9872262773723
510,194.0,52.2842712474619,0.785908303672767,0.9371980676328503,20.002718735596687,12.368542284891973,-1.082523872828682,695.8814432989691,1843.8969072164948,0.8918041228682745,0.9494834743648274,0.35522278882030073,0.46910091602758797,-0.8831445694687127,1843.8969072164948,695.8814432989691
511,459.0,85.5685424949238,0.8446788054788416,0.9602510460251046,33.442508920429624,17.900888666560657,-0.764611439238436,703.1132897603486,1261.8431372549019,0.7877606446230823,0.6497647462692595,0.3589143898725618,0.7216513956764474,-0.6922566454128379,1261.8431372549019,703.1132897603486
512,697.0,110.12489168102783,0.9114070185157114,0.9667128987517337,46.55947955201518,19.15950850563413,0.77901085100695,709.4720229555237,31.680057388809182,0.722223563284058,0.016313108851086087,0.3621602975781132,0.7116088382437075,0.7025758758550147,31.680057388809182,709.4720229555237
513,497.0,84.66904755831213,0.7302370989849677,0.9502868068833652,30.599233098795363,20.905206582118883,-0.500077838493857,708.2635814889336,494.09054325955736,0.871198068538048,0.25442355471655886,0.36154343108164044,0.8775452414700066,-0.47949384685660756,494.09054325955736,708.2635814889336
514,73.0,34.142135623730944,0.9119366956887736,0.9358974358974359,15.1392633153793,6.212107828608055,-0.38691815544200286,700.8767123287671,1515.123287671233,0.7869576433008652,0.7801870688317368,0.35777269644143295,0.9260763473193697,-0.37733618821365933,1515.123287671233,700.8767123287671
515,350.0,68.2842712474619,0.569802109039491,0.9615384615384616,23.408339422697466,19.236550577607428,-0.4579574019609101,705.1628571428571,1863.2857142857142,0.9432711477921325,0.9594674120935707,0.35996062130824763,0.896957435170217,-0.44211690704254447,1863.2857142857142,705.1628571428571
516,524.0,88.32590180780451,0.8385690588714347,0.9703703703703703,35.10478025053317,19.124919758455437,-0.7570939095138973,714.1698473282443,1651.0400763358778,0.8440438123955696,0.8501751165478258,0.364558370254336,0.7268350152311175,-0.6868120999472718,1651.0400763358778,714.1698473282443
517,180.0,57.04163056034262,0.8910935731477202,0.9278350515463918,23.540357484499108,10.683075994855756,0.09030417877054109,709.9777777777778,1936.9,0.695181979935581,0.997373841400618,0.36241846747206624,0.9959253477906971,0.09018149271319001,1936.9,709.9777777777778
518,322.0,86.32590180780451,0.957879865277596,0.9147727272727273,38.828626593209314,11.150386600412126,0.6502941053803685,715.9130434782609,531.5248447204968,0.5429795682727302,0.273699714068227,0.36544821004505407,0.7959057755437511,0.6054205120873426,531.5248447204968,715.9130434782609
519,1301.0,141.74011537017762,0.7066839449577982,0.954512105649303,48.829406526544616,34.54823897930471,-0.725859780848663,723.1783243658724,1485.5810914681015,0.8137698527026721,0.7649748153800728,0.36915687818574394,0.747928994228721,-0.6637787429497979,1485.5810914681015,723.1783243658724
520,407.0,91.49747468305833,0.9326824134844068,0.875268817204301,39.421608634602286,14.219320986098024,-0.8006926624200756,719.9385749385749,1153.955773955774,0.6109224119627819,0.5942099762903059,0.3675031010406202,0.696209656647526,-0.7178385013293268,1153.955773955774,719.9385749385749
521,537.0,85.59797974644665,0.4768606445279688,0.9675675675675676,28.190919121024084,24.779223384558602,-0.4798008376799698,717.8547486033519,1189.9404096834264,0.9209946772362775,0.6127396548318365,0.36643938162498824,0.8870868741990127,-0.46160251041759415,1189.9404096834264,717.8547486033519
522,367.0,71.35533905932738,0.5759135370113733,0.9483204134366925,24.085816929093834,19.690410896304886,-0.9772155579214875,715.7547683923706,1884.1961852861036,0.9057805276397787,0.9702349048847083,0.36536741622887725,0.5593328562732809,-0.8289431560084041,1884.1961852861036,715.7547683923706
523,505.0,83.25483399593904,0.6478434299422118,0.9637404580152672,29.24488712352019,22.27798050065705,-0.47366707510495676,720.9524752475247,703.0415841584158,0.9155505413236009,0.3620193533256518,0.3680206611779095,0.8899015292462811,-0.45615268084834315,703.0415841584158,720.9524752475247
524,354.0,79.9827560572969,0.9008375774559376,0.946524064171123,32.78652243274927,14.234473993533351,0.9466872416741012,720.2062146892655,555.5141242937854,0.6953771183781412,0.28605258717496673,0.3676397216382162,0.5843745417219713,0.8114840694599222,555.5141242937854,720.2062146892655
525,431.0,79.59797974644665,0.6496579251844914,0.9493392070484582,27.03556637017943,20.553158423633562,1.3150661656732618,721.9930394431555,1246.2180974477958,0.8548364731222525,0.64171889672904,0.36855183228338717,0.25295189144848346,0.9674788579667437,1246.2180974477958,721.9930394431555
526,157.0,46.38477631085023,0.7054838471050331,0.9631901840490797,16.95889571956739,12.019210308577817,0.660280217751852,717.6496815286624,1562.407643312102,0.9169772969636997,0.8045353467106602,0.36633470215858216,0.7898203942578508,0.6133381977460504,1562.407643312102,717.6496815286624
527,315.0,65.4558441227157,0.6199547167242071,0.963302752293578,22.71922320209153,17.826356562696688,-0.14884925715091082,721.8412698412699,1903.9238095238095,0.9238970107662308,0.9803933107743612,0.3684743592859979,0.9889423880906549,-0.1483002125337401,1903.9238095238095,721.8412698412699
528,434.0,81.94112549695429,0.7943075721234312,0.9559471365638766,30.840224369749258,18.735924433461264,-1.544719105610236,724.016129032258,512.4677419354839,0.8122612661543362,0.26388658184113484,0.36958454774489946,0.026074265773458553,-0.9996600085350894,512.4677419354839,724.016129032258
529,328.0,66.2842712474619,0.7224026109560396,0.9791044776119403,24.663393445728786,17.05406277268517,-0.3966827456991811,725.4298780487804,848.064024390244,0.9381293773269512,0.43669620205470855,0.3703062164618583,0.9223477235504896,-0.38636081175661413,848.064024390244,725.4298780487804
530,193.0,50.627416997969526,0.7225705931456863,0.9601990049751243,18.859378174546176,13.037434223554577,-0.457738485347096,722.6321243523316,1402.5492227979275,0.9462276452885943,0.7222189612759669,0.36887806245652455,0.8970542004125327,-0.44192053756555777,1402.5492227979275,722.6321243523316
531,444.0,77.94112549695429,0.6249201601293785,0.961038961038961,26.968609995018664,21.054088165082774,-0.03167210653241827,726.5968468468468,1923.5225225225224,0.9184583956508781,0.9904853360054183,0.37090191263238736,0.9994984807597649,-0.03166681163176848,1923.5225225225224,726.5968468468468
532,285.0,61.94112549695428,0.3755642970876267,0.9531772575250836,19.905799687339734,18.448622326311217,-1.2382450379385044,723.5473684210526,632.680701754386,0.9334617767167921,0.325788208936347,0.3693452620832326,0.3264555984555872,-0.9452125381293904,632.680701754386,723.5473684210526
533,468.0,94.8111831820431,0.9214212608175508,0.9454545454545454,39.894372430468266,15.501562002602222,0.8028178066652919,731.9145299145299,73.30555555555556,0.6542392335812346,0.03774745394209864,0.3736164011814854,0.6946825753120085,0.7193164251967806,73.30555555555556,731.9145299145299
534,425.0,84.66904755831213,0.854294596572595,0.9486607142857143,32.7261540092577,17.010699202589002,0.8555030137209341,729.4070588235294,608.9176470588235,0.7449882879852523,0.31355182649784935,0.3723364261477945,0.6558388672114507,0.7549009075731735,608.9176470588235,729.4070588235294
535,284.0,61.112698372208094,0.6454283729052894,0.9659863945578231,21.777064897790947,16.633775145228324,-0.8936703542477051,728.5669014084507,1213.7042253521126,0.9555761110900102,0.6249764291205523,0.3719075555939003,0.6265556648307335,-0.7793766732899551,1213.7042253521126,728.5669014084507
536,495.0,88.18376618407356,0.8457934949105308,0.9611650485436893,34.51345701163351,18.413288807439237,-0.20946441999679036,737.1474747474748,1521.040404040404,0.7999038317387659,0.7832339876624119,0.37628763386803205,0.9781424214005442,-0.20793605617275757,1521.040404040404,737.1474747474748
537,406.0,83.59797974644665,0.8688624349171349,0.9485981308411215,32.98864196632322,16.3311460417347,-0.47498941298179115,733.1379310344828,1574.5960591133005,0.7300360944561365,0.8108115649399076,0.374240904050272,0.8892975634237978,-0.45732903219508847,1574.5960591133005,733.1379310344828
538,554.0,127.7401153701776,0.9411085094307319,0.6951066499372648,56.208347601472575,19.004305282632803,1.3054310640290878,729.8375451263538,1864.7292418772563,0.4266433891614836,0.9602107321716047,0.3725561741329014,0.2622617630262596,0.9649967707999639,1864.7292418772563,729.8375451263538
539,448.0,79.01219330881975,0.6199889516673353,0.9613733905579399,27.182483451536925,21.327663025191136,1.10053515879821,731.7790178571429,1622.09375,0.9017780142965326,0.8352696961894953,0.3735472270837891,0.45311911903476115,0.8914499783864275,1622.09375,731.7790178571429
540,91.0,37.798989873223334,0.9025368087299712,0.9381443298969072,16.46943401500796,7.091947668328521,-0.9919513887466271,725.5824175824176,1810.4615384615386,0.8003701224924381,0.9322664976629962,0.3703840824820917,0.5470574052477608,-0.8370950933816225,1810.4615384615386,725.5824175824176
541,465.0,97.84062043356595,0.8058778764578485,0.8031088082901554,34.86608673865582,20.64357511088783,-1.0297384286265847,732.2795698924731,874.3956989247312,0.6104139088763665,0.4502552517635073,0.3738027411395983,0.5150430722295825,-0.8571642979897804,874.3956989247312,732.2795698924731
542,246.0,58.526911934581186,0.6166548935435493,0.9389312977099237,20.074760434101705,15.803525942248582,-0.7798805415146768,732.3373983739838,1544.6626016260163,0.9024720307194067,0.795397838118443,0.37383226052781204,0.7109975456337689,-0.7031944895281509,1544.6626016260163,732.3373983739838
543,156.0,46.97056274847714,0.8362218979951409,0.9512195121951219,19.095613120043343,10.47186669986558,0.1681772721265489,732.8525641025641,666.9679487179487,0.8885521774802586,0.34344384588977794,0.37409523435557124,0.985891502900281,0.1673856161951351,666.9679487179487,732.8525641025641
544,534.0,99.15432893255071,0.9006236168678754,0.9384885764499121,40.08396771300875,17.420489635235274,0.35065408167764633,744.4176029962547,574.2771535580524,0.6825394557478528,0.2957142912245378,0.3799987764146272,0.9391482287476652,0.34351216054184036,574.2771535580524,744.4176029962547
545,436.0,87.11269837220809,0.9092747362424384,0.9710467706013363,37.116916225361756,15.447927387356707,0.13591348335414916,747.1307339449542,104.28440366972477,0.7219937204266771,0.0536994869566039,0.3813837335094202,0.9907779717832218,0.13549542659855854,104.28440366972477,747.1307339449542
546,329.0,66.2842712474619,0.6086060961045688,0.9591836734693877,23.011729914041762,18.25917503138451,0.2980174324404498,738.1914893617021,384.30091185410333,0.9409895278675823,0.1978892440031428,0.37682056628979177,0.9559205000068822,0.293625607988459,384.30091185410333,738.1914893617021
547,542.0,98.42640687119285,0.9063065139955528,0.9360967184801382,40.97644042604439,17.317503892280772,-0.272650286722139,749.8616236162362,820.8118081180812,0.7030494749759156,0.4226631349732653,0.38277775580206036,0.9630605976375161,-0.26928476614556257,820.8118081180812,749.8616236162362
548,299.0,73.35533905932736,0.8496087032785106,0.9006024096385542,27.698932078090863,14.60879206148417,-0.7447055921421342,743.8227424749164,881.819397993311,0.6982606923936794,0.454077959831777,0.37969512122251986,0.7352874707496331,-0.6777553654222204,881.819397993311,743.8227424749164
549,130.0,47.798989873223334,0.9274558386578415,0.9285714285714286,21.165863215400517,7.914608470819228,-1.3827489767603691,740.0692307692308,1642.7769230769231,0.7150160303963686,0.8459201457656659,0.3777790866611694,0.18694102561479375,-0.9823711380848325,1642.7769230769231,740.0692307692308
550,353.0,70.2842712474619,0.6879156732967763,0.9592391304347826,24.981722614356503,18.1314999854311,-0.2637679609110035,749.4730878186969,1548.9943342776205,0.8979833352449837,0.7976283904622145,0.38257942206161144,0.9654144507891619,-0.26072003798607596,1548.9943342776205,749.4730878186969
551,318.0,67.11269837220809,0.3191421704345216,0.9464285714285714,20.954869354651844,19.85907324499035,-0.820927632957348,750.5283018867924,609.7578616352201,0.8872123584046642,0.31398448075963964,0.38311807140724474,0.681542678889958,-0.7317783659356838,609.7578616352201,750.5283018867924
552,413.0,78.18376618407356,0.7047956408658536,0.9322799097065463,27.44776250860662,19.47172796730965,-1.4896054158046987,750.0411622276029,697.5205811138014,0.8490372445007675,0.35917640634078346,0.3828694038936207,0.08110173912539216,-0.9967058281714003,697.5205811138014,750.0411622276029
553,708.0,109.1543289325507,0.7414317982139389,0.9230769230769231,37.23407365423423,24.985114627015385,0.08913014202516413,758.0084745762712,1192.3474576271187,0.7467258634377008,0.6139791233919252,0.3869364341890103,0.9960305377796852,0.08901217787646362,1192.3474576271187,758.0084745762712
554,178.0,51.4558441227157,0.7492808149306991,0.9081632653061225,18.751668277270316,12.418337590624077,-1.0953810615774344,746.9157303370787,1211.0842696629213,0.8448127353299412,0.6236273273238524,0.3812739817953439,0.4577077000708645,-0.889102728201775,1211.0842696629213,746.9157303370787
555,1147.0,137.53910524340094,0.8533562437851513,0.962248322147651,53.56695150596597,27.925963901970498,0.6980908145022049,763.3931996512641,31.679163034001743,0.761940208594214,0.01631264831822953,0.3896851453043717,0.7660707236828473,0.6427562884297894,31.679163034001743,763.3931996512641
556,686.0,101.84062043356595,0.6513639803834284,0.9594405594405594,34.653303625598355,26.293728536297138,-0.5486676181945994,758.3090379008746,798.036443148688,0.8311739181463162,0.4109353466265129,0.3870898611030498,0.8532201840889483,-0.5215508771569857,798.036443148688,758.3090379008746
557,119.0,39.79898987322333,0.786700631454389,0.9444444444444444,15.671838402092352,9.674769463503138,0.634376977032878,747.5378151260504,1935.8487394957983,0.9440885410816524,0.9968325126136963,0.38159153401023505,0.8054411034172279,0.592675821107997,1935.8487394957983,747.5378151260504
558,356.0,68.52691193458118,0.6710105903868417,0.9726775956284153,24.754934342591085,18.35449073043889,-0.40506119777705574,753.376404494382,504.3174157303371,0.9526591414308515,0.2596897094388965,0.3845719267454732,0.9190782823724404,-0.39407500665650524,504.3174157303371,753.376404494382
559,187.0,48.62741699796952,0.6480603196640107,0.9639175257731959,17.670692508687175,13.457805236028513,0.3937994016309151,750.0320855614973,1901.6524064171124,0.9937772903722268,0.9792236902250836,0.3828647705775892,0.9234578991156576,0.38369976356638025,1901.6524064171124,750.0320855614973
560,402.0,85.01219330881976,0.9084324968591684,0.9115646258503401,35.91228284649605,15.012468201111576,0.3492388358838123,760.1542288557214,677.4527363184079,0.698994043530532,0.34884280963872705,0.38803176562313496,0.9396334422061782,0.3421826913912636,677.4527363184079,760.1542288557214
561,387.0,72.52691193458118,0.6584859674745063,0.9579207920792079,25.641569967959754,19.297666185977544,1.023611088065843,753.7906976744187,1821.6279069767443,0.9245330828926217,0.9380164299571289,0.38478340871588496,0.5202855084991334,0.8539923826626313,1821.6279069767443,753.7906976744187
562,368.0,75.01219330881975,0.8443704175880002,0.9558441558441558,29.684014929350013,15.903502860432384,0.5364100417393493,757.7527173913044,78.63858695652173,0.8218526397222582,0.04049360811355393,0.3868058792196551,0.8595488771664298,0.5110535468636627,78.63858695652173,757.7527173913044
563,226.0,65.24873734152916,0.8984588885756871,0.846441947565543,26.228681952084703,11.515903625233314,-1.4932736421120996,751.362831858407,1629.3982300884957,0.6670741007805189,0.839031014463695,0.3835440693508969,0.07744505913799214,-0.9969966212656455,1629.3982300884957,751.362831858407
564,537.0,87.25483399593904,0.7017723192563381,0.9675675675675676,31.29116525180962,22.291866796961678,0.3579206936095535,761.0428305400372,531.415270018622,0.88634981118538,0.27364329043183416,0.3884853652578036,0.9366272860332749,0.3503274568998863,531.415270018622,761.0428305400372
565,175.0,65.21320343559643,0.961976849334771,0.8928571428571429,29.233656875182337,7.984617838734368,0.0834003842847451,765.5542857142857,13.308571428571428,0.5171027459371097,0.006853023392673237,0.3907883030700795,0.9965242033460255,0.08330373428345911,13.308571428571428,765.5542857142857
566,605.0,108.22539674441617,0.9081204542363717,0.8793604651162791,44.708311337525345,18.71977307480335,-0.43194187887010016,769.3586776859504,1398.5900826446282,0.649092910215444,0.720180269126997,0.3927303102021186,0.9081545237748494,-0.41863511671535225,1398.5900826446282,769.3586776859504
567,297.0,65.94112549695429,0.6935144564018892,0.9519230769230769,23.399131270827212,16.857733550400116,-1.0451707985597376,759.026936026936,1360.5723905723905,0.8583286368265236,0.7006037026634349,0.38745632262732826,0.5017541911378369,-0.8650102494627535,1360.5723905723905,759.026936026936
568,227.0,53.21320343559642,0.3214296257822341,0.9659574468085106,17.472019569060855,16.54484010979666,1.1934494969315939,758.3964757709251,1439.84140969163,1.007388323548501,0.7414219411388413,0.38713449503365244,0.36845526151391483,0.9296454809564303,1439.84140969163,758.3964757709251
569,761.0,110.32590180780451,0.7007094489995199,0.9360393603936039,37.64830508298746,26.86006098354712,-1.1648857507180395,767.0788436268068,366.3968462549277,0.7856688752547145,0.18866984874095144,0.391566535797247,0.3948555095600892,-0.9187432321220343,366.3968462549277,767.0788436268068
570,546.0,87.49747468305833,0.5635662201066945,0.9629629629629629,29.325888522879776,24.225262836560514,0.01099455157188491,767.8021978021978,631.1062271062272,0.8962134744505561,0.32497745988992127,0.39193578244114236,0.9999395605266981,0.010994330069357001,631.1062271062272,767.8021978021978
571,389.0,78.87005768508881,0.8113367936738817,0.9418886198547215,29.423796104065687,17.20053330246657,-0.3759796633511663,767.5809768637532,1414.483290488432,0.7858418409069162,0.7283642072545994,0.3918228570003845,0.9301483516736382,-0.36718393739216587,1414.483290488432,767.5809768637532
572,421.0,76.8700576850888,0.7590225020802083,0.967816091954023,28.908602427262053,18.821361636357526,0.04575890446847442,769.4275534441805,554.4061757719714,0.8953184741906657,0.2854820678537443,0.39276546883317026,0.9989532439982688,0.0457429372180584,554.4061757719714,769.4275534441805
573,188.0,50.62741699796952,0.5228378181451236,0.94,16.941246148442335,14.4412633307619,-1.104247520273488,763.4893617021277,315.07978723404256,0.9217139757215326,0.1622449985757171,0.3897342326197691,0.4498066197233872,-0.8931259736750579,315.07978723404256,763.4893617021277
574,209.0,52.97056274847714,0.5113470316300245,0.954337899543379,17.750945018292416,15.254706215299501,0.3055942597993959,763.2631578947369,1625.1674641148325,0.9360239830795597,0.8368524532002227,0.3896187636011929,0.9536683319931731,0.300859955051115,1625.1674641148325,763.2631578947369
575,334.0,78.52691193458118,0.8765475323691083,0.9277777777777778,30.636770481677022,14.745946549939077,-1.300725906053546,765.6796407185628,292.0568862275449,0.6806428590063676,0.1503897457402394,0.39085229235250785,0.2667993054884178,-0.963752110550684,292.0568862275449,765.6796407185628
576,550.0,86.42640687119284,0.5513420159761807,0.9683098591549296,29.019689846567758,24.210527070754228,-0.5750701070523301,771.9,1884.3218181818181,0.9252937695413834,0.9702995974159723,0.39402756508422665,0.8391541737042414,-0.5438936226457816,1884.3218181818181,771.9
577,126.0,45.59188309203678,0.8340890938019376,0.9333333333333333,17.572706664457456,9.693627824206455,0.0704021968909559,765.4761904761905,1937.404761904762,0.7617375214338266,0.9976337599921534,0.39074843822163885,0.9975227887752037,0.07034405358052855,1937.404761904762,765.4761904761905
578,191.0,51.4558441227157,0.732276411592102,0.9502487562189055,18.974373553038973,12.921691282103291,-0.2876814180639851,768.7225130890052,512.282722513089,0.9065125418428019,0.2637913092240417,0.3924055707447704,0.9589043029091643,-0.28372969154159694,512.282722513089,768.7225130890052
579,346.0,85.01219330881975,0.8648698355414726,0.8238095238095238,32.401617831873196,16.265488468941736,1.3024971652324342,767.1965317919075,1334.4595375722542,0.6016217389591147,0.6871573313966294,0.3916266114302744,0.26509183308653705,0.9642231692045258,1334.4595375722542,767.1965317919075
580,151.0,44.62741699796952,0.7545720293562199,0.9556962025316456,17.147873097337694,11.252729778634562,-0.8177730839044223,765.7549668874173,1460.1788079470198,0.9527595474672366,0.7518943398285375,0.3908907436893401,0.6838477147385397,-0.7296247686632333,1460.1788079470198,765.7549668874173
581,420.0,76.18376618407356,0.5755798063127865,0.9567198177676538,25.708515949468456,21.02302611845069,0.7974206844909731,771.0785714285714,1603.3023809523809,0.909356713820907,0.8255933990485999,0.39360825494056734,0.6985546774385244,0.7155566802348778,1603.3023809523809,771.0785714285714
582,298.0,63.94112549695428,0.5950255188266825,0.9490445859872612,21.90781054152566,17.60745646314595,0.5798027254548981,775.1275167785235,660.748322147651,0.915936941107715,0.340241154555948,0.3956750978961325,0.8365707448109099,0.5478589133403959,660.748322147651,775.1275167785235
583,765.0,115.63961030678927,0.8698970420865145,0.9250302297460702,45.1796888907523,22.284129240198716,1.1711605949572559,778.354248366013,1772.8692810457517,0.718882746080946,0.9129090015683582,0.3973222298958719,0.3890828032841526,0.9212027855953028,1772.8692810457517,778.354248366013
584,472.0,87.84062043356593,0.7962346841455047,0.932806324110672,32.41288787283477,19.609404126440488,-1.4309599098231511,775.4004237288135,1811.8093220338983,0.7687074204983407,0.9329605159803802,0.395814407212258,0.13938113024662688,-0.9902388098490045,1811.8093220338983,775.4004237288135
585,428.0,100.91168824543142,0.958094789573206,0.8824742268041237,44.81934288349665,12.838561140206865,0.43119827673329275,785.0,75.82476635514018,0.5281663022204705,0.03904467886464479,0.4007146503318019,0.9084655706341446,0.4179596953922448,75.82476635514018,785.0
586,132.0,40.384776310850235,0.7093781581317862,0.9777777777777777,15.429870739910307,10.875406238411795,0.2767343339267724,773.9318181818181,714.8636363636364,1.0170643502341228,0.3681069188278251,0.3950647361826535,0.9619527973530299,0.2732156943967179,714.8636363636364,773.9318181818181
587,405.0,96.08326112068522,0.9619065027861469,0.9204545454545454,43.87860235050218,11.995472562609224,-0.4235010990545666,785.8641975308642,478.38271604938274,0.5512764211971367,0.24633507520565537,0.4011557925119266,0.9116557373151785,-0.4109547622553099,478.38271604938274,785.8641975308642
588,301.0,85.59797974644665,0.7422834378363284,0.7487562189054726,28.045553890034366,18.792934081136742,1.308989657177021,779.2624584717609,1157.857142857143,0.5162372399406322,0.5962189201118141,0.397785838934028,0.25882607879242875,0.9659239415900899,1157.857142857143,779.2624584717609
589,470.0,79.35533905932738,0.5447399578274543,0.9690721649484536,26.73814095141547,22.42273920782657,1.3287098717490358,780.736170212766,1291.2531914893616,0.9378975875925633,0.6649089554528124,0.39853811649452064,0.23972876058096565,0.9708399051081049,1291.2531914893616,780.736170212766
590,451.0,81.59797974644667,0.7878676287290527,0.941544885177453,30.81559855653335,18.977620673637347,-1.15657429895507,783.1685144124168,268.62749445676275,0.8511921175482984,0.13832517737217442,0.39977974191547566,0.40247787342330876,-0.915429714071294,268.62749445676275,783.1685144124168
591,826.0,110.32590180780453,0.7189280201593096,0.9604651162790697,39.20619797167819,27.251621633388663,0.7748805967911794,788.8656174334141,1254.6743341404358,0.8527759408152352,0.6460732925542924,0.40268791088995104,0.7145045773075972,0.6996307661949208,1254.6743341404358,788.8656174334141
592,379.0,75.11269837220809,0.7619121619926995,0.9475,27.473717587793928,17.79418748185264,-0.6982203403883108,783.6965699208444,1522.1398416886543,0.8441552892874103,0.783800124453478,0.4000492955185525,0.765987463679104,-0.64285550902707,1522.1398416886543,783.6965699208444
593,658.0,104.32590180780451,0.8666011431405315,0.9508670520231214,41.60970059416768,20.763301414419967,-0.49087136092177097,792.2462006079028,1462.613981762918,0.7597163317925858,0.7531482913300299,0.40441357866661704,0.8819224386899396,-0.4713945397808399,1462.613981762918,792.2462006079028
594,327.0,70.2842712474619,0.829689171614465,0.9674556213017751,27.50040397839831,15.351430939993342,-1.4705075149892246,780.4097859327217,173.85015290519877,0.8318429196178745,0.08952119099134849,0.3983715088987859,0.10012078142879288,-0.9949752907113261,173.85015290519877,780.4097859327217
595,958.0,120.08326112068524,0.6994819947480819,0.9475766567754699,41.714702938362876,29.811421692759463,0.18864585901159564,793.6471816283924,303.95302713987473,0.8348537954150186,0.15651546196697977,0.40512872977457504,0.9822590762604507,0.18752895004229642,303.95302713987473,793.6471816283924
596,683.0,110.5685424949238,0.9004553022233437,0.931787175989086,45.30429624861178,19.70503835534842,-1.1638816730642054,787.4465592972182,1832.4568081991215,0.7020489564092302,0.9435925891859533,0.401963532055752,0.3957777999129647,-0.9183463034694773,1832.4568081991215,787.4465592972182
597,78.0,30.14213562373095,0.7034583374103417,0.9873417721518988,11.81172919585976,8.395027026860301,-0.4781472319163584,780.0384615384615,599.1666666666666,1.0788384776134494,0.3085307243391692,0.39818196096909725,0.8878489695926399,-0.46013498801252606,599.1666666666666,780.0384615384615
598,177.0,49.698484809834994,0.6612837247586834,0.946524064171123,17.452691008930703,13.09188969235868,-0.6367082589676325,783.2937853107345,1333.8926553672316,0.900527197384488,0.686865425008873,0.39984368826479555,0.8040572214988168,-0.5945519191421409,1333.8926553672316,783.2937853107345
599,166.0,46.970562748477136,0.69512563317645,0.9540229885057471,17.275276232812693,12.418993557211099,0.30561318355532036,784.1144578313254,746.8795180722891,0.9455106503956602,0.3845929547231149,0.40026261247132483,0.9536626384220582,0.30087800198399123,746.8795180722891,784.1144578313254
600,148.0,47.384776310850235,0.8545604956559807,0.9426751592356688,19.124773378096275,9.932486713979776,0.031437568185617756,785.6216216216217,1370.4932432432433,0.82831191736613,0.7057122776741727,0.4010319661161928,0.9995058803510213,0.031432390041642916,1370.4932432432433,785.6216216216217
601,181.0,54.526911934581186,0.8832505011020275,0.9476439790575916,22.288456348395645,10.451089083891684,0.28983051424274126,789.171270718232,587.171270718232,0.7650091570114267,0.3023538984130958,0.4028439360481021,0.9582923265788971,0.2857898123096841,587.171270718232,789.171270718232
602,370.0,83.01219330881975,0.4216431748785939,0.8767772511848341,24.768634565110016,22.459252633400162,-0.05228949762233119,792.9891891891892,242.5891891891892,0.6747265670193392,0.12491719319731678,0.40479284797814663,0.9986332156826265,-0.052265672629142695,242.5891891891892,792.9891891891892
603,414.0,81.84062043356595,0.8583580703530937,0.9303370786516854,32.350956518721034,16.59769357098156,-1.1233411773010966,789.1449275362319,870.8816425120773,0.7767341126451415,0.4484457479464868,0.4028304887882756,0.4326726248453213,-0.9015511076525057,870.8816425120773,789.1449275362319
604,207.0,53.55634918610404,0.6873897923353538,0.9539170506912442,19.30596985143303,14.021707714342803,-0.2252250141768509,787.4202898550725,1506.0917874396134,0.9068976582954185,0.7755364507927979,0.4019501224375051,0.9747438802973565,-0.22332569897540427,1506.0917874396134,787.4202898550725
605,213.0,52.72792206135785,0.48623447102645184,0.9726027397260274,17.698176852629544,15.46516922319801,-1.0536878019656153,786.793427230047,1412.394366197183,0.9627380886608544,0.7272885510799089,0.40163013130681313,0.49436878661583283,-0.8692522665026472,1412.394366197183,786.793427230047
606,255.0,65.94112549695429,0.8605045028076045,0.9172661870503597,26.228100830558013,13.36171800555854,0.9351455873293815,794.1098039215686,1280.9137254901962,0.7369488295985304,0.659584822600513,0.4053648820426588,0.5937012806502827,0.8046855220234885,1280.9137254901962,794.1098039215686
607,630.0,102.42640687119285,0.6919007489051454,0.9183673469387755,34.0169366284598,24.559977444107265,0.13022528456197335,799.384126984127,364.5888888888889,0.754616918233706,0.1877388717244536,0.40805723684743594,0.9915326639815616,0.1298575229150308,364.5888888888889,799.384126984127
608,161.0,49.284271247461895,0.6630587607218333,0.9096045197740112,16.7105197603457,12.50894952028761,0.7101640938005547,792.0869565217391,667.9503105590062,0.8329502478521064,0.34394969647734613,0.4043322902101782,0.7582549039000515,0.6519582047275145,667.9503105590062,792.0869565217391
609,232.0,56.04163056034261,0.5443554718537179,0.9508196721311475,18.855078373827066,15.816670129948257,-0.7045824606987208,792.3405172413793,1320.0862068965516,0.9282742923769782,0.6797560282680493,0.40446172396190877,0.7618820649572661,-0.6477157703008721,1320.0862068965516,792.3405172413793
610,783.0,152.61017305526642,0.9721053955271183,0.8224789915966386,70.38801029657334,16.509117305844054,-1.1521690374646476,803.4125159642401,550.2681992337165,0.4224785426991142,0.28335128693806205,0.41011358650548246,0.4065066623439102,-0.9136478169787383,550.2681992337165,803.4125159642401
611,783.0,116.08326112068522,0.8790250301262013,0.9299287410926366,46.907893008225706,22.36453999745177,1.2839273781734033,799.6998722860792,1745.1366538952745,0.7301841905301433,0.8986285550439107,0.40821841362229666,0.2829505175370069,0.9591345080985982,1745.1366538952745,799.6998722860792
612,568.0,97.1543289325507,0.833818120263817,0.9388429752066115,36.76815283990922,20.297463809993225,-0.5576911636466428,802.1267605633802,1349.3890845070423,0.7561951490116343,0.6948450486648003,0.4094572539884534,0.8484792736868304,-0.5292286104547531,1349.3890845070423,802.1267605633802
613,322.0,68.2842712474619,0.7901019113871349,0.9526627218934911,26.059705481369186,15.973961125306133,-1.164112570522535,794.1552795031056,1711.192546583851,0.8678094559687619,0.881149612041118,0.4053880957136833,0.3955657455373346,-0.9184376630765382,1711.192546583851,794.1552795031056
614,328.0,70.52691193458118,0.8371702199486,0.9534883720930233,27.781660808650372,15.194969099977435,-0.2189583639889102,799.1219512195122,1660.4298780487804,0.8286554116597767,0.8550102358644596,0.40792340542088423,0.9761242356965456,-0.21721297494817066,1660.4298780487804,799.1219512195122
615,362.0,68.52691193458118,0.4996264269558884,0.9705093833780161,23.084418005505135,19.99666884991472,0.09585672651493568,799.8038674033149,969.3342541436464,0.9687151943763153,0.49914225239116705,0.4082714994401812,0.9954092607783452,0.09570999716178145,969.3342541436464,799.8038674033149
616,623.0,98.81118318204308,0.7642423644873266,0.9453717754172989,35.31027517446421,22.772625749143042,-1.221136984058581,802.1171749598716,161.57624398073835,0.801836296407704,0.0832009495266418,0.4094523608779334,0.3425777834275078,-0.9394894689680644,161.57624398073835,802.1171749598716
617,303.0,67.4558441227157,0.8616890088976022,0.964968152866242,27.680938270516496,14.046325262783284,1.5198422957296092,796.6567656765676,521.3465346534654,0.8367839275665423,0.2684585657329894,0.40666501565929947,0.05093198515611705,0.9987021242032367,521.3465346534654,796.6567656765676
618,154.0,44.384776310850235,0.4904983195781903,0.9447852760736196,15.057386344669009,13.121640936872689,0.6675104580175187,796.5974025974026,617.6168831168832,0.9823415503634044,0.3180313507296,0.40663471291342657,0.7853652059779058,0.6190327077297948,617.6168831168832,796.5974025974026
619,638.0,98.32590180780451,0.7735173081899546,0.9608433734939759,36.1348123617784,22.9013470704917,-0.8946911308722693,803.9843260188088,1678.4404388714734,0.829267540074546,0.8642844690378338,0.4104054752520719,0.6257597690483226,-0.7800158405061977,1678.4404388714734,803.9843260188088
620,331.0,68.2842712474619,0.7881913847828277,0.9678362573099415,26.22679944158989,16.140764636262094,0.3295389005517976,802.6193353474321,683.4350453172206,0.8920649997691311,0.35192329830958835,0.4097086959404962,0.9461916590143719,0.32360677435991775,683.4350453172206,802.6193353474321
621,469.0,84.76955262170047,0.8076735236281821,0.9571428571428572,32.043728668822794,18.893942167946832,-0.5920911132921405,803.6993603411514,1433.81236673774,0.8201681959968836,0.7383173876095468,0.4102600103834361,0.8297754492685491,-0.5580973963307637,1433.81236673774,803.6993603411514
622,493.0,82.18376618407356,0.6900861261686096,0.9685658153241651,29.49306537656327,21.344935222874977,-0.22374590696075347,807.1521298174442,1790.659229208925,0.917243629719432,0.9220696339901776,0.4120225267061992,0.9750731365780636,-0.2218837045026447,1790.659229208925,807.1521298174442
623,285.0,72.35533905932738,0.8758740347513255,0.9193548387096774,28.092654150207792,13.555824200196897,-0.3838474129377021,808.519298245614,1330.8631578947368,0.6840904979102934,0.6853054366090303,0.41272041768535683,0.9272306815736523,-0.37449067164411476,1330.8631578947368,808.519298245614
624,328.0,70.42031021678297,0.4557736225502681,0.9136490250696379,22.154076038549707,19.719248439495612,-0.9841451563737128,804.4817073170732,597.9908536585366,0.8311661348110032,0.3079252593504308,0.4106593707590981,0.5535752296926877,-0.8327991745136927,597.9908536585366,804.4817073170732
625,660.0,96.91168824543142,0.7354182866567058,0.9720176730486009,35.35643058360778,23.957991760313682,-1.3621221268438632,809.3045454545454,897.7969696969697,0.8830829120005081,0.4623053396997784,0.4131212585270778,0.20716304358161103,-0.9783064312238796,897.7969696969697,809.3045454545454
626,193.0,65.59797974644665,0.9486476315414427,0.8654708520179372,29.249078496190943,9.252499800364916,0.8634439754228526,808.4974093264249,1379.0103626943005,0.5636198035477517,0.710098024044439,0.41270924416867016,0.6498236128968272,0.7600850426904311,1379.0103626943005,808.4974093264249
627,286.0,63.698484809834994,0.742740471053205,0.9438943894389439,23.518415498970924,15.747446885695886,1.2535533076524803,805.513986013986,1638.3636363636363,0.8857633227765764,0.8436475985394626,0.4111863124114273,0.31194834455386933,0.9500990634297565,1638.3636363636363,805.513986013986
628,369.0,73.35533905932738,0.7875368310411086,0.9510309278350515,28.005745998285427,17.259033530468816,-1.2384242019469434,807.1463414634146,206.5772357723577,0.8617330952952095,0.10637344787454053,0.41201957195682215,0.32628624514976495,-0.9452710120521349,206.5772357723577,807.1463414634146
629,289.0,61.698484809834994,0.6883198579601346,0.9665551839464883,22.52066971402161,16.3366585567358,-0.709229574897584,808.3321799307959,489.9273356401384,0.954022701797299,0.25227978148307845,0.41262490042409183,0.7588638399759569,-0.651249316603822,489.9273356401384,808.3321799307959
630,154.0,44.384776310850235,0.4654627708548687,0.9625,14.992021845924835,13.268950697107853,-0.772733873016888,808.1818181818181,75.68831168831169,0.9823415503634044,0.03897441384568058,0.4125481460856652,0.7160048437840195,-0.6980953113134494,75.68831168831169,808.1818181818181
631,495.0,83.01219330881975,0.7264610709711865,0.9763313609467456,30.462141260936697,20.933815582231478,-1.025693449932628,813.7333333333333,938.4606060606061,0.9026747315528999,0.48324439035046657,0.41538199761783223,0.5185060605735,-0.8550739530289471,938.4606060606061,813.7333333333333
632,208.0,51.4558441227157,0.3233650878783145,0.9585253456221198,16.73849480241997,15.839207178929504,0.36138388629205737,810.7115384615385,616.4326923076923,0.9871969042057739,0.3174215717341361,0.4138394785408568,0.9354084201638957,0.35356907031934354,616.4326923076923,810.7115384615385
633,545.0,86.18376618407358,0.31011038218642983,0.9578207381370826,27.081651101992737,25.746540812497777,-0.385401749035544,816.3192660550459,709.7064220183486,0.9220520316359151,0.3654512986706223,0.41670202453039606,0.9266474773625728,-0.37593144680590374,709.7064220183486,816.3192660550459
634,170.0,47.79898987322333,0.4243723322499059,0.9392265193370166,15.581627470323083,14.108973300371861,-1.1807474602311745,811.5411764705882,730.4823529411765,0.9350209628260208,0.37614951232810323,0.4142629793111732,0.3802336117967204,-0.9248904802515923,730.4823529411765,811.5411764705882
635,964.0,126.32590180780451,0.8324422747920266,0.9460255152109912,47.47230994112172,26.30496592248733,-1.225410642485313,819.4087136929461,1821.7437759336099,0.7591054045468983,0.9380760947134963,0.41827907794433183,0.3385596101212162,-0.9409449454641701,1821.7437759336099,819.4087136929461
636,387.0,73.698484809835,0.7732383216640998,0.9602977667493796,28.027537287775576,17.772696496590957,-1.5268042354840605,815.7906976744187,647.578811369509,0.8953724158242701,0.33345973808934554,0.4164322091242566,0.04397790300474185,-0.9990325039993971,647.578811369509,815.7906976744187
637,346.0,71.35533905932738,0.7872057618687544,0.9558011049723757,27.046976811039784,16.679611804251593,-0.49749100044155564,822.014450867052,165.84682080924856,0.853951124150854,0.08540001071537001,0.4196092143272343,0.8787826768687679,-0.47722217764408514,165.84682080924856,822.014450867052
638,534.0,83.59797974644667,0.40334635807488267,0.9744525547445255,27.282762148693273,24.965020139350653,-0.19583142920246485,823.3951310861423,439.6179775280899,0.9601952572403369,0.22637382982908852,0.4203140025962952,0.9808862273259019,-0.19458213957698978,439.6179775280899,823.3951310861423
639,458.0,86.76955262170047,0.8781204446657274,0.9385245901639344,35.248855553503,16.864449597015337,-0.1853244352510305,828.1157205240174,180.43231441048036,0.7644351096486182,0.09291056354813612,0.42272369603063675,0.9828765201604315,-0.18426542301072357,180.43231441048036,828.1157205240174
640,312.0,67.698484809835,0.7957684262837158,0.9570552147239264,25.97415839661785,15.729977168290935,1.5026000842406262,817.6185897435897,275.625,0.8554734995772754,0.14192842430484037,0.41736528317692173,0.068143394488108,0.997675537330468,275.625,817.6185897435897
641,49.0,24.485281374238568,0.7422515777244382,0.9245283018867925,9.724653498439007,6.5166977248773845,-1.3184893697963396,814.1428571428571,860.0816326530612,1.0270598353380491,0.44288446583576785,0.4155910449938015,0.24963853821619952,-0.9683390936223112,860.0816326530612,814.1428571428571
642,319.0,64.5269119345812,0.537564807283821,0.9637462235649547,21.9755459661954,18.530273420237858,-0.009178387900052232,821.7836990595612,960.166144200627,0.9627616530871134,0.4944212894956884,0.4194914237159577,0.9999578788934793,-0.009178259031738882,960.166144200627,821.7836990595612
643,752.0,111.15432893255071,0.8401407379764655,0.9591836734693877,42.4299256707428,23.012653208855543,0.4744243840198389,831.7672872340426,1741.5718085106382,0.7648476602549311,0.8967928983061989,0.42458769128843415,0.8895558256008241,0.45682648033978523,1741.5718085106382,831.7672872340426
644,317.0,67.4558441227157,0.6466177527404569,0.9577039274924471,23.31118777866131,17.78210472209725,0.10368365353160928,822.5993690851735,596.0031545741325,0.8754472113484948,0.3069017273811187,0.4199077943262754,0.9946296636428721,0.10349798163088546,596.0031545741325,822.5993690851735
645,266.0,65.698484809835,0.8397475506615554,0.9333333333333333,25.67123851331947,13.93889275101546,-0.5736937776123296,824.2857142857143,1902.2218045112782,0.7744275480909681,0.9795168921273317,0.4207686137242033,0.8399019554754783,-0.5427381552723815,1902.2218045112782,824.2857142857143
646,220.0,56.62741699796952,0.8090391865254206,0.9606986899563319,22.052881811243065,12.961685069943751,1.1938192179398661,822.2681818181818,223.98181818181817,0.8621424721627637,0.11533564273008144,0.419738734976101,0.36811152687444815,0.9297816430658128,223.98181818181817,822.2681818181818
647,831.0,109.98275605729688,0.7714987528011206,0.9685314685314685,40.818493368108754,25.9699840876457,-0.8146664308280691,832.7087845968713,1684.800240673887,0.8632999005381554,0.8675593412326915,0.4250682922903886,0.686111102119817,-0.727496773565306,1684.800240673887,832.7087845968713
648,385.0,74.18376618407356,0.7818489124248924,0.9649122807017544,28.275195559683652,17.628678063209453,1.0961728150735799,827.8467532467532,255.8,0.8791294679887578,0.13171987641606592,0.422586397777822,0.45700360648849714,0.8894648411581577,255.8,827.8467532467532
649,175.0,47.21320343559643,0.6973254834546464,0.9668508287292817,17.628854554491895,12.635562760725927,0.7469369136831326,823.8342857142857,1634.0685714285714,0.9865542588496955,0.8414359276151243,0.4205381754539488,0.733773351435803,0.6793943396310199,1634.0685714285714,823.8342857142857
650,496.0,81.59797974644665,0.5091689868650445,0.9649805447470817,27.11831866284986,23.339830277777224,1.4226383279556063,829.508064516129,303.2741935483871,0.9361225949089936,0.15616590810936512,0.42343443824202603,0.14761656251096042,0.9890446655598764,303.2741935483871,829.508064516129
651,100.0,36.72792206135785,0.7639227070844767,0.9345794392523364,14.114441226070321,9.10815836905609,1.5276942170573387,821.96,731.32,0.9315735467918814,0.3765808444902163,0.41958141909137314,0.04308876518572422,0.9990712478671226,731.32,821.96
652,451.0,97.7401153701776,0.9455544427210207,0.902,42.752637047324704,13.914442986801989,-0.5864908526730211,834.8913525498891,1443.7117516629712,0.5932540493597258,0.7434149081683683,0.4261824157988204,0.8328879117453648,-0.5534417100909954,1443.7117516629712,834.8913525498891
653,406.0,74.76955262170047,0.3327058210465752,0.9598108747044918,23.51449193604802,22.174886986431677,0.9057165949223336,830.4655172413793,1466.2266009852217,0.9126123328302729,0.7550085483960977,0.42392318389044376,0.6171218731154744,0.7868675833470639,1466.2266009852217,830.4655172413793
654,565.0,86.18376618407356,0.471047804516687,0.9775086505190311,28.639098727519023,25.262769045317032,1.3719212378804733,832.0283185840708,335.7097345132743,0.9558888034390681,0.1728680404290805,0.42472093853194015,0.1975667175690129,0.9802894430263981,335.7097345132743,832.0283185840708
655,302.0,65.35533905932738,0.6978082698482941,0.9467084639498433,23.290257479675567,16.682452605582416,0.8027417004809136,831.4735099337748,679.6556291390729,0.8884943343710314,0.3499771519768655,0.4244377283990683,0.6947373177285847,0.7192635534734758,679.6556291390729,831.4735099337748
656,222.0,54.526911934581186,0.42128676992462594,0.9446808510638298,17.73803439934071,16.087110872246186,-1.0144114239188564,829.6441441441441,746.1711711711712,0.9382985240692637,0.3842282034866999,0.4235039020643921,0.5281198240641853,-0.8491698601754621,746.1711711711712,829.6441441441441
657,299.0,64.87005768508881,0.45440108135761614,0.943217665615142,20.86828987964123,18.589414260727118,0.8166188663546414,834.0702341137123,582.9264214046823,0.8928787437747452,0.30016808517233895,0.42576326396820435,0.6846894047471798,0.7288349737951333,582.9264214046823,834.0702341137123
658,365.0,69.94112549695429,0.6198868285904829,0.9630606860158312,24.45432647603839,19.189095416921294,-0.9414186786479469,834.2986301369863,1288.8027397260273,0.9376429553061911,0.663647136831116,0.42587985203521506,0.5886417664633095,-0.8083940071369621,1288.8027397260273,834.2986301369863
659,416.0,79.59797974644667,0.8065279924284107,0.9519450800915332,30.16993549697426,17.836342303100786,-0.150188592045141,839.7235576923077,1306.5961538461538,0.8250857838024523,0.6728095539887506,0.4286490850905093,0.9887428775093937,-0.1496246041747281,1306.5961538461538,839.7235576923077
660,416.0,75.94112549695429,0.76205666956039,0.9719626168224299,28.643581910970894,18.54701528441675,1.0620535856010165,837.7908653846154,41.79086538461539,0.9064610257686939,0.02151949813831894,0.4276625142341069,0.48707959562348735,0.8733575828532435,41.79086538461539,837.7908653846154
661,363.0,76.5269119345812,0.8448352573441515,0.9189873417721519,29.75932303680912,15.922027343548976,1.5321709841223794,835.1294765840221,225.69421487603304,0.7789114922585326,0.11621741239754534,0.4263039696702512,0.03861573908741719,0.9992541341894626,225.69421487603304,835.1294765840221
662,560.0,88.5269119345812,0.530565376618167,0.958904109589041,29.18869750393266,24.741624830402813,1.1356975862893781,840.5517857142858,650.3803571428572,0.8979398813523766,0.33490234662351037,0.4290718661124481,0.4214999441186089,0.9068284276024928,650.3803571428572,840.5517857142858
663,661.0,96.32590180780451,0.6445212844630096,0.966374269005848,33.395688646907885,25.5338882837794,0.6414397896624019,844.1013615733737,1362.9258698940998,0.8952104771199814,0.7018155869691555,0.43088379865920046,0.8012350909886458,0.5983496711525933,1362.9258698940998,844.1013615733737
664,335.0,76.66904755831213,0.9227813218648684,0.9571428571428572,33.336220585588585,12.845247895806132,-0.6129087873989021,843.4179104477612,1919.4567164179105,0.71616737815493,0.9883917180318798,0.43053492110656516,0.8179782030095593,-0.5752492150374934,1919.4567164179105,843.4179104477612
665,178.0,54.384776310850235,0.8931425760549062,0.9726775956284153,23.074840269958514,10.378455198174912,-0.07145951066409575,841.5786516853933,1937.2865168539327,0.7562670399850483,0.9975728717064535,0.42959604476028246,0.9974478554808492,-0.07139870864837035,1937.2865168539327,841.5786516853933
666,262.0,60.870057685088796,0.7122782960894649,0.9290780141843972,21.936216211707457,15.396967949273495,0.39259680135478736,841.8091603053435,482.4618320610687,0.88859472070649,0.24843554689035463,0.42971371123294716,0.9239186686718237,0.382588935647236,482.4618320610687,841.8091603053435
667,196.0,50.62741699796952,0.5974272183538599,0.9560975609756097,17.703969494303095,14.197222766521207,-1.1141899446848251,839.0867346938776,787.7244897959183,0.9609358470288317,0.40562538094537504,0.4283240095425613,0.44090469662300896,-0.8975539251185816,787.7244897959183,839.0867346938776
668,498.0,83.01219330881975,0.7219667073905496,0.9669902912621359,30.364867970286564,21.010296138524684,1.3743083170860773,842.7791164658635,841.2008032128514,0.9081454875017052,0.4331621025812829,0.43020883944148214,0.19522612836454986,0.9807582570663315,841.2008032128514,842.7791164658635
669,327.0,67.35533905932736,0.7332879089751755,0.9589442815249267,24.77435117024882,16.844533781649655,-0.48357215888736094,843.6911314984709,918.183486238532,0.9057608880574717,0.47280303101881155,0.43067439075981157,0.885339718538384,-0.4649447093777657,918.183486238532,843.6911314984709
670,142.0,45.62741699796952,0.8058693530703415,0.9342105263157895,17.795259508323227,10.53645557780775,0.538171644015596,843.0211267605633,1455.5704225352113,0.8571294967922892,0.7495213298327555,0.4303323771110584,0.8586472708466257,0.5125669363777197,1455.5704225352113,843.0211267605633
671,1062.0,127.88225099390856,0.7715988291526241,0.9645776566757494,46.61333268792155,29.651181948989393,0.6259242192187295,855.1224105461393,515.3964218455744,0.8160444894768399,0.26539465594519795,0.4365096531629093,0.8104220150830382,0.58584653064497,515.3964218455744,855.1224105461393
672,339.0,65.698484809835,0.5484676122904796,0.9713467048710601,22.717200804476263,18.99548267613658,-0.29819204200064936,845.4159292035398,610.2035398230089,0.9869584165520232,0.3142139751920746,0.43155483879711065,0.9558692155965782,-0.29379251636960085,610.2035398230089,845.4159292035398
673,315.0,64.5269119345812,0.6277131686782941,0.9603658536585366,22.763422595330262,17.72006606664523,0.899881227531372,845.8952380952381,1259.9809523809524,0.9506894066534192,0.6488058457162474,0.43179950898174485,0.6217030015567503,0.7832530739520448,1259.9809523809524,845.8952380952381
674,207.0,56.04163056034261,0.8181977726780822,0.9241071428571429,21.851921438036207,12.563475320756899,1.5703477728013806,843.207729468599,879.8405797101449,0.8282447350087693,0.45305900088061013,0.43042763117335325,0.00044855397847445394,0.9999998993996592,879.8405797101449,843.207729468599
675,434.0,88.08326112068524,0.7959621585374225,0.891170431211499,31.194306170541168,18.883360378717892,1.2378658373622209,848.7258064516129,243.72350230414747,0.7029312047783698,0.12550128851912845,0.4332444137067958,0.32681400011513917,0.945088678023783,243.72350230414747,848.7258064516129
676,269.0,64.2842712474619,0.8742455815078428,0.9539007092198581,26.612100668363027,12.919747681930724,-0.3205704018159528,849.6245353159851,1398.985130111524,0.8179988519866485,0.7203836921274583,0.4337031829075983,0.9490558343339829,-0.31510795501958955,1398.985130111524,849.6245353159851
677,367.0,74.04163056034261,0.8466202746904401,0.9734748010610079,29.86641601955405,15.894830016839135,0.005161227356366048,853.2561307901907,16.47138964577657,0.8412478739379171,0.008481663051378253,0.43555698355803507,0.9999866808956545,0.005161204442037131,16.47138964577657,853.2561307901907
678,211.0,64.5269119345812,0.9376756424292064,0.9213973799126638,28.004053623973714,9.731736602407373,1.1427554827622288,849.6208530805687,753.8862559241707,0.6368109993773696,0.3882009556767099,0.43370130325705397,0.4150891978601443,0.9097807196351338,753.8862559241707,849.6208530805687
679,448.0,81.35533905932736,0.7660971842757798,0.9552238805970149,30.043370867213426,19.309618029370068,-1.5575651719457788,854.0535714285714,211.30133928571428,0.8505811603353413,0.10880604494629983,0.4359640487129002,0.013230768803875323,-0.9999124695476391,211.30133928571428,854.0535714285714
680,496.0,85.84062043356596,0.8295900099451652,0.9668615984405458,33.75729474465094,18.849162188448197,0.7350035839841641,856.8004032258065,591.9939516129032,0.8458743283329136,0.30483725623733426,0.43736620889525596,0.7418283500238174,0.6705898143432696,591.9939516129032,856.8004032258065
681,239.0,57.698484809834994,0.7170003661442642,0.9446640316205533,20.93749338528375,14.594956935552485,-0.3292047480589817,855.7531380753138,107.51046025104603,0.9021504039647156,0.05536069013957056,0.436831617190053,0.946299740197823,-0.323290583997636,107.51046025104603,855.7531380753138
682,399.0,72.76955262170047,0.30884993044995446,0.9591346153846154,23.128271494616616,21.99754839757672,0.4305306304116281,857.2355889724311,568.9724310776942,0.9468547230242876,0.2929827142521597,0.43758835577969935,0.908744417391658,0.41735306858761223,568.9724310776942,857.2355889724311
683,512.0,90.42640687119284,0.859739886889688,0.9481481481481482,35.980767795469234,18.376534819001996,0.07014897378809899,864.728515625,63.68359375,0.7868451574616614,0.03279278771884655,0.4414132290071465,0.9975405695329806,0.07009145551218532,63.68359375,864.728515625
684,748.0,112.22539674441619,0.8885104538138764,0.9602053915275995,45.77593934090279,21.00458161738252,-0.5931358145776439,865.8355614973262,350.68048128342247,0.746327016509827,0.18057697285449148,0.44197833664998787,0.8291919514984788,-0.5589639590976724,350.68048128342247,865.8355614973262
685,695.0,104.49747468305833,0.6782212084450387,0.9279038718291055,35.42563399475491,26.03280361030166,-0.8174821827561015,865.9194244604316,661.5223021582734,0.7998030906750973,0.34063970245019226,0.44202114571742296,0.6840599344838078,-0.7294258057088525,661.5223021582734,865.9194244604316
686,629.0,95.15432893255071,0.7120467223859359,0.9691833590138675,34.074572242723406,23.924850462832048,-1.140151126766376,860.3751987281399,1730.0715421303657,0.8729782186134073,0.8908710309631132,0.43919101517516074,0.41745718034800894,-0.9086965954464064,1730.0715421303657,860.3751987281399
687,373.0,71.94112549695429,0.7585911456231358,0.9764397905759162,27.13998182933704,17.683514838912043,-0.8980383766473657,859.3941018766756,872.0402144772117,0.9056580254412044,0.44904233495222023,0.43869020003914017,0.6231453636771942,-0.7821060386722617,872.0402144772117,859.3941018766756
688,542.0,95.01219330881976,0.858336542698851,0.9377162629757786,37.40268001988076,19.19083288902491,-0.25647334266868743,865.959409594096,1316.4557195571956,0.754484745081879,0.6778865703178144,0.44204155670959466,0.9672906016276578,-0.25367083396165974,1316.4557195571956,865.959409594096
689,485.0,80.76955262170046,0.4220281239531879,0.9603960396039604,26.118155949189713,23.67826935717854,0.822649508010974,864.1546391752578,157.11546391752577,0.9342352459536927,0.0809039464044932,0.44112028543913107,0.6802816382625875,0.7329508118849245,157.11546391752577,864.1546391752578
690,730.0,119.63961030678928,0.8896106728602835,0.8827085852478839,48.119263040872724,21.977013608382425,-0.6309045674494183,873.5301369863014,541.913698630137,0.6408888923385052,0.27904927838833005,0.44590614445446725,0.8074942566326894,-0.5898754321932899,541.913698630137,873.5301369863014
691,285.0,64.2842712474619,0.719263305296876,0.946843853820598,23.052446526787662,16.01540079014835,1.33064956671236,860.2526315789473,1461.9122807017543,0.8666530587962633,0.7527869622563101,0.43912844899384756,0.23784517750810158,0.9713030791344891,1461.9122807017543,860.2526315789473
692,218.0,54.041630560342625,0.6337048224279896,0.9519650655021834,18.960581071524167,14.66743049020729,-0.7376313486839711,862.7706422018349,1829.119266055046,0.9380143215289306,0.9418739784011565,0.44041380408465286,0.7400636385940753,-0.6725368471919572,1829.119266055046,862.7706422018349
693,1222.0,135.88225099390854,0.7173744862529887,0.9584313725490196,47.74593018739105,33.264005546784745,1.0534219086193937,874.4198036006546,277.99263502454994,0.8316787490159273,0.14314759784992273,0.4463602876981392,0.4945998975312041,0.8691207864055044,277.99263502454994,874.4198036006546
694,456.0,86.76955262170047,0.7403439602225702,0.8923679060665362,30.30580478269723,20.372418124371073,0.310872858957436,868.936403508772,1249.905701754386,0.7610969650649998,0.6436177660939165,0.4435612064873772,0.952066933972921,0.3058897730153819,1249.905701754386,868.936403508772
695,356.0,75.59797974644667,0.8037629661855393,0.9442970822281167,28.13843731670092,16.74095362593008,-0.3931649670368748,871.7022471910112,92.36235955056179,0.7827795703497472,0.04756043231233872,0.4449730715625376,0.9237011456538131,-0.38311381274737805,92.36235955056179,871.7022471910112
696,1128.0,125.29646455628165,0.542521173309129,0.9732528041415013,41.60483100065311,34.94981076135371,-0.03381111740695576,879.0141843971631,125.90602836879432,0.9029034864210932,0.06483317629701046,0.4487055560986029,0.9994284586214037,-0.03380467567726582,125.90602836879432,879.0141843971631
697,296.0,73.59797974644667,0.9099852719623891,0.9107692307692308,30.688678001346737,12.724771032340554,0.588974419429618,869.0101351351351,1810.8952702702702,0.6867043345513234,0.9324898405099229,0.44359884386683773,0.831510835057247,0.555508533852001,1810.8952702702702,869.0101351351351
698,285.0,62.526911934581186,0.6703432479054279,0.9595959595959596,22.325530700490713,16.56668604312431,-0.8292954826665218,867.9298245614035,306.04561403508774,0.9160533416162275,0.1575930041375323,0.4430473836454331,0.675395477984637,-0.7374557263442353,306.04561403508774,867.9298245614035
699,571.0,89.84062043356595,0.677943819639616,0.9677966101694915,31.679361946873538,23.28793352353193,0.3855643035866241,874.5796847635727,937.3800350262698,0.8889973928456716,0.4826879686026106,0.4464419013596594,0.9265863557524114,0.37608207260312965,937.3800350262698,874.5796847635727
700,733.0,108.66904755831214,0.5888666789328832,0.9220125786163522,34.746095721480685,28.082843426682572,-1.2792741005105877,873.4611186903138,1283.6589358799454,0.7800134965703767,0.6609984221832881,0.44587091306294735,0.2874105572552859,-0.957807481479554,1283.6589358799454,873.4611186903138
701,438.0,94.42640687119284,0.911144372401653,0.8866396761133604,38.76937572024273,15.97636688434752,-0.2881180541700946,876.1027397260274,1654.7146118721462,0.6173010933945241,0.852067256370827,0.44721936688413855,0.958780324877325,-0.2841483567225599,1654.7146118721462,876.1027397260274
702,550.0,91.49747468305833,0.8053424409526976,0.9581881533101045,34.49098114746076,20.44659436528243,-0.8762408875803717,874.7745454545454,836.6290909090909,0.8255708269767322,0.43080797678120025,0.4465413708292728,0.6400439297043777,-0.7683383161398223,836.6290909090909,874.7745454545454
703,411.0,89.59797974644667,0.8704870778929811,0.8439425051334702,35.19203146715864,17.32121069591838,-0.5794516227968152,876.7372262773723,1396.2481751824816,0.6433617710378702,0.718974343554316,0.4475432497587403,0.836763047964362,-0.5475651573661265,1396.2481751824816,876.7372262773723
704,474.0,109.84062043356595,0.9454745168174343,0.8158347676419966,47.08471057207758,15.335305771237143,1.535113478740467,873.0527426160338,788.3924050632911,0.49369900393746335,0.40596931259695734,0.4456624515651015,0.03567527624573301,0.9993634347247204,788.3924050632911,873.0527426160338
705,601.0,89.35533905932738,0.31576498940525183,0.9724919093851133,28.466053468802976,27.009657059036464,-0.8225315698381558,878.4109816971713,1357.61231281198,0.9458958538877563,0.6990794607682699,0.4483976425202508,0.6803680764107475,-0.7328705756142344,1357.61231281198,878.4109816971713
706,360.0,70.42640687119285,0.708628891078634,0.9651474530831099,25.679243450162033,18.118796229743435,-0.6395088890039379,876.5416666666666,1848.3527777777779,0.9120975768692625,0.9517779494221307,0.447443423515399,0.8023889503918139,-0.5968014513128492,1848.3527777777779,876.5416666666666
707,62.0,32.97056274847714,0.9357646150051111,0.8857142857142857,15.068349661305197,5.3134809588287855,-0.4002712320466959,874.0483870967741,372.16129032258067,0.7167188617271981,0.19163815155642672,0.44617069274975707,0.9209553373904095,-0.3896681492399875,372.16129032258067,874.0483870967741
708,385.0,77.35533905932738,0.8323424321085434,0.9673366834170855,30.260136238179623,16.77203574446008,-1.1923503533281932,875.6207792207792,1184.631168831169,0.8085185816291097,0.6100057512003959,0.44697334314485926,0.3694768526235457,-0.9292399342341022,1184.631168831169,875.6207792207792
709,230.0,55.69848480983499,0.6444713915488204,0.9504132231404959,19.581155874857927,14.972308339871192,0.7750959442225247,877.4391304347826,218.4913043478261,0.9316460306825569,0.11250839564769624,0.4479015469294449,0.7143538970529695,0.6997846166966201,218.4913043478261,877.4391304347826
710,49.0,26.142135623730947,0.8663965332311098,0.9074074074074074,11.289249089386413,5.637361417584793,-0.30456977590719714,874.204081632653,331.0816326530612,0.9009979798050611,0.17048487778221483,0.4462501692867039,0.9539760576475349,-0.29988277949103226,331.0816326530612,874.204081632653
711,464.0,86.42640687119285,0.7432030178128807,0.9115913555992141,30.47607845009857,20.39050703787967,-1.2941357899900998,879.8900862068965,1445.7413793103449,0.7806114710312759,0.7444600305408573,0.44915267289785427,0.2731447043048929,-0.9619729572655318,1445.7413793103449,879.8900862068965
712,542.0,91.35533905932738,0.767363267670994,0.9264957264957265,33.465076974299905,21.458229460305308,0.4149098560759126,883.9981549815498,452.9889298892989,0.8160960633932259,0.23325897522620953,0.4512496962641908,0.9151526618989758,0.4031074365714665,452.9889298892989,883.9981549815498
713,44.0,27.556349186104043,0.8598352508954311,0.7333333333333333,11.417684162660143,5.829545076569556,-0.11849623813730384,875.4318181818181,1901.7954545454545,0.7281471965520475,0.9792973504353525,0.4468768852382941,0.992987531919097,-0.11821912473546783,1901.7954545454545,875.4318181818181
714,100.0,42.38477631085023,0.9257003270424252,0.9174311926605505,18.61247912856713,7.0403139623636815,-1.1760506534296817,875.41,1752.65,0.6995037918949969,0.9024974253347066,0.44686574783052574,0.3845734337555542,-0.9230944014831107,1752.65,875.41
715,315.0,70.76955262170048,0.8499845638812589,0.9402985074626866,27.96458516797218,14.731955831339526,-1.1142048806011615,880.9428571428572,576.6253968253968,0.7903646678312287,0.2969234793127687,0.44969007511120834,0.44089129078349765,-0.8975605103341285,576.6253968253968,880.9428571428572
716,858.0,144.95331880577405,0.6510731970090383,0.7743682310469314,42.805889983909175,32.490310384170556,-0.09731025174697769,898.0815850815851,927.0372960372961,0.5131458551577929,0.4773621503796581,0.45843878768840485,0.9952690924133922,-0.0971567480241203,927.0372960372961,898.0815850815851
717,248.0,60.04163056034261,0.8017022127026102,0.9538461538461539,23.354695472964007,13.959653830131398,-0.008408736634066228,883.2620967741935,1830.9798387096773,0.8644832620581405,0.9428320487691438,0.45087396466268176,0.9999646467824197,-0.008408637541867412,1830.9798387096773,883.2620967741935
718,257.0,59.798989873223334,0.7724316423221618,0.9661654135338346,22.810731980825107,14.487048254238074,-1.2829737756846002,881.727626459144,19.46692607003891,0.903140444854033,0.010024163784778018,0.4500906720056886,0.2838650218007981,-0.9588642497236157,19.46692607003891,881.727626459144
719,138.0,44.627416997969526,0.7917212875419836,0.9387755102040817,17.041255134450402,10.410204177671428,0.6682507624715167,882.9855072463768,1807.7826086956522,0.8707338910627722,0.9308870281645996,0.4507327755213766,0.7849067181391028,0.6196139474060465,1807.7826086956522,882.9855072463768
720,584.0,106.91168824543142,0.8055751942888478,0.8984615384615384,36.61288087444809,21.692895751275934,1.187941477066612,890.236301369863,660.3921232876712,0.6420551532082197,0.3400577359874723,0.4544340486829316,0.37357015226339024,0.9276019304302398,660.3921232876712,890.236301369863
721,500.0,84.76955262170048,0.707378371644045,0.9784735812133072,30.546501643712894,21.591339127776337,-0.7268461094064547,892.544,1732.586,0.8743797398687455,0.8921658084449021,0.4556120469627361,0.7472739265955519,-0.6645161236798289,1732.586,892.544
722,547.0,95.35533905932738,0.5567165069869847,0.9071310116086235,30.03270744261486,24.94824673320249,-0.3774050149652958,894.1206581352834,1758.2577696526507,0.7559745251774833,0.9053850513144442,0.4564168750052493,0.9296240407758112,-0.36850935240730737,1758.2577696526507,894.1206581352834
723,128.0,44.142135623730944,0.9002837796646567,0.9770992366412213,19.409977353984257,8.44923060803872,1.4755318540899105,882.578125,600.96875,0.8254925385704521,0.30945867662203913,0.45052482133741706,0.0951204454832533,0.9954657708083525,600.96875,882.578125
724,634.0,98.66904755831214,0.7798580511907526,0.9591527987897126,36.292014769407075,22.717219067216043,-0.7652759398410555,895.4432176656152,402.2160883280757,0.8183465387059771,0.20711436062207814,0.45709199472466316,0.7211912314256881,-0.692736030328075,402.2160883280757,895.4432176656152
725,755.0,115.63961030678928,0.8912428764537393,0.9286592865928659,46.5148803978189,21.095723159629806,-0.48129331582055845,901.5417218543047,318.3298013245033,0.7094855860014563,0.16391853827214384,0.4602050647546221,0.8863969548095074,-0.4629259535869987,318.3298013245033,901.5417218543047
726,300.0,83.94112549695429,0.9600251495584747,0.9146341463414634,37.467372990800506,10.487633196156393,0.2776013743397631,899.3033333333333,1426.85,0.5350341990308837,0.7347322348094747,0.4590624468266122,0.9617155467558539,0.27404964354672867,1426.85,899.3033333333333
727,903.0,110.9116882454314,0.4675930531122983,0.9730603448275862,36.118740278723564,31.92693847658711,-0.8923181254559591,899.3045404208195,1533.0531561461794,0.9224503126575626,0.7894197508476722,0.4590630630019497,0.6276089872512505,-0.7785287143846781,1533.0531561461794,899.3045404208195
728,623.0,96.32590180780453,0.7387653302340538,0.967391304347826,34.79213566183267,23.448603389184346,0.709474330185172,896.5345104333868,1207.900481540931,0.8437460321418278,0.6219878895679356,0.4576490609665068,0.7587044205338452,0.651435033032767,1207.900481540931,896.5345104333868
729,357.0,72.59797974644667,0.7108490763016918,0.9444444444444444,25.542767446922507,17.965366905910507,-0.4074000371001922,895.1708683473389,501.59103641456585,0.8511948933468187,0.2582858065986436,0.4569529700598973,0.9181540913351031,-0.3962235032965753,501.59103641456585,895.1708683473389
730,684.0,111.9827560572969,0.7890934136317242,0.8964613368283093,38.714003694711806,23.78097557483812,-1.429954285557096,897.5175438596491,805.4181286549708,0.685430873029615,0.41473642052264204,0.45815086465525734,0.1403768677784803,-0.9900981441214316,805.4181286549708,897.5175438596491
731,450.0,95.74011537017762,0.9283545978074248,0.9183673469387755,39.85418887727174,14.813633170163953,-0.46020340487779543,903.0422222222222,354.86,0.6169280045028427,0.18272914521112257,0.4609710169587658,0.8959621777792693,-0.4441303592291671,354.86,903.0422222222222
732,477.0,85.84062043356595,0.7126410008867381,0.931640625,29.896957427611454,20.973579792207044,1.3379406777234275,896.8050314465409,44.76939203354298,0.8134718843040322,0.023053239976077743,0.457787152346371,0.2307570397459096,0.9730114020954249,44.76939203354298,896.8050314465409
733,274.0,61.11269837220809,0.633416716566994,0.9513888888888888,21.25845563875128,16.450024061515467,0.8938419458276909,895.1277372262774,598.1094890510949,0.9219290649248691,0.30798634863599117,0.4569309531527705,0.6264219211325668,0.77948417349205,598.1094890510949,895.1277372262774
734,611.0,92.42640687119284,0.4500022227741878,0.9561815336463224,29.677660086424364,26.502964661049887,1.2820033421473462,899.543371522095,1268.607201309329,0.8987914541402324,0.6532477864620644,0.459184977806072,0.2847954020166634,0.9585883261286708,1268.607201309329,899.543371522095
735,407.0,95.98275605729688,0.8688288625425845,0.8172690763052208,35.99529823026648,17.821722820471646,-1.5113721632746744,898.1916461916462,230.07616707616708,0.5551595831004322,0.11847382444704793,0.4584949699804218,0.05938919628452039,-0.9982349039002186,230.07616707616708,898.1916461916462
736,536.0,86.42640687119285,0.7188375073062092,0.9675090252707581,31.357107830788188,21.798775711656003,-0.6371733804305173,901.0839552238806,376.42537313432837,0.9017408372257842,0.19383386876124015,0.4599713911301075,0.8037805956763413,-0.5949258390876849,376.42537313432837,901.0839552238806
737,53.0,27.31370849898476,0.8844267062683104,0.9298245614035088,12.023182155794299,5.61096807058303,-0.20552161733415206,893.5094339622641,1777.6603773584907,0.8927387648746969,0.9153760954472145,0.45610486674949674,0.9789546671713235,-0.2040778273685882,1777.6603773584907,893.5094339622641
738,230.0,55.698484809834994,0.5270505032512071,0.9426229508196722,18.66923301457236,15.865748304804912,0.9277923042342818,897.2478260869565,581.704347826087,0.9316460306825567,0.29953879908655356,0.45801318330115187,0.599602256901826,0.800298152889432,581.704347826087,897.2478260869565
739,358.0,74.94112549695427,0.7678861980386656,0.93717277486911,26.904535640452554,17.234676500531773,0.928345042885715,899.8463687150838,1802.022346368715,0.8010367999838562,0.9279208786656618,0.4593396471235752,0.5991598096073347,0.8006294539618827,1802.022346368715,899.8463687150838
740,652.0,113.84062043356595,0.9300631199629164,0.9504373177842566,48.080964806426564,17.664935534850734,-1.3701886752563588,900.260736196319,1919.1779141104294,0.6322123156701116,0.9882481535069152,0.45955116702211285,0.19926483304393675,-0.9799456751840747,1919.1779141104294,900.260736196319
741,182.0,48.04163056034261,0.5338519731492912,0.9578947368421052,16.559883112590292,14.00267202671025,0.1955395151885432,898.967032967033,267.4065934065934,0.9909363818062112,0.1376964950600378,0.4588907774206396,0.9809429867859796,0.19429579685469636,267.4065934065934,898.967032967033
742,519.0,87.59797974644665,0.7051423199171303,0.9470802919708029,31.048970243846526,22.015762923645838,0.3562990991402944,907.038535645472,1363.6050096339113,0.849941512484237,0.7021652984726628,0.4630109931829873,0.9371941433882505,0.34880816733379877,1363.6050096339113,907.038535645472
743,780.0,111.25483399593905,0.8131803706418661,0.9397590361445783,41.880931211617046,24.375194341874398,1.517551305916751,910.3397435897435,874.0076923076923,0.7918933329556116,0.4500554543293987,0.46469614272064497,0.053219865885629276,0.9985828187361906,874.0076923076923,910.3397435897435
744,502.0,83.35533905932738,0.601027200968938,0.963531669865643,28.49250072705444,22.7720205510458,-0.8368502717697168,911.1553784860557,1316.386454183267,0.9079182300644844,0.6778509032869552,0.46511249539870125,0.6698049345438595,-0.7425371032215805,1316.386454183267,911.1553784860557
745,462.0,80.42640687119285,0.6148783812689053,0.9625,27.541419926662424,21.71976822243851,0.6370147197964937,913.2186147186147,1411.1839826839828,0.897541433872837,0.7266652845952537,0.46616570429740417,0.8038749768699084,0.5947983032612015,1411.1839826839828,913.2186147186147
746,689.0,111.49747468305833,0.6688371990200715,0.8721518987341772,36.43368128029463,27.085123134463384,0.3267113707292158,918.4818577648766,1795.5500725689405,0.6964645627187619,0.9245880909211847,0.4688524031469508,0.9471028832373217,0.32093009918602544,1795.5500725689405,918.4818577648766
747,309.0,77.59797974644667,0.9432718548862278,0.9251497005988024,34.70361216793103,11.522341777978399,-1.0983523532414248,908.8673139158576,1863.3203883495146,0.6448630815138509,0.959485266915301,0.46394451960993244,0.45506389998162405,-0.8904587845226271,1863.3203883495146,908.8673139158576
748,124.0,45.21320343559643,0.8833447522082757,0.8211920529801324,18.82566931268484,8.824040222911202,-0.6684449087214187,907.3870967741935,936.8629032258065,0.7622562462909842,0.48242168034284577,0.46318892127319733,0.7847864076229301,-0.6197663224234569,936.8629032258065,907.3870967741935
749,363.0,78.04163056034261,0.8817195231031811,0.9307692307692308,31.50084822374773,14.861280352055005,0.05437949498049118,916.9118457300275,79.93388429752066,0.7489689604472716,0.04116059953528355,0.4680509677029237,0.9985217995858671,0.05435269774170893,79.93388429752066,916.9118457300275
750,195.0,54.04163056034261,0.6785979099390271,0.9241706161137441,18.746135890112907,13.769223462661216,1.395556888636244,909.8051282051282,469.0153846153846,0.8390495077896403,0.2415115265784679,0.46442324053350087,0.17434391370973013,0.9846848225459628,469.0153846153846,909.8051282051282
751,75.0,36.14213562373095,0.9202523306548533,0.8928571428571429,15.804380987008134,6.184657311601041,-1.260837282326142,907.2933333333333,486.5466666666667,0.7215119108277279,0.2505389632681085,0.4631410583631104,0.305019632860331,-0.9523460629255255,486.5466666666667,907.2933333333333
752,557.0,100.32590180780451,0.8991952978002384,0.9361344537815126,40.89269524575784,17.892496650506175,-0.42909864704197154,924.1095152603232,646.3070017953321,0.6954067706916663,0.33280484129522764,0.4717251226443712,0.909341128116143,-0.41605133423228,646.3070017953321,924.1095152603232
753,391.0,81.01219330881976,0.771414009806585,0.9331742243436754,28.822683517315728,18.340841397711635,-1.4209719373091034,915.1278772378516,949.3810741687979,0.7486620872861752,0.48886770039587946,0.46714031507802534,0.1492644915727973,-0.9887973055968116,949.3810741687979,915.1278772378516
754,627.0,91.84062043356595,0.42188995971262583,0.9690880989180835,29.795197923648892,27.013728114651183,0.6983156392395143,919.4258373205741,1191.8755980861245,0.9341310046243938,0.6137361473152031,0.4693342712203033,0.7659261968093969,0.6429285038331191,1191.8755980861245,919.4258373205741
755,102.0,41.45584412271571,0.927598053555157,0.9272727272727272,18.70132340141919,6.986436257377504,0.596944716157078,913.5294117647059,518.5392156862745,0.7458277025074792,0.2670129843904606,0.4663243551631985,0.8270569031000231,0.5621182073501969,518.5392156862745,913.5294117647059
756,139.0,42.62741699796952,0.4835832055997512,0.9328859060402684,14.2476283911347,12.470926287507313,-0.06701354328820094,913.1294964028777,632.0863309352518,0.9612727460786505,0.3254821477524469,0.46612021255889624,0.9977554326913354,-0.06696339697869326,632.0863309352518,913.1294964028777
757,588.0,98.91168824543142,0.7924966964596855,0.9230769230769231,35.96362559296911,21.933359514591167,-1.0017340801139036,920.2670068027211,1153.6479591836735,0.7552521338630691,0.5940514722881944,0.4697636583985304,0.5388423161448014,-0.8424066466568898,1153.6479591836735,920.2670068027211
758,716.0,106.66904755831213,0.8625049192164544,0.9701897018970189,42.76382580800313,21.640577508835783,-0.13070252491312895,929.2039106145252,1770.6284916201118,0.7907624743811665,0.9117551450155056,0.4743256307373789,0.9914705778191569,-0.1303307075057416,1770.6284916201118,929.2039106145252
759,437.0,81.94112549695429,0.6217402615071852,0.9357601713062098,27.452134140788907,21.501156518827262,-1.3754104898675756,918.1945080091533,681.8512585812357,0.8178759753673848,0.3511077541612954,0.46870572129104304,0.19414504494837964,-0.9809728342426164,681.8512585812357,918.1945080091533
760,130.0,41.798989873223334,0.7111860165837336,0.948905109489051,15.501268613714611,10.897451919954259,-1.248883742291253,914.6461538461539,1472.8615384615384,0.935021598810815,0.7584250970450764,0.46689441237680135,0.3163814771213756,-0.9486320471787238,1472.8615384615384,914.6461538461539
761,78.0,36.10660171779821,0.9291781368200958,0.9629629629629629,16.82677134755628,6.21971712161761,-0.08248944576167178,917.6282051282051,1938.9358974358975,0.7518500551069212,0.9984221922944889,0.4684166437612073,0.9965996744538611,-0.08239592755991099,1938.9358974358975,917.6282051282051
762,101.0,37.79898987322333,0.7877385230763764,0.9351851851851852,14.646124256639533,9.02215542699474,1.0404959226749202,915.1782178217821,735.4653465346535,0.8883228832058931,0.3787154204606866,0.46716601216017467,0.5057925091893457,0.8626551672875702,735.4653465346535,915.1782178217821
763,364.0,80.08326112068524,0.8880962620986051,0.9191919191919192,32.687070464833,15.024857516734766,-0.895501604704632,920.8901098901099,1901.7445054945056,0.7132269542437407,0.9792711150847093,0.470081730418637,0.6251273811692535,-0.7805227461851902,1901.7445054945056,920.8901098901099
764,273.0,61.94112549695428,0.6819257867609247,0.9446366782006921,21.91875804101203,16.031848047908785,0.9978948538106897,920.0952380952381,25.560439560439562,0.8941581229602956,0.013161915324634172,0.46967597656724763,0.5420725267844987,0.8403317057599748,25.560439560439562,920.0952380952381
765,276.0,61.698484809834994,0.7291911078297993,0.9550173010380623,22.72308196360704,15.549634744847697,-0.5913633944221296,920.5869565217391,1282.4746376811595,0.9111081857994967,0.6603885878893715,0.46992698137914196,0.8301813675252613,-0.5574934053546168,1282.4746376811595,920.5869565217391
766,205.0,53.4558441227157,0.706333617122736,0.9447004608294931,19.325349350323993,13.680010920383234,-0.8841284023978604,919.4975609756098,722.0829268292683,0.9015157973129114,0.3718243701489538,0.4693708836016385,0.6339638033006287,-0.7733627196242405,722.0829268292683,919.4975609756098
767,132.0,44.38477631085024,0.8383807564819311,0.9361702127659575,17.745172275977037,9.672628042877447,-0.6046745470550638,919.2348484848485,1876.0,0.8420070431686321,0.9660144181256437,0.4692367781954306,0.8226871593622446,-0.5684943604122039,1876.0,919.2348484848485
768,164.0,47.79898987322333,0.6000414431500604,0.9425287356321839,16.411031253838093,13.128314881920337,-0.20688968174553415,919.4512195121952,239.83536585365854,0.9020202229615728,0.12349915852402603,0.4693472279286346,0.9786745595398885,-0.20541690901531287,239.83536585365854,919.4512195121952
769,535.0,83.59797974644667,0.4492242081097028,0.9709618874773139,27.633213201442707,24.688039271612997,0.8341859489370512,925.2542056074766,580.4336448598131,0.9619933756995886,0.29888447212142794,0.4723094464560881,0.6717809134188149,0.7407498932609999,580.4336448598131,925.2542056074766
770,193.0,49.21320343559643,0.6153134297645422,0.9698492462311558,17.6602885921162,13.921297375726379,-0.044072214280809825,921.8290155440415,97.76683937823834,1.0013915031022267,0.050343377640699453,0.4705610084451462,0.9990289771524593,-0.044057948314814674,97.76683937823834,921.8290155440415
771,378.0,71.698484809835,0.5883857604971342,0.9618320610687023,24.537109507495714,19.840224812627675,-1.372784515535421,922.8994708994709,186.11111111111111,0.9240207162045381,0.09583476370294085,0.47110743792724397,0.196720382084453,-0.9804596326583501,186.11111111111111,922.8994708994709
772,276.0,61.941125496954285,0.7469905630663345,0.9583333333333334,23.095829226221515,15.354907311650873,-0.9199000434063529,922.3405797101449,1749.5942028985507,0.9039840363994195,0.9009238943864833,0.47082214380303467,0.6058996792446977,-0.7955410603426906,1749.5942028985507,922.3405797101449
773,787.0,115.1543289325507,0.7802455850077921,0.9247943595769683,40.72297086949679,25.471130261415606,-0.5674105667452624,932.5171537484117,463.9872935196951,0.7458028846044225,0.23892239625113032,0.4760169238123592,0.8432954922322937,-0.5374501956281098,463.9872935196951,932.5171537484117
774,213.0,53.4558441227157,0.6872069114875965,0.9551569506726457,19.426733476407733,14.112778618760704,-0.7230731620640082,924.4037558685446,1820.6525821596244,0.9366969015982934,0.937514202965821,0.4718753220360105,0.7497757862250051,-0.661691975461903,1820.6525821596244,924.4037558685446
775,40.0,26.14213562373095,0.9147987121066616,0.8333333333333334,11.960076161556701,4.830794780340308,1.025030330223048,921.025,557.225,0.7355085549429068,0.28693357363542743,0.4701505870342011,0.5190729629225993,0.8547299334659771,557.225,921.025
776,448.0,88.66904755831214,0.8764700620607132,0.9161554192229039,35.65863478694864,17.1680766451062,-0.5112182370553003,935.9709821428571,163.37723214285714,0.7160507286619574,0.08412833786964838,0.4777799806752716,0.8721491445605007,-0.4892400940666933,163.37723214285714,935.9709821428571
777,295.0,63.698484809834994,0.7831596452734678,0.9703947368421053,24.594035951750296,15.293080395574776,-0.5763683704077343,929.2203389830509,1850.4847457627118,0.9136369937730422,0.9528757702176682,0.4743340168366773,0.8384473495511445,-0.5449826070900438,1850.4847457627118,929.2203389830509
778,721.0,100.32590180780451,0.6428937430443457,0.9769647696476965,34.87155039867176,26.71005143201223,1.3738548028469095,933.0651872399445,1462.894590846047,0.9001584949168607,0.7532927862235052,0.47629667546704674,0.19567089610748106,0.980669618381489,1462.894590846047,933.0651872399445
779,514.0,85.59797974644665,0.6342623989428035,0.9625468164794008,29.496038691396603,22.803914003231288,-0.018536923686387548,934.7295719844358,281.7023346303502,0.8815479778388204,0.14505784481480444,0.4771462848312587,0.999828196149775,-0.01853586210260803,281.7023346303502,934.7295719844358
780,76.0,30.727922061357855,0.7206666094713626,0.9382716049382716,11.83211787816826,8.202991841992183,-0.3997439047072583,926.8684210526316,603.1184210526316,1.011479467121017,0.31056561331237464,0.4731334461728594,0.9211606920023676,-0.3891824501563749,603.1184210526316,926.8684210526316
781,458.0,86.66904755831213,0.6735213858995244,0.9178356713426854,29.303951627419032,21.660535596004326,1.0051027628461262,935.6528384279476,321.5829694323144,0.7662090796812969,0.165593702076372,0.47761757959568535,0.5360014633932323,0.8442170522089171,321.5829694323144,935.6528384279476
782,102.0,36.62741699796952,0.7497942193471806,0.9622641509433962,14.049180906412046,9.295936815201022,-0.5807657947496873,929.8725490196078,357.03921568627453,0.9554268678719678,0.1838512954100281,0.47466694692169875,0.836042730834473,-0.5486643347428708,357.03921568627453,929.8725490196078
783,315.0,72.76955262170048,0.8861195270771102,0.9210526315789473,29.733470262762815,13.780178283706235,-0.8270091153663237,934.3142857142857,1876.9873015873015,0.7475168865981215,0.9665228123518546,0.47693429592357617,0.6770798058678268,-0.7359095980390431,1876.9873015873015,934.3142857142857
784,434.0,78.62741699796952,0.7022706603967392,0.9623059866962306,28.087610223051517,19.99585200330201,0.19685159657960472,937.2603686635945,1924.6612903225807,0.8821685603808684,0.9910717251918542,0.47843816675017586,0.9806872105849173,0.19558270627837776,1924.6612903225807,937.2603686635945
785,630.0,93.1543289325507,0.48815730057461315,0.9692307692307692,30.571663231571385,26.681592258170227,0.2077212151094772,939.9904761904762,128.77936507936508,0.9123139807746565,0.06631275235806647,0.479831789785848,0.9785034101950743,0.20623063845270492,128.77936507936508,939.9904761904762
786,80.0,34.72792206135785,0.8719504517409813,0.9411764705882353,14.578230160389968,7.137415876260562,-1.5419094856125861,928.2125,857.725,0.8335703428364444,0.4416709577754892,0.47381955079122,0.028882823914444234,-0.9995828042152022,857.725,928.2125
787,282.0,62.31980515339464,0.42989669953439663,0.9494949494949495,20.044895838805232,18.098097073013577,0.873745923215599,935.4716312056737,494.5248226950355,0.9124452164384913,0.2546471795546012,0.47752507973745467,0.6419589123476296,0.7667390396069894,494.5248226950355,935.4716312056737
788,724.0,128.36753236814715,0.9505163041926689,0.875453446191052,56.44542233066894,17.536163399297195,-0.6513724429378078,949.8660220994475,1405.2182320441989,0.552125804011717,0.7235933223708542,0.4848729056148277,0.7952524652497424,-0.6062784150159126,1405.2182320441989,949.8660220994475
789,330.0,71.4558441227157,0.8271182925807163,0.9455587392550143,27.574629383922105,15.497710302622275,-1.2556391881464313,936.1030303030303,515.5515151515151,0.8121725292108826,0.2654745186156102,0.4778473865763299,0.30996587425985617,-0.9507476830338968,515.5515151515151,936.1030303030303
790,312.0,70.2842712474619,0.8245622663824352,0.9483282674772037,26.873755775651233,15.204397483775622,0.006601592307234032,942.9583333333334,6.092948717948718,0.7936849875253115,0.0031374607198500094,0.4813467755657649,0.9999782095686421,0.0066015443566497,6.092948717948718,942.9583333333334
791,257.0,72.2842712474619,0.932404307594082,0.9113475177304965,30.414787628779372,10.992419587512137,0.192528763210076,944.5408560311284,85.28015564202335,0.6180952036090869,0.04391357139136114,0.48215459725938153,0.9815235164189858,0.1913415446694964,85.28015564202335,944.5408560311284
792,553.0,85.84062043356595,0.503865014548747,0.9735915492957746,28.604475895771095,24.70804304802259,-1.1373100372832528,944.3996383363472,663.121157323689,0.9430816604195593,0.3414630058309418,0.482082510636216,0.4200371804034432,-0.9075068964359033,663.121157323689,944.3996383363472
793,396.0,78.87005768508881,0.8148326158097279,0.9252336448598131,30.09977205798014,17.44872670000231,-1.2509429469991884,942.2449494949495,839.8535353535353,0.7999829537252926,0.4324683498215939,0.4809826184251912,0.31442738014450133,-0.9492815296925697,839.8535353535353,942.2449494949495
794,573.0,98.32590180780451,0.8737498144886083,0.9182692307692307,39.39100469710328,19.15882505888137,-0.4507751820653713,950.1535776614311,1424.8638743455497,0.7447810352080169,0.7337095130512614,0.4850196925275299,0.9001096543627725,-0.43566341379892143,1424.8638743455497,950.1535776614311
795,273.0,63.11269837220809,0.7440797436201166,0.9285714285714286,22.982280510858974,15.354250483464396,-0.2669075882795179,949.6080586080586,27.36996336996337,0.8612693922468729,0.014093698954667028,0.4847412244043178,0.964591130200457,-0.26374978964656076,27.36996336996337,949.6080586080586
796,424.0,79.35533905932738,0.6525101632138258,0.9401330376940134,26.90403643061296,20.38733998973427,-0.8564139554324492,949.2004716981132,1804.5683962264152,0.8461033556154188,0.929231923906496,0.4845331657468674,0.6551509244694071,-0.7554980252567713,1804.5683962264152,949.2004716981132
797,407.0,83.25483399593904,0.8435918036851107,0.920814479638009,31.495533297002076,16.912628317864495,-1.0830514524113026,948.9262899262899,1848.7985257985258,0.7378793471657537,0.952007479813865,0.4843932056795763,0.4686349217210248,-0.8833919346153942,1848.7985257985258,948.9262899262899
798,226.0,57.35533905932738,0.7880419756465389,0.9576271186440678,21.767220529794756,13.400369189519607,0.5696484478726059,948.5619469026549,107.34955752212389,0.8633176109538729,0.055277836005213125,0.48420722149191164,0.842090631928297,0.5393360433149275,107.34955752212389,948.5619469026549
799,567.0,97.01219330881975,0.8503117471052138,0.9204545454545454,37.93489393931452,19.964350549771883,1.4152803766278985,950.7742504409171,899.36860670194,0.757077389496245,0.4631146275499176,0.4853365239616728,0.1548898434344816,0.9879317468331715,899.36860670194,950.7742504409171
800,357.0,71.698484809835,0.7290847906363676,0.946949602122016,25.927731178658476,17.745545503206827,-1.5501478082065812,949.7086834733893,535.7058823529412,0.8726862319709525,0.2758526685648513,0.4847925898281722,0.020647051331321706,-0.9997868269142787,535.7058823529412,949.7086834733893
801,474.0,80.42640687119285,0.6298298921608219,0.9693251533742331,28.012547225258743,21.758272614608295,-0.8327086892032306,953.6139240506329,1887.57805907173,0.9208541983890145,0.9719763434972862,0.4867860765955247,0.6728744599985793,-0.7397566904608706,1887.57805907173,953.6139240506329
802,189.0,53.698484809834994,0.8101892942108677,0.9356435643564357,20.56728390983438,12.05589039980229,0.5143606773138388,954.6825396825396,98.26455026455027,0.8236592974532845,0.05059966542973752,0.48733156696403246,0.8706074331204404,0.49197835053530337,98.26455026455027,954.6825396825396
803,351.0,72.8700576850888,0.5563621874753509,0.9335106382978723,23.513755082232322,19.538517281595,-0.8976995763736717,958.6296296296297,1924.1994301994303,0.8306513090956328,0.9908338981459476,0.4893464163499896,0.62341030564802,-0.7818948719692707,1924.1994301994303,958.6296296296297
804,191.0,52.698484809834994,0.6010026562886225,0.9095238095238095,17.597887341762494,14.065059105979664,-0.6491754738872134,958.0261780104712,39.60732984293194,0.8642650963335023,0.02039512350305455,0.4890383757072339,0.796582519881042,-0.6045298082145903,39.60732984293194,958.0261780104712
805,35.0,24.071067811865476,0.8214331752811522,0.5303030303030303,12.485092720904815,7.120308018690052,0.06538129803966584,959.0,91.34285714285714,0.7590793825598723,0.04703545681918493,0.4895354772843287,0.9978634042073812,0.06533472693489048,91.34285714285714,959.0
806,413.0,76.18376618407356,0.7266406753715703,0.9604651162790697,27.843112862192875,19.128711537385666,0.7331750513811305,962.2663438256659,59.57142857142857,0.8942007685905585,0.03067529792555539,0.4912028299263226,0.7430533045164275,0.6692322367065242,59.57142857142857,962.2663438256659
807,532.0,97.49747468305833,0.8830836820119374,0.918825561312608,38.36736196748928,18.002561956440317,-1.0098234915162356,965.828947368421,1850.6654135338347,0.7032905181842296,0.9529688020256615,0.4930214126434002,0.5320101860933507,-0.8467379534973724,1850.6654135338347,965.828947368421
808,414.0,91.84062043356596,0.9259120621073276,0.8922413793103449,39.26766263856043,14.832932873528987,0.382762497987403,967.6618357487922,1127.6328502415458,0.6167946346323745,0.5806554326681492,0.4939570371356775,0.9276364263284076,0.3734844850173308,1127.6328502415458,967.6618357487922
809,310.0,69.8700576850888,0.8153167195503623,0.9365558912386707,26.36414718629024,15.265242980171745,0.20367013282896948,965.9354838709677,1252.8129032258064,0.797975126441054,0.6451147802398591,0.4930757957483245,0.979330835965361,0.2022649592178223,1252.8129032258064,965.9354838709677
810,422.0,75.94112549695429,0.5626004459503533,0.965675057208238,25.60635416073825,21.169514001334427,0.051115439412302864,965.8957345971564,449.89336492890993,0.919534982871127,0.23166496649274457,0.4930555051542401,0.9986938903463174,0.05109318335098882,449.89336492890993,965.8957345971564
811,561.0,87.35533905932736,0.6577746252624341,0.9705882352941176,30.842430669719313,23.230975400359902,0.3356293930547659,970.1122994652407,615.6060606060606,0.9238337367280981,0.31699591174359454,0.49520791192712643,0.9442031975568906,0.32936351000580416,615.6060606060606,970.1122994652407
812,359.0,70.2842712474619,0.7209514270785207,0.9547872340425532,25.721136220292507,17.82437697892648,-1.4684746015094299,964.4568245125348,846.5181058495822,0.9132465080820089,0.43590015749206085,0.492320992604663,0.1021432718297607,-0.9947696979803474,846.5181058495822,964.4568245125348
813,163.0,53.834523779156065,0.7724178423968014,0.8489583333333334,18.968028027647904,12.046873349599602,-0.3274759533014822,964.3496932515337,1231.5092024539877,0.706766110970324,0.6341448004397465,0.49226630589664816,0.9468572288687048,-0.3216541436684397,1231.5092024539877,964.3496932515337
814,134.0,42.04163056034261,0.49038315325736076,0.9305555555555556,14.13939156330499,12.322578008915697,-0.6967478936032395,963.1044776119403,1828.9402985074628,0.9526986708165314,0.941781822094471,0.491630667489505,0.7669332034962113,-0.6417269367690894,1828.9402985074628,963.1044776119403
815,77.0,30.727922061357855,0.6602785969795163,0.9625,11.45472355002779,8.602735128324259,-1.0426131062534596,965.1948051948052,863.922077922078,1.0247884074778726,0.4448620380649217,0.49269770556141157,0.5039649776011678,-0.8637240886715238,863.922077922078,965.1948051948052
816,674.0,101.01219330881975,0.6999144718547459,0.9426573426573427,35.13865096515334,25.096961567482925,-0.1960561008322675,978.8501483679526,1815.3516320474778,0.8300842204752484,0.9347845685105447,0.4996682737968109,0.9808424854835761,-0.19480251197148554,1815.3516320474778,978.8501483679526
817,352.0,76.18376618407356,0.7584068725799026,0.9025641025641026,27.199449462691852,17.728095714020732,-0.9683717706005219,977.3948863636364,1090.8693181818182,0.7621275315832362,0.5617246746559311,0.49892541417235137,0.5666418843951807,-0.8239641829892114,1090.8693181818182,977.3948863636364
818,333.0,68.76955262170047,0.4783352911214709,0.9568965517241379,22.321798733242396,19.602496676222163,0.57535844386239,976.0360360360361,1929.6486486486488,0.8848337906255387,0.993639880869541,0.4982317692884309,0.8389973142714006,0.5441355590708779,1929.6486486486488,976.0360360360361
819,313.0,66.76955262170047,0.766973531965951,0.9513677811550152,25.0509783887486,16.074680168143747,0.6611577044044187,980.0319488817892,475.40894568690095,0.8822613800570136,0.24480378253702417,0.5002715410320516,0.7892818941708364,0.6140310183810723,475.40894568690095,980.0319488817892
820,578.0,87.59797974644665,0.38694161187618203,0.9697986577181208,28.286112650247134,26.082743787844173,-0.9018419487156016,982.280276816609,903.1072664359862,0.9465629946356242,0.4650397870422174,0.5014192326782078,0.6201660666003522,-0.7844705538370751,903.1072664359862,982.280276816609
821,795.0,109.15432893255071,0.7848888970950869,0.9659781287970839,40.64086390265447,25.182563553832946,-0.762877691185361,987.1874213836478,934.6666666666666,0.8384845500465703,0.4812907655338139,0.503924155887518,0.7228505090870733,-0.6910044439166502,934.6666666666666,987.1874213836478
822,171.0,55.79898987322333,0.9156999326849841,0.9395604395604396,23.79456157779454,9.562146868419145,0.04771024544166383,984.4152046783626,434.4970760233918,0.6901655865225613,0.22373690835396076,0.5025090376101902,0.9988620821149772,0.047692147287919436,434.4970760233918,984.4152046783626
823,452.0,82.52691193458118,0.8374840467539604,0.9617021276595744,32.566772709468765,17.79649641775258,-1.4639652578211364,980.5796460176991,985.0685840707964,0.8339828302810386,0.5072443790271867,0.5005511209891267,0.10662797658819576,-0.9942989865270442,985.0685840707964,980.5796460176991
824,450.0,77.35533905932738,0.6390914245830411,0.9698275862068966,27.31785269503992,21.011001249698122,0.04424927407450164,985.4244444444445,1113.1422222222222,0.9450217187872709,0.5731937292596407,0.5030242187056888,0.9990211606013967,0.04423483548786509,1113.1422222222222,985.4244444444445
825,87.0,32.14213562373095,0.6787115399094363,0.9886363636363636,12.335410266606996,9.059186486128276,1.3414136984086786,977.3563218390805,1058.471264367816,1.0582289981091215,0.545041845709483,0.4989057283507302,0.22737636613325007,0.9738069562926926,1058.471264367816,977.3563218390805
826,266.0,59.698484809834994,0.5666467280777268,0.953405017921147,20.338467291516505,16.75810083703111,-0.08284583655399007,984.5488721804511,826.0075187969925,0.9379180277412494,0.42533857816528964,0.5025772701278464,0.9965702460133232,-0.08275110126726047,826.0075187969925,984.5488721804511
827,594.0,98.76955262170047,0.8054040810788603,0.9354330708661417,36.421837416157906,21.588174769792307,0.4901567420630509,993.2272727272727,455.32323232323233,0.7651562600613557,0.23446098471845125,0.5070072857209151,0.8822590808991768,0.470764181061962,455.32323232323233,993.2272727272727
828,213.0,76.08326112068522,0.9732983813779057,0.891213389121339,35.50236285380993,8.149339907784634,0.9615856617027799,991.9671361502348,95.32394366197182,0.4623929766324941,0.04908544987743142,0.5063640307045608,0.5722203049125908,0.8200999467417015,95.32394366197182,991.9671361502348
829,192.0,55.11269837220809,0.8812470285983388,0.9504950495049505,22.886742310372917,10.81755559530317,-0.9694580738682027,992.1822916666666,1840.0625,0.7943423962385974,0.9475090113285273,0.5064738599625659,0.5657464752525853,-0.8245792416373795,1840.0625,992.1822916666666
830,825.0,110.22539674441617,0.781474856621037,0.9649122807017544,41.18611876542069,25.697532442974804,-0.9752783736863759,1002.4072727272727,1334.570909090909,0.8532974959594308,0.6872146802733826,0.5116933500394449,0.560937621383496,-0.8278580705148834,1334.570909090909,1002.4072727272727
831,662.0,105.7401153701776,0.8429973520486569,0.9284712482468443,40.241399392430445,21.646561472233106,-1.2834687434874084,999.3081570996978,1401.785498489426,0.7440263107557152,0.7218256943817847,0.5101113614597743,0.28339038011681156,-0.959004636306441,1401.785498489426,999.3081570996978
832,329.0,71.11269837220809,0.4908514566904956,0.90633608815427,22.429590329361062,19.541629777064923,-0.3633494260061945,997.9817629179331,1082.8358662613982,0.8175445833249421,0.5575879846866109,0.5094342842868469,0.9347116596591875,-0.35540696855459547,1082.8358662613982,997.9817629179331
833,317.0,83.35533905932738,0.9166373985697853,0.8107416879795396,33.81879193361057,13.518039099441385,1.147420810338926,997.5993690851735,1228.3501577287066,0.5733268504590469,0.6325181038767799,0.5092390858015179,0.4108402709185123,0.9117073388931359,1228.3501577287066,997.5993690851735
834,533.0,101.29646455628165,0.9415011289269966,0.9400352733686067,45.70532636162821,15.403144179925572,-0.7718055922630487,1007.1519699812383,953.3001876172608,0.6527524299984455,0.490885781471298,0.5141153496586208,0.7166525636402776,-0.6974303571166212,953.3001876172608,1007.1519699812383
835,379.0,74.76955262170048,0.7980360647616426,0.9546599496221663,28.46283736613349,17.151981621985495,-1.0689870377488193,999.532981530343,1004.3509234828496,0.8519213648834317,0.5171734930395724,0.5102261263554584,0.48101255354820216,-0.876713706593571,1004.3509234828496,999.532981530343
836,735.0,109.1543289325507,0.8542273516329378,0.9520725388601037,42.70127657957552,22.20037815904966,0.7786585871358589,1006.9210884353741,1884.6054421768708,0.7752026972128672,0.9704456447872661,0.5139974928205074,0.7118562861846417,0.7023251581848748,1884.6054421768708,1006.9210884353741
837,379.0,75.698484809835,0.7839829802797144,0.9427860696517413,28.253665079357106,17.5393757065648,1.2546337650926327,1000.1741424802111,1799.9630606860158,0.8311409887292506,0.9268604843903274,0.5105534162737168,0.3109216210692306,0.9504355557067937,1799.9630606860158,1000.1741424802111
838,497.0,93.59797974644665,0.7155529354866925,0.8780918727915195,31.24696215363655,21.82783142746463,0.5918234127029408,1009.7786720321932,1367.6519114688128,0.7129076959640165,0.704249182012777,0.5154561878673778,0.8299248225362431,0.5578752449591086,1367.6519114688128,1009.7786720321932
839,360.0,71.11269837220809,0.7478408098151628,0.96,26.40464789231737,17.52946730519006,0.14969205491836451,1009.3027777777778,1269.3416666666667,0.8945776595652861,0.6536259869550292,0.5152132607339346,0.9888170497905531,0.14913363820247588,1269.3416666666667,1009.3027777777778
840,464.0,84.76955262170046,0.7020424009111245,0.945010183299389,29.61802033784259,21.092033261528645,0.045371890967136536,1010.9310344827586,1102.3469827586207,0.8114243985981965,0.5676349035832239,0.5160444280157012,0.9989708723207882,0.045356325409400836,1102.3469827586207,1010.9310344827586
841,117.0,37.55634918610404,0.4417429805441592,0.975,12.95955515452667,11.626556687196537,-0.6267559204795615,1005.6153846153846,504.6923076923077,1.042387006296855,0.259882753703557,0.5133309773432285,0.8099344855456473,-0.5865203569560972,504.6923076923077,1005.6153846153846
842,851.0,111.05382386916237,0.7014944519150642,0.9659477866061293,39.204137782527425,27.93980554701685,-1.1828295294193025,1016.2397179788484,1026.310223266745,0.8671063967281717,0.5284810624442559,0.5187543226027812,0.37830710305835025,-0.9256801476620306,1026.310223266745,1016.2397179788484
843,327.0,70.76955262170047,0.8203008840148568,0.9369627507163324,27.423408161906135,15.684330599970396,1.0629684688031096,1011.6177370030581,554.348623853211,0.8204737980343235,0.2854524324681828,0.5163949652899735,0.486280371707437,0.8738028382261509,554.348623853211,1011.6177370030581
844,135.0,41.798989873223334,0.6233707174568016,0.9507042253521126,14.882029431697484,11.636652208296885,-0.13643991247792125,1009.925925925926,1206.0148148148148,0.9709839679958463,0.6210168974329634,0.5155313557559602,0.9907065057618483,-0.13601698217924435,1206.0148148148148,1009.925925925926
845,190.0,49.21320343559642,0.18670835817061762,0.9644670050761421,15.753105697742425,15.476093401434932,0.12995137133808246,1010.8105263157895,1929.7,0.9858258320695498,0.9936663233779609,0.515982912871766,0.9915681964772836,0.12958592413833814,1929.7,1010.8105263157895
846,175.0,47.11269837220809,0.37730154883822115,0.9615384615384616,15.576491551257853,14.425240235488346,-0.8866471232144247,1011.2285714285714,587.7257142857143,0.9907679618878851,0.3026393997351773,0.5161963100707357,0.6320139096617897,-0.7749570426765725,587.7257142857143,1011.2285714285714
847,367.0,78.42640687119285,0.8803077367998356,0.9267676767676768,31.74285755052016,15.058909597956822,-0.5823187250453441,1019.1662125340599,1812.8801089918256,0.7498101101779079,0.9335118995838443,0.5202481942491373,0.8351896856123772,-0.5499619887289472,1812.8801089918256,1019.1662125340599
848,609.0,91.49747468305833,0.5596276518401728,0.9666666666666667,30.641341141203377,25.39383268361775,-0.9210614842620638,1020.2266009852217,1411.6617405582922,0.9141320611433271,0.726911297918791,0.5207894849337528,0.6049752968999682,-0.7962442402559627,1411.6617405582922,1020.2266009852217
849,285.0,63.11269837220809,0.682917765798627,0.9437086092715232,22.373889364002153,16.344020132366282,-0.6270338940320419,1017.9438596491228,404.82105263157894,0.8991273875104717,0.20845574285869153,0.5196242264671377,0.8097714171089883,-0.5867454746594138,404.82105263157894,1017.9438596491228
850,489.0,89.35533905932738,0.8896243435978947,0.9569471624266145,37.176919117574904,16.978439985515145,-0.23235104231860504,1025.7546012269938,916.2903885480573,0.7696224168903707,0.471828212434633,0.5236113329387411,0.9731277197730512,-0.2302660222640368,916.2903885480573,1025.7546012269938
851,151.0,43.79898987322333,0.7059673915864733,0.9805194805194806,16.544511086879954,11.717556298844952,1.2406464868295544,1014.8874172185431,1776.7549668874171,0.9891419528718288,0.9149098696639635,0.5180640210406039,0.324184779708595,0.945993778312146,1776.7549668874171,1014.8874172185431
852,1045.0,141.53910524340094,0.667736125606988,0.9231448763250883,43.20470237902479,32.161496483721095,0.972279908508144,1028.3119617224881,1475.245933014354,0.6555008554632018,0.759652900625311,0.5249167747434855,0.5634173996255585,0.8261723995626904,1475.245933014354,1028.3119617224881
853,406.0,81.94112549695429,0.7932032560727227,0.9290617848970252,29.743070228580684,18.112250004117687,0.9644092614055927,1022.115763546798,1236.9778325123152,0.7598573134992178,0.6369607788425928,0.5217538353990802,0.5699023929504055,0.8217123964681327,1236.9778325123152,1022.115763546798
854,585.0,96.5685424949238,0.8210231726998081,0.9390048154093098,36.5030571496858,20.8394079796774,-0.789042525120309,1027.5965811965812,968.1794871794872,0.7883051735119965,0.4985476247062241,0.5245515983647683,0.7045251383344223,-0.7096790327006026,968.1794871794872,1027.5965811965812
855,439.0,79.35533905932738,0.7737656730664442,0.9627192982456141,29.896440645273707,18.938555886932022,-0.26895241512304774,1027.357630979499,310.3644646924829,0.8760362573470963,0.15981692311662354,0.5244296227562526,0.9640497912966028,-0.2657216586975486,310.3644646924829,1027.357630979499
856,429.0,80.32590180780451,0.786083893735581,0.9575892857142857,30.060077919136084,18.580729955788474,-0.9314630944956718,1026.3426573426573,1872.6083916083917,0.8355182416625805,0.9642679668426322,0.5239115147231532,0.5966604971074128,-0.8024937701886135,1872.6083916083917,1026.3426573426573
857,331.0,69.698484809835,0.7933655788302257,0.9511494252873564,26.58243547028525,16.181937416062414,-0.33716771567949094,1028.5649546827794,991.0936555891238,0.8562314659597738,0.5103468875330195,0.525045918674211,0.9436954132192887,-0.3308156088652344,991.0936555891238,1028.5649546827794
858,467.0,79.94112549695427,0.5685487154212912,0.9648760330578512,27.01539074367958,22.22420028753684,-1.1563168948932678,1027.3276231263383,1122.9229122055674,0.9183034749363793,0.5782301298689843,0.5244143048118113,0.40271349541394486,-0.9153260843062884,1122.9229122055674,1027.3276231263383
859,487.0,98.42640687119285,0.8222755756936334,0.849912739965096,34.9931656389324,19.914243708960967,0.03308727295100504,1032.6919917864477,1925.3613963039015,0.6317068160761455,0.9914322329062315,0.5271526246995649,0.9994526661206842,0.03308123613555404,1925.3613963039015,1032.6919917864477
860,379.0,85.94112549695429,0.9302378919250824,0.9045346062052506,37.34278110981374,13.703196178272659,-1.2705794163298354,1027.67018469657,238.45646437994722,0.6448326217069528,0.12278911657051865,0.5245891703402603,0.2957274221897258,-0.9552723652262843,238.45646437994722,1027.67018469657
861,707.0,128.5685424949238,0.922893526130898,0.8477218225419664,50.639655811340454,19.499064925468048,-0.2643616730950009,1040.997171145686,1168.0,0.5374769408499632,0.6014418125643667,0.5313921241172466,0.9652594879836195,-0.2612931703232993,1168.0,1040.997171145686
862,719.0,112.66904755831214,0.8664089075066075,0.9638069705093834,44.0759006463281,22.00864703294272,-1.2470592358802521,1028.7454798331016,201.68984700973576,0.7117533309852219,0.10385676982993602,0.5251380703589085,0.31811173482396315,-0.9480532285516929,201.68984700973576,1028.7454798331016
863,551.0,94.18376618407358,0.8315637206298044,0.9418803418803419,36.377615042511884,20.205195591446895,-0.3501050369449443,1037.765880217786,1042.2776769509983,0.7805655090925492,0.5367032322095768,0.5297426647359805,0.9393366907273851,-0.3429964744036369,1042.2776769509983,1037.765880217786
864,277.0,60.8700576850888,0.708328010427789,0.9651567944250871,22.36178410671978,15.784813070419682,1.3068372969808528,1027.4151624548736,276.3826714801444,0.9394684642583881,0.14231857439760268,0.5244589905333709,0.26090449390594944,0.9653646176754566,276.3826714801444,1027.4151624548736
865,313.0,72.52691193458118,0.8598078268897797,0.9343283582089552,28.360486405318213,14.481368151645384,-1.1446579532485543,1029.0127795527158,580.2939297124601,0.7477489791870557,0.29881252817325443,0.5252745173827033,0.413357616750664,-0.9105687676799656,580.2939297124601,1029.0127795527158
866,257.0,68.76955262170047,0.9302404874021373,0.9448529411764706,30.22452921364089,11.09090471305288,0.47171153563332097,1034.603112840467,1091.9688715953307,0.682889742314605,0.5622908710583577,0.5281281841962567,0.8907918516991523,0.4544115721968306,1091.9688715953307,1034.603112840467
867,442.0,83.59797974644665,0.7895976235051311,0.9424307036247335,30.746493180208475,18.866815683422388,-0.7533884219836303,1034.2013574660634,1784.789592760181,0.7947683589891931,0.919047164140155,0.5279231023308134,0.7293749931306229,-0.6841141128464635,1784.789592760181,1034.2013574660634
868,312.0,65.94112549695427,0.7454289374680142,0.9629629629629629,24.481720435735184,16.319150131730407,-0.5161832709135955,1033.378205128205,1753.7179487179487,0.9016785679793786,0.9030473474345772,0.5275029122655462,0.8697093110118412,-0.4935642960540283,1753.7179487179487,1033.378205128205
869,369.0,80.42640687119285,0.8923938826523902,0.9133663366336634,32.69340361799085,14.753137312575413,-0.8692185802883957,1034.3631436314363,1365.379403794038,0.7168675088724608,0.7030789926848805,0.5280056884285025,0.6454236120058191,-0.7638248235461857,1365.379403794038,1034.3631436314363
870,638.0,97.7401153701776,0.8165548806576537,0.9652042360060514,37.6105648517002,21.711368483377104,0.5071476056446775,1041.9184952978057,1074.039184952978,0.8392374356796122,0.5530582826740361,0.5318624274108248,0.8741334293916688,0.4856858528101888,1074.039184952978,1041.9184952978057
871,576.0,100.08326112068524,0.8500955050263512,0.9085173501577287,38.5555989230628,20.304479252565645,1.247006428603604,1040.2899305555557,134.28125,0.7226191248742665,0.06914585478887744,0.5310311028869605,0.31816179848951265,0.9480364286154402,134.28125,1040.2899305555557
872,556.0,89.01219330881976,0.6847543326696883,0.9619377162629758,31.39450718706724,22.879499736712166,0.9682053996639441,1041.9010791366907,824.1456834532374,0.8818315863263351,0.4243798575969297,0.5318535370784536,0.5667789602452566,0.8238698988452641,824.1456834532374,1041.9010791366907
873,550.0,88.08326112068524,0.7219317406224385,0.9666080843585237,31.994399246891515,22.138981371538986,-0.7487933060130524,1041.570909090909,1432.6818181818182,0.8908114346269663,0.7377352307836346,0.5316849969836187,0.7325108653573827,-0.6807553394086441,1432.6818181818182,1041.570909090909
874,506.0,88.42640687119285,0.8394430405915531,0.9583333333333334,34.526731798664024,18.763472316362307,-0.3910993164237807,1047.3399209486165,323.20553359683794,0.8131982295751071,0.16642921400455093,0.5346298728681044,0.9244905536979477,-0.38120495291019246,323.20553359683794,1047.3399209486165
875,531.0,86.18376618407355,0.7292240296532028,0.9672131147540983,31.46999539263855,21.534131992989256,1.1268433458662794,1046.0866290018832,1235.0376647834275,0.8983662913737086,0.635961722339561,0.5339901117926918,0.42951259394839897,0.9030608681809426,1235.0376647834275,1046.0866290018832
876,116.0,49.213203435596434,0.9204923851478559,0.8592592592592593,20.502268103101677,8.011476548863298,-0.010410396641783044,1043.844827586207,1274.2844827586207,0.6018726132635143,0.6561712063638624,0.5328457517030153,0.9999458123102717,-0.01041020860265602,1274.2844827586207,1043.844827586207
877,140.0,47.79898987322333,0.8200077506309649,0.9090909090909091,18.38797819011573,10.524403755384848,1.3345735427543213,1040.7785714285715,544.2142857142857,0.7700172635037817,0.2802339267323819,0.5312805367169839,0.23403198615839788,0.9722288976649252,544.2142857142857,1040.7785714285715
878,276.0,61.698484809834994,0.6696655507180187,0.9484536082474226,21.86094201476431,16.235308638065938,1.168412312665264,1045.7898550724638,1113.1920289855072,0.9111081857994967,0.5732193764086031,0.5338386192304563,0.39161305601900565,0.9201299986172906,1113.1920289855072,1045.7898550724638
879,192.0,54.62741699796952,0.7780009713456505,0.9186602870813397,20.436283126206177,12.839362032523553,-1.155236513313414,1044.953125,1334.84375,0.8085181266789708,0.68735517507724,0.5334114982133742,0.40370216163413314,-0.9148904659531261,1334.84375,1044.953125
880,254.0,57.698484809834994,0.6430976077664775,0.9731800766283525,20.574808255809106,15.755863428470803,1.4757808891306237,1044.208661417323,1883.5944881889764,0.9587707222051789,0.9699250711580722,0.5330314759659637,0.09487253667744258,0.9954894282634986,1883.5944881889764,1044.208661417323
881,211.0,53.79898987322333,0.6961047617969859,0.9590909090909091,19.43406679292833,13.952498203831889,-0.8260821256221551,1047.436018957346,968.6492890995261,0.9161025170840963,0.498789541245894,0.5346789274922644,0.6777616955094451,-0.7352816359057,968.6492890995261,1047.436018957346
882,896.0,110.32590180780451,0.3670847941899562,0.9749727965179543,35.208977665077036,32.750950319803835,-1.459167694950129,1056.6796875,943.1651785714286,0.9250450883419503,0.48566693026335145,0.5393974923430321,0.11139694308474585,-0.993775991394124,943.1651785714286,1056.6796875
883,31.0,20.31370849898476,0.4858894039408997,0.8857142857142857,6.858812332563605,5.99474122167698,0.04804435775868341,1043.3548387096773,1257.4516129032259,0.9440459333079647,0.647503405202485,0.5325956297650216,0.9988460918294334,0.04802587674438675,1257.4516129032259,1043.3548387096773
884,464.0,79.84062043356595,0.5003202398689458,0.9586776859504132,26.26485730315931,22.741175452809728,-1.4182346437703754,1052.8556034482758,1450.728448275862,0.9147028626919869,0.7470280372172308,0.5374454331027442,0.15197055746614888,-0.9883850209626954,1450.728448275862,1052.8556034482758
885,943.0,129.22539674441617,0.7692302368937265,0.935515873015873,44.56411071766871,28.475205906734512,0.5629956897880206,1062.8006362672322,54.387062566277834,0.709619936540635,0.028005696481090542,0.5425220195340644,0.8456600426273366,0.533721924136091,54.387062566277834,1062.8006362672322
886,159.0,48.04163056034261,0.767985688002856,0.9298245614035088,18.007439593017164,11.533170883180267,1.3393291767260747,1051.2264150943397,269.7672955974843,0.8657081577318,0.13891209865987864,0.5366137902472382,0.22940579237703523,0.9733308699634798,269.7672955974843,1051.2264150943397
887,366.0,72.18376618407356,0.6116580266408392,0.9581151832460733,24.598719502656422,19.4605950041283,-1.0606444773749277,1055.860655737705,985.7896174863388,0.8826974545473897,0.5076156629692785,0.5389794056854033,0.48830976700140966,-0.872670368152276,985.7896174863388,1055.860655737705
888,523.0,83.25483399593904,0.6168359692421402,0.9739292364990689,29.11709081134189,22.917821298153218,-0.8238625765447519,1057.4474187380497,1138.8527724665391,0.9481840259648382,0.5864329415378677,0.5397893919030371,0.6793920183847948,-0.7337755006505973,1138.8527724665391,1057.4474187380497
889,302.0,66.42640687119285,0.3887275725937837,0.949685534591195,20.743710257145477,19.112274314705424,-1.4939900280435896,1054.7549668874171,1897.5960264900662,0.860072941022558,0.9771349261019908,0.538414990754169,0.07673080497312403,-0.9970518459780195,1897.5960264900662,1054.7549668874171
890,453.0,78.5269119345812,0.7428557528296553,0.982646420824295,29.458535197163034,19.72106100756672,-1.4426977302296315,1054.5386313465783,1395.4216335540839,0.9231473506882765,0.7185487299454603,0.5383045591355683,0.12774855022990997,-0.9918065879566218,1395.4216335540839,1054.5386313465783
891,148.0,43.21320343559643,0.5845440095095804,0.961038961038961,15.273248792739414,12.392133742529245,0.3800096087990042,1052.4324324324325,1870.7972972972973,0.9959525664881796,0.9633353745094219,0.5372294193121147,0.9286610714334018,0.3709293927476847,1870.7972972972973,1052.4324324324325
892,560.0,94.18376618407356,0.695720401483501,0.9195402298850575,32.58654149110333,23.407326329452903,0.05439858046658101,1062.7125,134.80535714285713,0.7933152179525003,0.06941573488303662,0.5424770290964779,0.9985207620563518,0.05437175500572502,134.80535714285713,1062.7125
893,314.0,65.35533905932738,0.6721551110481659,0.9661538461538461,23.435504975983136,17.35189076303718,0.6598738435433928,1059.8089171974523,298.60828025477707,0.923798745008291,0.1537632751054465,0.5409948530870098,0.7900695738601495,0.6130171844740095,298.60828025477707,1059.8089171974523
894,503.0,83.59797974644665,0.0976861467503142,0.9562737642585551,25.57720710677563,25.45487825964466,1.5221866952521692,1061.6500994035785,1752.5029821073558,0.9044535850035386,0.9024217209615633,0.5419347112830927,0.04859049055136252,0.9988187844789354,1752.5029821073558,1061.6500994035785
895,370.0,78.52691193458118,0.8332877486867784,0.9226932668329177,30.219969246336266,16.706793101639654,-1.4513146533308827,1057.172972972973,214.4918918918919,0.7540055623723232,0.11044896595874969,0.5396492970765558,0.1191975921697584,-0.9928705524996357,214.4918918918919,1057.172972972973
896,272.0,62.52691193458119,0.5655246116384882,0.9251700680272109,21.01729855131152,17.333626459622256,-0.8199910030046557,1061.8235294117646,1036.8345588235295,0.8742684523495222,0.5339003907433211,0.542023241149446,0.682227785375628,-0.7311396917562786,1036.8345588235295,1061.8235294117646
897,728.0,117.39696961967,0.8358642599263622,0.8646080760095012,43.37330503215792,23.809176744347663,1.1479792225714514,1067.9656593406594,890.1318681318681,0.6637850551217281,0.45835832550559635,0.5451585805720569,0.41033109835947784,0.9119366149678959,890.1318681318681,1067.9656593406594
898,573.0,100.18376618407356,0.9067224090301691,0.9317073170731708,42.13197564380308,17.76823217483432,-0.1812680297385947,1076.2460732984293,75.12565445026178,0.717413885253455,0.038684683033090514,0.5493854381308981,0.9836158870650212,-0.1802769722213336,75.12565445026178,1076.2460732984293
899,265.0,66.5269119345812,0.7194124058773316,0.8952702702702703,22.891520469893,15.900065022551354,0.5010137311907161,1068.4264150943395,1889.633962264151,0.7524211739071703,0.9730349960165556,0.5453937800379477,0.877096102427277,0.48031492492621936,1889.633962264151,1068.4264150943395
900,108.0,40.970562748477136,0.8867963307475766,0.9152542372881356,17.41972305328084,8.050706785641104,-0.21822294250806373,1067.5462962962963,1172.9907407407406,0.8085181266789709,0.6040117099591867,0.5449445106157714,0.9762837148040173,-0.2164950535427269,1172.9907407407406,1067.5462962962963
901,86.0,32.14213562373095,0.2800748354921087,0.9555555555555556,10.696757594162627,10.268653778214047,0.3869894270460868,1064.6976744186047,915.8023255813954,1.0460654464067178,0.47157689267837044,0.5434903902085783,0.9260494516119117,0.3774021902020148,915.8023255813954,1064.6976744186047
902,330.0,76.76955262170047,0.915281058904859,0.9116022099447514,32.97245804832111,13.281827659345302,-1.1583509148157605,1069.5727272727272,1285.060606060606,0.7036323275969295,0.6617201884967076,0.5459789317369715,0.40085087214635856,-0.9161433175543572,1285.060606060606,1069.5727272727272
903,539.0,84.42640687119285,0.47427389428621863,0.9729241877256317,27.975785261659976,24.62924761029734,-0.2140223998776796,1075.5417439703153,1455.526901669759,0.9502590544220552,0.7494989195003908,0.5490259029965877,0.9771844957965351,-0.21239223426215834,1455.526901669759,1075.5417439703153
904,505.0,89.84062043356595,0.750907569630689,0.9369202226345084,31.67583954379922,20.918956147468034,-0.6440334355114308,1074.8059405940594,1539.2871287128712,0.7862411267724415,0.7926298294093055,0.5486503014773146,0.7996804906355055,-0.6004257763428859,1539.2871287128712,1074.8059405940594
905,306.0,66.76955262170047,0.6070383601959976,0.9473684210526315,22.65347848158419,18.00209704848261,0.7902139611821589,1073.9771241830065,1873.0326797385621,0.8625302948800198,0.9644864468272719,0.5482272201036276,0.7036933115166751,0.710503851732484,1873.0326797385621,1073.9771241830065
906,149.0,48.62741699796952,0.8864820594829013,0.9371069182389937,20.305650115473327,9.396702775570143,1.1672963543445718,1069.8255033557048,1212.6778523489934,0.7918332420612929,0.6244479157306866,0.5461079649595226,0.3926396386837777,0.9196924019117872,1212.6778523489934,1069.8255033557048
907,498.0,81.84062043356595,0.46377908976126464,0.9783889980353635,27.056135321327847,23.97040680765814,1.4757614277547078,1077.9357429718875,1364.4357429718875,0.9343323383992281,0.702593070531353,0.5502479545543071,0.09489191025345885,0.9954875817248799,1364.4357429718875,1077.9357429718875
908,585.0,96.66904755831213,0.8551734532594889,0.9375,38.357698346602,19.88240370377099,-0.461354735609861,1082.145299145299,99.97948717948718,0.786666852309318,0.05148274314082759,0.5523967836372123,0.8954502431337683,-0.4451616134300837,99.97948717948718,1082.145299145299
909,451.0,79.59797974644667,0.7810930909705974,0.9698924731182795,30.34374126312304,18.94707483357729,-1.0621304675248147,1076.4323725055433,1051.2062084257207,0.8945040588819856,0.541300828231576,0.5494805372667398,0.4870124487728976,-0.8733950278884268,1051.2062084257207,1076.4323725055433
910,551.0,93.59797974644665,0.6765930661430006,0.9307432432432432,31.77470693838263,23.397532006559977,-0.07321268633107139,1079.9582577132487,171.73321234119783,0.7903664798313341,0.08843110831163636,0.5512803765764414,0.9973211481764171,-0.07314729933547094,171.73321234119783,1079.9582577132487
911,333.0,66.2842712474619,0.5358577118318629,0.9624277456647399,22.480639888617002,18.98059094340968,-0.09243020850138388,1078.0870870870872,1076.1921921921921,0.952430130030106,0.554166937277133,0.5503252103558383,0.9957313686088111,-0.0922986542070037,1076.1921921921921,1078.0870870870872
912,543.0,110.9177848998413,0.8703332645472358,0.7746077032810271,41.77458894377297,20.572447973384786,1.5514397989279407,1078.9576427255986,1722.3977900552486,0.5546350585430723,0.8869195623353494,0.5507695981243484,0.0193553191545349,0.9998126682636234,1722.3977900552486,1078.9576427255986
913,256.0,62.284271247461895,0.8503916250356202,0.9481481481481482,24.99271677040985,13.149924141167102,1.1136170802392498,1076.0625,992.51953125,0.8292644627800126,0.5110811180484037,0.549291730474732,0.4414188009799179,0.8973011992310339,992.51953125,1076.0625
914,542.0,86.66904755831214,0.5800801555978212,0.9626998223801065,29.2925255470655,23.860501979319924,-0.38224917192082536,1082.1162361623617,1148.2693726937268,0.9067365091424953,0.591281860295431,0.5523819480154986,0.9278280234238199,-0.37300825587304043,1148.2693726937268,1082.1162361623617
915,112.0,37.79898987322333,0.5402032658968408,0.9411764705882353,13.064199733812671,10.993975697698238,-0.054502800799143006,1076.8035714285713,1122.9107142857142,0.9850709199906934,0.5782238487568044,0.5496700211478159,0.9985150899910681,-0.05447582087613852,1122.9107142857142,1076.8035714285713
916,205.0,56.04163056034261,0.8172348468851858,0.9276018099547512,21.76114248202456,12.541050536109195,1.2878348195569604,1077.3560975609755,1232.1317073170733,0.8202423704193126,0.6344653487729522,0.5499520661362816,0.27920060514913286,0.9602327957762941,1232.1317073170733,1077.3560975609755
917,719.0,99.74011537017762,0.6723699031157385,0.9742547425474255,35.293912780802245,26.12509478625853,1.0726935638717892,1084.0834492350486,1427.164116828929,0.9082366478405174,0.7348939839489851,0.5533861404977277,0.47775969458070494,0.8784905658196629,1427.164116828929,1084.0834492350486
918,425.0,74.52691193458118,0.393525408266864,0.9703196347031964,24.312775914226336,22.35106896204295,1.0141255834071963,1081.9435294117648,1663.4070588235295,0.9615514815228755,0.8565432846671109,0.5522937873464854,0.5283625296332373,0.8490188674461636,1663.4070588235295,1081.9435294117648
919,288.0,65.21320343559643,0.6945415546647202,0.9381107491856677,22.993018753123344,16.54238688724092,0.7380514649389295,1079.3819444444443,1687.263888888889,0.8510033761707864,0.8688279551436091,0.5509861890987465,0.7397810296310707,0.6728477005964967,1687.263888888889,1079.3819444444443
920,536.0,90.91168824543142,0.8178277568593509,0.9537366548042705,34.55237394224378,19.883615640213172,0.8233816721453437,1085.1958955223881,1109.2910447761194,0.8149579640610476,0.5712106306777134,0.5539540048608413,0.6797448156764652,0.73344869320285,1109.2910447761194,1085.1958955223881
921,379.0,73.01219330881976,0.6994358806196806,0.9668367346938775,26.242714410187038,18.755546062970296,1.337240368703029,1082.4564643799472,1808.4459102902374,0.8934253769051281,0.9312285840835414,0.5525556224502027,0.23143839176665063,0.972849562273873,1808.4459102902374,1082.4564643799472
922,795.0,140.71067811865476,0.9519297216435065,0.8315899581589958,62.267216317536345,19.073476466350538,-1.1346297758665167,1093.017610062893,1744.6100628930817,0.5045716908638074,0.8983573959284664,0.5579467126405784,0.42246802448021314,-0.9063778286629622,1744.6100628930817,1093.017610062893
923,143.0,54.04163056034261,0.9304443593588358,0.8562874251497006,23.651542066653036,8.666710375932102,-0.5110332399630594,1085.7832167832169,679.8251748251748,0.6153029723790696,0.3500644566555998,0.554253811527931,0.8722396376306114,-0.4890787406400115,679.8251748251748,1085.7832167832169
924,528.0,95.66904755831213,0.757022823373821,0.8918918918918919,33.47041002494222,21.86917877120222,-1.2581017881760286,1092.1969696969697,1826.157196969697,0.7249380343615668,0.9403487111069501,0.5575278048478661,0.30762362547603816,-0.9515081213783613,1826.157196969697,1092.1969696969697
925,371.0,69.4558441227157,0.4759964482723781,0.9763157894736842,23.315362631028094,20.504630431149234,-1.243029651499652,1088.9865229110512,318.9083557951482,0.9664206162260027,0.16421645509533894,0.5558889856615882,0.3219294022929593,-0.9467636769222285,318.9083557951482,1088.9865229110512
926,231.0,54.8700576850888,0.35610012974354516,0.9545454545454546,17.809675785759527,16.642212420295213,-0.5754685173321958,1090.7316017316018,700.6753246753246,0.964164218962457,0.3608008880923402,0.5567797864888218,0.8389374142997733,-0.5442279071198118,700.6753246753246,1090.7316017316018
927,289.0,72.18376618407358,0.8765806439688208,0.903125,28.843963180956774,13.881301488490784,0.23706633998305046,1094.5743944636679,1395.1626297577855,0.6969933452573647,0.7184153603284168,0.5587413958466911,0.9720311327031644,0.23485203225819262,1395.1626297577855,1094.5743944636679
928,658.0,95.84062043356595,0.6949736149374631,0.9719350073855244,34.29673328642082,24.66055980638586,-0.007987048056610963,1099.5091185410333,1486.1003039513678,0.900194851273523,0.7652421750521976,0.5612603974175769,0.9999681037012345,-0.007986963137340031,1486.1003039513678,1099.5091185410333
929,317.0,65.94112549695429,0.614819416289973,0.9491017964071856,22.711761276830195,17.912037487083925,0.865119608693106,1092.9621451104101,1893.3375394321768,0.9161285450303299,0.9749420903358273,0.5579183997500817,0.6485490774371855,0.7611728411835091,1893.3375394321768,1092.9621451104101
930,155.0,47.21320343559642,0.8442296542246533,0.9117647058823529,19.415408307888573,10.406301888244068,-0.7361888491588521,1090.8258064516128,658.6645161290322,0.873805200695445,0.3391681339490382,0.5568278746562597,0.7410330023764496,-0.6714686064060961,658.6645161290322,1090.8258064516128
931,507.0,87.25483399593905,0.8275534913080399,0.9620493358633776,33.99519933848551,19.084458588460514,-0.4565258455794257,1100.7435897435898,44.06508875739645,0.8368330619571461,0.022690570935837515,0.5618905511707962,0.8975894311423277,-0.44083240931400736,44.06508875739645,1100.7435897435898
932,202.0,50.62741699796952,0.5097502531186372,0.9711538461538461,17.307592120505447,14.890109669163976,0.4573040146166383,1094.1683168316831,1629.079207920792,0.9903522505093063,0.8388667394030854,0.5585341076220945,0.8972461172791185,0.4415307520745823,1629.079207920792,1094.1683168316831
933,195.0,52.87005768508881,0.7849662879192623,0.9285714285714286,20.104149666468917,12.455294303820862,0.6054783106372514,1095.748717948718,995.6205128205128,0.8766473147877003,0.5126779159734876,0.559340846324001,0.8222299586051619,0.5691554226853627,995.6205128205128,1095.748717948718
934,204.0,56.04163056034261,0.8477204721936038,0.9532710280373832,22.35813895205417,11.859723037266463,-1.5255273788388708,1092.764705882353,1606.436274509804,0.8162411881245842,0.8272071444437714,0.5578176140287662,0.0452534880996474,-0.9989755361443118,1606.436274509804,1092.764705882353
935,122.0,43.798989873223334,0.8775519141002016,0.9242424242424242,18.19588648294971,8.7245933965045,0.7089157924408999,1093.9426229508197,1925.532786885246,0.7991742930487621,0.991520487582516,0.5584188989029197,0.7590681532244311,0.6510111663869151,1925.532786885246,1093.9426229508197
936,290.0,64.04163056034261,0.6954618662072931,0.9477124183006536,22.75573164685651,16.35142692100586,1.53587408872765,1097.6,967.8827586206896,0.8885525141628807,0.4983948293618381,0.5602858601327207,0.03491514019018346,0.999390280613885,967.8827586206896,1097.6
937,106.0,36.384776310850235,0.7784782958180281,0.9814814814814815,14.683727352459348,9.216557535843313,-0.6002002342348499,1097.8396226415093,665.9716981132076,1.0061814600558847,0.3429308435186445,0.5604081789900507,0.8252225376114104,-0.5648077225199601,665.9716981132076,1097.8396226415093
938,490.0,82.18376618407356,0.5836594270449172,0.9702970297029703,27.979140772872327,22.719022220553942,0.4050342853229597,1107.3285714285714,1052.926530612245,0.9116620254817883,0.5421866789970365,0.5652519507037118,0.9190888875651311,0.3940502718617129,1052.926530612245,1107.3285714285714
939,334.0,66.87005768508881,0.3997248700931296,0.9709302325581395,21.822580898459243,20.003345072516172,-0.9941613386389759,1106.6167664670659,1912.7814371257484,0.938626767513751,0.9849543960482742,0.5648885995237702,0.5452061326616549,-0.8383020177168382,1912.7814371257484,1106.6167664670659
940,151.0,45.55634918610404,0.7948849406519748,0.949685534591195,17.848654443923493,10.829853005114785,-0.12764707414491655,1108.0397350993378,77.47682119205298,0.9143005585080362,0.03989537651496034,0.5656149745274823,0.991864168188217,-0.12730071431180695,77.47682119205298,1108.0397350993378
941,149.0,52.04163056034261,0.9205792370326072,0.9030303030303031,22.376552616049295,8.739293423192153,-1.1501282245075612,1107.2281879194632,695.9127516778524,0.6913442287036974,0.3583484818114585,0.5652007084836463,0.4083703988196403,-0.9128163108577146,695.9127516778524,1107.2281879194632
942,274.0,63.941125496954285,0.8236506698027346,0.9681978798586572,25.01014987969052,14.183193463178423,0.8496689811530792,1110.2591240875913,1024.8102189781023,0.8421702075956841,0.5277086606478385,0.5667478938680915,0.6602317976955406,0.7510618971241416,1024.8102189781023,1110.2591240875913
943,340.0,74.52691193458118,0.8439348690110381,0.9164420485175202,28.831837860551786,15.466714041124288,1.416112397026812,1111.5529411764705,967.9882352941177,0.7692411852183005,0.49844914278790814,0.5674083415908476,0.15406781055136,0.9880602763758445,967.9882352941177,1111.5529411764705
944,196.0,52.04163056034261,0.7343451578118455,0.9655172413793104,19.446350392613294,13.1997206758481,-0.9999119990661473,1110.969387755102,1582.357142857143,0.9094192538652663,0.8148080035309696,0.5671104582721296,0.5403763540084223,-0.8414234344422339,1582.357142857143,1110.969387755102
945,763.0,101.15432893255071,0.5138421339660494,0.9707379134860051,33.67383339032358,28.88826847478646,0.30624183106841535,1121.4456094364352,748.8204456094364,0.9370558049638833,0.3855924024765378,0.572458197772555,0.9534733037841919,0.3014774601373343,748.8204456094364,1121.4456094364352
946,165.0,54.76955262170048,0.9279299156363563,0.9217877094972067,24.091297455587725,8.980144526777908,0.7574528238347574,1114.8,1015.1454545454545,0.6912186083610019,0.5227319539368973,0.5690658499234303,0.7265884617227415,0.6870729272001482,1015.1454545454545,1114.8
947,370.0,70.52691193458118,0.7234775502141422,0.9762532981530343,26.217700645391783,18.09933479798076,-1.4834958494054522,1114.9702702702702,158.2135135135135,0.9347637265674311,0.08146936844156205,0.5691527668556765,0.08718962805041545,-0.9961917329311814,158.2135135135135,1114.9702702702702
948,581.0,96.76955262170047,0.8756952791685143,0.9683333333333334,39.232501050443844,18.943967893748137,-1.3256996871919673,1116.368330464716,1857.9449225473322,0.7796658818092188,0.9567172618678332,0.5698664269855621,0.24265007734165583,-0.9701138798955968,1857.9449225473322,1116.368330464716
949,458.0,98.9116882454314,0.8427895198237857,0.8149466192170819,36.23941611648713,19.505622088434194,-0.008885154024209396,1122.1048034934497,659.6091703056769,0.5882746212742954,0.33965456761363383,0.5727946929522459,0.9999605272786684,-0.008885037116832155,659.6091703056769,1122.1048034934497
950,327.0,72.35533905932738,0.7150984957471925,0.9083333333333333,25.00539336614567,17.47936273775264,1.0963306576679985,1117.6880733944954,1187.663608562691,0.784903834444442,0.6115672546666792,0.5705401089303193,0.4568632053579486,0.889536964712575,1187.663608562691,1117.6880733944954
951,329.0,71.59797974644665,0.868183489846306,0.9619883040935673,29.17629717164127,14.478542435996943,-0.7240854069415295,1120.948328267477,701.8115501519757,0.8064997287563411,0.36138596815240764,0.5722043533779873,0.7491056079017472,-0.6624505930332871,701.8115501519757,1120.948328267477
952,203.0,51.45584412271572,0.7214424784798252,0.9712918660287081,19.38684228493682,13.424891357487885,0.9765963471759722,1120.2758620689656,1005.743842364532,0.9634662093931345,0.5178907530198414,0.5718610832409217,0.5598460395198585,0.8285966521981181,1005.743842364532,1120.2758620689656
953,526.0,91.01219330881975,0.37765149613967036,0.9228070175438596,27.33178589782822,25.307807304628557,0.8200503282797491,1127.8688212927757,1209.2908745247148,0.7979881588441677,0.6227038488798737,0.5757370195471034,0.6821844091117619,0.7311801638206799,1209.2908745247148,1127.8688212927757
954,253.0,65.35533905932738,0.8811630057697932,0.9511278195488722,26.619339109699396,12.585959006351759,0.616911716046675,1125.4624505928855,1457.604743083004,0.7443346576022218,0.7505688687348115,0.574508652676307,0.8156689741938895,0.5785189059464592,1457.604743083004,1125.4624505928855
955,202.0,50.62741699796952,0.654509718768313,0.9805825242718447,18.485303418156104,13.975879975912155,-0.27998666700494484,1125.7178217821781,1505.3366336633662,0.9903522505093063,0.7751475971490043,0.5746390106085646,0.9610591228738438,-0.27634283479214367,1505.3366336633662,1125.7178217821781
956,680.0,96.91168824543142,0.7320528026625093,0.975609756097561,35.675639943074195,24.303954605409746,0.6207051358274774,1133.729411764706,112.02058823529411,0.9098430002429478,0.05768310413763857,0.5787286430651893,0.8134685456508626,0.5816089108986129,112.02058823529411,1133.729411764706
957,130.0,42.384776310850235,0.5723758112626995,0.9285714285714286,14.513020054899423,11.900551939303131,-0.3845930999090871,1124.4769230769232,1910.8384615384616,0.9093549294634957,0.9839538936861285,0.5740055758432482,0.9269511709919196,-0.3751819913011671,1910.8384615384616,1124.4769230769232
958,617.0,108.32590180780451,0.9184394084877995,0.9167904903417533,45.532371819554434,18.01086208138109,-0.3540127086327596,1139.67585089141,1555.9562398703404,0.6607396997473407,0.8012133058034708,0.5817640892758601,0.9379892047478098,-0.34666446569640125,1555.9562398703404,1139.67585089141
959,622.0,99.63961030678928,0.8783243858802686,0.9673405909797823,40.952131884985874,19.577786452371967,0.6751301635637025,1139.6961414790997,1450.1318327974277,0.787292670075101,0.7467208201840514,0.5817744469010208,0.7806256056573986,0.6249989310327015,1450.1318327974277,1139.6961414790997
960,159.0,51.798989873223334,0.9070764844916175,0.9190751445086706,21.996024183593267,9.259575132440592,-1.3427507682104223,1129.867924528302,1025.2767295597484,0.7446709411355042,0.5279488823685625,0.5767574908260857,0.22607411540055855,-0.9741101038105779,1025.2767295597484,1129.867924528302
961,276.0,59.45584412271571,0.4164672445490025,0.968421052631579,19.707822232162396,17.91738079954594,-0.7695939905052178,1137.3115942028985,1630.5434782608695,0.9811374371095619,0.8396207406080688,0.5805572201137817,0.7181932479481851,-0.6958437027103405,1630.5434782608695,1137.3115942028985
962,399.0,79.01219330881975,0.8007575357683293,0.9322429906542056,29.951771805104254,17.940770510616463,-0.8902944589752059,1140.062656641604,1175.6491228070176,0.8031460439828493,0.6053805987677743,0.5819615398885166,0.6291831835396382,-0.7772570498560473,1175.6491228070176,1140.062656641604
963,338.0,68.42640687119285,0.5536420024179723,0.9548022598870056,22.89972762596138,19.069857772465824,-0.038546160220059925,1143.0207100591715,1822.8224852071005,0.9071499760809497,0.9386315577791454,0.5834715212144826,0.9992571887457916,-0.038536615573469005,1822.8224852071005,1143.0207100591715
964,397.0,76.76955262170047,0.43860358238673675,0.9452380952380952,24.22497287203609,21.770514189409255,0.7010734954472609,1144.7329974811082,1886.4030226700252,0.8464910122908516,0.9713712784088698,0.5843455831960737,0.7641501819638711,0.6450383704901459,1886.4030226700252,1144.7329974811082
965,104.0,45.935028842544405,0.6422928460120035,0.859504132231405,13.719900284402605,10.515745538638077,-0.08189788474312143,1139.8076923076924,5.1923076923076925,0.619377202974568,0.0026736908817238374,0.5818313896414968,0.9966482422925983,-0.08180636365879115,5.1923076923076925,1139.8076923076924
966,482.0,85.59797974644667,0.7762070432785471,0.9525691699604744,31.455411371496517,19.83194778131661,-0.2605739699366648,1148.0103734439833,1653.5165975103735,0.8266656134597496,0.8514503591711501,0.5860185673527225,0.9662422624500558,-0.25763518830974413,1653.5165975103735,1148.0103734439833
967,625.0,92.08326112068524,0.517975484881059,0.9659969088098919,30.53018225060477,26.115379362836318,-0.09719593606468925,1148.9008,1766.6208,0.9262505920313535,0.9096914521112255,0.5864730985196528,0.9952801924501817,-0.09704297252418244,1766.6208,1148.9008
968,608.0,92.42640687119284,0.5925067990195217,0.9635499207606973,31.162390400855262,25.103345024715157,0.4920213850537489,1148.404605263158,1509.7072368421052,0.8943784028105749,0.7773981652122066,0.5862198087101368,0.8813797405173817,0.4724084599216159,1509.7072368421052,1148.404605263158
969,438.0,78.76955262170047,0.5294141461835364,0.9501084598698482,26.030078342438582,22.08296888469248,0.7749832229152173,1148.7260273972602,775.6232876712329,0.8870890466064344,0.3993940719213352,0.5863838833064116,0.7144327731513065,0.6997040893458705,775.6232876712329,1148.7260273972602
970,366.0,72.5269119345812,0.7746916914625919,0.953125,27.194121147878313,17.195907076553873,-0.12759615437592725,1150.704918032787,916.551912568306,0.874364621030231,0.4719628797983038,0.5873940367701822,0.9918706490253151,-0.12725020865248177,916.551912568306,1150.704918032787
971,749.0,107.01219330881975,0.7612908496095231,0.9421383647798742,38.68434528048367,25.083337628032275,0.12731357204380778,1158.0467289719627,178.01869158878506,0.8219116776883044,0.09166770936600672,0.5911417707871173,0.9919065680837489,0.12696991845440853,178.01869158878506,1158.0467289719627
972,152.0,43.798989873223334,0.4531275017240578,0.9620253164556962,14.770709009035894,13.167285289982216,0.5964080913697392,1146.7763157894738,736.9342105263158,0.9956925618312445,0.37947178708873114,0.5853886247011096,0.827358430566826,0.561674307201245,736.9342105263158,1146.7763157894738
973,413.0,78.31980515339464,0.7350223220569654,0.9494252873563218,28.091333261129368,19.04712931445815,-0.06234208853581842,1153.675544794189,1567.8934624697335,0.8460903056088853,0.8073601763489874,0.5889104363421077,0.9980573612987189,-0.06230171392055404,1567.8934624697335,1153.675544794189
974,318.0,74.52691193458118,0.8174427785187712,0.9190751445086706,27.999867816719505,16.12819860508693,-0.6130779932621799,1149.9716981132076,1584.125786163522,0.7194667555865281,0.8157187364384768,0.5870197540138885,0.8178808557603802,-0.5753876135099436,1584.125786163522,1149.9716981132076
975,266.0,70.38477631085024,0.932465756575,0.9432624113475178,30.917809416109353,11.169317558584558,1.4433179077622837,1145.157894736842,1860.845864661654,0.6747362314922021,0.9582110528638795,0.584562478170925,0.12713342953941867,0.9918856239978204,1860.845864661654,1145.157894736842
976,696.0,110.42640687119285,0.8980168161846684,0.96,45.15278081792114,19.865468570777043,0.10003358495021943,1167.0977011494253,1806.1652298850574,0.7172544007687994,0.9300541863465795,0.5957619709797985,0.9950008118165412,0.09986683375587736,1806.1652298850574,1167.0977011494253
977,571.0,89.01219330881976,0.6877483239979453,0.9629005059021922,31.663232909998367,22.985898640932966,-0.30197285589419903,1159.464098073555,1189.2276707530648,0.9056220068207506,0.6123726419943691,0.5918652874290735,0.9547516115614267,-0.2974043715564022,1189.2276707530648,1159.464098073555
978,462.0,83.59797974644665,0.7902591439628383,0.9506172839506173,31.479666475749262,19.28988288042917,0.34278384821072455,1161.2207792207791,812.2272727272727,0.8307307281742244,0.4182426739069376,0.5927620108324549,0.9418226361999013,0.3361102824096111,812.2272727272727,1161.2207792207791
979,31.0,21.899494936611667,0.9483684971597891,0.8157894736842105,11.351491148261667,3.600359331588465,0.40316290640008356,1154.3548387096773,1622.4516129032259,0.8122755109675942,0.8354539716288496,0.5892571917864611,0.9198246951567145,0.39232961929971244,1622.4516129032259,1154.3548387096773
980,577.0,91.01219330881976,0.7516467170768574,0.9616666666666667,33.426184093885055,22.046772114381376,-1.3434074068642803,1163.4627383015597,677.8006932409012,0.8753596343214536,0.3490219841611232,0.5939064514045737,0.2254344283605739,-0.9742583427970947,677.8006932409012,1163.4627383015597
981,135.0,46.72792206135785,0.9038987461928527,0.9246575342465754,20.299445794491156,8.683016614542556,-0.10303243185320352,1162.414814814815,1638.2074074074073,0.7769457489507982,0.8435671510851737,0.5933715236420699,0.9946968528613398,-0.1028502353315061,1638.2074074074073,1162.414814814815
982,593.0,97.84062043356595,0.846940863595857,0.9457735247208932,37.948265674170926,20.176603371476457,-1.317711809695704,1163.8718381112985,1844.3844856661046,0.778441823577818,0.9497345446272424,0.594115282343695,0.2503914045177244,-0.96814469194622,1844.3844856661046,1163.8718381112985
983,405.0,76.5269119345812,0.7192764254566489,0.9597156398104265,27.490689904239556,19.098441807819565,-0.17054180298721192,1165.8246913580247,1920.2493827160495,0.8690334830983627,0.9887998881133108,0.5951121446442188,0.9854929587525016,-0.1697163169799535,1920.2493827160495,1165.8246913580247
984,546.0,94.76955262170047,0.8643114881733213,0.9595782073813708,37.532000546749984,18.876978950028736,0.04722497090055471,1176.4761904761904,1615.525641025641,0.7639498427059239,0.8318875597454383,0.6005493570577797,0.9988851082872556,0.04720741935286976,1615.525641025641,1176.4761904761904
985,125.0,38.384776310850235,0.5448281305155088,0.9920634920634921,13.804045291635093,11.575350948739612,0.9670952068067541,1165.88,762.768,1.066109587268075,0.39277445932028837,0.5951403777437468,0.5676932652488347,0.8232401572998709,762.768,1165.88
986,444.0,78.91168824543142,0.36703419784224106,0.9548387096774194,24.79955292166967,23.06872885213151,1.1554063174403448,1174.0945945945946,1457.668918918919,0.896004445660869,0.750601914994294,0.5993336368527793,0.4035468036380098,0.9149590030561727,1457.668918918919,1174.0945945945946
987,245.0,56.04163056034261,0.46932536105630823,0.9607843137254902,18.80822012444558,16.60813448441328,0.09401281770484739,1170.5632653061225,1901.6122448979593,0.9802896622084468,0.979203009731184,0.5975310185329875,0.9955840489902053,0.09387439158933868,1901.6122448979593,1170.5632653061225
988,352.0,68.2842712474619,0.6687549370580612,0.9750692520775623,24.647780768090794,18.32520371577523,1.2244961286259979,1172.5994318181818,1872.03125,0.948661268636659,0.9639707775489187,0.5985704092997355,0.33941997562003307,0.9406349345788174,1872.03125,1172.5994318181818
989,512.0,89.01219330881976,0.7295826382273586,0.9377289377289377,31.378783676966957,21.459719918887124,-0.4218615359476343,1179.44140625,889.244140625,0.8120463528760495,0.4579012052651905,0.6020629945125063,0.9123282979388729,-0.40945949345443083,889.244140625,1179.44140625
990,292.0,64.87005768508881,0.6658990678977424,0.948051948051948,22.52089973852934,16.80153354492933,0.18968734307220603,1175.5958904109589,1502.6780821917807,0.8719752280341992,0.773778621108023,0.6000999951051347,0.9820632351606036,0.18855185532338078,1502.6780821917807,1175.5958904109589
991,467.0,79.01219330881976,0.4630209607544359,0.9708939708939709,26.023806716216043,23.066131606751746,0.49202736541248016,1182.441113490364,849.3276231263384,0.9400230640100012,0.4373468708168581,0.6035942386372455,0.8813769153295625,0.47241373088019484,849.3276231263384,1182.441113490364
992,594.0,94.32590180780451,0.78574692742652,0.9690048939641109,35.329495891589644,21.852992958265727,-0.38306178118030965,1185.7121212121212,110.82996632996633,0.8389467134028387,0.057070013558170096,0.6052639720327316,0.927524607156503,-0.37376209427813156,110.82996632996633,1185.7121212121212
993,67.0,28.72792206135785,0.80563215770243,0.9710144927536232,11.964990332793208,7.088252817963758,0.11438560470013225,1176.686567164179,1538.910447761194,1.0201786698650588,0.7924358639347034,0.6006567468934043,0.9934650966416922,0.11413632968828633,1538.910447761194,1176.686567164179
994,199.0,59.79898987322333,0.9309050997893267,0.9342723004694836,26.377952738335292,9.634840900022674,-0.09831799996026613,1184.21608040201,1565.4321608040202,0.6993188658597379,0.8060927707538724,0.604500296274635,0.9951706775147982,-0.09815967916989977,1565.4321608040202,1184.21608040201
995,356.0,75.59797974644667,0.8679552485939138,0.9595687331536388,30.616547371388677,15.205475965729102,-1.1385484890786974,1182.7331460674156,1831.9297752808989,0.7827795703497472,0.9433212025133362,0.6037433109073076,0.41891295502680376,-0.9080263961530585,1831.9297752808989,1182.7331460674156
996,355.0,70.18376618407356,0.7653971575158744,0.9673024523160763,26.530835295493315,17.07413731797432,1.1358022698533845,1184.8084507042254,1782.1098591549296,0.9056593561263677,0.9176672807182954,0.6048026802982264,0.42140501177750367,0.9068725467499841,1782.1098591549296,1184.8084507042254
997,292.0,67.62741699796952,0.7401459858641498,0.9240506329113924,23.963994806505923,16.114497738290442,-1.2675095746492488,1183.7602739726028,674.6506849315068,0.8023190709171814,0.34739994074742886,0.6042676232631969,0.29865855905094796,-0.9543600290800173,674.6506849315068,1183.7602739726028
998,168.0,47.21320343559643,0.7141824330649087,0.9545454545454546,17.51550907841674,12.26014886181744,0.590501749494,1183.4880952380952,1176.952380952381,0.9470920884957078,0.606051689470845,0.6041286856753931,0.8306614206544314,0.5567778769279197,1176.952380952381,1183.4880952380952
999,438.0,79.01219330881976,0.7181201816804939,0.954248366013072,28.404605967048557,19.76730804326482,-0.17445852432153922,1191.433789954338,951.2579908675799,0.8816490407631277,0.48983418685251284,0.6081846809363645,0.9848206698633621,-0.17357490662500336,951.2579908675799,1191.433789954338
1000,606.0,95.84062043356593,0.8426838250772556,0.9711538461538461,37.94909621086385,20.43212506251127,-0.3376410692530864,1198.1171617161717,654.6963696369637,0.8290548326318466,0.3371248041384983,0.6115963051129003,0.9435387147505826,-0.33126227338291747,654.6963696369637,1198.1171617161717
1001,242.0,56.8700576850888,0.7578387861139937,0.9718875502008032,21.74779685794656,14.189172925918927,-0.6539123772687339,1189.1652892561983,713.1652892561983,0.9402815021524961,0.3672323837570537,0.6070266918102084,0.7937099943536916,-0.6082963462516136,713.1652892561983,1189.1652892561983
1002,253.0,59.284271247461895,0.7034698965784011,0.9405204460966543,21.34344705753564,15.169322595917176,-0.666647489095601,1189.1857707509882,1515.5810276679842,0.9045892323257118,0.7804227742883544,0.6070371468866709,0.785899119463274,-0.618354731547233,1515.5810276679842,1189.1857707509882
1003,388.0,75.59797974644665,0.7672981130763267,0.9533169533169533,28.03463133971184,17.97834494106149,-0.21737098483961267,1195.9536082474226,1156.0,0.8531417789205112,0.5952626158599382,0.6104918878241055,0.976467805093857,-0.21566322267643456,1156.0,1195.9536082474226
1004,189.0,50.04163056034262,0.7206696866103934,0.9642857142857143,18.73737286930758,12.99021943568492,1.1261169974112222,1191.1058201058202,925.7777777777778,0.9484376013974749,0.4767135827897929,0.6080172639641757,0.4301684174555796,0.9027486541799784,925.7777777777778,1191.1058201058202
1005,381.0,80.5269119345812,0.8739062538383804,0.9454094292803971,32.33848740918232,15.7195607538925,0.16646697719797324,1199.0393700787401,1500.2152230971128,0.7383337989732687,0.7725104135412527,0.6120670597645432,0.9861763396116343,0.1656992069691299,1500.2152230971128,1199.0393700787401
1006,444.0,84.42640687119285,0.7709575944367772,0.9327731092436975,30.690432909957476,19.5463217657844,-0.8474795665527135,1199.009009009009,678.009009009009,0.7827736923254035,0.3491292528367709,0.6120515615155738,0.6618745998432359,-0.749614577020989,678.009009009009,1199.009009009009
1007,482.0,85.84062043356595,0.8228009832029626,0.9563492063492064,33.222659499710005,18.88142101250662,-1.2127183359027254,1197.655601659751,1841.819502074689,0.8219988432590012,0.9484137497809932,0.6113606950789949,0.3504747814922203,-0.9365721688892855,1841.819502074689,1197.655601659751
1008,354.0,86.42640687119284,0.95088477540612,0.9147286821705426,38.56126263509643,11.936448339267171,1.1829689220634652,1197.1101694915253,1877.4322033898304,0.5955527171229996,0.966751906997853,0.6110822713075678,0.37817806638002466,0.9257328718961348,1877.4322033898304,1197.1101694915253
1009,197.0,50.8700576850888,0.5497191792337364,0.9516908212560387,17.358806582719087,14.500670782164455,0.9704722375715484,1196.1472081218274,1901.1167512690356,0.9566468150773048,0.9789478636812747,0.6105907136915913,0.5649099261155115,0.8251525770281319,1901.1167512690356,1196.1472081218274
1010,923.0,126.95331880577405,0.8608022334618886,0.9408766564729868,48.82047537654093,24.846673134110677,-0.7623708531549873,1208.8743228602384,730.9534127843987,0.7196535096588842,0.3763920766140055,0.6170874542420819,0.7232006435587645,-0.6906379870497922,730.9534127843987,1208.8743228602384
1011,707.0,115.98275605729688,0.9082474292623629,0.8870765370138017,48.10730185746352,20.129707457248642,0.38005430416529673,1215.3140028288544,1032.5785007072136,0.6604537779319223,0.5317088057194714,0.6203746824037031,0.9286444916807479,0.3709708992239219,1032.5785007072136,1215.3140028288544
1012,120.0,46.55634918610404,0.9031697585985504,0.96,19.608896138766337,8.417777022281621,0.012187478762080603,1206.0666666666666,3.7916666666666665,0.6957180585254351,0.0019524545142464813,0.6156542453632805,0.9999257335999798,0.012187177053862472,3.7916666666666665,1206.0666666666666
1013,446.0,94.08326112068524,0.8867911952671993,0.892,36.49656893341596,16.86762980997391,-1.116446407745251,1206.1255605381166,1544.634529147982,0.6331695161558452,0.7953833826714635,0.6156843085952611,0.43887827860458273,-0.8985465244321399,1544.634529147982,1206.1255605381166
1014,552.0,122.08326112068522,0.9622690882380521,0.808199121522694,54.288783865548446,14.771957322147388,0.1076027425292116,1225.2409420289855,120.96195652173913,0.46541105851948317,0.06228731025836206,0.6254420326845255,0.9942164085028026,0.10739521899874513,120.96195652173913,1225.2409420289855
1015,413.0,87.25483399593904,0.8653971725285008,0.8824786324786325,33.862993722741855,16.96829080494765,0.613311475644796,1209.1259079903148,189.68038740920096,0.6816805810420148,0.09767270206447011,0.6172158795254287,0.8177464905976829,0.5755785585957609,189.68038740920096,1209.1259079903148
1016,208.0,57.45584412271571,0.42113412581882775,0.8813559322033898,17.76193575381765,16.110046824620202,0.71139211049901,1204.2163461538462,904.4951923076923,0.7917804601937768,0.46575447595658714,0.6147097223858327,0.7574537168055675,0.6528888625925787,904.4951923076923,1204.2163461538462
1017,572.0,87.84062043356595,0.6107321491390392,0.9711375212224108,30.373749275050436,24.05106631909942,-0.2802368676217237,1213.4737762237762,149.91433566433565,0.9315691621293448,0.07719584740696996,0.6194353120080532,0.9609899516455398,-0.27658328372536,149.91433566433565,1213.4737762237762
1018,665.0,104.9116882454314,0.8617412691551364,0.948644793152639,41.125378818284815,20.864878365660317,0.14218955393129742,1220.5052631578947,772.5037593984962,0.7592481768993818,0.39778772368614634,0.6230246366298594,0.9899080856622267,0.14171090974426004,772.5037593984962,1220.5052631578947
1019,402.0,76.35533905932738,0.6765483113303565,0.9458823529411765,26.527772880572286,19.53500552264256,-0.6233997816442866,1213.278606965174,703.276119402985,0.8664771155992341,0.36214012327651135,0.6193356850256121,0.811898364185749,-0.583798806295889,703.276119402985,1213.278606965174
1020,199.0,59.941125496954285,0.9173958682615828,0.9386792452830188,25.543517481749838,10.16570448462908,1.116323775337019,1208.819095477387,938.2462311557789,0.6960062729355216,0.4831340016250149,0.6170592626224538,0.4389884662284251,0.8984926969755597,938.2462311557789,1208.819095477387
1021,161.0,46.04163056034261,0.34255672989916486,0.936046511627907,14.830671726720057,13.933373756243538,-1.5174590641341366,1209.1304347826087,1007.944099378882,0.954408610029107,0.519023738094172,0.6172181902922964,0.0533119767183751,-0.9985779053926536,1007.944099378882,1209.1304347826087
1022,134.0,42.2842712474619,0.6178985978868644,0.9781021897810219,14.992712216953016,11.78813687290392,0.1493349621712559,1209.94776119403,1145.8208955223881,0.9417962615598477,0.5900210584564306,0.6176354064288054,0.9888702412853572,0.14878052930487762,1145.8208955223881,1209.94776119403
1023,250.0,64.04163056034261,0.8715019068919023,0.9433962264150944,25.640467792550773,12.573883225923742,-0.46975508066947563,1213.904,1624.576,0.7659935466921386,0.8365478887744593,0.6196549259826442,0.8916791820594637,-0.45266790948968966,1624.576,1213.904
1024,442.0,90.91168824543142,0.8988307069170764,0.9208333333333333,37.330863560413604,16.361967182256983,0.8814535720993921,1219.5452488687783,924.3190045248869,0.6720362315578042,0.4759624122167285,0.6225345833939655,0.6360301469535736,0.7716642094630382,924.3190045248869,1219.5452488687783
1025,227.0,64.18376618407356,0.7917211798807016,0.8470149253731343,23.40910278846439,14.300214003226596,1.1724785272682965,1215.4625550660794,1187.0837004405287,0.6924450691196674,0.6112686408035678,0.6204505130505765,0.3878683828116838,0.9217147702055387,1187.0837004405287,1215.4625550660794
1026,159.0,47.79898987322333,0.8382942714382621,0.9408284023668639,19.310087342726813,10.528208032241576,0.14395447725093308,1221.0251572327045,82.0754716981132,0.8745196064078664,0.042263373685949124,0.62329002411062,0.9896564351439827,0.14345779999046415,82.0754716981132,1221.0251572327045
1027,236.0,56.284271247461895,0.625050532893771,0.9516129032258065,19.64881973694852,15.337559972672093,0.7634468670472339,1220.1949152542372,181.94915254237287,0.9361550239297058,0.09369163364694792,0.6228662150353431,0.7224570889706426,0.6914157610266524,181.94915254237287,1220.1949152542372
1028,484.0,80.5269119345812,0.5883013298467488,0.968,27.651688105747127,22.360310579452282,-0.19891345225020005,1226.1198347107438,1913.7871900826447,0.9379358496143362,0.9854722914946676,0.6258906762178376,0.9802818629867073,-0.19760432459668087,1913.7871900826447,1226.1198347107438
1029,478.0,92.32590180780453,0.8751882197183505,0.9465346534653465,36.68150871067627,17.74587474623734,-0.718034810352436,1231.26359832636,739.0899581589958,0.7046778877219824,0.3805818528110174,0.6285163850568453,0.7531000925126982,-0.6579059588249414,739.0899581589958,1231.26359832636
1030,692.0,101.74011537017762,0.42896445039130454,0.953168044077135,31.718784084085,28.652255542760535,-0.5444981726189241,1230.7023121387283,837.8656069364162,0.8401010101947901,0.43144469976128536,0.6282298683709691,0.8553873394886132,-0.51798889895691,837.8656069364162,1230.7023121387283
1031,451.0,79.25483399593904,0.3605408087263183,0.9595744680851064,25.106271872973924,23.417710397486267,-0.9175181429480302,1228.0953436807094,270.7139689578714,0.9022666074612439,0.1393995720689348,0.6268991034613116,0.6077928582992809,-0.7940956122535814,270.7139689578714,1228.0953436807094
1032,345.0,70.04163056034261,0.6516790687738887,0.9478021978021978,24.346833412470403,18.46694701641248,1.2253759382767455,1223.585507246377,1892.9536231884058,0.8837236210275454,0.9747443991701369,0.6245969919583343,0.33859226466697007,0.9409331954542216,1892.9536231884058,1223.585507246377
1033,150.0,49.45584412271571,0.8913109850027703,0.9316770186335404,20.80431599547007,9.43252012776162,-0.8952777272698266,1224.58,1601.46,0.7706654427174174,0.8246446961894954,0.6251046452271567,0.6253021069319793,-0.780382774711505,1601.46,1224.58
1034,438.0,80.42640687119285,0.7857832950941769,0.9563318777292577,30.22863076218528,18.69646587475987,-0.9543179779763022,1231.8424657534247,799.4041095890411,0.8509159048404819,0.4116396032899285,0.6288118763417175,0.5781653674301519,-0.815919608726471,799.4041095890411,1231.8424657534247
1035,580.0,92.08326112068522,0.3473128304755189,0.9461663947797716,28.42830409762555,26.658622997377037,-1.2616704926769486,1232.6293103448277,872.6551724137931,0.8595605494050964,0.44935899712347743,0.6292135325905195,0.3042260224766344,-0.9525998778333148,872.6551724137931,1232.6293103448277
1036,826.0,125.15432893255071,0.8813469759688256,0.9167591564927858,49.615928240833234,23.442016983358698,-0.4508852953553746,1238.6924939467312,1850.1162227602906,0.6626712963769605,0.9526860055408294,0.6323085727140026,0.9000616765741557,-0.43576252519293107,1850.1162227602906,1238.6924939467312
1037,357.0,74.8700576850888,0.8372280210761646,0.9444444444444444,29.225070938826168,15.981845431004555,-0.33747562692159916,1236.4621848739496,1621.1120448179272,0.8003164518829597,0.8347641837373466,0.6311700790576568,0.9435935066402978,-0.3311061676052956,1621.1120448179272,1236.4621848739496
1038,341.0,76.5269119345812,0.7198135860975718,0.89501312335958,26.55117913652908,18.430963409768236,-0.7168360716329704,1241.7595307917888,213.40469208211144,0.7317047351519547,0.1098891308352788,0.6338741862132664,0.7538882085776725,-0.6570027161036306,213.40469208211144,1241.7595307917888
1039,443.0,97.84062043356596,0.7975089697646449,0.8054545454545454,33.44768854389612,20.1792275955383,-0.8528577151110511,1244.3950338600453,289.6568848758465,0.5815341110370543,0.14915390570331952,0.6352195170291196,0.6578335085546466,-0.7531633787052339,289.6568848758465,1244.3950338600453
1040,366.0,71.01219330881976,0.6589429191848636,0.9606299212598425,25.004904524532492,18.808512819433293,0.39964456155623435,1242.3251366120219,1886.8661202185792,0.9120635423461627,0.9716097426460243,0.6341629079183368,0.9211993500677299,0.38909093723034976,1886.8661202185792,1242.3251366120219
1041,535.0,99.35533905932738,0.9162385127510512,0.9502664298401421,41.75676994026878,16.72914975996971,1.461406907446742,1240.1869158878505,1080.9158878504672,0.6810534958665615,0.5565993243308276,0.6330714220969119,0.10917139004953381,0.994022941181265,1080.9158878504672,1240.1869158878505
1042,1274.0,135.88225099390854,0.5530817714806175,0.9644208932626798,44.45187138017379,37.03405307157883,0.4287462115847981,1253.3014128728414,166.87048665620094,0.8670693340804349,0.08592713010103036,0.6397659075410115,0.9094877028803234,0.4157308243436762,166.87048665620094,1253.3014128728414
1043,475.0,83.25483399593904,0.5716963757421291,0.9519038076152304,27.595186828617273,22.640892322696683,1.157239788665974,1245.6063157894737,1586.6042105263157,0.8611614002548722,0.8169949590763727,0.6358378334810993,0.4018685752885022,0.9156973562239816,1586.6042105263157,1245.6063157894737
1044,273.0,65.59797974644667,0.8457025294119346,0.9512195121951219,25.813810978090928,13.775658963405055,1.1929505434043188,1242.6666666666667,764.981684981685,0.7972445925830888,0.3939143588989109,0.6343372468946742,0.36891906552218773,0.9294615231919156,764.981684981685,1242.6666666666667
1045,480.0,83.84062043356593,0.5533500798463398,0.9486166007905138,27.421282968608296,22.84052450798705,1.1420425272176038,1247.1854166666667,1170.0041666666666,0.858108362680517,0.6024738242361826,0.6366439084566956,0.41573772551757127,0.9094845482917654,1170.0041666666666,1247.1854166666667
1046,490.0,82.66904755831213,0.2494497816753287,0.962671905697446,25.632717806998837,24.822409553885656,-1.0880992108103373,1250.5469387755102,256.31632653061223,0.9009902179558165,0.13198575001576324,0.6383598462355846,0.4641698212352666,-0.8857462261022739,256.31632653061223,1250.5469387755102
1047,316.0,69.59797974644665,0.847719594624979,0.9461077844311377,27.78458314665349,14.738182491995813,-0.8668591811502608,1251.240506329114,680.9841772151899,0.819792007720994,0.3506612653013336,0.638713887865806,0.6472239815044148,-0.7622998870297522,680.9841772151899,1251.240506329114
1048,73.0,29.31370849898476,0.6386057479361852,0.9733333333333334,10.992638155763071,8.459209678693178,0.5203084014880467,1246.6849315068494,906.2602739726027,1.0675572996675682,0.466663374857159,0.6363884285384632,0.8676658998364052,0.49714775093636027,906.2602739726027,1246.6849315068494
1049,94.0,34.970562748477136,0.7432184692814091,0.9306930693069307,13.391431018770199,8.959520954845777,-0.44944941633872854,1249.1170212765958,829.5212765957447,0.9659006882058301,0.4271479282161404,0.6376299240819785,0.900686450775045,-0.43446969674564445,829.5212765957447,1249.1170212765958
1050,191.0,50.526911934581186,0.5931847234931618,0.9744897959183674,17.58551171087481,14.157504336614874,1.1464094353112981,1253.565445026178,779.2460732984293,0.9401512307835065,0.4012595640053704,0.6399006865881459,0.4117621386763616,0.9112913590903124,779.2460732984293,1253.565445026178
1051,412.0,83.49747468305833,0.8824841464681142,0.9217002237136466,33.79517831816446,15.89529658427303,-0.9847702545813407,1255.7936893203882,1038.1844660194174,0.7426093251781201,0.5345955025846639,0.6410381262482839,0.5530545403011483,-0.8331450506678206,1038.1844660194174,1255.7936893203882
1052,241.0,57.698484809834994,0.5963906624184762,0.94140625,19.64448038798494,15.768512905343224,1.4642828823115825,1252.8132780082988,1562.390041493776,0.9096997797301107,0.8045262829525108,0.6395167320103619,0.10631215750596058,0.9943328040281221,1562.390041493776,1252.8132780082988
1053,229.0,59.21320343559642,0.8660481737035177,0.9462809917355371,24.20983264309491,12.1039614680562,-1.3959736992017686,1251.2707423580787,722.6724890829694,0.8207449746173766,0.3721279552435476,0.6387293222859003,0.17393347153939,-0.9847574053939662,722.6724890829694,1251.2707423580787
1054,1240.0,157.19595949289334,0.8635646683838016,0.9253731343283582,57.490238334409135,28.988768661875078,0.6162483223142147,1268.4274193548388,1759.7854838709677,0.6305924858484803,0.9061717218697053,0.6474871972204383,0.8160525804976738,0.5779776690003582,1759.7854838709677,1268.4274193548388
1055,528.0,85.84062043356595,0.6678163734808764,0.9635036496350365,30.289815327193594,22.54549905761061,0.7802558013804652,1262.691287878788,1153.435606060606,0.9004468656447149,0.5939421246450083,0.6445591056042818,0.7107336149088739,0.7034612488535276,1153.435606060606,1262.691287878788
1056,148.0,48.87005768508881,0.8650893511690435,0.9192546583850931,19.594952295479324,9.82917680720804,-0.7286225598356211,1256.7567567567567,130.18243243243242,0.7787281534832762,0.06703523812174687,0.6415297380075328,0.7460922681490423,-0.6658425695374377,130.18243243243242,1256.7567567567567
1057,85.0,31.556349186104043,0.6345680825240204,0.9770114942528736,11.836916661386702,9.148361878426778,0.6590437882016971,1256.0235294117647,701.4470588235295,1.0726431991352996,0.3611982795177804,0.6411554514608293,0.7905781398145015,0.6123611718973064,701.4470588235295,1256.0235294117647
1058,407.0,75.35533905932738,0.7363697232890577,0.9644549763033176,27.799419606167735,18.80851353054956,0.34632345780008617,1263.1302211302211,752.7837837837837,0.9006918161818953,0.38763325632532636,0.6447831654569787,0.940627039540921,0.3394418543498765,752.7837837837837,1263.1302211302211
1059,836.0,109.9827560572969,0.7374786597689457,0.9709639953542393,39.88721017970744,26.938642546505264,0.9530850078235406,1265.596889952153,1122.8086124401914,0.8684942441033668,0.5781712731411902,0.6460423123798638,0.5791709322319828,0.8152061280789884,1122.8086124401914,1265.596889952153
1060,218.0,54.2842712474619,0.7405887549406368,0.9646017699115044,20.40991757129103,13.7146186644712,0.7220064995629512,1262.1788990825687,853.6926605504588,0.9296475600977614,0.43959457288901066,0.6442975493019748,0.7504811615728986,0.6608918414719559,853.6926605504588,1262.1788990825687
1061,259.0,63.11269837220809,0.7994569267173673,0.9350180505415162,23.749432918585697,14.266840466822085,1.0818129559137086,1264.6563706563707,694.3243243243244,0.8171017311060076,0.35753054805577983,0.6455622106464373,0.4697286398450372,0.8828108545488843,694.3243243243244,1264.6563706563707
1062,925.0,128.8111831820431,0.2986093170747306,0.8919961427193829,36.82531985544083,35.14518074913334,1.2157872019057878,1276.5902702702704,836.36,0.7005585824551286,0.43066941297631306,0.6516540430169834,0.3475989211415471,0.9376433170567753,836.36,1276.5902702702704
1063,340.0,67.35533905932738,0.6802714801363421,0.9714285714285714,24.338114847155396,17.838870497729694,1.1403046389033304,1270.2441176470588,280.42058823529413,0.941769730701958,0.14439783122311747,0.6484145572470948,0.4173176794734536,0.9087606694828357,280.42058823529413,1270.2441176470588
1064,505.0,82.42640687119285,0.5526081388117511,0.9692898272552783,27.836828676470606,23.200360081039623,0.8469956891494809,1273.489108910891,319.7366336633663,0.9340465165735098,0.16464296275147597,0.6500710101638034,0.6622372438992576,0.7492942231144686,319.7366336633663,1273.489108910891
1065,135.0,44.97056274847714,0.8611262931211341,0.9507042253521126,18.501812851318444,9.406156928087201,0.23475945182055125,1268.8370370370371,806.9333333333333,0.8388551749120038,0.41551664950223133,0.6476962925150777,0.9725703231518593,0.232609042223831,806.9333333333333,1268.8370370370371
1066,428.0,76.18376618407356,0.5692895171068805,0.963963963963964,25.793413786104075,21.205722950650422,-0.5696795912719583,1272.0514018691588,1906.1191588785048,0.9266777940841623,0.9815237687324947,0.6493371117249407,0.842073834762141,-0.5393622686182101,1906.1191588785048,1272.0514018691588
1067,732.0,103.25483399593904,0.6839050540706783,0.9593709043250328,36.23892592681144,26.43887024632397,0.1979162257618808,1280.4275956284152,658.5601092896175,0.8627801792804142,0.3391143714158689,0.6536128614744335,0.9804784317949025,0.19662666346405996,658.5601092896175,1280.4275956284152
1068,323.0,64.87005768508881,0.5576910654964862,0.9728915662650602,22.303227645860794,18.512762844012993,0.2019766656329037,1274.15479876161,779.3839009287925,0.9645479405994739,0.40133053600864704,0.6504108212157274,0.9796719605975903,0.20060620533491322,779.3839009287925,1274.15479876161
1069,284.0,60.8700576850888,0.642568307989518,0.9692832764505119,21.729847345057834,16.65002628540688,-0.605616620696557,1273.3204225352113,912.3697183098592,0.9632095445826073,0.4698093297167143,0.6499849017535535,0.8221512308206522,-0.5692691399154591,912.3697183098592,1273.3204225352113
1070,146.0,48.627416997969526,0.9070016430135606,0.948051948051948,21.09420338456998,8.883340327897088,1.107749531166559,1270.1301369863013,968.3219178082192,0.7758902908788506,0.49862096694552993,0.6483563741635024,0.44667613099839276,0.8946957214585899,968.3219178082192,1270.1301369863013
1071,360.0,80.87005768508881,0.9191429116942055,0.9399477806788512,34.374275028873285,13.54086021092176,-0.09559738434085202,1284.088888888889,1542.6277777777777,0.6917303946348515,0.794350040050349,0.6554818217911633,0.9954340489420138,-0.09545184234423314,1542.6277777777777,1284.088888888889
1072,178.0,50.04163056034261,0.7752060650421051,0.9518716577540107,19.007168262954163,12.006988665686134,-0.21194409582745485,1275.8370786516855,1847.3202247191011,0.8932375293584686,0.9512462537173538,0.651269565416889,0.9776238007204123,-0.21036089053095292,1847.3202247191011,1275.8370786516855
1073,651.0,111.7401153701776,0.7358829974191711,0.863395225464191,37.048129968110025,25.08561173551115,-1.1086870614195592,1285.3026113671274,97.67434715821813,0.6551980885123243,0.05029575033893827,0.6561013840567266,0.4458371305092991,-0.8951141005811685,97.67434715821813,1285.3026113671274
1074,81.0,34.970562748477136,0.8359548840153819,0.9101123595505618,13.916165734028088,7.637166294533402,-1.2982719071453455,1271.8395061728395,1576.8765432098764,0.832318678134811,0.8119858615910795,0.6492289464894535,0.26916354639465867,-0.9630944840939805,1576.8765432098764,1271.8395061728395
1075,286.0,79.698484809835,0.936541887080706,0.88,33.787326036679474,11.844339486108986,1.2996849545746452,1277.1643356643356,949.6363636363636,0.5658167077609891,0.48899915738226757,0.6519470830343724,0.26780237994283124,0.9634738633180225,949.6363636363636,1277.1643356643356
1076,627.0,102.08326112068524,0.856319312534057,0.9247787610619469,40.08657428642518,20.702580597302774,0.33483635528514905,1294.9473684210527,1870.8309409888357,0.7560810163951001,0.9633526987584118,0.6610246903629672,0.944464098323997,0.32861461771661854,1870.8309409888357,1294.9473684210527
1077,261.0,58.2842712474619,0.6478460754519789,0.9738805970149254,20.9454067801214,15.955609051026899,0.7339334456744765,1286.0114942528735,1051.0498084291187,0.9654896666363805,0.5412202927029447,0.6564632436206603,0.7425455489678726,0.6697955715798669,1051.0498084291187,1286.0114942528735
1078,256.0,59.21320343559642,0.470621882910852,0.9481481481481482,19.420493565023417,17.13538109175381,0.3469028777548051,1287.50390625,73.16015625,0.9175140327600368,0.03767258303295572,0.6572250669984686,0.9404302022708787,0.3399868154160602,73.16015625,1287.50390625
1079,180.0,48.8700576850888,0.6677632500961665,0.9473684210526315,17.56663872389902,13.076144294975633,-0.5858744223139204,1285.9388888888889,1109.5277777777778,0.9471018082904714,0.5713325323263532,0.6564261811581873,0.8332289117528222,-0.552928187578828,1109.5277777777778,1285.9388888888889
1080,191.0,50.04163056034261,0.4458655144541264,0.9502487562189055,16.516682259564273,14.784081672572514,0.5105365202381503,1286.9895287958116,9.502617801047121,0.9584739781318398,0.004893212049972771,0.6569624955568206,0.8724824650740788,0.48864542168965297,9.502617801047121,1286.9895287958116
1081,575.0,102.32590180780451,0.857577513193466,0.9170653907496013,39.40345344171235,20.267353444813097,0.30423768490121994,1297.3930434782608,1502.3478260869565,0.6900912917516118,0.7736085613218108,0.6622731207137625,0.9540755934152655,0.2995659560919916,1502.3478260869565,1297.3930434782608
1082,390.0,77.84062043356595,0.854623646073519,0.9558823529411765,30.978164026543496,16.085347867033363,-0.6362681601676276,1292.676923076923,1916.125641025641,0.8088386457301061,0.9866764371913702,0.659865708564024,0.8043188052088294,-0.594197996956773,1916.125641025641,1292.676923076923
1083,319.0,65.11269837220809,0.6328819933667845,0.9608433734939759,22.93188789332058,17.75497451256369,-0.969722313663875,1292.7210031347963,40.84639498432602,0.9455166043456059,0.02103315910624409,0.6598882098697276,0.5655285688538305,-0.824728705581501,40.84639498432602,1292.7210031347963
1084,824.0,110.91168824543142,0.7204312899913702,0.9603729603729604,39.19318801222696,27.181507447475767,-0.10938321541924058,1301.8033980582525,780.3859223300971,0.8417486795457712,0.401846509953706,0.6645244502594448,0.9940236184536789,-0.10916522319976686,780.3859223300971,1301.8033980582525
1085,302.0,64.2842712474619,0.7707818675997724,0.9710610932475884,24.57569383526827,15.657153376313225,-0.3580935256259059,1295.791390728477,232.31456953642385,0.918348153531479,0.11962645187251486,0.6614555338072878,0.9365667242438641,-0.35048933084919703,232.31456953642385,1295.791390728477
1086,663.0,110.71067811865476,0.7685520617999809,0.9008152173913043,37.973137330264954,24.294729196631685,-0.891877741355494,1301.9834087481147,1471.814479638009,0.6797424157723978,0.7578859318424351,0.664616339330329,0.6279517780490752,-0.778252249881107,1471.814479638009,1301.9834087481147
1087,218.0,57.11269837220809,0.8157782133884499,0.9276595744680851,22.016901996160193,12.733802350764202,1.0567269139411755,1294.165137614679,1039.8623853211009,0.8398485922387833,0.5354595187029356,0.6606253892877382,0.49172475266641846,0.8707506919980883,1039.8623853211009,1294.165137614679
1088,722.0,100.66904755831213,0.7068688417033295,0.9704301075268817,36.07876497295377,25.520121044193957,0.4141646437607987,1302.4141274238227,1169.1828254847646,0.8952722889841613,0.6020508885091476,0.6648362059335491,0.9154528083861526,0.4024253416696146,1169.1828254847646,1302.4141274238227
1089,534.0,84.76955262170046,0.6051971932538642,0.9709090909090909,29.248270022607013,23.28383404038303,1.4771074869450092,1298.8726591760299,257.5,0.9338375621798208,0.13259526261585994,0.6630284120347268,0.09355183948375154,0.995614409964624,257.5,1298.8726591760299
1090,299.0,62.284271247461895,0.29524721714104574,0.9614147909967846,19.962711452849252,19.07279158197924,1.241695815669919,1297.9732441471572,884.5685618729098,0.9685549780125928,0.4554935951971729,0.66256929257129,0.3231919428579168,0.9463334338760969,884.5685618729098,1297.9732441471572
1091,575.0,87.35533905932738,0.5607023275597545,0.9729272419627749,29.769856474938432,24.649960687751435,0.22499075776546076,1303.6365217391303,356.6104347826087,0.9468884110849486,0.18363050194779026,0.665460194864283,0.9747961690286363,0.22309735284645182,356.6104347826087,1303.6365217391303
1092,691.0,97.15432893255071,0.6319930603943076,0.9691444600280504,33.731708183214344,26.141198361398438,-0.6487480213278256,1307.0839363241678,854.1447178002894,0.9199486759983083,0.4398273521113746,0.6672199777050372,0.7968408549128588,-0.6041892517595329,854.1447178002894,1307.0839363241678
1093,621.0,93.25483399593904,0.673755792179263,0.9657853810264385,32.879250264401875,24.296256133696904,0.5150655602810963,1307.2028985507247,1527.9919484702093,0.897343574864093,0.786813567698357,0.6672807037012377,0.8702604297046115,0.4925919046130832,1527.9919484702093,1307.2028985507247
1094,307.0,64.2842712474619,0.6849339254089154,0.9623824451410659,23.21853192495154,16.91714278390133,-1.2061126222682146,1301.1205211726385,1124.5114006514657,0.9335525931594837,0.579048095083144,0.6641758658359563,0.35665381750955466,-0.9342366158826474,1124.5114006514657,1301.1205211726385
1095,186.0,48.62741699796952,0.5142127090621613,0.96875,16.73375468219172,14.351917054732699,0.4957080106531799,1305.1559139784947,73.06451612903226,0.9884629733114125,0.03762333477293113,0.666235790698568,0.8796321618396601,0.47565455937821727,73.06451612903226,1305.1559139784947
1096,424.0,87.25483399593904,0.8185621651676755,0.8653061224489796,32.446774315527406,18.63800959981965,-0.05083510453752607,1312.5542452830189,308.2240566037736,0.6998367224257004,0.15871475623263315,0.6700123763568243,0.9987081743047878,-0.05081321262031886,308.2240566037736,1312.5542452830189
1097,336.0,66.8700576850888,0.7119948305448148,0.9739130434782609,24.710915923089132,17.351627231339236,1.502212333444005,1305.1875,828.4375,0.9442472870797018,0.4265898558187436,0.6662519142419602,0.06853023884008075,0.9976490396750359,828.4375,1305.1875
1098,178.0,49.21320343559643,0.8055841194209534,0.9726775956284153,19.608292834192984,11.617549074479257,0.31332040923166454,1311.5674157303372,732.2977528089888,0.9235631479388412,0.3770843217348037,0.669508634880213,0.951315402444412,0.308219086157925,732.2977528089888,1311.5674157303372
1099,1068.0,131.1959594928933,0.5140496892598155,0.9368421052631579,41.27068163870629,35.4003567073722,1.0678873542067835,1319.559925093633,113.55149812734082,0.7797227334054387,0.0584714202509479,0.6735885273576483,0.48197637014295647,0.8761842150049383,113.55149812734082,1319.559925093633
1100,615.0,93.49747468305833,0.44751046823166096,0.9534883720930233,29.70192366438268,26.56179747532061,0.21281763107637414,1321.2829268292683,244.82764227642275,0.8840670775786921,0.1260698466922877,0.6744680586162676,0.9774396700962517,0.21121479901306822,244.82764227642275,1321.2829268292683
1101,243.0,62.8700576850888,0.8805607499786392,0.9529411764705882,25.82481324112097,12.239238763670516,-0.22838145759771591,1317.5432098765432,1550.6131687242798,0.772553243053631,0.7984619818353655,0.672559065786903,0.9740341107862049,-0.22640130526330257,1550.6131687242798,1317.5432098765432
1102,753.0,106.5685424949238,0.7550883603835946,0.9616858237547893,38.79264296857102,25.433350436786206,0.15607532733939394,1328.8114209827356,1889.9402390438247,0.8331952550183871,0.9731927080555225,0.6783110877910851,0.9878449504317255,0.15544244563999166,1889.9402390438247,1328.8114209827356
1103,464.0,86.52691193458118,0.8897527735729178,0.9606625258799172,36.09048818805674,16.473242384740338,1.3637370795247783,1319.467672413793,1104.8556034482758,0.7787990906097532,0.568926675308072,0.6735414356374645,0.20558285552648173,0.9786397138444657,1104.8556034482758,1319.467672413793
1104,395.0,74.76955262170047,0.7899296304115618,0.9729064039408867,28.7904100544163,17.65420758652403,0.5426730603784898,1324.367088607595,1861.367088607595,0.8878863829260044,0.9584794483046318,0.676042413786419,0.8563313021816001,0.5164268592007634,1861.367088607595,1324.367088607595
1105,70.0,28.48528137423857,0.6179631044348933,0.9859154929577465,10.659328705027947,8.380439891954182,-0.7362901944432596,1317.9142857142858,262.75714285714287,1.0840938397362512,0.13530233926732382,0.6727484868373077,0.7409649483941536,-0.6715437031580666,262.75714285714287,1317.9142857142858
1106,340.0,76.52691193458118,0.8857176283573632,0.9115281501340483,31.44323520286719,14.596716632440373,0.28519759216578777,1328.3882352941177,32.54705882352941,0.7295589734652925,0.016759556551765916,0.6780950665105246,0.9596060794141601,0.28134706742986426,32.54705882352941,1328.3882352941177
1107,733.0,103.25483399593904,0.561476051631216,0.9544270833333334,34.16234068857812,28.269097337454394,-1.0095403942105903,1331.162346521146,182.36152796725784,0.8639588407275185,0.09390397938581763,0.6795111518739898,0.5322498740046372,-0.8465873089186065,182.36152796725784,1331.162346521146
1108,251.0,71.35533905932738,0.9388092003157048,0.9094202898550725,30.71235590985315,10.578491279370887,-0.39316653036349924,1332.3027888446215,52.35856573705179,0.61948477503429,0.02696115640424912,0.6800933072203275,0.9237005467206607,-0.3831152567935039,52.35856573705179,1332.3027888446215
1109,726.0,100.32590180780451,0.6867727490321318,0.9705882352941176,35.75522382244043,25.989478104256985,-0.8479353208808899,1333.7382920110192,327.198347107438,0.9064009255334826,0.16848524567839238,0.6808260806590195,0.6615328910274719,-0.7499161513721617,327.198347107438,1333.7382920110192
1110,502.0,97.1543289325507,0.8981088526436599,0.8853615520282186,39.190992280939234,17.235149038542826,-0.6093869350281845,1338.2749003984063,281.41434262948206,0.6683274028236627,0.14490954821291557,0.683141858294235,0.8199990687649604,-0.5723648549872692,281.41434262948206,1338.2749003984063
1111,272.0,63.698484809834994,0.8180844355525779,0.9379310344827586,24.610886988981672,14.153675024603253,0.29129485633398616,1331.3125,1452.485294117647,0.8424042790042965,0.7479326952202097,0.6795877998979071,0.9578728052451845,0.2871927731885342,1452.485294117647,1331.3125
1112,622.0,98.42640687119285,0.8517032436436248,0.9688473520249221,39.06423051271961,20.470610439382654,0.08755576831804351,1338.7073954983923,1510.805466237942,0.8068206151937629,0.7779636798341617,0.6833626316990262,0.996169441747684,0.08744394391899096,1510.805466237942,1338.7073954983923
1113,311.0,66.52691193458118,0.6727746426950473,0.9452887537993921,23.236699111293593,17.191613068760628,0.9463258823477743,1331.1639871382636,814.2700964630225,0.8830301323967172,0.419294591381577,0.6795119893508237,0.5846677408982768,0.8112728472917761,814.2700964630225,1331.1639871382636
1114,407.0,76.76955262170046,0.6720711512497104,0.9553990610328639,26.827698806443557,19.86555080255164,0.3375821595694287,1334.6633906633906,765.7100737100737,0.8678132040362135,0.39428943033474445,0.6812983107010672,0.9435582276690988,0.3312066892409467,765.7100737100737,1334.6633906633906
1115,642.0,99.01219330881975,0.792883558855872,0.948301329394387,37.05487382492403,22.58024598076928,0.11970146318065232,1342.1292834890967,82.15109034267913,0.8229387829217588,0.042302312225890384,0.6851093841189876,0.992844330113283,0.11941581202632397,82.15109034267913,1342.1292834890967
1116,169.0,48.8700576850888,0.7461322843723456,0.9285714285714286,18.131899976918003,12.07217780360858,-1.2097167923720544,1331.5976331360946,269.14792899408286,0.8892233644504982,0.13859316632033103,0.6797333502481341,0.3532843606470202,-0.9355159862462138,269.14792899408286,1331.5976331360946
1117,484.0,85.94112549695429,0.7783752516286395,0.9307692307692308,31.721998358565205,19.915048530135234,-1.3815473532992473,1335.8305785123966,365.3595041322314,0.8234801818104622,0.18813568698879063,0.6818941186893296,0.18812133057581443,-0.9821457961944271,365.3595041322314,1335.8305785123966
1118,659.0,103.1543289325507,0.6401026405850768,0.9321074964639321,34.33027681462742,26.375587940262882,-0.9141913659552072,1344.133535660091,620.608497723824,0.778252209572546,0.3195718319896107,0.686132483746856,0.6104312690853112,-0.7920692303851328,620.608497723824,1344.133535660091
1119,301.0,68.76955262170047,0.8492342394285743,0.940625,27.197067075417927,14.360494561037417,1.174547556287181,1334.4053156146178,721.8504983388705,0.799804717652514,0.37170468503546367,0.6811665725444705,0.38596049935672466,0.9225153076975513,721.8504983388705,1334.4053156146178
1120,318.0,67.2842712474619,0.7443509297016997,0.954954954954955,24.673457124726117,16.476654852924554,-1.018177938535916,1335.8301886792453,794.3301886792453,0.8826933975168951,0.4090268736762334,0.681893919693336,0.5249176748194444,-0.8511530030859011,794.3301886792453,1335.8301886792453
1121,181.0,54.87005768508881,0.8733688009187374,0.923469387755102,22.02597530301024,10.727960089422925,0.08349320006269143,1337.6519337016575,1437.7127071823204,0.7554706650744789,0.7403258018446552,0.6828238558967114,0.9965164671527206,0.08339622709368101,1437.7127071823204,1337.6519337016575
1122,364.0,73.35533905932738,0.7200564086695516,0.9503916449086162,26.05226600424419,18.07807207638411,1.459814428629978,1341.8543956043957,103.07967032967034,0.8500564950879572,0.05307912993288895,0.6849690636061234,0.11075421142899991,0.9938478277134485,103.07967032967034,1341.8543956043957
1123,57.0,27.556349186104043,0.7915937454522718,0.9193548387096774,11.007380422202658,6.726034944733975,0.37072261000543355,1338.5438596491229,256.6666666666667,0.9432815955333343,0.13216615173360796,0.683279152449782,0.9320657952850722,0.3622890465631083,256.6666666666667,1338.5438596491229
1124,176.0,56.04163056034262,0.9167485627516979,0.9263157894736842,24.021060788844043,9.595566627835886,-0.37877223982934105,1345.3863636363637,421.28977272727275,0.7042080838721901,0.2169360312704803,0.6867720079818089,0.9291193369087828,-0.3697800126861698,421.28977272727275,1345.3863636363637
1125,330.0,71.698484809835,0.71501896198309,0.8991825613079019,25.238003725369943,17.6440160922255,1.352323377537173,1342.6575757575758,646.8151515151516,0.8066847522420569,0.33306650438473306,0.6853790585796712,0.2167391242926326,0.9762295590694141,646.8151515151516,1342.6575757575758
1126,304.0,65.07716446627535,0.5424103292312805,0.9589905362776026,21.633190972006805,18.174340185175012,1.3603644325861999,1343.6151315789473,436.1743421052632,0.9020408474844444,0.22460058810775652,0.6858678568550012,0.2088822862786792,0.9779407908861313,436.1743421052632,1343.6151315789473
1127,513.0,84.66904755831213,0.7086038240597196,0.9624765478424016,30.49386113992311,21.516668525162537,0.6177575243355016,1348.9844054580897,685.2923976608187,0.8992446864386694,0.35287971043296534,0.6886086806830473,0.8151793664049652,0.5792085985097246,685.2923976608187,1348.9844054580897
1128,684.0,103.15432893255071,0.5529846364228403,0.9193548387096774,33.010748355670835,27.504273278680344,-0.4792634959594615,1350.9970760233919,396.09502923976606,0.807776193243735,0.2039624249432369,0.6896360776025482,0.887334784407205,-0.46112577501265195,396.09502923976606,1350.9970760233919
1129,752.0,105.49747468305833,0.6668289254147723,0.947103274559194,36.34110376492559,27.081784174898004,0.23672926017508897,1353.216755319149,1821.0518617021276,0.8490701571588843,0.9377198052019194,0.6907691451348387,0.9721102413571507,0.23452436685458097,1821.0518617021276,1353.216755319149
1130,258.0,60.526911934581186,0.6575220680482423,0.9626865671641791,21.20761998331044,15.978569225248211,0.5155628059170091,1347.3720930232557,1427.2403100775193,0.8849781256125121,0.7349332183715341,0.6877856523855312,0.8700153829525048,0.4930245768985624,1427.2403100775193,1347.3720930232557
1131,598.0,97.49747468305833,0.7895195380615064,0.9552715654952076,35.85570201969263,22.005556011178392,1.188001779475945,1349.7391304347825,1117.4214046822742,0.7905408456281378,0.5753972217725408,0.6889939410080564,0.37351421495289555,0.9276244559239057,1117.4214046822742,1349.7391304347825
1132,312.0,68.35533905932738,0.6894304665658205,0.9425981873111783,23.75279035161279,17.205378112160613,-1.0918170543459385,1352.6858974358975,63.19551282051282,0.839111309129939,0.03254145871293142,0.6904981610188349,0.4608735549830691,-0.8874658113512137,63.19551282051282,1352.6858974358975
1133,671.0,98.32590180780451,0.7694588330884672,0.9640804597701149,36.72561111682195,23.45651597638362,-1.0721219816851166,1355.371087928465,802.1818181818181,0.8721606886990912,0.413069937271791,0.6918688555020239,0.4782617460684217,-0.8782173433994482,802.1818181818181,1355.371087928465
1134,240.0,65.84062043356595,0.9107333323209882,0.916030534351145,27.8834024481433,11.51570334241169,0.7266954207464648,1353.875,1096.4416666666666,0.695718058525435,0.5645940611053896,0.6911051556916794,0.7473740531551905,0.6644035104290031,1096.4416666666666,1353.875
1135,128.0,41.55634918610404,0.807122383136646,0.9624060150375939,16.683591596311263,9.84972824231675,-1.2999141665842286,1349.5,1874.40625,0.9314189294147704,0.9651937435633368,0.6888718734047984,0.26758153312945254,-0.9635352215295981,1874.40625,1349.5
1136,808.0,107.49747468305833,0.539149967805825,0.9676646706586827,35.40693561517662,29.820067427339392,-1.1830079806197566,1361.5111386138615,1658.3007425742574,0.8786677786863115,0.8539138736221716,0.695003133544595,0.3781419083020773,-0.9257476422792895,1658.3007425742574,1361.5111386138615
1137,281.0,67.35533905932736,0.8603724194779983,0.9243421052631579,26.58297816600826,13.548436713956097,-0.38967725876495013,1359.6832740213524,736.8612099644129,0.778344983315442,0.37943419668610345,0.6940700735177909,0.9250317141636871,-0.3798898890354819,736.8612099644129,1359.6832740213524
1138,483.0,90.08326112068524,0.8696350831147469,0.9489194499017681,35.49965922630289,17.52600674935557,-0.32848763957277316,1366.486542443064,1493.3892339544514,0.7479435050718293,0.7689954860733529,0.6975429006855866,0.946531331284503,-0.32261190135639234,1493.3892339544514,1366.486542443064
1139,512.0,95.01219330881975,0.8990882740091398,0.920863309352518,39.35393968023836,17.227870911298005,-0.3116397576818699,1365.998046875,640.923828125,0.7127235968301148,0.3300328672116375,0.697293541028586,0.9518320675478843,-0.30661982190902104,640.923828125,1365.998046875
1140,945.0,112.5685424949238,0.4837642732585013,0.9782608695652174,37.1341140854955,32.499714868796275,-1.4559896124244867,1366.6148148148147,145.33227513227513,0.9371467135736989,0.07483639296203663,0.6976083791806099,0.11455467731511178,-0.9934169446437032,145.33227513227513,1366.6148148148147
1141,324.0,80.66904755831213,0.9332233570046357,0.9204545454545454,34.335259346566325,12.336547637399265,0.9212103158561363,1360.4537037037037,1785.45987654321,0.6256637819420229,0.9193923154187487,0.6944633505378783,0.6048567839005009,0.7963342708747017,1785.45987654321,1360.4537037037037
1142,244.0,57.11269837220809,0.3077685262556755,0.953125,18.10919077981046,17.23019352419426,-0.674601673396955,1360.688524590164,337.76229508196724,0.9400140206709319,0.17392497172088942,0.694583218269609,0.7809558024162134,-0.624586290813726,337.76229508196724,1360.688524590164
1143,695.0,97.25483399593904,0.5810693428917987,0.9747545582047685,33.05963583142615,26.905718595186773,1.238331104273292,1365.6374100719424,512.6115107913669,0.9233625893164406,0.2639606131778408,0.6971094487350395,0.32637424626783956,0.9452406314653955,512.6115107913669,1365.6374100719424
1144,265.0,62.284271247461895,0.47594413591972123,0.9363957597173145,20.187551571272085,17.754457291769334,-0.983974008265209,1361.1283018867925,1904.7056603773585,0.8584182915496225,0.9807959116258282,0.6948077089774337,0.5537177535879005,-0.8327044189636374,1904.7056603773585,1361.1283018867925
1145,244.0,62.18376618407356,0.8312150400550884,0.9348659003831418,23.820888337379657,13.243247608665788,-0.263836376563467,1365.6598360655737,758.2622950819672,0.7929497142127448,0.3904543229052354,0.697120896409175,0.9653966111982583,-0.2607860868353965,758.2622950819672,1365.6598360655737
1146,143.0,46.62741699796951,0.8776956526819022,0.9407894736842105,19.614436126171213,9.399600055441931,0.4973000897327815,1362.5244755244755,672.4055944055945,0.8265386873144305,0.3462438694158571,0.6955204060870217,0.8788737676779397,0.4770543999247706,672.4055944055945,1362.5244755244755
1147,380.0,75.59797974644665,0.6544009769179034,0.9382716049382716,25.775875466904004,19.49036924283722,1.4258754486711775,1367.0526315789473,1864.4184210526316,0.8355512267778203,0.9600506802536724,0.6978318691061497,0.1444141376944635,0.9895173352872422,1864.4184210526316,1367.0526315789473
1148,664.0,96.42640687119285,0.5293404168775255,0.9651162790697675,31.777920093758294,26.96069011001002,1.5284972495955764,1373.688253012048,197.2710843373494,0.8973998144884504,0.10158140285136427,0.7012191184339194,0.04228646465875948,0.9991055274127271,197.2710843373494,1373.688253012048
1149,295.0,80.28427124746189,0.9374518154965843,0.8625730994152047,34.914664149334776,12.154320336189269,1.5592493704035075,1368.8745762711865,1432.4610169491525,0.5751365141373359,0.7376215329295327,0.698761907233888,0.011546699796246222,0.9999333346397725,1432.4610169491525,1368.8745762711865
1150,590.0,93.59797974644665,0.6183646742055866,0.9424920127795527,31.215109910928845,24.53168319392407,-0.20319478831303822,1379.3322033898305,701.3135593220339,0.8463089348466192,0.36112953621114,0.704100154869745,0.9794268708597909,-0.20179941684206773,701.3135593220339,1379.3322033898305
1151,383.0,77.59797974644665,0.8718351390595952,0.9598997493734336,31.605353641330467,15.480284478281463,-0.9185702525299897,1375.7389033942559,447.4804177545692,0.7992963113909545,0.23042246022377405,0.7022659027025298,0.6069570464573402,-0.7947346373197673,447.4804177545692,1375.7389033942559
1152,275.0,63.941125496954285,0.525587647532091,0.919732441471572,20.42470100831589,17.376099057986696,-1.5332238313751962,1375.6763636363637,744.1309090909091,0.8452438214920187,0.38317760509315607,0.7022339783748666,0.03756365590920922,-0.9992942368265387,744.1309090909091,1375.6763636363637
1153,431.0,76.8700576850888,0.7098449025371059,0.9685393258426966,27.98402936496609,19.71077539601468,1.4286532421240556,1375.784222737819,1140.6194895591648,0.9165849462617031,0.5873426825742352,0.7022890366196115,0.1416649092946113,0.9899146697945987,1140.6194895591648,1375.784222737819
1154,728.0,113.39696961966999,0.8762817485434335,0.9077306733167082,45.54205846081585,21.942119205941687,-0.5494921373572682,1385.5741758241759,220.9010989010989,0.7114401088821674,0.11374927852785731,0.7072864603492475,0.8527898654220387,-0.5222541961855942,220.9010989010989,1385.5741758241759
1155,503.0,83.59797974644665,0.6185348160913731,0.9691714836223507,28.70627989366466,22.55617166345767,-0.11790158082898115,1381.9900596421471,777.2485089463221,0.9044535850035386,0.400230952083585,0.7054568961930306,0.9930576562126744,-0.11762861657517584,777.2485089463221,1381.9900596421471
1156,218.0,53.45584412271571,0.38914081155168334,0.9478260869565217,17.407679129236495,16.035575968583363,0.6343330109932895,1377.3761467889908,1197.2018348623853,0.9586850917766567,0.6164788027097762,0.7031016573705926,0.8054671602473695,0.5926404084797444,1197.2018348623853,1377.3761467889908
1157,549.0,87.59797974644665,0.6944945242993678,0.9648506151142355,31.23214246084006,22.47146368282042,1.0191894167089466,1381.8597449908925,267.3151183970856,0.8990710796798577,0.13764939155359712,0.7053903751867752,0.5240564837632246,0.8516835103638706,267.3151183970856,1381.8597449908925
1158,375.0,91.49747468305833,0.9373261296366125,0.8761682242990654,38.96871881057286,13.578780031777285,1.0620050406967938,1381.256,837.8666666666667,0.5628892002114083,0.43144524545142465,0.7050821847881573,0.48712199210975465,0.8733339365918538,837.8666666666667,1381.256
1159,577.0,88.42640687119285,0.649018659472911,0.9713804713804713,31.124908945541065,23.678974440966556,-0.4190353971413548,1384.8873483535529,1528.4991334488734,0.927303119495725,0.7870747340107485,0.7069358592922679,0.9134818423542465,-0.4068794952920233,1528.4991334488734,1384.8873483535529
1160,491.0,87.59797974644667,0.804959661135411,0.9334600760456274,32.82083686919109,19.47357206713005,-1.210675609503109,1382.784114052953,94.0020366598778,0.8040872497683242,0.04840475626152307,0.7058622327988531,0.3523872096379755,-0.9358542912673754,94.0020366598778,1382.784114052953
1161,782.0,105.9827560572969,0.29191975542587767,0.9583333333333334,32.79368412761704,31.365283527414118,1.4373135379501627,1386.8644501278773,309.5831202046036,0.8748753876918652,0.15941458300957959,0.7079450996058587,0.13308675012197935,0.9911043925550779,309.5831202046036,1386.8644501278773
1162,643.0,107.63961030678928,0.9158163489095977,0.9386861313868613,45.64356231890767,18.33033273661536,-0.5174160596801143,1391.3094867807154,1075.6189735614307,0.6973914254637258,0.5538717680542897,0.7102141331193034,0.8691001897680624,-0.4946360885996067,1075.6189735614307,1391.3094867807154
1163,629.0,103.9827560572969,0.8766120513486094,0.9487179487179487,41.64695393876276,20.04042212327474,-0.7779100818300848,1393.7011128775835,1451.8569157392687,0.7310344794494414,0.7476091224198088,0.7114349733933555,0.7123817808304733,-0.7017921332850657,1451.8569157392687,1393.7011128775835
1164,94.0,33.798989873223334,0.5531396074885145,0.9494949494949495,12.006742730105573,10.002680197410223,-0.6117211546356194,1383.4893617021276,38.170212765957444,1.034023182419364,0.01965510441089467,0.7062222367034853,0.8186608107963518,-0.5742773518660299,38.170212765957444,1383.4893617021276
1165,226.0,62.52691193458118,0.8479904186586769,0.875968992248062,24.487157155367772,12.978476274469616,-0.7863350048040628,1386.4115044247787,239.53982300884957,0.7264142287904122,0.12334697374297095,0.7077138868937104,0.7064440240681104,-0.7077689176973336,239.53982300884957,1386.4115044247787
1166,316.0,70.66904755831213,0.826703256698644,0.9376854599406528,26.871337722585142,15.1188406404308,-0.7299544731946119,1390.98417721519,1477.5443037974683,0.7951306056039916,0.7608364077226922,0.7100480741272026,0.7452047620166942,-0.6668357089026068,1477.5443037974683,1390.98417721519
1167,600.0,98.91168824543142,0.7991375432047093,0.9230769230769231,36.35990652344312,21.857693226002468,-0.2667539158156475,1397.34,368.82166666666666,0.7706654427174174,0.18991846893237213,0.713292496171516,0.9646316498907989,-0.2636015554372833,368.82166666666666,1397.34
1168,446.0,93.84062043356593,0.6347508774497594,0.87109375,28.45276444621817,21.985930393373177,0.7020085865058834,1395.8363228699552,554.9730941704036,0.6364480816067354,0.2857739928786836,0.7125249223430093,0.7635466783544239,0.6457526383793766,554.9730941704036,1395.8363228699552
1169,529.0,88.66904755831214,0.7263173290176678,0.9497307001795332,31.534888658137934,21.675806569799718,-0.74820662946725,1394.241965973535,1173.2457466918715,0.8455152577280702,0.6041430209535898,0.7117110597108397,0.7329101224643102,-0.6803254753346738,1173.2457466918715,1394.241965973535
1170,370.0,72.76955262170047,0.6467523064798584,0.9462915601023018,25.281336555146677,19.282078109720903,0.07928071723767575,1394.2297297297298,393.6459459459459,0.8780357080676352,0.20270131099173322,0.7117048135424858,0.9968589297030033,0.07919769107355823,393.6459459459459,1394.2297297297298
1171,474.0,87.84062043356595,0.8652409006642479,0.920388349514563,35.34966982549763,17.72278123056,-0.4854478385727279,1398.6033755274261,139.84810126582278,0.7719646553309605,0.07201241053852872,0.7139374045571343,0.8844660743142867,-0.46660450425073563,139.84810126582278,1398.6033755274261
1172,386.0,78.18376618407356,0.7812752326069518,0.9301204819277108,28.629017616413904,17.869851444476577,0.5160527504890153,1396.062176165803,577.8290155440415,0.7935311776689981,0.2975432623810718,0.712640212437878,0.8697737238251351,0.4934507770217387,577.8290155440415,1396.062176165803
1173,352.0,75.59797974644665,0.8546723169749301,0.9119170984455959,29.96566515010442,15.557209203009299,1.3544922959354837,1393.2045454545455,599.3494318181819,0.7739842942784019,0.3086248361576632,0.7111814933407583,0.21462125390842188,0.9766973519830883,599.3494318181819,1393.2045454545455
1174,351.0,72.52691193458118,0.8362682358309859,0.9564032697547684,28.682218395009066,15.727050084339357,0.20471174403168374,1398.1709401709402,1120.3475783475783,0.8385300054142383,0.5769040053283101,0.7137166616492804,0.979119623291664,0.20328493127920239,1120.3475783475783,1398.1709401709402
1175,472.0,94.91168824543144,0.9041592791983032,0.8789571694599627,38.88683518942001,16.612281121379446,0.7842376509091528,1401.3834745762713,175.739406779661,0.6584343288789328,0.09049403026759063,0.7153565464912054,0.7079269110906286,0.7062856989587721,175.739406779661,1401.3834745762713
1176,266.0,62.2842712474619,0.8269158309845125,0.9602888086642599,24.724671992529604,13.903318828132335,1.1355817239240507,1395.9812030075188,442.55263157894734,0.8616576058573566,0.22788498021572984,0.7125988785132817,0.42160500857581595,0.9067795855354189,442.55263157894734,1395.9812030075188
1177,377.0,73.35533905932738,0.7115389496306536,0.9741602067183462,26.466236806016678,18.59641278809661,-0.1641249642677876,1404.3315649867375,58.07957559681697,0.8804156556268128,0.029907093510204416,0.7168614420555066,0.9865617043426277,-0.16338911690981642,58.07957559681697,1404.3315649867375
1178,232.0,57.698484809834994,0.7602594437079222,0.943089430894309,21.45571203559067,13.938050303177095,0.5707845539328774,1400.969827586207,195.43965517241378,0.8757275887858328,0.10063833942966724,0.7151453943778494,0.841477345654078,0.5402923993088996,195.43965517241378,1400.969827586207
1179,236.0,57.4558441227157,0.6459816117464204,0.9402390438247012,19.965064265006028,15.240391109179892,-1.3843439330285363,1398.9449152542372,694.7754237288135,0.8983662913737085,0.3577628340519122,0.7141117484707694,0.185373949496517,-0.9826680511994184,694.7754237288135,1398.9449152542372
1180,298.0,65.698484809835,0.7195724239502971,0.952076677316294,23.765121346536347,16.502913797835745,-0.272828119737162,1404.1577181208054,747.6241610738255,0.8675917644026636,0.3849763960215373,0.716772699398063,0.9630126946877111,-0.2694560258563786,747.6241610738255,1404.1577181208054
1181,281.0,60.62741699796952,0.6427687229623822,0.972318339100346,21.682157146665507,16.609839603861555,-0.041394827245848864,1403.9608540925267,80.1779359430605,0.9606784583963532,0.04128626979560273,0.7166722072958278,0.9991433564729457,-0.041383006367059855,80.1779359430605,1403.9608540925267
1182,684.0,120.5685424949238,0.9050831471821292,0.9156626506024096,47.59499611080363,20.239040904400028,0.9892060913702322,1406.732456140351,1300.3991228070176,0.5912864733073713,0.6696184978408948,0.7180870118123281,0.5493534158338776,0.8355901055611242,1300.3991228070176,1406.732456140351
1183,117.0,42.04163056034261,0.868480601237834,0.9285714285714286,17.539035807592295,8.69450614621489,-0.9352983618514807,1402.1709401709402,421.3247863247863,0.8318339140711505,0.21695406092934413,0.715758519740143,0.5935783382761834,-0.8047762150618547,421.3247863247863,1402.1709401709402
1184,438.0,91.25483399593905,0.8666752088163329,0.863905325443787,35.6949279331159,17.807229067493598,-0.12783482846034194,1411.4315068493152,465.2420091324201,0.6609554922447579,0.23956849079939244,0.7204857104896963,0.9918402494474482,-0.1274869388448238,465.2420091324201,1411.4315068493152
1185,446.0,80.76955262170047,0.6950328825203049,0.9469214437367304,28.39123415211435,20.41267132133827,-0.9316217446711542,1407.2399103139014,1096.304932735426,0.859111174629581,0.5645236522839475,0.7183460491648297,0.5965331738215469,-0.8025884203814506,1096.304932735426,1407.2399103139014
1186,336.0,73.35533905932738,0.689267270645284,0.8983957219251337,25.414769264634437,18.413182384865415,-1.4023689444970702,1406.6964285714287,255.69642857142858,0.7846675339273452,0.13166654406355746,0.7180686210165537,0.16763219244980399,-0.985849607219312,255.69642857142858,1406.6964285714287
1187,259.0,67.21320343559643,0.9237362662745658,0.9592592592592593,29.583979666809324,11.331525836946692,-0.010609089651332154,1410.915057915058,855.2162162162163,0.7204443481065296,0.4403791020680825,0.7202220816309638,0.9999437241362217,-0.010608890638690829,855.2162162162163,1410.915057915058
1188,693.0,101.01219330881976,0.6839613335170919,0.9585062240663901,34.97640487831579,25.515926089735128,0.2878021921807445,1413.5036075036076,872.2626262626262,0.8534842207557076,0.4491568621331752,0.7215434443612085,0.9588700287128785,0.28384550029226047,872.2626262626262,1413.5036075036076
1189,707.0,116.46803743153546,0.9285485641735145,0.9464524765729585,49.38628525523003,18.33272950545182,0.5528716149971619,1419.4992927864214,1278.019801980198,0.6549614865483105,0.658094645715859,0.7246040289874535,0.8510200526071393,0.5251331926859526,1278.019801980198,1419.4992927864214
1190,420.0,77.84062043356595,0.7567392760413528,0.958904109589041,28.882672902457053,18.881088803342248,1.0828472340433002,1411.7119047619049,1498.5523809523809,0.8710570030939605,0.7716541611495267,0.720628843676317,0.46881531680672156,0.8832962123361637,1498.5523809523809,1411.7119047619049
1191,282.0,62.526911934581186,0.7538104723116668,0.962457337883959,23.380442020482498,15.363099190836756,-0.9560432914549489,1411.4290780141844,341.2269503546099,0.9064106748623725,0.1757090372577806,0.7204844706555306,0.5767567905159984,-0.8169159103565585,341.2269503546099,1411.4290780141844
1192,453.0,97.49747468305833,0.9317866264359145,0.8796116504854369,41.52145794377609,15.072557050058478,-1.2950861115212766,1412.2494481236204,1902.905077262693,0.598854520183188,0.9798687318551458,0.720903240491894,0.27223039748880923,-0.9622320981359357,1902.905077262693,1412.2494481236204
1193,300.0,79.1126983722081,0.9295302020328751,0.9345794392523364,32.70796911278391,12.060932378987422,-0.11197203792317326,1421.41,46.02,0.602335865275288,0.02369721936148301,0.7255793772332824,0.9937376784106295,-0.11173820522566226,46.02,1421.41
1194,415.0,75.01219330881975,0.5893033797957664,0.962877030162413,25.70017098307866,20.763472194226647,-0.7589381652712649,1416.4409638554216,279.2216867469879,0.9268175149041771,0.14378047721266113,0.7230428605693832,0.7255671226955073,-0.6881514008293252,279.2216867469879,1416.4409638554216
1195,328.0,73.35533905932738,0.8308592558254232,0.9452449567723343,28.28656471706536,15.740981406845002,-0.3205565068670588,1419.6707317073171,319.1006097560976,0.7659849735957416,0.16431545301549824,0.7246915424743834,0.9490602126512969,-0.3150947679068554,319.1006097560976,1419.6707317073171
1196,288.0,62.8700576850888,0.756594756081544,0.96,23.70294089799219,15.498975430370473,-0.5626324173196654,1415.2777777777778,1190.7118055555557,0.915618658433933,0.6131368720677424,0.7224490953434292,0.8458538733043076,-0.5334146839149634,1190.7118055555557,1415.2777777777778
1197,167.0,47.79898987322332,0.7152393042622038,0.943502824858757,17.474888874418223,12.212843875965143,-0.7446882016159665,1413.874251497006,816.497005988024,0.9185205928937973,0.4204413007147394,0.7217326449703961,0.7352992571608635,-0.6777425782837332,816.497005988024,1413.874251497006
1198,472.0,81.25483399593904,0.6895996494535576,0.9574036511156186,28.918453399621036,20.94247807531774,0.618887102220186,1419.614406779661,231.55296610169492,0.8983662913737084,0.11923427708635166,0.7246627905970705,0.8145245852581522,0.5801290373787845,231.55296610169492,1419.614406779661
1199,453.0,82.2842712474619,0.8435456048712028,0.9721030042918455,32.899572535652446,17.668963837067746,-0.0993097672873777,1423.8344370860927,442.6754966887417,0.8407645885573174,0.22794824752252404,0.7268169663532887,0.9950728365420081,-0.0991466084959139,442.6754966887417,1423.8344370860927
1200,297.0,61.21320343559642,0.31096418460452585,0.9737704918032787,19.970430982281858,18.980329577764202,-0.21944389969958647,1420.1279461279462,656.3973063973064,0.9960384362298796,0.33800067270716083,0.7249249342153885,0.9760186559863641,-0.21768689250060844,656.3973063973064,1420.1279461279462
1201,369.0,80.5269119345812,0.8359742649423746,0.9318181818181818,30.059293403839792,16.495597782609458,-0.49359136705028606,1426.9566395663956,841.2357723577236,0.715079191131591,0.43318010935001217,0.7284107399522183,0.8806369818136518,-0.47379162747155207,841.2357723577236,1426.9566395663956
1202,213.0,52.62741699796952,0.38980967389156285,0.9551569506726457,17.260562064230808,15.895172959837138,-1.3719991377951422,1421.6713615023475,1518.6760563380283,0.9664187726758723,0.7820165068681917,0.7257127930078343,0.19749035250567096,-0.98030483048243,1518.6760563380283,1421.6713615023475
1203,230.0,65.21320343559643,0.9348530037275846,0.9623430962343096,28.879151334664783,10.253109908803557,0.014264194283445365,1429.304347826087,641.7652173913043,0.6796207518030586,0.3304661263600949,0.7296091617284772,0.9998982681056653,0.014263710572329514,641.7652173913043,1429.304347826087
1204,203.0,53.798989873223334,0.7802223532605599,0.9398148148148148,20.503765786620054,12.825151874221218,-1.28414374243322,1422.6059113300494,699.167487684729,0.8813687723605284,0.36002445297874824,0.7261898475395862,0.2827429884877656,-0.9591957060271941,699.167487684729,1422.6059113300494
1205,547.0,86.76955262170046,0.24876210835703266,0.961335676625659,27.03293527182493,26.18314454409365,-0.9021710458451533,1429.8117001828155,120.6307129798903,0.9129825436196383,0.06211674200818244,0.7298681471071033,0.6199078660140088,-0.7846746062247444,120.6307129798903,1429.8117001828155
1206,300.0,68.76955262170047,0.7715476258400282,0.9345794392523364,25.131732432549292,15.988093571463152,-0.21250070313585984,1430.0033333333333,411.37666666666667,0.797147559122107,0.21183144524545142,0.729965969031819,0.9775065608777462,-0.2109050104690758,411.37666666666667,1430.0033333333333
1207,1029.0,145.4386001800126,0.9279752889327232,0.9195710455764075,60.711087369619676,22.623484969146308,-0.529199655212363,1444.2808551992225,24.053449951409135,0.6113161467459793,0.012385916555823448,0.7372541374166527,0.8632113951098891,-0.5048426362268137,24.053449951409135,1444.2808551992225
1208,493.0,83.698484809835,0.8006557777642765,0.9723865877712031,32.423619993897226,19.425789420318345,1.4340884893774613,1426.7991886409736,1151.4097363083165,0.8843447281497667,0.5928989373369292,0.7283303668407216,0.13628241227479512,0.9906700278622357,1151.4097363083165,1426.7991886409736
1209,561.0,96.08326112068524,0.8783578495057512,0.9606164383561644,38.76888564315955,18.53166879513081,-0.4630750924896387,1437.4010695187167,357.10873440285206,0.7636199315841817,0.1838870928953924,0.7337422509028672,0.8946830815678692,-0.4467014479002967,357.10873440285206,1437.4010695187167
1210,567.0,95.7401153701776,0.7550382463677027,0.9279869067103109,34.064995991729674,22.33576213622733,1.0257454784812303,1431.7813051146384,1554.8165784832452,0.7773292856735821,0.8006264564795289,0.7308735605485648,0.5184615716150063,0.8551009289893783,1554.8165784832452,1431.7813051146384
1211,428.0,84.66904755831213,0.8740911138850965,0.9469026548672567,34.07931350050254,16.55443562435149,-0.9736038446968878,1432.8434579439252,390.24766355140184,0.7502470288416189,0.20095142304397623,0.7314157518856177,0.562323106626255,-0.8269176039692211,390.24766355140184,1432.8434579439252
1212,188.0,53.698484809834994,0.8671734642750475,0.94,21.980085436230492,10.946218991904212,0.6189119229106321,1430.627659574468,1178.3882978723404,0.8193013117524734,0.6067910905624823,0.7302846654285187,0.8145101858039974,0.5801492542626748,1178.3882978723404,1430.627659574468
1213,809.0,119.7401153701776,0.8911898885105795,0.9450934579439252,48.21568998492213,21.872105009365622,1.1173315418624792,1437.0766378244746,1730.3609394313967,0.7090535588000813,0.8910200512005132,0.733576640032912,0.4380827726014387,0.8989346385304308,1730.3609394313967,1437.0766378244746
1214,513.0,85.01219330881976,0.7195960903113033,0.9679245283018868,30.764545352002358,21.3626811384169,0.2877239226557635,1439.0331384015594,1208.896686159844,0.8919998615203057,0.622500868259446,0.7345753641661865,0.9588922422282559,0.2837704491212356,1208.896686159844,1439.0331384015594
1215,361.0,69.94112549695429,0.5955490514705621,0.9575596816976127,23.996403757173514,19.276765748462314,0.22660499614409477,1437.9168975069251,629.1606648199446,0.9273674160699588,0.32397562555094983,0.7340055627906713,0.9744347668310447,0.22467061488082388,629.1606648199446,1437.9168975069251
1216,271.0,62.2842712474619,0.5488386215109279,0.9475524475524476,20.696214313937485,17.30055180243673,1.4337191031169554,1437.7675276752768,865.6162361623616,0.8778541773960287,0.44573441614951675,0.7339293147908509,0.13664834286585137,0.9906196194261533,865.6162361623616,1437.7675276752768
1217,468.0,93.74011537017762,0.9260124609747343,0.9017341040462428,40.4267052242361,15.260795936497459,-0.99239164512892,1444.076923076923,416.7628205128205,0.6692752265076419,0.21460495392009293,0.7371500373031766,0.5466888157853323,-0.8373358577627206,416.7628205128205,1444.076923076923
1218,542.0,118.81118318204308,0.8469155930910591,0.7394270122783083,43.181069024414604,22.960555542247224,0.46360304025049914,1450.0848708487085,1057.2435424354244,0.48249687946919734,0.5444096510996006,0.7402168814950018,0.8944471218626477,0.4471737315536611,1057.2435424354244,1450.0848708487085
1219,177.0,48.04163056034262,0.677064948226271,0.9619565217391305,17.585241043732385,12.941388051492108,0.5325315965911118,1438.9604519774011,1693.9943502824858,0.9637128548335129,0.8722936922154921,0.7345382603253706,0.861524500542802,0.5077159983341824,1693.9943502824858,1438.9604519774011
1220,238.0,54.62741699796952,0.5674688305538934,0.9754098360655737,19.180928823070115,15.79347856256171,-0.7761457452657855,1439.9285714285713,483.94117647058823,1.002225594529141,0.24919731023202277,0.735032450958944,0.7136188689289095,-0.7005341604151962,483.94117647058823,1439.9285714285713
1221,411.0,77.59797974644665,0.7871412886641216,0.9602803738317757,29.315493609313826,18.080996815782793,-0.3921067699817093,1447.6423357664235,166.25060827250607,0.8577305064795883,0.08560793422889088,0.7389700539900068,0.9241060383151425,-0.38213614059585166,166.25060827250607,1447.6423357664235
1222,271.0,61.35533905932738,0.5787853481840636,0.9508771929824561,20.69568242843617,16.876913715077134,0.2478385447131909,1445.3579335793358,1572.9594095940959,0.9046371821605917,0.8099687999969598,0.7378039477178846,0.9694449105652285,0.24530912208716588,1572.9594095940959,1445.3579335793358
1223,148.0,43.21320343559643,0.5235595231440731,0.9548387096774194,14.942075857042418,12.730485754613753,-0.4299949795811054,1441.5337837837837,246.60135135135135,0.9959525664881796,0.12698318813148884,0.7358518549177048,0.9089678425294831,-0.41686623903513303,246.60135135135135,1441.5337837837837
1224,277.0,62.04163056034262,0.5373701050461733,0.9453924914675768,20.735905326792135,17.4875538103927,1.2555343470081202,1443.942238267148,716.3537906137184,0.9043222710657847,0.36887424851375816,0.7370812854860378,0.3100655500254891,0.9507151806337116,716.3537906137184,1443.942238267148
1225,550.0,99.94112549695427,0.9234438166409124,0.9515570934256056,43.094621248338356,16.536856495962258,1.5158964405165123,1443.6545454545455,306.50363636363636,0.6919649257629674,0.15782885497612584,0.7369344285117639,0.05487231241396899,0.998493379712827,306.50363636363636,1443.6545454545455
1226,144.0,45.21320343559643,0.7371688937988014,0.9290322580645162,16.9511464009894,11.454034272880575,0.18989990403185406,1443.5,1305.5902777777778,0.8852008021443687,0.6722915951481864,0.7368555385400715,0.9820231342117246,0.18876059936591943,1305.5902777777778,1443.5
1227,622.0,95.35533905932736,0.6557660199832559,0.9583975346687211,32.59919607718965,24.611225636302272,-1.242166231271199,1448.5546623794212,842.6463022508038,0.8596273394157125,0.4339064378222471,0.7394357643590715,0.32274673710331997,-0.9464853636951606,842.6463022508038,1448.5546623794212
1228,235.0,57.4558441227157,0.5861759845109912,0.94,19.449640229901952,15.757782534655636,1.4267366253767997,1444.8595744680852,1073.340425531915,0.8945596545458538,0.5526984683480509,0.737549553072019,0.143561934970247,0.9896413344376833,1073.340425531915,1444.8595744680852
1229,321.0,72.76955262170047,0.8589308320357281,0.9385964912280702,28.46664627155739,14.577530963593443,1.0042989253075125,1445.526479750779,1145.056074766355,0.7617553034857052,0.5896272269651675,0.7378899845588458,0.5366799035075073,0.8437859214108592,1145.056074766355,1445.526479750779
1230,202.0,50.384776310850235,0.47523761161158284,0.9665071770334929,17.111369770329723,15.055566951884849,-1.1227390009284854,1444.0891089108911,1167.5544554455446,0.9999138038367569,0.6012123869441527,0.7371562577390971,0.4332154391411519,-0.9012903989778982,1167.5544554455446,1444.0891089108911
1231,653.0,108.81118318204308,0.8824015206793498,0.9107391910739191,43.50984752234712,20.471258708029197,0.5284198391434223,1456.2450229709036,1821.2848392036753,0.6930682115763948,0.9378397730194002,0.7433614206079141,0.8636048170049384,0.5041693366775362,1821.2848392036753,1456.2450229709036
1232,291.0,63.11269837220809,0.7032221894265841,0.9603960396039604,22.927379181973237,16.300682185592592,0.46087658217809585,1449.8384879725086,907.6013745704468,0.9180563851422711,0.46735395189003437,0.740091111777697,0.8956629963151012,0.4447333999508639,907.6013745704468,1449.8384879725086
1233,503.0,90.66904755831214,0.7264908179582076,0.9263351749539595,31.685616958924243,21.77360097062536,-0.5206940978604012,1458.3459244532803,197.57455268389663,0.7688820846681538,0.10173766873527118,0.7444338562803882,0.8674740872193762,-0.4974823695397758,197.57455268389663,1458.3459244532803
1234,483.0,91.35533905932736,0.8345647071185212,0.902803738317757,34.54439418413477,19.03084973984883,1.3505798089469374,1450.327122153209,1447.0041407867495,0.7272590380423032,0.7451102681703139,0.7403405421915309,0.2184409171794763,0.9758501758475986,1447.0041407867495,1450.327122153209
1235,842.0,126.71067811865474,0.8852011513490716,0.9232456140350878,48.59842216282516,22.60839767574395,-1.0488625949679877,1457.729216152019,867.0641330166271,0.6590153421093513,0.44647998610536926,0.74411904857173,0.49855733736931246,-0.8668567248139808,867.0641330166271,1457.729216152019
1236,275.0,73.94112549695429,0.9241662672088351,0.8757961783439491,31.344353503180738,11.973243972968906,1.1557880465677246,1453.770909090909,932.8472727272728,0.6320776644040604,0.48035389944761725,0.7420984732470184,0.40319750774282725,0.9151129819590436,932.8472727272728,1453.770909090909
1237,542.0,86.66904755831214,0.60985174032313,0.9713261648745519,29.69686106046689,23.53522338657695,0.1347470567585972,1458.1217712177122,1291.0590405904059,0.9067365091424953,0.6648089807365632,0.7443194340059787,0.9909353432146387,0.13433966490983265,1291.0590405904059,1458.1217712177122
1238,279.0,60.284271247461895,0.5570764857080311,0.9653979238754326,20.73881784790949,17.222783361341993,-1.0050404471312366,1452.5448028673836,1770.179211469534,0.9647305617120271,0.9115237958133543,0.7414725895188278,0.5360540703416152,-0.8441836492554133,1770.179211469534,1452.5448028673836
1239,378.0,79.59797974644667,0.8827602768052106,0.9402985074626866,32.41743096509695,15.230476829674906,-0.5606722320087458,1457.6772486772486,638.1164021164021,0.7497173708589591,0.3285872307499496,0.7440925210195245,0.8468978392399265,-0.5317556298627628,638.1164021164021,1457.6772486772486
1240,578.0,92.5685424949238,0.8080588310686107,0.9665551839464883,35.579613745481595,20.960014342794906,0.6188180582924305,1462.8304498269897,1716.757785467128,0.8476388447982242,0.8840153375216931,0.746723047384885,0.8145646377040205,0.5800727980194534,1716.757785467128,1462.8304498269897
1241,591.0,88.18376618407356,0.5707907189266604,0.985,30.350727851080453,24.920848556533567,-0.6071987482498593,1461.9373942470388,225.14890016920475,0.9550366960759811,0.11593661182760286,0.7462671741945068,0.8212495458303883,-0.5705691750115677,225.14890016920475,1461.9373942470388
1242,506.0,87.01219330881976,0.7155462471330333,0.9601518026565465,30.860144517607615,21.557828097607757,-1.2409018585251286,1459.6324110671937,380.2094861660079,0.8398469489630671,0.19578243365911838,0.7450905620557395,0.32394318910524356,-0.9460765350817684,380.2094861660079,1459.6324110671937
1243,596.0,92.08326112068522,0.7072101062995511,0.9597423510466989,32.911082479241955,23.26824855897296,-0.9266384102885261,1461.275167785235,1181.736577181208,0.8832725645610991,0.6085152302683873,0.7459291310797524,0.6005253167137827,-0.7996057428419402,1181.736577181208,1461.275167785235
1244,377.0,88.42640687119285,0.8003947706666724,0.8038379530916845,31.59883080161265,18.942654683016947,0.9906890353183068,1461.8063660477453,1245.3793103448277,0.605880894367224,0.6412869775205086,0.7462002889472922,0.548113678950245,0.8364038468034612,1245.3793103448277,1461.8063660477453
1245,398.0,73.35533905932738,0.6895055651931703,0.9660194174757282,26.48572870781869,19.18309377584858,-1.293225153057073,1458.7286432160804,1534.0904522613066,0.929457376497272,0.7899538889090147,0.7446292206309751,0.2740205990333493,-0.9617238227814701,1534.0904522613066,1458.7286432160804
1246,248.0,62.87005768508881,0.8548259153020348,0.9358490566037736,25.18809606100696,13.070477889646327,0.17583342858939943,1461.016129032258,670.3427419354839,0.7884494003181087,0.3451816384837713,0.7457969009863492,0.9845810902251251,0.17492877628081718,670.3427419354839,1461.016129032258
1247,443.0,84.07716446627536,0.7607304683629816,0.940552016985138,29.940199122599473,19.433222532049882,0.09421419739089262,1463.9097065462754,713.8058690744921,0.7875125384919786,0.3675622394822307,0.7472739696509828,0.99556512440748,0.09407488008772026,713.8058690744921,1463.9097065462754
1248,367.0,87.59797974644665,0.9430270903675808,0.9017199017199017,38.17824457545961,12.70251111110661,1.183525349300325,1459.9727520435968,971.716621253406,0.6010183720264258,0.5003690119739475,0.7452642940498196,0.3776629048785312,0.9259431571531319,971.716621253406,1459.9727520435968
1249,358.0,73.698484809835,0.7250721825605368,0.9470899470899471,26.383702969671692,18.169740602481003,1.3923832164051795,1460.326815642458,1672.7597765363128,0.8282773252327873,0.8613593082061343,0.7454450309558234,0.17746809732910163,0.9841265540723858,1672.7597765363128,1460.326815642458
1250,255.0,57.45584412271572,0.6174126392710493,0.9659090909090909,20.396156377246804,16.04442134584045,-1.1021374463073583,1462.3294117647058,1407.172549019608,0.9706923911029472,0.7245996647886755,0.7464672852295589,0.451690178828583,-0.8921748608595754,1407.172549019608,1462.3294117647058
1251,535.0,89.49747468305833,0.7386699589620068,0.9452296819787986,32.1081965914245,21.643084593481372,1.039391002290267,1466.7401869158878,513.2803738317757,0.839348045976204,0.2643050328690915,0.7487188294619131,0.5067453655265406,0.862095780361656,513.2803738317757,1466.7401869158878
1252,246.0,57.21320343559643,0.42517495647890313,0.9723320158102767,18.751134805306766,16.97186183513939,-1.5590400046250315,1462.8861788617887,754.7682926829268,0.9443923075038639,0.38865514556278413,0.7467514950800351,0.011756051362678616,-0.9999308952404451,754.7682926829268,1462.8861788617887
1253,607.0,91.01219330881976,0.6894311709236697,0.9712,32.71002597672079,23.69354655962971,-1.5535605050576489,1465.8550247116968,1018.6309719934102,0.9208722669551513,0.5245267620975336,0.7482669855598248,0.017234968365462365,-0.9998514669016801,1018.6309719934102,1465.8550247116968
1254,388.0,73.94112549695429,0.5901176418020346,0.9509803921568627,24.93365802804734,20.12937264374345,1.1110517373521318,1465.8711340206185,1441.9329896907216,0.8918041228682744,0.7424989648252943,0.7482752087905148,0.44371923121992507,0.8961658573308842,1441.9329896907216,1465.8711340206185
1255,627.0,95.84062043356596,0.5795327640797172,0.9457013574660633,31.89655941121309,25.994067292598004,1.2693651292636106,1467.9298245614036,1634.5039872408292,0.857784455544831,0.8416601376111376,0.7493260972748359,0.29688717875848775,0.9549125630594802,1634.5039872408292,1467.9298245614036
1256,393.0,104.76955262170046,0.9611880958271896,0.8599562363238512,45.538072939499585,12.56367657336235,-1.5061418689417916,1461.1552162849873,470.27989821882954,0.4499168263319566,0.24216266643606052,0.7458679000944295,0.06460942251781718,-0.9979106285243755,470.27989821882954,1461.1552162849873
1257,342.0,76.66904755831214,0.8866270039174836,0.921832884097035,31.55301536494849,14.592802475157354,-0.7638927179491941,1469.4327485380118,614.03216374269,0.7311320696387642,0.3161854602176571,0.7500932866452331,0.7221487488340702,-0.6917378004398682,614.03216374269,1469.4327485380118
1258,499.0,82.42640687119285,0.7098978717154454,0.974609375,30.102821522719402,21.201556572259133,0.8873824986704179,1468.3386773547095,1480.5110220440881,0.9229489341983791,0.7623640690237323,0.7495348021208318,0.6314438544352151,0.7754216006122081,1480.5110220440881,1468.3386773547095
1259,255.0,62.04163056034262,0.7976729984051543,0.9444444444444444,23.58874004635387,14.226137918652409,-1.5483189421317598,1464.270588235294,423.0549019607843,0.8324988415948559,0.2178449546656974,0.7474581869501246,0.022475491992204645,-0.9997473942250154,423.0549019607843,1464.270588235294
1260,432.0,77.01219330881976,0.6804348315901518,0.9664429530201343,27.50198796964285,20.153693221029904,-0.9938891774840313,1468.3773148148148,780.5856481481482,0.9153235288678285,0.4019493553800969,0.7495545251734634,0.5454342657120016,-0.8381536027406967,780.5856481481482,1468.3773148148148
1261,239.0,59.21320343559643,0.6710568569666143,0.9372549019607843,20.69146044003899,15.340770656781055,1.294778951604047,1465.1548117154812,897.0502092050209,0.8565853665220653,0.46192080803554114,0.7479095516669123,0.27252594377369094,0.9621484344789316,897.0502092050209,1465.1548117154812
1262,245.0,63.69848480983499,0.8625567545988561,0.9351145038167938,25.172451217249513,12.73626146513815,1.2484595579403823,1465.9469387755103,956.0816326530612,0.7587832660148995,0.4923180394711953,0.7483139044285402,0.31678384351482297,0.9484977577664463,956.0816326530612,1465.9469387755103
1263,448.0,84.42640687119284,0.8137386693410752,0.9451476793248945,31.881166109335357,18.53031938923693,-1.1354114885882665,1470.4129464285713,118.95982142857143,0.7898257075715787,0.06125634471090187,0.7505936428936045,0.42175936839322503,-0.9067078003262947,118.95982142857143,1470.4129464285713
1264,703.0,100.8111831820431,0.7662485872040007,0.9669876203576341,37.451981188433905,24.064554854809707,-0.6763638205615539,1476.7795163584638,142.87197724039828,0.8692561363831212,0.0735695042432535,0.7538435509742031,0.7798539775273328,-0.6259614794336775,142.87197724039828,1476.7795163584638
1265,116.0,39.55634918610405,0.7794403044658277,0.9586776859504132,15.469491091089164,9.691272718518997,0.40038820267943603,1468.6896551724137,661.3706896551724,0.9316128049591121,0.340561632160233,0.74971396384503,0.9209097513602232,0.3897758713025369,661.3706896551724,1468.6896551724137
1266,434.0,91.94112549695429,0.9358420454248271,0.9313304721030042,40.078013998284504,14.124282867765274,-1.2814026267183405,1469.9285714285713,1911.5345622119817,0.6451786119112899,0.9843123389351089,0.7503463866404142,0.2853711893941067,-0.958417072189239,1911.5345622119817,1469.9285714285713
1267,322.0,75.94112549695429,0.8430089544293571,0.9096045197740112,28.612907405094383,15.390869401985688,-1.0753056339315357,1471.7857142857142,1089.8012422360248,0.7016356978305756,0.5611746870422373,0.7512943921826004,0.4754633884305832,-0.8797355092652043,1089.8012422360248,1471.7857142857142
1268,474.0,79.59797974644665,0.5806923897256843,0.9653767820773931,27.23563257236736,22.173156391865454,-0.4287568638769135,1475.6455696202531,1269.9831223628692,0.940121782505679,0.6539562936986968,0.7532647113936973,0.9094832743425408,-0.4157405124487757,1269.9831223628692,1475.6455696202531
1269,201.0,63.698484809834994,0.712479613067745,0.804,21.200448740195018,14.87620247027024,1.0960836517052341,1471.7761194029852,1578.3830845771145,0.6225119855877338,0.812761629545373,0.7512894943353676,0.4570829123530412,0.8894240896416411,1578.3830845771145,1471.7761194029852
1270,404.0,79.01219330881975,0.8392710760191164,0.957345971563981,30.937425002960964,16.82108683471602,-1.4126496823550971,1473.3564356435643,86.6559405940594,0.8132105307495517,0.04462200854482976,0.7520961897108547,0.15748825086377813,-0.987520860964399,86.6559405940594,1473.3564356435643
1271,249.0,58.04163056034261,0.38808145850986897,0.9540229885057471,18.6076403636397,17.14926797288923,0.33082106615586426,1473.694779116466,453.62248995983936,0.9288166714789562,0.23358521625120462,0.7522689020502634,0.9457759639075912,0.3248196824311401,453.62248995983936,1473.694779116466
1272,187.0,52.2842712474619,0.7207785238152146,0.9257425742574258,18.68126387707684,12.949206392648616,1.508809455114832,1472.9786096256685,1220.7540106951872,0.8596256235895224,0.6286065966504568,0.7519033229329599,0.06194718319968271,0.9980794289502338,1220.7540106951872,1472.9786096256685
1273,72.0,38.31370849898475,0.9561367874065558,0.8372093023255814,18.14915170263136,5.316259348689412,-1.435200005672755,1469.0277777777778,1861.25,0.6163593366422219,0.9584191555097837,0.7498865634393965,0.1351811824360023,-0.9908208959823184,1861.25,1469.0277777777778
1274,201.0,52.62741699796952,0.37000346567091164,0.9348837209302325,16.834604711381832,15.639859107324122,-0.3329100898841496,1474.358208955224,324.1741293532338,0.911972644637795,0.166927975980038,0.7526075594462603,0.9450953446851916,-0.3267947206647912,324.1741293532338,1474.358208955224
1275,483.0,83.94112549695429,0.763283014322725,0.9564356435643564,30.953903317593262,19.998210928391135,0.6679028412870991,1482.351966873706,421.25879917184267,0.8614050604397228,0.2169200819628438,0.7566880892668228,0.7851222474470716,0.619340824234653,421.25879917184267,1482.351966873706
1276,329.0,73.59797974644665,0.8220261666899082,0.9113573407202216,27.899785309768937,15.887524875605598,-1.1407569601881746,1480.1337386018238,531.9209726443769,0.7632625880654914,0.27390369343170795,0.7555557624307421,0.4169065850033742,-0.9089493381816306,531.9209726443769,1480.1337386018238
1277,568.0,92.32590180780453,0.8233224988271554,0.9562289562289562,35.81551606856018,20.327949957355617,0.9244551597663566,1483.4190140845071,760.794014084507,0.8373578247407658,0.3917579887149882,0.7572327790119996,0.6022696237562366,0.7982927409794738,760.794014084507,1483.4190140845071
1278,503.0,81.01219330881976,0.4784754489811062,0.9748062015503876,27.052945732416966,23.755216829295176,-1.1421617731866394,1481.7495029821073,1667.0775347912524,0.9631126084525476,0.8584333340840641,0.7563805528239445,0.41562927019573204,-0.9095341168733382,1667.0775347912524,1481.7495029821073
1279,535.0,92.01219330881976,0.6580116231788198,0.9224137931034483,30.488358929867665,22.957971210871893,-1.0718664916738898,1483.0616822429906,854.2822429906543,0.794095764664297,0.43989816837829776,0.7570503737840687,0.4784861062156029,-0.8780951236390229,854.2822429906543,1483.0616822429906
1280,508.0,86.42640687119284,0.7442770091712688,0.9530956848030019,31.26307533135289,20.879702811819232,1.3129661879931356,1481.8700787401574,894.761811023622,0.8546349725945869,0.4607424361604645,0.7564421024707286,0.2549830162160926,0.9669455317862242,894.761811023622,1481.8700787401574
1281,696.0,100.66904755831214,0.7859381254372454,0.9626556016597511,37.88189701069063,23.422572150340578,1.2234454730074815,1483.5847701149426,1161.1695402298851,0.8630325666661719,0.5979245830225979,0.757317391584963,0.34040807147822333,0.9402778019673105,1161.1695402298851,1483.5847701149426
1282,419.0,75.11269837220809,0.6559678461441854,0.9699074074074074,26.675520122368024,20.134384745301297,-0.19609779597805047,1483.9045346062053,1421.5155131264917,0.933248195808509,0.7319853311670915,0.7574806200133769,0.9808343623118528,-0.19484340817256543,1421.5155131264917,1483.9045346062053
1283,718.0,98.66904755831214,0.48074450731142054,0.967654986522911,32.3739317376554,28.387429026457596,-1.3698042589147312,1487.2701949860725,170.78551532033427,0.9267710012474629,0.08794310778595997,0.7591986702328088,0.19964152544283453,-0.9798690021216397,170.78551532033427,1487.2701949860725
1284,729.0,103.15432893255071,0.7086918895386066,0.9592105263157895,36.71191733657595,25.900922590085514,1.3051228918905293,1485.1330589849108,254.84910836762688,0.8609193638518754,0.13123023087931354,0.7581077381239973,0.26255913568660344,0.9649159032099657,254.84910836762688,1485.1330589849108
1285,190.0,50.87005768508881,0.7258474042687741,0.9405940594059405,18.802516810689557,12.933419479127384,1.0290554191257817,1480.3368421052633,996.2157894736843,0.9226542886532378,0.5129844436012793,0.7556594395636872,0.5156284034090383,0.8568123187710632,996.2157894736843,1480.3368421052633
1286,316.0,65.4558441227157,0.7446490979121556,0.9663608562691132,24.565033340559616,16.396082740155563,-0.014881307593911213,1484.2215189873418,1190.5189873417721,0.9268300171496157,0.6130375835951453,0.757642429294202,0.9998892753855314,-0.01488075834750809,1190.5189873417721,1484.2215189873418
1287,124.0,41.55634918610404,0.8443353980336036,0.9612403100775194,17.20209697998953,9.217141936890828,0.05185160608335621,1480.524193548387,1748.9596774193549,0.9023120878705588,0.9005971562406565,0.7557550758286815,0.9986560066342596,0.051828374596485836,1748.9596774193549,1480.524193548387
1288,527.0,99.59797974644665,0.9200417680677364,0.947841726618705,41.84531299876418,16.395842960271914,-1.3284496847360718,1483.4421252371917,1522.53889943074,0.6676047541806963,0.784005612477209,0.7572445764355241,0.23998135239859916,-0.9707774979370605,1522.53889943074,1483.4421252371917
1289,332.0,71.59797974644665,0.8540928779348397,0.9485714285714286,28.624902853133538,14.888399371668312,-0.964336930092131,1485.4668674698796,793.7319277108434,0.8138538296264598,0.40871880932587196,0.7582781355129554,0.5699618269964649,-0.8216711725300163,793.7319277108434,1485.4668674698796
1290,47.0,25.899494936611664,0.8886851824640679,0.9038461538461539,11.433332303884525,5.242387291670441,-0.25018289625838075,1479.723404255319,1687.404255319149,0.8804914272545586,0.868900234458882,0.7553463013043997,0.9688671562468761,-0.24758116557220444,1687.404255319149,1479.723404255319
1291,378.0,74.76955262170047,0.8043207270038302,0.9356435643564357,28.670877471449046,17.036103380376684,-1.2091655447104743,1485.084656084656,495.14021164021165,0.8496735512557714,0.2549640636664324,0.7580830301606207,0.3538000079437294,-0.935321096938916,495.14021164021165,1485.084656084656
1292,401.0,73.59797974644665,0.32165745633349846,0.9662650602409638,23.470062137799392,22.22277158531757,-1.1671263598692057,1486.2418952618455,975.3192019950125,0.9302987775509485,0.5022240998944452,0.7586737597048726,0.39279597563711194,-0.9196256420540313,975.3192019950125,1486.2418952618455
1293,298.0,71.01219330881976,0.8935749196748249,0.9400630914826499,29.317666858084884,13.161113827587405,-0.828881544227488,1486.8389261744967,1449.268456375839,0.7426091137135423,0.7462762391224711,0.7589785228047456,0.67570068138531,-0.7371760910226455,1449.268456375839,1486.8389261744967
1294,357.0,79.84062043356595,0.9032438875843914,0.9083969465648855,33.27170496477362,14.27780621946121,-1.1517280280377848,1487.422969187675,1775.9159663865546,0.7037692284074123,0.9144778405698015,0.7592766560427132,0.40690955010036917,-0.9134684548670059,1775.9159663865546,1487.422969187675
1295,402.0,77.35533905932738,0.7977795274292313,0.9548693586698337,29.429554955025473,17.744528760052198,0.03011700416954192,1496.2164179104477,117.41542288557214,0.8442194021166287,0.06046108284529977,0.763765399648008,0.9995465173084965,0.03011245151852438,117.41542288557214,1496.2164179104477
1296,435.0,77.25483399593904,0.5583208153831501,0.9602649006622517,25.962795739843706,21.539387959546435,-1.1388510463394266,1492.510344827586,814.864367816092,0.9158994403785217,0.41960060134711225,0.7618735808206156,0.41863820587807193,-0.9081530997465069,814.864367816092,1492.510344827586
1297,319.0,67.11269837220809,0.6613978100503454,0.9494047619047619,23.50661408714752,17.630790123412527,-1.1450514443642097,1490.8808777429467,1304.3510971786834,0.8900023343744902,0.67165350009201,0.7610417956829744,0.41299928403846875,-0.9107313497314738,1304.3510971786834,1490.8808777429467
1298,292.0,61.94112549695428,0.4564451136977423,0.9573770491803278,20.49370021032159,18.234301958709665,-0.25273960056484995,1492.9965753424658,209.3664383561644,0.9563889080747483,0.10780970049236066,0.7621217842483236,0.9682309984911477,-0.25005746051824806,209.3664383561644,1492.9965753424658
1299,246.0,57.35533905932738,0.7601935525790061,0.9723320158102767,22.00796504521282,14.298501596715566,-0.7975481554365911,1491.9065040650407,1464.9512195121952,0.9397173995338617,0.7543518123131798,0.7615653415339667,0.6984634590767463,-0.7156457198464519,1464.9512195121952,1491.9065040650407
1300,482.0,83.84062043356595,0.6996093500103888,0.9544554455445544,29.56905662428697,21.127846360033594,0.14090996747161064,1497.1991701244813,721.5767634854772,0.8616838141916856,0.3715637299101324,0.7642670597878924,0.9900886065653535,0.1404441210926134,721.5767634854772,1497.1991701244813
1301,665.0,101.59797974644667,0.7698954165077657,0.9339887640449438,37.13578528141905,23.698946965945098,-1.526008201620391,1495.4616541353384,1223.9368421052632,0.8095829718229691,0.6302455417637812,0.7633801195177838,0.04477315269110651,-0.9989971795746467,1223.9368421052632,1495.4616541353384
1302,84.0,35.9350288425444,0.7464317763471825,0.8842105263157894,13.095913453781197,8.714832068181554,-0.7631789655658243,1488.4404761904761,1617.5833333333333,0.8174348600434552,0.8329471335393065,0.7597960572692578,0.7226422943492685,-0.6912221888927069,1617.5833333333333,1488.4404761904761
1303,257.0,60.62741699796952,0.7363340187936176,0.9379562043795621,22.10381916971526,14.955846734956696,-0.10565594705506309,1496.2684824902724,1326.6264591439688,0.8786276292094761,0.6831238203624967,0.7637919767688987,0.9944236008512558,-0.1054594807024118,1326.6264591439688,1496.2684824902724
1304,642.0,112.08326112068524,0.7220021039072043,0.8830811554332875,36.28780223661305,25.10719869180865,-0.3757118973413093,1504.5155763239875,1902.7570093457944,0.6421897583039007,0.9797924867898015,0.7680018255865173,0.9302466377050784,-0.3669348621191457,1902.7570093457944,1504.5155763239875
1305,605.0,89.25483399593904,0.3492301344523935,0.9789644012944984,28.780349810396867,26.968252243256792,-1.2841169337045468,1502.287603305785,873.8049586776859,0.9543369639365532,0.4499510600811977,0.7668645244031572,0.2827687032035851,-0.9591881257024415,873.8049586776859,1502.287603305785
1306,901.0,119.39696961966999,0.8453421597686908,0.9574920297555791,46.72233871743649,24.96025374571622,-1.280469574335846,1502.7081021087681,521.465038845727,0.7942332171004376,0.2685195874591797,0.7670791741239245,0.2862653183768031,-0.9581503887671432,521.465038845727,1502.7081021087681
1307,370.0,77.698484809835,0.7996549397542154,0.925,28.69114829157087,17.227881306138027,1.3769732654057631,1499.7405405405405,578.6945945945946,0.770169806345595,0.29798897764912186,0.7655643392243698,0.19261176814640732,0.9812750413474882,578.6945945945946,1499.7405405405405
1308,216.0,58.97056274847714,0.8855727300167651,0.9310344827586207,24.52098181305522,11.39001426077751,-0.08763159165927088,1501.75,1647.5925925925926,0.7805362377563444,0.8483998931990693,0.7665900969882593,0.996162808592114,-0.08751947656305505,1647.5925925925926,1501.75
1309,333.0,75.69848480983501,0.8757892256335023,0.940677966101695,30.429975559034606,14.688358257713368,-1.4304153852232113,1497.8618618618618,1510.5885885885887,0.730263718329394,0.777852002362816,0.764605340409322,0.13992031894801554,-0.9901627665921828,1510.5885885885887,1497.8618618618618
1310,553.0,87.25483399593904,0.6610080972408747,0.9650959860383944,30.740470205603376,23.06699615891717,-0.522047271229786,1505.139240506329,1675.6781193490053,0.9127587441071046,0.8628620593970161,0.7683201840256912,0.8668001133243075,-0.4986557565505162,1675.6781193490053,1505.139240506329
1311,808.0,104.5685424949238,0.16034201243706905,0.9711538461538461,32.36458668050222,31.945838037497325,-0.649531717286941,1507.5891089108911,1582.5420792079208,0.9285795506154199,0.8149032333717409,0.7695707549315421,0.7963671095845938,-0.6048135471133889,1582.5420792079208,1507.5891089108911
1312,560.0,88.08326112068524,0.6024558729333112,0.963855421686747,30.209441978367842,24.111732326064633,-0.6574852036192995,1504.2910714285715,1826.5089285714287,0.9070080061656385,0.940529829336472,0.7678872238022315,0.7915315958790294,-0.6111282457268661,1826.5089285714287,1504.2910714285715
1313,564.0,89.35533905932738,0.760262192874997,0.9707401032702238,33.290529812457635,21.626072361217645,-1.322561210423638,1503.1329787234042,928.5833333333334,0.8876626648796914,0.47815825609337453,0.7672960585622278,0.24569355716290725,-0.9693475516906396,928.5833333333334,1503.1329787234042
1314,365.0,69.35533905932738,0.5830523662148054,0.9707446808510638,23.936442218358874,19.44679325473132,0.9868642431736343,1503.731506849315,962.4054794520548,0.9535488133790256,0.4955743972461662,0.7676015859363527,0.5513087328311964,0.8343013131381615,962.4054794520548,1503.731506849315
1315,460.0,90.32590180780451,0.8883743000852061,0.9090909090909091,36.777000249746905,16.885053492899967,-0.9491642323306504,1504.9804347826087,1779.9152173913044,0.7085052671995756,0.9165371871221959,0.7682391193377277,0.5823627126103734,-0.8129290688375509,1779.9152173913044,1504.9804347826087
1316,368.0,71.698484809835,0.5941191502414506,0.9583333333333334,24.245062077108607,19.502171461666784,1.2283200525383757,1504.2907608695652,1343.6304347826087,0.8995757237123544,0.6918797295482022,0.7678870652728766,0.33582058640349577,0.941925970417852,1343.6304347826087,1504.2907608695652
1317,90.0,34.72792206135785,0.7774277542802658,0.9375,13.692880643850938,8.612441899700775,-1.4546571218323363,1499.8111111111111,757.5666666666667,0.9377666356909999,0.39009612083762446,0.765600362996994,0.11587829395852943,-0.9932634197378158,757.5666666666667,1499.8111111111111
1318,264.0,72.94112549695427,0.8096022159755031,0.8979591836734694,26.167386955043263,15.359704519898923,-0.2607216504368718,1511.8371212121212,1925.4318181818182,0.623546535135515,0.9914684954592267,0.7717392145033799,0.9662042042200688,-0.257777880640414,1925.4318181818182,1511.8371212121212
1319,569.0,100.22539674441619,0.8925741727058737,0.9358552631578947,40.81536436484944,18.403672061278908,-1.0099390228759197,1511.6291739894552,1621.2829525483305,0.711814060242614,0.8348521897777191,0.7716330648236117,0.531912357756003,-0.8467994117064854,1621.2829525483305,1511.6291739894552
1320,276.0,60.76955262170047,0.5907985514077091,0.965034965034965,21.05026833627148,16.9837587042371,-0.653863525519196,1507.2282608695652,1261.5253623188405,0.9391757445441636,0.6496011134494545,0.7693865548083538,0.7937397097473398,-0.6082575714039314,1261.5253623188405,1507.2282608695652
1321,622.0,98.91168824543144,0.6851115262538741,0.9569230769230769,33.679147722103075,24.533177406127823,-0.878163539974888,1511.4453376205788,989.9533762057878,0.7989231756170557,0.509759719982383,0.7715392228793154,0.6385655001208386,-0.769567477259417,989.9533762057878,1511.4453376205788
1322,188.0,52.04163056034261,0.8056899397752453,0.9494949494949495,20.25821262710081,11.999699142368899,1.2956612700577943,1505.5159574468084,1020.1914893617021,0.8723001006462759,0.5253303240791463,0.7685124846589119,0.2716769164860626,0.9623885146076012,1020.1914893617021,1505.5159574468084
1323,489.0,84.76955262170048,0.5384696394941633,0.9569471624266145,27.721803538264815,23.359636696789916,-1.4026057047796896,1509.764826175869,1303.6094069529652,0.8551433855916332,0.6712715792754712,0.7706813814067734,0.1673987777220117,-0.9858892682330894,1303.6094069529652,1509.764826175869
1324,195.0,51.698484809834994,0.7635789427477,0.9512195121951219,19.669398916995757,12.700815823223607,-0.9615158366162375,1509.7076923076922,1201.4,0.9168300633655412,0.6186405767250258,0.7706522165940236,0.5722775670673567,-0.820059989410206,1201.4,1509.7076923076922
1325,454.0,93.84062043356595,0.9110513400762312,0.9043824701195219,38.600701827597426,15.914796251393401,-0.07754657476787359,1519.8215859030836,1802.488986784141,0.6478641906938515,0.9281611672420911,0.7758150004609922,0.9969947708120831,-0.07746887744999258,1802.488986784141,1519.8215859030836
1326,703.0,98.08326112068524,0.40664626822234845,0.9696551724137931,31.44332953005323,28.72617589717794,0.9973853483059,1517.5320056899004,199.92603129445234,0.9182805695965137,0.10294852280867783,0.7746462509902503,0.542500610036018,0.8400554077622191,199.92603129445234,1517.5320056899004
1327,533.0,83.94112549695427,0.6100159188238561,0.9761904761904762,29.310413098042623,23.22525357509724,-0.5425597600375334,1516.0506566604129,832.9643527204503,0.9505774269448704,0.42892088193638017,0.7738900748649377,0.856389808024353,-0.5163298332577847,832.9643527204503,1516.0506566604129
1328,83.0,30.97056274847714,0.33788177120476076,0.9651162790697675,10.596457225768022,9.973264335507213,-0.08906786696581498,1507.9759036144578,1372.55421686747,1.0874010872630702,0.7067735411264006,0.7697681999052873,0.9960360790869472,-0.08895014984304717,1372.55421686747,1507.9759036144578
1329,625.0,97.29036790187178,0.7235160492289566,0.9218289085545722,34.16671008084285,23.58553824723175,0.6895109955700153,1522.4368,1016.24,0.8297555959630472,0.5232955715756952,0.7771499744767738,0.7715571922744296,0.6361599634129759,1016.24,1522.4368
1330,216.0,56.87005768508881,0.8128789566928132,0.9391304347826087,21.834256614032455,12.716984127555897,-0.43409955570388703,1513.875,1870.0462962962963,0.839259522582393,0.9629486592668879,0.7727794793261868,0.9072491311952339,-0.4205936446803413,1870.0462962962963,1513.875
1331,349.0,71.35533905932738,0.7467978226628552,0.9614325068870524,26.268127534215676,17.469648029004293,-1.180619851550777,1512.9541547277936,14.70487106017192,0.8613553246492718,0.00757202423283827,0.772309420483815,0.3803516327542397,-0.9248419516118329,14.70487106017192,1512.9541547277936
1332,434.0,98.76955262170046,0.9298606817818115,0.8930041152263375,40.871800832558954,15.037218918741418,1.4868625024189228,1512.5921658986176,605.2995391705069,0.5590535637485328,0.31168874313620337,0.7721246380289013,0.08383530836780691,0.9964796240118885,605.2995391705069,1512.5921658986176
1333,168.0,47.698484809834994,0.7724505301842466,0.96,18.427766494258957,11.703012686197251,-0.7382583891707322,1512.7440476190477,1753.2083333333333,0.9279188107668587,0.9027849296258152,0.7722021682588298,0.7396417853006602,-0.6730007648117884,1753.2083333333333,1512.7440476190477
1334,564.0,96.91168824543142,0.8510446287407326,0.9155844155844156,37.8250246329231,19.861669390956227,-0.8507997427822586,1519.1241134751774,72.59751773049645,0.7546344884367979,0.03738286185916398,0.7754589655309737,0.6593821038087566,-0.7518079815862146,72.59751773049645,1519.1241134751774
1335,623.0,105.39696961967,0.8793637490877746,0.9055232558139535,42.06426508760536,20.028925188557523,-0.5935619191591625,1524.6404494382023,1271.8780096308187,0.7047606741044133,0.6549320337954783,0.7782748593354785,0.8289536991256463,-0.5593172308322956,1271.8780096308187,1524.6404494382023
1336,433.0,78.18376618407358,0.6337167654950341,0.9558498896247241,26.81987683480684,20.746922390560538,-0.5326909296837358,1518.473441108545,1729.688221709007,0.8901528495613369,0.8906736466060798,0.7751268203718964,0.861443593647179,-0.5078532612519426,1729.688221709007,1518.473441108545
1337,404.0,76.42640687119285,0.686067413519934,0.9596199524940617,26.967667646958123,19.620002292529616,-0.30031078966511,1520.7821782178219,1837.6089108910892,0.8691692337102938,0.946245577183877,0.7763053487584594,0.9552445983629445,-0.29581710109190235,1837.6089108910892,1520.7821782178219
1338,322.0,67.698484809835,0.3770577491652633,0.9442815249266863,21.250838247000928,19.682308572335945,0.9412517265974617,1518.2142857142858,175.4937888198758,0.8828925219996239,0.09036755346028619,0.7749945307372567,0.5887767212961718,0.8082957209213284,175.4937888198758,1518.2142857142858
1339,308.0,74.5269119345812,0.7357948924009001,0.8876080691642652,25.4147421273364,17.21097663718561,0.9839817481497294,1519.1266233766235,480.6720779220779,0.6968420148448131,0.2475139433172389,0.7754602467466174,0.5537113085352728,0.8327087046501651,480.6720779220779,1519.1266233766235
1340,710.0,101.74011537017762,0.7819755006285345,0.9673024523160763,38.186298143011356,23.801869648060073,-0.6994364119186821,1527.9169014084507,1702.8450704225352,0.8619533486102616,0.8768512206089265,0.7799473718266722,0.7652051392065771,-0.6437865290077472,1702.8450704225352,1527.9169014084507
1341,533.0,86.08326112068522,0.662810633724022,0.9655797101449275,30.262379864404863,22.660078499788785,-0.7037612505386691,1525.6322701688555,1646.8968105065667,0.9038568437720593,0.8480416120013217,0.7787811486313708,0.7624137187675443,-0.6470898866734389,1646.8968105065667,1525.6322701688555
1342,189.0,53.21320343559643,0.8460957015106774,0.9310344827586207,21.34537861895218,11.377748849505,1.395047627826454,1518.4603174603174,1525.904761904762,0.8387506306196769,0.7857388063361287,0.7751201212150676,0.17484535247042454,0.9845959083398087,1525.904761904762,1518.4603174603174
1343,438.0,81.59797974644665,0.7913729107522255,0.9358974358974359,30.524113566457793,18.660419869285562,-0.9664481230452057,1528.5913242009133,1053.6598173515981,0.8266566463107646,0.5425642725806376,0.7802916407355351,0.5682258516977843,-0.8228726398795428,1053.6598173515981,1528.5913242009133
1344,360.0,74.76955262170047,0.8074157188838467,0.9424083769633508,28.320934599064145,16.70886795608257,-0.037237498518548455,1530.6944444444443,1593.5027777777777,0.8092129059578774,0.820547259411832,0.7813652090068629,0.999306764462769,-0.037228893335043034,1593.5027777777777,1530.6944444444443
1345,429.0,76.87005768508881,0.5805246207339979,0.955456570155902,26.023928067467217,21.189793297945254,-1.0594815899845085,1526.1048951048951,1784.5664335664335,0.9123316518474952,0.918932252093941,0.7790224068937699,0.48932425396746126,-0.8721019289505025,1784.5664335664335,1526.1048951048951
1346,463.0,79.35533905932738,0.7202918371882129,0.9747368421052631,29.19259943945595,20.25006412855649,-0.1436226096490126,1530.548596112311,1325.2850971922246,0.9239289001177804,0.6824331087498582,0.7812907586076115,0.9897039896407163,-0.1431293571886949,1325.2850971922246,1530.548596112311
1347,248.0,56.87005768508881,0.6507391049907202,0.9575289575289575,20.393176625325147,15.484567578089653,-0.7710646121238517,1528.266129032258,1464.3225806451612,0.9635942666686734,0.7540281053785588,0.7801256401389781,0.7171691488964868,-0.6968991403862461,1464.3225806451612,1528.266129032258
1348,416.0,78.18376618407356,0.768944340444692,0.9476082004555809,28.815082458336978,18.421935446948787,-1.3724908829999816,1530.0697115384614,787.8076923076923,0.855204585259853,0.4056682246692545,0.7810463050221855,0.19700826844752736,-0.9804018268869693,787.8076923076923,1530.0697115384614
1349,305.0,63.698484809834994,0.6116058194839809,0.9651898734177216,22.219623540744692,17.57933600122596,0.23498592040708227,1531.2590163934426,1507.3147540983607,0.9446077393246707,0.7761661967550776,0.7816534029573469,0.9725176195706995,0.2328292928833058,1507.3147540983607,1531.2590163934426
1350,266.0,58.2842712474619,0.553335358171124,0.9743589743589743,20.217243055350824,16.84012588974164,-0.5019948898379507,1533.4398496240601,723.8684210526316,0.9839856372615985,0.37274378015068566,0.7827666409515366,0.8766244151828787,-0.48117526402058103,723.8684210526316,1533.4398496240601
1351,526.0,85.01219330881975,0.5488384188849313,0.9581056466302368,28.364315103465184,23.710538238608642,1.2278243784239948,1538.222433460076,859.2889733840304,0.9146041465100995,0.4424762993738571,0.7852079803267361,0.33628743345122264,0.9417593971406867,859.2889733840304,1538.222433460076
1352,218.0,57.698484809834994,0.6489055417331085,0.9121338912133892,19.481394481542925,14.822788660862388,1.10662119849435,1533.697247706422,1299.7522935779816,0.8228819584280669,0.6692854240875291,0.7828980335407973,0.44768536085899946,0.8941911527590437,1299.7522935779816,1533.697247706422
1353,95.0,35.72792206135786,0.6699411287893915,0.9134615384615384,12.878168851990832,9.560935769127727,-0.7053885071583439,1532.8947368421052,982.6842105263158,0.9352289730307131,0.5060165862648383,0.7824883802154697,0.7613597285087816,-0.6483296721614971,982.6842105263158,1532.8947368421052
1354,193.0,50.04163056034261,0.6633667278468595,0.9601990049751243,18.176706488568385,13.601528590564612,0.7269306075159553,1536.6683937823834,965.2953367875648,0.9685103548662046,0.49706248032315387,0.7844146982043815,0.7472177735716932,0.6645792645415307,965.2953367875648,1536.6683937823834
1355,347.0,76.32590180780453,0.9047826791471572,0.9353099730458221,32.80820939262724,13.972149486249748,-0.7803879810226799,1541.9682997118155,42.12968299711815,0.7485062830884127,0.021693966527867224,0.787120112155087,0.7106406254441832,-0.7035551872229359,42.12968299711815,1541.9682997118155
1356,469.0,78.76955262170047,0.5209992929406742,0.96900826446281,26.461190063750806,22.58613686719245,-0.20637657019825442,1543.0319829424307,1743.4925373134329,0.9498738878046066,0.8977819450635597,0.7876630847077236,0.9787798324888763,-0.20491471277838283,1743.4925373134329,1543.0319829424307
1357,453.0,82.66904755831214,0.8333000691123883,0.9577167019027484,32.631622820205365,18.03944449312092,-0.6918976212513538,1546.971302428256,1338.3333333333333,0.8329562627224177,0.68915207689667,0.78967396754888,0.770036720622702,-0.6379995680975299,1338.3333333333333,1546.971302428256
1358,371.0,72.18376618407356,0.7567502000517805,0.9561855670103093,26.913343041624348,17.593364427687497,0.9636090372995485,1543.4177897574125,1446.5363881401618,0.8947561629428458,0.7448694068692903,0.7878600253993938,0.570559764477171,0.8212560837885801,1446.5363881401618,1543.4177897574125
1359,418.0,77.84062043356595,0.5701263034070707,0.95,25.758726663022514,21.162263673367374,-1.2858086557932469,1546.2966507177034,1284.7918660287082,0.8669091126030369,0.6615818053700866,0.7893295817854535,0.28114561960699336,-0.9596651189742179,1284.7918660287082,1546.2966507177034
1360,489.0,87.59797974644667,0.8080012797059456,0.9513618677042801,33.12108038582822,19.51430230297145,1.382562929159544,1543.7689161554192,1916.1820040899795,0.8008119452886161,0.9867054603964879,0.7880392629685652,0.18712379017173866,0.9823363411539671,1916.1820040899795,1543.7689161554192
1361,618.0,110.22539674441617,0.8845054898477258,0.9210134128166915,42.576530789591416,19.863219670307267,-0.9157971127135077,1551.5598705501618,225.1504854368932,0.6391973969732464,0.11593742813434253,0.7920162687851771,0.6091586200581005,-0.793048406851001,225.1504854368932,1551.5598705501618
1362,496.0,87.25483399593905,0.7887066250713368,0.9376181474480151,32.328271939315556,19.874444027574103,1.1356874214106965,1547.570564516129,803.4858870967741,0.8186769205734605,0.413741445466928,0.7899798695845477,0.42150916189778476,0.9068241430598477,803.4858870967741,1547.570564516129
1363,455.0,83.25483399593904,0.8378643748223745,0.9619450317124736,32.825970677006225,17.918990210267992,-0.4581996416578293,1549.5098901098902,1237.4087912087912,0.8249019728757196,0.6371826937223436,0.7909698264981573,0.8968503105889368,-0.4423341727659389,1237.4087912087912,1549.5098901098902
1364,599.0,93.25483399593905,0.7458646862392403,0.9553429027113237,33.99277854709918,22.642504561150098,0.3039729856766423,1553.525876460768,925.9365609348915,0.8655536253519992,0.4767953454865559,0.7930198450539908,0.9541548548666497,0.2993134025305292,925.9365609348915,1553.525876460768
1365,372.0,71.11269837220809,0.5922613909234606,0.9538461538461539,24.359628465542375,19.627670602227678,-1.1734440927904612,1546.1666666666667,1383.6586021505377,0.9243969148841289,0.7124915562052202,0.7892632295388804,0.38697822613850685,-0.9220888528198867,1383.6586021505377,1546.1666666666667
1366,456.0,82.52691193458118,0.8260574196322399,0.957983193277311,32.19639973406896,18.14543900009871,-0.20316307162646474,1552.3048245614036,1479.3157894736842,0.8413632093100744,0.7617486042603935,0.7923965413789708,0.979433270776018,-0.20176835256548836,1479.3157894736842,1552.3048245614036
1367,202.0,61.798989873223334,0.928952252394617,0.9483568075117371,26.728535491022857,9.894892025759347,0.11060550077425145,1551.8712871287128,4.841584158415841,0.664658373689538,0.0024930917396580026,0.7921752359003128,0.9938894449069589,0.11038012186321013,4.841584158415841,1551.8712871287128
1368,472.0,80.76955262170047,0.2566024761370878,0.9652351738241309,25.134208438594598,24.292640490955115,-0.11361127114785954,1551.5614406779662,491.1970338983051,0.9091938888456552,0.25293359109078534,0.7920170702797172,0.9935531783854002,-0.11336702219018083,491.1970338983051,1551.5614406779662
1369,356.0,78.08326112068524,0.8771415525519964,0.9343832020997376,31.322694898067272,15.042157903943693,-1.1402955646716528,1548.564606741573,550.938202247191,0.7337430076830248,0.2836962936391303,0.7904872928747182,0.4173259257611266,-0.9087568826081146,550.938202247191,1548.564606741573
1370,269.0,62.8700576850888,0.79015602867545,0.9438596491228071,23.88885752066904,14.641617978756816,0.24468969107974248,1551.7137546468402,1659.6877323420074,0.8552132608289166,0.8546280805056681,0.7920948211571415,0.9702125456546243,0.24225527084951823,1659.6877323420074,1551.7137546468402
1371,548.0,96.08326112068524,0.8968611821049995,0.9647887323943662,39.77887353171696,17.594678266788527,1.1349392044506663,1551.4142335766423,776.2390510948906,0.745924639051928,0.39971114886451625,0.7919419262769997,0.42218754505163897,0.906508508952492,776.2390510948906,1551.4142335766423
1372,512.0,106.32590180780451,0.9048026175354275,0.8178913738019169,41.9732216577082,17.873507957862394,0.31980446833924114,1561.4453125,1897.21484375,0.5691171528998911,0.976938642507724,0.7970624361919346,0.949296907658182,0.3143809490261982,1897.21484375,1561.4453125
1373,341.0,74.87005768508881,0.8206519188962067,0.924119241192412,28.493891961333077,16.282219384580063,-1.536414552270667,1551.217008797654,61.302052785923756,0.7644479274288211,0.03156645354578978,0.7918412500243257,0.03437500110519109,-0.9994090050119712,61.302052785923756,1551.217008797654
1374,210.0,58.8700576850888,0.8805342220062169,0.9417040358744395,24.09109596964959,11.418759765095771,-1.316355385726651,1548.2714285714285,992.9428571428572,0.7614479749622027,0.5112991025452406,0.7903376358200247,0.25170438843491494,-0.9678041645098483,992.9428571428572,1548.2714285714285
1375,411.0,77.01219330881976,0.7110761605650561,0.9625292740046838,27.45047724052321,19.300842122473373,-1.0593211455525788,1555.8783454987833,85.63260340632604,0.8708286351034202,0.044095058396666345,0.7942206970386847,0.489464171567242,-0.872023408373877,85.63260340632604,1555.8783454987833
1376,411.0,77.84062043356593,0.7663766660687624,0.9535962877030162,28.67731017417741,18.422059549516476,0.7399239156704689,1560.021897810219,901.8783454987835,0.8523914958848045,0.46440697502512024,0.796335833491689,0.7385198593357729,0.6742317237913611,901.8783454987835,1560.021897810219
1377,674.0,100.66904755831213,0.7924639461647526,0.9614835948644793,37.927390704111076,23.13262711540863,-0.3095342783575074,1565.948071216617,1710.313056379822,0.8357528016278737,0.8806967334602585,0.7993609347711165,0.9524755390108207,-0.3046150810220113,1710.313056379822,1565.948071216617
1378,409.0,76.52691193458118,0.7806218615876975,0.9714964370546318,29.057373798926214,18.160963444698346,-1.3485534811937867,1556.8361858190708,1846.721271393643,0.8776165298450137,0.9509378328494558,0.7947096405406181,0.22041785966101252,-0.975405539835846,1846.721271393643,1556.8361858190708
1379,354.0,70.18376618407356,0.6944754935506128,0.9567567567567568,25.155111533315086,18.09951422553663,-0.5530334672332792,1562.40395480226,1753.3361581920904,0.9031082030105189,0.9028507508713133,0.7975517890772128,0.8509350474792918,-0.5252709253056134,1753.3361581920904,1562.40395480226
1380,881.0,117.63961030678928,0.49392995217616187,0.935244161358811,37.0256514123867,32.193866762371826,0.5141547303878272,1568.1816118047673,179.58796821793416,0.7999790579070382,0.09247578178060462,0.8005010780014126,0.87070873608565,0.49179904117853845,179.58796821793416,1568.1816118047673
1381,305.0,63.11269837220809,0.47250813756237287,0.9621451104100947,21.021042142971982,18.526397447442708,-0.8572283605024149,1561.767213114754,107.21639344262294,0.9622240462831365,0.05520926541844642,0.7972267550356069,0.6545354258490502,-0.7560313328881301,107.21639344262294,1561.767213114754
1382,402.0,79.01219330881976,0.6207008907206487,0.9327146171693735,26.35488013912804,20.663476574980933,1.534681660692357,1564.2462686567164,143.2363184079602,0.8091847360428706,0.07375711555507734,0.7984922249396205,0.036106816073929196,0.9993479363229822,143.2363184079602,1564.2462686567164
1383,354.0,71.698484809835,0.7508709975215708,0.954177897574124,26.3282157834898,17.388441064864487,0.45476193880242094,1565.9519774011299,1257.946327683616,0.8653527342232976,0.6477581501975365,0.7993629287397294,0.8983656216486549,0.4392484602589131,1257.946327683616,1565.9519774011299
1384,286.0,64.18376618407356,0.701741741280075,0.9470198675496688,22.762425658846357,16.216667240239723,0.11017042743175146,1566.13986013986,1864.63986013986,0.872419778714647,0.960164706560175,0.7994588362122818,0.993937374287933,0.1099476966271199,1864.63986013986,1566.13986013986
1385,655.0,97.84062043356595,0.31826033105184987,0.9618208516886931,29.98080312449413,28.421901956904993,0.2426810234894098,1570.4763358778625,58.76793893129771,0.8598303447613335,0.03026155454752714,0.8016724532301494,0.9706971983588547,0.24030594894481963,58.76793893129771,1570.4763358778625
1386,636.0,95.01219330881975,0.7077067611544069,0.9665653495440729,34.15426410278612,24.130202477114334,-0.15590081706781586,1573.7688679245282,1299.3317610062893,0.8853363429374081,0.6690688779641036,0.8033531740298766,0.9878720616931578,-0.15527005418338047,1299.3317610062893,1573.7688679245282
1387,690.0,101.49747468305831,0.7556505141237684,0.9596662030598053,36.93475980939301,24.19134571253661,0.6370211925407074,1573.731884057971,1584.4057971014493,0.8416828555202083,0.8158629233272138,0.8033342950780863,0.8038711268757929,0.5948035065258467,1584.4057971014493,1573.731884057971
1388,161.0,46.04163056034261,0.5380166179966643,0.9470588235294117,15.702047465460328,13.235793314437966,-0.688627273863415,1567.9813664596272,966.2111801242236,0.954408610029107,0.49753407833379176,0.8003988598568796,0.7721190792905959,-0.6354778732540123,966.2111801242236,1567.9813664596272
1389,335.0,73.01219330881975,0.8057248853190033,0.9178082191780822,27.448826008344568,16.25766434727008,-0.35172043364154737,1572.8,1453.3253731343284,0.789703169559942,0.748365279677821,0.8028586013272078,0.9387813899943366,-0.344513427605226,1453.3253731343284,1572.8
1390,553.0,88.42640687119285,0.5899788931265785,0.9718804920913884,30.00212219483362,24.22427354400349,0.2282511287216396,1575.365280289331,228.7884267631103,0.8887324524803047,0.11781072438883125,0.804168085905733,0.9740636091414939,0.2262743585699604,228.7884267631103,1575.365280289331
1391,207.0,56.941125496954285,0.8424954507084309,0.9452054794520548,22.439828754357116,12.088413344284895,-0.770891062684225,1572.3285024154588,1241.6038647342996,0.8022839705378825,0.6393428757643149,0.8026179185377533,0.7172900845508149,-0.6967746655878677,1241.6038647342996,1572.3285024154588
1392,450.0,78.76955262170047,0.7020655564630695,0.9574468085106383,28.477514351057213,20.27918877502216,1.3138166353884466,1573.1,1362.7222222222222,0.911392856102501,0.7017107220505778,0.8030117406840224,0.25416058779670353,0.967162031725209,1362.7222222222222,1573.1
1393,553.0,89.25483399593904,0.5290383982656351,0.9550949913644214,29.133154228753835,24.722333108830686,-0.5676380435055084,1577.132007233273,1658.6835443037974,0.8723113075320891,0.8541109908876402,0.8050699373319413,0.8431732129856052,-0.5376420118475966,1658.6835443037974,1577.132007233273
1394,701.0,107.74011537017762,0.8793384865959036,0.9655647382920111,43.585649705763686,20.755366761998175,-0.3571608753009683,1589.9543509272469,110.61340941512125,0.7588798290338759,0.056958501243625774,0.8116152888857819,0.936893200854787,-0.3496156892819195,110.61340941512125,1589.9543509272469
1395,351.0,70.18376618407356,0.7068082741709312,0.9590163934426229,25.277564864106576,17.881479873720238,0.21123913757371113,1580.871794871795,889.4358974358975,0.8954547436629721,0.45799994718635295,0.8069789662438973,0.977771853431221,0.2096716543495446,889.4358974358975,1580.871794871795
1396,554.0,90.08326112068524,0.6604251679342091,0.9551724137931035,31.01609683698903,23.28973489469165,0.4909027659514419,1588.7328519855596,208.14259927797835,0.8578896517801107,0.10717950529247083,0.8109917570115158,0.8819076340955241,0.4714222363487273,208.14259927797835,1588.7328519855596
1397,591.0,90.66904755831214,0.7419090526538176,0.9768595041322314,33.55709644819994,22.50005087520494,-0.6683593750101671,1585.8477157360405,978.419627749577,0.9033982346697392,0.5038206116115227,0.8095189973129354,0.7848394156657762,-0.6196991944624448,978.419627749577,1585.8477157360405
1398,708.0,135.5035713374682,0.6986510366577057,0.8438617401668653,37.62437452997789,26.918832745141366,1.051439996491466,1586.2725988700565,1559.34604519774,0.4845533923714168,0.8029588286291144,0.8097358850791508,0.49632144604287814,0.8681388265697523,1559.34604519774,1586.2725988700565
1399,452.0,79.11269837220809,0.6839657004081934,0.9637526652452025,28.322929967137803,20.661978677727415,0.10044477906902533,1586.1681415929204,156.68805309734512,0.9075193703481008,0.08068385844353508,0.8096825633450334,0.9949596630453266,0.10027596378360172,156.68805309734512,1586.1681415929204
1400,479.0,81.01219330881976,0.7087281808264698,0.9716024340770791,29.48110526575419,20.79837893747462,1.1529550039748497,1585.3590814196243,458.22546972860124,0.9171589253454678,0.2359554427026783,0.8092695668298235,0.4057884402731906,0.9139670353687004,458.22546972860124,1585.3590814196243
1401,207.0,51.4558441227157,0.5062682940496378,0.9583333333333334,17.554144588394085,15.138273492924181,-0.39710528491704933,1582.304347826087,1463.4830917874397,0.982450765243246,0.7535958248133057,0.807710233703975,0.9221843886224337,-0.38675050534041727,1463.4830917874397,1582.304347826087
1402,118.0,38.970562748477136,0.6630260346153163,0.9365079365079365,14.172357106767207,10.609374632424071,-0.08801195356026224,1581.3983050847457,844.9152542372881,0.9763791953766093,0.4350747962086962,0.8072477310284563,0.9961294474584236,-0.08789837260254399,844.9152542372881,1581.3983050847457
1403,554.0,96.42640687119285,0.8239460571899293,0.9141914191419142,36.33701799734897,20.59103405517139,-0.08721296897224332,1596.129963898917,1228.3772563176894,0.748734182570183,0.6325320578360913,0.8147677202138423,0.9961993589432385,-0.08710245255491209,1228.3772563176894,1596.129963898917
1404,493.0,84.66904755831213,0.7302541575481913,0.9554263565891473,30.580961934109325,20.892166233401603,-0.7813096643998989,1590.4949290060852,1679.5862068965516,0.8641864140628928,0.8648744628715508,0.8118912348167867,0.7099918685703016,-0.7042098739467173,1679.5862068965516,1590.4949290060852
1405,557.0,86.42640687119285,0.5385024508446828,0.9703832752613241,29.042363450053767,24.471790823579912,0.09728540102722345,1592.375224416517,1775.8078994614004,0.9370702356991826,0.9144221933374873,0.8128510589160373,0.9952715065211911,0.09713201484082726,1775.8078994614004,1592.375224416517
1406,383.0,89.25483399593905,0.9331970414134022,0.8948598130841121,37.60181511505767,13.512780404721315,-0.4376079727431683,1593.3107049608354,1899.6422976501306,0.6041505077482641,0.9781886187693772,0.8133285885456025,0.9057679326582805,-0.423774057922314,1899.6422976501306,1593.3107049608354
1407,423.0,84.42640687119284,0.8497826613225049,0.9441964285714286,32.836712121237255,17.309321697755166,-1.4373367953076726,1588.8581560283687,1387.5035460992908,0.745750612282986,0.7144714449532908,0.8110557202799228,0.13306369961680056,-0.9911074875331585,1387.5035460992908,1588.8581560283687
1408,175.0,54.04163056034261,0.8823807389160138,0.9408602150537635,22.287581773558784,10.487112047417705,0.7348173002211287,1590.4685714285715,860.4114285714286,0.7529931480163438,0.44305428865676033,0.8118777802085613,0.7419532571458337,0.6704516121322167,860.4114285714286,1590.4685714285715
1409,74.0,36.384776310850235,0.9045341578603172,0.891566265060241,15.154273570505369,6.461799971839714,-0.05976170771623184,1588.7162162162163,2.675675675675676,0.7024285664541082,0.0013777938597712028,0.810983265041458,0.9982148005546002,-0.059726141292901484,2.675675675675676,1588.7162162162163
1410,450.0,80.18376618407356,0.6962697711384009,0.9574468085106383,28.464452003941428,20.431219859685836,1.4689705123645767,1592.0333333333333,933.9244444444445,0.8795276071345476,0.4809085707746882,0.8126765356474391,0.10164994219845783,0.9948202296149039,933.9244444444445,1592.0333333333333
1411,65.0,28.14213562373095,0.7575193759748369,0.9701492537313433,11.280760256412703,7.3642233341640395,0.6804962184014608,1594.7692307692307,880.1384615384616,1.0313572297530655,0.4532123900815971,0.8140731142262535,0.7772606043625909,0.629178792479451,880.1384615384616,1594.7692307692307
1412,298.0,69.4558441227157,0.8501153241727423,0.93125,27.262210844737414,14.356186412667515,0.019288326191378147,1602.9161073825503,1918.476510067114,0.7762623817664389,0.9878869773775046,0.8182318057082952,0.9998139860035213,0.01928713021033298,1918.476510067114,1602.9161073825503
1413,297.0,63.11269837220809,0.6496971590177566,0.9611650485436893,22.349832228908106,16.990189015045573,0.010872995146293146,1607.063973063973,432.023569023569,0.9369853827740706,0.22246321782882028,0.8203491439836513,0.999940889570624,0.010872780909644995,432.023569023569,1607.063973063973
1414,459.0,82.08326112068522,0.7490502197648616,0.9582463465553236,29.909795469716595,19.815634942197285,-0.7732212006513377,1609.1590413943354,458.281045751634,0.8560780164836164,0.23598406063420907,0.8214186020389665,0.7156645576394449,-0.6984441573517082,458.281045751634,1609.1590413943354
1415,525.0,92.66904755831214,0.8510760814029448,0.9391771019677997,36.27648412964762,19.046691664532194,-1.1577130895060959,1606.8304761904762,1317.6895238095237,0.7682450463375919,0.6785218969153057,0.8202299521135662,0.4014351299646558,-0.9158874583868151,1317.6895238095237,1606.8304761904762
1416,235.0,57.112698372208094,0.5426296939385745,0.951417004048583,19.207349192272783,16.133636138529408,1.0108774456378395,1603.8170212765958,1499.9531914893616,0.9053413723674956,0.7723754848039968,0.8186916902892271,0.5311174678190025,0.8472981974355492,1499.9531914893616,1603.8170212765958
1417,543.0,94.66904755831214,0.8225063498436245,0.9443478260869566,35.40376101582392,20.136098914885515,-1.0298766261999124,1611.1233885819522,1686.8931860036832,0.7613663491901536,0.8686370679730604,0.8224213315885412,0.5149246092857414,-0.8572354675069893,1686.8931860036832,1611.1233885819522
1418,176.0,48.04163056034261,0.6786824056359096,0.9513513513513514,17.482068643817527,12.839388610825445,0.05021348551621425,1606.5170454545455,254.125,0.9582681494389734,0.13085736354273944,0.8200699568425449,0.998739567806742,0.050192386845041306,254.125,1606.5170454545455
1419,343.0,72.2842712474619,0.8444466002919436,0.9527777777777777,28.658653846571855,15.350714114174444,-1.383441279670802,1606.4139941690962,1630.469387755102,0.824928618046369,0.8395825889573131,0.8200173528173028,0.18626088247224312,-0.982500322473566,1630.469387755102,1606.4139941690962
1420,232.0,57.11269837220809,0.825393045279156,0.9666666666666667,22.877608649662537,12.915748845952393,1.0095118167487773,1606.5387931034484,1870.1939655172414,0.8937838229330172,0.9630246990305054,0.8200810582457623,0.5322740671037892,0.8465720982224674,1870.1939655172414,1606.5387931034484
1421,178.0,61.35533905932738,0.9425891625313041,0.8516746411483254,27.45798143814124,9.169719036032687,0.5958284091722577,1614.758426966292,897.5224719101124,0.5941897358840788,0.46216399171478495,0.8242768897224564,0.8276838841360358,0.5611946079048563,897.5224719101124,1614.758426966292
1422,489.0,82.42640687119284,0.7066078589497418,0.9683168316831683,29.72453094909327,21.03323717458598,1.2891147686408626,1616.9693251533743,135.67280163599182,0.9044529635731612,0.069862410729141,0.8254054748102982,0.27797132769452315,0.9605893716774843,135.67280163599182,1616.9693251533743
1423,227.0,56.76955262170047,0.7703198603480835,0.9537815126050421,21.46742093447326,13.688865759481398,0.9189735163090648,1617.396475770925,1897.5991189427314,0.8851253471808488,0.9771365185081006,0.825623520046414,0.6066365094206339,0.7949793364848857,1897.5991189427314,1617.396475770925
1424,432.0,78.18376618407358,0.722354603611164,0.9515418502202643,28.257576159641825,19.54075908042932,1.476765908637488,1619.9837962962963,1379.7962962962963,0.8880970693083083,0.7105027272380516,0.8269442553835101,0.09389191430462271,0.9955823966042255,1379.7962962962963,1619.9837962962963
1425,470.0,83.94112549695429,0.662432336088871,0.9306930693069307,28.74094864265405,21.530469816372168,0.2529119922629868,1626.9,271.88510638297873,0.8382202451483844,0.14000262944540615,0.8304747320061256,0.9681878762737317,0.2502243717877239,271.88510638297873,1626.9
1426,476.0,86.5269119345812,0.8181302862742014,0.937007874015748,32.868410932159385,18.90041761665654,-0.10703798018595356,1630.186974789916,1324.8550420168067,0.7989404464013844,0.6822116591229694,0.8321526160234385,0.9942769027192239,-0.10683370591282093,1324.8550420168067,1630.186974789916
1427,670.0,97.49747468305833,0.7177824987631783,0.9696092619392185,35.21032825786869,24.515803511182938,0.28833455191529617,1631.1791044776119,1833.3850746268656,0.8857230210214921,0.9440705842568824,0.8326590630309402,0.958718784929645,0.28435592384022024,1833.3850746268656,1631.1791044776119
1428,314.0,63.94112549695428,0.6026859605514601,0.9691358024691358,22.410271780312144,17.8829143084905,-0.8060404693678455,1626.531847133758,1418.0987261146497,0.9651147634490688,0.7302259145801492,0.830286803028973,0.6923608577807863,-0.7215514137004055,1418.0987261146497,1626.531847133758
1429,783.0,105.1543289325507,0.6021771996399752,0.9678615574783683,35.60178867649214,28.423131648287747,-0.6971911275910555,1636.4738186462325,1551.2630906768838,0.8898510428261532,0.7987966481343377,0.835361826771941,0.7666486929817968,-0.6420668045844627,1551.2630906768838,1636.4738186462325
1430,496.0,85.84062043356596,0.7284067455414032,0.9538461538461539,30.465675034860677,20.87340363279581,-0.269104175809578,1637.6693548387098,201.2883064516129,0.8458743283329136,0.10365000332214876,0.8359721055838233,0.9640094540937449,-0.2658679604952051,201.2883064516129,1637.6693548387098
1431,494.0,84.01219330881976,0.6479413255944215,0.95,28.90974626650769,22.02027189233139,-0.399341625467899,1637.919028340081,179.8562753036437,0.8795330570397912,0.09261394196892055,0.8360995550485355,0.9213171774831005,-0.38881185485344066,179.8562753036437,1637.919028340081
1432,162.0,44.62741699796952,0.6160117684596345,0.9759036144578314,16.181122498383978,12.746468071347334,-0.2071932284849442,1632.8148148148148,1886.0493827160494,1.0221658721171678,0.9711891775056897,0.8334940351275216,0.9786121608200532,-0.20571397301862177,1886.0493827160494,1632.8148148148148
1433,649.0,97.35533905932738,0.6712558327859768,0.9558173784977909,33.63783777537861,24.933231408356445,1.2916431802568016,1638.6656394453005,436.55161787365176,0.860468573787776,0.22479485987314715,0.8364806735300155,0.2755416764406662,0.9612891264048852,436.55161787365176,1638.6656394453005
1434,132.0,51.55634918610404,0.9398160496419123,0.8741721854304636,23.37432456038813,7.986558727511316,0.12167545328000302,1636.9621212121212,1364.530303030303,0.6240501361916012,0.7026417626314639,0.8356110879081783,0.9926066702594223,0.1213754429713957,1364.530303030303,1636.9621212121212
1435,370.0,71.11269837220809,0.5941023836705939,0.9560723514211886,24.356698735691324,19.59227105236899,0.6013057204151848,1640.5594594594595,1296.5756756756757,0.9194270389976551,0.6676496785147661,0.8374474014596527,0.824597646354741,0.5657196493195383,1296.5756756756757,1640.5594594594595
1436,176.0,52.2842712474619,0.5842539251914804,0.9166666666666666,17.071750568184996,13.854936237944587,0.15822694991918557,1641.4147727272727,77.58522727272727,0.8090594104371974,0.039951198389663885,0.8378840085386793,0.9875082106106831,0.1575675536920179,77.58522727272727,1641.4147727272727
1437,447.0,77.84062043356595,0.5560670560193847,0.9675324675324676,26.33116213314123,21.88481445059385,0.6742346988537223,1646.5212527964206,1348.317673378076,0.9270535247214293,0.694293343655034,0.840490685449934,0.781184957094068,0.624299657864666,1348.317673378076,1646.5212527964206
1438,464.0,88.32590180780451,0.8794443821230877,0.9206349206349206,35.638974161754895,16.964210802895252,0.4362313075583052,1651.2456896551723,1409.6336206896551,0.7473975743350082,0.7258669519514187,0.842902342856137,0.9063504691570529,0.42252671756800214,1409.6336206896551,1651.2456896551723
1439,350.0,73.01219330881975,0.816237282366243,0.9433962264150944,27.986408155737163,16.168218111710257,-1.0215376211631995,1646.7142857142858,96.10285714285715,0.8250630129730737,0.04948653817860821,0.8405892219062204,0.5220551137486549,-0.8529117528847161,96.10285714285715,1646.7142857142858
1440,299.0,63.94112549695428,0.681569130812448,0.9614147909967846,22.898170778218986,16.755821854524687,-0.952331839044947,1646.5117056856188,1737.6220735785953,0.9190105550040496,0.8947590492165785,0.8404858119885752,0.5797847557065482,-0.8147696834383924,1737.6220735785953,1646.5117056856188
1441,772.0,101.39696961966999,0.30534381994371296,0.9747474747474747,32.18227401214517,30.645318462757583,-0.05932477997781063,1654.3277202072538,1444.979274611399,0.943576710198285,0.7440675976371777,0.8444756101109003,0.9982408012790894,-0.059289987870479025,1444.979274611399,1654.3277202072538
1442,830.0,123.39696961967,0.7778408403602992,0.907103825136612,42.60605953645393,26.776260291924835,0.7681689944135391,1654.7903614457832,1901.3072289156626,0.6849816976572302,0.9790459469184668,0.8447117720499149,0.7191840929829236,0.6948195739904924,1901.3072289156626,1654.7903614457832
1443,186.0,50.04163056034262,0.6565452224898731,0.9538461538461539,17.882002772659792,13.488156209174997,0.5080375798903677,1647.263440860215,1766.3870967741937,0.9333830362959276,0.9095711105943325,0.8408695461256841,0.8737008353677465,0.48646361660221,1766.3870967741937,1647.263440860215
1444,429.0,78.18376618407356,0.712478661129309,0.9575892857142857,27.98518536928444,19.637030436871157,1.5376683843685786,1650.3449883449885,60.892773892773896,0.8819297285492234,0.031355702313477805,0.8424425667917246,0.033121883323715885,0.9994513198976177,60.892773892773896,1650.3449883449885
1445,568.0,90.66904755831213,0.5655509190160395,0.9530201342281879,30.32939722996012,25.013059681720275,1.1639342300897981,1652.130281690141,956.7852112676056,0.868240604555689,0.4926803353592202,0.8433538957070653,0.3957295338161957,0.9183671031050799,956.7852112676056,1652.130281690141
1446,520.0,87.1126983722081,0.714126671906965,0.9558823529411765,30.993769666218114,21.69615007940235,-0.380728592866968,1655.3326923076922,1377.8480769230769,0.8610934280318164,0.7094995246771766,0.8449886127144932,0.9283941391025241,-0.3715969893312958,1377.8480769230769,1655.3326923076922
1447,750.0,111.9827560572969,0.8339833083136028,0.946969696969697,42.179824820071346,23.27439167681662,1.4346593995182577,1655.0453333333332,1112.1053333333334,0.751568939725455,0.5726598008925506,0.844841926152799,0.13571680653059534,0.9907476714204969,1112.1053333333334,1655.0453333333332
1448,434.0,95.01219330881976,0.9143448135067312,0.8594059405940594,39.386271326619465,15.948938517703473,-0.4450556614180718,1657.6175115207373,1796.0276497695852,0.6041446113755268,0.9248340112098791,0.8461549318635718,0.9025867041018756,-0.4305081202236647,1796.0276497695852,1657.6175115207373
1449,357.0,71.1126983722081,0.6618672575032014,0.9545454545454546,24.700274470696463,18.515845928537665,0.3975653642816514,1661.4733893557423,196.08403361344537,0.887122845735575,0.1009701511912695,0.8481232207022676,0.9220063551011782,0.3871747424006893,196.08403361344537,1661.4733893557423
1450,677.0,113.98275605729688,0.9170457426403791,0.9350828729281768,47.536267008020545,18.956608963950043,1.0734585880153482,1663.483013293944,1766.6070901033972,0.6548174210357987,0.9096843924322334,0.8491490624267197,0.47708748834624376,0.8788558064116506,1766.6070901033972,1663.483013293944
1451,875.0,112.32590180780451,0.6238123378590664,0.9636563876651982,38.245242691127004,29.891493419428457,0.899963506599728,1668.8388571428573,1074.1291428571428,0.8714813330050063,0.5531046049727821,0.851883030700795,0.6216385541191948,0.7833042244444983,1074.1291428571428,1668.8388571428573
1452,497.0,80.52691193458118,0.4898772690478558,0.9764243614931237,26.992474852009625,23.53180769081389,-1.4108288557404787,1664.0704225352113,148.85915492957747,0.9631283414428207,0.07665249996373712,0.849448914004702,0.15928609306738373,-0.9872324653065907,148.85915492957747,1664.0704225352113
1453,219.0,63.35533905932737,0.9092902853816454,0.9012345679012346,26.60273614272314,11.071059598016959,0.7041654607070491,1664.648401826484,1729.283105022831,0.6856264129308691,0.8904650386317359,0.8497439519277611,0.7621520961788077,0.647398009180017,1729.283105022831,1664.648401826484
1454,363.0,73.94112549695429,0.770172008594127,0.9260204081632653,27.39524924597647,17.47368294731074,-1.4849328421142338,1663.641873278237,1854.7465564738293,0.8343425170133599,0.9550703174427545,0.8492301548127805,0.08575801826530344,-0.9963159952059426,1854.7465564738293,1663.641873278237
1455,637.0,100.5685424949238,0.8325409967171299,0.9636913767019667,38.700767272742894,21.43881002683133,-0.4254755257981767,1673.5729984301413,1478.1899529042387,0.7914527349209544,0.76116887379209,0.854299641873477,0.9108425607883629,-0.41275395752978244,1478.1899529042387,1673.5729984301413
1456,447.0,89.01219330881975,0.8848719278971686,0.9066937119675457,35.798985754397975,16.67639839614412,-0.36394344821517405,1673.5190156599554,315.17897091722597,0.7089545307335825,0.16229607153307207,0.8542720855844591,0.9345003751267682,-0.3559621453018979,315.17897091722597,1673.5190156599554
1457,440.0,82.18376618407358,0.7661383202232855,0.9565217391304348,30.22391281189187,19.424174767890115,0.3382187586042125,1672.8181818181818,482.95454545454544,0.818635288187728,0.24868926130512123,0.8539143347719151,0.9433471906322454,0.3318072903452394,482.95454545454544,1672.8181818181818
1458,597.0,94.66904755831213,0.7873797230524419,0.9491255961844197,35.31044412816252,21.767769659281157,0.8774282187906638,1675.8509212730319,181.0284757118928,0.8370823397173515,0.09321754671055242,0.8554624406702562,0.6391312067032674,0.7690977185104799,181.0284757118928,1675.8509212730319
1459,703.0,99.49747468305833,0.7050058711273859,0.9723374827109267,35.71958650656252,25.33238317327282,-1.1554122075460995,1678.6614509246087,1421.2233285917496,0.89236200925096,0.7318348756909112,0.8568971163474266,0.40354141442572045,-0.9149613799736517,1421.2233285917496,1678.6614509246087
1460,206.0,56.526911934581186,0.8602777719162608,0.958139534883721,22.966768443403932,11.7090467884841,-0.558659675357874,1674.6456310679612,1460.5339805825242,0.8101521020851995,0.7520772299601052,0.8548471827809909,0.8479663117167343,-0.5300501242274339,1460.5339805825242,1674.6456310679612
1461,764.0,103.74011537017762,0.6195150337480692,0.9646464646464646,35.49037208778956,27.859402335259897,0.254364273601581,1688.2434554973822,1104.8625654450261,0.8920922558340649,0.5689302602703533,0.8617883897383268,0.9678234592033108,0.2516301886017205,1104.8625654450261,1688.2434554973822
1462,422.0,79.35533905932738,0.8143740802273469,0.9590909090909091,30.65361817389611,17.78952979941458,1.3348200530434475,1679.670616113744,1752.2890995260664,0.8421123020511951,0.9023115857497767,0.8574122593740399,0.2337923146234163,0.9722865594170401,1752.2890995260664,1679.670616113744
1463,185.0,52.2842712474619,0.6067295188271529,0.9296482412060302,17.476539371945325,13.892247142743837,-0.7897889759460888,1680.0324324324324,1842.664864864865,0.850431766652736,0.9488490550282518,0.8575969537684699,0.7039952016068571,-0.7102047283104503,1842.664864864865,1680.0324324324324
1464,564.0,87.01219330881976,0.5661909658293277,0.9657534246575342,29.54825020759993,24.355857315659097,1.3344685548711226,1685.968085106383,78.54432624113475,0.9361139905438138,0.04044507015506424,0.860626893877684,0.2341340571223572,0.9722043217839678,78.54432624113475,1685.968085106383
1465,121.0,40.38477631085023,0.7936718346642989,0.952755905511811,15.943752029996986,9.699319910316733,-1.3650463689460144,1678.5454545454545,973.0330578512396,0.932308987714613,0.5010468886978576,0.8568379043111048,0.20430135705899835,-0.9789080424145322,973.0330578512396,1678.5454545454545
1466,1403.0,163.88225099390857,0.8089672711154897,0.9206036745406824,58.118637339782346,34.16525509256287,-0.3043598918114251,1698.4604419101925,235.50605844618676,0.6564530854922429,0.12126985501863376,0.8670037988311344,0.9540389772611252,-0.2996825484851366,235.50605844618676,1698.4604419101925
1467,433.0,81.59797974644667,0.7310802150624536,0.9252136752136753,28.937688305392573,19.743939357840944,-0.08006948071419032,1690.565819861432,47.953810623556585,0.8172199266040204,0.024693002380822133,0.8629738743549933,0.9967961513665478,-0.07998395227068011,47.953810623556585,1690.565819861432
1468,412.0,78.18376618407356,0.7908367666429593,0.958139534883721,29.46641393732468,18.034244769573718,-0.9578181329926757,1688.4830097087379,329.8592233009709,0.8469814642477389,0.16985541879555657,0.861910673664491,0.5753059865769525,-0.8179382750603613,329.8592233009709,1688.4830097087379
1469,452.0,90.15432893255071,0.7924342899040785,0.904,31.955967494619163,19.491775347017292,0.8655789017666429,1693.7765486725664,353.3119469026549,0.6988357739508193,0.18193200149467295,0.8646128375051385,0.6481994076300028,0.7614706349873995,353.3119469026549,1693.7765486725664
1470,432.0,77.59797974644667,0.650954297325116,0.9707865168539326,27.213453470302756,20.6581930627408,-0.009586705782152113,1691.611111111111,958.9212962962963,0.9015561527960633,0.49378027615669223,0.8635074584538597,0.9999540478880603,-0.009586558938576514,958.9212962962963,1691.611111111111
1471,225.0,59.21320343559643,0.8604026891977726,0.9574468085106383,23.872278563792,12.165665717319232,-0.2291144349391454,1690.6,5.564444444444445,0.8064088178555009,0.0028653163977571806,0.8629913221031138,0.9738679021215184,-0.22711518931465724,5.564444444444445,1690.6
1472,173.0,47.45584412271571,0.27781644041406317,0.9453551912568307,15.188605528390992,14.590693598542364,0.21130101503638749,1686.0231213872833,370.6300578034682,0.9653316855597915,0.1908496693117756,0.8606549879465458,0.9777588776094066,0.20973215598947512,370.6300578034682,1686.0231213872833
1473,369.0,104.95331880577405,0.9763346582838286,0.8521939953810623,50.147080430781465,10.845068182002947,-0.8618546988493009,1694.9837398373984,1504.8021680216802,0.4209629533401472,0.7748723831213595,0.865229065766921,0.6510307770784838,-0.7590513337690579,1504.8021680216802,1694.9837398373984
1474,753.0,107.74011537017762,0.8143693089247072,0.9592356687898089,40.887649533614294,23.729024330760826,1.078543379778856,1697.2324037184594,472.8180610889774,0.8151733398894557,0.24346965040627055,0.8663769289017148,0.47261254127653696,0.8812703250581706,472.8180610889774,1697.2324037184594
1475,161.0,46.04163056034262,0.6838373587075712,0.9415204678362573,16.794902757478845,12.254140052990902,-1.0028133087589244,1689.3602484472049,1393.2049689440994,0.9544086100291067,0.7174072960577237,0.8623584729184303,0.5379328531333808,-0.8429876900167526,1393.2049689440994,1689.3602484472049
1476,502.0,90.52691193458118,0.8733988882359017,0.9561904761904761,36.42944369235875,17.74134037508248,-0.01618526579142249,1701.699203187251,1448.2649402390439,0.7697650156228125,0.745759495488694,0.8686570715606182,0.9998690214449607,-0.016184559144343216,1448.2649402390439,1701.699203187251
1477,296.0,74.2842712474619,0.7395895549724434,0.8505747126436781,25.598637877247747,17.229372173452347,-0.5065577562047262,1700.5101351351352,990.0675675675676,0.6740744108293234,0.5098185208895817,0.8680500945049184,0.8744197588380497,-0.48517016123583584,990.0675675675676,1700.5101351351352
1478,426.0,76.76955262170047,0.6921457366332169,0.9638009049773756,27.456933557300843,19.81725514876703,-1.2217519918589408,1699.1455399061033,135.90845070422534,0.9083253683524,0.06998375422462685,0.8673535170526305,0.34199992532477774,-0.9396999792901171,135.90845070422534,1699.1455399061033
1479,372.0,78.76955262170047,0.8786208333212907,0.9441624365482234,31.970455833860484,15.266534776407436,-0.22838381270564084,1704.4059139784947,1893.3548387096773,0.7534180943780674,0.9749509983057041,0.8700387513927997,0.9740335775839954,-0.22640359921812817,1893.3548387096773,1704.4059139784947
1480,624.0,96.18376618407358,0.6608807503921948,0.9585253456221198,33.262936499215876,24.963532097938767,-1.2669105276645007,1700.3974358974358,1780.4599358974358,0.8475999003510637,0.9168176806886899,0.8679925655423358,0.29923021192663996,-0.9541809473419275,1780.4599358974358,1700.3974358974358
1481,508.0,84.66904755831213,0.5309798332537405,0.9566854990583804,27.84542353473257,23.59577908076286,0.34968318372598023,1705.25,205.11023622047244,0.8904801183447252,0.10561804130817325,0.8704696273608984,0.9394813013076716,0.342600181688866,205.11023622047244,1705.25
1482,688.0,108.66904755831213,0.8803946379741692,0.9373297002724795,43.4083812740139,20.586068712997736,-0.3587137775227891,1713.1904069767443,1128.6976744186047,0.7321272655394534,0.5812037458386224,0.8745229234184504,0.9363491524310887,-0.3510701706804235,1128.6976744186047,1713.1904069767443
1483,183.0,52.45584412271571,0.7656463648966092,0.915,19.126410720889485,12.30328790982772,1.384496586554562,1699.9453551912568,185.6448087431694,0.8357438578802215,0.09559464919833645,0.8677617943804271,0.18522393959427752,0.982696337736727,185.6448087431694,1699.9453551912568
1484,231.0,56.62741699796952,0.48282438078642886,0.9506172839506173,18.595384080473192,16.28429771111629,-0.8647822114327699,1701.1688311688313,1406.1688311688313,0.9052495957709019,0.724082817285701,0.8683863354613738,0.6488058581491589,-0.7609539791809578,1406.1688311688313,1701.1688311688313
1485,326.0,76.18376618407356,0.8833803740772037,0.8956043956043956,30.852129121595198,14.459057424997136,-1.2575793159669089,1704.9325153374234,331.53067484662574,0.7058340207276563,0.17071610445243343,0.8703075627041467,0.30812072001647384,-0.9513472667204809,331.53067484662574,1704.9325153374234
1486,737.0,101.49747468305833,0.5504501959869439,0.9621409921671018,33.85715775235994,28.266257665870693,-0.8211907156048918,1711.799185888738,273.8995929443691,0.8990148761136136,0.1410399551721777,0.8738127544097694,0.681350137116624,-0.7319576426618946,273.8995929443691,1711.799185888738
1487,326.0,67.11269837220809,0.7003207857203774,0.9616519174041298,24.257220428175,17.315489659896222,-0.592103337517021,1708.9570552147238,1861.2852760736196,0.909532166163272,0.9584373203262717,0.8723619475317631,0.8297686268984739,-0.558107539650757,1861.2852760736196,1708.9570552147238
1488,849.0,108.18376618407356,0.3543673513486158,0.9725085910652921,34.31956646644535,32.092442595806354,0.7431910266642506,1713.9740871613662,1371.5547703180212,0.9115770052839446,0.7062588930576834,0.8749229643498552,0.7363131318951404,0.67664094747419,1371.5547703180212,1713.9740871613662
1489,555.0,96.08326112068524,0.8662144462563226,0.947098976109215,38.0188547948651,18.996973401183702,-0.7908557954412297,1714.3819819819819,1424.3585585585586,0.7554528734923723,0.7334493092474555,0.8751311801847789,0.7032371408910888,-0.7109553598302266,1424.3585585585586,1714.3819819819819
1490,644.0,97.35533905932738,0.6483281887156629,0.9498525073746312,33.265296303827164,25.326898983824645,-1.2067386937603448,1712.6040372670807,394.46583850931677,0.8538393860082092,0.2031235007771971,0.8742236024844721,0.3560688487376603,-0.9344597235615012,394.46583850931677,1712.6040372670807
1491,407.0,75.01219330881975,0.700168458198738,0.9621749408983451,27.044815864071822,19.309394936002644,-1.3120255234616036,1710.5110565110565,99.95823095823096,0.9089511531710845,0.05147179760979967,0.8731552100617951,0.25589247463680603,-0.9667052505413692,99.95823095823096,1710.5110565110565
1492,358.0,74.66904755831213,0.8782514764195577,0.9649595687331537,31.088547088915835,14.86651409811841,0.6604207215598888,1713.7653631284916,1092.558659217877,0.8068850468752903,0.5625945722028203,0.8748164181360345,0.7897342101096879,0.6134491644646909,1092.558659217877,1713.7653631284916
1493,229.0,55.798989873223334,0.7530428826905018,0.9662447257383966,21.152029702153737,13.917431457696669,-1.342433828398992,1709.8296943231442,10.34061135371179,0.924256838091617,0.0053247226332192536,0.8728073988377458,0.22638283831333603,-0.9740384029991825,10.34061135371179,1709.8296943231442
1494,403.0,79.11269837220809,0.8619996379019499,0.9572446555819477,31.966304105735013,16.20400377880645,0.1870390289688522,1718.424317617866,1166.4962779156328,0.8091378456864704,0.6006674963520251,0.8771946491158071,0.9825591352331465,0.18595038523727597,1166.4962779156328,1718.424317617866
1495,199.0,63.45584412271571,0.8886509604808313,0.7896825396825397,25.788526319621475,11.826210766203374,1.091527138269399,1713.6281407035176,67.79396984924622,0.6210401657150784,0.03490935625604852,0.8747463709563643,0.4611308262170369,0.8873321594039026,67.79396984924622,1713.6281407035176
1496,298.0,65.35533905932738,0.7313447127482271,0.952076677316294,23.959525005714553,16.340587713782835,1.3818094241094467,1713.8993288590605,37.54026845637584,0.876726197491945,0.01933072526074966,0.8748848028887496,0.18786393237402724,0.9821950635759512,37.54026845637584,1713.8993288590605
1497,276.0,65.01219330881975,0.8580594603159847,0.9616724738675958,26.367895838024857,13.541242151197089,-0.7068875712241394,1715.7717391304348,341.6376811594203,0.8205958381913184,0.1759205361274049,0.8758406019042546,0.7603869856974647,-0.6494702702833468,341.6376811594203,1715.7717391304348
1498,163.0,47.45584412271571,0.7378896684023557,0.9367816091954023,17.590056576930014,11.871904843275678,-0.8370536059209579,1712.2147239263804,956.8159509202454,0.9095321661632718,0.49269616422257745,0.8740248718358247,0.6696539375467835,-0.7426732820884892,956.8159509202454,1712.2147239263804
1499,447.0,84.32590180780451,0.7737073381372866,0.9410526315789474,30.345706426932264,19.225315205082552,0.6485110285088653,1718.8120805369128,1023.910514541387,0.7899423514292598,0.5272453730903126,0.8773925883292051,0.7969840210479577,0.6040003892335074,1023.910514541387,1718.8120805369128
1500,445.0,80.18376618407356,0.679455216737508,0.9611231101511879,28.387599697193846,20.82846395231275,0.5476285475871003,1720.21797752809,1759.808988764045,0.869755078166386,0.906183825316192,0.8781102488657937,0.8537616515810933,0.5206640397507051,1759.808988764045,1720.21797752809
1501,425.0,77.25483399593904,0.6809699374870471,0.9615384615384616,27.38381155939411,20.053476588938963,-0.6007752837361167,1720.3694117647058,1342.1976470588236,0.89484428082959,0.6911419397831223,0.8781875506711107,0.8248976087870777,-0.5652821729166428,1342.1976470588236,1720.3694117647058
1502,492.0,82.42640687119284,0.570356942091389,0.9647058823529412,27.83358830656773,22.862424697408564,0.8758500703287071,1722.4268292682927,447.9735772357724,0.9100017547607266,0.23067640434385808,0.8792377893151061,0.6403441606862421,0.7680881172593625,447.9735772357724,1722.4268292682927
1503,572.0,90.08326112068522,0.7468998976187474,0.9629629629629629,33.17914094126235,22.062021698421265,-0.9348204382740911,1723.43006993007,1815.5402097902097,0.8857633227765767,0.9348816734244129,0.8797499080806891,0.5939628919993485,-0.8044924380799178,1815.5402097902097,1723.43006993007
1504,626.0,92.91168824543142,0.6234408198499334,0.9705426356589147,32.11261988386215,25.10791150742257,0.6684296052602577,1726.1485623003196,152.86741214057508,0.9112624907987708,0.07871648410946194,0.8811376019909748,0.7847958921008769,0.6197543124025753,152.86741214057508,1726.1485623003196
1505,523.0,89.84062043356595,0.6537503858836916,0.9389587073608617,30.315860314052017,22.940322848204932,0.9171627971290595,1724.3671128107076,364.65583173996174,0.8142655629742316,0.1877733428115148,0.8802282352275179,0.6080749984758202,0.7938795854716453,364.65583173996174,1724.3671128107076
1506,497.0,85.01219330881975,0.6038727615549252,0.9502868068833652,28.750926466758102,22.91680941508408,0.1785507065983338,1728.3158953722334,187.02213279678068,0.8641792030713297,0.09630387888608687,0.8822439486330952,0.9841021258190253,0.17760350773133707,187.02213279678068,1728.3158953722334
1507,370.0,69.698484809835,0.33958795278192183,0.9635416666666666,22.406867218242752,21.075323550295696,1.3605728814701914,1723.654054054054,1060.7675675675675,0.9571167444263332,0.5462242881398391,0.8798642440296346,0.2086784310756199,0.9779843109190545,1060.7675675675675,1723.654054054054
1508,496.0,94.18376618407356,0.8472871155940074,0.8747795414462081,35.99529571158901,19.118366657724597,-0.08723294441804152,1730.0524193548388,311.40725806451616,0.7026506216150716,0.16035389189727917,0.8831303825190602,0.9961976188341677,-0.0871223520638318,311.40725806451616,1730.0524193548388
1509,178.0,50.04163056034261,0.7120730155208935,0.9319371727748691,18.12162574812167,12.723291654046102,-0.24716581802395038,1723.4943820224719,1842.561797752809,0.8932375293584686,0.9487959823649892,0.8797827371222419,0.9696097171797563,-0.24465689516257846,1842.561797752809,1723.4943820224719
1510,200.0,52.041630560342625,0.3413724686882764,0.9389671361502347,16.57438701732565,15.578732137112668,-0.9937948087436977,1725.855,1863.105,0.9279788304747612,0.9593743563336766,0.8809877488514548,0.5455133587829095,-0.8381021270641118,1863.105,1725.855
1511,458.0,87.59797974644665,0.8563393608287041,0.9443298969072165,33.93998561132306,17.527066631769074,0.5552909649740287,1733.1724890829694,993.2882096069869,0.7500447258531416,0.5114769359459252,0.8847230674236699,0.8497470822517894,0.5271905691536701,993.2882096069869,1733.1724890829694
1512,203.0,51.45584412271572,0.5862878205539034,0.9620853080568721,17.905154014030018,14.505015897419678,1.38983614241468,1730.3990147783252,966.6108374384237,0.9634662093931345,0.4977398750970256,0.8833073071864855,0.17997416209854356,0.9836713378852345,966.6108374384237,1730.3990147783252
1513,287.0,61.698484809834994,0.4979653862679209,0.9630872483221476,20.621631210708102,17.88301478620252,-1.1246466582772676,1733.8397212543555,1450.97212543554,0.9474204685668679,0.7471535146423995,0.885063665775577,0.4314952986618227,-0.9021151851247957,1450.97212543554,1733.8397212543555
1514,307.0,67.11269837220809,0.8220054252359894,0.956386292834891,26.217693186791166,14.93044294971937,-0.013718393205299951,1740.7524429967427,1013.9837133550488,0.8565226227365783,0.5221337349923012,0.888592364980471,0.9999059043196356,-0.01371796292208667,1013.9837133550488,1740.7524429967427
1515,230.0,61.59188309203678,0.8680434906013115,0.9504132231404959,24.70868410238389,12.267569240496607,-0.2808753767051344,1739.4217391304348,1032.486956521739,0.7618873020166987,0.5316616665920386,0.8879130878664803,0.9608131548237218,-0.27719682811620866,1032.486956521739,1739.4217391304348
1516,569.0,86.42640687119285,0.4313087051512706,0.9776632302405498,28.37678029638008,25.60165637905121,-0.7715016417163681,1741.3251318101934,1914.9543057996484,0.9572584633982673,0.986073277960684,0.8888847023022938,0.7168645148710225,-0.6972124979650992,1914.9543057996484,1741.3251318101934
1517,590.0,101.63961030678928,0.8833057014234454,0.9276729559748428,41.27415197456763,19.349216699427778,-0.7682426204952473,1748.742372881356,456.1050847457627,0.7176883443833905,0.2348635863778387,0.8926709407255519,0.7191329341909662,-0.6948725228139988,456.1050847457627,1748.742372881356
1518,298.0,61.698484809834994,0.5411832120463776,0.9738562091503268,21.25677919897187,17.87492574404083,0.2735149126471328,1741.979865771812,327.33892617449663,0.9837327513342392,0.1685576344873824,0.8892189207615171,0.96282740709508,0.27011735254619434,327.33892617449663,1741.979865771812
1519,871.0,119.74011537017762,0.866863256202727,0.93756727664155,47.75299127714362,23.80706187593049,1.2097119263363834,1746.7221584385763,1841.4856486796784,0.7633938809825348,0.9482418376311423,0.891639692924235,0.35328891289699754,0.9355142671408372,1841.4856486796784,1746.7221584385763
1520,832.0,111.84062043356595,0.8157383180620914,0.9640787949015064,42.99714415294345,24.870456440659485,1.4474910940006678,1746.5865384615386,1372.6490384615386,0.8358609862028519,0.7068223678998654,0.8915704637373857,0.12299301107455134,0.9924075368651809,1372.6490384615386,1746.5865384615386
1521,406.0,75.698484809835,0.5359007728476278,0.9485981308411215,25.015169158054963,21.119831360840486,-1.464959319009691,1748.3004926108374,1433.6970443349753,0.890351560485688,0.7382580042919543,0.8924453765241641,0.10563953003603069,-0.9944044899806952,1433.6970443349753,1748.3004926108374
1522,336.0,65.94112549695429,0.40132441773202465,0.968299711815562,21.617222239824738,19.79999154593408,0.6852596089413222,1749.044642857143,1805.767857142857,0.9710384578239459,0.9298495659849934,0.8928252388244732,0.7742547734263773,0.6328740363030144,1805.767857142857,1749.044642857143
1523,743.0,106.08326112068524,0.4010423077004325,0.94529262086514,32.641447250974245,29.901508915089998,1.3171181519474895,1755.0040376850607,398.60026917900404,0.8296691729804859,0.20525245580793205,0.8958672984609805,0.2509661069590711,0.9679958745561925,398.60026917900404,1755.0040376850607
1524,444.0,85.42640687119285,0.8355302172754544,0.9466950959488273,32.49036434231842,17.85165191517432,0.5286063878514438,1756.418918918919,993.9842342342342,0.7645546859697638,0.511835342036166,0.8965895451347212,0.8635107498401974,0.5043304322668027,993.9842342342342,1756.418918918919
1525,364.0,72.76955262170047,0.6525791433423132,0.9479166666666666,25.130116768176755,19.04160639301845,-0.22553961412493903,1754.8846153846155,1768.1758241758241,0.8637972911800519,0.9104921854664387,0.895806337613382,0.9746735738084863,-0.2236323422928653,1768.1758241758241,1754.8846153846155
1526,913.0,119.63961030678927,0.8014460189242322,0.9580272822665268,44.26949533015218,26.476129528784192,1.1105525038145432,1759.9945235487405,354.76232201533406,0.8015500804178841,0.18267884758771064,0.8984147644455031,0.4441665719575761,0.8959442261410335,354.76232201533406,1759.9945235487405
1527,504.0,86.32590180780451,0.73899607989667,0.96,31.13351188834162,20.974949740383593,-0.7597088859749648,1758.2718253968253,1874.9285714285713,0.849881063383404,0.9654627041341768,0.8975353881556025,0.725036534718917,-0.6887104059928125,1874.9285714285713,1758.2718253968253
1528,137.0,41.21320343559643,0.7281604859472649,0.9785714285714285,15.943213466545567,10.927584891033353,0.8535477368376776,1751.1897810218977,1300.3211678832117,1.0135791902619473,0.6695783562735385,0.8939202557539039,0.6573136528937589,0.7536171187807924,1300.3211678832117,1751.1897810218977
1529,83.0,31.31370849898476,0.6552817566243262,0.9764705882352941,11.83527387979246,8.940183042091395,-0.309500792584958,1753.7469879518073,499.9277108433735,1.0636994816951175,0.25742930527465163,0.8952256191688654,0.9524857387481331,-0.3045831864719771,499.9277108433735,1753.7469879518073
1530,1488.0,255.46298679765215,0.9880021253914902,0.6438771094764172,133.23978193933712,20.577589288265226,0.7975959647520444,1790.075940860215,1766.978494623656,0.28652124144343344,0.9098756408978661,0.9137702607760159,0.6984292437465367,0.7156791120884001,1766.978494623656,1790.075940860215
1531,226.0,56.97056274847714,0.8442321393124657,0.9699570815450643,23.205335333318445,12.43754226086288,0.12117922554028103,1759.8230088495575,1784.3628318584072,0.8750185992156885,0.91882741084367,0.8983272122764459,0.9926667779079655,0.1208828690833309,1784.3628318584072,1759.8230088495575
1532,307.0,67.11269837220809,0.729356496752758,0.956386292834891,24.441933247465006,16.721553464036003,0.3637293869668364,1760.9967426710098,1177.4201954397395,0.8565226227365783,0.6062925826157258,0.8989263617514087,0.9345765514169306,0.35576209683106647,1177.4201954397395,1760.9967426710098
1533,267.0,73.45584412271572,0.946251205859221,0.9709090909090909,32.76004801809013,10.595667945560699,-0.08423745929500433,1769.1086142322097,1926.6704119850187,0.6218253424835807,0.9921062883547985,0.9030671843962275,0.9964541227504089,-0.08413787050854712,1926.6704119850187,1769.1086142322097
1534,206.0,54.2842712474619,0.667059801540916,0.9279279279279279,19.021173824104594,14.170853917474705,-1.4879855873111383,1762.106796116505,510.90291262135923,0.8784742999088938,0.2630807994960655,0.8994930046536523,0.08271612452038589,-0.9965731497207458,510.90291262135923,1762.106796116505
1535,195.0,52.62741699796952,0.7879325864215276,0.9512195121951219,20.196990114307965,12.436529163986036,1.5497090133039229,1762.6102564102564,315.06666666666666,0.8847495806187563,0.1622382423618263,0.8997500032722084,0.02108575069293703,0.9997776708437308,315.06666666666666,1762.6102564102564
1536,815.0,109.9827560572969,0.562938896720488,0.9521028037383178,36.17978578428099,29.902539295121134,-1.4185401903419266,1774.0662576687116,1606.7153374233128,0.8466780011294783,0.8273508431633948,0.905597885486836,0.1516685527224329,-0.9884314089076098,1606.7153374233128,1774.0662576687116
1537,454.0,77.698484809835,0.430733726286503,0.9721627408993576,25.37073125356528,22.896553739627546,-1.4755251393868338,1769.5837004405287,1333.3127753303966,0.9450191677862165,0.6865668256078252,0.9033096990508058,0.09512712973818285,-0.9954651320803631,1333.3127753303966,1769.5837004405287
1538,522.0,89.74011537017762,0.8636707901873433,0.9560439560439561,36.58141122010838,18.439091245874305,0.8162884700228087,1774.360153256705,1547.1858237547892,0.8145300665911328,0.7966971286069976,0.9057479087578892,0.6849301717737102,0.7286087151510307,1547.1858237547892,1774.360153256705
1539,141.0,53.112698372208094,0.9191987631895459,0.8493975903614458,22.873909449924597,9.00760595458421,0.8154593882570688,1772.3049645390072,504.01418439716315,0.6281049909737458,0.2595335656010109,0.904698807830019,0.6855340125021324,0.728040601685597,504.01418439716315,1772.3049645390072
1540,763.0,113.74011537017762,0.6066598217875588,0.9083333333333333,35.85373267672802,28.502338781338025,0.11985825453288192,1780.9685452162516,1648.7221494102228,0.7411516385768124,0.8489815393461497,0.9091212584054373,0.9928255945429063,0.11957147996292712,1648.7221494102228,1780.9685452162516
1541,110.0,44.97056274847714,0.5982915372442875,0.8208955223880597,14.615664043760352,11.711217378813148,0.48539183575715866,1767.6090909090908,1683.4636363636364,0.6835116240023735,0.8668710794869394,0.9023017309387906,0.8844922040932861,0.46655497092861503,1683.4636363636364,1767.6090909090908
1542,608.0,90.42640687119285,0.3421512865052646,0.9696969696969697,28.761584758442417,27.025675807419752,-1.0350559008526932,1777.8634868421052,1387.6825657894738,0.9343786244857225,0.7145636281099247,0.9075362362644743,0.510477864825657,-0.8598908939644833,1387.6825657894738,1777.8634868421052
1543,421.0,83.1126983722081,0.8718416315872882,0.9334811529933481,33.551908327305306,16.43331811933219,-1.3972316253563182,1774.935866983373,1822.7482185273159,0.7658737681320668,0.9385933154105643,0.9060417901905936,0.1726945821557047,-0.9849754216700367,1822.7482185273159,1774.935866983373
1544,534.0,85.49747468305833,0.492085993466973,0.9621621621621622,28.05587255319974,24.423944336532685,-1.0603989542309662,1779.436329588015,1190.4232209737827,0.9180039428362889,0.6129882703263556,0.908339116686072,0.48852401305363735,-0.8725504505012702,1190.4232209737827,1779.436329588015
1545,461.0,82.08326112068524,0.6928941206266628,0.9604166666666667,28.802538422718673,20.76776344989866,0.7939932467111296,1779.2754880694142,1012.3861171366594,0.8598082039192745,0.5213110798849946,0.9082570127970465,0.7010030955641616,0.7131582292937962,1012.3861171366594,1779.2754880694142
1546,720.0,99.49747468305833,0.6917324867430807,0.972972972972973,35.67094686078226,25.75991120644421,1.5141957344986035,1781.7569444444443,419.2138888888889,0.9139411759042549,0.2158670900560705,0.9095237082411661,0.0565703759387247,0.9983986140646186,419.2138888888889,1781.7569444444443
1547,215.0,58.76955262170048,0.9006738511101626,0.9772727272727273,25.32724003464883,11.004579820195811,-0.8610568967729362,1780.6837209302325,1517.893023255814,0.7822463665006858,0.7816132972481019,0.9089758657122167,0.6516361425577146,-0.7585316985548474,1517.893023255814,1780.6837209302325
1548,789.0,108.56854249492379,0.8145122570296865,0.9645476772616137,41.893430691522575,24.304320750495545,-0.6186205821471266,1790.998732572877,1897.5614702154626,0.8411604643545115,0.9771171319338118,0.9142413132071858,0.8146791723607062,-0.5799119296252447,1897.5614702154626,1790.998732572877
1549,489.0,81.84062043356593,0.6493759637875905,0.9625984251968503,28.651494711567075,21.78853129111282,0.7659596268422044,1787.918200408998,489.82208588957053,0.9174468142112906,0.2522255849070909,0.912668810826441,0.7207174482909716,0.6932289374578579,489.82208588957053,1787.918200408998
1550,605.0,93.01219330881976,0.7151931955202884,0.9618441971383148,33.33135394143072,23.296177058397085,-0.09748567562457133,1790.9669421487604,452.3256198347107,0.8787907310454398,0.2329174149509324,0.9142250853235122,0.995252033486032,-0.09733134049173671,452.3256198347107,1790.9669421487604
1551,545.0,102.8111831820431,0.8707248798408368,0.9206081081081081,38.8738533374862,19.11701267045978,-0.6751126050459931,1794.645871559633,1337.1853211009175,0.6479263644394172,0.6885609274464045,0.9161030482693379,0.7806365795918628,-0.6249852243078369,1337.1853211009175,1794.645871559633
1552,248.0,62.355339059327385,0.8126920255917977,0.9575289575289575,23.587484306618936,13.744272908345277,-0.25888813777289843,1790.233870967742,1403.8024193548388,0.8015197990756115,0.7228642736121724,0.913850878492977,0.9666752188868326,-0.2560059006938984,1403.8024193548388,1790.233870967742
1553,646.0,92.42640687119285,0.5274236786202691,0.9758308157099698,31.176318346636904,26.487475351815196,0.3681156064687823,1794.2569659442725,1576.733746130031,0.9502770529862357,0.8119123306539809,0.9159045257500115,0.933007115665267,0.35985791934870504,1576.733746130031,1794.2569659442725
1554,953.0,115.25483399593902,0.5702308969908552,0.9714576962283384,38.618651577819726,31.724622280610898,-0.5001213008505622,1800.7607555089191,985.4616998950683,0.9015388895985791,0.5074468073610032,0.919224479585972,0.877524400708572,-0.4795319865880289,985.4616998950683,1800.7607555089191
1555,398.0,77.94112549695429,0.8340986501221787,0.9386792452830188,30.499507102725598,16.823994834143395,1.458298703062344,1793.4321608040202,1742.8442211055276,0.8233027961014627,0.8974481056156167,0.9154834919877591,0.11226048419032872,0.9936788131430362,1742.8442211055276,1793.4321608040202
1556,532.0,109.9827560572969,0.7993321045986228,0.806060606060606,36.858779939136056,22.14805370555019,0.25115666451613317,1805.6315789473683,1710.4943609022557,0.5526781553385062,0.8807900931525519,0.9217108621477123,0.9686256102529162,0.24852450012456673,1710.4943609022557,1805.6315789473683
1557,506.0,95.94112549695429,0.9211055938400583,0.9457943925233645,40.98006226263456,15.954064296932652,1.3764983788158311,1798.1640316205533,1243.9584980237155,0.6907975092828601,0.6405553542861563,0.917898944165673,0.19307774076842327,0.9811834619579366,1243.9584980237155,1798.1640316205533
1558,531.0,88.42640687119285,0.7880389790517851,0.9567567567567568,33.19217631314436,20.433945050386384,-0.8820656801209659,1802.7664783427495,1201.6572504708097,0.8533760077161697,0.6187730434968124,0.9202483299350431,0.6355576859778107,-0.7720533840315258,1201.6572504708097,1802.7664783427495
1559,522.0,112.76955262170047,0.9593729970290285,0.9,51.03026177625462,14.397720830334848,-0.07693004530411131,1811.4961685823755,1516.316091954023,0.5158181885963108,0.7808012831895073,0.9247045270966695,0.9970423431714026,-0.07685418611421863,1516.316091954023,1811.4961685823755
1560,605.0,96.18376618407356,0.789140540243371,0.952755905511811,35.604315624427954,21.86862187206168,1.1636158170487194,1802.5256198347108,1632.2330578512397,0.8217915700519131,0.8404907609944592,0.9201253802116952,0.3960219338124926,0.9182410511077218,1632.2330578512397,1802.5256198347108
1561,799.0,105.7401153701776,0.6054147552387228,0.964975845410628,35.8501291712491,28.533481849854066,0.17276980297870506,1809.4017521902379,1305.8072590738423,0.898001544250478,0.67240332599065,0.9236354018326891,0.9851123851279416,0.17191157223275555,1305.8072590738423,1809.4017521902379
1562,1227.0,132.22539674441617,0.5065684765186018,0.9684293606945541,42.83941392251624,36.936131221333746,0.079540099192926,1812.240423797881,1674.361043194784,0.8819108164138663,0.8621838533443791,0.9250844429800311,0.9968383537174366,0.07945625562478323,1674.361043194784,1812.240423797881
1563,261.0,63.698484809834994,0.8368199744906533,0.9456521739130435,24.892755449393178,13.628239828374644,-0.35318852589422306,1803.5172413793102,1441.1570881226053,0.808336458897505,0.7420994274575722,0.9206315678301736,0.9382746010068382,-0.3458912735318117,1441.1570881226053,1803.5172413793102
1564,418.0,76.52691193458118,0.462639453529168,0.9631336405529954,24.839390848523525,22.02127557051161,1.2528560471870804,1802.066985645933,1869.0191387559807,0.8969283850249773,0.962419741892884,0.9198912637294197,0.3126107351850369,0.9498813232436306,1869.0191387559807,1802.066985645933
1565,133.0,47.798989873223334,0.9079911924066846,0.9300699300699301,20.56534862106216,8.616660065807862,0.15421493317595644,1806.9248120300751,1927.2932330827068,0.7315164003285926,0.9924269995276555,0.9223710117560363,0.9881324249855188,0.1536043967217021,1927.2932330827068,1806.9248120300751
1566,445.0,80.18376618407358,0.7377159922701396,0.959051724137931,29.107988332283906,19.65112855281784,-0.3029068700813635,1814.1280898876405,1345.0764044943821,0.8697550781663856,0.6926243071546767,0.9260480295495868,0.9544734152451873,-0.29829599325198525,1345.0764044943821,1814.1280898876405
1567,785.0,139.49747468305836,0.9581427465969781,0.8579234972677595,61.72986314364372,17.672697830549577,-0.13698482912695947,1828.523566878981,1473.0050955414013,0.5069286413288518,0.7584990193313086,0.9333964098412358,0.9906322407600793,-0.1365568144277844,1473.0050955414013,1828.523566878981
1568,551.0,105.59797974644667,0.9378252955047699,0.9168053244592346,45.95076497936617,15.949861678534495,0.19814610246291312,1821.7259528130671,1014.4301270417423,0.62094086707861,0.5223636081574368,0.9299264690214738,0.9804332060007118,0.19685204741420864,1014.4301270417423,1821.7259528130671
1569,617.0,93.84062043356595,0.5628913145874773,0.955108359133127,31.178776303446657,25.770222780367973,0.4651126228562498,1817.157212317666,1847.3144246353322,0.8804674133438466,0.951243267062478,0.9275942890850771,0.8937710572815458,0.4485234633392412,1847.3144246353322,1817.157212317666
1570,464.0,84.42640687119285,0.8182642304003744,0.9373737373737374,32.44628307131213,18.651495405171914,0.7765541773204749,1815.0797413793102,500.3728448275862,0.8180337685562776,0.2576585194786747,0.9265338138740736,0.7133326888085588,0.7008255667975817,500.3728448275862,1815.0797413793102
1571,149.0,61.45584412271571,0.9721443333251336,0.8418079096045198,29.64786099915181,6.948954888847062,0.31307174848270297,1820.0872483221476,545.1744966442953,0.4957580282928669,0.28072837108357124,0.9290899685156445,0.9513920150214837,0.30798252183096514,545.1744966442953,1820.0872483221476
1572,1096.0,145.1543289325507,0.7060463077776927,0.862992125984252,47.253292266224356,33.46315921416859,0.08956418883957366,1834.2618613138686,1173.7682481751824,0.6536728295757537,0.6044120742405676,0.9363256055711427,0.995991808504247,0.08944449336006943,1173.7682481751824,1834.2618613138686
1573,383.0,70.76955262170047,0.3377861418525727,0.9671717171717171,22.82856613099164,21.486768912117874,-1.0299895634483993,1818.55091383812,1251.626631853786,0.9609830723154308,0.6445039298938136,0.9283057242665238,0.5148277921870557,-0.8572936162084738,1251.626631853786,1818.55091383812
1574,328.0,66.8700576850888,0.6921750556692585,0.9534883720930233,24.09569831241374,17.390579986648,-0.2537024162481794,1819.378048780488,1454.8262195121952,0.9217652088158993,0.7491381150938183,0.928727947310101,0.9679897905017949,-0.2509895724612703,1454.8262195121952,1819.378048780488
1575,345.0,70.5269119345812,0.6597347416405982,0.9452054794520548,24.37977620082829,18.32136646457642,0.9191421642134144,1820.4666666666667,1920.168115942029,0.8716040153128748,0.9887580411647936,0.929283648119789,0.6065024291951572,0.7950816331549695,1920.168115942029,1820.4666666666667
1576,145.0,46.62741699796952,0.7489680357468883,0.9354838709677419,16.778027794923716,11.117224039840444,0.6319372578804707,1820.8758620689655,1813.2827586206897,0.8380986689551915,0.9337192371888207,0.929492527855521,0.8068846674507277,0.5907090091008673,1813.2827586206897,1820.8758620689655
1577,801.0,106.42640687119285,0.5482563974511256,0.9650602409638555,35.2871062690718,29.5109705306056,1.50067433089904,1830.2971285892634,1556.3083645443196,0.8886762633946577,0.8013946264388876,0.934301750173182,0.0700645439446898,0.9975424600897059,1556.3083645443196,1830.2971285892634
1578,579.0,93.59797974644667,0.7530411180274132,0.946078431372549,33.9387999452258,22.33082964099109,-0.7623902230542836,1829.2331606217617,1742.0362694300518,0.8305302936884615,0.8970320645880803,0.9337586322724665,0.7231872658348361,-0.6906519952438668,1742.0362694300518,1829.2331606217617
1579,343.0,74.42640687119285,0.7875574109140261,0.9245283018867925,27.36694972025683,16.864644332662472,0.5163853287832314,1829.9883381924199,1633.941690962099,0.7781259132108549,0.8413705926684342,0.934144123630638,0.8696095647083535,0.4937400175879489,1633.941690962099,1829.9883381924199
1580,650.0,97.01219330881976,0.7012631138374849,0.9615384615384616,34.334581502517274,24.477210691263682,-0.0038162864438804696,1835.2353846153846,483.93384615384616,0.8679017692637728,0.24919353560960153,0.9368225546786036,0.999992717987727,-0.0038162771804610652,483.93384615384616,1835.2353846153846
1581,687.0,100.32590180780451,0.5876275171283165,0.9581589958158996,33.35409602544955,26.987852156026563,-1.1735131064500728,1836.27365356623,1274.2867540029113,0.8577099667238327,0.656172375902632,0.9373525541430475,0.38691458849077087,-0.9221155574075396,1274.2867540029113,1836.27365356623
1582,431.0,88.91168824543144,0.8173558028658902,0.8707070707070707,32.53710722507773,18.74570847744739,0.358060548980684,1840.9466357308584,1499.0185614849188,0.6851243780990017,0.771894212917054,0.9397379457533733,0.9365782816969405,0.35045844583003916,1499.0185614849188,1840.9466357308584
1583,430.0,77.01219330881975,0.661763923622657,0.9598214285714286,27.06326477675673,20.289662059307933,0.6247917082853328,1837.5837209302326,460.71860465116276,0.9110859199378853,0.2372392402941106,0.9380212970547385,0.8110849728265693,0.5849283433506391,460.71860465116276,1837.5837209302326
1584,611.0,116.7401153701776,0.9403851886430402,0.8358413132694938,50.39202816840859,17.138898253932176,1.2560511620593466,1838.8003273322422,1358.9034369885433,0.5633922102591659,0.6997443032896721,0.9386423314610731,0.3095741647236691,0.9508753002027356,1358.9034369885433,1838.8003273322422
1585,501.0,94.18376618407356,0.8834837793532845,0.9043321299638989,37.72015358731979,17.670449176153127,1.133504014651528,1839.0239520958085,1915.5109780439122,0.7097337932039333,0.9863599269021175,0.9387564839692744,0.42348812156539445,0.9059016563032732,1915.5109780439122,1839.0239520958085
1586,76.0,30.97056274847714,0.4124662874777121,0.9382716049382716,10.437941624523807,9.508681591711985,0.95456780658915,1834.9605263157894,1294.842105263158,0.9956925618312449,0.6667570057997724,0.9366822492678863,0.5779615093253253,0.81606402551417,1294.842105263158,1834.9605263157894
1587,398.0,73.35533905932736,0.49023276657342096,0.9567307692307693,24.151717683637692,21.050433114033886,-1.0508160359310632,1841.497487437186,507.39195979899495,0.9294573764972723,0.26127289382028573,0.940019136006731,0.496863033780851,-0.8678289725873923,507.39195979899495,1841.497487437186
1588,902.0,121.53910524340094,0.843652596830275,0.9514767932489452,47.234069745017194,25.359474357471118,-0.5263338226546421,1850.9711751662971,1440.6330376940134,0.7673338057779309,0.7418295765674632,0.944855117491729,0.8646546428193459,-0.5023667471588356,1440.6330376940134,1850.9711751662971
1589,297.0,64.04163056034261,0.8176543222979662,0.9834437086092715,25.696199586069916,14.793545787940687,1.5589105088776396,1838.1784511784513,1658.8417508417508,0.9100003334702607,0.8541924566641353,0.93832488574704,0.011885538062366597,0.9999293644977969,1658.8417508417508,1838.1784511784513
1590,184.0,48.04163056034262,0.502592485722654,0.9633507853403142,16.48182541277166,14.248924546177145,1.0300486724021691,1840.9891304347825,1777.6304347826087,1.00182579259529,0.9153606770250302,0.9397596377921299,0.5147771175589873,0.8573240456429883,1777.6304347826087,1840.9891304347825
1591,475.0,83.59797974644665,0.8227383231774503,0.9693877551020408,32.73260929604752,18.6058800024821,-0.31526756870917283,1850.8273684210526,985.938947368421,0.8541062681444948,0.5076925578622148,0.9447817092501545,0.9507134476865664,-0.3100708634940121,985.938947368421,1850.8273684210526
1592,951.0,113.1543289325507,0.44740967606845455,0.9753846153846154,36.86335294713094,32.96797014325752,-1.0116952122600533,1854.919032597266,1705.1019978969505,0.9333575271419322,0.8780133871765965,0.9468703586509781,0.5304243981209705,-0.847732244212762,1705.1019978969505,1854.919032597266
1593,689.0,106.42640687119285,0.8393643652509467,0.9636363636363636,40.794739285747355,22.174763315876564,-0.09300858240535335,1862.3642960812772,963.4063860667634,0.764416910710261,0.4960897971507535,0.9506709015218362,0.9956778189346043,-0.0928745437761575,963.4063860667634,1862.3642960812772
1594,510.0,96.66904755831213,0.8907516094803489,0.9205776173285198,38.74164968825752,17.60770984603362,0.3685235889890152,1860.3607843137254,1298.9274509803922,0.6858121276542772,0.6688606853658045,0.9496481798436577,0.9328602222790848,0.360238539983462,1298.9274509803922,1860.3607843137254
1595,354.0,71.35533905932738,0.742457731044675,0.9389920424403183,26.14155849604941,17.5120448244356,-0.807299046735507,1851.946327683616,1612.1920903954801,0.8736956588133016,0.8301710043231103,0.9453528982560571,0.6914521813860385,-0.7224222317014399,1612.1920903954801,1851.946327683616
1596,219.0,53.4558441227157,0.4183018958868013,0.9605263157894737,17.608992574025795,15.994389806275663,1.1154645985041813,1852.867579908676,1347.8036529680364,0.9630827298123299,0.6940286575530569,0.9458231648334231,0.4397602682158617,0.8981151966750777,1347.8036529680364,1852.867579908676
1597,198.0,49.79898987322333,0.3648583193023026,0.9705882352941176,16.50542930588274,15.36759538442757,0.21266459827219397,1852.8636363636363,1815.4292929292928,1.003307334556189,0.9348245586659593,0.9458211517935866,0.9774719814437538,0.21106521620679647,1815.4292929292928,1852.8636363636363
1598,506.0,90.42640687119285,0.853516661239529,0.949343339587242,35.68022302199325,18.59173508750617,-1.4214016995751735,1856.7648221343873,531.8418972332016,0.7776243157726573,0.27386297488836336,0.9478125687260782,0.14883953003089345,-0.9888613625277219,531.8418972332016,1856.7648221343873
1599,789.0,111.25483399593904,0.787583261391994,0.9598540145985401,40.707043607552066,25.084016071287188,-0.711659499924323,1861.385297845374,1232.0722433460076,0.8010305637204843,0.6344347288084488,0.9501711576546065,0.7572791141520122,-0.6530913743643715,1232.0722433460076,1861.385297845374
1600,156.0,44.62741699796952,0.4952133843621771,0.9512195121951219,15.166924505403763,13.176589873920433,-0.474734209976092,1856.1153846153845,1194.2564102564102,0.9843078768535689,0.6149621062082442,0.9474810539129068,0.8894142462067997,-0.45710206589381147,1194.2564102564102,1856.1153846153845
1601,319.0,64.62741699796952,0.529818182521747,0.9666666666666667,21.970388272728886,18.633333475123848,-0.020643660018844417,1860.5987460815047,1269.1191222570533,0.9597695118064963,0.6535113914814898,0.9497696508838718,0.9997869272176115,-0.02064219379732323,1269.1191222570533,1860.5987460815047
1602,629.0,96.08326112068522,0.524146463697645,0.9501510574018127,30.833431685392583,26.258617999173175,0.291756291191256,1866.2877583465818,1514.8807631160573,0.8561799232913556,0.7800621849207299,0.9526736898144879,0.9577401825174261,0.2876347384991725,1514.8807631160573,1866.2877583465818
1603,447.0,78.2842712474619,0.6810633948490551,0.9717391304347827,28.001240674397742,20.50319318633414,-0.49373962866215537,1866.3758389261745,1172.870246085011,0.916575746154636,0.6039496632775546,0.9527186518255102,0.8805667270246667,-0.47392218692214255,1172.870246085011,1866.3758389261745
1604,111.0,44.384776310850235,0.8945771792360608,0.8951612903225806,18.435060201459898,8.238877151694409,-0.0036909036881727047,1870.4774774774776,1331.4144144144145,0.7080513772099863,0.6855892968148376,0.9548123927909533,0.9999931886227148,-0.0036908953081230514,1331.4144144144145,1870.4774774774776
1605,324.0,66.2842712474619,0.33599901319041653,0.9473684210526315,20.97636519836776,19.756848361708734,0.40989976177346754,1870.0895061728395,1814.6666666666667,0.9266887751644274,0.9344318571918985,0.9546143472041039,0.9171607741011762,0.39851739541722786,1814.6666666666667,1870.0895061728395
1606,267.0,66.8700576850888,0.8897992392680698,0.9401408450704225,27.728292539811136,12.65386679704823,-1.3807034830992857,1867.4119850187267,1765.2621722846443,0.7503393620544059,0.9089918497861196,0.9532475676461085,0.18895006706468617,-0.9819866965271223,1765.2621722846443,1867.4119850187267
1607,367.0,71.94112549695429,0.7276114784722654,0.9657894736842105,26.223086171695357,17.988760668255335,-0.4818489638293398,1874.2779291553134,1659.942779291553,0.8910897998308902,0.8547594126115103,0.9567523885427838,0.886139594103238,-0.4634184068016166,1659.942779291553,1874.2779291553134
1608,627.0,123.74011537017762,0.9581333171895572,0.8519021739130435,55.21858165059385,15.810319691464436,-0.35492502339521026,1886.5964912280701,541.6251993620415,0.514584110330127,0.27890072057777626,0.9630405774517969,0.9376725473292821,-0.34752006270863733,541.6251993620415,1886.5964912280701
1609,652.0,99.7401153701776,0.5921110397590028,0.9408369408369408,33.21443505195519,26.76606462982827,0.006348391876871926,1880.7423312883436,996.9110429447853,0.8236026347594123,0.5133424525977267,0.9600522364922632,0.9999798490279661,0.006348349234725583,996.9110429447853,1880.7423312883436
1610,908.0,129.49747468305833,0.814983439250388,0.905284147557328,46.251999153339035,26.802304950562437,-1.3065963689662163,1885.8942731277532,1259.5396475770924,0.6804138008060757,0.6485786032837757,0.9626821200243764,0.26113706971216494,-0.9653017304564122,1259.5396475770924,1885.8942731277532
1611,777.0,112.08326112068524,0.7625498930856636,0.9372738238841978,40.32172362584725,26.0853088452887,-0.19871407429047291,1891.7696267696267,1024.8108108108108,0.7772296607509825,0.5277089654020654,0.965681279616961,0.9803212414496457,-0.1974088740726348,1024.8108108108108,1891.7696267696267
1612,397.0,74.42640687119285,0.6132236476222387,0.9612590799031477,25.69265772181805,20.29487018317706,0.3712179739435478,1886.5415617128463,494.9345088161209,0.9006297012965286,0.2548581404820396,0.9630125378830251,0.9318862160058894,0.3627507138769333,494.9345088161209,1886.5415617128463
1613,423.0,78.18376618407358,0.6753512963988519,0.950561797752809,27.165628316738516,20.03454731234105,0.7676626579949709,1885.8983451536642,1385.825059101655,0.8695950470310518,0.713607136509606,0.9626841986491395,0.7195358132315632,0.6944553358403929,1385.825059101655,1885.8983451536642
1614,219.0,74.91168824543142,0.9652646026739831,0.7992700729927007,35.25250804260475,9.210573483992123,-0.7011714915735934,1887.9086757990867,1776.337899543379,0.4904049097952718,0.9146951079008131,0.9637104011225558,0.7640869670331694,-0.6451132511505654,1776.337899543379,1887.9086757990867
1615,478.0,89.84062043356595,0.7313168599128389,0.9035916824196597,30.56762256722873,20.848276058830223,0.13422001681520584,1890.5230125523012,520.968619246862,0.7442044724697565,0.26826396459673635,0.9650449272855034,0.9910060079541523,0.13381738376898064,520.968619246862,1890.5230125523012
1616,540.0,99.35533905932739,0.9219965239340127,0.9440559440559441,42.645328512355164,16.51219244325794,-0.14380439793123317,1896.3944444444444,942.0666666666667,0.6874184818092394,0.4851012701682115,0.9680420849639839,0.9896779540475172,-0.14330927141089111,942.0666666666667,1896.3944444444444
1617,676.0,115.1543289325507,0.8756349583115145,0.9172320217096337,43.928504720311174,21.216304496786503,-0.25361627952933985,1902.5,1635.112426035503,0.6406134053273057,0.8419734428607121,0.9711587544665645,0.9680114063289862,-0.25090619206583653,1635.112426035503,1902.5
1618,487.0,84.66904755831214,0.7002922053648678,0.9624505928853755,29.93765089884757,21.37118091219681,-0.570517285465019,1891.934291581109,966.5030800821355,0.8536689323501594,0.4976843872719544,0.9657653351613624,0.8416217187197303,-0.5400674796534661,966.5030800821355,1891.934291581109
1619,709.0,96.66904755831214,0.5336823097587884,0.9792817679558011,32.70727382583371,27.66005227754878,0.27090294456420627,1894.4880112834978,1446.675599435825,0.9534133304056518,0.7449410913675721,0.967068918470392,0.9635296598122951,0.2676015595283458,1446.675599435825,1894.4880112834978
1620,548.0,91.84062043356595,0.6192755032260414,0.9399656946826758,30.32450657406063,23.810007188923173,0.690862253339358,1898.5565693430658,1655.2043795620439,0.8164334777259454,0.8523194539454397,0.9691457730184103,0.7706968720508283,0.6372019549648833,1655.2043795620439,1898.5565693430658
1621,475.0,89.59797974644665,0.8959669044058025,0.9557344064386318,36.98973333783934,16.427910845337312,1.3565449364466173,1893.4,1804.0294736842104,0.743544625895349,0.9289544148734348,0.966513527309852,0.21261599462919084,0.9771358343791512,1804.0294736842104,1893.4
1622,1292.0,148.02438661763952,0.8263028123890181,0.9444444444444444,54.605579104276636,30.755288448660714,0.6915411961900303,1909.8103715170278,1549.8235294117646,0.7409788934567356,0.7980553704489004,0.9748904397738783,0.7702640707407915,0.6377250671926147,1549.8235294117646,1909.8103715170278
1623,216.0,55.526911934581186,0.687575987443902,0.9473684210526315,19.633341083331267,14.256013009661565,-0.4956524567001507,1900.087962962963,505.5925925925926,0.8803524403914692,0.26034634016096425,0.969927495131681,0.8796585849733176,-0.47560569160044813,505.5925925925926,1900.087962962963
1624,431.0,83.84062043356595,0.8454433953907954,0.9410480349344978,32.57051315980148,17.394772359838573,0.5070851584217065,1907.8491879350347,1361.6171693735498,0.7705098006568807,0.7011416938071833,0.9738893251327385,0.8741637574199838,0.4856312646580488,1361.6171693735498,1907.8491879350347
1625,214.0,54.284271247461895,0.5845155802642138,0.9385964912280702,18.409867976657488,14.93744442133711,-1.504057800057088,1900.1495327102805,1752.9392523364486,0.9125898067014725,0.9026463709250507,0.9699589243033591,0.06668899519256018,-0.9977738110013745,1752.9392523364486,1900.1495327102805
1626,164.0,48.21320343559642,0.6899988297683657,0.9425287356321839,17.243690790644546,12.481164155323942,1.5575536950140825,1901.9939024390244,1383.2134146341464,0.8865877685307585,0.7122623144357088,0.9709004096166536,0.01324224473011901,0.9999123176331551,1383.2134146341464,1901.9939024390244
1627,591.0,104.42640687119285,0.8756680858225049,0.9292452830188679,40.72166557261961,19.665040149757093,-0.24277992930454165,1921.238578680203,1215.3401015228426,0.681046358282939,0.6258187958408046,0.9807241340889244,0.9706734259552772,-0.24040195536693332,1215.3401015228426,1921.238578680203
1628,438.0,81.25483399593904,0.7783699110035087,0.9584245076586433,29.976730492064146,18.81956906707471,-1.0472298287726147,1910.0456621004566,980.8630136986301,0.8336534653001786,0.505078791811859,0.9750105472692479,0.4999720465387411,-0.8660415421213136,980.8630136986301,1910.0456621004566
1629,223.0,59.79898987322333,0.8864647210849743,0.9369747899159664,25.134144792126808,11.63198603576978,0.07080168991963483,1911.4125560538116,1234.3452914798206,0.7836588295815152,0.6356051964365709,0.9757082981387502,0.9974946072172727,0.07074255135672447,1234.3452914798206,1911.4125560538116
1630,145.0,51.21320343559642,0.90420166130014,0.8841463414634146,21.6362269387307,9.24095779550027,1.2414734922822537,1904.151724137931,1263.4344827586208,0.6947266866278565,0.6505841826769417,0.9720019010402915,0.3234023269237485,0.9462615573615495,1263.4344827586208,1904.151724137931
1631,250.0,58.8700576850888,0.6786459753962664,0.9505703422053232,20.985007109157305,15.412764730203904,-1.5606625282782012,1907.704,1402.512,0.9064856844788127,0.7221997940267765,0.9738152118427769,0.010133625071084106,-0.999948653503228,1402.512,1907.704
1632,1098.0,126.8111831820431,0.7559929844510104,0.9716814159292035,46.29375816103485,30.302955170834863,0.2129143683698101,1925.068306010929,550.1265938069216,0.8580193750777255,0.2832783696225137,0.9826790740229346,0.9774192331748023,0.21130935289281777,550.1265938069216,1925.068306010929
1633,240.0,56.526911934581186,0.7362182666988224,0.97165991902834,21.296579466175295,14.412335871159224,0.6106062792067575,1915.9333333333334,490.5125,0.9438665267012033,0.2525811019567456,0.9780159945550452,0.8193005495966292,0.5733642903343923,490.5125,1915.9333333333334
1634,284.0,66.76955262170047,0.8168426064145649,0.9311475409836065,25.357716467082653,14.627867635033708,-0.4172973607082388,1918.9612676056338,994.4894366197183,0.8005183128951817,0.5120954874457869,0.9795616475781693,0.9141876336756993,-0.4052912168236875,994.4894366197183,1918.9612676056338
1635,679.0,95.84062043356595,0.5854655122273509,0.9741750358680057,32.77149129914766,26.567759953106375,-1.1652826403974803,1918.1693667157585,1490.4786450662739,0.9289244741865077,0.7674967276345386,0.9791574102683811,0.3944908387636775,-0.9188998738336676,1490.4786450662739,1918.1693667157585
1636,145.0,43.79898987322333,0.7205427625214782,0.9539473684210527,16.39931184006389,11.37145509206043,0.6065186820897744,1912.5310344827585,1749.0827586206897,0.9498382991153322,0.9006605348201285,0.9762792416961503,0.8216373806785551,0.570010539088255,1749.0827586206897,1912.5310344827585
1637,208.0,54.11269837220809,0.6327070100550168,0.9454545454545454,18.605556854990837,14.407980806498779,-0.810964946240433,1915.3509615384614,1386.610576923077,0.8926368616516519,0.7140116256040561,0.9777187144147328,0.6887992138710091,-0.7249521659879912,1386.610576923077,1915.3509615384614
1638,64.0,28.97056274847714,0.829932245416014,0.9552238805970149,12.177124714617321,6.793181963163952,0.5714861833335089,1914.421875,931.671875,0.9582437056935952,0.4797486483007209,0.9772444486983155,0.8410980535300572,0.5408826715175381,931.671875,1914.421875
1639,650.0,97.84062043356595,0.7205472512010762,0.9658246656760773,34.776890369370236,24.114498875160507,-0.2913429851778781,1927.4984615384615,1800.4953846153846,0.853266754343308,0.9271345955794977,0.9839195822044213,0.9578589818796408,-0.28723887416660376,1800.4953846153846,1927.4984615384615
1640,466.0,85.84062043356595,0.812126947986337,0.9357429718875502,32.56356121907399,19.000212092008983,-0.8538665728476391,1922.9763948497855,1017.6051502145923,0.7947125746031006,0.5239985325512834,0.9816112275904979,0.6570733392125692,-0.7538266557346217,1017.6051502145923,1922.9763948497855
1641,30.0,20.485281374238568,0.7291858742086071,0.6976744186046512,8.443393277232502,5.777946479636213,-1.517228637040162,1919.8,1120.8666666666666,0.8983534740877455,0.5771713010641949,0.9799897907095456,0.053542074705842144,-0.9985655943583246,1120.8666666666666,1919.8
1642,804.0,109.9827560572969,0.6565318136859094,0.9582836710369488,37.06736817839546,27.95985408590136,-0.13421376409329627,1939.1828358208954,932.1455223880597,0.835250445286013,0.4799925449990009,0.9898840407457353,0.9910068446576672,-0.13381118728138633,932.1455223880597,1939.1828358208954
1643,525.0,108.22539674441617,0.9428582280099431,0.8413461538461539,47.06241021667801,15.680921201314602,-1.009955949059295,1933.1333333333334,1597.9580952380952,0.563262442748939,0.8228414496591634,0.9867959843457547,0.5318980245976838,-0.8468084148312899,1597.9580952380952,1933.1333333333334
1644,496.0,91.66904755831213,0.7930826888876819,0.9185185185185185,32.965616840918294,20.079818292398077,0.6060258575808772,1935.8245967741937,1520.141129032258,0.741730439907113,0.7827709212318528,0.9881697788535956,0.8219181960531794,0.5696055468450841,1520.141129032258,1935.8245967741937
1645,325.0,67.94112549695429,0.6295647888679112,0.9475218658892128,23.26512047012953,18.07578854823594,-1.431265426270226,1931.7230769230769,960.8092307692308,0.8847646266126883,0.49475243602947006,0.9860760984803864,0.13907858950345442,-0.9902813468614511,960.8092307692308,1931.7230769230769
1646,243.0,60.62741699796952,0.8504747507707751,0.9529411764705882,24.33032260305225,12.79813587640118,-1.4797026068487835,1931.0493827160494,1315.3415637860082,0.8307646455171311,0.677312854678686,0.9857322014885398,0.0909677885929162,-0.9958538353787239,1315.3415637860082,1931.0493827160494
1647,543.0,89.59797974644665,0.6174128456374922,0.945993031358885,30.109896632416273,23.685627813586002,1.1891881508690627,1938.1362799263352,1162.963167587477,0.8499889091814199,0.5988481810440149,0.9893498110905233,0.3724134452366695,0.9280669295944954,1162.963167587477,1938.1362799263352
1648,130.0,39.798989873223334,0.46554774648740693,0.9701492537313433,13.69647312809106,12.121690527642142,-1.1126582008253152,1933.7153846153847,1835.2692307692307,1.0313572297530653,0.9450407985423434,0.9870931008756431,0.4422790015649265,-0.8968775193830715,1835.2692307692307,1933.7153846153847
1649,641.0,119.39696961966999,0.8534857655771427,0.8217948717948718,42.94438410660901,22.37901236383808,1.4606678179666184,1942.4929797191887,1136.4009360374414,0.5650427215997564,0.5851704099059946,0.9915737517708978,0.10990603206386375,0.9939419822685713,1136.4009360374414,1942.4929797191887
1650,195.0,54.284271247461895,0.7903588747997061,0.9112149532710281,20.255319569265584,12.409302949506085,0.06552335922930067,1938.3589743589744,1536.3846153846155,0.8315654780690988,0.7911352293432623,0.9894634886977919,0.9978541126092485,0.0654764839374359,1536.3846153846155,1938.3589743589744
1651,212.0,52.384776310850235,0.5293564962172462,0.9724770642201835,18.008405537124688,15.27832212945088,-1.1887834929511694,1939.745283018868,506.2311320754717,0.970812897530532,0.2606751452499854,0.990171150086201,0.37278896436683195,-0.9279161535646984,506.2311320754717,1939.745283018868
1652,348.0,69.21320343559643,0.627755708044565,0.9693593314763231,24.133887745457724,18.786069526472147,-0.19591246363351364,1946.5028735632184,1777.2068965517242,0.91287477612103,0.9151425831883234,0.9936206603181309,0.9808704562524128,-0.19466162449538824,1777.2068965517242,1946.5028735632184
1653,264.0,72.6274169979695,0.9475586956388865,0.9361702127659575,32.825703881381884,10.490497092438845,-1.384411764733737,1941.253787878788,1396.8939393939395,0.6289448907647041,0.7193068688949225,0.9909411882995345,0.18530729302054322,-0.9826806231698061,1396.8939393939395,1941.253787878788
1654,489.0,81.4558441227157,0.5422725337537897,0.9858870967741935,27.58354690096593,23.175769302216043,-1.0381164145053907,1948.196319018405,1612.6298568507157,0.9261348481404208,0.830396424742902,0.9944851041441577,0.5078437703574424,-0.8614491888144867,1612.6298568507157,1948.196319018405
1655,213.0,69.94112549695429,0.9402495778283313,0.8287937743190662,29.759359290484316,10.132645871536605,0.8674528174321148,1948.9765258215962,1212.8967136150234,0.5471724643293663,0.6245606146318349,0.9948833720375683,0.6467713386182317,0.7626839683263185,1212.8967136150234,1948.9765258215962
1656,227.0,57.55634918610405,0.7297873649128198,0.961864406779661,21.15114276903031,14.460490461160328,-0.2536276033926802,1950.1101321585902,1545.7224669603524,0.8610913840304777,0.7959435978168653,0.9954620378553294,0.9680085650394921,-0.2509171536786266,1545.7224669603524,1950.1101321585902
1657,400.0,79.11269837220809,0.8600795190091285,0.9456264775413712,31.75348747881858,16.199359028446516,1.4595272113499154,1950.155,1316.795,0.8031144870337176,0.6780612770339857,0.9954849412965798,0.11103965712668122,0.9938159761973989,1316.795,1950.155
1658,429.0,88.8700576850888,0.9180073710295947,0.9366812227074236,37.84289461699694,15.007103926099859,-1.5449474686058795,1951.4149184149185,1025.2307692307693,0.6825842012120638,0.5279252158757823,0.9961280849489119,0.025845979741386686,-0.9996659368665154,1025.2307692307693,1951.4149184149185
1659,345.0,78.04163056034261,0.9115053467012434,0.9504132231404959,33.30513100587967,13.698008170724425,1.4337399468292742,1952.2753623188405,1274.8463768115942,0.7118300037308779,0.6564605441872267,0.9965673110356511,0.13662769464580402,0.9906224674697082,1274.8463768115942,1952.2753623188405
1660,81.0,32.14213562373095,0.718786706375457,0.9418604651162791,12.185567302557365,8.471779999404717,-0.771155371941244,1950.7530864197531,1370.4444444444443,0.9852476878946993,0.7056871495594461,0.9957902431953819,0.7171058955040667,-0.6969642276568508,1370.4444444444443,1950.7530864197531
1661,107.0,38.142135623730944,0.7712789333857032,0.9469026548672567,14.930020002783628,9.502917350443429,-0.4640438839326949,1952.6261682242991,1562.3271028037384,0.9242375936242087,0.804493873740339,0.9967463850047469,0.8942499012397985,-0.4475679994510449,1562.3271028037384,1952.6261682242991
1662,112.0,39.55634918610404,0.4859186229097897,0.9491525423728814,13.221819062649322,11.555923503619333,1.3337141407494337,1953.892857142857,1575.830357142857,0.8994882254777637,0.8114471457996174,0.9973929847589879,0.2348674350947022,0.9720274111011663,1575.830357142857,1953.892857142857
1663,104.0,41.9350288425444,0.8441131857018523,0.9454545454545454,16.504149569236226,8.848947700074092,-1.3772325891662343,1953.9423076923076,1837.6442307692307,0.7431719530066399,0.9462637645567614,0.9974182275101111,0.19235729373902444,-0.9813249571601645,1837.6442307692307,1953.9423076923076
1664,123.0,43.89949493661167,0.8908852225734324,0.984,18.926951365987648,8.59716051995451,1.4856059334109153,1953.9105691056911,1856.8455284552845,0.8020398147937609,0.9561511475052958,0.9974020260876423,0.08508738726440719,0.9963734924858835,1856.8455284552845,1953.9105691056911
1665,33.0,20.656854249492383,0.7421770542917582,0.8918918918918919,8.266389214888227,5.540165997847039,-1.3812679855128964,1955.2424242424242,1758.5454545454545,0.9718414840653874,0.9055331897762382,0.9980818908843411,0.1883957031281095,-0.9820932028289704,1758.5454545454545,1955.2424242424242
