cell_id,area,perimeter,eccentricity,solidity,major_axis_length,minor_axis_length,orientation,centroid_y,centroid_x,roundness,pos_x_norm,pos_y_norm,axis_vec_x,axis_vec_y,x,y
1,255.0,64.04163056034261,0.8523647281785897,0.9659090909090909,25.629018450732783,13.402638046321725,1.5248264729932022,4.909803921568628,33.745098039215684,0.7813134176259814,0.017358589526345516,0.0025439398557350404,0.04595366471946324,0.9989435723297143,33.745098039215684,4.909803921568628
2,249.0,56.970562748477136,0.3890337368970069,0.9651162790697675,18.67123424121513,17.20037990500497,-0.5756846046166041,7.534136546184739,176.1726907630522,0.964069164622595,0.09062381212091163,0.003903697692323699,0.8388197939835879,-0.5444091781200343,176.1726907630522,7.534136546184739
3,494.0,96.80508652763321,0.846698362261584,0.9285714285714286,35.93317462726898,19.11907897997731,-1.0371852450895667,9.09919028340081,257.5080971659919,0.6624307100515762,0.13246301294546908,0.004714606364456379,0.5086457052097526,-0.860975926824713,257.5080971659919,9.09919028340081
4,83.0,34.24264068711929,0.8321007118260776,0.9651162790697675,14.003209421899314,7.766523899850746,1.529643368291402,2.783132530120482,284.10843373493975,0.8895153745174832,0.14614631364966035,0.0014420375803733067,0.041141343611891416,0.9991533365033659,284.10843373493975,2.783132530120482
5,257.0,60.970562748477136,0.7661650239557531,0.969811320754717,22.84886485345509,14.683683155294482,1.4565371030142875,5.785992217898833,301.15564202334633,0.8687655284934014,0.15491545371571314,0.002997923428963126,0.11401077374469229,0.9934795133620706,301.15564202334633,5.785992217898833
6,98.0,41.31370849898476,0.9161385894190531,0.9607843137254902,18.153912251745254,7.277207729498612,-1.5025500384864183,2.4489795918367347,326.8469387755102,0.7215186775636968,0.16813114134542706,0.001268901342920588,0.06819332382747238,-0.9976721257935202,326.8469387755102,2.4489795918367347
7,529.0,86.62741699796953,0.5658542395696974,0.9706422018348624,28.934905056727416,23.856982395868368,0.9526680230436856,10.500945179584122,419.1928166351607,0.885839018909104,0.21563416493578225,0.005440904238126488,0.5795108104179347,0.8149645517497975,419.1928166351607,10.500945179584122
8,262.0,60.2842712474619,0.5957889244890854,0.9812734082397003,20.944168078102567,16.82112128845542,1.3666297551900741,6.427480916030534,564.2748091603054,0.9059476959446274,0.2902648195269061,0.0033303009927619347,0.20275111207496765,0.9792303031219796,564.2748091603054,6.427480916030534
9,533.0,90.2842712474619,0.7592613282815948,0.941696113074205,32.577960132547,21.201275796902596,-0.7724845342734905,12.138836772983115,593.1538461538462,0.8216992286621396,0.3051202912314024,0.006289552732115604,0.7161788837329685,-0.6979167618670576,593.1538461538462,12.138836772983115
10,390.0,77.79898987322333,0.6586352093882732,0.9330143540669856,26.337349843601412,19.817865429909382,1.2472024596837463,8.761538461538462,617.3461538461538,0.8097045031204158,0.31756489395378285,0.004539657233957752,0.31797594777239707,0.9480987800003995,617.3461538461538,8.761538461538462
11,129.0,65.89949493661167,0.9896623337591055,0.8958333333333334,34.79517476842005,4.990223127948687,1.560065012658641,1.6356589147286822,654.4806201550388,0.3732805850263252,0.33666698567646025,0.0008474916656625297,0.010731108165779294,0.9999424200010391,654.4806201550388,1.6356589147286822
12,72.0,38.55634918610405,0.9125220318310938,0.7058823529411765,16.720967666471072,6.83933653561851,-1.3145810152179915,3.0555555555555554,943.9583333333334,0.6086260696665493,0.4855752743484225,0.0015831894070236039,0.25342123446971293,-0.9673560243880465,943.9583333333334,3.0555555555555554
13,385.0,78.2842712474619,0.8606042192556667,0.9577114427860697,31.362832628844373,15.97228663942299,-0.2033144158093342,14.57922077922078,1024.7922077922078,0.7894444346074606,0.5271564854898189,0.007554000403741336,0.979402723092697,-0.20191658178220498,1024.7922077922078,14.57922077922078
14,301.0,64.87005768508881,0.7214823477398539,0.9741100323624595,23.834172746178382,16.503563648135806,1.5151723168358076,6.5215946843853825,1092.1860465116279,0.8988511768434726,0.5618240979998086,0.0033790646033084884,0.05559533066577037,0.9984533835929265,1092.1860465116279,6.5215946843853825
15,222.0,56.970562748477136,0.8228071461589513,0.9652173913043478,22.57234425993264,12.828330136587185,-1.5084598923177481,4.981981981981982,1178.355855855856,0.8595315443623136,0.6061501316130946,0.0025813378144984365,0.062296070844681486,-0.9980577135403115,1178.355855855856,4.981981981981982
16,171.0,49.79898987322333,0.6559494903021108,0.9606741573033708,17.34287244544358,13.090483138639067,1.3092325249311478,5.023391812865497,1589.625730994152,0.8664926980257994,0.8177087093591318,0.0026027936854225373,0.25859147938298843,0.9659867736105487,1589.625730994152,5.023391812865497
17,91.0,37.31370849898476,0.8877027656502001,0.9891304347826086,16.254785336492542,7.483979252575361,-1.5605321244352452,2.5274725274725274,1610.4615384615386,0.8213238371825952,0.8284267173156062,0.0013095712577577863,0.010264022131727992,-0.9999473235374349,1610.4615384615386,2.5274725274725274
18,31.0,19.449747468305834,0.9117584080117989,0.9117647058823529,9.777068687642133,4.01570533973384,-1.4430729146519587,1.4838709677419355,1873.0967741935483,1.0297780347377596,0.9635271472189034,0.0007688450610061841,0.12737643086572017,-0.99185444741651,1873.0967741935483,1.4838709677419355
19,1037.0,120.66904755831214,0.5383199062117026,0.9682539682539683,39.83652842572133,33.57185891462778,1.3562942296615694,17.823529411764707,685.6509161041466,0.8949460400071259,0.3527010885309396,0.009234989332520573,0.21286096252834552,0.9770824993988513,685.6509161041466,17.823529411764707
20,332.0,70.5269119345812,0.5791800615295247,0.9378531073446328,23.310035045314038,19.002332224086537,0.7479726868863716,14.810240963855422,70.66265060240964,0.8387609654605056,0.03634910010412019,0.00767369998127224,0.7330692595046285,0.6801539978338256,70.66265060240964,14.810240963855422
21,316.0,64.87005768508881,0.6340665057609012,0.9634146341463414,22.833162848403166,17.656394326774382,-0.15734044101292946,14.341772151898734,1215.617088607595,0.9436444248589281,0.6253174324113143,0.007430970026890536,0.9876475075917129,-0.15669205706696576,1215.617088607595,14.341772151898734
22,842.0,138.46803743153546,0.9484718019161278,0.8872497365648051,59.58671315844571,18.880738206314465,0.40283277657257,31.549881235154395,955.3052256532067,0.5518523317485233,0.49141215311378944,0.016347088722877923,0.9199541647400397,0.39202593635811395,955.3052256532067,31.549881235154395
23,707.0,98.9116882454314,0.621402426254917,0.9632152588555858,33.949095682515456,26.598829938037383,1.0237839717006336,21.618104667609618,1077.3635077793494,0.9081007800020237,0.5541993352774431,0.011201090501352134,0.5201378594173285,0.8540823187496387,1077.3635077793494,21.618104667609618
24,207.0,50.87005768508881,0.5625917279910078,0.9764150943396226,17.876030328862978,14.778737635154144,-0.17637959659095487,16.019323671497585,1046.0096618357488,1.0052075671116854,0.5380708137015169,0.008300167705439163,0.9844854028797063,-0.1754664968499184,1046.0096618357488,16.019323671497585
25,471.0,81.84062043356595,0.581731292813995,0.9612244897959183,27.55538369975831,22.413026426521824,0.661825941317922,23.220806794055203,652.8832271762208,0.8836757658354147,0.33584528146924936,0.012031506110909432,0.7888713997856674,0.614558308543788,652.8832271762208,23.220806794055203
26,325.0,65.84062043356596,0.7443174757984437,0.9848484848484849,24.9931415559376,16.691068423132577,-0.6972110024392006,20.12,1109.1846153846154,0.9421182042531928,0.57056821779044,0.010424870466321245,0.7666359318501407,-0.6420820414840042,1109.1846153846154,20.12
27,254.0,60.76955262170047,0.825816563577384,0.9548872180451128,24.008544547169105,13.539350507873102,-0.841682579427142,18.6496062992126,1750.9724409448818,0.8643139098341216,0.9007059881403713,0.009663008445187875,0.6662089604203217,-0.7457651245906276,1750.9724409448818,18.6496062992126
28,105.0,36.384776310850235,0.5878357701443648,0.9375,12.88739596711249,10.425649308740834,1.4885462476493547,16.038095238095238,789.7904761904762,0.9966891821308292,0.4062708210856359,0.008309893905748827,0.08215737250998481,0.9966193687372605,789.7904761904762,16.038095238095238
29,345.0,75.94112549695429,0.8826302761607213,0.9375,30.866683520304605,14.509435953033034,0.27267485577081546,25.208695652173912,762.8492753623188,0.7517525333899024,0.3924121786843204,0.013061500337913944,0.9630539812763195,0.26930842754698664,762.8492753623188,25.208695652173912
30,73.0,30.48528137423857,0.6485753286270003,0.948051948051948,11.207106860196086,8.530294691636023,0.48083594030891647,17.397260273972602,240.24657534246575,0.9870799000781055,0.12358362929139184,0.009014124494286322,0.8866085930832663,0.46252048892012454,240.24657534246575,17.397260273972602
31,255.0,58.04163056034262,0.5736447840372295,0.9659090909090909,20.04864561142754,16.421929473265184,-1.0849115233704074,22.49411764705882,265.67058823529413,0.9511977960929067,0.13666182522391673,0.011654983236818042,0.4669909402791569,-0.8842621001135291,265.67058823529413,22.49411764705882
32,97.0,36.14213562373095,0.7834604198958692,0.9326923076923077,14.109775908191036,8.768402944885796,-1.3612715905347053,18.09278350515464,858.9690721649484,0.9331554046705282,0.44185651860336855,0.009374499225468725,0.20799505369041363,-0.9781298776953509,858.9690721649484,18.09278350515464
33,159.0,48.04163056034261,0.8101241341609365,0.9298245614035088,18.66232324990404,10.940943381674066,-0.9625934722629942,21.89308176100629,40.75471698113208,0.8657081577318,0.020964360587002098,0.01134356567927787,0.5713935090688014,-0.820676219829746,40.75471698113208,21.89308176100629
34,760.0,106.32590180780451,0.7815432153284264,0.9632446134347274,39.50638822308055,24.6461039907287,-0.24238958944828165,36.8421052631579,1170.4815789473685,0.8447832738357758,0.6020995776478233,0.019089173711480775,0.9707671904691707,-0.24002304453654602,1170.4815789473685,36.8421052631579
35,648.0,93.01219330881976,0.45515177332876017,0.9715142428785607,30.5385239385833,27.191925341642907,1.33844591461305,31.12037037037037,1507.6496913580247,0.9412502375494958,0.7755399646903419,0.016124544233352522,0.23026540906044415,0.9731278648719429,1507.6496913580247,31.12037037037037
36,205.0,52.04163056034261,0.5783616671389076,0.9534883720930233,17.934597899958057,14.630694778296483,-1.106531587932634,26.995121951219513,794.0780487804878,0.9511783012366306,0.40847636254140324,0.013987109819284721,0.4477654880329038,-0.8941510318322378,794.0780487804878,26.995121951219513
37,265.0,61.21320343559643,0.5345865138184175,0.9464285714285714,20.252943592134596,17.11604121318508,-0.2696780861501029,29.09056603773585,912.8150943396226,0.8887211636394546,0.46955508968087584,0.015072832143904586,0.963856710971002,-0.2664211716740289,912.8150943396226,29.09056603773585
38,1049.0,157.6812408671319,0.955499092404125,0.905090595340811,69.30960324375968,20.44591996323147,-0.5056717561941966,50.76644423260248,1468.2859866539561,0.5301823848272724,0.7552911453981256,0.026303857115338072,0.8748492763417813,-0.48439523499334874,1468.2859866539561,50.76644423260248
39,89.0,32.72792206135786,0.7726282913117113,1.0,13.345982430811727,8.472812577988144,0.062321235016367285,25.831460674157302,1640.5842696629213,1.0441502724850096,0.843921949415083,0.013384176515107411,0.9980586602917096,0.0622809008984118,1640.5842696629213,25.831460674157302
40,75.0,31.31370849898476,0.7721880044313095,0.9375,12.29446266980058,7.811829270392999,-0.8645325821137314,25.6,1877.5466666666666,0.9611742304473953,0.9658161865569272,0.013264248704663213,0.6489957943557262,-0.7607919945087357,1877.5466666666666,25.6
41,27.0,17.207106781186546,0.927572085646879,0.29347826086956524,17.801387047837352,6.651385921277946,-1.5572708782570495,23.51851851851852,64.44444444444444,1.1459295550373625,0.033150434385002286,0.012185760890424103,0.01352503615574694,-0.9999085325153425,64.44444444444444,23.51851851851852
42,549.0,87.698484809835,0.6130537012163034,0.9597902097902098,29.94372431827556,23.656777062662105,0.45668526041852303,36.939890710382514,71.49544626593807,0.897011536285349,0.03677749293515333,0.019139839746312184,0.8975191445097648,0.4409754927866853,71.49544626593807,36.939890710382514
43,224.0,59.4558441227157,0.5646482275834519,0.9142857142857143,19.392402436706842,16.00516404796259,-1.2805045535949184,33.598214285714285,897.0848214285714,0.796285456204862,0.4614633855085244,0.01740840118430792,0.2862318028110012,-0.9581604015297043,897.0848214285714,33.598214285714285
44,1188.0,131.88225099390857,0.7694073202702603,0.972972972972973,48.823546605968474,31.186453644050744,0.8360387712964226,42.64225589225589,1577.0429292929293,0.8583286368265236,0.8112360747391612,0.022094433104795797,0.6704072831441066,0.7419933117672542,1577.0429292929293,42.64225589225589
45,77.0,32.72792206135786,0.7902714253701508,0.8953488372093024,12.732000394720805,7.801621671817457,0.44699528098761604,31.454545454545453,158.97402597402598,0.9033659660825363,0.08177676233231788,0.016297691945360338,0.9017499848295658,0.4322579841482142,158.97402597402598,31.454545454545453
46,542.0,94.91168824543142,0.7423806350264974,0.928082191780822,33.32967881832665,22.330163302042862,-1.2123816750502485,38.74354243542435,612.9723247232472,0.7560834878228425,0.31531498185352225,0.020074374318872722,0.35079006880955,-0.9364541246770133,612.9723247232472,38.74354243542435
47,510.0,83.84062043356595,0.6637699202420998,0.9714285714285714,29.66728351368193,22.18925381361468,0.28269823293589297,40.680392156862744,443.65098039215684,0.9117401353480491,0.2282155248930848,0.02107792339733821,0.9603062688414159,0.2789477908567806,443.65098039215684,40.680392156862744
48,539.0,104.22539674441617,0.9293725678678711,0.927710843373494,43.714633613737846,16.136955475129806,0.9153534438087542,41.44526901669759,990.5584415584416,0.62352161773809,0.5095465234354123,0.021474232651138646,0.6095104110106123,0.7927780640694307,990.5584415584416,41.44526901669759
49,141.0,43.21320343559643,0.7741161511816926,0.9527027027027027,16.858819170294886,10.672367379293346,1.1905778577078359,32.42553191489362,1144.595744680851,0.9488467018569819,0.5887838192802732,0.01680079373828685,0.3711233450747051,0.9285835787588328,1144.595744680851,32.42553191489362
50,644.0,99.01219330881976,0.796097392336507,0.9554896142433235,37.20413442642622,22.51477110139016,0.290720560760937,47.484472049689444,472.9254658385093,0.8255024551426986,0.2432744165835953,0.024603353393621474,0.9580375808137728,0.28664262374687727,472.9254658385093,47.484472049689444
51,270.0,73.4558441227157,0.9408640304096234,0.903010033444816,32.55635731632661,11.029586296623158,0.12556500922408156,46.97037037037037,1788.5333333333333,0.6288121440845199,0.9200274348422497,0.024336979466513146,0.9921270664863875,0.1252353142892021,1788.5333333333333,46.97037037037037
52,436.0,77.59797974644665,0.6952016878481503,0.9688888888888889,27.909963907960055,20.062093115443805,-1.4345889802745946,43.01146788990825,1749.0275229357799,0.9099038949515826,0.899705515913467,0.02228573465798355,0.13578657389571913,-0.9907381118891422,1749.0275229357799,43.01146788990825
53,97.0,46.21320343559643,0.8693690007654147,0.6879432624113475,17.949444638277505,8.869959945562718,1.4146867221347386,39.18556701030928,1138.2371134020618,0.5707546386356958,0.5855129184166985,0.02030340259601517,0.1554763062268988,0.9878396217008303,1138.2371134020618,39.18556701030928
54,631.0,111.1543289325507,0.7724982753294481,0.8335535006605019,38.69197593342536,24.570057129292945,-0.12926366189472935,51.370839936608554,1664.524564183835,0.6417804170490181,0.8562369157324254,0.026617015511196142,0.9916570794557712,-0.12890398273618356,1664.524564183835,51.370839936608554
55,386.0,73.11269837220809,0.5723474757833156,0.965,24.83256710778399,20.36298313555549,1.4995876419241672,45.531088082901555,265.67875647668393,0.9074266781002536,0.13666602699417899,0.023591237348653656,0.07114852075532707,0.9974657327418966,265.67875647668393,45.531088082901555
56,568.0,87.59797974644665,0.6503312937017389,0.9709401709401709,30.95179020063655,23.512549548950815,-0.2749396832984736,53.804577464788736,418.74471830985914,0.9301864722370841,0.2154036616820263,0.027878019411807634,0.9624415746930731,-0.2714888861488032,418.74471830985914,53.804577464788736
57,739.0,101.25483399593904,0.6804700581964301,0.9698162729658792,35.89731992651985,26.304690433655335,0.3898629310753834,55.74830852503383,1222.3775372124492,0.9057800905029422,0.6287950294302722,0.028885133950794728,0.9249611631858177,0.3800616352618865,1222.3775372124492,55.74830852503383
58,1165.0,130.22539674441617,0.6583560368716862,0.9724540901502504,44.93352966797693,33.82176741764961,1.5349288712457445,55.234334763948496,691.848068669528,0.8632655517732217,0.3558889242127201,0.028618826302563988,0.035859765616781496,0.9993568317722702,691.848068669528,55.234334763948496
59,336.0,69.21320343559643,0.6836040089016587,0.96,24.463039457693007,17.854425375240094,1.0197210790648057,49.24702380952381,1028.0744047619048,0.8813963355651324,0.5288448584166177,0.025516592647421663,0.5236036016568155,0.8519620110850077,1028.0744047619048,49.24702380952381
60,316.0,74.52691193458118,0.7954650427391836,0.9002849002849003,26.614510849423432,16.128379647800333,1.1853204542658233,48.87341772151899,1198.0537974683543,0.7149418074381851,0.6162828176277543,0.025323014363481344,0.3760001321213945,0.9266196094647975,1198.0537974683543,48.87341772151899
61,767.0,141.29646455628165,0.8716295240338849,0.7519607843137255,51.54198209187212,25.26408856515527,0.614982388363882,63.65971316818774,1149.767926988266,0.4827726265020261,0.5914444068869681,0.03298430734102992,0.8167836079577029,0.5769441374791823,1149.767926988266,63.65971316818774
62,216.0,53.1126983722081,0.6307967945174663,0.972972972972973,18.91583452377277,14.677705250812876,0.33975392853101866,50.986111111111114,1872.3055555555557,0.9622033904278656,0.963120141746685,0.026417674150834774,0.9428366986437197,0.3332550970212036,1872.3055555555557,50.986111111111114
63,368.0,74.42640687119285,0.8258256422925763,0.9558441558441558,28.95355103033056,16.3276467422734,0.5198175366751543,58.19021739130435,199.5733695652174,0.8348406299171852,0.10266119833601718,0.030150371705339043,0.8679098276330542,0.49672178440044484,199.5733695652174,58.19021739130435
64,296.0,73.21320343559643,0.9363484568784193,0.9517684887459807,33.101818315425874,11.621122413758505,0.11392206198150566,60.4054054054054,302.11486486486484,0.6939413322465405,0.15540888110332554,0.031298137515754096,0.9935178969705145,0.11367580393067826,302.11486486486484,60.4054054054054
65,1044.0,130.46803743153546,0.8076950084817425,0.9388489208633094,48.177322074966945,28.405374151260812,-0.367243729931625,70.44731800766283,552.0181992337165,0.7707297155854362,0.28395997902968956,0.03650120104023981,0.9333205126807279,-0.35904431566226375,552.0181992337165,70.44731800766283
66,626.0,98.42640687119285,0.8215683303086684,0.9542682926829268,37.65399187114948,21.46691950283705,0.21588340590673125,63.712460063897765,774.0798722044728,0.8120091722046553,0.39818923467308276,0.03301163733880713,0.9767875406339365,0.21421041165710383,774.0798722044728,63.712460063897765
67,26.0,17.242640687119284,0.8517509126315874,0.9629629629629629,7.9050711826345275,4.141837757769172,-0.08922630674015289,50.96153846153846,850.4615384615385,1.0989442363349693,0.437480215257993,0.026404942208051015,0.9960219733435102,-0.08910796045752484,850.4615384615385,50.96153846153846
68,97.0,39.55634918610404,0.8749244715605432,0.9603960396039604,16.50748603056492,7.993905324577691,0.0624201739785938,56.31958762886598,1940.298969072165,0.779021052422706,0.9980961775062577,0.02918113348645906,0.9980524933990609,0.06237964748150982,1940.298969072165,56.31958762886598
69,384.0,81.4558441227157,0.9041515725923991,0.9576059850374065,34.17548002016765,14.60016880403784,1.4581027483514153,58.294270833333336,598.0833333333334,0.7272715371900237,0.3076560356652949,0.030204285405872194,0.11245519807836502,0.9936567960946856,598.0833333333334,58.294270833333336
70,492.0,101.01219330881976,0.8065156956386951,0.8159203980099502,35.941755600356686,21.249221643140647,-0.7564625610707669,64.79878048780488,1636.5284552845528,0.6059368493676885,0.8418356251463749,0.03357449766207506,0.7272684880938106,-0.6863530769405372,1636.5284552845528,64.79878048780488
71,392.0,75.4558441227157,0.8335383438701038,0.9751243781094527,30.15535256363386,16.659674593976472,-1.4729155506973415,61.795918367346935,247.21938775510205,0.8651873625007803,0.12717046695221298,0.0320186105530295,0.0977245574337501,-0.9952135001467663,247.21938775510205,61.795918367346935
72,282.0,60.2842712474619,0.4181123139491407,0.9690721649484536,19.89380380183379,18.07143865959478,-0.7755741764497005,66.75886524822695,52.0354609929078,0.9751040086121562,0.02676721244491142,0.03459008562084298,0.7140191558214075,-0.7001261637162867,52.0354609929078,66.75886524822695
73,213.0,56.04163056034262,0.7021977905289861,0.9424778761061947,19.931403108919312,14.190798773728254,1.1372257717729193,64.28169014084507,1033.3474178403756,0.8522518287771392,0.5315573137038969,0.0333065752025104,0.420113650443838,0.9074714985666231,1033.3474178403756,64.28169014084507
74,482.0,84.18376618407356,0.7081963382634893,0.9469548133595285,29.697447242336416,20.96685933026115,-1.1708911505754105,69.23651452282158,1198.259336099585,0.8546734242335894,0.6163885473763298,0.035873841721669214,0.38933100207250904,-0.9210979159813663,1198.259336099585,69.23651452282158
75,562.0,92.18376618407358,0.8267499564053541,0.9590443686006825,35.75082101146502,20.11232363796093,-1.5084071481298127,68.02846975088968,1563.3434163701068,0.8310693867280868,0.8041890001903841,0.03524791178802574,0.062348712501618206,-0.9980544263963718,1563.3434163701068,68.02846975088968
76,140.0,44.2842712474619,0.7946467150711396,0.9395973154362416,17.351007696982162,10.533313589017082,0.7502611601232169,66.12142857142857,1249.0785714285714,0.8970959484175688,0.6425301293356849,0.03425980754996299,0.7315108270610106,0.6818298247308607,1249.0785714285714,66.12142857142857
77,349.0,81.69848480983501,0.9300364483699992,0.8948717948717949,35.22452644109561,12.943861056366305,1.408633220444091,64.97421203438395,1716.220630372493,0.6570634152810436,0.8828295423726815,0.03366539483646837,0.16145330982816186,0.9868803517881646,1716.220630372493,64.97421203438395
78,225.0,66.5269119345812,0.9227145097330058,0.8858267716535433,28.18655314088336,10.865465955550187,-0.41206882617556784,75.20444444444445,65.8,0.6388481665249559,0.0338477366255144,0.03896603339090386,0.9162942073363005,-0.40050583716338106,65.8,75.20444444444445
79,367.0,69.35533905932738,0.6066438013253835,0.9708994708994709,24.30678866426964,19.323259471866884,0.33439613041941746,75.11989100817439,277.291553133515,0.9587737383838423,0.14263968782588218,0.038922223320297614,0.9446086711276929,0.32819880930675877,277.291553133515,75.11989100817439
80,444.0,76.52691193458118,0.4445949143691975,0.9694323144104804,25.173631261126072,22.548820701305242,1.0354671139441833,73.89414414414415,579.322072072072,0.9527181888782056,0.29800518110703295,0.038287121318209404,0.5101242232828364,0.8601007364373564,579.322072072072,73.89414414414415
81,704.0,102.66904755831213,0.7176546240849359,0.9604365620736699,36.17135625146836,25.18970342058367,1.3780175772122125,75.64488636363636,1684.0767045454545,0.8392733962411212,0.8662946011036289,0.039194241639189824,0.19158690619166852,0.9814756529715369,1684.0767045454545,75.64488636363636
82,229.0,58.2842712474619,0.6620760561931289,0.9385245901639344,20.120479351187463,15.07902468769396,1.2408445941603405,72.14847161572052,609.0436681222708,0.8471154546349852,0.31329406796413106,0.03738262778016607,0.3239973650458978,0.9460579831296363,609.0436681222708,72.14847161572052
83,311.0,65.698484809835,0.69501838024551,0.9510703363914373,23.678576442809813,17.024706293712864,1.1370983869599482,75.7427652733119,389.63022508038586,0.9054397272792898,0.2004270705146018,0.039244956100161606,0.4202292451220777,0.9074179751052591,389.63022508038586,75.7427652733119
84,404.0,77.84062043356595,0.7997968483573354,0.9550827423167849,29.478874553752764,17.695306826346794,0.7857648837734412,79.16336633663366,1103.3638613861385,0.8378738791665715,0.5675740027706474,0.04101728825732314,0.7068474231804808,0.7073660440981842,1103.3638613861385,79.16336633663366
85,376.0,71.59797974644667,0.6920595648761341,0.9641025641025641,25.804339807864498,18.626614889843687,1.290169167209244,77.30851063829788,102.26329787234043,0.9217139757215324,0.05260457709482533,0.04005622312865175,0.27695832930571795,0.9608819302225354,102.26329787234043,77.30851063829788
86,792.0,133.49747468305833,0.9478554326052913,0.9061784897025171,57.69539602957915,18.387557914816444,-1.3307009357713486,79.2840909090909,1489.4570707070707,0.5584559787529072,0.7661816207340898,0.0410798398492699,0.23779528226914498,-0.9713152957359097,1489.4570707070707,79.2840909090909
87,569.0,92.32590180780451,0.8011460964335455,0.9579124579124579,35.05868180792912,20.981528039464415,0.673934912750589,83.58523725834797,196.12829525483303,0.8388320462631969,0.10088904076894703,0.04330841308722693,0.7813720783496706,0.6240654414206223,196.12829525483303,83.58523725834797
88,364.0,72.5269119345812,0.6310539947174986,0.9479166666666666,24.68887647219473,19.152122111938585,-0.43176416828614556,79.99450549450549,1710.076923076923,0.8695866722814319,0.8796691991136436,0.04144793030803393,0.9082289053252757,-0.41847372143499206,1710.076923076923,79.99450549450549
89,333.0,77.69848480983501,0.7971746080588908,0.940677966101695,28.284667292302682,17.076834656765836,0.2933250714713806,81.84384384384384,1936.6486486486488,0.6931528257110352,0.9962184406628851,0.04240613670665484,0.9572877684635527,0.2891368678499363,1936.6486486486488,81.84384384384384
90,475.0,91.01219330881976,0.8360898057737347,0.8911819887429644,34.595946980488165,18.979080374413087,1.2149866540489636,81.3221052631579,342.4273684210526,0.7206166833668812,0.1761457656486896,0.0421358058358331,0.34834943802525725,0.9373647470582023,342.4273684210526,81.3221052631579
91,421.0,85.35533905932736,0.8893702943190064,0.9314159292035398,34.64848827503325,15.840858364032306,0.2381801894829471,88.33491686460808,1651.0593824228029,0.7261570801746066,0.849310381904734,0.04576938697648087,0.9717689399582201,0.23593458273953224,1651.0593824228029,88.33491686460808
92,230.0,57.35533905932738,0.7470893536410158,0.9465020576131687,21.09925932639219,14.025176144938639,0.9104019785913909,82.77826086956522,601.5956521739131,0.8785975686698707,0.30946278404007876,0.04289029060599234,0.6134283363095786,0.789750388548472,601.5956521739131,82.77826086956522
93,439.0,79.698484809835,0.7286276536333629,0.9564270152505446,28.821263465922417,19.739972281297153,1.163871075055883,84.0501138952164,246.36674259681092,0.8685088626121477,0.1267318634757258,0.043549281810992956,0.3957875325325052,0.9183421089614867,246.36674259681092,84.0501138952164
94,195.0,50.627416997969526,0.5127213223131535,0.9420289855072463,17.021857638897412,14.61420254766844,-0.7658925791872742,81.8,1241.0051282051281,0.956033113115419,0.6383771235623087,0.04238341968911917,0.7207639260455708,-0.6931806134849523,1241.0051282051281,81.8
95,412.0,80.42640687119285,0.8031424683069732,0.9363636363636364,29.85837632375676,17.78923311214125,1.3459739406602682,82.52669902912622,1741.6723300970873,0.8004049150554303,0.895921980502617,0.04275994768348509,0.22293322166422472,0.9748337184763408,1741.6723300970873,82.52669902912622
96,391.0,77.25483399593904,0.6201510486525353,0.92,25.969887464076013,20.372920323286497,-0.9150411372225474,86.77749360613811,706.8465473145781,0.8232567383632229,0.3636041910054414,0.044962431920278816,0.6097579710929748,-0.792587671294841,706.8465473145781,86.77749360613811
97,324.0,66.04163056034261,0.6261366540666529,0.9642857142857143,23.136824324347717,18.04009053918363,1.3744306973092664,85.90432098765432,637.6203703703703,0.9335106982290757,0.3279940176802317,0.044510010874432286,0.19510610148851218,0.980782141539065,637.6203703703703,85.90432098765432
98,746.0,107.49747468305831,0.763292409369294,0.9564102564102565,38.949465507451826,25.16342564076371,-0.39803318871822296,94.79490616621985,1009.4798927613941,0.811245251113847,0.5192797802270546,0.04911653169234189,0.92182512440705,-0.38760603712007224,1009.4798927613941,94.79490616621985
99,154.0,45.21320343559643,0.7055713677558919,0.9447852760736196,16.71629334342093,11.845815189239563,-0.25514751555378556,88.46103896103897,760.0844155844156,0.946673080071061,0.39098992571214797,0.04583473521297356,0.9676260750389836,-0.252388151276266,760.0844155844156,88.46103896103897
100,292.0,64.5269119345812,0.7837753266560396,0.9636963696369637,24.570513036080097,15.259381317485316,1.2109555959828073,90.73630136986301,330.5924657534247,0.8812739896596774,0.17005785275381927,0.047013627652778764,0.3521251692806319,0.9359529182384584,330.5924657534247,90.73630136986301
101,635.0,94.32590180780451,0.4208592828887893,0.9606656580937972,30.02515730150842,27.236598924690643,0.8329813566295416,97.99527559055119,1726.755905511811,0.8968538097824957,0.8882489225883802,0.05077475419199543,0.6726727274349191,0.7399401339062959,1726.755905511811,97.99527559055119
102,172.0,47.79898987322333,0.7390834030253067,0.9555555555555556,18.07320031577462,12.174359447881407,1.1971175444973206,89.52325581395348,1124.0348837209303,0.9460212094475032,0.5782072447124127,0.046385106639354134,0.36504280661582744,0.9309907353663835,1124.0348837209303,89.52325581395348
103,201.0,54.38477631085024,0.5112546564673838,0.9262672811059908,17.71976274259531,15.228882821406183,-1.3025801673715256,91.54228855721394,1178.7014925373135,0.8539869384100824,0.6063279282599349,0.04743123759441137,0.2650117995878676,-0.9642451690722644,1178.7014925373135,91.54228855721394
104,744.0,104.5685424949238,0.7249129669503317,0.9575289575289575,37.16300118653354,25.599379129422324,0.40371500672473143,101.97715053763442,1782.6841397849462,0.8550286951211291,0.9170185904243551,0.0528379018329712,0.919607949669462,0.3928373949927988,1782.6841397849462,101.97715053763442
105,612.0,91.25483399593904,0.5717575616242271,0.9683544303797469,30.88700261440059,25.340395897194156,-0.19487061248034623,100.35130718954248,1629.8382352941176,0.9235268521776073,0.8383941539578794,0.05199549595313082,0.9810727323089345,-0.19363959801621558,1629.8382352941176,100.35130718954248
106,790.0,105.9827560572969,0.6061862715840151,0.9693251533742331,35.81273521811901,28.482681425836834,-1.4779348089764335,99.54050632911392,730.3898734177216,0.8838255195352602,0.3757149554617909,0.05157539188036991,0.09272811382522299,-0.9956914667237118,730.3898734177216,99.54050632911392
107,374.0,77.2842712474619,0.7561303133831714,0.9144254278728606,27.690002225485173,18.120921145413657,1.084373367036114,100.26470588235294,243.7326203208556,0.7868631987598294,0.12537686230496686,0.051950624809509294,0.4674667438833944,0.8840106579465301,243.7326203208556,100.26470588235294
108,824.0,108.66904755831214,0.5944025216229663,0.9614935822637106,36.28774557712428,29.18143182869779,0.5820155987255518,103.99393203883496,1690.1080097087379,0.8768500970995776,0.8693971243357705,0.053882866341365264,0.8353563551925551,0.549708795490312,1690.1080097087379,103.99393203883496
109,745.0,99.98275605729691,0.23371651640727376,0.9725848563968669,31.305530050418223,30.43851658488509,-1.369516561666012,103.55570469798657,1879.4644295302014,0.9365175680277453,0.9668026900875522,0.053655805542998224,0.199923422792826,-0.9798115252530973,1879.4644295302014,103.55570469798657
110,354.0,68.8700576850888,0.7075149581972944,0.9698630136986301,25.33973467395756,17.907549150274168,-0.26474451470706895,101.590395480226,297.6553672316384,0.9378907066482577,0.15311490083932017,0.05263751061151606,0.9651593833495836,-0.2616626926641465,297.6553672316384,101.590395480226
111,135.0,45.55634918610404,0.871320254479004,0.9440559440559441,18.926136166265255,9.287335108089444,-1.3898248037387313,97.11851851851851,661.0148148148148,0.8174210291297013,0.34002819692120106,0.050320475916330834,0.17998531561751427,-0.9836692971532982,661.0148148148148,97.11851851851851
112,918.0,116.08326112068524,0.5461558994850648,0.9642857142857143,37.66668899500117,31.55276583315127,-1.1051078131876735,109.51851851851852,1755.1851851851852,0.856078016483616,0.9028730376467002,0.056745346382652086,0.44903810341973,-0.8935126085720402,1755.1851851851852,109.51851851851852
113,330.0,71.35533905932738,0.8186669093136933,0.9401709401709402,27.258584986921953,15.653751020217104,1.4132244658812132,103.13636363636364,634.0939393939394,0.8144620548259589,0.3261800099763063,0.053438530381535565,0.15692061415727754,0.987611219484926,634.0939393939394,103.13636363636364
114,312.0,67.00609665440987,0.5096018808781299,0.9425981873111783,21.64138298126431,18.620469309512615,0.4111811994432915,107.15064102564102,1180.4903846153845,0.8732444198522794,0.6072481402342513,0.05551846685266374,0.9166493460116442,0.3996923522616177,1180.4903846153845,107.15064102564102
115,203.0,54.2842712474619,0.6579806693684006,0.9269406392694064,18.73252938576309,14.10624687680276,-0.4292269253442059,109.83251231527093,213.60591133004925,0.865680984861677,0.10987958401751505,0.0569080374690523,0.9092877502757408,-0.41616797954489726,213.60591133004925,109.83251231527093
116,353.0,70.5269119345812,0.6214626089376326,0.9463806970509383,24.09570987425201,18.877635090933143,-1.2995239287830471,110.65722379603399,1200.1473087818697,0.8918151229143326,0.6173597267396449,0.057335349117116054,0.2679575206117207,-0.9634307277368827,1200.1473087818697,110.65722379603399
117,1298.0,144.95331880577402,0.7760785009472071,0.9488304093567251,51.790473616529795,32.66095337494537,-0.5929651063640206,124.3959938366718,1404.6571648690292,0.7762975757515331,0.7225602699943566,0.0644538828169284,0.8292873591550894,-0.5588224010771022,1404.6571648690292,124.3959938366718
118,454.0,84.42640687119285,0.8021566487226341,0.9458333333333333,31.407546381162025,18.75387465440563,1.1697991465208502,112.85022026431719,109.31497797356828,0.8004037304408405,0.05623198455430467,0.05847161671726279,0.39033661239819833,0.9206722158409575,109.31497797356828,112.85022026431719
119,745.0,125.43860018001261,0.9484953479369085,0.944233206590621,55.31092431274883,17.522006276802628,-0.7803983906959103,121.08322147651006,335.8751677852349,0.5949818791131221,0.17277529207059408,0.06273742045415029,0.7106333016260817,-0.7035625847215118,335.8751677852349,121.08322147651006
120,878.0,111.84062043356595,0.7125365008775791,0.9690949227373068,40.147241300834146,28.168711415108934,-1.3919121165477941,115.98177676537586,1462.3359908883826,0.8820744541900287,0.7522304479878511,0.06009418485252635,0.17793169949802784,-0.9840428396740375,1462.3359908883826,115.98177676537586
121,479.0,81.94112549695429,0.5048383984331247,0.9618473895582329,26.86993565645607,23.194501239710696,0.2744250336335804,114.31941544885177,1116.3465553235908,0.8964819043500625,0.5742523432734521,0.05923285774551905,0.9625811688929905,0.2709935299829205,1116.3465553235908,114.31941544885177
122,142.0,47.59188309203679,0.6734469515262439,0.8554216867469879,16.243677513344227,12.00790393659069,0.00567611108637321,116.38732394366197,1800.1267605633802,0.7878298472946164,0.9259911319770474,0.060304312924177185,0.9999838909247182,0.005676080607373545,1800.1267605633802,116.38732394366197
123,562.0,103.9827560572969,0.7207961219565826,0.8836477987421384,34.354419395923145,23.81266737425436,0.5021154190760664,124.07829181494662,1920.832740213523,0.6531659418928237,0.9880826852950222,0.06428927037043866,0.8765664131275549,0.48128091939811274,1920.832740213523,124.07829181494662
124,131.0,44.970562748477136,0.8536742531090014,0.916083916083916,18.25089206280751,9.505198270680108,1.5014159484919727,116.1145038167939,834.236641221374,0.8140002067664633,0.42913407470235293,0.060162955345489065,0.06932472970677257,0.997594146860878,834.236641221374,116.1145038167939
125,289.0,62.76955262170047,0.5985408238572545,0.9601328903654485,21.54314889006464,17.258050815365593,-1.2744660939488042,120.77854671280276,944.363321799308,0.9217425586202074,0.48578360174861523,0.06257955788228123,0.2920123621503365,-0.9564145441969087,944.363321799308,120.77854671280276
126,314.0,64.2842712474619,0.618701868559146,0.9691358024691358,22.596020760104533,17.75201832766735,0.5292912231287232,123.30254777070064,1025.5191082802548,0.9548388086386901,0.5275304054939582,0.06388733045114023,0.8631651641027875,0.504921676579059,1025.5191082802548,123.30254777070064
127,584.0,92.08326112068522,0.2629396126611511,0.9495934959349593,28.226715121362197,27.233481730878946,1.3594376108544395,128.4623287671233,1181.2688356164383,0.8654885531940971,0.607648577991995,0.06656079210731777,0.2097885732115035,0.9777467742467277,1181.2688356164383,128.4623287671233
128,1152.0,142.36753236814712,0.8946154938193278,0.9664429530201343,57.9510058505019,25.8946415171641,-0.43227979070406447,141.61892361111111,1809.1362847222222,0.7142338482754529,0.9306256608653406,0.07337768062751872,0.9080130101689476,-0.41894196896936275,1809.1362847222222,141.61892361111111
129,578.0,93.66904755831214,0.7535980124254705,0.9490968801313628,33.631994060835034,22.107505578978795,-1.2948351329193324,129.1522491349481,1365.643598615917,0.8278382593829129,0.7024915630740314,0.06691826380049125,0.2724718885790784,-0.9621637438264603,1365.643598615917,129.1522491349481
130,118.0,48.97056274847715,0.9369855955835428,0.9291338582677166,21.435678547870953,7.488939966360455,0.03607616654439759,127.26271186440678,1940.5084745762713,0.6183319416831109,0.9982039478273,0.06593922894528849,0.999349325678822,0.036068341593201075,1940.5084745762713,127.26271186440678
131,441.0,81.49747468305833,0.6068628640785815,0.9463519313304721,27.17820047152847,21.60141196193,0.7413562790980074,130.1904761904762,133.7687074829932,0.8343728233220844,0.06881106352005822,0.06745620528003948,0.7375533572056188,0.6752888606179734,133.7687074829932,130.1904761904762
132,458.0,89.15432893255071,0.8564458830351845,0.9252525252525252,34.74701126856316,17.937686437163638,0.9081182830996184,135.882096069869,961.207423580786,0.7240865345482262,0.49444826315884055,0.07040523112428446,0.6152302845488666,0.7883474468620549,961.207423580786,135.882096069869
133,592.0,91.0477272147525,0.5349483681145564,0.961038961038961,29.959099480749977,25.31198632233932,1.4273419998190622,134.65371621621622,269.9594594594595,0.8974150580162814,0.13886803470136805,0.06976876487886852,0.14296280512980486,0.9897280618176982,269.9594594594595,134.65371621621622
134,367.0,76.76955262170046,0.8122043603048404,0.9221105527638191,28.99619221840351,16.91559613939463,0.561924090737861,133.5149863760218,1741.8719346049047,0.7825244370547675,0.8960246577185724,0.06917874941762787,0.8462314928787922,0.5328154093681324,1741.8719346049047,133.5149863760218
135,536.0,87.94112549695427,0.7479558377494174,0.9710144927536232,32.26288854302038,21.41444371871489,-0.15598382780047182,139.34514925373134,1850.5391791044776,0.8709447680697363,0.951923446041398,0.07219955919882452,0.9878591692086099,-0.15535205763193177,1850.5391791044776,139.34514925373134
136,623.0,92.91168824543142,0.5903781079111438,0.9629057187017002,31.44119291601278,25.377029785274512,0.4357768699784426,138.56500802568218,1874.040128410915,0.9068954181591601,0.9640124117340098,0.07179534094594932,0.9065423875825943,0.4221147942397297,1874.040128410915,138.56500802568218
137,26.0,17.071067811865476,0.6680725546710744,0.896551724137931,6.737737994988387,5.013524816891616,-1.145032943413886,135.53846153846155,248.3846153846154,1.1211451356615063,0.127769863880975,0.0702271821442806,0.41301613336324566,-0.9107237086963716,248.3846153846154,135.53846153846155
138,664.0,109.25483399593904,0.8514122119153046,0.8936742934051144,41.36963796912434,21.69825662148631,1.2320697269416594,146.08132530120483,820.4246987951807,0.6990312970245269,0.42202916604690366,0.07568980585554655,0.332286318153199,0.9431785635648167,820.4246987951807,146.08132530120483
139,232.0,56.2842712474619,0.6660683048359102,0.9469387755102041,19.956645346454966,14.885477196488688,0.7212699479730365,141.9655172413793,871.9353448275862,0.9202879896258124,0.4485264119483468,0.07355726281936752,0.7509677388943831,0.6603388941595503,871.9353448275862,141.9655172413793
140,449.0,89.59797974644667,0.8864268602523965,0.9373695198329853,35.90736469751686,16.620394751866968,-0.131347862727339,149.35189309576836,1765.6926503340758,0.702845341109498,0.9082781123117674,0.07738440056775563,0.9913862640367339,-0.13097051377805352,1765.6926503340758,149.35189309576836
141,427.0,85.73401871576773,0.8308105941367165,0.8951781970649895,32.245798089035546,17.946568517233604,1.2095768837588248,144.7775175644028,1907.046838407494,0.7300143147155008,0.9809911720203159,0.07501425780539006,0.35341524393321483,0.9354665495653098,1907.046838407494,144.7775175644028
142,466.0,83.49747468305833,0.7860029856938822,0.9648033126293996,31.353527794854024,19.38346259987232,0.7911524255379463,146.93776824034336,1479.8133047210301,0.8399416153713689,0.7612208357618467,0.07613355867375303,0.7030262191983221,0.711163929850012,1479.8133047210301,146.93776824034336
143,522.0,85.49747468305831,0.6737640368284219,0.9595588235294118,30.069302289412352,22.219607572611068,-1.1435203821278455,147.98275862068965,1564.860153256705,0.8973746407500804,0.8049692146382227,0.07667500446667858,0.4143931858043744,-0.9100979549251285,1564.860153256705,147.98275862068965
144,155.0,45.45584412271571,0.7568334775838664,0.9627329192546584,17.478463768873443,11.424059328603203,0.6494639203190923,145.28387096774193,1200.625806451613,0.9426752569362864,0.6176058675162618,0.07527661708173157,0.7964081122789481,0.6047595544481147,1200.625806451613,145.28387096774193
145,250.0,57.94112549695428,0.5898925866611251,0.9578544061302682,19.976432886995955,16.130604486854995,0.9354383787328294,147.032,910.328,0.9357848688414014,0.46827572016460906,0.07618238341968912,0.5934656502022645,0.8048593181606357,910.328,147.032
146,606.0,96.8111831820431,0.759939249075424,0.9543307086614173,34.94531891320855,22.71425132264856,0.7059890044658222,152.82178217821783,1150.457095709571,0.812515084297924,0.5917989175460756,0.07918227055866209,0.7609702710376692,0.6487867497081427,1150.457095709571,152.82178217821783
147,567.0,108.18376618407355,0.9331852666120865,0.8818040435458787,46.277619562734934,16.63197676885157,1.3584747590957178,150.93650793650792,261.5432098765432,0.6087917102426345,0.13453868820809833,0.07820544452668804,0.21072990102145228,0.9775443257548422,261.5432098765432,150.93650793650792
148,301.0,62.87005768508881,0.6399460861521765,0.9709677419354839,22.3887502057546,17.20395921447004,-1.5233736523707089,152.54152823920265,957.2691029900333,0.9569486673215756,0.49242237808129286,0.07903706126383557,0.047404901534605505,-0.9988757556926159,957.2691029900333,152.54152823920265
149,351.0,68.87005768508881,0.7293888455712914,0.9804469273743017,25.624971826911043,17.530026407349226,-0.16455412516410645,158.23646723646723,152.9088319088319,0.9299424803207295,0.07865680653746497,0.08198780685827319,0.9864914932729087,-0.16381249555570127,152.9088319088319,158.23646723646723
150,263.0,61.11269837220809,0.5291279247381259,0.9392857142857143,20.09316313489621,17.049894176610376,1.1028753735456513,156.86692015209127,924.7414448669201,0.8849173141432138,0.4756900436558231,0.08127819696999547,0.45103169577627106,0.8925079324046264,924.7414448669201,156.86692015209127
151,1007.0,121.49747468305831,0.46333657994887234,0.9508970727101038,38.26912877991688,33.91342768875963,-0.3931168926293885,165.95431976166833,988.1320754716982,0.8572447461030809,0.508298392732355,0.08598669417703023,0.9237195625559484,-0.3830694059194069,988.1320754716982,165.95431976166833
152,223.0,73.1126983722081,0.9363113750565297,0.7770034843205574,30.66303091020349,10.767964507802471,0.30021948051168507,160.47533632286996,1007.7219730941704,0.5242387285397837,0.5183755005628449,0.08314784265433676,0.9552716051898665,0.2957298772832663,1007.7219730941704,160.47533632286996
153,284.0,60.2842712474619,0.5645024189510872,0.9659863945578231,20.9537201014144,17.295858809082553,1.079461597098229,157.23239436619718,1683.8169014084508,0.9820196398789092,0.8661609575146352,0.08146756184777056,0.47180314447947924,0.8817039145083091,1683.8169014084508,157.23239436619718
154,992.0,123.53910524340095,0.8178094974930348,0.96875,47.05317111730783,27.07858389302036,0.6564769869878884,170.33770161290323,419.8840725806452,0.8167941772141468,0.2159897492698792,0.08825787648336955,0.7921473431397037,0.6103298999366723,419.8840725806452,170.33770161290323
155,536.0,98.56854249492379,0.878746089704561,0.8948247078464107,38.709769726496546,18.475768382354325,0.943234253168174,163.375,786.2257462686567,0.6932629392061009,0.40443711227811563,0.08465025906735751,0.5871730975351287,0.809461397183956,786.2257462686567,163.375
156,152.0,48.62741699796952,0.8815159720270528,0.926829268292683,20.319991455184493,9.594169362971678,-0.4494211843496508,160.28947368421052,1776.5394736842106,0.8077761932437351,0.9138577539527832,0.08305154076902099,0.9006987163598327,-0.4344442684024611,1776.5394736842106,160.28947368421052
157,453.0,82.62741699796953,0.8332178536968924,0.9741935483870968,32.48017240929835,17.959744094292745,1.4951620143828503,160.2317880794702,1905.6247240618102,0.8337958187151903,0.9802596317190382,0.08302165185464777,0.07556222140074095,0.9971410886614719,1905.6247240618102,160.2317880794702
158,545.0,88.91168824543142,0.6949849491111988,0.9511343804537522,31.166022966242682,22.409127338183293,-0.6080549001974206,166.35229357798164,321.79633027522937,0.8663405709140511,0.1655330917053649,0.08619289822693349,0.8207607509932988,-0.5712720802112738,321.79633027522937,166.35229357798164
159,369.0,73.35533905932736,0.7604252783237526,0.9485861182519281,26.998058757076713,17.533226062058823,-0.22044184014071097,167.4119241192412,846.6449864498645,0.8617330952952097,0.4355169683384077,0.08674192959546176,0.9758009314677026,-0.21866079243148248,846.6449864498645,167.4119241192412
160,909.0,115.63961030678927,0.7154234480388325,0.9659936238044633,40.85494602034489,28.544988250636695,-0.4715849721710086,174.6105610561056,375.2178217821782,0.8542018512255948,0.19301328280976243,0.09047179329331898,0.8908493564664008,-0.4542988268567282,375.2178217821782,174.6105610561056
161,179.0,48.04163056034261,0.5741278033917733,0.9572192513368984,16.717419771012757,13.687649838488184,0.15495947888459222,162.87150837988827,866.0502793296089,0.9746022656225924,0.445499114881486,0.08438938258025298,0.9880177856169201,0.15434006383514862,866.0502793296089,162.87150837988827
162,454.0,81.84062043356593,0.7481839633737039,0.9537815126050421,29.699962662873997,19.705667995941695,1.3410279699742131,164.93612334801762,890.4185022026431,0.8517808868137544,0.45803420895197694,0.0854591312684029,0.22775197424139967,0.9737191783204975,890.4185022026431,164.93612334801762
163,1049.0,140.61017305526642,0.8822631370957545,0.926678445229682,54.194071018122216,25.512215488974466,1.1092725080477603,172.95042897998093,1279.0591039084843,0.6667328704715257,0.6579522139446936,0.08961162123315074,0.44531301260235867,0.8953749610118721,1279.0591039084843,172.95042897998093
164,534.0,89.01219330881975,0.7656627269713965,0.9368421052631579,33.00905382177412,21.23281795682222,1.3735784351116072,167.77528089887642,1654.5355805243446,0.8469389696011925,0.8510985496524406,0.08693019735693079,0.195941914072957,0.9806155038084121,1654.5355805243446,167.77528089887642
165,988.0,117.74011537017762,0.7295657118319652,0.9762845849802372,42.90558096063043,29.343586741338637,1.0797246899834798,173.43421052631578,1724.0354251012145,0.8956078562650669,0.8868494985088552,0.08986228524679574,0.4715711581267471,0.881828012042597,1724.0354251012145,173.43421052631578
166,685.0,110.56854249492379,0.8955338645259059,0.952712100139082,44.77118956697617,19.922882430917408,-0.4260109141483795,176.96496350364964,1034.27299270073,0.7041047366622587,0.5320334324592232,0.0916916909345335,0.9106214465962936,-0.4132415528463632,1034.27299270073,176.96496350364964
167,209.0,52.8700576850888,0.6584284812033347,0.95,18.851139823311026,14.188184061651352,-1.0836224524610338,166.66507177033492,277.57894736842104,0.9395860963622024,0.14278752436647174,0.08635495946649478,0.46813042851272685,-0.8836593811534458,277.57894736842104,166.66507177033492
168,581.0,93.49747468305833,0.6831098480741788,0.9509001636661211,32.06383741836663,23.416721976561707,-1.3417671224931773,169.76764199655767,1175.1273666092943,0.835191824509301,0.6044893861158921,0.08796250880650656,0.22703218510777903,-0.9738872557566338,1175.1273666092943,169.76764199655767
169,597.0,92.66904755831213,0.4124155978120431,0.9552,29.34431677267725,26.7325497696563,0.4759657101196322,176.42713567839195,166.40536013400336,0.8736043669781761,0.0855994650895079,0.0914130236675606,0.8888506506498776,0.4581970327700621,166.40536013400336,176.42713567839195
170,245.0,58.62741699796951,0.6093099660719934,0.9496124031007752,20.02298061820123,15.876864701586252,0.9642808763885409,169.31020408163266,733.665306122449,0.8957244466388845,0.37739984882842026,0.08772549434281485,0.5700078838133792,0.8216392227678723,733.665306122449,169.31020408163266
171,578.0,90.66904755831213,0.7285738999952607,0.9633333333333334,32.85341984685952,22.503515174873467,0.3622602824538362,176.47058823529412,757.6107266435986,0.8835265306922327,0.3897174519771598,0.09143553794574824,0.9350981943977523,0.35438872278059796,757.6107266435986,176.47058823529412
172,607.0,91.59797974644665,0.7198522957578396,0.9681020733652312,33.43648453073202,23.209175854197476,-0.1656914522560803,177.82866556836902,246.16968698517297,0.9091316239107742,0.12663049742035648,0.09213920495770415,0.9863045469042004,-0.16493435286834543,246.16968698517297,177.82866556836902
173,160.0,53.112698372208094,0.9240726243738845,0.9302325581395349,23.230206501888002,8.878978312826332,0.809267582818009,172.23125,86.71875,0.7127432521687896,0.04460841049382716,0.0892389896373057,0.6900287283400104,0.7237819796495822,86.71875,172.23125
174,203.0,52.04163056034261,0.5904028079556066,0.9485981308411215,17.93411125023008,14.474778002783955,1.318137112489367,170.11822660098522,186.0295566502463,0.9418985129318831,0.09569421638387154,0.08814415886061411,0.24997962724227568,0.9682510965466617,186.0295566502463,170.11822660098522
175,402.0,84.32590180780451,0.8992855867840648,0.95260663507109,34.83718343547166,15.23645681090197,-0.7425756971051842,180.77860696517413,1929.273631840796,0.710417953634368,0.992424707737035,0.0936676720026809,0.7367293496494338,-0.676187744169563,1929.273631840796,180.77860696517413
176,525.0,105.05382386916237,0.9405629244633085,0.9226713532513181,45.23516674188173,15.36274340231894,0.8139414808515624,186.90666666666667,409.39428571428573,0.5977855839280317,0.21059376837154617,0.09684283246977547,0.6866383205488422,0.7269991862126569,409.39428571428573,186.90666666666667
177,999.0,130.46803743153546,0.8569105412428196,0.9293023255813954,50.40916918242435,25.984170122316765,-0.17807170941375178,192.5125125125125,1521.162162162162,0.7375086071550295,0.7824908241574908,0.09974741580959197,0.9841870845005889,-0.17713210522723077,1521.162162162162,192.5125125125125
178,1029.0,126.12489168102785,0.6735371026935363,0.930379746835443,42.473210172325,31.394218356064105,1.561233493261384,188.48493683187561,338.5986394557823,0.812874736542463,0.17417625486408553,0.0976605890320599,0.00956268778418786,0.9999542764558498,338.5986394557823,188.48493683187561
179,572.0,89.25483399593905,0.5266416495423459,0.959731543624161,29.369230843441628,24.966412834263043,-1.1052884568923669,187.4965034965035,959.9947552447552,0.9022822204491046,0.49382446257446255,0.09714844740751476,0.4488766886662662,-0.8935937098995315,959.9947552447552,187.4965034965035
180,508.0,99.94112549695429,0.8808840799766124,0.8595600676818951,38.893299615485,18.409445570494448,0.5388288704443636,192.58661417322836,739.4980314960629,0.6391239677956133,0.38040022196299533,0.09978581045244993,0.858310212888909,0.5131311513157195,739.4980314960629,192.58661417322836
181,546.0,85.84062043356595,0.6143977409392916,0.9698046181172292,29.70927983212206,23.440516655029075,-1.1964063340319306,190.85714285714286,40.62820512820513,0.931143917882603,0.02089928247335655,0.0988897113249445,0.3657048445911494,-0.9307308776668813,40.62820512820513,190.85714285714286
182,2529.0,224.79393923933998,0.8601551654127788,0.8619631901840491,83.57570095395641,42.62631881018181,1.4708451180552906,201.8900751285093,1617.01977066034,0.6289114442715984,0.8318002935495576,0.10460625654326906,0.09978486902069515,0.9950090350919044,1617.01977066034,201.8900751285093
183,672.0,103.39696961966997,0.5738341351331202,0.9256198347107438,33.02152533864049,27.04368950058137,0.43486711867196826,196.89880952380952,1008.5580357142857,0.7898843622841588,0.5188055739271017,0.10202010856155934,0.9069260318664468,0.4212898915509138,1008.5580357142857,196.89880952380952
184,902.0,119.74011537017762,0.778391727828322,0.9376299376299376,43.73201707328347,27.454036554708516,1.559726765690556,195.26385809312637,897.3148558758315,0.7905640420737616,0.46158171598551007,0.10117298346794112,0.011069335037276312,0.9999387330340958,897.3148558758315,195.26385809312637
185,749.0,111.84062043356595,0.856310513125758,0.926980198019802,43.78272956802786,22.612086732074626,1.4171025858767439,196.88251001335112,300.5981308411215,0.75247581570425,0.1546286681281489,0.10201166321935291,0.1530893689127772,0.9882123481954107,300.5981308411215,196.88251001335112
186,1136.0,136.3259018078045,0.5787802398167672,0.9281045751633987,42.81944015510278,34.9185494257731,0.49311220607987905,204.40228873239437,1175.355633802817,0.7681241804638276,0.6046068075117371,0.10590792162300226,0.8808639031659289,0.47336960622676777,1175.355633802817,204.40228873239437
187,308.0,76.52691193458118,0.9129580806528608,0.9166666666666666,31.75273618047298,12.956810623957672,-0.07988132172984586,202.63311688311688,1378.8961038961038,0.6608945994920885,0.7093086954198065,0.10499125227104501,0.9968111834204946,-0.07979639470447916,1378.8961038961038,202.63311688311688
188,709.0,112.32590180780453,0.821112409717381,0.871007371007371,41.41887134880443,23.64050470850907,0.9379240773966857,207.6064880112835,411.29337094499294,0.7061488744006279,0.21157066406635439,0.1075681285032557,0.5914631811092186,0.8063320069252886,411.29337094499294,207.6064880112835
189,334.0,71.35533905932738,0.7872612347379706,0.9597701149425287,26.467444209298105,16.320345229958146,-1.132296714951972,200.92215568862275,361.5748502994012,0.8243343221571828,0.1859952933638895,0.10410474388011541,0.42458150746489054,-0.9053897191369257,361.5748502994012,200.92215568862275
190,150.0,43.79898987322333,0.5566449592442043,0.9493670886075949,15.19536892084145,12.62356029298537,0.7846825292573499,197.72666666666666,1721.0333333333333,0.9825913439124128,0.8853052126200274,0.10244905008635578,0.7076126298305914,0.7066005704103517,1721.0333333333333,197.72666666666666
191,458.0,85.7401153701776,0.7891680421599467,0.9252525252525252,31.412172185671764,19.292644261077793,0.7714950953871679,205.72052401746726,1820.9366812227074,0.7829016618247862,0.9366958236742322,0.1065909450867706,0.7168690790381963,0.6972078051190536,1820.9366812227074,205.72052401746726
192,622.0,107.29646455628165,0.9118522528849636,0.9395770392749244,44.736380642627275,18.365113515086108,-0.528934081731634,212.33118971061094,1218.887459807074,0.678936917884379,0.6269997221229805,0.11001616047181914,0.8633454374836,-0.5046133723716121,1218.887459807074,212.33118971061094
193,476.0,83.35533905932736,0.7682096084379788,0.9794238683127572,31.293467519586244,20.034027986580032,-0.1562730692247015,210.71428571428572,1934.9978991596638,0.8608945767145313,0.9953692896911851,0.10917838638045892,0.9878141936363841,-0.15563778092256472,1934.9978991596638,210.71428571428572
194,375.0,76.42640687119285,0.7309880334233346,0.9445843828715366,27.16738564948885,18.53875991522004,0.7225629983807375,210.864,710.1413333333334,0.8067783728746539,0.36529903978052125,0.1092559585492228,0.7501132598548151,0.6613093809934821,710.1413333333334,210.864
195,1148.0,139.88225099390857,0.8228240315566495,0.9456342668863262,51.37474558078374,29.196074595115324,1.2179778581413827,213.70383275261324,1678.642857142857,0.7372699401996625,0.8634994121105232,0.11072737448321929,0.34554403454627675,0.9384025363294163,1678.642857142857,213.70383275261324
196,731.0,133.9827560572969,0.956308916371057,0.8640661938534279,59.3205775436738,17.342851121786197,0.10427997162772817,233.77838577291382,1005.0205198358414,0.5117165071090639,0.5169858641130871,0.1211286972916652,0.994567769084374,0.10409107886140492,1005.0205198358414,233.77838577291382
197,311.0,64.2842712474619,0.7131233243518782,0.971875,23.801550104214613,16.68580545753543,0.29460248218705576,216.58520900321543,1394.1157556270095,0.9457161448618873,0.7171377343760337,0.11222031554570748,0.9569176409901937,0.2903594812672089,1394.1157556270095,216.58520900321543
198,631.0,109.84062043356593,0.9217715385112312,0.937592867756315,45.95437057738658,17.818046797172485,1.2828507146313552,216.86529318541997,1735.109350237718,0.6572237795032478,0.8925459620564393,0.11236543688363729,0.283983018495561,0.9588293097346106,1735.109350237718,216.86529318541997
199,427.0,76.18376618407356,0.6087057128993604,0.9660633484162896,26.27795279345631,20.848824990530456,0.6093794490608283,218.97189695550352,747.559718969555,0.9245126590512555,0.38454718053989456,0.11345694142772203,0.8200033534466044,0.5723587164849708,747.559718969555,218.97189695550352
200,80.0,34.970562748477136,0.869595848871951,0.8888888888888888,14.479411850433653,7.149414833783357,0.08982943096357589,213.6625,925.475,0.8220431388985787,0.47606738683127575,0.1107059585492228,0.995968049021429,0.08970866919338688,925.475,213.6625
201,754.0,100.91168824543144,0.5793883415013331,0.9716494845360825,34.33821822198344,27.987420525983808,0.7580094230748557,222.03846153846155,969.2944297082228,0.9304611959678378,0.4986082457346825,0.11504583499402153,0.72620592492378,0.6874772393363996,969.2944297082228,222.03846153846155
202,621.0,93.35533905932736,0.4195636854498386,0.9627906976744186,29.803958587309534,27.053825203164383,-1.460595532139027,229.67310789049918,1851.0177133655395,0.895412479622279,0.9521696056407096,0.11900161030595813,0.10997787969542461,-0.9939340350233001,1851.0177133655395,229.67310789049918
203,580.0,87.84062043356595,0.5425932239943076,0.9698996655518395,29.659181759920827,24.91358191763958,0.5394314111662566,230.63103448275862,804.6327586206896,0.9445981014598251,0.41390574003121894,0.11949794532785421,0.8580008746862373,0.5136482249922136,804.6327586206896,230.63103448275862
204,386.0,84.87005768508881,0.9332462569219212,0.9437652811735942,37.116313628272145,13.333563582413642,0.05701128610491949,234.7461139896373,1019.619170984456,0.6734233548269676,0.5244954583253374,0.12163011087545975,0.9983752967624735,0.05698040728568964,1019.619170984456,234.7461139896373
205,395.0,74.42640687119285,0.7410948170782169,0.9729064039408867,27.64301156960412,18.559528509965656,-0.7736188013457296,228.3367088607595,1908.240506329114,0.8960925239600223,0.9816051987289681,0.11830917557552306,0.7153867991964201,-0.6987286508620502,1908.240506329114,228.3367088607595
206,408.0,77.94112549695427,0.7520551655773637,0.9488372093023256,28.35361991800662,18.687875575455024,-0.05610159093144972,234.1936274509804,43.495098039215684,0.8439887960035097,0.02237402162511095,0.12134384842019709,0.9984267184564463,-0.056072166645245766,43.495098039215684,234.1936274509804
207,459.0,79.01219330881975,0.5637270695331257,0.9642857142857143,26.629675078123817,21.9950765642732,0.5066798023706391,235.00217864923746,774.8954248366013,0.9239198851832778,0.39860875763199655,0.12176278686488988,0.8743605391678448,0.48527687720116613,774.8954248366013,235.00217864923746
208,476.0,91.9827560572969,0.9009975844494283,0.9388560157790927,38.186263188150846,16.566121395318557,-1.0478466597170601,233.51680672268907,1111.4789915966387,0.7069748762425598,0.5717484524674067,0.12099316410502024,0.4994377502354783,-0.8663497755755027,1111.4789915966387,233.51680672268907
209,483.0,81.25483399593904,0.5575388720710297,0.9621513944223108,27.300078210874346,22.663182677574547,1.0096460598808286,234.60455486542443,470.0,0.9193027939269092,0.2417695473251029,0.12155676417897639,0.5321604158180443,0.8466435447320001,470.0,234.60455486542443
210,752.0,112.81118318204308,0.7998856380503236,0.9049338146811071,41.40573780059126,24.849755081665236,0.8146880743679866,244.42287234042553,1210.8537234042553,0.7425460568882395,0.6228671416688556,0.12664397530591998,0.6860953563536578,0.7275116232679361,1210.8537234042553,244.42287234042553
211,546.0,91.25483399593904,0.8120101531131682,0.9528795811518325,34.59334761742445,20.190175846168298,-0.4432038309001354,242.65384615384616,1145.5586080586081,0.8239308190996302,0.589279119371712,0.1257273814268633,0.9033823841123333,-0.42883594540979975,1145.5586080586081,242.65384615384616
212,821.0,106.91168824543142,0.2774625490476698,0.9636150234741784,33.10464779939723,31.80484193480832,-1.2899564853724546,241.79537149817295,1171.6077953714982,0.9026152068218293,0.602678907084104,0.1252825759057891,0.2771626851741286,-0.9608230044847318,1171.6077953714982,241.79537149817295
213,157.0,48.04163056034262,0.8640545480624121,0.9515151515151515,19.934245466062254,10.034863092123572,0.4750386601305885,238.5796178343949,1282.0764331210191,0.8548187469427203,0.6595043380252156,0.12361638229761393,0.8892750401945105,0.45737282700992593,1282.0764331210191,238.5796178343949
214,558.0,87.84062043356595,0.5197798741957431,0.9620689655172414,29.004792043523256,24.778800503749636,-0.7768996437461576,245.67921146953404,80.68279569892474,0.9087685183010041,0.04150349572989955,0.1272949282225565,0.7130905345427101,-0.7010719574662732,80.68279569892474,245.67921146953404
215,181.0,51.45584412271571,0.8029457816059616,0.9378238341968912,19.88548706034242,11.852785752797402,0.9596749911712741,239.7403314917127,1394.7513812154696,0.8590511522175241,0.7174647022713321,0.12421778833767498,0.5737862002692155,0.8190051259794506,1394.7513812154696,239.7403314917127
216,340.0,68.2842712474619,0.6729213009887186,0.9714285714285714,24.392705831640935,18.04362799460159,0.3018735730218851,243.25,1935.3617647058823,0.9163205435695002,0.9955564633260711,0.1260362694300518,0.9547811340160893,0.2973095796084451,1935.3617647058823,243.25
217,85.0,32.14213562373095,0.5454063628521509,0.9340659340659341,11.361300894998978,9.52272156772109,0.42604284499613604,238.03529411764706,714.4117647058823,1.0339018947043142,0.3674957637375938,0.12333434928375495,0.9106082509789599,0.4132706295504672,714.4117647058823,238.03529411764706
218,412.0,93.25483399593902,0.8084044412590491,0.8565488565488566,32.41053302731887,19.07772898116235,1.0367431665617566,245.41747572815535,895.5752427184466,0.5953390544992051,0.46068685325022973,0.12715931384878515,0.5090262744643803,0.8607509813557656,895.5752427184466,245.41747572815535
219,579.0,89.25483399593904,0.5116032027589971,0.965,29.477546892959385,25.32775195301079,-0.857474291779043,250.1761658031088,141.43523316062175,0.9133241357343213,0.07275474956822106,0.12962495637466778,0.6543494743061876,-0.7561922807561684,141.43523316062175,250.1761658031088
220,494.0,94.66904755831213,0.8015883391574287,0.8681898066783831,34.21769733914094,20.457952123237504,-1.3987636230248006,247.7327935222672,1828.5182186234817,0.6926610985265856,0.9405957914729844,0.12835896037423172,0.17118540003795255,-0.9852388333870352,1828.5182186234817,247.7327935222672
221,501.0,88.42640687119287,0.7232698741931731,0.9243542435424354,30.83800246003932,21.295660125500692,0.9830564218564717,251.19161676646706,1123.4590818363274,0.8051626739468944,0.5779110503273289,0.13015109677019018,0.5544815986325986,0.8321959845960792,1123.4590818363274,251.19161676646706
222,721.0,105.98275605729688,0.7179902790953543,0.9339378238341969,36.86239550831256,25.658185755429464,-1.2128251497526576,253.35783633841885,1556.6699029126214,0.8066306323859781,0.800756122897439,0.13127349033078697,0.3503747406139939,-0.9366095991071608,1556.6699029126214,253.35783633841885
223,839.0,112.25483399593904,0.5514132165247522,0.9437570303712036,36.14994911891568,30.15745377439554,0.8921160453165027,257.2109654350417,1245.528009535161,0.8366844949407514,0.6407037086086218,0.1332699302772237,0.627766299626713,0.7784018711777252,1245.528009535161,257.2109654350417
224,209.0,55.11269837220809,0.7016314233736325,0.9414414414414415,19.65596595859659,14.005663282527404,0.8287608261735736,251.19617224880383,1377.2057416267942,0.8646747959055566,0.7084391675034949,0.13015345712373255,0.6757896669247526,0.7370945163801803,1377.2057416267942,251.19617224880383
225,371.0,69.94112549695427,0.6321381625419803,0.973753280839895,24.754538981122895,19.181195432890078,-1.562185411353074,252.22911051212938,1617.3045822102426,0.9530562641605398,0.8319468015484788,0.13068865829644008,0.008610809028718231,-0.9999629262967057,1617.3045822102426,252.22911051212938
226,230.0,55.21320343559643,0.4593733030900386,0.9504132231404959,18.28225228012172,16.239088183310706,-0.6205035319210265,252.98260869565217,1418.591304347826,0.9480948975679533,0.7297280372159599,0.13107907186303222,0.8135857837471694,-0.5814449006436501,1418.591304347826,252.98260869565217
227,692.0,97.01219330881976,0.29176686047397615,0.9746478873239437,30.539334456581617,29.21055171531425,0.9315041363442957,260.8901734104046,729.356936416185,0.9239815758931244,0.37518360926758487,0.13517625565305938,0.5966275607770668,0.8025182575625351,729.356936416185,260.8901734104046
228,671.0,121.74011537017762,0.9361512223124671,0.9079837618403248,50.858556726920774,17.881747687927568,0.2761558126648329,268.6542473919523,1468.8420268256334,0.5689380320553955,0.7555771742930213,0.13919909191292865,0.9621106974560455,0.27265913856066093,1468.8420268256334,268.6542473919523
229,1589.0,155.4386001800126,0.7583989725963399,0.9712713936430318,56.02122438081215,36.51410797260721,1.5001345726789654,264.97482693517935,832.7079924480805,0.826448904237707,0.42834773274078214,0.1372926564430981,0.07060296545498768,0.9975044968665363,832.7079924480805,264.97482693517935
230,643.0,110.71067811865476,0.8633887407715154,0.8784153005464481,41.88422450085587,21.132236358711246,-0.8702330060455004,265.28304821150857,1098.5583203732504,0.6592373655228535,0.5651020166529066,0.13745235658627386,0.6446484364741325,-0.7644791647595481,1098.5583203732504,265.28304821150857
231,200.0,52.04163056034262,0.7885685546434186,0.966183574879227,20.363101012531537,12.522224928240066,-0.21983971532564275,258.48,1866.385,0.9279788304747614,0.9600745884773663,0.13392746113989637,0.9759324156585494,-0.21807319887337917,1866.385,258.48
232,359.0,72.59797974644665,0.5227348595214136,0.9422572178477691,23.46988972385139,20.007971095702423,1.3660988503345732,264.2757660167131,1370.6044568245125,0.8559634921890981,0.7050434448685764,0.13693044871332283,0.20327096159941652,0.9791225235742709,1370.6044568245125,264.2757660167131
233,442.0,81.01219330881976,0.7576378459752799,0.9608695652173913,29.69525558821447,19.38135637167202,0.1787338183348294,269.00452488687785,1268.8280542986424,0.8463136638887199,0.652689328342923,0.13938058284294189,0.9840695880340719,0.17778370540196314,1268.8280542986424,269.00452488687785
234,660.0,98.91168824543144,0.8090469133720692,0.9635036496350365,37.926314942922936,22.290966709267934,-0.4983353508804075,269.6181818181818,1312.6454545454546,0.8477319869891587,0.6752291432846989,0.13969853980216676,0.8783794209073007,-0.4779640079823533,1312.6454545454546,269.6181818181818
235,535.0,85.25483399593904,0.627327279938807,0.9727272727272728,29.65020320631361,23.0902655823625,-1.0819725080562328,267.8093457943925,1156.7233644859814,0.924965681928198,0.5950223068343525,0.13876131906445208,0.4695877795034337,-0.8828857895226508,1156.7233644859814,267.8093457943925
236,366.0,79.35533905932738,0.8765845979025376,0.9408740359897172,31.747945829216878,15.278629009465815,-0.16034360354584717,269.24043715846994,1838.6284153005465,0.7303628022529323,0.9457965099282647,0.13950281718055438,0.9871724827982908,-0.15965741199787187,1838.6284153005465,269.24043715846994
237,762.0,105.9827560572969,0.542224582861424,0.9501246882793017,34.19688641602423,28.73337296527346,0.6317879793052321,275.8070866141732,1190.9855643044618,0.8525000580833776,0.6126468952183446,0.1429052262249602,0.8069728386593129,0.5905885519260685,1190.9855643044618,275.8070866141732
238,252.0,61.698484809834994,0.8550257231066103,0.9655172413793104,24.931348684888807,12.929038135287367,0.9962276068490656,267.6309523809524,1218.7103174603174,0.8318813870343231,0.6269085995166241,0.1386688872440168,0.5434728132159058,0.8394267694654426,1218.7103174603174,267.6309523809524
239,828.0,107.84062043356595,0.6321696010161463,0.965034965034965,36.977199867861735,28.651045364009633,-0.17073530261509426,279.6509661835749,1537.6099033816424,0.8946958959587887,0.7909515963897338,0.14489687367024606,0.9854601002590596,-0.16990700632229463,1537.6099033816424,279.6509661835749
240,251.0,62.2842712474619,0.8160300300217508,0.9471698113207547,24.18402150050158,13.97859434311535,-1.3941180203133297,271.1075697211155,132.597609561753,0.8130678912413404,0.06820864689390586,0.14047024337881633,0.1757605645443215,-0.9844329453807716,132.597609561753,271.1075697211155
241,395.0,81.84062043356595,0.886252644558786,0.9294117647058824,33.406967259459776,15.474179717598231,-1.0073916089721688,276.0886075949367,87.11898734177215,0.7410868949150505,0.04481429390008856,0.14305109201810193,0.5340677781448242,-0.8454416646625897,87.11898734177215,276.0886075949367
242,831.0,107.98275605729688,0.46392733459358654,0.9662790697674418,34.78309525070801,30.813413892992386,-0.07491777539688908,284.51624548736464,1006.439229843562,0.8955752276902534,0.5177156532117089,0.1474177437758366,0.9971949758067026,-0.07484771356474323,1006.439229843562,284.51624548736464
243,609.0,91.49747468305833,0.6078138688525866,0.9636075949367089,31.280643560792555,24.839318753897324,-1.5061731446407864,281.39573070607554,1914.7372742200328,0.9141320611433271,0.984947157520593,0.14580089673889923,0.06457821213378129,-0.9979126487411633,1914.7372742200328,281.39573070607554
244,87.0,47.10660171779821,0.9724482231259816,0.9456521739130435,22.62286832590929,5.2738197220782315,0.0033893640212265836,282.2183908045977,1941.4252873563219,0.4926807185311385,0.9986755593396718,0.1462271454946102,0.9999942561112646,0.0033893575318474914,1941.4252873563219,282.2183908045977
245,711.0,98.32590180780451,0.3774669587570213,0.9660326086956522,31.337549189994903,29.019292980536026,-1.288765752331735,288.0492264416315,1421.2883263009846,0.9241523840015706,0.7311153941877493,0.14924830385576762,0.2783065721146318,-0.9604922966467786,1421.2883263009846,288.0492264416315
246,196.0,56.04163056034261,0.8375881001525537,0.937799043062201,21.594667283350415,11.797215841295348,1.5471669084335455,279.7244897959184,61.88265306122449,0.7842317297667574,0.03183264046359285,0.14493496880617532,0.023627219510763287,0.9997208382834631,61.88265306122449,279.7244897959184
247,270.0,59.35533905932738,0.3946682897968406,0.9608540925266904,19.42262736369601,17.845969802667735,0.4687260528371482,284.7851851851852,967.9074074074074,0.9630615582555908,0.4978947568968145,0.147557090769526,0.8921445177561885,0.45175010729116355,967.9074074074074,284.7851851851852
248,1017.0,122.32590180780451,0.8008765616162943,0.9807135969141755,46.64623267529302,27.93313874811315,1.3678489641474614,290.9380530973451,808.9980334316617,0.8540709784275688,0.4161512517652581,0.15074510523178503,0.20155707532208278,0.9794767712343199,808.9980334316617,290.9380530973451
249,449.0,93.59797974644665,0.826789677220852,0.8718446601941747,34.094115271591086,19.178321073575585,0.34004911170486624,291.2850779510022,1868.957683741648,0.6440554436375119,0.9613979854638107,0.15092491085544157,0.9427382862717638,0.3335333920275118,1868.957683741648,291.2850779510022
250,234.0,56.8700576850888,0.7604468227376038,0.9629629629629629,21.586874733610532,14.018520936057302,1.2898245002906594,289.5769230769231,102.25213675213675,0.9091978161309259,0.05259883577784812,0.15003985651654048,0.27728949706250244,0.9607864147763666,102.25213675213675,289.5769230769231
251,280.0,70.18376618407356,0.881808714305491,0.9150326797385621,27.9337968538249,13.173780912605306,1.1006870637383461,291.47857142857146,699.425,0.7143228724376984,0.35978652263374483,0.15102516654330128,0.45298369815179385,0.8915187991336607,699.425,291.47857142857146
252,246.0,62.526911934581186,0.8679939033346784,0.9498069498069498,25.282319270208628,12.55456395325743,1.1915851294969286,290.109756097561,1175.0650406504064,0.7906986738161121,0.6044573254374519,0.15031593580184507,0.3701878209199717,0.9289569297026224,1175.0650406504064,290.109756097561
253,190.0,50.04163056034261,0.7099750734954668,0.95,18.549359394579454,13.062956129354125,1.0279265834643325,291.0,903.9052631578948,0.9534557897646574,0.46497184318821744,0.15077720207253886,0.5165952749793684,0.8562297132598183,903.9052631578948,291.0
254,642.0,96.42640687119285,0.7461389651260261,0.9610778443113772,35.12299773426985,23.38454911848805,-0.41208203762673157,301.04672897196264,1031.5093457943926,0.8676666881047969,0.5306118033921773,0.15598276112536924,0.9162889159930261,-0.4005179427045999,1031.5093457943926,301.04672897196264
255,447.0,77.59797974644665,0.5499574997620078,0.9633620689655172,26.17921854358552,21.86469068844633,0.6107252254785811,297.9261744966443,1232.2617449664428,0.9328601858792601,0.6338794984395282,0.15436589352157737,0.8192323442562376,0.5734617390239993,1232.2617449664428,297.9261744966443
256,565.0,92.59797974644667,0.8266786057804577,0.9432387312186978,35.86227319140026,20.17878312484362,-0.270113789714257,302.7716814159292,620.0495575221239,0.8280475731712788,0.31895553370479623,0.1568765188683571,0.9637405388324913,-0.2668411021766686,620.0495575221239,302.7716814159292
257,289.0,86.97665940288701,0.9506777442897567,0.7031630170316302,37.934933348645124,11.766669496008875,-0.28990802397288107,301.2179930795848,659.6401384083046,0.4800674496787965,0.33932105885200853,0.15607149900496622,0.958270172209096,-0.2858640884307599,659.6401384083046,301.2179930795848
258,384.0,76.87005768508881,0.635701191883279,0.9458128078817734,25.926149145930612,20.013307825438027,1.5201350042661887,295.4192708333333,1888.8776041666667,0.8166325275278278,0.9716448581104252,0.15306697970639033,0.05063965434115435,0.9987169896463204,1888.8776041666667,295.4192708333333
259,564.0,98.42640687119285,0.8878847791638901,0.9384359400998337,40.035184879393555,18.41882277956997,0.1957415017272679,305.9095744680851,1615.6950354609928,0.7315865385358236,0.8311188454017453,0.15850237019071767,0.9809037216402196,0.1944939301684417,1615.6950354609928,305.9095744680851
260,368.0,88.08326112068522,0.9325774250953746,0.8910411622276029,37.712336882976835,13.613022521636468,-0.6660843287795203,301.10597826086956,744.1114130434783,0.596033832623134,0.3827733606190732,0.1560134602387925,0.7862472276671657,-0.6179120463186456,744.1114130434783,301.10597826086956
261,731.0,115.94722215136416,0.7823528339581965,0.8723150357995226,39.991280690169916,24.90798876293961,1.4409049829726461,304.0328317373461,679.2065663474692,0.6832923277321497,0.34938609380013846,0.15752996463074928,0.1295264025292927,0.9915759734119316,679.2065663474692,304.0328317373461
262,231.0,61.698484809834994,0.8250748961601121,0.9166666666666666,23.49097569631319,13.272950399699921,-0.9109140980016692,300.4761904761905,727.1341991341991,0.7625579381147961,0.37404022589207775,0.15568714532445102,0.6130238093832215,-0.790064433530129,727.1341991341991,300.4761904761905
263,107.0,39.55634918610404,0.862826583016168,0.9224137931034483,16.546742760694187,8.364379081584351,-1.152638933038868,296.8878504672897,1508.4299065420562,0.8593325011260778,0.7759413099496174,0.15382790179652317,0.406077298415404,-0.9138387317856729,1508.4299065420562,296.8878504672897
264,314.0,65.94112549695429,0.5836882160078303,0.9544072948328267,22.439107896652313,18.220059105423168,-0.22194723379314651,305.0923566878981,37.1687898089172,0.9074585587997589,0.019119747844093208,0.15807894128906635,0.9754706553383385,-0.2201295086393286,37.1687898089172,305.0923566878981
265,902.0,129.63961030678928,0.9006067940591571,0.9435146443514645,52.025848371732025,22.612243790315876,1.0742141717977438,308.66407982261643,992.8259423503326,0.6744363475768305,0.5107129333077843,0.1599295750376251,0.4764233030287883,0.8792160350739398,992.8259423503326,308.66407982261643
266,501.0,83.59797974644665,0.7714986058751402,0.9747081712062257,31.7384410752707,20.192980497147268,-0.3078098981395191,308.3073852295409,1442.5109780439122,0.9008573480850355,0.7420323961131235,0.1597447591862906,0.9529993948837905,-0.3029721989739803,1442.5109780439122,308.3073852295409
267,89.0,36.384776310850235,0.8197789830996576,0.9368421052631579,14.435262819583539,8.2667867711357,-0.2646560447734942,301.1573033707865,607.4044943820224,0.844812735329941,0.31245087159569057,0.156040053559993,0.9651825288534753,-0.2615773040537162,607.4044943820224,301.1573033707865
268,573.0,94.08326112068524,0.7432594185771656,0.9502487562189055,33.59264340633279,22.47358982896256,0.3976182240675235,308.55322862129145,786.8499127399651,0.8134666653751105,0.4047581855658257,0.1598721391820163,0.9219858878390941,0.3872234789182564,786.8499127399651,308.55322862129145
269,703.0,105.7401153701776,0.8545417778762477,0.9551630434782609,41.703163961712534,21.659900323413353,-1.368902783498053,310.2062588904694,1921.2631578947369,0.7901064901227609,0.9883040935672515,0.160728631549466,0.20052477202004312,-0.9796886320695518,1921.2631578947369,310.2062588904694
270,355.0,80.18376618407356,0.8756849382389756,0.922077922077922,31.255148628116284,15.092576609763016,0.6074576544474841,314.6591549295775,1634.2197183098592,0.6938495567394765,0.8406480032458123,0.16303583156972926,0.8211017944112828,0.5707817824830883,1634.2197183098592,314.6591549295775
271,757.0,113.63961030678928,0.5675908159468408,0.9209245742092458,35.089517630619355,28.889578667058032,0.574142876848725,321.4755614266843,769.0792602377807,0.7366246910975678,0.39561690341449623,0.16656764840760843,0.8396581274926129,0.5431152998540908,769.0792602377807,321.4755614266843
272,553.0,94.32590180780453,0.7784079942883877,0.9232053422370617,33.89432621074709,21.277458402461686,0.6469757060639986,318.44846292947557,900.994575045208,0.7810396170231811,0.46347457564053907,0.16499920359040185,0.7979104167067708,0.602776050379266,900.994575045208,318.44846292947557
273,346.0,68.76955262170047,0.7569095014332927,0.9719101123595506,25.978468118590026,16.97744085732159,-0.7931738185355763,313.6849710982659,1324.650289017341,0.91937685152083,0.681404469659126,0.1625310731079098,0.7015872420968297,-0.712583568240922,1324.650289017341,313.6849710982659
274,701.0,109.62741699796952,0.8098636399474635,0.9187418086500655,40.2281254513227,23.59854958566832,-1.4267130032907989,315.45078459343796,813.392296718973,0.7329756021028457,0.4184116752669614,0.16344600238001966,0.14358531232290286,-0.9896379429291979,813.392296718973,315.45078459343796
275,45.0,22.485281374238568,0.7461081598425958,0.9782608695652174,9.23111757507661,6.146306663278557,1.4237756541947226,306.55555555555554,1285.0666666666666,1.1184735665493388,0.6610425240054869,0.1588370754173863,0.14649160083185414,0.9892119140435586,1285.0666666666666,306.55555555555554
276,706.0,100.42640687119284,0.7095063103345925,0.9671232876712329,35.83557398389534,25.25329607474231,-1.1281386369078337,320.1331444759207,1200.859773371105,0.8796678427546326,0.6177262208699099,0.1658720955833786,0.42834250730942686,-0.9036164542724272,1200.859773371105,320.1331444759207
277,109.0,42.72792206135786,0.9214127491290434,0.956140350877193,19.03431526150306,7.39645536007688,0.026653258974929057,317.2201834862385,10.715596330275229,0.7502617684523896,0.0055121380299769695,0.16436278937110804,0.9996448229201256,0.0266501033579737,10.715596330275229,317.2201834862385
278,499.0,83.25483399593904,0.4949263364821606,0.9596153846153846,27.137957320693623,23.581119183501833,-0.5534088527968866,321.8176352705411,934.7615230460922,0.9046727131098552,0.4808444048591009,0.166744888741213,0.8507378084071137,-0.5255903170214051,934.7615230460922,321.8176352705411
279,129.0,46.627416997969526,0.8527742650599283,0.8835616438356164,18.331588695626596,9.574216079719076,0.4965364585491434,320.51162790697674,982.1472868217054,0.7456188158291011,0.5052197977477908,0.16606820098807085,0.8792378050086553,0.4763831254815412,982.1472868217054,320.51162790697674
280,757.0,106.42640687119285,0.4322478835440131,0.9403726708074535,33.22554603096559,29.961296497546847,0.4498229718817335,328.32892998678994,1090.899603698811,0.8398600891257876,0.5611623475816929,0.1701186165734663,0.9005240893727539,0.4348061228402522,1090.899603698811,328.32892998678994
281,658.0,101.98275605729691,0.7918768520903494,0.9522431259044862,37.48806919619059,22.893244444300922,0.7519621938854193,328.4574468085106,670.9392097264438,0.7950277151063835,0.34513333833664805,0.17018520560026457,0.730349953749556,0.6830731623025613,670.9392097264438,328.4574468085106
282,351.0,70.11269837220809,0.5133424420733468,0.9486486486486486,22.91849601557113,19.66828337071863,-0.2285437776343342,325.008547008547,969.3532763532763,0.8972709699157168,0.49863851664263187,0.1683982108852575,0.9739973484863803,-0.22655940753255105,969.3532763532763,325.008547008547
283,490.0,86.18376618407356,0.6813518191704523,0.9386973180076629,29.62923883896118,21.68730142214521,0.9762038831591735,326.4387755102041,1657.6244897959184,0.8290009091772449,0.8526874947509868,0.16913926192238554,0.5601711907659543,0.8283768689647562,1657.6244897959184,326.4387755102041
284,566.0,99.39696961967,0.8332403311986522,0.9188311688311688,37.01554043315006,20.466298691248284,-0.6484947426804679,337.5671378091873,946.3551236749116,0.7199129854796894,0.48680819119079816,0.17490525275087423,0.796993857588957,-0.6039874096084068,946.3551236749116,337.5671378091873
285,194.0,53.11269837220809,0.6549899599189531,0.9065420560747663,18.54561909455252,14.013766733401166,0.2899746697581756,331.38659793814435,919.6907216494845,0.8642011932546576,0.4730919350048789,0.17170290048608516,0.9582511184442938,0.28592795246400815,919.6907216494845,331.38659793814435
286,611.0,104.5269119345812,0.8846114059827515,0.957680250783699,41.6797326261391,19.43646464677476,1.5465221631722974,331.176759410802,848.6513911620294,0.7027402584685143,0.43654906952779293,0.17159417586051917,0.024271779828284826,0.9997053969565071,848.6513911620294,331.176759410802
287,821.0,124.71067811865474,0.9077526873833621,0.9101995565410199,51.47038049165789,21.592119605665424,0.652397387396004,345.8599269183922,894.4287454323995,0.6633545917752794,0.4600970912718105,0.17920203467274207,0.7946306459461948,0.6070931860292398,894.4287454323995,345.8599269183922
288,773.0,121.63351365237939,0.9098933470750257,0.9126328217237308,49.64509074857764,20.594881420658865,-1.3544451192748999,335.28201811125484,809.0815006468305,0.6565727483588738,0.41619418757553006,0.17372125290738594,0.21466733098903792,-0.9766872257821553,809.0815006468305,335.28201811125484
289,238.0,55.112698372208094,0.4909231621984683,0.9714285714285714,18.73738389633377,16.32406271410697,0.4088867563335398,334.21008403361344,1178.0966386554621,0.9846535953374277,0.6060167894318221,0.17316584664954066,0.9175640037356038,0.39758810224739993,1178.0966386554621,334.21008403361344
290,1330.0,143.1959594928933,0.6165380840601399,0.9623733719247467,47.05558511393687,37.048042592383524,0.747090289124953,348.8481203007519,1337.0857142857142,0.8150795131048129,0.6878012933568488,0.1807503213993533,0.7336691403985486,0.679506874451506,1337.0857142857142,348.8481203007519
291,1164.0,142.22539674441617,0.48131737715522305,0.9143754909662215,42.77286734393325,37.49240267074459,-1.0174084116752868,344.3548109965636,1453.929553264605,0.7231169414819396,0.7479061487986651,0.17842218186350445,0.525572504432521,-0.8507488128610745,1453.929553264605,344.3548109965636
292,564.0,91.01219330881975,0.7890953780868284,0.9657534246575342,34.32112335216312,21.082460226164052,1.1087451018546435,339.37056737588654,494.0904255319149,0.8556374935135181,0.2541617415287628,0.17583967221548524,0.4457851769465364,0.8951399756545035,494.0904255319149,339.37056737588654
293,424.0,94.36143571373725,0.9370875505091449,0.8742268041237113,40.42301816906982,14.111450580621028,0.5740178982579702,346.37735849056605,986.0849056603773,0.5983931873250586,0.5072453218417579,0.1794701339329358,0.839725998719647,0.5430103563232392,986.0849056603773,346.37735849056605
294,354.0,71.59797974644667,0.587765595658108,0.954177897574124,23.979119856694826,19.399857920413712,1.0558618831086215,339.3728813559322,560.0169491525423,0.8677839026739959,0.28807456232126666,0.17584087116887678,0.4924777947950477,0.870325009197028,560.0169491525423,339.3728813559322
295,735.0,106.22539674441617,0.6995077429835559,0.953307392996109,36.81364570791757,26.30795225640436,-0.38763654085046817,348.01360544217687,655.1632653061224,0.8185410786625945,0.33701814058956914,0.18031793028092066,0.92580503556737,-0.37800137052410365,655.1632653061224,348.01360544217687
296,286.0,64.8700576850888,0.7612982702059892,0.9407894736842105,23.92959270824505,15.515991899407647,-0.5288807952228752,340.52097902097904,1235.8006993006993,0.8540579288280176,0.6356999481999482,0.17643574042537774,0.8633723253427601,-0.5045673669910048,1235.8006993006993,340.52097902097904
297,368.0,68.5269119345812,0.4535223327232781,0.9761273209549072,22.958836123231094,20.461945887424523,1.5160413907457926,342.14402173913044,1213.0516304347825,0.9847712473217786,0.6239977522812667,0.17727669520162198,0.05472757999370233,0.9985013229776077,1213.0516304347825,342.14402173913044
298,722.0,106.2842712474619,0.6789023668816665,0.9388816644993498,35.98503916837425,26.421243439236473,-0.9572855149275052,350.505540166205,860.2008310249307,0.8031729313962106,0.44249013941611665,0.18160908816901813,0.575741553655871,-0.8176317406962158,860.2008310249307,350.505540166205
299,372.0,71.45584412271572,0.6053181838820603,0.96875,24.629876966044677,19.60497820913984,0.3486365462997858,347.8736559139785,17.217741935483872,0.91553994201954,0.008856863135536972,0.18024541757200957,0.939839364837278,0.3416166979265823,17.217741935483872,347.8736559139785
300,685.0,103.88225099390856,0.8388162016867099,0.9607293127629734,40.38517696978251,21.986284531572828,0.5770422281547635,355.607299270073,967.0963503649635,0.7976598494405482,0.49747754648403475,0.1842524866684316,0.8380799184642874,0.5455474775552476,967.0963503649635,355.607299270073
301,824.0,111.15432893255071,0.7543047295546527,0.9559164733178654,40.19564008758819,26.38942115979429,1.4050603664387702,351.2330097087379,1143.8458737864078,0.8380777553857223,0.5883980832234608,0.18198601539312845,0.1649782512464154,0.986297205012604,1143.8458737864078,351.2330097087379
302,394.0,91.1543289325507,0.9394711138657791,0.8755555555555555,39.88036873824675,13.664135625846438,0.9539193980903532,352.4517766497462,555.9771573604061,0.5958699570859911,0.2859964801236657,0.18261750085479078,0.5784905306407434,0.8156890988354516,555.9771573604061,352.4517766497462
303,603.0,98.5269119345812,0.8135075375197611,0.958664546899841,36.9446559806474,21.485326169662553,-1.3990114336414072,351.8424543946932,815.8142620232172,0.7805800254746388,0.419657542193013,0.18230178984180995,0.17094124214138864,-0.9852812246943302,815.8142620232172,351.8424543946932
304,310.0,70.72792206135786,0.7227275990891957,0.9281437125748503,24.432866561529096,16.886360256133845,-0.0820883862782703,350.93225806451613,838.6806451612903,0.7787351174672941,0.43142008495951145,0.18183018552565602,0.9966326399702322,-0.08199622519339232,838.6806451612903,350.93225806451613
305,374.0,75.52691193458118,0.8276284724723908,0.9664082687338501,29.279150536943725,16.433693974612794,1.2616300131405513,349.67914438502675,1661.0106951871658,0.823906653539404,0.8544293699522457,0.18118090382643873,0.3042645830287994,0.9525875621245067,1661.0106951871658,349.67914438502675
306,256.0,66.698484809835,0.8634782738184313,0.924187725631769,25.78752881193073,13.006869367476263,0.044100833434762766,356.95703125,631.58203125,0.7231325206435242,0.3248878761574074,0.18495182966321244,0.9990277158421235,0.04408653966086838,631.58203125,356.95703125
307,200.0,50.62741699796951,0.38217776870532033,0.9523809523809523,16.59970514197041,15.339601989609806,-1.3433372826514611,352.975,1615.895,0.9805467826824819,0.83122170781893,0.18288860103626944,0.2255027469056128,-0.974242531989865,1615.895,352.975
308,154.0,48.04163056034261,0.7975499980931336,0.927710843373494,18.49507086148948,11.157204200611364,1.289872231109882,353.74675324675326,933.7142857142857,0.8384846307591018,0.4803057025279247,0.18328847318484626,0.27724363762397986,0.9607996489367715,933.7142857142857,353.74675324675326
309,569.0,87.35533905932738,0.6250082517249422,0.9743150684931506,30.519199209659224,23.823840614747592,-0.17443030583420016,363.63444639718807,1088.2091388400704,0.9370078363605839,0.5597783636008593,0.1884116302576104,0.9848255674925684,-0.1735471164062959,1088.2091388400704,363.63444639718807
310,583.0,94.42640687119285,0.7452729612658191,0.9588815789473685,33.91024078222542,22.60997474041438,0.8880325573077787,362.72727272727275,1312.295025728988,0.8216587612991036,0.6750488815478334,0.18794159208666983,0.6309396515450646,0.7758319122775194,1312.295025728988,362.72727272727275
311,898.0,110.08326112068522,0.45828861138168026,0.9750271444082519,35.90016771892271,31.90819243836667,-1.0170118142118556,366.5935412026726,679.8118040089087,0.9312014152123532,0.3496974300457349,0.18994484000138478,0.5259098679113435,-0.8505403052374845,679.8118040089087,366.5935412026726
312,648.0,94.08326112068524,0.6169248428634055,0.968609865470852,32.398547020706836,25.498371532808058,-1.044381098711068,366.4475308641975,1227.067901234568,0.9199413597959365,0.6312077681247777,0.18986918697626815,0.5024371330765016,-0.8646137445737638,1227.067901234568,366.4475308641975
313,400.0,89.01219330881976,0.5882323930234219,0.8547008547008547,27.036597762842497,21.86427866201536,-1.441239806401784,365.865,1648.0725,0.6344112131844137,0.8477739197530865,0.18956735751295337,0.12919439240743696,-0.9916192863042113,1648.0725,365.865
314,1255.0,153.61017305526642,0.864799896713739,0.898353614889048,57.33685615878151,28.789790617673006,-0.9944058219273653,376.47569721115536,601.8494023904383,0.6683648979561503,0.30959331398685097,0.19506512808868154,0.54500116553569,-0.8384352864501466,601.8494023904383,376.47569721115536
315,177.0,48.04163056034261,0.52671426098402,0.9516129032258065,16.40321570112192,13.943428895156543,0.3917315157573251,367.10169491525426,951.367231638418,0.9637128548335132,0.4893864360279928,0.19020813208044263,0.9242493714484916,0.38178933900394346,951.367231638418,367.10169491525426
316,646.0,98.42640687119284,0.6619277925585445,0.9513991163475699,33.81508103082603,25.346689368220428,-1.3947754171906217,372.6578947368421,1448.8575851393189,0.8379519572591173,0.7452971116971805,0.19308699209162802,0.1751133634674612,-0.9845482770972244,1448.8575851393189,372.6578947368421
317,1371.0,139.0538238691624,0.5800334839826973,0.9689045936395759,46.5000551705933,37.87860236809628,0.5769777187374125,385.23121808898617,1356.004376367615,0.89100767824624,0.6975331154154397,0.1996016674036198,0.8381151096703573,0.545493412372913,1356.004376367615,385.23121808898617
318,288.0,69.5269119345812,0.8631059197757321,0.9113924050632911,27.473593212037134,13.874794852261642,-1.4474166971533788,372.5729166666667,1536.6006944444443,0.7486804123557027,0.7904324559899405,0.19304296200345425,0.12306684272607532,-0.992398383826493,1536.6006944444443,372.5729166666667
319,701.0,97.49747468305833,0.5142144016067971,0.9655647382920111,32.29619956855451,27.69921262593995,-1.0168791054264759,380.3880171184023,643.5577746077033,0.9267042354269642,0.33104823796692556,0.19709223684891308,0.526022737450774,-0.8504705048882025,643.5577746077033,380.3880171184023
320,256.0,77.01219330881975,0.9655234458068448,0.8951048951048951,35.897359620268446,9.344660910246843,-0.42460495898123546,381.515625,1247.39453125,0.5424139430327876,0.6416638535236625,0.1976764896373057,0.9112015454843049,-0.4119608519107299,1247.39453125,381.515625
321,815.0,110.9827560572969,0.595217787453263,0.9378596087456847,36.248974539937905,29.12838639145282,1.487355291961991,382.0294478527607,474.0233128834356,0.831488910974874,0.24383915271781667,0.19794271909469466,0.08334424346974084,0.9965208161802023,474.0233128834356,382.0294478527607
322,1038.0,124.56854249492379,0.704243962793246,0.9549218031278749,43.69056621206061,31.018469440837166,-0.6087486353042666,384.8824662813102,548.4219653179191,0.840602062857083,0.28211006446395015,0.1994209669851348,0.8203642420243858,-0.5718413332452935,548.4219653179191,384.8824662813102
323,789.0,102.91168824543142,0.40785645418719096,0.9776951672862454,33.27294555060281,30.379731932431845,0.928584380746639,383.9493029150824,1034.169835234474,0.9361759103586003,0.5319803679189681,0.19893746265030177,0.598968171507541,0.8007728326566237,1034.169835234474,383.9493029150824
324,666.0,111.49747468305833,0.8005591629101464,0.8987854251012146,40.25758846644179,24.12450983977693,0.7123391062064827,392.4924924924925,1691.539039039039,0.6732153828311981,0.8701332505344851,0.20336398574740544,0.7568350943050977,0.6536058751481614,1691.539039039039,392.4924924924925
325,859.0,108.5685424949238,0.4105989171223041,0.9695259593679458,34.75694681879065,31.691942343753947,0.6048040962578167,388.8626309662398,442.3678696158324,0.9157881354632765,0.2275554884855105,0.201483228479917,0.8226135044677121,0.568600934106997,442.3678696158324,388.8626309662398
326,1035.0,138.98275605729688,0.8872482821166671,0.9282511210762332,55.01717979257801,25.37899543321804,-1.1944522159636524,391.4869565217391,1315.3458937198068,0.673330635519199,0.6766182580863204,0.20284298265375084,0.3675229032224819,-0.9300144706438273,1315.3458937198068,391.4869565217391
327,237.0,54.970562748477136,0.5946639903199508,0.9793388429752066,19.417417073954613,15.6111050673394,-1.3590693263961493,383.8565400843882,1633.6540084388187,0.9855935304619521,0.8403570002257298,0.19888939900745503,0.21014864791728888,-0.9776694460698541,1633.6540084388187,383.8565400843882
328,399.0,79.84062043356595,0.8466263553015511,0.9366197183098591,31.121801936458198,16.562642136188455,0.9619865067647482,389.0451127819549,1107.6616541353383,0.7865656082200491,0.5697848015099477,0.20157777864349996,0.5718915259361695,0.8203292525336394,1107.6616541353383,389.0451127819549
329,252.0,60.941125496954285,0.8318293470518844,0.9581749049429658,24.13493556915143,13.395648869333664,-0.8803752844236871,387.8452380952381,703.9246031746031,0.8526866494394518,0.3621011333202691,0.20095608191463113,0.636861853041716,-0.7709779375184946,703.9246031746031,387.8452380952381
330,286.0,75.01219330881976,0.9035721437738993,0.8387096774193549,30.535772556792416,13.082623356664318,-0.7738535135123934,395.32167832167835,711.5664335664336,0.6387224319580592,0.36603211603211605,0.20482988514076597,0.7152227793771139,-0.6988965415997395,711.5664335664336,395.32167832167835
331,472.0,83.35533905932738,0.6257821718480046,0.9535353535353536,28.288437725070416,22.064921102141504,1.0179325397997294,394.70762711864404,1221.4300847457628,0.8536601685068458,0.6283076567622237,0.2045117238956705,0.5251265308831939,0.8510241633247448,1221.4300847457628,394.70762711864404
332,610.0,134.4680374315355,0.9685341585387904,0.7663316582914573,61.616757964303034,15.335219490910307,1.1586871655214641,401.7016393442623,1005.6901639344262,0.423937238277536,0.5173303312419888,0.2081355644270789,0.4005427956541013,0.9162780521487988,1005.6901639344262,401.7016393442623
333,155.0,45.21320343559643,0.6039765418325246,0.950920245398773,15.739703758274082,12.544576845156687,0.1968451333923521,395.94193548387096,616.2129032258065,0.9528203078637303,0.3169819461038099,0.20515126190874144,0.9806884746520883,0.1955763679092145,616.2129032258065,395.94193548387096
334,652.0,97.25483399593905,0.3192333384342135,0.9560117302052786,29.842586105136085,28.28110695427061,-0.020187337811675234,407.2361963190184,518.2898773006135,0.8662336809126894,0.2666100191875584,0.21100321052798882,0.9997962426159266,-0.020185966686668156,518.2898773006135,407.2361963190184
335,928.0,116.91168824543142,0.6769897614783654,0.957688338493292,40.43785819830786,29.761957679697012,1.486866926032791,407.5625,575.9461206896551,0.8531825737377526,0.29626858060167444,0.2111722797927461,0.0838309003259026,0.9964799948571715,575.9461206896551,407.5625
336,645.0,95.84062043356595,0.6091921576632693,0.967016491754123,32.27943884403783,25.59832596223473,-1.472112317633475,406.13023255813954,467.28992248062013,0.8824098466131037,0.24037547452706798,0.21043017230991687,0.09852391421158843,-0.9951346835119493,467.28992248062013,406.13023255813954
337,737.0,100.08326112068522,0.5118873202519685,0.9684625492772667,33.0687963161636,28.407835488886914,-1.0560625817452998,408.6675712347354,1423.245590230665,0.9246012066533587,0.7321222171968441,0.21174485556203906,0.4923031118349188,-0.8704238312900534,1423.245590230665,408.6675712347354
338,670.0,117.60407640085654,0.9244510717022785,0.9054054054054054,47.674188522261325,18.178200968352847,0.3348645645316917,416.9850746268657,498.9,0.6087513195686691,0.2566358024691358,0.21605444281184752,0.9444548279774454,0.3286412602064659,498.9,416.9850746268657
339,452.0,85.84062043356595,0.8179516282810694,0.9094567404426559,32.638430473959374,18.77646479244888,-0.8883224964154185,406.87610619469024,686.7765486725664,0.7708370895291877,0.35328011762992095,0.21081663533403638,0.6307146810160204,-0.776014813744467,686.7765486725664,406.87610619469024
340,976.0,126.32590180780451,0.8719680459330534,0.9521951219512195,50.61130918279907,24.777413807606912,0.19020206088966896,419.5235655737705,1530.5235655737704,0.7685548494167768,0.7873063608918572,0.21736972309521788,0.9819660540742586,0.1890573157691344,1530.5235655737704,419.5235655737705
341,80.0,35.62741699796952,0.7610150254804882,0.8791208791208791,13.009344036108283,8.43960708505875,0.3429473069393967,403.3,603.325,0.7920109337320848,0.31035236625514406,0.2089637305699482,0.941767683458525,0.33626422704944914,603.325,403.3
342,704.0,102.9116882454314,0.7880492984552104,0.9578231292517007,38.27798485781805,23.564392057832315,0.9783560964120649,411.4417613636364,1174.0866477272727,0.8353204574048855,0.6039540368967452,0.21318225977390487,0.5583870511044342,0.8295805573655243,1174.0866477272727,411.4417613636364
343,1108.0,144.26702730475878,0.8815138475071342,0.9172185430463576,56.05995706033688,26.4691666857482,-1.0142319228817507,415.37274368231044,1323.0740072202166,0.6689835801347098,0.6805936251132801,0.21521903817736293,0.5282722424257725,-0.8490750484394449,1323.0740072202166,415.37274368231044
344,67.0,30.72792206135786,0.5945801240640842,0.9305555555555556,10.881417426736117,8.749055312659934,0.30096825755917656,403.3134328358209,429.97014925373134,0.8916990039093174,0.22117806031570542,0.20897069058850823,0.9550499016715394,0.2964450797655157,429.97014925373134,403.3134328358209
345,89.0,32.14213562373095,0.5526842198642508,0.978021978021978,11.644982609448531,9.704820866970211,1.1869940850234577,404.65168539325845,1261.0,1.082556101513929,0.6486625514403292,0.20966408569598882,0.37444878717078556,0.9272475968080628,1261.0,404.65168539325845
346,441.0,86.94112549695429,0.877313943050206,0.9382978723404255,34.72656806120875,16.66586741343458,-1.3737459010151716,412.702947845805,652.6666666666666,0.7331586069911785,0.3357338820301783,0.21383572427243783,0.1957776916647513,-0.9806483036473481,652.6666666666666,412.702947845805
347,727.0,106.32590180780451,0.7585953562903711,0.9553219448094612,38.07488814126977,24.80815159859363,-0.8909559940778023,420.665749656121,431.93672627235213,0.8081018948402751,0.22218967400841158,0.21796152831923368,0.6286688630806196,-0.7776731065125765,431.93672627235213,420.665749656121
348,293.0,66.8700576850888,0.8264049338775569,0.9361022364217252,25.953084671742065,14.61356609872391,-0.39131849573942634,417.48464163822524,606.6552901023891,0.8234061164117638,0.312065478447731,0.21631328582291462,0.9244069792518518,-0.381407572958989,606.6552901023891,417.48464163822524
349,172.0,48.384776310850235,0.7640747121715317,0.9555555555555556,18.462530303852954,11.910690926138228,0.5314356647029103,414.38953488372096,1085.6627906976744,0.9232532300942212,0.5584685137333716,0.2147096035666948,0.8620804052099991,0.5067715214502132,1085.6627906976744,414.38953488372096
350,109.0,37.55634918610404,0.6969175098101961,0.9478260869565217,13.97712921329488,10.023716360521114,-1.362567532943931,411.6697247706422,1665.2293577981652,0.971112681079976,0.8565994638879451,0.21330037552883013,0.20672727939463098,-0.9783986058627098,1665.2293577981652,411.6697247706422
351,626.0,96.91168824543142,0.8027042646341653,0.963076923076923,36.65768906680141,21.861813002404723,-0.7350029266595457,425.90894568690095,624.0670926517572,0.8375907619883608,0.3210221670019327,0.22067821020046682,0.7418287908188509,-0.6705893267210876,624.0670926517572,425.90894568690095
352,946.0,145.74011537017762,0.9582560157523782,0.9507537688442211,65.29892861776676,18.669717192261594,-1.3104513520924352,423.85095137420717,1620.7832980972516,0.5596838592624418,0.8337362644533187,0.21961189190373429,0.2574139166834487,-0.9663012343455257,1620.7832980972516,423.85095137420717
353,374.0,73.35533905932738,0.7840585318293075,0.9639175257731959,27.803410669432715,17.25721257254491,1.053991947050416,422.7647058823529,1153.850267379679,0.8734096955024616,0.5935443762241147,0.2190490704053642,0.4941043849499978,0.8694025861321005,1153.850267379679,422.7647058823529
354,855.0,114.91168824543142,0.7645713155919941,0.946843853820598,41.65304780726708,26.8470196244177,-1.2901704259145481,428.7918128654971,354.41520467836256,0.8136686219539413,0.18231234808557745,0.22217192376450626,0.2769571198383163,-0.9608822788306924,354.41520467836256,428.7918128654971
355,555.0,96.28427124746189,0.8698277672193337,0.9702797202797203,38.57108067844587,19.029255027962947,0.1015642861346482,433.5315315315315,1256.609009009009,0.7523018880727308,0.646403811218626,0.22462773654483498,0.9948467799293551,0.10138976508599466,1256.609009009009,433.5315315315315
356,755.0,109.15432893255071,0.6785063511948596,0.9413965087281796,37.09982274690355,27.25332705288844,0.7536453140843457,432.54437086092713,561.2503311258279,0.7962966481574347,0.28870901806884147,0.2241162543320866,0.7291992255539549,0.6843014609450374,561.2503311258279,432.54437086092713
357,205.0,56.62741699796952,0.8355122526826084,0.9192825112107623,22.309471725635916,12.258425923574594,-0.4092852877423856,426.8780487804878,329.7512195121951,0.8033600308789388,0.16962511291779583,0.22118033615569316,0.9174054795261709,-0.39795374873891615,329.7512195121951,426.8780487804878
358,1026.0,130.3259018078045,0.6893546093840395,0.8952879581151832,44.16908883072174,31.997150773527284,-0.7878451205283469,434.9824561403509,942.2504873294347,0.7590943295678317,0.4846967527414788,0.2253795109535497,0.7053744059977571,-0.7088349225054528,942.2504873294347,434.9824561403509
359,399.0,81.25483399593905,0.8847607709855363,0.95,33.23297978934862,15.488079614745063,1.038701385505169,429.8020050125313,459.16290726817044,0.7594240471570116,0.23619491114617822,0.22269533938473124,0.5073397607031438,0.8617461152855154,459.16290726817044,429.8020050125313
360,656.0,96.32590180780453,0.6455178007905497,0.9647058823529412,33.2310362544843,25.380045264476117,-0.4469444478996569,434.3765243902439,521.9161585365854,0.8884388396228554,0.26847539019371675,0.22506555667888284,0.9017719566726233,-0.43221214485346005,521.9161585365854,434.3765243902439
361,253.0,57.21320343559643,0.5393403084562232,0.9693486590038314,19.6113193661928,16.51445474535815,1.3994408132815115,428.0158102766798,586.9407114624506,0.9712652593434049,0.30192423429138404,0.22176984988429005,0.1705181666987765,0.9853545325544955,586.9407114624506,428.0158102766798
362,214.0,53.4558441227157,0.6651994792078819,0.9511111111111111,19.122867705655892,14.278389213274934,0.15652145743836343,430.0514018691589,1104.5233644859813,0.9410945396339662,0.5681704549825007,0.22282456055396835,0.9877755045739598,0.1558831375218599,1104.5233644859813,430.0514018691589
363,315.0,69.76955262170047,0.7703188422998022,0.9402985074626866,25.467793199473437,16.23976516572189,-0.8650577479122603,432.44444444444446,641.0190476190476,0.8131834690611446,0.3297423084460121,0.2240644789867588,0.64859616294255,-0.7611327199747763,641.0190476190476,432.44444444444446
364,598.0,90.42640687119285,0.5743766960205563,0.9660743134087237,30.60178999839993,25.050353349272882,1.1469534743597936,435.5903010033445,1339.4966555183946,0.9190105550040495,0.6890414894641947,0.22569445647841685,0.41126629968055084,0.9115152389000786,1339.4966555183946,435.5903010033445
365,566.0,98.42640687119284,0.7605519942150273,0.9085072231139647,35.13873200262448,22.81477161784226,1.2781250060589464,438.42402826855124,1284.148409893993,0.73418081704127,0.6605701696985561,0.22716270894743587,0.2885109785247592,0.9574765873224712,1284.148409893993,438.42402826855124
366,606.0,93.25483399593905,0.7510812733826252,0.9711538461538461,34.44067766467273,22.738071367638373,-1.2949461169763012,436.76732673267327,1678.5973597359737,0.8756686092876652,0.8634760080946366,0.22630431436926077,0.2723651020654585,-0.9621939779362956,1678.5973597359737,436.76732673267327
367,496.0,85.25483399593905,0.7818456382235458,0.9520153550863724,32.10254869092815,20.01504186468853,-0.9545344544283073,442.3366935483871,1447.3185483870968,0.857538277077357,0.7445054261250498,0.2291899966571954,0.5779887265025047,-0.8160447487950725,1447.3185483870968,442.3366935483871
368,223.0,57.79898987322332,0.8528948038187362,0.9529914529914529,23.414036922303897,12.224066035598955,1.5091450051220319,436.49775784753365,999.5964125560538,0.8388305327214867,0.5141956854712211,0.22616464137177908,0.06161227415896267,0.9981001591388315,999.5964125560538,436.49775784753365
369,649.0,96.08326112068524,0.6616877562719681,0.9672131147540983,33.47308167648989,25.097430768301038,0.29458844498803466,446.91833590138674,1129.0677966101696,0.8834034502640534,0.5807961916718979,0.23156390461211748,0.9569217167297429,0.29034604879522935,1129.0677966101696,446.91833590138674
370,981.0,118.3259018078045,0.3827597835863019,0.960822722820764,37.01164951220487,34.19313479225682,-0.33564983038999335,448.7033639143731,1159.1070336391438,0.8804794521508226,0.5962484740942098,0.23248878959293942,0.9441964660472357,-0.32938280693428906,1159.1070336391438,448.7033639143731
371,526.0,83.59797974644665,0.5495732705730719,0.9704797047970479,28.34454746336956,23.68032525209704,-1.2288054806129054,442.07414448669203,1389.855513307985,0.9458103095663247,0.7149462517016383,0.2290539608739337,0.3353633095448331,-0.9420888761741837,1389.855513307985,442.07414448669203
372,94.0,36.17766952966369,0.6762970392959716,0.8952380952380953,12.99167550972708,9.57004521240978,0.11988092176572536,437.56382978723406,1515.1914893617022,0.9025193937342819,0.7794194904123982,0.2267170102524529,0.9928228839332701,0.1195939845411315,1515.1914893617022,437.56382978723406
373,569.0,91.35533905932738,0.6084640238956392,0.9499165275459098,30.4907235932958,24.196872906606835,0.6732835457771268,448.24253075571175,495.2970123022847,0.8567502953334789,0.2547824137357432,0.23225001593560193,0.7817784081788962,0.6235563491018845,495.2970123022847,448.24253075571175
374,442.0,83.01219330881975,0.6242391379002641,0.9444444444444444,27.08520513584238,21.15986470403149,-0.8185494083295446,447.29411764705884,959.0067873303168,0.8060247097906702,0.49331624862670614,0.23175861017982324,0.68328108319582,-0.7301554364289475,959.0067873303168,447.29411764705884
375,159.0,53.8700576850888,0.7992023582157215,0.8502673796791443,18.72876323129764,11.257148863400948,-0.006084857904847642,445.33962264150944,1318.5471698113208,0.688512940464401,0.6782650050469757,0.23074591846710332,0.9999814873092592,-0.006084820355770435,1318.5471698113208,445.33962264150944
376,475.0,88.66904755831213,0.8132210632984052,0.9332023575638507,33.295504448848895,19.376481863967506,0.5955236056740245,449.29473684210524,1040.4336842105263,0.7592055716839954,0.5352025124539744,0.23279520043632396,0.8278548997650094,0.5609423008965061,1040.4336842105263,449.29473684210524
377,927.0,154.71067811865476,0.9245988365960016,0.7763819095477387,61.67174108262925,23.493371285732437,1.5348932324210813,451.5577130528587,1587.77238403452,0.4866861851754445,0.8167553415815432,0.2339677269703931,0.03589538149690423,0.9993555531377167,1587.77238403452,451.5577130528587
378,517.0,90.18376618407358,0.8200994311855994,0.9521178637200737,34.4207419263609,19.696272873517618,-1.5170968988999245,448.5841392649903,622.1953578336557,0.79881032755135,0.32005934044941137,0.2324270151632074,0.053673623415157856,-0.998558532159977,622.1953578336557,448.5841392649903
379,941.0,120.8111831820431,0.8275071057170529,0.9681069958847737,46.27394338930436,25.980748134149575,-0.898912500525063,458.4856535600425,347.71625929861847,0.8101868913260671,0.17886638852809592,0.23755733345079924,0.6224614681306117,-0.7826504460438796,347.71625929861847,458.4856535600425
380,188.0,50.04163056034261,0.5061278176169268,0.94,16.724630054328177,14.424299039558955,-1.3591233517922126,448.8936170212766,599.0531914893617,0.9434194130302926,0.3081549338937046,0.23258736633226768,0.2100958286315867,-0.9776807980070014,599.0531914893617,448.8936170212766
381,1197.0,140.22539674441617,0.7725747340825879,0.9193548387096774,50.09375582398123,31.80571971535137,-0.010981468308332012,469.1921470342523,1189.297410192147,0.7649810192230149,0.6117785031852608,0.24310473939598565,0.9999397042828352,-0.010981247595609077,1189.297410192147,469.1921470342523
382,397.0,77.11269837220809,0.640792554260169,0.9452380952380952,26.143125407125293,20.070445364256397,0.616710399967769,457.2342569269521,1292.5869017632242,0.8389741307556255,0.6649109576971318,0.23690894141292856,0.8157854228220381,0.5783546869448438,1292.5869017632242,457.2342569269521
383,736.0,105.1543289325507,0.8296485277750362,0.9722589167767504,41.16920170943986,22.98419125238407,-0.6516526666864674,465.6317934782609,571.9252717391304,0.8364372509834594,0.2942002426641617,0.24125999662086056,0.7950825404180402,-0.6065012398358272,571.9252717391304,465.6317934782609
384,771.0,106.08326112068522,0.7495761373460508,0.9685929648241206,38.70577764892172,25.620056063862943,-1.5355708239961043,460.46822308690014,539.9130998702983,0.8609353060133983,0.2777330760649683,0.23858457154761664,0.03521821840513363,-0.9993796461267201,539.9130998702983,460.46822308690014
385,217.0,54.2842712474619,0.5796830553065403,0.9434782608695652,18.503602477576386,15.07751324966283,-0.3605799108416102,458.08755760368666,1074.3225806451612,0.9253831217486891,0.552635072348334,0.23735106611589982,0.9356923786728408,-0.35281691072504023,1074.3225806451612,458.08755760368666
386,1062.0,124.91168824543142,0.5546030517880464,0.9499105545617174,40.751586076200205,33.91000804891301,-1.516447928730956,469.9905838041431,1005.6967984934087,0.8553192068359683,0.5173337440809715,0.24351843720421923,0.054321646766358256,-0.9985234893043784,1005.6967984934087,469.9905838041431
387,461.0,92.32590180780451,0.8992866030025227,0.9257028112449799,37.78414998579571,16.52526875628958,-1.2401038486779443,464.9002169197397,957.650759219089,0.6796161218406568,0.49261870330200047,0.24088094140919156,0.3246980642695985,-0.9458177240142921,957.650759219089,464.9002169197397
388,468.0,83.35533905932736,0.7458171600305747,0.9454545454545454,30.228630245862014,20.136823395567855,-0.19356488146491704,469.6688034188034,1096.7457264957266,0.8464257602991611,0.564169612394921,0.2433517116159603,0.9813247371342761,-0.1923584162139622,1096.7457264957266,469.6688034188034
389,651.0,97.25483399593905,0.7999463564750106,0.970193740685544,37.1999507934313,22.322630943612904,-1.3553515392602506,466.8909370199693,295.0768049155146,0.8649051016474859,0.15178847989481203,0.24191240260102034,0.21378195410434536,-0.9768814032928089,295.0768049155146,466.8909370199693
390,1230.0,151.29646455628165,0.7971816562513436,0.8997805413313826,52.863278158788155,31.915650134217042,0.05474970972447949,478.08373983739835,1412.5951219512194,0.675238841465923,0.7266435812506272,0.24771178229917012,0.9985016089880699,0.054722361500903004,1412.5951219512194,478.08373983739835
391,617.0,97.01219330881976,0.7216839364233844,0.936267071320182,34.41001120004063,23.819391593463823,1.350642259805986,468.7520259319287,488.65316045380877,0.8238390640549966,0.25136479447212384,0.24287669737405632,0.2183799740717598,0.9758638157675575,488.65316045380877,468.7520259319287
392,686.0,119.29646455628165,0.9446446223714613,0.9062087186261559,52.66381957073192,17.278752607577513,1.0229750892685165,473.14868804664724,1287.463556851312,0.6057296510511085,0.662275492207465,0.24515476064593122,0.5208285413645146,0.8536613090096752,1287.463556851312,473.14868804664724
393,457.0,83.01219330881975,0.8204217710846206,0.9580712788259959,32.0267587062457,18.311580905998035,-0.6621747514296489,472.25382932166303,420.7746170678337,0.8333784895346974,0.21644784828592267,0.24469110327547308,0.7886569876473514,-0.6148334374731139,420.7746170678337,472.25382932166303
394,463.0,78.52691193458118,0.5540437337662066,0.9665970772442589,26.628762687305723,22.168113731665624,-0.3049266089115783,473.5183585313175,1576.4449244060474,0.9435258794010424,0.8109284590566088,0.24534629975715933,0.9538689888418516,-0.3002231705345604,1576.4449244060474,473.5183585313175
395,699.0,102.81118318204308,0.8143673130288163,0.9694868238557559,39.35577675667163,22.840116800338713,-0.5323753866642971,480.83404864091557,443.3376251788269,0.831010144482849,0.22805433393972577,0.24913681276731375,0.8616038003101592,-0.5075814134610244,443.3376251788269,480.83404864091557
396,490.0,83.84062043356596,0.7950925223409645,0.9683794466403162,32.17255845010371,19.51227558320152,-0.4816579947210137,477.7204081632653,364.72244897959183,0.8759856202363606,0.18761442848744436,0.2475235275457333,0.8862280765442277,-0.46324917306425756,364.72244897959183,477.7204081632653
397,546.0,95.49747468305833,0.8561097522909649,0.9397590361445783,37.376296315158804,19.315847616029355,0.7213001451786344,477.92124542124543,519.6904761904761,0.752347932873065,0.2673304918675289,0.24762758830116344,0.7509477981626419,0.6603615709856836,519.6904761904761,477.92124542124543
398,476.0,79.59797974644667,0.31490760780660904,0.9655172413793104,25.44398014910946,24.14944974022935,-0.8325587645753038,475.23319327731093,1598.5021008403362,0.9440885410816521,0.8222747432306257,0.24623481516959114,0.6729853601825054,-0.7396558016942903,1598.5021008403362,475.23319327731093
399,169.0,49.21320343559642,0.7971208046575157,0.9548022598870056,18.93893273506189,11.43570370403627,0.571810806081911,473.0473372781065,1081.0650887573966,0.8768661348408101,0.5561034407188253,0.2451022472943557,0.8409224263963238,0.5411556825754669,1081.0650887573966,473.0473372781065
400,1034.0,137.19595949289334,0.8584253029407322,0.9086115992970123,52.40525866530548,26.88067959870327,0.4827030841621139,488.27852998065765,938.8346228239845,0.6903157149374931,0.48293962079423075,0.2529940569847967,0.8857434558385906,0.4641751075177456,938.8346228239845,488.27852998065765
401,342.0,68.5269119345812,0.678665610220484,0.9661016949152542,24.529881503371232,18.015907794949204,1.0925101430203956,477.4502923976608,1143.7690058479532,0.9151950178914356,0.5883585421028565,0.24738357119049784,0.4602583518341485,0.8877850244101402,1143.7690058479532,477.4502923976608
402,459.0,85.94112549695429,0.7580682543348561,0.9386503067484663,30.435963022606295,19.849580977895677,-0.6967192611078064,482.6666666666667,543.7843137254902,0.7809450484524838,0.27972444121681594,0.25008635578583766,0.7669515774254216,-0.6417049772945956,543.7843137254902,482.6666666666667
403,845.0,106.91168824543142,0.49553478014628,0.9712643678160919,35.20821829165578,30.581439312859406,0.7480676653438953,489.04852071005917,1667.133727810651,0.9290010350358658,0.8575790780918986,0.25339301591194774,0.7330046562206578,0.6802236205534435,1667.133727810651,489.04852071005917
404,676.0,98.91168824543144,0.6813015808407801,0.9615931721194879,34.60856488588829,25.3335677416708,-0.5492586383960899,488.85207100591714,963.7292899408284,0.8682830654616234,0.495745519516887,0.2532912285004752,0.8529117879854068,-0.5220550564026141,963.7292899408284,488.85207100591714
405,298.0,65.698484809835,0.7827393348952314,0.9551282051282052,24.91367915318995,15.505020436992702,-0.7179816465821331,486.5704697986577,1106.0604026845638,0.8675917644026636,0.5689611124920596,0.25210905170914905,0.7531350682096816,-0.6578659202548786,1106.0604026845638,486.5704697986577
406,626.0,104.08326112068522,0.7870796881624632,0.9274074074074075,37.34121470421976,23.033977989203063,0.19405722007716028,497.14536741214056,578.1869009584665,0.7261434348465009,0.2974212453490054,0.2575882732705391,0.9812299127271746,0.19284153694010328,578.1869009584665,497.14536741214056
407,1000.0,137.0538238691624,0.8663106041650193,0.8726003490401396,52.74135572267873,26.344607427970207,-0.29857817554497823,500.821,1473.42,0.6690022060609909,0.7579320987654321,0.25949274611398965,0.9557557011941286,-0.2941615876264604,1473.42,500.821
408,556.0,88.18376618407356,0.4000526813458048,0.9569707401032702,27.990866298272678,25.653409098713656,-0.250039448319346,492.2014388489209,1708.0773381294964,0.8984778392863714,0.8786406060336915,0.2550266522533269,0.968902661286359,-0.24744218102864166,1708.0773381294964,492.2014388489209
409,539.0,85.01219330881976,0.3027492763055257,0.9711711711711711,26.965832827971447,25.70033267069378,1.0635107153637697,493.4935064935065,1257.2541743970316,0.9372084314998924,0.6467356864182262,0.25569611735414843,0.4858064836561022,0.8740663936096007,1257.2541743970316,493.4935064935065
410,521.0,85.84062043356595,0.7228178093117821,0.9666048237476809,31.15537483650443,21.529568139036478,1.1019565522312493,493.1516314779271,1508.3857965451057,0.8885091231077584,0.775918619621968,0.2555189800403767,0.4518515605846321,0.892093138185264,1508.3857965451057,493.1516314779271
411,871.0,112.5685424949238,0.6215531622412193,0.963495575221239,37.80040176231144,29.611775753294307,-0.7971783893253835,499.6107921928817,1435.227324913892,0.8637616799181923,0.7382856609639362,0.2588656954367263,0.698728032856148,-0.7153874028112165,1435.227324913892,499.6107921928817
412,442.0,85.25483399593904,0.8692883152551825,0.9424307036247335,34.18944254789212,16.900025953082324,0.47233619831201723,498.9095022624434,338.00678733031674,0.7641772549761935,0.1738718041822617,0.25850233277846807,0.8905078239726668,0.45496792792840457,338.00678733031674,498.9095022624434
413,107.0,41.38477631085023,0.7802455484467037,0.9067796610169492,15.055544356046092,9.416841434307416,0.889250072301917,490.61682242990656,1130.2803738317757,0.7850772950160696,0.5814199453867159,0.2542056074766355,0.6299945971579479,0.7765995155495494,1130.2803738317757,490.61682242990656
414,464.0,81.59797974644667,0.7387117346251777,0.9626556016597511,29.83947144169894,20.112445093702938,-0.6234240529890973,498.4159482758621,244.92672413793105,0.8757275887858325,0.12599111323967646,0.2582466053242809,0.8118841943644788,-0.5838185119890781,244.92672413793105,498.4159482758621
415,341.0,72.08326112068524,0.837498914730938,0.9715099715099715,28.349848409026208,15.49146248023769,0.8879187528665753,496.7448680351906,1079.7976539589442,0.8246988525930529,0.5554514680858766,0.25738076063999515,0.6310279405763266,0.7757601035191227,1079.7976539589442,496.7448680351906
416,691.0,98.32590180780451,0.38544822016877006,0.9637377963737797,31.087854934226193,28.685679818662344,-1.3131928703420024,503.68885672937773,1640.6107091172214,0.8981565363503311,0.8439355499574184,0.2609786822432009,0.25476382018246146,-0.9670033070915727,1640.6107091172214,503.68885672937773
417,249.0,58.04163056034262,0.6619221107371172,0.9467680608365019,20.62567129146074,15.460438560879496,-1.4606941868431789,499.8875502008032,302.2570281124498,0.9288166714789559,0.1554820103459104,0.2590090933682918,0.10987982289221826,-0.9939448800216111,302.2570281124498,499.8875502008032
418,504.0,92.42640687119284,0.8538045078252466,0.9147005444646098,35.50933651426186,18.485938992864952,-1.3074745729358794,502.91269841269843,1117.188492063492,0.7413926233824504,0.5746854383042654,0.2605765276749733,0.260289237309564,-0.9655306897974841,1117.188492063492,502.91269841269843
419,578.0,88.42640687119285,0.6102776846569227,0.9747048903878583,30.596955683212308,24.238528001962248,1.0115471690810875,505.05709342560556,1565.5899653979238,0.9289102306213675,0.8053446324063395,0.2616876131738889,0.530549893284259,0.8476537092091684,1565.5899653979238,505.05709342560556
420,701.0,102.5685424949238,0.7551037830218664,0.9602739726027397,37.286780406056984,24.44540992932116,0.9047161846977229,512.3266761768901,931.1854493580599,0.8373355182270383,0.47900486078089505,0.26545423636108295,0.6179087545458422,0.7862498146617309,931.1854493580599,512.3266761768901
421,511.0,92.66904755831214,0.8545332565215736,0.9290909090909091,35.8841234159332,18.638094646522042,1.2519473071649476,506.91585127201563,1496.146771037182,0.7477585117685894,0.7696228246076039,0.2626507001409407,0.3134738011626582,0.9495968491863451,1496.146771037182,506.91585127201563
422,738.0,101.49747468305833,0.5724398479220174,0.9647058823529412,34.08266306599374,27.945967724821433,-0.6601542986008613,512.059620596206,1591.540650406504,0.9002347063390052,0.8186937502091071,0.2653158655938891,0.789897619021226,-0.6132387393704006,1591.540650406504,512.059620596206
423,846.0,112.32590180780453,0.6267779591261738,0.9516310461192351,37.75716961868198,29.420307824117536,-1.5638661932254836,517.0212765957447,987.9562647754137,0.8425979516825545,0.5082079551313856,0.2678866718112667,0.006930078097579343,-0.999975986720462,987.9562647754137,517.0212765957447
424,300.0,63.4558441227157,0.6426266519154042,0.9646302250803859,22.38061517000446,17.147567956838326,0.7563778942718017,514.01,527.0066666666667,0.9362414558518771,0.27109396433470506,0.2663264248704663,0.7273265968050256,0.6862914989856859,527.0066666666667,514.01
425,755.0,103.74011537017762,0.5135493057326361,0.9617834394904459,33.6680096587186,28.889175251343534,-1.064557879058102,518.5894039735099,550.98940397351,0.8815833156475379,0.28343076336085904,0.26869917304326935,0.4848909268735921,-0.8745746331992877,550.98940397351,518.5894039735099
426,437.0,80.42640687119285,0.6438440871494726,0.9458874458874459,27.376751655735358,20.947505237848482,-1.5015802537499279,515.9588100686499,1130.8627002288329,0.8489731744641337,0.5817194960024861,0.2673361710200258,0.06916081880812276,-0.9976055238127894,1130.8627002288329,515.9588100686499
427,538.0,94.25483399593904,0.8098771849654475,0.9488536155202821,34.91939321201275,20.483697761266843,1.2587480115578489,515.3550185873606,281.86617100371745,0.7610003805477363,0.1449928863187847,0.26702332569293297,0.30700867449028074,0.9517067162670025,281.86617100371745,515.3550185873606
428,437.0,85.01219330881975,0.879048569985282,0.9479392624728851,34.304533762922105,16.354076609565315,-1.0178326168726508,520.0091533180778,368.6064073226545,0.7598517338876681,0.18961234944580993,0.26943479446532526,0.5252115650868795,-0.8509716868962154,368.6064073226545,520.0091533180778
429,1633.0,162.50966799187808,0.3669634432228628,0.92942515651679,48.208256850286965,44.845025330476,-1.4145716062738454,531.614819350888,1386.4813227189222,0.77702974248584,0.7132105569541781,0.2754480929279212,0.15559002120496446,-0.9878217173667719,1386.4813227189222,531.614819350888
430,94.0,39.79898987322333,0.9196740351119839,0.94,17.639972926847584,6.926911439047201,-1.0900109307005983,516.8404255319149,206.53191489361703,0.745750612282986,0.10624069696173716,0.2677929665968471,0.46247567539432793,-0.8866319696855963,206.53191489361703,516.8404255319149
431,808.0,125.29646455628165,0.912377930393308,0.9223744292237442,51.41462512280816,21.046519622489942,-0.5345459072738168,532.3118811881188,616.7797029702971,0.6467606533938327,0.31727350975838325,0.2758092648643103,0.8605000556805317,-0.5094503451503414,616.7797029702971,532.3118811881188
432,1422.0,170.5096679918781,0.9047429638509332,0.9005699810006333,66.87019535521576,28.483890873873754,-1.5190382162526803,528.1821378340366,1209.642053445851,0.6146267288326621,0.6222438546532155,0.27366950146841273,0.05173500448634228,-0.9986608479913479,1209.642053445851,528.1821378340366
433,798.0,107.49747468305833,0.7078915580820572,0.9672727272727273,38.08910833480997,26.903142129028325,-1.5474963085676263,528.1165413533835,311.328320802005,0.8677931774649462,0.16014831316975567,0.2736355136546028,0.023297910056715398,-0.9997285668555186,311.328320802005,528.1165413533835
434,603.0,102.76955262170046,0.8994695999425448,0.9466248037676609,42.2309821419002,18.454235596035396,1.4608178032306272,523.5688225538972,1693.6401326699834,0.7174609103651455,0.8712140600154236,0.27127918267041307,0.10975695417760278,0.9939584553740944,1693.6401326699834,523.5688225538972
435,231.0,54.8700576850888,0.6564024508371608,0.9665271966527197,19.74126202314547,14.89302346585096,1.3929947893539538,523.8701298701299,1546.9004329004329,0.964164218962457,0.795730675360305,0.27143530045084446,0.17686619899954042,0.9842349047109917,1546.9004329004329,523.8701298701299
436,652.0,100.32590180780453,0.7870919552289672,0.9476744186046512,37.079085666494755,22.87170295753615,1.2111517771730278,530.7684049079754,1430.4693251533743,0.8140129524074798,0.7358381302229291,0.27500953622174895,0.35194154614818823,0.9360219805617935,1430.4693251533743,530.7684049079754
437,736.0,120.8111831820431,0.8822820744587285,0.9064039408866995,46.75390490705808,22.008048906684355,1.29574637040886,532.6807065217391,265.0013586956522,0.6336849649479123,0.1363175713455001,0.27600036607344,0.27159501590195506,0.9624116309237003,265.0013586956522,532.6807065217391
438,499.0,108.46803743153548,0.9266815682896258,0.8344481605351171,43.90925368511303,16.503179003212225,0.5413029027623913,542.4509018036072,1030.4929859719439,0.5329750082920963,0.5300889845534691,0.2810626434215581,0.8570380843455897,0.5152530659600599,1030.4929859719439,542.4509018036072
439,968.0,121.39696961966999,0.7530783036842994,0.96318407960199,43.63117723390949,28.706299683852755,-1.5181961636914323,541.0981404958678,1145.8460743801652,0.8254096268409887,0.5894269929939121,0.28036173082687454,0.05257591097041841,-0.9986169303519897,1145.8460743801652,541.0981404958678
440,321.0,67.94112549695427,0.7185666481312425,0.9497041420118343,24.472803106020066,17.019809208514896,1.1466247929541207,537.2647975077882,1682.7040498442368,0.8738752158236094,0.8655885030062946,0.2783755427501493,0.41156587557031993,0.911380014080864,1682.7040498442368,537.2647975077882
441,639.0,104.91168824543142,0.8840755619481886,0.9287790697674418,42.31216399381977,19.774335355230416,-0.5793646158270715,549.1784037558685,980.169014084507,0.7295632857724885,0.5042021677389439,0.28454839572842927,0.8368106867821443,-0.5474923510764292,980.169014084507,549.1784037558685
442,698.0,103.84062043356595,0.6404485223830906,0.9369127516778524,34.57635362449949,26.554677630573092,-0.7061999220281419,549.1275071633238,1454.352435530086,0.8134497649810897,0.7481236808282336,0.28452202443695535,0.7608334135926255,-0.6489472372704832,1454.352435530086,549.1275071633238
443,685.0,102.56854249492379,0.775614125568474,0.9634317862165963,37.5964186051303,23.731136040891336,-0.8002202351358444,553.3795620437957,584.8394160583941,0.8182237232318421,0.30084332101769246,0.28672516168072315,0.6965487054359524,-0.7175095127979133,584.8394160583941,553.3795620437957
444,581.0,89.25483399593904,0.47732661500399814,0.9619205298013245,29.154286370858912,25.61862811065325,-1.1611463216275566,553.3734939759037,1244.304647160069,0.9164789686729544,0.6400744069753441,0.28672201760409516,0.39828831602796533,-0.9172602778468103,1244.304647160069,553.3734939759037
445,476.0,100.32590180780453,0.8978583233324453,0.85,40.04294694842688,17.630288433817032,0.011726232699814853,561.5651260504202,1566.5357142857142,0.5942793947023932,0.8058311287477954,0.29096638655462187,0.9999312485211437,0.01172596396663661,1566.5357142857142,561.5651260504202
446,327.0,65.698484809835,0.4138231300964089,0.9674556213017751,21.503357762706447,19.5757387531664,-0.5064438280744944,554.2905198776758,1665.2996941896024,0.9520218354351375,0.8566356451592605,0.28719716055838124,0.8744750276924265,-0.48507053707922726,1665.2996941896024,554.2905198776758
447,645.0,98.42640687119285,0.7355235431862088,0.9555555555555556,35.15946447174182,23.82050779143324,-1.2115216255344703,556.0201550387596,1690.4418604651162,0.8366548180063941,0.8695688582639487,0.28809334457966823,0.3515953358896392,-0.9361520815447946,1690.4418604651162,556.0201550387596
448,261.0,63.94112549695428,0.8191092857731326,0.9354838709677419,24.33871493393518,13.961599514810072,-1.499158474906442,551.3716475095786,156.15325670498083,0.8022132269433342,0.08032574933383788,0.2856847914557402,0.07157659358376892,-0.9974351062855888,156.15325670498083,551.3716475095786
449,526.0,93.25483399593904,0.8044411300617277,0.9163763066202091,34.029103860679314,20.21438954922625,-0.4426527330700441,561.8821292775665,1163.3041825095056,0.760068792880053,0.5984075012908979,0.2911306369313816,0.9036185774767564,-0.42833802824274564,1163.3041825095056,561.8821292775665
450,337.0,71.11269837220809,0.721683503599886,0.9546742209631728,25.271680804802948,17.493643062674764,-0.5458800356538814,556.4480712166172,1181.673590504451,0.8374240868708372,0.6078567852389152,0.2883150628065374,0.854670733304062,-0.5191704321641373,1181.673590504451,556.4480712166172
451,303.0,81.18376618407358,0.9252361681344194,0.8991097922848664,33.644754113072516,12.764539179689205,-1.0967363559836516,559.3861386138614,1931.7392739273928,0.5777156108180637,0.9936930421437206,0.28983737752013544,0.4565022841217397,-0.889722240135445,1931.7392739273928,559.3861386138614
452,713.0,101.49747468305833,0.5829753743438318,0.9622132253711201,34.024824007923634,27.64482324480968,-1.2457841071439706,565.7489481065919,1477.5273492286115,0.869738950704215,0.7600449327307672,0.2931341700034155,0.31932036579423767,-0.9476468245021635,1477.5273492286115,565.7489481065919
453,120.0,39.21320343559643,0.7449131809300882,0.967741935483871,15.156708638974283,10.111971173367738,0.8136019042089834,557.0166666666667,1514.8666666666666,0.980678073257209,0.7792524005486968,0.2886096718480138,0.686885152897989,0.7267659779656077,1514.8666666666666,557.0166666666667
454,384.0,77.66904755831213,0.7940404046283973,0.9164677804295943,28.990362097243707,17.6222259219123,-0.5169057405346827,567.40625,1192.0885416666667,0.7999173734682953,0.6132142704046639,0.2939928756476684,0.86935249885516,-0.49419250574476437,1192.0885416666667,567.40625
455,398.0,81.94112549695427,0.8878462065332259,0.9544364508393285,33.42314935160788,15.379338618257941,1.5616035528741492,559.427135678392,1839.6155778894472,0.7448847555977558,0.9463043096139132,0.28985861952248293,0.009192644445528704,0.9999577467513805,1839.6155778894472,559.427135678392
456,202.0,56.420310216782966,0.4809550431794562,0.9140271493212669,17.53004504150866,15.36938385281947,-0.5995809280358659,560.980198019802,1146.7277227722773,0.7974258207023475,0.5898805158293607,0.2906633150361668,0.825572168259851,-0.5642965488063242,1146.7277227722773,560.980198019802
457,705.0,105.63961030678928,0.844066975416746,0.9501347708894878,41.45108731804235,22.227638435653926,1.0312583750509108,572.022695035461,199.51489361702127,0.7938627057936173,0.10263111811575168,0.29638481608054973,0.5137396339857385,0.8579461454381617,199.51489361702127,572.022695035461
458,757.0,100.42640687119285,0.280075008481117,0.9730077120822622,31.708498334922,30.439464598864333,-0.31129783949929823,571.6922060766183,1021.1889035667107,0.9432132534918651,0.5253029339334931,0.29621357827804057,0.9519368507996773,-0.3062943553015513,1021.1889035667107,571.6922060766183
459,728.0,109.74011537017762,0.8307516388914487,0.926208651399491,41.86754534434882,23.305286762292457,0.20186881960235237,580.5178571428571,1061.6758241758241,0.7596445361522385,0.5461295391850947,0.3007864544781643,0.97969358948333,0.2005005504363232,1061.6758241758241,580.5178571428571
460,252.0,62.2842712474619,0.8360674454055854,0.9402985074626866,24.45762481392177,13.418105340192255,-0.20913125349365044,569.5793650793651,1362.6468253968253,0.8163072055490748,0.7009500130642106,0.2951188420100337,0.9782116444411102,-0.207610160348233,1362.6468253968253,569.5793650793651
461,362.0,69.11269837220809,0.3660761798035445,0.9627659574468085,22.2924382251702,20.745006090765955,1.1160159837506165,567.6574585635359,1747.279005524862,0.9523634850031962,0.8988060728008549,0.2941230355251481,0.4392649939227007,0.898357537461611,1747.279005524862,567.6574585635359
462,549.0,98.56854249492379,0.8790928306601113,0.9352640545144804,39.18678936855495,18.6784066893263,-1.0208196420976041,574.5282331511839,264.6630236794171,0.7100771522838608,0.13614353069928864,0.2976830223581264,0.5226673519212963,-0.852536708438751,264.6630236794171,574.5282331511839
463,498.0,89.59797974644665,0.8456556712709546,0.939622641509434,34.862803674275405,18.607284123459493,0.3352831436087412,579.210843373494,634.0963855421687,0.7795478393597552,0.3261812682830086,0.3001092452712404,0.9443171828878557,0.32903656043477,634.0963855421687,579.210843373494
464,250.0,61.79898987322332,0.4578484559469765,0.9541984732824428,19.579456138687675,17.406728851602345,-0.350670526698667,573.032,1936.512,0.8225969971405175,0.9961481481481481,0.29690777202072544,0.9391425795559735,-0.3435276048077534,1936.512,573.032
465,285.0,61.45584412271571,0.7260057812993128,0.976027397260274,23.05216477630919,15.852710837348525,-0.2628423173960327,574.540350877193,951.7649122807018,0.9482620004259535,0.48959100425962027,0.29768930097263885,0.9656553709758792,-0.2598262967935253,951.7649122807018,574.540350877193
466,582.0,99.01219330881975,0.8666236824246655,0.9223454833597464,39.401569068073506,19.659898167004254,-1.4697179564285054,574.5859106529209,1443.0463917525774,0.7460286162935571,0.7423078146875398,0.2977129070740523,0.1009063413978726,-0.994895929364321,1443.0463917525774,574.5859106529209
467,808.0,104.66904755831213,0.6104452771156271,0.9758454106280193,36.11570805708814,28.605751184205957,1.2888718412837294,580.7128712871287,607.5222772277227,0.9267971298963505,0.3125114594792812,0.3008874980762325,0.27820467292752143,0.960521816494186,607.5222772277227,580.7128712871287
468,694.0,103.49747468305833,0.6199064010168791,0.9278074866310161,34.17169176311256,26.8136983276601,-0.3214036507296036,584.2463976945245,1529.121037463977,0.8141601246919088,0.786584895814803,0.30271834077436505,0.9487929415366689,-0.31589864528072165,1529.121037463977,584.2463976945245
469,681.0,107.25483399593905,0.8495045512433933,0.9484679665738162,41.05860020272152,21.661749255047678,0.05992702116947777,586.0469897209986,971.9177679882525,0.7439148460655334,0.4999576995824344,0.3036512900108801,0.9982049133801036,0.05989115881179669,971.9177679882525,586.0469897209986
470,544.0,92.91168824543142,0.5710708030674739,0.9331046312178388,29.477819541974263,24.1983659035841,0.5064641063894467,581.2683823529412,1144.4172794117646,0.791895838649411,0.5886920161583151,0.301175327644011,0.8744651910995057,0.48508826985952264,1144.4172794117646,581.2683823529412
471,615.0,109.15432893255071,0.7068491428980238,0.8951965065502183,34.96317464354197,24.731702453868632,-0.1601002115649453,581.9658536585366,1408.730081300813,0.6486389915454601,0.7246553916156445,0.30153671174017443,0.9872113128917998,-0.15941713740513894,1408.730081300813,581.9658536585366
472,590.0,95.59797974644665,0.8389686650256439,0.959349593495935,37.31530327709524,20.306231681473843,1.4687385092709195,577.7372881355932,1880.0186440677967,0.8112681883343416,0.9670877798702658,0.29934574514797574,0.10188074083161448,0.9947966197407395,1880.0186440677967,577.7372881355932
473,163.0,45.798989873223334,0.7161223774417704,0.9702380952380952,17.273980124409057,12.056801821355107,0.03283670519560659,577.3742331288344,1377.2269938650306,0.9765301792254112,0.70845009972481,0.29915763374551,0.9994609238367638,0.03283080448850823,1377.2269938650306,577.3742331288344
474,769.0,116.46803743153546,0.7925994914276532,0.9209580838323354,41.73518873048811,25.447722759544057,1.1029439765981648,583.1326397919375,1118.4148244473342,0.7123979959768753,0.5753162677198221,0.3021412641409003,0.45097046594640067,0.8925388724554726,1118.4148244473342,583.1326397919375
475,104.0,43.071067811865476,0.9481692192191405,0.9629629629629629,20.410966503561628,6.485908001467715,-0.012987785504521654,583.1538461538462,650.5384615384615,0.70448528405624,0.33463912630579296,0.30215225189318456,0.999915659899413,-0.012987420372089985,650.5384615384615,583.1538461538462
476,651.0,109.49747468305834,0.8984001939319781,0.9407514450867052,43.75983117117297,19.218343967350236,1.3992024664609102,585.8494623655914,181.35944700460828,0.6823114292127791,0.09329189660730879,0.30354894423087636,0.17075301797305142,0.9853138621033882,181.35944700460828,585.8494623655914
477,244.0,57.94112549695428,0.6217922950812386,0.9420849420849421,19.990709843186462,15.656367902445618,-1.1373194371957207,585.1311475409836,135.5983606557377,0.9133260319892079,0.06975224313566754,0.3031767603839294,0.42002864989949584,-0.9075108447085394,135.5983606557377,585.1311475409836
478,834.0,111.15432893255071,0.6813104390182784,0.952054794520548,38.24851197984921,27.99770399882574,1.5541400929396403,594.4196642685852,1175.1786570743404,0.8482486019316656,0.6045157700999694,0.30798946335159855,0.016655463709095975,0.999861288143828,1175.1786570743404,594.4196642685852
479,265.0,61.112698372208094,0.7060718845050504,0.9532374100719424,22.104029740095488,15.652751277074612,-0.9716689938597712,590.2754716981132,1365.8188679245284,0.8916467233762418,0.7025817221833993,0.30584221331508454,0.5639220152767475,-0.8258280454708545,1365.8188679245284,590.2754716981132
480,154.0,47.55634918610404,0.8627057616721234,0.9625,19.787386555771743,10.006604220723107,1.2920723865402737,590.7337662337662,253.46103896103895,0.8556843132312257,0.13038119288119288,0.3060796716237131,0.27512905974017504,0.9614073020767459,253.46103896103895,590.7337662337662
481,539.0,89.32590180780451,0.6665927943913461,0.948943661971831,30.581237029606843,22.795928682027544,0.6265332840602493,601.7940630797774,1108.8756957328385,0.8488751308107433,0.5704093085045465,0.311810395378123,0.8100650462636938,0.5863400215078275,1108.8756957328385,601.7940630797774
482,1170.0,141.4386001800126,0.8876123463027301,0.961380443714051,57.09083156221348,26.29553890530796,-0.8532257696373499,607.0564102564102,1579.4478632478633,0.7349534397277857,0.8124731806830573,0.314537000132855,0.6575562588139074,-0.75340544628683,1579.4478632478633,607.0564102564102
483,433.0,79.01219330881976,0.772507865225252,0.9600886917960089,29.524777473267065,18.748387088091576,0.8051104189519853,599.5127020785219,166.24942263279445,0.8715845539964252,0.08551925032551155,0.3106283430458663,0.6930316374325215,0.7209071712208154,166.24942263279445,599.5127020785219
484,234.0,61.94112549695428,0.5841931589864536,0.924901185770751,19.56901650970422,15.88250064087076,0.25812905165574895,602.6025641025641,1152.0726495726497,0.7664212482516819,0.5926299637719391,0.3122293078251627,0.9668692708885068,0.25527203726912034,1152.0726495726497,602.6025641025641
485,767.0,124.91168824543144,0.9297944732887846,0.9263285024154589,52.6016264449346,19.361560291080846,-0.1533779367383684,619.264667535854,1618.4198174706648,0.6177305382704215,0.8325204822379964,0.32086252203930254,0.9882606451788554,-0.15277727969391414,1618.4198174706648,619.264667535854
486,483.0,111.9827560572969,0.9454448843826552,0.7374045801526717,49.473318688356215,16.117521194171065,0.6531037532797274,612.6314699792961,238.49689440993788,0.48401039718319305,0.12268358765943306,0.3174256321136249,0.7942016178254344,0.6076543345056157,238.49689440993788,612.6314699792961
487,92.0,34.970562748477136,0.6033913988337847,0.9484536082474226,12.447153668078485,9.925922734072971,0.5724477465348109,600.6195652173913,960.6195652173913,0.9453496097333655,0.49414586688137413,0.311201847262897,0.8405775718958566,0.5416911902788029,960.6195652173913,600.6195652173913
488,558.0,88.66904755831214,0.5660293050421166,0.9604130808950087,29.744432277835656,24.520867368295807,-0.7879112402574202,608.483870967742,1133.5286738351253,0.8918667557887773,0.5830908816024307,0.3152766170817316,0.705327536482873,-0.7088815601205898,1133.5286738351253,608.483870967742
489,407.0,78.76955262170047,0.7571073666942945,0.9531615925058547,28.57623173386,18.66857979691287,0.0878606587662379,607.6928746928747,586.6461916461916,0.8243042054082621,0.3017727323282879,0.3148667744522667,0.9961427346237922,0.08774766239754224,586.6461916461916,607.6928746928747
490,553.0,113.15432893255071,0.8437034066141784,0.7723463687150838,40.76087618510022,21.880830210648412,0.5911636552301514,609.5967450271248,1448.3960216998191,0.5427410226177585,0.7450596819443515,0.3158532357653496,0.8302927042464876,0.5573275744793672,1448.3960216998191,609.5967450271248
491,441.0,79.35533905932738,0.3390639157993962,0.9382978723404255,24.633184717736707,23.17399711830611,1.2063078235071827,607.3356009070295,1076.2879818594104,0.88002731091132,0.5536460812034004,0.31468165850105156,0.35647144657091956,0.9343062173504124,1076.2879818594104,607.3356009070295
492,894.0,118.49747468305831,0.678741122057016,0.9430379746835443,39.579828050121186,29.066539936174433,0.47386891953255245,616.2102908277404,566.2293064876958,0.8000722225748881,0.2912702193866748,0.3192799434340624,0.8898094392423281,0.4563322932198131,566.2293064876958,616.2102908277404
493,418.0,79.59797974644665,0.7997037625780581,0.9393258426966292,30.163026868356333,18.10972388747399,1.0119093496988054,607.5406698564593,627.9880382775119,0.829052542378426,0.32303911434028393,0.31478791184272503,0.530242854749571,0.847845808497645,627.9880382775119,607.5406698564593
494,877.0,121.84062043356595,0.8471254887470443,0.933972310969116,46.702714304518715,24.81749044695767,-0.08602690882996096,622.3705815279361,603.4777651083239,0.7423782742083957,0.31043094912979624,0.322471803900485,0.9963019669702934,-0.08592083921333825,603.4777651083239,622.3705815279361
495,472.0,94.66904755831213,0.6791697117600676,0.8676470588235294,30.99260454397355,22.747991199814393,-1.0381849732890782,611.0296610169491,1003.978813559322,0.6618138431266163,0.5164500069749599,0.3165956792833933,0.5077847092553842,-0.8614840039411208,1003.978813559322,611.0296610169491
496,189.0,49.21320343559643,0.6348271247163703,0.9692307692307692,17.727779543838313,13.69744342385738,-0.35747508951025914,607.5185185185185,247.4021164021164,0.9806372750586573,0.12726446316981296,0.3147764344655536,0.9367833003892322,-0.349910057174494,247.4021164021164,607.5185185185185
497,551.0,88.42640687119285,0.7158496111984892,0.9582608695652174,31.74768693755544,22.167964981766655,0.15250920607618035,617.4827586206897,1476.978221415608,0.8855182302290198,0.75976245957593,0.3199392531713418,0.9883929945528631,0.15191868982723625,1476.978221415608,617.4827586206897
498,194.0,54.04163056034261,0.795225492120524,0.9238095238095239,20.355345430376772,12.341726714175403,-0.585086743331104,611.9742268041238,74.65463917525773,0.8347466898009754,0.03840259216834245,0.3170850916083543,0.8336641831366469,-0.5522716992161624,74.65463917525773,611.9742268041238
499,159.0,45.79898987322332,0.6791439460553123,0.9352941176470588,16.630982509146687,12.207226135048707,-0.33511897395804097,610.874213836478,263.0125786163522,0.952566248446874,0.13529453632528404,0.3165151367028384,0.9443711879793427,-0.32888152777935836,263.0125786163522,610.874213836478
500,409.0,84.32590180780451,0.8841110859475089,0.9295454545454546,33.90103021594369,15.841164186389284,0.6894249660927018,619.6332518337408,225.2200488997555,0.7227884155135734,0.1158539346192158,0.3210534983594512,0.7716119179283276,0.6360935843969564,225.2200488997555,619.6332518337408
501,109.0,39.21320343559643,0.8501011368239388,0.956140350877193,16.23662262885497,8.550521464462859,-0.6534928386135352,611.5963302752293,1533.7614678899083,0.8907825832086316,0.7889719485030393,0.3168892902980463,0.7939651283257618,-0.6079633007037979,1533.7614678899083,611.5963302752293
502,219.0,54.8700576850888,0.6959416328791556,0.9439655172413793,19.75213148558379,14.183973074891721,0.8431351560033702,614.351598173516,1060.0182648401826,0.9140777660293423,0.5452768852058553,0.31831689024534504,0.6651249770066856,0.7467320570069669,1060.0182648401826,614.351598173516
503,524.0,84.76955262170047,0.690143175722428,0.9794392523364486,30.646415131885167,22.177978648037325,0.05438026545559882,624.4484732824427,20.15267175572519,0.9163499673824458,0.010366600697389502,0.323548431752561,0.99852175770817,0.05435346707788381,20.15267175572519,624.4484732824427
504,531.0,91.01219330881976,0.7697384387744458,0.9499105545617174,33.017143715778126,21.07680437032944,-0.639848104527038,627.0621468926554,1594.3935969868173,0.8055735976164503,0.8201613153224369,0.3249026667837593,0.8021864599148895,-0.5970735997590392,1594.3935969868173,627.0621468926554
505,155.0,50.2842712474619,0.8786899552489046,0.9226190476190477,20.688586813007504,9.876584056309083,0.6943722649953155,623.7161290322581,196.5741935483871,0.7703307624034407,0.10111841231912916,0.32316897877319073,0.7684555427963012,0.639903179196386,196.5741935483871,623.7161290322581
506,418.0,88.76955262170047,0.9082128089724235,0.8818565400843882,36.79890622882679,15.400660720896571,-1.2699765082030634,629.2224880382776,1072.5502392344497,0.6665889091751673,0.5517233740917951,0.32602201452760493,0.29630330987891657,-0.9550938951510468,1072.5502392344497,629.2224880382776
507,554.0,90.42640687119285,0.6279126052566589,0.9405772495755518,30.314721538605824,23.593458365807574,1.033508774157258,633.6480144404333,990.7039711191336,0.851391049284688,0.5096213843205419,0.3283150333888255,0.511807613512101,0.8591000912297984,990.7039711191336,633.6480144404333
508,668.0,100.42640687119285,0.7886831708395876,0.963924963924964,37.46906017586043,23.035972590215888,0.09215857338120902,636.2754491017964,1417.1302395209582,0.8323202818131651,0.7289764606589291,0.32967639849834013,0.995756403429193,0.09202817519519843,1417.1302395209582,636.2754491017964
509,75.0,31.31370849898476,0.8011310247237756,0.9493670886075949,12.65754057205954,7.5753987793822875,0.7853981633974483,625.2,73.8,0.9611742304473953,0.03796296296296296,0.3239378238341969,0.7071067811865476,0.7071067811865476,73.8,625.2
510,130.0,47.55634918610404,0.8937678770899588,0.9285714285714286,19.480054898574227,8.737385136203892,1.3598851614586263,628.1461538461539,111.88461538461539,0.7223309137666191,0.05755381449825894,0.3254643284176963,0.2093509610560689,0.9778405673241933,111.88461538461539,628.1461538461539
511,500.0,95.25483399593905,0.8798546743810368,0.8944543828264758,38.085098284682466,18.099670070089022,1.3702458404097924,634.064,651.434,0.6924777431632042,0.33509979423868314,0.3285305699481865,0.19920881397350454,0.9799570645876633,651.434,634.064
512,723.0,99.74011537017762,0.5365607936265124,0.9678714859437751,33.06204784470235,27.89979484217973,0.8269056720065956,641.5159059474412,1382.0193637621023,0.9132894247408818,0.7109153105772131,0.3323916611126638,0.6771559272064124,0.7358395546919342,1382.0193637621023,641.5159059474412
513,358.0,78.42640687119285,0.8468311379360206,0.895,30.414613738618893,16.176372625310083,1.033267568138449,638.2932960893854,1123.6564245810057,0.7314223963043351,0.5780125640848794,0.33072191507222043,0.5120148187342841,0.858976615162775,1123.6564245810057,638.2932960893854
514,199.0,50.8700576850888,0.603108878750683,0.961352657004831,17.837990585794902,14.22863149740019,-1.2166028394764035,634.0954773869347,1550.9095477386934,0.966358965484181,0.7977929772318382,0.3285468794750957,0.34683402848648515,-0.9379265198744707,1550.9095477386934,634.0954773869347
515,493.0,92.18376618407358,0.7001965089400526,0.8850987432675045,30.727683939249776,21.938035250144672,1.0696788558301964,638.237322515213,1674.002028397566,0.7290341773255282,0.8611121545254968,0.33069291322031763,0.48040591209292394,0.8770462699459851,1674.002028397566,638.237322515213
516,404.0,81.59797974644667,0.8555289006897636,0.9439252336448598,31.835833435076243,16.483163786655663,1.4431760500428963,636.759900990099,185.91336633663366,0.7624869523049058,0.09563444770402967,0.32992740983942953,0.12727413489226835,0.9918675791593476,185.91336633663366,636.759900990099
517,132.0,42.384776310850235,0.5208776294567845,0.9361702127659575,14.22654844889703,12.144227870172823,0.21587686143619916,635.4848484848485,1433.3939393939395,0.9233450053013957,0.7373425614166356,0.3292667608729785,0.9767889425067453,0.21420401909524076,1433.3939393939395,635.4848484848485
518,416.0,77.59797974644665,0.6753120941393289,0.9433106575963719,27.052430497121808,19.95203545244031,1.4580298798713938,640.9158653846154,64.52163461538461,0.8681651841739872,0.03319014126305793,0.3320807592666401,0.11252760404013724,0.9936485990172713,64.52163461538461,640.9158653846154
519,612.0,95.25483399593904,0.5139330723319221,0.9473684210526315,30.751686600918067,26.37972806855455,-0.9813668777586708,645.2058823529412,1469.704248366013,0.8475927576317623,0.756020703891982,0.3343035659859799,0.5558868383775508,-0.8312579761533785,1469.704248366013,645.2058823529412
520,18.0,16.0,1.0,1.0,20.752509888364507,0.0,1.5707963267948966,634.0,567.5,0.8835729338221293,0.2919238683127572,0.32849740932642485,6.123233995736766e-17,1.0,567.5,634.0
521,142.0,52.970562748477136,0.871920636217138,0.8606060606060606,20.441754643935734,10.009248418594789,1.531250325103544,639.056338028169,569.0774647887324,0.635958878455969,0.2927353213933809,0.33111727358972487,0.03953569492260314,0.9992181587756434,569.0774647887324,639.056338028169
522,1134.0,149.19595949289334,0.8960016062026664,0.8676358071920428,59.2521398628331,26.310960688354218,0.37902015511253717,662.4426807760141,1572.5396825396826,0.6401898658365522,0.8089195897837874,0.34323454962487776,0.929027634240396,0.3700103442036357,1572.5396825396826,662.4426807760141
523,547.0,89.84062043356595,0.7804543818478511,0.961335676625659,33.53272174217957,20.965084507451834,-1.4617998122279865,647.7806215722121,105.29981718464352,0.8516314779099515,0.05416657262584543,0.33563762775762285,0.10878082526670448,-0.9940657584155561,105.29981718464352,647.7806215722121
524,651.0,94.18376618407356,0.45484530271076956,0.9673105497771174,30.632534000118856,27.28043000513062,0.514886341822999,650.5376344086021,1085.9877112135177,0.9222289408697816,0.5586356539164186,0.33706613181792855,0.8703486972896963,0.4924359299707207,1085.9877112135177,650.5376344086021
525,404.0,72.76955262170047,0.3944892834192012,0.9665071770334929,23.675274738852355,21.75522277896048,-0.9522015473692992,651.8366336633663,40.03712871287129,0.9587200704306071,0.020595230819378234,0.3377391884266147,0.57989090849238,-0.8146941353955374,40.03712871287129,651.8366336633663
526,707.0,108.81118318204308,0.8105638559245547,0.9110824742268041,40.38491576964789,23.651436711250213,-1.4309135294131097,655.5176803394626,1260.981612446959,0.7503816624571378,0.6486530928225097,0.33964646649713087,0.13942705777873585,-0.9902323442299615,1260.981612446959,655.5176803394626
527,808.0,112.9116882454314,0.7847759271218161,0.9417249417249417,41.366418761537155,25.63806219426666,0.38308129243093525,660.3044554455446,243.98019801980197,0.796422320102506,0.1255042170883755,0.3421266608526138,0.9275173144140584,0.37378019137205853,243.98019801980197,660.3044554455446
528,716.0,110.08326112068522,0.8112638036610305,0.9347258485639687,40.0171286469101,23.397226360168304,0.3548713373129181,660.9986033519554,1592.88687150838,0.7424723978753284,0.8193862507759156,0.34248632298028775,0.9376912029686801,0.34746972224231215,1592.88687150838,660.9986033519554
529,170.0,48.79898987322333,0.366032824724412,0.9340659340659341,15.428501895001972,14.35779379886514,0.48904490639531156,650.6117647058824,571.7352941176471,0.8970922829862091,0.29410251755023,0.33710454129838463,0.8827819478841167,0.46978296317546964,571.7352941176471,650.6117647058824
530,789.0,109.7401153701776,0.21878462980269917,0.94377990430622,32.71305079538882,31.920517383445933,1.0007486949900641,660.3181242078581,1054.359949302915,0.8232960700880719,0.5423662290652855,0.34213374311287986,0.5396721493847357,0.8418752705588041,1054.359949302915,660.3181242078581
531,505.0,84.76955262170047,0.6755714737660062,0.9528301886792453,29.736548916967905,21.924594048210043,-0.6203114801715793,657.4257425742575,647.6693069306931,0.8831235372674333,0.3331632237297804,0.34063509977940803,0.8136974362527608,-0.5812886393485462,647.6693069306931,657.4257425742575
532,278.0,65.4558441227157,0.8614709498354488,0.9488054607508533,26.50247877057654,13.458140409968287,-1.356263693699962,655.4892086330935,69.69064748201438,0.8153757745809909,0.03584909849897859,0.33963171431766503,0.21289079858278934,-0.977075999029135,69.69064748201438,655.4892086330935
533,456.0,96.42640687119284,0.9173463895587964,0.8685714285714285,39.74050006889214,15.820293349600954,1.3649692668671565,658.6030701754386,1162.407894736842,0.6162866195884541,0.5979464479098981,0.34124511408053815,0.2043768322967462,0.9788922874455328,1162.407894736842,658.6030701754386
534,362.0,72.76955262170047,0.7208562178968442,0.9427083333333334,26.214281708151002,18.16871590439838,-0.6346431856054752,662.7154696132596,673.3950276243094,0.8590511522175241,0.34639661914830727,0.34337589099132626,0.8052832994951425,-0.5928902154313365,673.3950276243094,662.7154696132596
535,54.0,24.48528137423857,0.502992116011846,0.9818181818181818,8.92911663156218,7.717355135113879,0.8474407033543586,654.6111111111111,1440.7037037037037,1.1318618593521355,0.7411027282426459,0.3391767415083477,0.6619037317633946,0.7495888538910462,1440.7037037037037,654.6111111111111
536,571.0,91.25483399593904,0.5021333416576204,0.9422442244224423,29.184408052198506,25.238390366227527,1.1917401717311615,665.3730297723292,561.5131348511384,0.8616565892049245,0.28884420517033865,0.34475286516701,0.3700437889133566,0.9290143132840566,561.5131348511384,665.3730297723292
537,331.0,68.2842712474619,0.2726741223609445,0.9457142857142857,21.11579542585487,20.315642996540475,0.7424037419312223,665.7915407854985,1389.4441087613293,0.8920649997691311,0.7147346238484205,0.3449697102515536,0.7368456127380194,0.676061049749749,1389.4441087613293,665.7915407854985
538,326.0,67.11269837220809,0.30974733791827214,0.9421965317919075,21.122217950359886,20.08340410438035,0.6361227097289552,667.6840490797546,1348.920245398773,0.909532166163272,0.6938890151228256,0.34595028449728216,0.8044052230598242,0.5940810021487595,1348.920245398773,667.6840490797546
539,426.0,95.01219330881976,0.9022963750984725,0.8658536585365854,37.832050928624845,16.310013263089626,0.051874991251903375,682.7676056338029,538.5305164319249,0.5930083051750563,0.27702187059255395,0.3537655987739911,0.9986547943459186,0.0518517283213479,538.5305164319249,682.7676056338029
540,969.0,129.88225099390857,0.8929266304969659,0.9453658536585365,52.77943509525497,23.761418478384265,-1.0583624923053252,678.7533539731683,1185.9349845201239,0.721828503573395,0.610048860349858,0.35168567563376596,0.49029991459861894,-0.871553781326538,1185.9349845201239,678.7533539731683
541,1001.0,135.88225099390857,0.8886244298182998,0.9225806451612903,54.78831760866372,25.127873465533096,0.36553353627756874,685.8521478521478,923.1868131868132,0.68126876249177,0.47489033600144714,0.35536380717727867,0.9339331828215726,0.35744763256282325,923.1868131868132,685.8521478521478
542,446.0,80.52691193458118,0.7610270113829827,0.9695652173913043,29.909948909995414,19.403187809675874,0.06952350206283592,676.4865470852018,1276.8116591928251,0.8642962581156901,0.6567961209839636,0.3505111642928507,0.9975842146273772,0.06946750842141192,1276.8116591928251,676.4865470852018
543,693.0,114.08326112068522,0.886462867293479,0.9215425531914894,44.61231043063919,20.646564972393254,-1.3703743666405084,674.5411255411256,137.43434343434345,0.6691126556879967,0.07069667872137009,0.34950317385550544,0.1990828621407119,-0.9799826600516268,137.43434343434345,674.5411255411256
544,396.0,73.35533905932736,0.23439013847553059,0.9611650485436893,22.871203329647393,22.23407140233298,0.6574959155671275,675.4267676767677,75.48484848484848,0.9247867364143715,0.03882965457039531,0.3499620557910713,0.7915250494597327,0.6111367245369629,75.48484848484848,675.4267676767677
545,181.0,53.62741699796952,0.732930033918701,0.8341013824884793,18.923072413389114,12.873442313574236,0.5097088942571035,672.6574585635359,111.86740331491713,0.7908874428068228,0.05754496055294091,0.34852718060286836,0.8728865818645642,0.4879231652635457,111.86740331491713,672.6574585635359
546,403.0,75.59797974644667,0.7539859428478265,0.9572446555819477,28.071299217921645,18.43977125316871,0.6899782714613172,678.2431761786601,1303.6302729528536,0.8861240641880564,0.6705917041938547,0.3514213348075959,0.7712598458378286,0.6365204240228345,1303.6302729528536,678.2431761786601
547,102.0,40.384776310850235,0.8966260541067319,0.9026548672566371,17.48608567562914,7.742638898346358,1.20699197446036,671.1176470588235,1418.8235294117646,0.7859133615445494,0.7298474945533768,0.3477293508076806,0.3558321567061647,0.9345498789544833,1418.8235294117646,671.1176470588235
548,471.0,84.18376618407356,0.6734628861057319,0.9271653543307087,29.322652586821008,21.675921642800336,0.2834890084985283,682.2696390658174,584.9384288747347,0.8351684290747314,0.30089425353638616,0.3535075850081955,0.9600853835159262,0.27970709029103463,584.9384288747347,682.2696390658174
549,256.0,67.84062043356595,0.8252189670756643,0.8737201365187713,25.610708145286885,14.465259344592166,0.4938039827806603,680.1875,688.33984375,0.698988784096491,0.3540842817644033,0.3524287564766839,0.8805362263566957,0.47397885403624274,688.33984375,680.1875
550,330.0,73.94112549695429,0.8186991082591767,0.9322033898305084,27.4073109767579,15.737901563136715,0.5009327721296923,680.4515151515152,953.7969696969697,0.7584931972848725,0.4906363012844494,0.3525655518919768,0.8771349853981462,0.48024391447533604,953.7969696969697,680.4515151515152
551,723.0,113.7401153701776,0.7924337914170329,0.8948019801980198,40.71486625365158,24.8343558690674,-0.03667798180634471,695.1659751037345,1350.2309820193639,0.7022970310498499,0.6945632623556398,0.36018962440608004,0.9993274382287202,-0.036669758701462246,1350.2309820193639,695.1659751037345
552,1002.0,133.53910524340094,0.8960990089950696,0.947069943289225,54.6080522823924,24.238014295654704,-0.5202375773739802,703.1337325349301,1199.0429141716568,0.7060909766909965,0.6167916225162844,0.36431799613208815,0.8677011077092659,-0.4970862980208898,1199.0429141716568,703.1337325349301
553,701.0,112.66904755831213,0.8946802719229922,0.9511533242876526,45.638852731336264,20.387198418999773,0.19679203868221412,698.4194008559201,35.52781740370899,0.6939347496810023,0.018275626236475818,0.3618753372310467,0.9806988573403433,0.19552429826327206,35.52781740370899,698.4194008559201
554,757.0,104.66904755831214,0.6238723473592206,0.9742599742599742,35.647474143943406,27.859437126342012,1.3327990386521305,693.4359313077939,156.63540290620872,0.8682987962023976,0.0805737669270621,0.359293228656888,0.23575684095271063,0.9718120764551129,156.63540290620872,693.4359313077939
555,557.0,86.42640687119285,0.5261201363961849,0.9703832752613241,29.01586912315981,24.675392664667108,0.8338318039876437,695.4308797127469,620.439856373429,0.9370702356991826,0.3191563047188421,0.36032688068017976,0.6720432041198783,0.7405119389964538,620.439856373429,695.4308797127469
556,681.0,106.9116882454314,0.8059482528172065,0.934156378600823,38.62668580871883,22.86645688537086,0.8128213167635999,699.9867841409691,949.5139500734215,0.7486978755732838,0.4884331018896201,0.3626874529227819,0.6874522479732023,0.726229582677951,949.5139500734215,699.9867841409691
557,587.0,89.25483399593904,0.41853412251788163,0.9638752052545156,28.80774375258519,26.163223775543862,0.1372208665404736,697.2197614991483,1018.9403747870529,0.9259434674888541,0.5241462833266732,0.36125376243479185,0.9905999806472292,0.1367906368934259,1018.9403747870529,697.2197614991483
558,431.0,93.39696961966999,0.9378249323692779,0.9112050739957717,40.77183543401695,14.15225565853715,0.6753930544143162,697.6728538283063,1256.7262180974478,0.6208998625566845,0.6464641039595925,0.3614885252996406,0.7804612721835374,0.6252041287624821,1256.7262180974478,697.6728538283063
559,580.0,87.84062043356595,0.5713573949429172,0.9764309764309764,30.035537838891855,24.65020684307254,0.5832567387206623,698.698275862069,1383.5172413793102,0.9445981014598251,0.7116858237547892,0.36201983205288546,0.8346734463926908,0.550745166013237,1383.5172413793102,698.698275862069
560,171.0,56.8700576850888,0.9297390638391904,0.9,24.765283328056892,9.119049247617253,1.1167048331333314,690.7134502923976,1470.8070175438597,0.6644137887110613,0.7565879719875822,0.35788261673181226,0.4386460567179292,0.8986599117162238,1470.8070175438597,690.7134502923976
561,537.0,91.32590180780453,0.523272665534447,0.9339130434782609,28.721449454890156,24.475422911019532,-1.2172903327447362,699.4804469273743,902.6517690875232,0.8090888401308926,0.4643270417116889,0.36242510203490896,0.3461891284036486,-0.9381647442614341,902.6517690875232,699.4804469273743
562,234.0,58.284271247461895,0.6815561262259565,0.9629629629629629,20.685025292182377,15.13659493963229,0.3304720054470957,696.1025641025641,1109.8675213675215,0.8656114252602034,0.570919506876297,0.36067490368008503,0.9458892880755914,0.32448952942098286,1109.8675213675215,696.1025641025641
563,255.0,59.941125496954285,0.8297629099462063,0.9659090909090909,24.143733500160565,13.47500491402256,0.7542914800946594,700.8588235294118,1131.9450980392157,0.8918673346661206,0.5822762849995966,0.36313928680280405,0.7287569010083962,0.6847725018081835,1131.9450980392157,700.8588235294118
564,508.0,98.32590180780453,0.8810730901435874,0.8758620689655172,38.50204152889112,18.2107008701258,-0.05907785394003823,712.6771653543307,200.4724409448819,0.6602945303414879,0.10312368361362237,0.3692627799763371,0.9982554110881224,-0.059043494419652856,200.4724409448819,712.6771653543307
565,1224.0,145.43860018001263,0.6133505154592456,0.9039881831610044,46.28067260863878,36.552976387407355,0.5953851996668961,718.2246732026143,986.1266339869281,0.72716322994857,0.5072667870303128,0.3721371363744116,0.8279325296195715,0.5608277154329459,986.1266339869281,718.2246732026143
566,176.0,54.17766952966369,0.8814543198305828,0.9723756906077348,22.396064902775045,10.576973665090131,-0.063383928675517,707.7102272727273,1939.215909090909,0.7534976328224132,0.99753904788627,0.36668923692887423,0.9979919112230373,-0.06334149614106967,1939.215909090909,707.7102272727273
567,631.0,96.32590180780451,0.8040840580853653,0.9663093415007658,37.01460422178274,22.005760537010797,0.7685047217271845,713.4152139461173,1314.662440570523,0.8545806521372287,0.6762666875362772,0.3696451885731178,0.7189507825476251,0.6950609845719707,1314.662440570523,713.4152139461173
568,586.0,104.5685424949238,0.9067660692946078,0.9421221864951769,42.98811694908276,18.125255046886007,0.43573439258051194,718.9641638225256,242.84641638225256,0.673450020619599,0.12492099608140564,0.3725202921360236,0.9065603171028258,0.42207628629718585,242.84641638225256,718.9641638225256
569,564.0,87.49747468305833,0.6137519765877283,0.9707401032702238,30.256541685906686,23.88750634306083,-1.2640885094276413,712.3492907801418,570.6843971631206,0.9257589736082666,0.2935619326970785,0.3690928967772755,0.3019217328852335,-0.9533327159033081,570.6843971631206,712.3492907801418
570,486.0,84.42640687119284,0.7263892277303386,0.9529411764705882,30.4059170096329,20.89748684300633,-0.9013837649768124,713.7530864197531,681.164609053498,0.8568198524102394,0.3503933174143508,0.36982025203096014,0.6205254331426482,-0.7841863214970846,681.164609053498,713.7530864197531
571,360.0,72.18376618407358,0.5252584500968683,0.9549071618037135,23.678609646288788,20.149141164405105,-1.429271633056865,713.5083333333333,918.175,0.8682270044728418,0.4723122427983539,0.36969343696027634,0.14105272799072052,-0.9900020848091058,918.175,713.5083333333333
572,375.0,82.91168824543142,0.7918875047295146,0.8907363420427553,29.146275778726075,17.798668670792996,1.2084775817866618,711.392,1458.6933333333334,0.6855034030399625,0.7503566529492456,0.36859689119170985,0.3544433904039975,0.9350774743297581,1458.6933333333334,711.392
573,562.0,93.59797974644665,0.7427676685563306,0.9320066334991708,33.53376287111416,22.45250558900738,0.009480582771944053,717.4163701067615,1229.0017793594307,0.8061451209894914,0.6322025613988841,0.3717183264801873,0.9999550596117626,0.009480440751161723,1229.0017793594307,717.4163701067615
574,258.0,59.11269837220809,0.6204591074851806,0.9520295202952029,20.580767702685044,16.140236572967122,0.9970251547905951,713.4341085271318,1423.3333333333333,0.927829124973809,0.7321673525377229,0.3696549785114673,0.5428031573480051,0.839859948070532,1423.3333333333333,713.4341085271318
575,599.0,92.08326112068524,0.6702349977758979,0.9630225080385852,32.30250586410581,23.973270456209637,-0.0286069612739193,724.7078464106845,220.2186978297162,0.8877185674028493,0.11328122316343427,0.3754962934770386,0.9995908487871666,-0.028603059643187805,220.2186978297162,724.7078464106845
576,267.0,61.35533905932737,0.7656940380166649,0.9501779359430605,23.135318915853873,14.880752229942138,-0.6265744845126088,721.3333333333334,182.36329588014982,0.8912846038261183,0.09380827977373962,0.3737478411053541,0.8100408881020446,-0.5863733960565153,182.36329588014982,721.3333333333334
577,279.0,89.74011537017762,0.9457778800793837,0.7063291139240506,38.485893502410256,12.500760978796107,-1.097080080124928,720.0035842293906,1475.8279569892472,0.4353522769711227,0.7591707597681313,0.37305885193232674,0.4561964381477722,-0.8898790984292675,1475.8279569892472,720.0035842293906
578,73.0,30.31370849898476,0.582900462599621,0.9358974358974359,10.837845761226747,8.806221869615982,0.5506472676472772,716.2602739726027,902.4109589041096,0.9982850884403386,0.46420316816055024,0.3711193129391724,0.8521860249653245,0.5232389309424514,902.4109589041096,716.2602739726027
579,104.0,37.798989873223334,0.8207814765831735,0.9629629629629629,15.256968326316114,8.71542570965055,0.7669802785661199,718.6923076923077,53.38461538461539,0.9147087114199294,0.027461221905666352,0.37237943403746515,0.7200095277072923,0.6939641777575568,53.38461538461539,718.6923076923077
580,465.0,83.59797974644667,0.822989924567622,0.950920245398773,32.48145831838363,18.451286283689505,-1.3645228952256283,723.2602150537634,1285.4494623655914,0.8361250835519788,0.6612394353732466,0.37474622541645775,0.20481376167866167,-0.9788009619054511,1285.4494623655914,723.2602150537634
581,688.0,96.66904755831214,0.613540755146812,0.9717514124293786,33.381110827644925,26.35982998381546,-0.3015940517895864,730.3880813953489,1560.5799418604652,0.9251740075022403,0.802767459804766,0.3784394204120979,0.954864201055537,-0.29704268639805104,1560.5799418604652,730.3880813953489
582,158.0,52.62741699796952,0.9145355836143482,0.9239766081871345,22.570894199222206,9.130049916488774,0.3851081686241966,727.993670886076,1378.860759493671,0.716874019168018,0.7092905141428348,0.3771987932052207,0.9267578035361576,0.3756593850615699,1378.860759493671,727.993670886076
583,695.0,98.66904755831214,0.6979790453637642,0.9747545582047685,35.22906082472349,25.228171031759615,-0.8556875385694711,730.863309352518,1438.4086330935252,0.8970833507896752,0.739922136364982,0.378685652514258,0.6556995580711444,-0.7550219132881548,1438.4086330935252,730.863309352518
584,100.0,34.970562748477136,0.635074701103338,0.9615384615384616,12.841423565886776,9.919366955682591,-1.258669222984223,725.72,588.84,1.0275539236232234,0.30290123456790125,0.37602072538860104,0.30708365715198854,-0.9516825245375476,588.84,725.72
585,1140.0,135.77564927611036,0.5606219681644958,0.9413707679603633,42.25066477673532,34.98658665687915,-0.48529318250827547,743.9035087719299,951.3166666666667,0.7770893175166879,0.4893604252400549,0.385442232524316,0.8845382269527321,-0.4664677106288463,951.3166666666667,743.9035087719299
586,657.0,123.74011537017762,0.8838624205651312,0.7887154861944778,46.55610826408424,21.776478255448446,0.05989209019874157,749.5920852359209,1544.2511415525114,0.5392053596282191,0.7943678711689873,0.38838968146938907,0.9982070048274277,0.059856290508646985,1544.2511415525114,749.5920852359209
587,585.0,87.84062043356596,0.4575705593323181,0.9733777038269551,28.995715582668947,25.782216531159428,-0.7678079781663144,735.6102564102564,30.37264957264957,0.9527411885413751,0.015623790932432907,0.3811452105752624,0.7194348872659623,-0.6945598915749542,30.37264957264957,735.6102564102564
588,327.0,69.35533905932738,0.7596063591836099,0.9505813953488372,25.370091684247743,16.50027892217757,0.7952260648212881,731.9174311926605,278.34556574923545,0.8542752382875106,0.1431818753854092,0.3792318296335028,0.7001233687000079,0.7140218964430662,278.34556574923545,731.9174311926605
589,693.0,102.11879502661797,0.6565188353551151,0.948016415868673,34.435459203534805,25.974998511543568,1.4035284871710032,734.8773448773449,1481.0721500721502,0.8350870239329916,0.7618683899548098,0.3807654636670181,0.16648894532230255,0.9860433210997717,1481.0721500721502,734.8773448773449
590,651.0,107.9827560572969,0.882411625935962,0.9434782608695652,42.33156014673715,19.916075579404126,0.40068320818229464,741.3932411674347,919.6298003072196,0.7015878137501261,0.4730605968658537,0.3841415757344221,0.9207947252623951,0.39004752778212853,919.6298003072196,741.3932411674347
591,632.0,92.91168824543144,0.4620640815213453,0.9663608562691132,30.168612880888475,26.754929933990653,-0.7436723778590698,738.632911392405,1303.5886075949368,0.9199966360779921,0.6705702713965724,0.3827113530530596,0.735987344677691,-0.6769952942777975,1303.5886075949368,738.632911392405
592,231.0,62.384776310850235,0.9129068190736429,0.9545454545454546,26.902701308980532,10.98082256117785,-0.05501010124953973,737.069264069264,718.6926406926407,0.7458725074135447,0.3696978604386012,0.3819011730928829,0.9984873258979902,-0.054982360999513785,718.6926406926407,737.069264069264
593,276.0,66.2842712474619,0.8657180803651386,0.9387755102040817,26.599301356162186,13.31379944196358,0.07195667413956057,739.8586956521739,264.5108695652174,0.789401549214142,0.1360652621220254,0.3833464744311782,0.9974122353818268,0.07189459444650409,264.5108695652174,739.8586956521739
594,111.0,38.38477631085024,0.8163345730610883,0.9568965517241379,15.630261448320828,9.027715696658658,-1.222045409684119,732.6486486486486,117.13513513513513,0.9467053134940504,0.06025469914358803,0.37961069878168324,0.34172418588241676,-0.9398002877117029,117.13513513513513,732.6486486486486
595,382.0,72.8700576850888,0.6229810607974844,0.9670886075949368,25.239941493364846,19.743614076625168,-1.5346946719331096,740.0392670157069,676.9947643979058,0.9040136754260164,0.34824833559563056,0.3834400347231642,0.036093813314278154,-0.999348406032868,676.9947643979058,740.0392670157069
596,564.0,93.59797974644665,0.7239636445426941,0.9431438127090301,33.06962162972515,22.812685843673027,1.1433594186989169,744.1471631205674,586.1436170212766,0.8090139648364291,0.3015142062866649,0.3855684783008121,0.4145396729229242,0.9100312409873383,586.1436170212766,744.1471631205674
597,395.0,80.18376618407356,0.7581511636886018,0.9316037735849056,28.389111897521165,18.51193914218105,0.2367290264117458,750.9417721518987,1524.3620253164556,0.7720297884847696,0.7841368442985883,0.3890890011149734,0.9721102961803243,0.23452413961083463,1524.3620253164556,750.9417721518987
598,807.0,118.81118318204308,0.8439895042118964,0.9212328767123288,44.95114094751271,24.109980012157784,1.0914484732372447,751.6468401486989,1346.6827757125154,0.7184040253351334,0.6927380533500593,0.38945432132056934,0.4612006268030339,0.8872958817871797,1346.6827757125154,751.6468401486989
599,101.0,35.79898987322333,0.32582297817128936,0.9439252336448598,11.688080800326833,11.050271515420143,0.8067102094548854,746.7920792079208,640.4158415841584,0.9903522505093064,0.3294320172758017,0.3869389011440004,0.6918774506304548,0.722014953660312,640.4158415841584,746.7920792079208
600,874.0,115.49747468305833,0.706412398509076,0.9397849462365592,40.26047428393273,28.496383129688734,-0.9808129685326505,757.1887871853547,995.637299771167,0.8233345104038609,0.5121591048205592,0.3923257964690957,0.5563471945388724,-0.8309499377993395,995.637299771167,757.1887871853547
601,589.0,112.81118318204308,0.9204253655571111,0.8910741301059002,45.3235813382414,17.717819057322973,0.6818815303879673,758.239388794567,1227.5925297113752,0.581595249344645,0.6314776387404193,0.3928701496344907,0.7763882499023607,0.6302549368418701,1227.5925297113752,758.239388794567
602,295.0,62.87005768508881,0.7105524447039793,0.9672131147540983,23.131780312468862,16.27654409024441,0.10217132640086322,755.0881355932204,628.793220338983,0.937873278604202,0.3234533026435098,0.3912373759550365,0.9947850489636845,0.10199365842207966,628.793220338983,755.0881355932204
603,451.0,85.08326112068524,0.7548098789453971,0.9514767932489452,30.222887723672237,19.824510703486023,1.0639478169772565,755.0731707317074,284.16629711751665,0.7828853225198715,0.14617607876415464,0.391229622140781,0.48542438142876343,0.8742786569020786,284.16629711751665,755.0731707317074
604,254.0,59.698484809834994,0.8011129885892146,0.9621212121212122,23.312199196690152,13.952657556336995,-1.085920564418856,753.2480314960629,1496.9566929133857,0.8956059362642006,0.7700394510871326,0.3902839541430378,0.46609844593734173,-0.884732862899754,1496.9566929133857,753.2480314960629
605,656.0,94.42640687119284,0.36982773156809895,0.9689807976366323,30.17162123092015,28.03246366050094,0.8597120176735669,762.6951219512196,664.3963414634146,0.9245422768648579,0.3417676653618388,0.3951788196638443,0.6526556863708022,0.7576546410125508,664.3963414634146,762.6951219512196
606,136.0,44.2842712474619,0.7942117616733779,0.9444444444444444,17.192218565649398,10.446698193394955,0.680170374293863,757.0588235294117,912.2647058823529,0.8714646356056384,0.46927196804647786,0.39225845778725993,0.7774655772985359,0.6289254932945986,912.2647058823529,757.0588235294117
607,494.0,112.5685424949238,0.9028802771788307,0.765891472868217,44.07020737266247,18.94543335103002,1.3786485987359693,762.1376518218624,311.37854251012146,0.4898946841327061,0.16017414738174973,0.3948899750372344,0.19096753582688408,0.9815963530190033,311.37854251012146,762.1376518218624
608,601.0,91.25483399593904,0.6254901954553282,0.9631410256410257,31.439412182986267,24.530036283790743,-1.2604255355362037,766.1281198003328,184.2262895174709,0.9069275133312779,0.09476660983408997,0.39695757502607915,0.3054117324277558,-0.9522203913461824,184.2262895174709,766.1281198003328
609,491.0,83.84062043356595,0.7085313579266447,0.9515503875968992,29.908454142971383,21.105777839526844,-0.8440646667460323,768.3360488798371,1507.1873727087577,0.8777733459919453,0.7753021464551223,0.39810157973048554,0.6644305943070389,-0.7473499751447077,1507.1873727087577,768.3360488798371
610,424.0,87.35533905932736,0.8925920196559517,0.925764192139738,35.28242335857144,15.907619128567129,-0.3922668415021099,771.9669811320755,581.0518867924528,0.6982272805217711,0.2988950034940601,0.39998289177827745,0.924044857363244,-0.382284058758068,581.0518867924528,771.9669811320755
611,260.0,59.79898987322333,0.6892939306091975,0.9629629629629629,21.558321439200757,15.61861150182074,-0.34312731343555086,769.2615384615384,18.703846153846154,0.9136829403192553,0.009621320037986705,0.3985811080111598,0.941707138455821,-0.33643374590155056,18.703846153846154,769.2615384615384
612,766.0,103.25483399593904,0.5767456056831721,0.9575,34.700723730607315,28.34784733315209,0.023115936771137817,780.8746736292428,49.438642297650134,0.9028546684819634,0.025431400358873524,0.40459827649183566,0.9997328386303101,0.02311387817269446,49.438642297650134,780.8746736292428
613,510.0,85.35533905932738,0.65740864431538,0.9514925373134329,29.54582446515539,22.26379084476787,0.13209810455859305,777.1666666666666,125.33921568627451,0.8796677218267202,0.06447490518841281,0.40267702936096716,0.9912877254806408,0.13171425629527658,125.33921568627451,777.1666666666666
614,575.0,89.59797974644665,0.3036831356638235,0.9663865546218487,28.04869239166308,26.724039203962988,1.3891187615108762,775.3182608695652,1456.1182608695651,0.9000803366101592,0.7490320271962784,0.40171930615003376,0.1806797827609026,0.9835419747532248,1456.1182608695651,775.3182608695652
615,379.0,79.59797974644667,0.7469798544624107,0.928921568627451,27.98531648665994,18.605944525925988,-1.1335373182377324,775.467018469657,1530.203166226913,0.7517007501469457,0.7871415464130211,0.40179638262676526,0.4234579515566452,-0.9059157594740528,1530.203166226913,775.467018469657
616,424.0,84.42640687119285,0.8688828202244827,0.9197396963123644,33.328250780291604,16.49807813323913,0.22801542604221797,781.4929245283018,1424.9221698113208,0.7475136160945295,0.732984655252737,0.40491861374523413,0.9741169155561809,0.2260447628840633,1424.9221698113208,781.4929245283018
617,118.0,40.62741699796952,0.33470861543948266,0.8939393939393939,12.765334114414193,12.029051048849398,-0.04860673542136532,773.4830508474577,1103.4830508474577,0.8983662913737084,0.5676353142219432,0.4007684201282164,0.9988189251987043,-0.04858759785074016,1103.4830508474577,773.4830508474577
618,644.0,104.08326112068524,0.7815287884832394,0.9096045197740112,37.492428175025665,23.39037039225615,-1.2278813964925068,782.4316770186335,308.1723602484472,0.7470229585321828,0.15852487667101195,0.40540501399929196,0.3362337356027784,-0.9417785700697383,308.1723602484472,782.4316770186335
619,201.0,58.384776310850235,0.9032713823535665,0.9436619718309859,24.622713756656086,10.56486047255582,-1.4279334830203068,776.4776119402985,1554.278606965174,0.7409803313268652,0.7995260323894928,0.4023200061866832,0.1423773726336358,-0.989812448781052,1554.278606965174,776.4776119402985
620,422.0,81.35533905932738,0.8395060535989667,0.9525959367945824,31.843511182705406,17.302182451881592,-0.3421224944329267,785.5331753554502,703.5734597156398,0.8012170751373078,0.36192050396895054,0.4070120079561918,0.9420447180173872,-0.3354873309911143,703.5734597156398,785.5331753554502
621,600.0,90.91168824543142,0.49798825144937986,0.9646302250803859,29.72471784081676,25.776793058775578,1.2038064783033298,786.7433333333333,963.2983333333333,0.9122663776802772,0.49552383401920436,0.40763903281519864,0.3588073513377724,0.9334116372887004,963.2983333333333,786.7433333333333
622,687.0,123.15432893255071,0.9503406477674687,0.937244201909959,53.7037769124791,16.713237754532955,-1.2259025855074002,787.745269286754,211.41921397379912,0.5692030740578831,0.10875473969845634,0.40815817061489845,0.338096677872742,-0.9411113836371418,211.41921397379912,787.745269286754
623,547.0,92.76955262170047,0.7239709536507793,0.9208754208754208,32.191287276197166,22.206530386678256,1.5413246654757125,786.1480804387569,1404.3711151736745,0.7987047475145598,0.7224131250893387,0.4073306116262989,0.029467395094326183,0.9995657420231823,1404.3711151736745,786.1480804387569
624,784.0,128.22539674441617,0.9037731666839777,0.9084588644264194,51.039024308561004,21.845302413337297,-1.0871527938498091,791.8533163265306,1628.3966836734694,0.5992083045525176,0.8376526150583691,0.41028669239716614,0.46500789848161694,-0.8853065312928118,1628.3966836734694,791.8533163265306
625,858.0,108.56854249492379,0.5752156379854063,0.9727891156462585,36.64395655634038,29.9748229824788,-1.3213240584022818,790.8391608391609,1290.3251748251748,0.9147220258760087,0.6637475179141846,0.40976122323272585,0.2468925991174513,-0.9690428496723091,1290.3251748251748,790.8391608391609
626,254.0,61.94112549695428,0.8184112434661952,0.951310861423221,24.17024474228621,13.889019234962491,0.5010531938541443,792.1417322834645,1444.2204724409448,0.8319273378458428,0.7429117656589223,0.410436130716821,0.8770771472381083,0.48034953710049694,1444.2204724409448,792.1417322834645
627,188.0,55.45584412271571,0.8947530086230451,0.9306930693069307,23.281560961306038,10.396645664351938,-0.32123228516811936,793.0478723404256,1475.0585106382978,0.7681978240514805,0.7587749540320462,0.4109056333370081,0.948847061753924,-0.31573605020799433,1475.0585106382978,793.0478723404256
628,862.0,121.05382386916237,0.5794486876733878,0.884102564102564,38.37682312537876,31.277445603208708,0.32765088791697183,803.2529002320185,563.1670533642691,0.7391968452306061,0.28969498629849233,0.41619321255545,0.9468009459371294,0.3218197768512013,563.1670533642691,803.2529002320185
629,530.0,85.35533905932738,0.6243608323748604,0.9689213893967094,29.492067554391642,23.037317578377056,-0.360034117231906,797.4245283018868,1490.8943396226416,0.9141644952316896,0.766920956596009,0.4131733307263662,0.9358848045115409,-0.35230616327903624,1490.8943396226416,797.4245283018868
630,193.0,54.2842712474619,0.8386722914223091,0.9368932038834952,21.32844629893842,11.616247806401727,1.2244774054634247,790.0569948186528,1014.699481865285,0.8230366013709539,0.5219647540459285,0.40935595586458695,0.3394375872213412,0.9406285793985607,1014.699481865285,790.0569948186528
631,301.0,64.698484809835,0.618006327174451,0.9435736677115988,22.241000284870534,17.485276656062887,0.6368656924098564,793.9833887043189,283.4518272425249,0.9036247960727141,0.14580855310829471,0.411390356841616,0.8039636091795969,0.594678497269673,283.4518272425249,793.9833887043189
632,616.0,95.84062043356595,0.7402689743915362,0.9535603715170279,34.43806086784921,23.153081117078308,1.3622653054829534,796.5422077922078,1363.698051948052,0.8427356054475533,0.7014907674629897,0.4127161698405222,0.2070229688752199,0.9783360825187272,1363.698051948052,796.5422077922078
633,441.0,82.18376618407358,0.8517408265177863,0.9607843137254902,32.792080575769795,17.181847525139105,-1.253215645527285,795.3174603174604,1546.0181405895692,0.8204958229336091,0.7952768212909307,0.4120815856567152,0.3122691392331709,-0.9499936761276754,1546.0181405895692,795.3174603174604
634,253.0,61.45584412271571,0.7195225202489383,0.9440298507462687,21.787460209681146,15.130718071337007,0.2870715407206093,796.6363636363636,579.8181818181819,0.8417904775711096,0.29826038159371493,0.41276495525200185,0.9590771648765499,0.2831448248023599,579.8181818181819,796.6363636363636
635,305.0,68.18376618407356,0.8624188917930264,0.9561128526645768,27.82169838680821,14.083212228672373,1.0307968422349827,796.4590163934427,1255.360655737705,0.8244185042740284,0.6457616541860622,0.41267306548883037,0.5141355495556083,0.8577089463700099,1255.360655737705,796.4590163934427
636,182.0,48.97056274847714,0.6246149528789439,0.9629629629629629,17.33421907271743,13.536861596093859,-1.3759407139077553,792.5769230769231,1516.5934065934066,0.9536984185281883,0.7801406412517524,0.41066161817457153,0.1936248823025438,-0.9810756367137684,1516.5934065934066,792.5769230769231
637,491.0,83.59797974644665,0.5160396205565693,0.9552529182879378,27.49436118321078,23.55069963548123,-1.1491026415887138,805.0977596741344,262.7291242362526,0.8828761634925198,0.13514872645897766,0.41714909827675356,0.4093063527058642,-0.9123970131662108,262.7291242362526,805.0977596741344
638,543.0,87.25483399593904,0.5800899604819951,0.9559859154929577,29.237650561561598,23.81559889117696,-1.408776811753873,807.1436464088398,69.04051565377532,0.8962531610310267,0.03551466854618072,0.41820914321701547,0.16131160072187775,-0.9869035249063333,69.04051565377532,807.1436464088398
639,486.0,85.01219330881975,0.8091675097084261,0.9604743083003953,32.52104651420569,19.108652441410392,-1.0306283039029813,805.866255144033,232.88888888888889,0.8450525003876584,0.11979881115683584,0.4175472824580482,0.5142800990880341,-0.8576222826407917,232.88888888888889,805.866255144033
640,398.0,85.59797974644665,0.8748403396257967,0.9045454545454545,33.069748389067236,16.01936228580028,1.423494888130812,803.1130653266332,1415.2964824120604,0.6825994069646898,0.7280331699650516,0.4161207592365975,0.14676933218974877,0.9891707451843565,1415.2964824120604,803.1130653266332
641,521.0,90.18376618407358,0.7164417072281216,0.9559633027522936,31.549180046536794,22.010189535189753,0.033018205057025685,810.3666026871401,937.0057581573897,0.8049906782480721,0.4819988467887807,0.41987906874981357,0.9994549485881109,0.03301220596592298,937.0057581573897,810.3666026871401
642,96.0,34.14213562373095,0.5243379951020144,0.9504950495049505,11.997979545711429,10.216402287967085,0.22432946701773074,802.5208333333334,301.75,1.0349032021490827,0.15522119341563786,0.4158139032815199,0.9749434880913316,0.22245268042509073,301.75,802.5208333333334
643,705.0,96.66904755831214,0.4724044318686356,0.9764542936288089,31.937251714992566,28.148915581091558,0.8959088190418866,811.263829787234,1063.086524822695,0.9480344117573829,0.5468552082421271,0.42034395325763424,0.6248094892948282,0.7807772422958651,1063.086524822695,811.263829787234
644,391.0,84.08326112068524,0.7265410548870672,0.8747203579418344,28.977692650436065,19.911240760936717,-0.37916175686198667,811.3145780051151,614.5575447570333,0.6949723512859396,0.3161304242577332,0.4203702476710441,0.9289752308145252,-0.3701418924319425,614.5575447570333,811.3145780051151
645,238.0,69.94112549695429,0.9074296678508585,0.8439716312056738,28.339967329087912,11.90856750637991,-0.025882137637209465,812.2647058823529,102.78571428571429,0.6113945845558176,0.05287330981775427,0.4208625419079549,0.9996650761729958,-0.02587924805782366,102.78571428571429,812.2647058823529
646,1289.0,186.3259018078045,0.9719391673583169,0.9333816075307748,84.2767079334369,19.82460742479466,-1.489117377784656,813.1613653995345,164.54072924747865,0.4665694703562144,0.08464029282277709,0.42132713233136504,0.08158815978657732,-0.9966661287425393,164.54072924747865,813.1613653995345
647,794.0,122.46803743153545,0.9136876273685827,0.9341176470588235,50.182033904947374,20.394840421977808,0.5559241992411442,831.6095717884131,679.8261964735516,0.6652499489847831,0.34970483357692983,0.43088578849140574,0.8494130767722299,0.5277285523906527,679.8261964735516,831.6095717884131
648,482.0,85.66904755831214,0.5680827771533891,0.9469548133595285,27.607135079479182,22.71988316125624,-1.4165083067252306,823.5497925311204,596.9854771784233,0.8252946410990691,0.3070912948448679,0.42670973706275667,0.1536766158408998,-0.9881211958781617,596.9854771784233,823.5497925311204
649,538.0,88.76955262170046,0.8033982276065315,0.972875226039783,34.129920380678556,20.322391275905577,0.032415018045509066,827.8252788104089,1378.5947955390334,0.8579541462589476,0.7091537014089678,0.428925014927673,0.999474679302638,0.03240934175340469,1378.5947955390334,827.8252788104089
650,216.0,55.4558441227157,0.7983225229975466,0.9473684210526315,21.491169301446273,12.942630035464195,-1.49664468698111,818.8101851851852,1632.4490740740741,0.8826102659314884,0.839737178021643,0.42425398196123587,0.0740837051187798,-0.9972520266391408,1632.4490740740741,818.8101851851852
651,542.0,86.18376618407358,0.6762461022843119,0.9713261648745519,30.747852410018513,22.65119824735251,-1.4741083908471575,826.3745387453874,1422.8782287822878,0.916976515865442,0.7319332452583786,0.42817333613750647,0.09653735757011157,-0.9953293618664028,1422.8782287822878,826.3745387453874
652,189.0,55.79898987322333,0.8901775051491019,0.9356435643564357,23.366264303851487,10.645994383608157,1.5694990993389564,822.7566137566138,379.2962962962963,0.7628145956301994,0.1951112635269014,0.4262987636044631,0.0012972270921114183,0.9999991586005818,379.2962962962963,822.7566137566138
653,393.0,77.01219330881976,0.7988261586903546,0.9562043795620438,29.15249819160233,17.537033380961073,-0.46391580105104163,830.9465648854962,983.9312977099237,0.8326901547339274,0.5061374988219772,0.4305422615987027,0.8943072197035621,-0.44745345767586236,983.9312977099237,830.9465648854962
654,433.0,78.42640687119285,0.7250803701151178,0.9622222222222222,28.418461177431496,19.570778410663145,-1.5108400330712188,829.0300230946882,311.175519630485,0.8846533452507741,0.16006971174407664,0.42954923476408713,0.059920378793562316,-0.9982031597852393,311.175519630485,829.0300230946882
655,1084.0,133.1543289325507,0.7729550773049736,0.9312714776632303,47.99381507400305,30.45019210305453,0.0827715862540496,838.9428044280443,464.5673431734317,0.7682959888845097,0.23897497076822619,0.43468539089535974,0.9965763875603079,0.08267710539954239,464.5673431734317,838.9428044280443
656,237.0,54.8700576850888,0.5678733646234506,0.9713114754098361,19.17270065210267,15.781355415581803,-0.9281026262380129,827.1856540084389,644.873417721519,0.9892074454290142,0.3317250091160077,0.42859360311318073,0.5993538779086528,-0.8004841841259949,644.873417721519,827.1856540084389
657,546.0,102.32590180780451,0.8460374856273671,0.8736,38.09947887464005,20.311724190607475,1.22660359063241,830.8644688644689,1354.8168498168498,0.6552866874719654,0.6969222478481737,0.43049972480024296,0.3374368709519055,0.9413481598867589,1354.8168498168498,830.8644688644689
658,645.0,94.66904755831213,0.36865137206468546,0.9626865671641791,29.876952112796353,27.77265057437601,0.2779555650413061,834.9038759689922,74.57054263565891,0.9043854424081939,0.03835933263151178,0.4325926818492188,0.9616184205982645,0.2743902570538888,74.57054263565891,834.9038759689922
659,567.0,90.66904755831214,0.7326450457792939,0.9626485568760611,32.783413006923006,22.312749187750576,-0.3253823510144227,837.2927689594356,952.3333333333334,0.8667120119420341,0.489883401920439,0.43383045023804956,0.947528569109986,-0.31967109772449326,952.3333333333334,837.2927689594356
660,493.0,86.42640687119284,0.7936068884026081,0.946257197696737,32.545085317815015,19.80143412244376,1.3462009427365078,834.3874239350913,523.3833671399594,0.829399687970731,0.26923012712960875,0.432325090121809,0.2227119266441747,0.9748842996635241,523.3833671399594,834.3874239350913
661,330.0,75.4558441227157,0.9228368210417502,0.9482758620689655,33.36405612963112,12.851538269696153,1.5489786198638487,829.5909090909091,161.0848484848485,0.728346504146065,0.0828625763810949,0.4298398492699011,0.021815976055971617,0.9997620032731417,161.0848484848485,829.5909090909091
662,541.0,86.28427124746189,0.5311682451501567,0.9626334519572953,28.606307275853208,24.237162016862765,0.34031047649085755,839.0887245841035,576.536044362292,0.9131536476644608,0.29657203928101444,0.434760997193836,0.9426510801891709,0.3337797792230521,576.536044362292,839.0887245841035
663,475.0,84.91168824543142,0.7754782620151361,0.9557344064386318,31.03771974152513,19.59641755391459,-0.9045984812404569,840.0421052631579,608.3536842105264,0.8278821562048724,0.31293913796837775,0.435254976820289,0.6180012945868028,-0.7861770792188206,608.3536842105264,840.0421052631579
664,553.0,87.15432893255071,0.5930849079000337,0.9667832167832168,29.73617286499001,23.94177986458916,-0.9823218918370445,840.9385171790235,335.54430379746833,0.914865117281049,0.1726050945460228,0.4357194389528619,0.5550927219294365,-0.831788476754138,335.54430379746833,840.9385171790235
665,477.0,87.11269837220809,0.8766771318049665,0.954,35.6896985244257,17.1695719815064,-1.4206160603180482,836.7945492662474,1230.2914046121593,0.7898876253291858,0.6328659488745676,0.43357230531929913,0.14961637232319203,-0.9887441231849866,1230.2914046121593,836.7945492662474
666,579.0,87.49747468305833,0.5008376677047942,0.9747474747474747,29.22649791285519,25.296739117172507,0.8898557143423801,842.839378238342,1812.8013816925734,0.9503802229063589,0.9325109988130521,0.43670434105613576,0.6295241403297573,0.7769809243102948,1812.8013816925734,842.839378238342
667,271.0,66.04163056034261,0.8585336111277967,0.9344827586206896,26.55080388055765,13.614118248112268,0.32734580525732226,840.9446494464945,1936.8966789667898,0.7808067877162947,0.9963460282750977,0.4357226162935205,0.9468990835071041,0.32153090932818007,1936.8966789667898,840.9446494464945
668,751.0,111.39696961966999,0.8184465935222731,0.9294554455445545,41.25933217056591,23.70689468777439,-1.4185140128459546,846.2210386151797,216.70039946737683,0.7605067054810869,0.11147139890297161,0.438456496691803,0.15169442732968894,-0.9884274382660154,216.70039946737683,846.2210386151797
669,570.0,96.08326112068522,0.8405871289745204,0.9298531810766721,36.900012665831625,19.987864531822183,-1.3300395256681554,843.4543859649123,1737.6859649122807,0.7758705187218962,0.8938713811277165,0.43702299790928095,0.2384376679589348,-0.9711578030877911,1737.6859649122807,843.4543859649123
670,704.0,100.08326112068522,0.6791750902467126,0.9630642954856361,35.036548024341236,25.715995593129996,-0.12428708500591934,851.3792613636364,113.60227272727273,0.8832011526241036,0.058437383090160874,0.4411291509656147,0.9922862975674888,-0.12396734916825901,113.60227272727273,851.3792613636364
671,383.0,81.94112549695429,0.8777393759866716,0.927360774818402,32.206242459244386,15.431246859772852,1.3429303200727205,845.0678851174935,1134.6344647519581,0.7168112095325133,0.5836597040905135,0.43785900783289816,0.22589920847408848,0.9741506801366924,1134.6344647519581,845.0678851174935
672,203.0,56.62741699796952,0.8827774061688946,0.9354838709677419,23.499365437060167,11.039802079837248,1.372782953199677,842.8916256157636,1339.0049261083743,0.7955223720410955,0.6887885422368181,0.4367314122361469,0.19672191389134266,0.980459325313869,1339.0049261083743,842.8916256157636
673,516.0,86.66904755831213,0.2829241071629237,0.9381818181818182,26.326765751260492,25.25111462590924,-0.1982289135189774,850.7984496124031,1436.6782945736434,0.8632399238330769,0.7390320445337671,0.44082821223440577,0.9804169011130515,-0.19693323744833197,1436.6782945736434,850.7984496124031
674,322.0,69.35533905932736,0.7722403202458887,0.9333333333333333,25.772047774681052,16.37376888213758,0.08307721050898194,849.3385093167702,1018.6770186335403,0.8412129257754695,0.5240108120542903,0.44007176648537316,0.9965510728887645,0.08298167944945561,1018.6770186335403,849.3385093167702
675,248.0,62.87005768508881,0.8791873479337844,0.9538461538461539,25.783862305743845,12.285397762728408,1.480302449490602,844.6491935483871,283.81451612903226,0.7884494003181087,0.14599512146555157,0.43764206919605547,0.09037041666764614,0.9959082225744077,283.81451612903226,844.6491935483871
676,463.0,80.18376618407356,0.7052700792834282,0.9566115702479339,28.888995757771742,20.480527808102227,0.2891195747663515,853.3887688984881,370.37365010799135,0.9049361824517679,0.19052142495267044,0.44217034657952753,0.9584952636441008,0.2851084522981137,370.37365010799135,853.3887688984881
677,880.0,132.61017305526642,0.923545984810526,0.9302325581395349,55.134436724427616,21.14337817850064,0.7607176355707509,860.0261363636364,1170.8193181818183,0.6288381082854027,0.602273311821923,0.44560939707960434,0.7243414296033172,0.689441435772628,1170.8193181818183,860.0261363636364
678,54.0,25.31370849898476,0.6099559785216578,0.9152542372881356,9.309578667723995,7.377238761962004,0.5928066236910059,844.9074074074074,1474.6851851851852,1.05899052529708,0.7585829141899101,0.4377758587603147,0.8293759124080771,0.5586909663823728,1474.6851851851852,844.9074074074074
679,937.0,115.53910524340094,0.5930697157095628,0.9630010277492291,38.75836309539489,31.206339125178744,0.880134551560249,858.7662753468517,1791.9114194236927,0.8820464471609428,0.9217651334484016,0.44495661935070036,0.6370474343126615,0.7708246016025015,1791.9114194236927,858.7662753468517
680,240.0,59.698484809834994,0.843300410179387,0.9523809523809523,23.87506660435796,12.831474981194749,1.1799103938242061,847.8,1852.7083333333333,0.8462418295409768,0.9530392661179697,0.43927461139896373,0.3810076732463853,0.9245718754793354,1852.7083333333333,847.8
681,244.0,58.04163056034262,0.7114730717126532,0.953125,21.136429040529062,14.852851098125438,1.1004231601022378,851.4016393442623,409.36475409836066,0.9101657343006637,0.21057857721109088,0.4411407457742292,0.45321895742775914,0.8913992240450376,409.36475409836066,851.4016393442623
682,570.0,94.91168824543142,0.8460388624454448,0.9515859766277128,36.98973866806209,19.720014884346913,1.2152808319239048,855.8964912280702,270.0982456140351,0.7951431514004064,0.1389394267561909,0.44346968457412966,0.34807367098671166,0.9374671831940755,270.0982456140351,855.8964912280702
683,443.0,76.18376618407356,0.26224206450173754,0.9757709251101322,24.27646434078634,23.42683965560809,-1.3868994783068522,856.0158013544018,443.1060948081264,0.959154819577766,0.22793523395479753,0.4435315032924362,0.1828620942106944,-0.9831385733968936,443.1060948081264,856.0158013544018
684,305.0,73.94112549695427,0.7313582749429016,0.8664772727272727,25.29985190243674,17.254333428659642,0.12804766648752886,861.2131147540983,351.25245901639346,0.7010315914299583,0.18068542130472914,0.44622441178968825,0.9918130929139028,0.12769803727762613,351.25245901639346,861.2131147540983
685,693.0,100.08326112068524,0.7298962996966953,0.9611650485436893,36.054867680621236,24.645589347407828,1.3507587782272676,860.7402597402597,309.7792207792208,0.8694011346143519,0.15935145101811768,0.4459794091918444,0.21826626647839542,0.9758892544328901,309.7792207792208,860.7402597402597
686,27.0,19.106601717798213,0.9115466096400013,0.84375,9.851874416845815,4.05105887630389,0.9200995121474141,851.7037037037037,597.074074074074,0.9294086855516013,0.3071368693796677,0.4412972558050278,0.6057409816182797,0.7956619025617118,597.074074074074,851.7037037037037
687,483.0,82.42640687119285,0.6012062898967042,0.9679358717434869,28.17468678317414,22.51421921407601,-1.2769083252759914,860.1242236024844,1000.1407867494823,0.8933553811980302,0.5144757133484992,0.44566021948315254,0.28967570805814663,-0.9571248529638186,1000.1407867494823,860.1242236024844
688,612.0,95.84062043356593,0.826338107219418,0.9637795275590552,37.25425311082076,20.980639253173106,1.445901918031836,858.1094771241831,1338.7254901960785,0.837263296321271,0.6886447994835795,0.4446163093907684,0.12456996531142023,0.9922108262573592,1338.7254901960785,858.1094771241831
689,824.0,118.46803743153548,0.8552074780110857,0.9353007945516458,45.58851720193811,23.62788106801898,1.2123874804173347,864.4854368932039,245.30461165048544,0.7377932675656068,0.12618549982020855,0.4479199154887067,0.35078463234368573,0.9364561611263525,245.30461165048544,864.4854368932039
690,436.0,87.59797974644665,0.8312637718701987,0.9178947368421052,32.831838283607524,18.250502232841697,-1.432049426702329,861.1811926605504,504.07798165137615,0.7140163765763532,0.2592993732774569,0.4462078718448448,0.13830216583635654,-0.9903900801830423,504.07798165137615,861.1811926605504
691,747.0,105.74011537017762,0.827435429823806,0.9739243807040417,41.20945486341823,23.141617279723867,-1.04323014539119,864.9718875502008,1909.7095046854083,0.8395583899312976,0.9823608563196545,0.4481719624612439,0.5034319301289472,-0.8640348903410341,1909.7095046854083,864.9718875502008
692,489.0,83.01219330881976,0.5011948456974654,0.9569471624266145,27.007846601222287,23.370820338557706,0.05147708636461147,867.4887525562373,133.04703476482618,0.8917332196552886,0.06843983269795585,0.4494760375939053,0.9986753473438312,0.05145435460364805,133.04703476482618,867.4887525562373
693,351.0,71.698484809835,0.6703788477231626,0.9460916442048517,24.92864060629305,18.49752504399332,1.277298532768911,863.4501424501425,613.6666666666666,0.8580192364756425,0.3156721536351166,0.44738349349748313,0.2893022087250535,0.9572378137259339,613.6666666666666,863.4501424501425
694,256.0,67.94112549695427,0.8604287347627548,0.8533333333333334,26.74565265930336,13.628803416951142,0.6337753217344891,864.03125,639.703125,0.6969222905010717,0.32906539351851855,0.447684585492228,0.8057975441632662,0.5921911159587326,639.703125,864.03125
695,504.0,88.42640687119285,0.8406666989914937,0.9563567362428842,34.629814785821026,18.753875271545578,-0.32928530528554084,871.1607142857143,1117.876984126984,0.8099840073238221,0.5750396008883663,0.45137860843819394,0.9462736937345414,-0.32336681423112573,1117.876984126984,871.1607142857143
696,791.0,116.22539674441617,0.8003327099567571,0.9197674418604651,42.74833982653986,25.630029202898736,-1.2585386536814671,871.4386852085967,1301.788874841972,0.7358414919960148,0.6696444829434013,0.45152263482310706,0.3072079150576755,-0.9516424207263545,1301.788874841972,871.4386852085967
697,326.0,66.5269119345812,0.6179793820629351,0.9616519174041298,23.06672659433173,18.13492905603298,-0.63075274374401,868.8435582822086,947.8067484662577,0.9256200101650471,0.4875549117624782,0.45017800947264697,0.8075838043996422,-0.5897528286251795,947.8067484662577,868.8435582822086
698,560.0,88.66904755831213,0.716123142362061,0.9655172413793104,32.01509718999878,22.34570407685653,0.47596575229554566,874.2821428571428,1459.7428571428572,0.8950634108274471,0.750896531452087,0.4529959289415248,0.8888506313249983,0.4581970702581498,1459.7428571428572,874.2821428571428
699,328.0,65.11269837220809,0.4847704878156407,0.9704142011834319,21.85763115401785,19.11758905761799,1.5698969042438446,869.1798780487804,1502.253048780488,0.9721926213961088,0.7727639139817325,0.45035226841905723,0.0008994224297856924,0.9999995955195646,1502.253048780488,869.1798780487804
700,198.0,51.798989873223334,0.7526933301373586,0.9565217391304348,19.64623351481507,12.934516032223872,0.21362042861096045,872.2676767676768,672.10101010101,0.9273260776404393,0.34573097227418215,0.45195216412832995,0.9772697924225098,0.211999417023879,672.10101010101,872.2676767676768
701,596.0,95.84062043356595,0.7601652810881013,0.9327073552425665,34.81512968524959,22.620425436772994,-0.42113030685622,878.3238255033557,176.53691275167785,0.8153740598161393,0.09081116911094539,0.45509006502764543,0.9126274626964328,-0.40879226305334004,176.53691275167785,878.3238255033557
702,822.0,111.1543289325507,0.5287963067657458,0.9480968858131488,36.043792594354954,30.59212444744219,-0.059851954025930486,883.6313868613139,1143.9756690997567,0.836043586076534,0.5884648503599571,0.45784009681933363,0.9982094064258348,-0.05981622625159914,1143.9756690997567,883.6313868613139
703,639.0,97.01219330881976,0.6171828639255021,0.9580209895052474,32.33361755504101,25.440728747423034,0.14944128307436416,881.7276995305165,1773.6697965571204,0.8532142008608474,0.9123815825911114,0.45685373032669246,0.9888544172159852,0.14888566604087233,1773.6697965571204,881.7276995305165
704,780.0,111.74011537017762,0.5266154869340058,0.9408926417370326,35.25269189979135,29.96844025613904,-0.37506713010686477,883.401282051282,227.68076923076924,0.7850299678027848,0.11711973725862615,0.4577208715291617,0.9304830319016699,-0.36633499333680347,227.68076923076924,883.401282051282
705,255.0,57.698484809834994,0.42984271264166884,0.9586466165413534,19.039576274681973,17.190905456020346,-1.2410815477097927,875.0666666666667,979.5294117647059,0.9625454100878765,0.5038731541999516,0.4534024179620035,0.3237731841551679,-0.9461347288954273,979.5294117647059,875.0666666666667
706,401.0,78.76955262170047,0.8345202003959431,0.9413145539906104,30.73077396873815,16.931960263022575,1.2642642759770912,876.9526184538653,284.3715710723192,0.8121523006602286,0.14628167236230413,0.4543795950538162,0.3017541642203773,0.953385768918155,284.3715710723192,876.9526184538653
707,279.0,83.9827560572969,0.9659616139814216,0.8971061093247589,37.74988020274873,9.76534462166233,0.8887674567519962,880.236559139785,1403.7670250896058,0.4970886211123692,0.7221023791613198,0.4560811187252772,0.6303693227771969,0.7762953799304864,1403.7670250896058,880.236559139785
708,396.0,71.698484809835,0.3079774899013994,0.9705882352941176,23.060712124405768,21.939814939703126,0.8542358277833154,880.4520202020202,580.9368686868687,0.9680217026904685,0.2988358378018872,0.4561927565813576,0.6567949402099064,0.7540692319108807,580.9368686868687,880.4520202020202
709,310.0,66.5269119345812,0.4855395471141248,0.9365558912386707,21.400211642559643,18.708379680498247,-1.0224157855260432,879.5741935483871,1026.3516129032257,0.8801908072121615,0.5279586486127704,0.4557379241183353,0.5213059158415893,-0.85336987415104,1026.3516129032257,879.5741935483871
710,624.0,97.84062043356596,0.724797042691212,0.9369369369369369,34.55450965231856,23.8067593626931,0.6292292758984541,885.3285256410256,1439.323717948718,0.8191360841695754,0.7403928590271183,0.45871944333731896,0.8084813363409663,0.588521816747965,1439.323717948718,885.3285256410256
711,517.0,93.49747468305833,0.8129731799830348,0.9382940108892922,34.55712942280414,20.122655590465016,-1.2958902462024064,881.651837524178,415.8549323017408,0.7431913481433883,0.21391714624575145,0.45681442358765695,0.2714565453542739,-0.9624506969109239,415.8549323017408,881.651837524178
712,492.0,83.11269837220809,0.7035749179496764,0.9647058823529412,29.805701492390636,21.180560109566585,0.018080093718471434,885.6544715447154,1166.0731707317073,0.895035377484506,0.5998318779484091,0.45888832722524114,0.9998365595578894,0.01807910870156811,1166.0731707317073,885.6544715447154
713,496.0,83.84062043356595,0.7347350142049095,0.9612403100775194,30.558155030037064,20.72925367026748,0.42800934758383186,885.6814516129032,1820.7157258064517,0.8867119747698673,0.936582163480685,0.458902306535183,0.9097937930195512,0.4150605427923714,1820.7157258064517,885.6814516129032
714,307.0,67.11269837220809,0.7986340154604064,0.953416149068323,25.76490176905642,15.505756056211391,1.4334471708530048,882.3973941368079,1328.0586319218241,0.8565226227365783,0.6831577324700742,0.45720072235067766,0.13691771924597768,0.990582423706619,1328.0586319218241,882.3973941368079
715,361.0,71.35533905932736,0.5653825087194088,0.9525065963060686,23.827563520095193,19.65366162941492,0.5803588501379989,886.1080332409972,155.77839335180056,0.8909721266429435,0.08013291839084391,0.45912333328549076,0.8362659375969851,0.548324066237326,155.77839335180056,886.1080332409972
716,531.0,115.9827560572969,0.9263861638017328,0.7457865168539326,48.91502566292618,18.42017220988382,0.8800614501390822,895.8455743879473,1209.2241054613935,0.4960409562685299,0.6220288608340502,0.4641686913927188,0.6371037809843262,0.770778030470171,1209.2241054613935,895.8455743879473
717,329.0,68.5269119345812,0.500100136860239,0.9481268011527377,22.229200731432115,19.249767207671482,-1.1475180297310277,887.4984802431611,1008.6382978723404,0.8804069031762641,0.5188468610454426,0.4598437721467156,0.4107516333438391,-0.9117472762259113,1008.6382978723404,887.4984802431611
718,550.0,95.15432893255071,0.7320159711873246,0.9290540540540541,32.8057890412099,22.350173044871454,0.6572401183915456,896.1345454545454,251.94545454545454,0.7633354852740445,0.12960157126823793,0.4643184173339614,0.7916813506104482,0.6109342346731083,251.94545454545454,896.1345454545454
719,161.0,47.798989873223334,0.8004162083381244,0.936046511627907,18.595029474077073,11.146691012627011,0.26356869466306276,887.4658385093168,1483.670807453416,0.8855198530293489,0.7632051478669836,0.4598268593312522,0.9654663843256767,0.26052765829582236,1483.670807453416,887.4658385093168
720,276.0,59.698484809834994,0.32950299981052616,0.9583333333333334,19.303034630521683,18.225047554360415,-0.14783098873200884,891.8333333333334,645.1376811594203,0.9731781039721235,0.3318609470984672,0.4620898100172712,0.9890928847849123,-0.1472931270218003,645.1376811594203,891.8333333333334
721,461.0,79.59797974644665,0.7165429041497076,0.9746300211416491,29.168880449831804,20.346548995834702,0.7775931111987582,897.2819956616052,323.78091106290674,0.9143378517618524,0.16655396659614544,0.4649129511200027,0.7126041925356617,0.7015662939313702,323.78091106290674,897.2819956616052
722,741.0,102.91168824543142,0.6001703126267619,0.9598445595854922,34.64223820557526,27.709364575068992,0.6345739804025773,902.9257759784075,404.61673414304994,0.8792222428082672,0.2081361801147376,0.46783718962611787,0.805324328654369,0.5928344842174668,404.61673414304994,902.9257759784075
723,612.0,116.56854249492379,0.9469314850269982,0.8947368421052632,50.13108704690403,16.113909627161274,0.44870095341569755,909.4967320261438,1564.8856209150326,0.5659767011316715,0.8049823152855106,0.4712418300653595,0.9010113829230804,0.4337954447006542,1564.8856209150326,909.4967320261438
724,409.0,88.18376618407356,0.9226578746311517,0.8989010989010989,37.355267925420755,14.404922045333983,1.294028365722233,895.7139364303179,1363.8606356968214,0.6609306407700106,0.7015744010786118,0.4641004851970559,0.2732480419692949,0.9619436093451353,1363.8606356968214,895.7139364303179
725,740.0,103.84062043356595,0.7302342083621101,0.9635416666666666,37.31223477494249,25.491603042060564,-1.0200365181531867,902.5378378378379,355.0418918918919,0.8623965989770863,0.18263471805138473,0.4676361854082061,0.5233348334914053,-0.852127133739164,355.0418918918919,902.5378378378379
726,445.0,86.08326112068524,0.8549124550127447,0.9044715447154471,33.6915012105625,17.478217411639854,-0.853257039528988,900.1303370786517,1894.3438202247191,0.7546271960198242,0.9744566976464605,0.4663887756884206,0.657532699585765,-0.7534260076314436,1894.3438202247191,900.1303370786517
727,168.0,47.21320343559642,0.6306717586370514,0.9385474860335196,16.60548992219401,12.886685429543665,1.258339325916857,894.9464285714286,1044.095238095238,0.9470920884957083,0.5370860278267685,0.46370281273131014,0.30739759770992653,0.9515811667546632,1044.095238095238,894.9464285714286
728,452.0,79.69848480983501,0.6091892586102867,0.9678800856531049,27.486435942556042,21.79742733785908,-1.260195244850265,901.2566371681415,1310.8185840707965,0.8942278038740105,0.6742893950981463,0.46697235086432204,0.3056310118143333,-0.9521500326195168,1310.8185840707965,901.2566371681415
729,223.0,54.62741699796952,0.6355305687566264,0.9570815450643777,19.43927031426718,15.008588356802534,-0.5623291002042783,900.1883408071749,1836.4170403587443,0.9390601158823464,0.9446589713779548,0.4664188294337694,0.8460156281952409,-0.533158097424593,1836.4170403587443,900.1883408071749
730,454.0,82.04163056034263,0.7572202795064207,0.9659574468085106,30.05010734590345,19.627515754290815,-1.4421580145778359,901.0110132158591,1335.4273127753304,0.8476121048411013,0.6869482061601494,0.4668450845678026,0.12828382513686853,-0.9917374956147686,1335.4273127753304,901.0110132158591
731,914.0,130.46803743153546,0.8852391268770116,0.9260385005065856,50.99531577264287,23.719767598870394,0.3046155868258403,918.1761487964989,1545.624726477024,0.6747576245642612,0.7950744477762469,0.4757389372002585,0.9539623187408998,0.29992648169590835,1545.624726477024,918.1761487964989
732,516.0,87.35533905932738,0.8137132976130412,0.9644859813084112,33.657928836958995,19.56422432857613,0.17735077534764418,911.2383720930233,380.51356589147287,0.8497294262953626,0.19573743101413213,0.4721442342450898,0.984314529294783,0.1764225252602109,380.51356589147287,911.2383720930233
733,128.0,40.384776310850235,0.5860010157476307,0.9411764705882353,14.22206226858374,11.524283782670693,0.8732449297186283,901.6328125,1033.8203125,0.9862442184088464,0.5318005722736625,0.4671672603626943,0.6423429630402058,0.7664173261564021,1033.8203125,901.6328125
734,692.0,104.5685424949238,0.7876713752292805,0.9505494505494505,38.18848481244824,23.527757968947906,-0.13102302983126093,914.0520231213873,694.5505780346821,0.795268625032018,0.3572791039273056,0.4736020845188535,0.9914287552635176,-0.1306484720026686,694.5505780346821,914.0520231213873
735,628.0,106.91168824543142,0.8950232109092692,0.947209653092006,43.02401273783984,19.189551425188515,0.2794997192328779,915.2117834394904,1397.0143312101911,0.6904291716006198,0.718628771198658,0.47420299660077225,0.9611935734539845,0.2758748164489825,1397.0143312101911,915.2117834394904
736,418.0,77.01219330881975,0.7024977261470624,0.9565217391304348,27.45170923901192,19.53699679744878,-1.1696407529685238,907.2966507177033,836.2799043062201,0.8856602663582235,0.4301851359599898,0.47010189156357685,0.39048243604390037,-0.9206103774894248,836.2799043062201,907.2966507177033
737,260.0,74.52691193458118,0.9242714731603862,0.8360128617363344,31.700572207805905,12.10124424306147,-1.2402528225932403,906.65,1276.1692307692308,0.5882432592845827,0.6564656536878759,0.4697668393782383,0.32455715849756794,-0.9458660850606626,1276.1692307692308,906.65
738,432.0,78.42640687119285,0.6684958808913026,0.9536423841059603,27.319979699252933,20.318301771383624,0.2613039663891657,912.5416666666666,1907.9675925925926,0.8826102659314882,0.9814648110044201,0.4728195164075993,0.966053932240517,0.2583404730247169,1907.9675925925926,912.5416666666666
739,608.0,92.08326112068524,0.658911278907969,0.9650793650793651,32.149402496292424,24.18344487542549,1.2143047056189753,911.8700657894736,234.4671052631579,0.9010565759281006,0.1206106508555339,0.47247153667848374,0.3489885913927059,0.9371269727618211,234.4671052631579,911.8700657894736
740,124.0,40.04163056034261,0.6445549570017756,0.9465648854961832,14.392182369045862,11.00365790455497,-0.768665555700521,905.491935483871,1189.725806451613,0.97186969589257,0.6119988716314881,0.4691668059501922,0.7188389838294935,-0.6951766072926945,1189.725806451613,905.491935483871
741,327.0,68.2842712474619,0.7750552222530348,0.961764705882353,25.713178901878816,16.24799075721844,-1.4752731453845886,907.6788990825688,1485.9174311926606,0.8812847580800782,0.7643608185147431,0.47029994771117556,0.09537797795792359,-0.9954411290079679,1485.9174311926606,907.6788990825688
742,151.0,45.79898987322333,0.7195539088048153,0.9263803680981595,16.71898376141785,11.610274008862135,-0.24573790291505387,909.7086092715232,967.9933774834437,0.9046383868897983,0.49793898018695665,0.4713516110215146,0.9699580778495317,-0.2432721258476641,967.9933774834437,909.7086092715232
743,731.0,105.39696961966999,0.8183637086028548,0.9643799472295514,40.36661801612636,23.19872172916584,1.151023680830908,916.0451436388508,1442.6169630642955,0.826934274109673,0.7420869151565306,0.4746347894501818,0.40755284806700137,0.9131816226975199,1442.6169630642955,916.0451436388508
744,704.0,95.84062043356593,0.23835602163251274,0.9777777777777777,30.401905001417603,29.52565658837856,-0.34918603501531253,917.4786931818181,995.1803977272727,0.9631264062257755,0.5119240729049757,0.4753775612341027,0.939651508439644,-0.3421330774524758,995.1803977272727,917.4786931818181
745,181.0,47.798989873223334,0.6530837582960343,0.9731182795698925,17.45788910409112,13.2206094620938,0.2485060767198225,911.1988950276243,1364.9005524861877,0.9955223192441748,0.7021093376986562,0.4721237798070592,0.9692809428950543,0.24595620289082853,1364.9005524861877,911.1988950276243
746,1204.0,130.22539674441617,0.7001202386940846,0.9796582587469488,46.397803486335775,33.12919003405056,-1.526238933203198,920.3239202657808,1654.200996677741,0.8921645702445999,0.8509264386202371,0.4768517721584356,0.04454265130089318,-0.9990074835631048,1654.200996677741,920.3239202657808
747,830.0,115.1543289325507,0.5286089502416442,0.9253065774804905,36.623775141549174,31.08865791676789,1.1320632592244906,923.6759036144579,1146.8024096385543,0.7865519621622244,0.5899189349992563,0.478588551095574,0.4247928643083252,0.9052905734805421,1146.8024096385543,923.6759036144579
748,338.0,71.59797974644665,0.7704775678510314,0.9337016574585635,26.5544464637972,16.927586267975034,-0.5009871639710869,920.6568047337278,850.7396449704142,0.828562031366697,0.43762327416173574,0.4770242511573719,0.8771088627498425,-0.4802916227519257,850.7396449704142,920.6568047337278
749,779.0,102.08326112068522,0.3107331669905809,0.97375,32.33478317239661,30.734120387014947,0.48490019928747463,922.5019255455712,1092.7188703465981,0.9393733840060335,0.5620981843346698,0.4779802723034048,0.8847214726291475,0.46612006593678484,1092.7188703465981,922.5019255455712
750,444.0,88.91168824543142,0.902303021920233,0.9466950959488273,36.30860685982898,15.652726604016351,1.048179191205568,919.2432432432432,1297.9414414414414,0.7057893825428234,0.6676653505357208,0.4762918358773281,0.49914963404713564,0.866515806451683,1297.9414414414414,919.2432432432432
751,610.0,99.15432893255071,0.8408196770761381,0.9270516717325228,38.521025025126995,20.85202080940596,0.9939397809788211,923.0196721311476,465.3803278688525,0.779679902633315,0.23939317277204344,0.478248534782978,0.5453918515121998,0.8381812025475723,465.3803278688525,923.0196721311476
752,354.0,76.5269119345812,0.8548579091979909,0.9340369393139841,29.617572345281758,15.3674379606522,0.34946963262959374,926.9548022598871,1480.9209039548023,0.7595996370785689,0.7617905884541164,0.4802874623108223,0.9395544425294515,0.34239954661648064,1480.9209039548023,926.9548022598871
753,650.0,96.66904755831213,0.6869018241751056,0.9615384615384616,34.123189620164126,24.79903560287604,-1.4225134416724692,929.1507692307692,1239.86,0.8740742803436866,0.6377880658436214,0.48142526903148664,0.14774007947162068,-0.9890262225632439,1239.86,929.1507692307692
754,597.0,94.08326112068524,0.6671137767650784,0.9598070739549839,32.04879646949417,23.874938208929635,-1.3869008465110948,930.3450586264656,824.0887772194305,0.8475385675897747,0.4239139800511474,0.4820440718271843,0.1828607490761561,-0.9831388235886664,824.0887772194305,930.3450586264656
755,628.0,94.18376618407356,0.6745802553492758,0.9631901840490797,33.11997785864916,24.449217884617642,0.8682359491689581,934.0812101910828,1058.4108280254777,0.8896463515610181,0.544450014416398,0.4839799016534108,0.646173858327599,0.7631902415610567,1058.4108280254777,934.0812101910828
756,106.0,38.72792206135786,0.8590072243685751,0.9636363636363636,16.306925258773518,8.34854994285739,-1.484383215204765,924.7924528301887,1520.7830188679245,0.8881111816517117,0.7822957915987266,0.47916707400527914,0.08630560736572371,-0.9962687098053584,1520.7830188679245,924.7924528301887
757,398.0,74.5269119345812,0.7624911552849787,0.9707317073170731,28.030483272334802,18.135684511343527,1.370142424953922,931.608040201005,677.0854271356784,0.9004646815202456,0.3482949728064189,0.4826984664253912,0.1993101556146467,0.9799364580771884,677.0854271356784,931.608040201005
758,69.0,28.727922061357855,0.7383759096903086,0.9583333333333334,11.392608153851556,7.683053781643546,0.6980923264068406,927.6521739130435,970.927536231884,1.0506317644878962,0.4994483211069362,0.4806487947735977,0.7660697518957597,0.6427574466549332,970.927536231884,927.6521739130435
759,643.0,101.01219330881975,0.7428423110568008,0.9265129682997119,35.68174992858596,23.88773374102565,-0.5208417811156614,940.2161741835148,1455.4510108864697,0.7919052726492356,0.7486887916082663,0.4871586394733237,0.867400607943921,-0.4976104755112338,1455.4510108864697,940.2161741835148
760,617.0,94.42640687119285,0.6862249918346486,0.9655712050078247,33.10480988441403,24.08008600916716,1.4091171571958347,937.8119935170179,789.4813614262561,0.8695771110146602,0.4061118114332593,0.48591295000881757,0.1609757032692384,0.9869583694143204,789.4813614262561,937.8119935170179
761,220.0,61.112698372208094,0.870753632424154,0.9016393442622951,24.60551032615193,12.09901035921019,-0.5919656522403026,936.1727272727272,1114.15,0.7402350156331065,0.5731224279835392,0.48506358926048043,0.829845462224207,-0.5579932874380231,1114.15,936.1727272727272
762,133.0,40.72792206135785,0.6539582809950983,0.9708029197080292,14.993983876638639,11.343407796775793,0.5955572579934051,934.8872180451128,348.6766917293233,1.0075741088153454,0.17936043813236796,0.4843975223031673,0.8278360222867851,0.5609701598163609,348.6766917293233,934.8872180451128
763,781.0,106.66904755831214,0.7136248199240242,0.951278928136419,37.9727260695893,26.600961577559854,-0.06507851973685654,947.314980793854,374.78489116517284,0.8625495705191214,0.1927905818750889,0.4908367776133959,0.9978831404054006,-0.06503259255677461,374.78489116517284,947.314980793854
764,667.0,96.18376618407356,0.5423028640511168,0.9694767441860465,31.9695879408544,26.86030678111914,-1.4128297434939732,943.4212893553223,405.2263868065967,0.9060082268175637,0.20844978745195303,0.4888193209094934,0.15731043418080679,-0.9875492024693484,405.2263868065967,943.4212893553223
765,533.0,97.35533905932738,0.8229333151778643,0.9673321234119783,36.186409959872016,20.558873681365675,-0.17385267838370316,950.7204502814259,1935.1144465290806,0.7066714173018253,0.9954292420417081,0.4926012695758683,0.9849256487701546,-0.17297822520389658,1935.1144465290806,950.7204502814259
766,108.0,38.970562748477136,0.579683449145146,0.907563025210084,13.073529390359143,10.652857737539758,-0.6162446965742452,937.1296296296297,723.2037037037037,0.8936351957684221,0.37201836610272826,0.4855593935904817,0.8160546760890458,-0.5779747102021009,723.2037037037037,937.1296296296297
767,824.0,108.32590180780451,0.7484430874239839,0.9705535924617197,39.86204748890197,26.43647097283358,-0.6224796289500736,949.3762135922331,446.99029126213594,0.8824141208943416,0.2299332773982181,0.49190477388198606,0.8124352044450092,-0.5830514887884226,446.99029126213594,949.3762135922331
768,364.0,75.01219330881976,0.8386343877696244,0.9655172413793104,29.279216988389027,15.948235588815662,-0.1360525320833247,947.7692307692307,1471.7115384615386,0.8129194588557117,0.7570532605254828,0.4910721402949382,0.9907591217382822,-0.1356331917061147,1471.7115384615386,947.7692307692307
769,369.0,74.2842712474619,0.858358118284299,0.9659685863874345,30.502846041441888,15.649516026316254,-0.1616107480720947,947.8021680216802,1579.4552845528456,0.8403157351216903,0.8124769982267724,0.4910892062288499,0.9869693813075087,-0.16090817369379842,1579.4552845528456,947.8021680216802
770,817.0,128.46803743153546,0.8972385565003927,0.8700745473908413,51.61545593013307,22.790604101713207,-0.8636873737693037,956.7858017135862,816.5593635250918,0.6220735578172992,0.42004082485858635,0.4957439387117027,0.6496385902074303,-0.7602431861669676,816.5593635250918,956.7858017135862
771,993.0,120.91168824543144,0.7921386558589308,0.9668938656280428,45.67252873151105,27.875824850973217,-1.4303227965647165,953.1742195367573,1665.6404833836857,0.8535373738168865,0.8568109482426367,0.4938726526097188,0.14001199619039023,-0.9901498073134096,1665.6404833836857,953.1742195367573
772,74.0,30.14213562373095,0.7864147173864439,0.961038961038961,12.312512893238434,7.6054252838588114,-0.5755882760741474,948.0675675675676,1379.0,1.0235134274794264,0.7093621399176955,0.4912267189469262,0.8388722322343517,-0.5443283733061834,1379.0,948.0675675675676
773,123.0,40.14213562373095,0.7555031455122967,0.9461538461538461,15.509288372980972,10.160833040003032,-0.026294364788326058,950.1138211382114,1565.5528455284552,0.9592107286629463,0.8053255378232794,0.4922869539576225,0.9996543231074443,-0.026291334933727952,1565.5528455284552,950.1138211382114
774,458.0,87.25483399593905,0.8771582918705481,0.9423868312757202,34.90365154066439,16.76078038845136,1.2494161266308204,954.9279475982532,552.3777292576419,0.7559557048843647,0.28414492245763473,0.49478131999909497,0.3158763954628154,0.948800349277665,552.3777292576419,954.9279475982532
775,613.0,94.08326112068522,0.7216078486693266,0.9623233908948194,33.79669626350737,23.39752172334624,-0.8957090792229181,960.5905383360522,479.8189233278956,0.8702531690662181,0.2468204338106459,0.49771530483733273,0.624965429135124,-0.7806524273874709,479.8189233278956,960.5905383360522
776,397.0,86.08326112068524,0.9054499381854878,0.8961625282167043,35.91744104242629,15.245268151166169,0.8411623993137136,961.1133501259446,1352.1360201511336,0.6732292063367871,0.6955432202423527,0.49798619177510084,0.6665968024560706,0.7454184750563554,1352.1360201511336,961.1133501259446
777,136.0,42.62741699796952,0.4869767910111799,0.9379310344827586,14.185014312401346,12.38940299906464,-1.2798168654126563,954.9191176470588,1022.4117647058823,0.9405258522783919,0.5259319777293633,0.49477674489484913,0.28689065066225056,-0.9579633367528168,1022.4117647058823,954.9191176470588
778,190.0,63.76955262170047,0.8515139880094327,0.8189655172413793,23.001175724340477,12.06024988171338,-1.3019194207111104,956.8894736842105,1037.6842105263158,0.5871333161886133,0.5337881741390513,0.49579765475865833,0.26564886346655536,-0.9640698529354227,1037.6842105263158,956.8894736842105
779,238.0,57.11269837220809,0.7958439595596719,0.9714285714285714,22.398909185697935,13.562579131361028,0.7760485358131883,957.344537815126,1148.2563025210084,0.9168989218019744,0.5906668222844693,0.49603343928244875,0.7136869640993276,0.7004647866057829,1148.2563025210084,957.344537815126
780,287.0,63.35533905932738,0.7738590905821547,0.9630872483221476,24.12167831830802,15.277653209157005,-0.9218933246090335,961.4076655052265,1189.191637630662,0.898514979503011,0.6117240934314104,0.4981386867902728,0.6043127395824214,-0.7967472075748924,1189.191637630662,961.4076655052265
781,577.0,88.08326112068522,0.29175750825218116,0.9697478991596639,27.890483756921824,26.677033487746723,-1.4932506726295807,966.5979202772963,1435.476603119584,0.9345421777813815,0.7384138904936132,0.500827937967511,0.07746795961402379,-0.9969948421297073,1435.476603119584,966.5979202772963
782,149.0,46.2842712474619,0.7562293728617515,0.93125,17.451059905592675,11.418343790811589,0.2951949017981627,963.1476510067114,1463.3892617449665,0.8740359022486879,0.7527722539840362,0.4990402336822339,0.9567454584289029,0.29092632705836113,1463.3892617449665,963.1476510067114
783,954.0,122.46803743153546,0.7646584805697383,0.9454905847373637,44.371022309497015,28.5942720837441,-1.2157183318538594,968.5555555555555,403.45702306079664,0.799305354321767,0.20753962091604766,0.5018422567645365,0.3476634958610867,-0.9376193756773844,403.45702306079664,968.5555555555555
784,475.0,85.59797974644665,0.7861450535173491,0.9462151394422311,31.51223945851112,19.47588854634277,-0.882867503139614,967.9073684210526,510.60842105263157,0.8146600962518283,0.2626586528048516,0.5015064085083174,0.6349384315627908,-0.7725627405748889,510.60842105263157,967.9073684210526
785,453.0,88.42640687119285,0.8728160255846001,0.888235294117647,35.13345994172599,17.14686291580357,1.1244731725805703,966.598233995585,539.1611479028697,0.7280213399160544,0.27734626949736096,0.5008281005158471,0.4316517962490113,0.9020403132870515,539.1611479028697,966.598233995585
786,267.0,61.4558441227157,0.7980844335495628,0.9638989169675091,23.856345950796502,14.374537014154834,-1.3058003323960652,965.6179775280899,744.4606741573034,0.8883717688201039,0.38295302168585565,0.5003201956104093,0.261905402371774,-0.9650935499776585,744.4606741573034,965.6179775280899
787,445.0,97.49747468305833,0.9163531170367983,0.8829365079365079,39.855283995064,15.956901264996175,1.0240294582084764,970.9168539325842,838.8314606741573,0.5882787229172597,0.4314976649558422,0.5030657274262095,0.5199281780608977,0.854209979840013,838.8314606741573,970.9168539325842
788,494.0,84.76955262170047,0.7564308607964257,0.9610894941634242,31.237069180803154,20.43134416984108,-1.1857137003042895,970.5384615384615,1097.7894736842106,0.863887182990321,0.564706519384882,0.5028696691909127,0.37563571356740927,-0.9267673983760452,1097.7894736842106,970.5384615384615
789,521.0,85.4558441227157,0.4988889670467779,0.9612546125461254,27.9209280596643,24.1981165088115,-0.33010396061226854,974.4548944337812,863.0902111324376,0.8965283976231541,0.4439764460557807,0.5048989090330472,0.9460086507044919,-0.3241413777848588,863.0902111324376,974.4548944337812
790,358.0,77.01219330881975,0.8634811729654104,0.9496021220159151,30.351475764260773,15.30870982686899,-1.1726533802501475,971.7569832402235,702.0530726256983,0.7585319984599138,0.361138411844495,0.503501027585608,0.3877072123072588,-0.9217825760584403,702.0530726256983,971.7569832402235
791,197.0,50.04163056034261,0.4548037731357761,0.9609756097560975,16.8025156417414,14.964180515275139,-0.3981604536489743,974.4213197969543,762.5177664974619,0.9885831083349341,0.3922416494328508,0.5048815128481629,0.9217757882866033,-0.3877233499914741,762.5177664974619,974.4213197969543
792,259.0,58.284271247461895,0.6068351962276547,0.9628252788104089,20.407739304595236,16.220636133339266,0.27947093886826313,977.5868725868726,365.72200772200773,0.9580912783862935,0.18812860479527146,0.5065216956408666,0.961201512833706,0.27584715283322203,365.72200772200773,977.5868725868726
793,311.0,68.42640687119285,0.808389495717257,0.948170731707317,26.152042187656058,15.394346336951251,1.0578530550748622,978.9646302250804,827.967845659164,0.8346853330212288,0.425909385627142,0.5072355597021142,0.4907438529011145,0.8713038912111947,827.967845659164,978.9646302250804
794,635.0,99.25483399593904,0.6981123227352636,0.9477611940298507,34.52067225187817,24.716395972562285,1.2075055173361167,982.2220472440945,454.14803149606297,0.8099911142820331,0.23361524253912705,0.5089233405409817,0.35535217837373817,0.9347324907828116,454.14803149606297,982.2220472440945
795,448.0,81.94112549695429,0.7136573094021437,0.9552238805970149,28.97057365877828,20.293741989148234,-1.2513660936706863,979.2232142857143,582.1339285714286,0.8384632424818955,0.2994516093474427,0.507369541080681,0.31402566668728565,-0.9494144936020336,582.1339285714286,979.2232142857143
796,573.0,87.84062043356595,0.510386536368136,0.9695431472081218,29.18018512903113,25.093357362679633,-0.8276384204300361,982.8080279232112,1900.5130890052355,0.9331977795456547,0.977630189817508,0.5092269574731664,0.6766165601916992,-0.7363355420420453,1900.5130890052355,982.8080279232112
797,438.0,87.84062043356593,0.8739128494097055,0.9339019189765458,34.64199887505287,16.838874222709375,-1.3582458031579163,981.1872146118722,520.6666666666666,0.7133344283437993,0.2678326474622771,0.5083871578299856,0.21095371007402533,-0.9774960522713143,520.6666666666666,981.1872146118722
798,700.0,96.9116882454314,0.5601252693146355,0.9722222222222222,32.82915568266367,27.19593258942096,1.4520734455575484,984.7857142857143,610.4657142857143,0.9366030884853876,0.31402557319223984,0.5102516654330126,0.11844417546979423,0.9929607128669696,610.4657142857143,984.7857142857143
799,138.0,40.384776310850235,0.5278372635496197,0.9857142857142858,14.375607276737519,12.209857729718996,1.4226164549622937,977.3840579710145,1154.6884057971015,1.0632945479720375,0.5939755173853403,0.5064166103476759,0.1476381958430024,0.9890414365071988,1154.6884057971015,977.3840579710145
800,22.0,20.414213562373096,0.9672651452389646,0.5,13.850774474995953,3.514881726351342,-1.4146678345876327,976.9545454545455,811.0909090909091,0.6633874285664354,0.4172278338945006,0.5061940650023552,0.15549496406655336,-0.9878366849585721,811.0909090909091,976.9545454545455
801,219.0,55.11269837220809,0.7151382004767841,0.948051948051948,20.07856716958428,14.034578838413625,1.0437871376406702,982.1369863013699,561.6073059360731,0.9060467957096503,0.28889264708645734,0.5088792675136632,0.5029505913241802,0.864315163980511,561.6073059360731,982.1369863013699
802,640.0,108.5685424949238,0.8338706922987862,0.8951048951048951,40.47689602020578,22.341621181260546,-0.7199069888141564,998.05,1857.5453125,0.6823101358515681,0.9555274241255144,0.5171243523316061,0.7518670560391076,-0.6593147427769875,1857.5453125,998.05
803,137.0,46.76345596729059,0.8186270597434498,0.9133333333333333,17.972397196717484,10.322005335054147,1.4634378765878566,985.7518248175182,1098.1605839416059,0.7872582715245211,0.5648974197230483,0.5107522408380923,0.10715233636138106,0.9942426146631905,1098.1605839416059,985.7518248175182
804,443.0,77.84062043356595,0.6082591036941755,0.9609544468546638,26.742217770732413,21.226328769960798,-0.5619408451862562,993.6343115124154,1797.431151241535,0.9187577437395821,0.9246045016674562,0.5148364308354484,0.8462225657317387,-0.5328295874352259,1797.431151241535,993.6343115124154
805,641.0,95.49747468305833,0.5295505245346234,0.9552906110283159,31.16569095334963,26.43718242113744,1.0919472755062065,996.2948517940717,1343.5803432137286,0.8832509614865104,0.6911421518589139,0.5162149491160993,0.4607579842481,0.8875258193154877,1343.5803432137286,996.2948517940717
806,700.0,106.08326112068522,0.7574733743445283,0.9296148738379814,37.823887000519534,24.693931930997646,-0.18198954729084454,1005.8557142857143,878.5214285714286,0.7816533258227999,0.45191431510875957,0.5211687638786084,0.9834855580474876,-0.18098662136197213,878.5214285714286,1005.8557142857143
807,758.0,100.08326112068522,0.17334677559907502,0.9755469755469756,31.359713043470506,30.88495366805457,1.111161982302289,999.820580474934,1021.6662269129288,0.9509466955810661,0.5255484706342226,0.5180417515414166,0.44362043076338076,0.8962147696893377,1021.6662269129288,999.820580474934
808,380.0,93.94112549695429,0.9597361722024296,0.8501118568232662,43.21924795123261,12.140415203860195,1.3210842942238146,995.2052631578947,1569.1684210526316,0.5411054926963114,0.807185401776045,0.5156503954185983,0.24712493378143618,0.9689836258180634,1569.1684210526316,995.2052631578947
809,577.0,89.84062043356595,0.704103318326503,0.9681208053691275,32.189695562615185,22.857823650665757,-1.483404846123711,1000.8561525129983,548.003466204506,0.8983388715796016,0.2818947871422356,0.5185783173642479,0.08728028440619578,-0.9961837942638766,548.003466204506,1000.8561525129983
810,332.0,68.8700576850888,0.6127897726818738,0.9595375722543352,23.425521194326667,18.511923739646257,0.6908755084270848,999.1777108433735,1099.0030120481927,0.8796037135797219,0.5653307675145024,0.5177086584680691,0.7706884258153112,0.6372121705635554,1099.0030120481927,999.1777108433735
811,684.0,97.15432893255071,0.5015797770087871,0.9661016949152542,31.826268310659017,27.53326740415002,-0.6620929365991636,1006.9780701754386,1185.2529239766081,0.9106293695844326,0.6096980061608066,0.5217502954276884,0.7887072875012554,-0.6147689115776854,1185.2529239766081,1006.9780701754386
812,268.0,60.04163056034261,0.7232079168426077,0.9710144927536232,22.340165490590927,15.428796775607875,-1.0590967865309653,999.6119402985074,853.2910447761194,0.9341996541596035,0.4389357226214606,0.5179336478230608,0.48965980556525573,-0.8719135707246424,853.2910447761194,999.6119402985074
813,361.0,74.52691193458118,0.7865463018674748,0.94750656167979,27.828073220597002,17.184706424806688,1.1198301623244376,1003.2770083102494,1145.0886426592797,0.8167531407759013,0.5890373676230862,0.5198326467928753,0.4358353109592549,0.9000264339012769,1145.0886426592797,1003.2770083102494
814,221.0,57.976659402887016,0.5598404971057722,0.9094650205761317,19.036360984425407,15.773536267887351,-1.5484644968442007,1002.1085972850678,1553.9592760180994,0.8262201112570037,0.7993617674990223,0.5192272524793098,0.022329973810153635,-0.9997506550483665,1553.9592760180994,1002.1085972850678
815,504.0,84.76955262170048,0.37383215061570496,0.9527410207939508,26.582065364116858,24.654769229806167,0.0908357076499232,1008.75,632.2777777777778,0.8813747777876956,0.32524577046181985,0.5226683937823834,0.9958772730393112,0.09071084303315288,632.2777777777778,1008.75
816,472.0,87.7401153701776,0.876828640220815,0.9458917835671342,35.5894852003576,17.111531655443503,-0.5840823211905338,1012.792372881356,435.10169491525426,0.7704695161426903,0.2238177442979703,0.5247628875032933,0.8342184764388904,-0.5514340700101659,435.10169491525426,1012.792372881356
817,549.0,89.84062043356595,0.6917601430914513,0.9352640545144804,31.485066492052116,22.736227517381437,-0.49943871303246906,1011.8032786885246,457.1912568306011,0.8547453041545949,0.2351806876700623,0.5242504034655568,0.8778515189448192,-0.47893288745530294,457.1912568306011,1011.8032786885246
818,819.0,113.25483399593905,0.4286891209543614,0.934931506849315,34.627505881209835,31.28429176743521,-1.4816462951034002,1012.993894993895,587.7496947496948,0.8023803235242082,0.3023403779576619,0.5248673031056451,0.089031988573909,-0.9960287671601535,587.7496947496948,1012.993894993895
819,118.0,39.79898987322333,0.7630251509134482,0.9516129032258065,15.35343009395304,9.923978108039655,0.7943784062083927,1003.271186440678,917.5,0.9361550239297057,0.4719650205761317,0.5198296302801441,0.7007283639097428,0.7134281743892479,917.5,1003.271186440678
820,225.0,56.526911934581186,0.7421213226787201,0.9375,20.902409422582505,14.010165492272298,0.3981286434253339,1010.8577777777778,1543.0711111111111,0.8848748687823782,0.7937608596250572,0.5237605066206102,0.9217881213867071,0.3876940279013406,1543.0711111111111,1010.8577777777778
821,633.0,94.18376618407356,0.7060151811717956,0.9649390243902439,33.843740157398386,23.968025048869226,-0.022554877685165543,1015.216429699842,1767.3159557661927,0.8967295231498797,0.9091131459702637,0.5260188754921461,0.9997456495293954,-0.022552965371486385,1767.3159557661927,1015.216429699842
822,1148.0,139.19595949289334,0.6079998385758942,0.9363784665579119,43.99759138265825,34.93132225771781,-1.246553273479244,1020.2822299651568,677.1088850174216,0.7445579310630545,0.34830703961801524,0.5286436424689932,0.31859137337332327,-0.9478921546315803,677.1088850174216,1020.2822299651568
823,187.0,50.62741699796952,0.7307953902536931,0.949238578680203,18.71586999313221,12.775388938918482,1.1562143398522922,1008.7967914438502,902.1604278074866,0.9168112418081202,0.4640742941396536,0.5226926380538084,0.40280736460008554,0.9152847791938494,902.1604278074866,1008.7967914438502
824,294.0,64.04163056034261,0.8156254860745042,0.9735099337748344,25.47596104209648,14.739887045166348,-1.526911924309513,1008.6428571428571,1052.1360544217687,0.9008084109099551,0.5412222502169592,0.5226128793486307,0.04387031811300189,-0.9990372341352769,1052.1360544217687,1008.6428571428571
825,397.0,75.01219330881976,0.6291729565145593,0.9520383693045563,25.688237315787774,19.966576214230834,-1.0320138304792474,1012.8136020151134,1565.5743073047859,0.8866182010047184,0.80533657783168,0.5247738870544629,0.5130913473756848,-0.8583340079760351,1565.5743073047859,1012.8136020151134
826,158.0,46.04163056034261,0.7231845298560419,0.9518072289156626,17.11033024792562,11.817332743610503,1.055883579122415,1008.8354430379746,1130.8481012658228,0.9366245986621051,0.5817119862478513,0.5227126647865153,0.49245891209573595,0.8703356937972176,1130.8481012658228,1008.8354430379746
827,235.0,57.69848480983499,0.7229148225869594,0.9437751004016064,20.92884586714861,14.460517328784649,0.6816515494386264,1013.5234042553192,1089.0,0.8870516524339256,0.5601851851851852,0.5251416602359167,0.7765331759977172,0.6300763656691928,1089.0,1013.5234042553192
828,694.0,105.49747468305831,0.8663009255179148,0.9625520110957004,42.17613802760707,21.06792899773196,-0.38843425209374194,1025.6253602305476,376.0619596541787,0.7835833631226939,0.19344751011017422,0.5314121037463977,0.9255032050912435,-0.37873977526242963,376.0619596541787,1025.6253602305476
829,506.0,85.01219330881975,0.7549481414177623,0.9619771863117871,31.38321115340963,20.580623275024276,-0.7944292255292005,1021.3498023715415,480.97628458498025,0.879828323448879,0.24741578425153304,0.5291967887935448,0.7006921070696391,-0.7134637840075061,480.97628458498025,1021.3498023715415
830,543.0,93.11269837220809,0.6889134332457357,0.9476439790575916,31.660415123712912,22.94885008453953,0.4920447422577395,1029.3462246777165,953.6777163904236,0.7870310537068985,0.49057495699095865,0.5333400127863815,0.8813687061361951,0.47242904635914307,953.6777163904236,1029.3462246777165
831,330.0,69.698484809835,0.6954771197840725,0.953757225433526,24.86964324827593,17.870038431331803,1.41523136073459,1023.4909090909091,1900.4848484848485,0.8536446639478107,0.977615662800848,0.5303061705134244,0.1549382676054951,0.9879241535823527,1900.4848484848485,1023.4909090909091
832,487.0,90.76955262170046,0.8965923427603507,0.9530332681017613,37.71865034230541,16.703961880987315,1.3110966138363822,1024.4435318275155,1522.6098562628338,0.742776979430128,0.7832355227689474,0.5307997574235831,0.2567903459182878,0.9664671325208976,1522.6098562628338,1024.4435318275155
833,740.0,104.32590180780453,0.7754587049039247,0.9647979139504563,38.80303609884489,24.50017052819369,0.5358353781577097,1044.3662162162161,1103.8878378378379,0.854392227243941,0.5678435379824269,0.5411223918218736,0.8598424190839689,0.5105595110697952,1103.8878378378379,1044.3662162162161
834,397.0,77.59797974644667,0.7389642412344899,0.9211136890951276,27.95529978328244,18.834733601187004,1.2753205043547793,1041.6146095717884,1749.521410579345,0.8285134089352711,0.8999595733432845,0.5396966888972997,0.2911950851237649,0.9566636934679623,1749.521410579345,1041.6146095717884
835,899.0,112.32590180780451,0.6187513070940276,0.96875,38.41579350432009,30.178945169675774,1.5231234129931597,1047.4438264738599,834.8542825361512,0.8953848209960008,0.42945179142806134,0.5427170085356787,0.04765485809510885,0.9988638618450139,834.8542825361512,1047.4438264738599
836,351.0,73.76955262170047,0.5655596977057861,0.9435483870967742,23.696637263851983,19.542791139968422,1.4078821521999014,1045.8005698005697,1062.923076923077,0.810518031790874,0.5467711301044634,0.541865580207549,0.1621944787133306,0.9867588109943133,1062.923076923077,1045.8005698005697
837,590.0,93.69848480983501,0.7574271206979278,0.959349593495935,34.3504286083459,22.428072125366047,0.03281110804892434,1051.7457627118645,490.97627118644067,0.8444943331551477,0.25255981028109087,0.5449459910424168,0.9994617638842516,0.0328052211298848,490.97627118644067,1051.7457627118645
838,787.0,106.08326112068524,0.6980893946000081,0.9692118226600985,37.79210705766642,27.059549720293255,-0.638630341935535,1053.674714104193,1473.735705209657,0.8788016677464905,0.7580944985646384,0.5459454477223799,0.8029129588299244,-0.5960962846243685,1473.735705209657,1053.674714104193
839,397.0,80.66904755831214,0.8758621653944111,0.9429928741092637,32.55753567769215,15.711008730821463,-0.8188265680884962,1049.9269521410579,1614.2518891687657,0.7666312389845156,0.8303764861979248,0.5440036021456258,0.68307868724967,-0.7303447864024686,1614.2518891687657,1049.9269521410579
840,862.0,115.1543289325507,0.8324185946754016,0.9674523007856342,44.60981387460208,24.720410051097954,-1.2614483806875891,1052.7575406032483,773.3341067285382,0.8168768570889609,0.39780561045706697,0.5454702282918386,0.30443759882452076,-0.952532282089148,773.3341067285382,1052.7575406032483
841,402.0,80.52691193458118,0.8710946562811369,0.9436619718309859,32.867936570652894,16.141941908244736,-0.045343956596184114,1057.4751243781095,509.4378109452736,0.779029362696205,0.26205648711176627,0.5479145722166371,0.9989721389314441,-0.045328419768789964,509.4378109452736,1057.4751243781095
842,479.0,83.698484809835,0.6534669545723094,0.9599198396793587,28.88772728191385,21.866710888047724,0.8804124927696054,1051.5323590814196,954.4154488517745,0.8592314904335462,0.49095444899782636,0.5448354192131708,0.6368331657870728,0.7710016335609249,954.4154488517745,1051.5323590814196
843,327.0,67.94112549695427,0.7716090318286527,0.9589442815249267,25.609288087448967,16.289993510509703,-1.2062511833757388,1049.5045871559632,1433.461773700306,0.8902093320072283,0.7373774556071533,0.5437847601844369,0.356524365226052,-0.9342860252621574,1433.461773700306,1049.5045871559632
844,305.0,68.2842712474619,0.8184340738997399,0.953125,26.37119418561471,15.152899806054082,0.4727449750301378,1052.9147540983606,473.9934426229508,0.821993428790287,0.24382378735748497,0.5455516860613268,0.8903217692802,0.4553319087718039,473.9934426229508,1052.9147540983606
845,948.0,125.39696961966999,0.8007771517493354,0.9097888675623801,46.15539399437561,27.645345429682084,-1.1932833445201478,1060.1972573839662,716.0854430379746,0.7576072441646605,0.3683567093816742,0.5493250038258892,0.36860971926575203,-0.929584248394315,716.0854430379746,1060.1972573839662
846,127.0,39.79898987322333,0.5790203637459864,0.9477611940298507,14.097750175333495,11.494080116075398,-0.7987390528611976,1050.0866141732283,1578.8503937007874,1.0075566782972256,0.8121658403810635,0.544086328587165,0.697610703340313,-0.7164770105069902,1578.8503937007874,1050.0866141732283
847,748.0,123.84062043356595,0.93669091778033,0.9303482587064676,53.118311905592414,18.59976390410344,1.4861890788960341,1055.7566844919786,423.78743315508024,0.6128937937168791,0.21799765079993838,0.5470241888559475,0.08450634212635182,0.9964229413960841,423.78743315508024,1055.7566844919786
848,873.0,110.5685424949238,0.3297553777338053,0.9667774086378738,34.375664682216545,32.45291042738021,-0.9741186957563308,1062.0996563573883,930.8247422680413,0.8973480804469369,0.4788193118662764,0.5503107027758488,0.5618972927126429,-0.8272070070074373,930.8247422680413,1062.0996563573883
849,662.0,105.05382386916237,0.8665127685023117,0.9403409090909091,41.52578488297909,20.727799326317818,0.9091895638812179,1066.3353474320243,1905.214501510574,0.753779155353061,0.9800486118881554,0.5525053613637432,0.6143853902091778,0.7890060787456054,1905.214501510574,1066.3353474320243
850,211.0,55.21320343559643,0.7746323274714187,0.9504504504504504,20.87442116387477,13.201231458020926,0.05820266991701891,1060.7582938388625,1936.436018957346,0.8697740147253833,0.9961090632496636,0.5496156962895661,0.9983067026991239,0.05816981473241069,1936.436018957346,1060.7582938388625
851,493.0,87.25483399593904,0.8200233092655876,0.9517374517374517,33.49372201174936,19.169466113851797,0.9535068108303278,1064.4543610547667,546.7403651115619,0.8137252456506375,0.28124504378166765,0.5515307570231952,0.5788270243238025,0.8154503515925737,546.7403651115619,1064.4543610547667
852,158.0,44.97056274847714,0.6918577311089971,0.9693251533742331,16.72624150258132,12.076912540712755,1.2420234772027665,1061.3544303797469,565.2658227848101,0.9817712417488638,0.2907746001979476,0.5499245753262937,0.322881848450657,0.9464392806414403,565.2658227848101,1061.3544303797469
853,267.0,62.526911934581186,0.810115884167397,0.960431654676259,24.236500946836504,14.209128063156673,1.2229866480919083,1064.374531835206,1070.0861423220974,0.8581973410930973,0.5504558345278279,0.5514893947332673,0.3408394585147846,0.940121515294352,1070.0861423220974,1064.374531835206
854,240.0,71.25483399593904,0.9502918606873567,0.8791208791208791,32.217415951588634,10.031231699164472,0.7161332245497989,1070.7875,1180.425,0.5940082002990635,0.6072145061728395,0.554812176165803,0.7543497947741762,0.6564726857411192,1180.425,1070.7875
855,641.0,110.42640687119285,0.9216020138983598,0.9371345029239766,46.6483061537448,18.105897382323707,-1.4185884854432003,1069.817472698908,1617.820592823713,0.6605748145011501,0.8322122391068483,0.5543095713465844,0.15162081615057904,-0.9884387326030037,1617.820592823713,1069.817472698908
856,205.0,53.698484809835,0.5868375452499653,0.9318181818181818,18.10969867473808,14.663508068585474,-0.20999522047952154,1069.219512195122,1537.7560975609756,0.8933870686662606,0.7910267991568805,0.5539997472513586,0.9780319110513375,-0.2084552253249331,1537.7560975609756,1069.219512195122
857,1463.0,145.1543289325507,0.6863948799040194,0.9759839893262174,50.75813710511581,36.912791047710506,-0.4066151691087829,1084.6705399863295,382.53588516746413,0.8725578007931821,0.19677771870754326,0.5620054611328132,0.9184647916487554,-0.39550275157273973,382.53588516746413,1084.6705399863295
858,1200.0,138.0538238691624,0.7603946505267188,0.9569377990430622,49.039478706527106,31.84924341283247,-1.566114180650476,1078.3858333333333,789.6658333333334,0.7912144847196937,0.4062067043895748,0.5587491364421416,0.004682129037053817,-0.999989038773766,789.6658333333334,1078.3858333333333
859,924.0,116.32590180780451,0.488079054055153,0.9604989604989606,37.497669688500494,32.72794455826419,-0.600640783755414,1079.0313852813854,415.93290043290045,0.85808237000942,0.21395725330910517,0.55908361931678,0.8249736317668975,-0.5651712190914674,415.93290043290045,1079.0313852813854
860,159.0,49.2842712474619,0.837575020938041,0.9244186046511628,19.282122910849104,10.534254246189326,-1.0198447502117345,1072.3710691823899,190.40880503144655,0.822603039804254,0.09794691616843958,0.5556326783328445,0.5234982345338921,-0.8520267592276067,190.40880503144655,1072.3710691823899
861,59.0,25.899494936611667,0.6161835238011809,0.9672131147540983,9.747167084920344,7.6768941973118725,-0.5419485474918135,1070.1864406779662,999.5254237288135,1.1052977491067861,0.5141591685847806,0.5545007464652675,0.8567052353111405,-0.5158063006502377,999.5254237288135,1070.1864406779662
862,87.0,32.970562748477136,0.5425738944322114,0.925531914893617,11.507462056026052,9.666361070472709,0.558933808283932,1073.0804597701149,1135.528735632184,1.00571840274623,0.5841197199754032,0.5560002382228575,0.8478209756651912,0.5302825597944205,1135.528735632184,1073.0804597701149
863,547.0,87.35533905932736,0.7282279499796204,0.9715808170515098,31.949677317013933,21.896231885959622,0.5507721315523787,1081.762340036563,1778.5941499085923,0.900779062371247,0.9149146861669714,0.5604986217806026,0.8521206846660616,0.5233453341382173,1778.5941499085923,1081.762340036563
864,470.0,89.08326112068524,0.876130202116318,0.9494949494949495,35.44465262923435,17.086964862544338,1.0002885318464478,1080.540425531915,881.268085106383,0.7442442838279396,0.45332720427283074,0.5598655054569508,0.540059492204277,0.8416268442011926,881.268085106383,1080.540425531915
865,248.0,59.11269837220809,0.7536899852216103,0.9501915708812261,21.995487200012843,14.456096282646108,-0.46408417842264865,1079.758064516129,449.133064516129,0.8918667557887776,0.23103552701446967,0.5594601370549891,0.8942318659895734,-0.44760403243135083,449.133064516129,1079.758064516129
866,195.0,52.8700576850888,0.7770787359018049,0.9420289855072463,19.94696308500721,12.554686358086473,0.29858131966941487,1079.871794871795,1528.6102564102564,0.8766473147877006,0.7863221483591853,0.5595190647004119,0.9557547763087685,0.294164592639862,1528.6102564102564,1079.871794871795
867,316.0,64.52691193458118,0.5164208605772246,0.9663608562691132,21.792506059343875,18.661683927192566,1.5122531145848292,1080.882911392405,1095.0569620253164,0.9537074682618432,0.5633009063916237,0.5600429592706762,0.05850977700659343,0.9982868355310706,1095.0569620253164,1080.882911392405
868,469.0,90.91168824543142,0.9014652199379951,0.955193482688391,37.3559800380678,16.16959355507891,0.910818318317496,1083.9808102345417,1720.6929637526653,0.7130882185534166,0.8851301253871735,0.5616480882044257,0.613099478693163,0.7900057146794395,1720.6929637526653,1083.9808102345417
869,686.0,99.63961030678927,0.6206047054291552,0.9594405594405594,33.814777285751774,26.51496445695724,0.977063677142243,1087.5816326530612,683.8250728862973,0.8683002759992274,0.3517618687686715,0.5635137993021042,0.5594587503539997,0.8288581945377274,683.8250728862973,1087.5816326530612
870,448.0,91.63961030678928,0.9334151083884731,0.9491525423728814,40.093584688985565,14.385510884907632,0.8822733245129829,1087.142857142857,1840.924107142857,0.6703805579562153,0.9469774213697825,0.5632864544781643,0.6353973597220167,0.7721853373758726,1840.924107142857,1087.142857142857
871,655.0,122.71067811865474,0.9244166885052649,0.8007334963325183,51.06735322920112,19.47627348975543,0.8132400841018717,1093.8274809160305,524.8045801526717,0.5466211755675163,0.26996120378223853,0.5667499901119329,0.6871480664748755,0.7265174015395915,524.8045801526717,1093.8274809160305
872,656.0,95.91168824543142,0.5026851608522932,0.9618768328445748,31.164493571138088,26.94075620535035,0.2437450599211957,1090.065548780488,958.6829268292682,0.8961292071091139,0.4931496537187594,0.5648008024769368,0.9704409546238668,0.2413386698992062,958.6829268292682,1090.065548780488
873,338.0,67.94112549695427,0.6688775277958355,0.9548022598870056,24.095639680572475,17.912038810361498,0.6438379966118057,1088.9437869822484,1307.8668639053255,0.9201552116771962,0.6727710205274309,0.564219578747279,0.7997978219153502,0.6002694762016988,1307.8668639053255,1088.9437869822484
874,483.0,83.7401153701776,0.6571871411043415,0.9621513944223108,28.978677767017516,21.842024757058415,-1.0505959207306574,1089.7494824016562,574.1552795031056,0.8655454644982379,0.2953473659995399,0.5646370375138116,0.4970540440908463,-0.8677195844585595,574.1552795031056,1089.7494824016562
875,1735.0,185.92388155425118,0.9107710469471156,0.8811579481970544,75.59110758912686,31.212455306674915,1.3257712516918967,1102.1302593659943,887.4132564841499,0.630723464160359,0.45648830066057094,0.5710519478580282,0.2425806510056623,0.9701312425428165,887.4132564841499,1102.1302593659943
876,568.0,88.42640687119285,0.577397890648455,0.9643463497453311,29.950153807188006,24.453189594236036,0.7517796668095922,1094.630281690141,1070.0580985915492,0.9128391193649424,0.5504414087405088,0.5671659490622492,0.7304746209295365,0.6829398422832349,1070.0580985915492,1094.630281690141
877,933.0,126.22539674441619,0.7609644656996756,0.915603532875368,44.67740470804278,28.986412398549124,0.394997617959129,1103.4083601286175,1675.545551982851,0.7358647829362017,0.8619061481393266,0.5717141762324442,0.9229974809893319,0.3848059901916132,1675.545551982851,1103.4083601286175
878,106.0,36.970562748477136,0.5446506618308921,0.9380530973451328,12.791069434774805,10.727396886512814,1.4025122255481584,1086.122641509434,1800.377358490566,0.9745488352993519,0.9261200403758055,0.5627578453416757,0.16749093716165087,0.9858736156164805,1800.377358490566,1086.122641509434
879,202.0,70.66904755831214,0.9580593886587523,0.8744588744588745,31.80134464872857,9.113302619260702,0.9743102075288486,1089.2574257425742,1827.8762376237623,0.5082796909240704,0.9402655543332111,0.5643820858769815,0.5617388625291745,0.8273146017836439,1827.8762376237623,1089.2574257425742
880,239.0,63.94112549695428,0.9018700546025032,0.93359375,26.8154700850307,11.584481851257191,0.3756637488919007,1096.44769874477,1189.824267782427,0.7345937212239727,0.6120495204642113,0.5681076159299326,0.9302643039714337,0.36689007176066235,1189.824267782427,1096.44769874477
881,788.0,112.22539674441617,0.5546566290791577,0.9482551143200962,35.55947811489034,29.58830699006203,-0.8132068320424257,1100.8515228426395,808.9784263959391,0.7862375521520638,0.41614116584153243,0.5703893900739064,0.6871722242948058,-0.7264945520495862,808.9784263959391,1100.8515228426395
882,360.0,73.18376618407356,0.8049068824380575,0.9549071618037135,27.913623537114493,16.56397597319538,-0.4985123305463694,1097.0555555555557,1232.5305555555556,0.8446618008331043,0.6340177754915409,0.5684225676453656,0.8782948172410546,-0.4781194557926947,1232.5305555555556,1097.0555555555557
883,168.0,48.8700576850888,0.8176040963809742,0.9491525423728814,19.359234586339248,11.146675778109278,-0.6400262925035843,1092.982142857143,1436.6369047619048,0.8839616877377734,0.7390107534783461,0.5663119911176906,0.8020800558437692,-0.5972165302615594,1436.6369047619048,1092.982142857143
884,623.0,98.66904755831213,0.7755290927456373,0.9425113464447806,35.6389813338499,22.49931051412083,-0.698368683896215,1100.5329052969503,1456.2343499197432,0.8041480971826874,0.7490917437858762,0.5702243032626685,0.7658920918100871,-0.6429691312207524,1456.2343499197432,1100.5329052969503
885,524.0,98.91168824543142,0.9058757303545505,0.9225352112676056,40.76423294132251,17.265429011331477,-1.0134292218874557,1097.8473282442749,346.57251908396944,0.6730478199732113,0.17827804479628057,0.5688328125618004,0.5289536255476716,-0.8486507302889532,346.57251908396944,1097.8473282442749
886,605.0,99.25483399593904,0.8530962314140762,0.9512578616352201,38.64603869894217,20.1637098478046,-0.37444750161673346,1105.8148760330578,437.07107438016527,0.7717238175442993,0.22483079957827432,0.5729610756647968,0.930709844861375,-0.36575836925231847,437.07107438016527,1105.8148760330578
887,840.0,109.9827560572969,0.6329220443612817,0.9688581314878892,37.5485835371331,29.070696476509013,-1.1030114209072044,1103.5380952380951,592.3845238095238,0.872649718955536,0.30472454928473447,0.5717813964964223,0.45091026825323,-0.8925692858169612,592.3845238095238,1103.5380952380951
888,462.0,86.66904755831214,0.7840754695669607,0.9005847953216374,31.60525652210954,19.6162922180083,-0.5489866770674926,1103.1883116883116,1246.508658008658,0.772900862036592,0.6412081574118611,0.5716001614965345,0.853053735228455,-0.521823078076067,1246.508658008658,1103.1883116883116
889,344.0,67.698484809835,0.5924791878547696,0.9635854341736695,23.406886223776137,18.856254158722233,1.0360442860927386,1098.3517441860465,1810.8255813953488,0.9432143713287907,0.9314946406354675,0.5690941679720448,0.5096277121521257,0.8603950226533101,1810.8255813953488,1098.3517441860465
890,430.0,77.35533905932736,0.6371364190775377,0.9534368070953437,26.705947107932897,20.583636816417897,0.40801452294942714,1102.0604651162791,647.1953488372093,0.9030207535078371,0.33291941812613646,0.5710157850343415,0.9179104442703067,0.3967876211520317,647.1953488372093,1102.0604651162791
891,386.0,79.01219330881976,0.8750548775443925,0.9484029484029484,31.956923498502523,15.467908983681113,0.9854893015623192,1100.6088082901554,668.4533678756477,0.776978378389423,0.34385461310475707,0.5702636312384225,0.5524553269468809,0.8335425074511887,668.4533678756477,1100.6088082901554
892,532.0,87.84062043356595,0.5292172485338741,0.948306595365419,28.614657618463088,24.27914669795206,0.9407861761875174,1103.157894736842,938.859022556391,0.8664244654769431,0.48295217209690894,0.5715844014180529,0.5891529598819066,0.8080215280933971,938.859022556391,1103.157894736842
893,258.0,68.76955262170047,0.8957067435253816,0.9247311827956989,27.693213709296103,12.31365690639741,0.9279811597614642,1100.4651162790697,1829.8798449612402,0.685546900845012,0.9412962165438479,0.5701891794192071,0.5994511054803274,0.8004113768172048,1829.8798449612402,1100.4651162790697
894,681.0,98.76955262170047,0.3102501205800376,0.9578059071729957,30.471748744621962,28.968119239527486,0.2372602756849322,1105.136563876652,1911.2466960352424,0.8772246011814532,0.9831515926107214,0.5726096185889389,0.9719855682301768,0.2350405393804661,1911.2466960352424,1105.136563876652
895,751.0,104.32590180780453,0.7354435959661262,0.9603580562659847,37.820033884130666,25.62632351905998,0.10563198081076926,1110.3728362183756,754.7523302263648,0.8670926522435132,0.38824708344977615,0.5753227130665158,0.9944261280333442,0.10543564807317758,754.7523302263648,1110.3728362183756
896,641.0,93.49747468305833,0.5606090037531813,0.9682779456193353,31.508016062725435,26.091178079109614,-1.0298855683265409,1106.928237129485,1507.1419656786272,0.9214422711023441,0.775278788929335,0.5735379466992151,0.5149169437570534,-0.8572400719937767,1507.1419656786272,1106.928237129485
897,900.0,111.63961030678928,0.4281219768598216,0.974025974025974,35.75081918021289,32.30876461818988,1.547500038679122,1111.5322222222221,463.0733333333333,0.9074354673012883,0.23820644718792866,0.5759234312032239,0.023294180957533536,0.9997286537523657,463.0733333333333,1111.5322222222221
898,334.0,73.59797974644667,0.7172272661416613,0.925207756232687,25.300825701351055,17.63061037331995,0.20975160005715704,1106.5479041916167,560.6616766467066,0.7748623234464258,0.2884062122668244,0.5733408830008376,0.978082665977331,0.20821695059403006,560.6616766467066,1106.5479041916167
899,710.0,103.29036790187179,0.6196507880734705,0.9607577807848444,34.258280589172955,26.88855822435531,0.5804863594249795,1110.6690140845071,784.4957746478873,0.8362739412195349,0.403547209181012,0.5754761731007809,0.83619601438819,0.5484306934529704,784.4957746478873,1110.6690140845071
900,989.0,126.56854249492379,0.6877838202307652,0.9286384976525821,42.848960089105056,31.10472734189581,-0.2811225360996142,1114.9625884732052,1566.9555106167845,0.7758086144583793,0.8060470733625434,0.5777008230431115,0.9607446136772658,-0.2774342936446778,1566.9555106167845,1114.9625884732052
901,1274.0,148.71067811865476,0.4237436452720926,0.9185291997116077,44.518397426300936,40.32397022273405,-0.8206286361083911,1115.504709576138,708.1208791208791,0.7239273490169342,0.3642597114819337,0.5779817148062891,0.6817614478475914,-0.7315745541151332,708.1208791208791,1115.504709576138
902,675.0,110.56854249492379,0.8131300304468985,0.881201044386423,40.088907174739546,23.33503467045781,1.3304922886679467,1113.6607407407407,980.4518518518519,0.6938258353971164,0.5043476604176192,0.5770262905392439,0.23799793921457588,0.9712656592969892,980.4518518518519,1113.6607407407407
903,228.0,55.45584412271571,0.6993204460445502,0.9539748953974896,20.293734483010457,14.506129959945227,-1.0029385579901178,1107.8640350877192,1403.2149122807018,0.9316441695943486,0.7218183705147643,0.5740228161076265,0.537827265354201,-0.8430550590807352,1403.2149122807018,1107.8640350877192
904,361.0,75.39087296526012,0.7692512173745156,0.9352331606217616,27.37053601823453,17.488306793466986,-0.818353127447306,1113.5124653739613,1432.595567867036,0.7981408178255748,0.7369318764748127,0.5769494639243322,0.6834243855860268,-0.7300213073509305,1432.595567867036,1113.5124653739613
905,911.0,129.05382386916236,0.8728842463778739,0.8922624877571009,50.2878551713296,24.53681957840983,-1.3742337415218104,1113.5642151481889,1727.5861690450056,0.6873635313184644,0.8886760128832333,0.5769762772788544,0.19529926842203563,-0.9807436952404117,1727.5861690450056,1113.5642151481889
906,519.0,97.74011537017762,0.9213389153882248,0.9470802919708029,41.5133909796519,16.138760047027585,1.1023735853934797,1115.387283236994,1223.1579961464354,0.6827025534760479,0.6291965000753268,0.5779208721435203,0.45147948888073824,0.8922814976900436,1223.1579961464354,1115.387283236994
907,305.0,64.5269119345812,0.4494971719200674,0.9561128526645768,21.20974622403646,18.946279313728592,-0.5435825961165728,1117.1016393442624,1099.5147540983608,0.9205087905691837,0.5655940093098564,0.5788091395566126,0.8558612393595505,-0.5172055094079473,1099.5147540983608,1117.1016393442624
908,824.0,134.71067811865476,0.9354758830615774,0.8182720953326713,57.871858163111916,20.451367080041287,0.6659228927945018,1125.5266990291261,1618.8337378640776,0.5706016603664804,0.8327334042510688,0.5831744554555057,0.7863469706611632,0.6177851096716492,1618.8337378640776,1125.5266990291261
909,563.0,100.08326112068524,0.8894289043150535,0.9414715719063546,39.90567068312038,18.23982630493364,-0.46387833590943645,1126.3552397868561,1007.4120781527531,0.7063100126809237,0.5182160895847495,0.5836037511848996,0.8943239829830705,-0.4474199520152144,1007.4120781527531,1126.3552397868561
910,479.0,86.31980515339464,0.4543980073920646,0.9264990328820116,26.642075476451943,23.73272809823651,0.5877820074303908,1121.2797494780793,1028.1816283924843,0.807838365640572,0.5289000146051874,0.5809739634601447,0.832172638801451,0.5545166356659011,1028.1816283924843,1121.2797494780793
911,863.0,115.49747468305833,0.784510065454728,0.9483516483516483,42.577926415675265,26.40325697878539,1.03074261343152,1125.5631517960603,518.8088064889919,0.8129721767488923,0.2668769580704691,0.5831933428995131,0.5141820613294908,0.8576810641531942,518.8088064889919,1125.5631517960603
912,464.0,93.35533905932738,0.9301804091770044,0.9411764705882353,40.238198673309846,14.771552145353377,-1.44512538429599,1117.717672413793,1271.717672413793,0.6690360556275964,0.6541757574145026,0.5791283276755405,0.1253404128555146,-0.992113794332691,1271.717672413793,1117.717672413793
913,130.0,40.38477631085024,0.6973818162858809,0.9558823529411765,15.19361660527168,10.889261971609105,1.4615341120918888,1120.1692307692308,236.86923076923077,1.0016542843214842,0.1218463121240899,0.5803985651654046,0.10904494483112173,0.9940368202470056,236.86923076923077,1120.1692307692308
914,520.0,94.18376618407356,0.80794799258817,0.935251798561151,35.03530435657816,20.644686239895016,-0.015862774290130385,1132.6365384615385,1157.1903846153846,0.7366498452416074,0.5952625435264324,0.5868583100836987,0.9998741888340736,-0.015862109046507835,1157.1903846153846,1132.6365384615385
915,1249.0,151.29646455628165,0.8877959537286707,0.9083636363636364,60.000534082455026,27.614481994609218,0.1085309912054487,1143.7982385908726,351.4427542033627,0.685669360155234,0.18078330977539234,0.5926415743994159,0.9941162907161804,0.10831805266299258,351.4427542033627,1143.7982385908726
916,680.0,101.9827560572969,0.7394051111060961,0.951048951048951,36.654834116579366,24.67826231110566,-0.8815005844714889,1130.3411764705882,918.3058823529411,0.82160918886374,0.47237956911159523,0.5856690033526364,0.6359938684857728,-0.7716941098962086,918.3058823529411,1130.3411764705882
917,544.0,84.76955262170047,0.5436185408105569,0.974910394265233,28.735756982470853,24.118851949186965,0.7783451691709639,1128.639705882353,1829.795955882353,0.9513251569771957,0.9412530637254902,0.5847874123742761,0.7120763725396975,0.7021020151450258,1829.795955882353,1128.639705882353
918,1105.0,132.5685424949238,0.8201499598425755,0.9659090909090909,49.82430606605934,28.50690795825438,-1.5156296476378253,1133.7049773755657,858.8036199095022,0.7901165868492996,0.4417714094184682,0.5874119053759408,0.055138701381069515,-0.9984787046352112,858.8036199095022,1133.7049773755657
919,503.0,84.66904755831213,0.6980724143040736,0.9562737642585551,30.112960782627496,21.561698009799287,0.7441943839458552,1131.8747514910538,1351.2902584493042,0.881715550250781,0.695108157638531,0.5864636018088362,0.7356338487546784,0.6773793918967265,1351.2902584493042,1131.8747514910538
920,1634.0,165.82337649086284,0.7173890901649747,0.9159192825112108,55.430539941060005,38.61694560944931,-1.5490058263435718,1139.5048959608323,420.7233782129743,0.7467417070448658,0.2164214908502954,0.5904170445392913,0.021788776043230988,-0.9997625964390436,420.7233782129743,1139.5048959608323
921,795.0,111.25483399593904,0.7913027379226448,0.9578313253012049,41.173114616267284,25.174252962324207,1.2510580977500994,1135.0880503144654,678.8616352201258,0.8071220508970659,0.3492086600926573,0.5881285234789976,0.31431806757916725,0.9493177299478284,678.8616352201258,1135.0880503144654
922,444.0,79.59797974644667,0.546050550178658,0.9548387096774194,26.254334745652574,21.99462744554453,1.4255660214095984,1133.1351351351352,1705.204954954955,0.8806204038660789,0.8771630426723019,0.5871166503290856,0.1447203144154382,0.9894726022460131,1705.204954954955,1133.1351351351352
923,449.0,80.62741699796952,0.43646762734619987,0.9573560767590619,25.51911087757422,22.960053472696615,1.1224916895484922,1132.576837416481,554.988864142539,0.8679420136010251,0.28548809883875464,0.5868273768997312,0.4334383252628653,0.9011832323081265,554.988864142539,1132.576837416481
924,880.0,110.32590180780451,0.4758511566506876,0.9691629955947136,35.81605052984861,31.501141387906117,1.4403708598086746,1136.6909090909091,595.5738636363636,0.9085264260501298,0.3063651561915451,0.5889590202543571,0.13005600772421225,0.9915066489211455,595.5738636363636,1136.6909090909091
925,168.0,58.970562748477136,0.9414211561070851,0.9333333333333333,26.44657253580563,8.918661330560381,0.0894559237598267,1134.345238095238,1939.9285714285713,0.607083740477157,0.997905643738977,0.5877436466814705,0.9960014863822615,0.08933666170350095,1939.9285714285713,1134.345238095238
926,703.0,102.91168824543142,0.7737916346154118,0.9577656675749319,37.80998359258733,23.950364142599764,0.8781287156875817,1142.045519203414,300.0867709815078,0.8341339226642535,0.1543656229328744,0.5917334296390746,0.6385922993725588,0.7695452392043421,300.0867709815078,1142.045519203414
927,897.0,113.39696961966999,0.552640939483191,0.9562899786780383,37.33698257290936,31.117367757634025,-0.025136190021201026,1145.0122630992196,1604.520624303233,0.8765958484440991,0.8253706915140088,0.5932706026420826,0.9996841026088705,-0.025133543146505077,1604.520624303233,1145.0122630992196
928,387.0,75.35533905932736,0.7124586947041708,0.9485294117647058,26.67061680606062,18.715146542067824,-1.054551603126402,1137.4496124031007,1191.7131782945737,0.8564317760746771,0.6130211822502951,0.5893521307788087,0.49361774115515955,-0.8696789784839449,1191.7131782945737,1137.4496124031007
929,96.0,35.79898987322333,0.801849304320788,0.9795918367346939,14.544369608062478,8.690643527742392,-0.8050604878794401,1133.59375,259.8020833333333,0.9413249113751824,0.13364304698216734,0.587354274611399,0.6930676322368684,-0.7208725665092138,259.8020833333333,1133.59375
930,162.0,46.62741699796952,0.5634400334320396,0.9418604651162791,15.939494489186087,13.168524370640036,-0.8320878722864805,1137.6234567901236,1653.3024691358025,0.9363585129016623,0.8504642330945487,0.5894422055907376,0.6733335837693014,-0.7393388160839313,1653.3024691358025,1137.6234567901236
931,528.0,99.49747468305833,0.8376339403960782,0.9056603773584906,36.46242157027934,19.916940927576885,1.120245286961277,1142.5132575757575,1029.7594696969697,0.6702235289964537,0.529711661366754,0.5919757811273355,0.43546165027005246,0.9002072823211789,1029.7594696969697,1142.5132575757575
932,303.0,64.18376618407356,0.6181651490315131,0.9619047619047619,22.30483777107697,17.532678656688677,1.2433406535792066,1142.5082508250825,269.8283828382838,0.9242768984284547,0.1388006084559073,0.5919731869560013,0.32163494125646125,0.9468637518476207,269.8283828382838,1142.5082508250825
933,481.0,88.76955262170047,0.8535266158173115,0.9303675048355899,34.60879067351976,18.032884263300264,1.5177019434869259,1143.2245322245321,1215.2577962577961,0.7670556586441518,0.6251326112437223,0.5923443172147835,0.05306944119294126,0.9985908243176826,1215.2577962577961,1143.2245322245321
934,803.0,116.32590180780451,0.8357314303683328,0.9447058823529412,43.67508656910207,23.983666917428295,-1.4526862860491525,1147.1407222914072,1461.6650062266501,0.7457144406034245,0.751885291268853,0.594373431239071,0.11783562673422411,-0.993033113784305,1461.6650062266501,1147.1407222914072
935,210.0,61.248737341529164,0.7515218904952892,0.8898305084745762,21.0934180856145,13.915499901252282,-0.017019802263982833,1148.0761904761905,386.6952380952381,0.7034526640302217,0.19891730354693318,0.5948581297804096,0.9998551666616985,-0.01701898057778909,386.6952380952381,1148.0761904761905
936,274.0,72.2842712474619,0.92119980846529,0.898360655737705,30.77863521766702,11.975654619789838,-1.4668498838392996,1142.4087591240875,1314.890510948905,0.6589808785559915,0.676384007689766,0.5919216368518588,0.10375935621057056,-0.9946024311245011,1314.890510948905,1142.4087591240875
937,511.0,90.08326112068524,0.794605670973177,0.9551401869158879,33.00553914582506,20.038516821870594,-1.1081163699427878,1149.1272015655577,1732.7103718199608,0.7913025488441092,0.8913119196604736,0.595402695111688,0.4463478918674403,-0.8948595193802722,1732.7103718199608,1149.1272015655577
938,398.0,77.45584412271572,0.7723441854616647,0.9521531100478469,28.554477186459597,18.137925714123835,-1.271619064230709,1148.1281407035176,1055.1658291457286,0.8336515337202388,0.5427807763095311,0.5948850469966412,0.2947341156382623,-0.9555793013031055,1055.1658291457286,1148.1281407035176
939,1504.0,155.095454429505,0.836408148182043,0.954920634920635,59.622878139755116,32.67972373285009,-1.0983804372858872,1159.7287234042553,455.2114361702128,0.7857050799440306,0.23416226140443044,0.6008957116084225,0.4550388921180733,-0.8904715642062673,455.2114361702128,1159.7287234042553
940,501.0,87.18376618407358,0.6752898566514801,0.947069943289225,29.96040860133823,22.09737262479644,0.738977773099542,1152.7225548902195,551.61876247505,0.8282784044236133,0.2837545074460133,0.597265572481979,0.7391574480209374,0.6735326770359217,551.61876247505,1152.7225548902195
941,817.0,109.74011537017762,0.6477399244022813,0.9533255542590432,37.301761402689166,28.418777000272467,1.276951221652976,1154.8959608323134,649.4345165238678,0.8525131676323885,0.3340712533558991,0.5983916895504214,0.28963465060312926,0.9571372781215886,649.4345165238678,1154.8959608323134
942,414.0,80.25483399593904,0.6935430517521401,0.9118942731277533,27.58673104795243,19.873899886123436,1.1062596202506332,1152.0072463768115,1013.0917874396135,0.8077329576734869,0.5211377507405419,0.5968949463092288,0.44800865165358705,0.8940292210233035,1013.0917874396135,1152.0072463768115
943,440.0,79.01219330881976,0.7162340990215991,0.9606986899563319,28.40384892161588,19.82191277203471,0.6865156372787276,1152.6522727272727,1125.7045454545455,0.8856748354698086,0.5790661242050131,0.5972291568535092,0.7734592551769149,0.6338460227698616,1125.7045454545455,1152.6522727272727
944,216.0,55.45584412271571,0.6698892325054707,0.9432314410480349,19.46523140344207,14.452176217159286,-1.3664375347344204,1148.6898148148148,1708.8935185185185,0.8826102659314882,0.8790604519128181,0.5951760698522356,0.20293933642316916,-0.9791913121204271,1708.8935185185185,1148.6898148148148
945,75.0,30.384776310850235,0.7198242245021513,0.974025974025974,11.770925448849987,8.170863049060646,-0.959881831176672,1148.24,814.5066666666667,1.0208432005914823,0.4189849108367627,0.5949430051813471,0.5736167849716582,-0.8191237903997042,814.5066666666667,1148.24
946,630.0,101.01219330881976,0.7897281069305758,0.9445277361319341,36.62088824081109,22.465341021794053,-1.4714263766892057,1156.6444444444444,1175.2809523809524,0.7758947461415525,0.6045683911424652,0.5992976396085204,0.09920649460405466,-0.9950668678176234,1175.2809523809524,1156.6444444444444
947,62.0,34.14213562373095,0.8577830866515632,0.7045454545454546,13.935259812412516,7.162888599334154,-1.289877087820724,1151.241935483871,1628.032258064516,0.6683749847212825,0.8374651533253684,0.5964984121678087,0.2772389712946382,-0.9608009954176207,1628.032258064516,1151.241935483871
948,622.0,101.25483399593904,0.7679044156267828,0.9283582089552239,35.7686230359365,22.912108170764235,-0.7928695394102145,1164.3102893890675,1198.8890675241157,0.7623751235356293,0.6167124832942982,0.6032695799943355,0.7018040339198724,-0.7123700569042712,1198.8890675241157,1164.3102893890675
949,712.0,109.49747468305833,0.8072587965812603,0.9198966408268734,41.21143230669684,24.322889427894737,-0.7626922211404672,1162.3820224719102,1391.0898876404494,0.7462453726566803,0.7155812179220419,0.6022704779647203,0.7229786572788565,-0.6908703649160686,1391.0898876404494,1162.3820224719102
950,527.0,89.84062043356595,0.8298920107264861,0.9599271402550091,34.81948911130681,19.42663053880872,1.3806231738570198,1159.3453510436432,281.8235294117647,0.8204932154635183,0.14497095134350035,0.6006970730796078,0.1890289290627909,0.9819715189237285,281.8235294117647,1159.3453510436432
951,398.0,75.01219330881975,0.6247546373800903,0.9498806682577565,25.87665407547428,20.205038375543413,0.8642850477651759,1162.1507537688442,574.9623115577889,0.8888514962213554,0.2957625059453647,0.6021506496211628,0.649184096621508,0.7606313224511048,574.9623115577889,1162.1507537688442
952,346.0,71.2842712474619,0.6812586609879299,0.9376693766937669,24.787220048146185,18.145305558501697,-1.0019582070218693,1160.9537572254335,1068.4046242774566,0.8556546890143952,0.5495908561098027,0.6015304441582557,0.5386534966156189,-0.8425273945598252,1068.4046242774566,1160.9537572254335
953,720.0,110.81118318204308,0.8760712664629139,0.9436435124508519,44.506409205903275,21.460173479483508,-0.5494827321770268,1169.5055555555555,1359.9666666666667,0.7368433634949898,0.6995713305898491,0.6059614277489924,0.8527947772791677,-0.5222461755201033,1359.9666666666667,1169.5055555555555
954,146.0,43.79898987322333,0.694317674482297,0.9419354838709677,16.088214238799083,11.578183434539518,-0.9115292112427966,1158.0616438356165,775.8082191780821,0.9563889080747483,0.39907830204633854,0.6000319398112003,0.6125377143463011,-0.7904413631025449,775.8082191780821,1158.0616438356165
955,495.0,84.08326112068522,0.5788238295123163,0.9519230769230769,27.98210580536329,22.81808147363646,0.6316953032117552,1165.5878787878787,998.189898989899,0.8798243321906399,0.5134721702622937,0.6039315434134087,0.8070275686335916,0.5905137622997059,998.189898989899,1165.5878787878787
956,430.0,81.84062043356595,0.8215350239757838,0.9513274336283186,31.24276486471482,17.8133139576661,-0.8877730443871971,1163.8767441860466,1255.213953488372,0.8067528223125866,0.645686190066035,0.6030449451741174,0.631140968702308,-0.7756681491627153,1255.213953488372,1163.8767441860466
957,235.0,55.45584412271571,0.7455009515953669,0.975103734439834,21.192322302458027,14.124779494019702,0.19953086086372715,1161.8936170212767,1419.6893617021276,0.9602472800643506,0.7302928815340163,0.6020174181457392,0.9801596735439019,0.19820952136139078,1419.6893617021276,1161.8936170212767
958,380.0,71.94112549695427,0.61594790566307,0.9571788413098237,24.8904696718052,19.60838558996949,1.498041741866328,1161.1842105263158,1770.9184210526316,0.9226542886532383,0.910966265973576,0.6016498500136351,0.07269041745949281,0.9973545524083022,1770.9184210526316,1161.1842105263158
959,439.0,77.59797974644667,0.6835008364483555,0.9690949227373068,27.754521956932567,20.259405775421456,1.279066924630649,1162.8861047835992,806.4168564920274,0.9161647015682217,0.4148234858498083,0.6025316605096369,0.2876089856935581,0.9577479163894447,806.4168564920274,1162.8861047835992
960,734.0,118.22539674441619,0.9168845117179941,0.9507772020725389,49.28626641609351,19.67274101908598,-0.9941882056534185,1166.208446866485,1277.3542234332424,0.6599094745453252,0.6570752178154539,0.6042530812779715,0.5451836097924655,-0.8383166654753184,1277.3542234332424,1166.208446866485
961,539.0,85.49747468305833,0.6355046429145824,0.9676840215439856,29.85045595117029,23.047448869230966,-0.9686254237007791,1166.5398886827459,1326.1168831168832,0.9265994853722093,0.6821588904922239,0.6044248127889875,0.5664328650990662,-0.8241078869514981,1326.1168831168832,1166.5398886827459
962,496.0,83.84062043356595,0.6327748675130337,0.9575289575289575,28.84711399043639,22.337353757854096,-0.5922466754737119,1168.0887096774193,1541.8407258064517,0.8867119747698673,0.7931279453736891,0.6052273107136887,0.8296886203802829,-0.558226471256481,1541.8407258064517,1168.0887096774193
963,1056.0,126.56854249492382,0.5535162991438488,0.9395017793594306,40.78016185978569,33.96328245533039,0.53552290025493,1176.284090909091,1569.9308712121212,0.8283659220101601,0.8075776086482105,0.6094736222326896,0.8600019156680805,0.5102908043921934,1569.9308712121212,1176.284090909091
964,307.0,63.698484809834994,0.45715398687910774,0.959375,21.01418729717965,18.68975677032095,-0.5268522758059321,1166.6742671009772,1233.7035830618893,0.9508018884349964,0.634621184702618,0.6044944389124234,0.8643940730010014,-0.5028149625466009,1233.7035830618893,1166.6742671009772
965,463.0,82.91168824543142,0.8015451487297047,0.9686192468619247,31.64733423285642,18.92302525021899,-1.0366961870351268,1168.965442764579,486.00647948164146,0.846368201620007,0.250003333066688,0.605681576561958,0.5090667115762858,-0.8607270665924864,486.00647948164146,1168.965442764579
966,836.0,122.81118318204308,0.8828149154152206,0.9146608315098468,48.600844091338686,22.828837464019124,-1.2661267477502487,1171.938995215311,399.7069377990431,0.6965307763457769,0.20561056471144193,0.6072222773136327,0.29997798780096424,-0.9539461236542054,399.7069377990431,1171.938995215311
967,565.0,89.49747468305833,0.6547202035224388,0.9592529711375212,31.054219348924256,23.472993826324743,1.2403142478648816,1170.824778761062,959.7734513274336,0.8864142915449631,0.49371062311081976,0.6066449630886331,0.3244990578041058,0.9458860192878672,959.7734513274336,1170.824778761062
968,344.0,74.18376618407358,0.8594600490599391,0.9424657534246575,29.616724071394522,15.140155787122152,0.5947585342297376,1172.8081395348838,1041.0610465116279,0.7855078882808637,0.5355252296870514,0.6076726111579709,0.8282838183735223,0.5603087686450908,1041.0610465116279,1172.8081395348838
969,217.0,59.52691193458118,0.8237056490222214,0.9273504273504274,22.336555345532968,12.665220891799454,-0.8949255567967561,1168.5069124423962,1450.4608294930877,0.769560718085846,0.7461218258709299,0.6054439960841431,0.6255768959209975,-0.7801625133841342,1450.4608294930877,1168.5069124423962
970,795.0,104.08326112068522,0.6681027347102801,0.9766584766584766,36.930413220275305,27.478777101342573,-0.41765448711106173,1176.5320754716981,1493.3584905660377,0.9221789627842943,0.7681885239537232,0.6096021116433669,0.914042835187006,-0.40561767151259526,1493.3584905660377,1176.5320754716981
971,60.0,27.727922061357855,0.7043164590584995,0.9230769230769231,10.439020298030929,7.410515778688227,1.2366872791430013,1166.7333333333333,790.55,0.980678073257209,0.40666152263374483,0.6045250431778929,0.32792761491445,0.9447028524231946,790.55,1166.7333333333333
972,561.0,103.74011537017762,0.9225820325605484,0.9288079470198676,43.69389750194384,16.85714830794346,0.3364484832072138,1183.6060606060605,1024.5401069518716,0.6550572716268461,0.5270268039875883,0.6132673889150573,0.9439331024423936,0.3301367869739418,1024.5401069518716,1183.6060606060605
973,802.0,105.39696961967,0.46028202339207963,0.9709443099273608,34.108494128600036,30.280591694290578,0.9397321136721073,1179.6296758104738,633.8428927680798,0.9072521037427599,0.3260508707654731,0.6112070859121626,0.5900043376400844,0.8074000752823133,633.8428927680798,1179.6296758104738
974,820.0,121.74011537017762,0.8831493095764229,0.9414466130884042,47.610815989915864,22.333852515290097,-0.3606665720982561,1186.0390243902439,1402.331707317073,0.6952744952092762,0.7213640469738031,0.6145279919120434,0.9356617996024238,-0.35289799767745045,1402.331707317073,1186.0390243902439
975,941.0,124.36753236814714,0.8129594245337495,0.9261811023622047,46.507334641652136,27.08216674867236,0.7216410930945366,1187.260361317747,786.2709883103082,0.7645140174940499,0.4044603849332861,0.6151608089729259,0.7507226056184908,0.660617566685434,786.2709883103082,1187.260361317747
976,369.0,76.76955262170047,0.8492367216606541,0.9584415584415584,30.0281538408565,15.855234620664131,-1.2915302076203181,1174.2981029810298,1299.108401084011,0.7867888754038395,0.668265638417701,0.6084446129435388,0.27565027404912407,-0.9612579916009244,1299.108401084011,1174.2981029810298
977,790.0,121.74011537017762,0.8927424986889516,0.9316037735849056,47.77018597881786,21.523680494177224,1.1597848304321445,1180.9759493670886,669.532911392405,0.6698376234333271,0.34440993384382973,0.6119046369777661,0.3995367882891746,0.9167171618354111,669.532911392405,1180.9759493670886
978,178.0,52.2842712474619,0.861150113256786,0.9319371727748691,21.18950424774543,10.771700322537441,1.2439789163025166,1173.7359550561798,520.7921348314607,0.8182532673739839,0.26789718869931106,0.6081533445886942,0.32103052794692966,0.9470688465608589,520.7921348314607,1173.7359550561798
979,483.0,115.15432893255071,0.9645675112871199,0.8533568904593639,51.03123161463546,13.463883884235615,0.43492854496721184,1186.9855072463768,702.6790890269151,0.45771638280042687,0.36146043674224027,0.6150183975369827,0.9069001518781995,0.4213455998622729,702.6790890269151,1186.9855072463768
980,179.0,55.45584412271571,0.8716044282250345,0.9086294416243654,22.479407798733202,11.019627667624745,-1.3157922288300632,1173.9664804469273,1069.2793296089385,0.7314223963043351,0.5500408074120055,0.6082727877963354,0.2522493740824164,-0.9676622619876365,1069.2793296089385,1173.9664804469273
981,297.0,62.870057685088796,0.6431126705533051,0.9642857142857143,22.266795486047293,17.051278873573036,-0.6822552635322087,1177.1919191919192,1174.8754208754208,0.9442317415099937,0.6043597844009366,0.6099439995813053,0.7761526485270428,-0.6305450548410136,1174.8754208754208,1177.1919191919192
982,665.0,102.32590180780451,0.8045803706481092,0.9197786998616874,38.49573216415566,22.860450846919818,0.7048107491064264,1184.8436090225564,1661.803007518797,0.7981055808953423,0.8548369380240725,0.6139086057111691,0.7617341791037333,0.647889682264783,1661.803007518797,1184.8436090225564
983,593.0,92.76955262170047,0.8083809050992725,0.9769357495881383,36.03365850843714,21.211564745858798,-0.04787183894733643,1188.1888701517707,323.25126475548063,0.8658718743622192,0.16628151479191391,0.6156419016330419,0.9988543623323638,-0.047853556290069696,323.25126475548063,1188.1888701517707
984,331.0,66.8700576850888,0.7134184266197748,0.9650145772594753,24.613264502087954,17.24745683438078,1.4047372728141618,1182.4138972809667,1751.416918429003,0.9301959881648253,0.9009346288215037,0.6126496877103454,0.16529690896878207,0.9862438501128239,1751.416918429003,1182.4138972809667
985,196.0,57.73401871576773,0.6486893681889409,0.784,19.413367393151958,14.774607040088519,-1.2810087807962638,1181.2295918367347,1200.0663265306123,0.7389283991086673,0.6173180692029898,0.6120360579464946,0.2857486359072585,-0.9583046055806791,1200.0663265306123,1181.2295918367347
986,896.0,110.91168824543142,0.5044144756077077,0.9739130434782609,36.58464611089665,31.589439229807798,0.3246144583967308,1194.877232142857,756.1339285714286,0.9152995350400618,0.3889577821869488,0.6191073741672835,0.947773762802499,0.31894340335425075,756.1339285714286,1194.877232142857
987,625.0,97.15432893255073,0.7851314787752446,0.9600614439324117,36.004952673485306,22.298915717587768,-0.5897620250975995,1194.3008,1274.9104,0.8320809298103365,0.6558181069958847,0.6188087046632125,0.8310730555301022,-0.556163264133707,1274.9104,1194.3008
988,829.0,106.08326112068524,0.42580490764380313,0.9752941176470589,34.17951973540314,30.92614208142096,-0.9051735285751625,1194.3063932448733,462.6598311218335,0.9257008672958585,0.23799374028900902,0.618811602717551,0.6175491033975501,-0.7865323292102379,462.6598311218335,1194.3063932448733
989,475.0,87.49747468305833,0.6742627196913618,0.9223300970873787,29.401548073087838,21.71279511571298,-1.150583862975153,1191.917894736842,1213.418947368421,0.7796728944395863,0.6241867013212042,0.6175740387237524,0.4079544422188033,-0.913002285360746,1213.418947368421,1191.917894736842
990,518.0,99.49747468305834,0.8902351058809606,0.9119718309859155,39.01290341415195,17.770429162142825,-0.46544201414969383,1196.9710424710424,1455.6351351351352,0.6575299015533388,0.7487835057279502,0.6201922499849961,0.8936232690740236,-0.4488178394064292,1455.6351351351352,1196.9710424710424
991,396.0,75.59797974644665,0.7699354369135263,0.9565217391304348,28.236732379333926,18.018474300628426,-0.4913466593358542,1191.6186868686868,1714.560606060606,0.8707323310632022,0.8819756204015463,0.6174190087402522,0.881698286004288,-0.47181366285547593,1714.560606060606,1191.6186868686868
992,956.0,117.9827560572969,0.7220074976497576,0.9627391742195368,42.2177638937572,29.20984733801908,-0.0869017996909891,1202.31589958159,565.1129707112971,0.863039518158854,0.29069597258811575,0.6229616060008238,0.9962264143211987,-0.08679246170450128,565.1129707112971,1202.31589958159
993,128.0,44.970562748477136,0.8764244407690962,0.927536231884058,18.67972926559346,8.995025736574146,-1.2307001706837728,1184.96875,1107.1796875,0.7953589806573076,0.5695368762860082,0.6139734455958549,0.3335777422213453,-0.9427225943481516,1107.1796875,1184.96875
994,263.0,60.11269837220809,0.6344268449985205,0.9598540145985401,21.00255231746211,16.234613996817803,0.8527647680289518,1191.2091254752852,1190.3460076045628,0.9146041465100994,0.6123179051463801,0.6172068007643965,0.657903510051376,0.7531022317468452,1190.3460076045628,1191.2091254752852
995,409.0,75.35533905932738,0.703226292400266,0.9691943127962085,27.362595086656174,19.45387725154089,-1.2695198217916535,1191.606356968215,1304.7139364303177,0.9051178201926171,0.6711491442542786,0.617412620190785,0.2967394573684151,-0.9549584778620998,1304.7139364303177,1191.606356968215
996,140.0,46.38477631085024,0.7871582214028768,0.9150326797385621,17.406126265913464,10.73524773469534,0.0037353627551708177,1190.7071428571428,693.5642857142857,0.8176867616236807,0.3567717519106408,0.6169467061435973,0.9999930235406554,0.0037353540686313113,693.5642857142857,1190.7071428571428
997,35.0,21.485281374238568,0.4688428866965327,0.875,7.2853172103564905,6.434986488227244,1.3755536988685386,1184.6857142857143,1291.7142857142858,0.9527869872187168,0.6644620811287478,0.6138267949666913,0.19400455881845344,0.9810006275011537,1291.7142857142858,1184.6857142857143
998,234.0,62.077164466275356,0.8475327043747397,0.9105058365758755,24.192127408034132,12.83980644687068,0.44086680246803667,1192.6923076923076,1133.7051282051282,0.7630657820716935,0.5831816503112799,0.6179752889597449,0.9043821179956586,0.42672354592837575,1133.7051282051282,1192.6923076923076
999,214.0,52.627416997969526,0.45955188605826675,0.9596412556053812,17.58213177315277,15.615586582375528,-0.5809457220277396,1190.4065420560748,1324.5700934579438,0.9709559500123784,0.6813632167993539,0.6167909544331994,0.8359439976217403,-0.548814752753772,1324.5700934579438,1190.4065420560748
1000,231.0,55.698484809834994,0.7242710588447883,0.9625,20.67586446222271,14.256326152628054,-0.8466396151119518,1191.6666666666667,1365.3549783549784,0.9356966655985678,0.7023430958616144,0.6174438687392055,0.6625040061308354,-0.749058370129187,1365.3549783549784,1191.6666666666667
1001,688.0,99.84062043356595,0.6789385812093818,0.975886524822695,35.00215786534405,25.698411794943926,-1.1316184411207575,1194.5130813953488,1538.2281976744187,0.8673287848062355,0.7912696490094746,0.6189186950234967,0.4251955119058432,-0.9051015283685737,1538.2281976744187,1194.5130813953488
1002,549.0,105.35533905932738,0.9410577539049423,0.9432989690721649,45.74730343994502,15.47383883550461,1.4941802577603591,1192.1457194899817,832.7340619307832,0.6215400383641501,0.4283611429685099,0.6176920826372962,0.07654113469566098,0.9970664244168994,832.7340619307832,1192.1457194899817
1003,742.0,113.49747468305833,0.8515210946906694,0.9149198520345253,43.19487818191075,22.647953476537175,-1.3453125077235382,1196.8032345013478,898.0956873315364,0.7238379886397671,0.4619833782569632,0.6201053028504393,0.2235779599805257,-0.9746860498698781,898.0956873315364,1196.8032345013478
1004,205.0,51.4558441227157,0.3566800788018654,0.9579439252336449,16.7569829920487,15.654819078657898,-0.3240632803679961,1195.2585365853658,1340.9463414634147,0.9729584873181905,0.6897872126869418,0.6193049412359408,0.9479494134244236,-0.31842096285937466,1340.9463414634147,1195.2585365853658
1005,888.0,115.98275605729688,0.7195092525215219,0.9507494646680942,40.99233325059453,28.468472618565393,1.2444248579285473,1204.7984234234234,359.98873873873873,0.8295374183925701,0.18517939235531827,0.6242478877841572,0.3206081586188329,0.9472119132628354,359.98873873873873,1204.7984234234234
1006,667.0,101.39087296526012,0.6546358809645745,0.9394366197183098,33.949275680724,25.663763206076073,-0.12838996139140596,1207.0269865067467,669.7586206896551,0.81533854372564,0.34452603944941107,0.6254025836822521,0.9917693244240738,-0.1280375223573783,669.7586206896551,1207.0269865067467
1007,485.0,83.66904755831214,0.6588661501158384,0.9642147117296223,29.05406134170369,21.856213758725726,-0.9726442531930557,1201.6,1170.701030927835,0.8706065938698242,0.602212464469051,0.6225906735751295,0.5631163507136185,-0.8263776228571155,1170.701030927835,1201.6
1008,587.0,99.49747468305833,0.7627351028928827,0.918622848200313,35.05791410363669,22.67233991556025,1.414199653930941,1202.925042589438,1872.0017035775127,0.7451159309108301,0.962963839288844,0.6232772241396052,0.15595743303581242,0.9877637769633386,1872.0017035775127,1202.925042589438
1009,418.0,73.59797974644667,0.4131546916557003,0.9743589743589743,24.231179702130017,22.06638693074972,-0.4084789936427455,1204.0956937799042,1733.7870813397128,0.9697378778461256,0.8918657825821568,0.6238837791605721,0.9177260490436399,-0.39721392083706064,1733.7870813397128,1204.0956937799042
1010,675.0,101.1543289325507,0.7635476997127183,0.9588068181818182,36.78460424854236,23.753710821580412,0.41668453958528784,1209.3274074074075,995.2711111111112,0.8289812167111684,0.511970736168267,0.6265945116100556,0.9144358330173159,0.4047309072629955,995.2711111111112,1209.3274074074075
1011,290.0,67.21320343559643,0.835634681567737,0.9477124183006536,26.250691601744528,14.419127092231296,1.2927209575117848,1201.2068965517242,540.0310344827586,0.806675138806539,0.27779374201787993,0.6223869930319814,0.27450546105023,0.9615855405805563,540.0310344827586,1201.2068965517242
1012,175.0,49.698484809834994,0.8150432415144692,0.9562841530054644,19.726514215552243,11.429544965925157,-0.8573539309583967,1202.2171428571428,1498.5542857142857,0.8903517488264711,0.7708612580834803,0.6229104367135455,0.654440485489755,-0.7561135172392661,1498.5542857142857,1202.2171428571428
1013,232.0,56.8700576850888,0.7015242087274633,0.9586776859504132,20.61559099036282,14.691610693348792,0.6666285355359609,1203.0129310344828,1794.3922413793102,0.9014268946255334,0.9230412764296864,0.6233227621940325,0.7859108393453942,0.6183398358503339,1794.3922413793102,1203.0129310344828
1014,348.0,73.84062043356595,0.7379317881429529,0.928,26.11543424119931,17.624661624537875,0.17182031720478708,1209.971264367816,808.6752873563219,0.8020444422418369,0.41598523012156474,0.6269281162527545,0.9852751686448042,0.1709761446867736,808.6752873563219,1209.971264367816
1015,407.0,80.66904755831214,0.8370719506144012,0.9576470588235294,31.21916224548814,17.079779391060654,-0.6803760986582238,1215.4742014742014,1180.5282555282556,0.7859418495382817,0.6072676211565101,0.629779379002177,0.7773361755499614,-0.6290854235963186,1180.5282555282556,1215.4742014742014
1016,637.0,93.49747468305833,0.5829496717363464,0.9651515151515152,31.678940522645984,25.739400991914785,-0.5966712170132503,1215.0518053375197,1292.8759811616953,0.9156922413294745,0.665059661091407,0.6295605209002693,0.8272106110138819,-0.5618919869744007,1292.8759811616953,1215.0518053375197
1017,109.0,45.798989873223334,0.8769865251147857,0.8449612403100775,17.846747341664713,8.575629233263353,0.5835102630386029,1206.4954128440368,1854.6238532110092,0.6530171137151523,0.9540246158492846,0.6251271569140087,0.8345337922774716,0.550956758327713,1854.6238532110092,1206.4954128440368
1018,952.0,129.63961030678928,0.8088241629815841,0.8972667295004713,46.71287966160857,27.46953553120218,0.20461559227093132,1223.1659663865546,951.9275210084033,0.7118219544269873,0.4896746507244873,0.6337647494230852,0.9791391649696515,0.20319078626387974,951.9275210084033,1223.1659663865546
1019,104.0,37.55634918610404,0.7764374535481369,0.9203539823008849,14.523245474350375,9.15246680322136,-0.2364542652513741,1207.4423076923076,1080.4615384615386,0.9265662278194268,0.5557929724596392,0.625617776006377,0.9721746976101492,-0.23425703260866063,1080.4615384615386,1207.4423076923076
1020,329.0,66.18376618407356,0.5059614798786433,0.9619883040935673,22.093973280642942,19.057290853097307,0.6453777500107781,1212.1580547112462,1233.1398176291793,0.9438496256425006,0.6343311819080141,0.628061168244169,0.7988726072179255,0.6015002555584112,1233.1398176291793,1212.1580547112462
1021,518.0,89.01219330881975,0.4033251928109622,0.9452554744525548,27.799169365953954,25.43781655686369,0.3467473281685454,1216.677606177606,1095.7413127413126,0.821562521073816,0.5636529386529386,0.6304029047552363,0.940483075701966,0.3398405277746757,1095.7413127413126,1216.677606177606
1022,219.0,55.69848480983499,0.6680848317431499,0.9439655172413793,19.447655306535626,14.470710825183573,-0.5284809854427895,1211.1872146118722,1130.3196347031962,0.8870890466064346,0.5814401413082285,0.6275581422859441,0.8635739873013123,-0.5042221419736671,1130.3196347031962,1211.1872146118722
1023,865.0,113.74011537017762,0.7214157371816471,0.9675615212527964,40.74287150492528,28.21452924408427,0.47128269763932745,1220.1676300578035,1929.6959537572254,0.8402308877705672,0.9926419515212065,0.6322112072838361,0.8909866387310363,0.4540295250341872,1929.6959537572254,1220.1676300578035
1024,933.0,117.05382386916236,0.7549424819626298,0.9658385093167702,42.78043289514289,28.055023300825134,-0.9348934292078499,1222.7663451232584,1505.545551982851,0.8556975657126085,0.7744575884685447,0.633557691773709,0.5939041697629222,-0.8045357898429467,1505.545551982851,1222.7663451232584
1025,565.0,96.42640687119285,0.8649499164891976,0.9511784511784511,38.0786531928562,19.11008393468058,0.27858341332284,1225.021238938053,1776.670796460177,0.7636007457620098,0.9139253068210786,0.6347260305378514,0.9614459556263797,0.27499395340566574,1776.670796460177,1225.021238938053
1026,290.0,75.7401153701776,0.9482151843747184,0.9446254071661238,34.43768520821509,10.93839572312694,-0.7239597933763783,1221.3137931034482,1200.2586206896551,0.6352664756175637,0.6174169859514687,0.6328050741468644,0.7491888147722741,-0.6623564899811243,1200.2586206896551,1221.3137931034482
1027,1058.0,136.66904755831212,0.8946459199005408,0.9505840071877808,55.76204554960259,24.913136412845322,0.09282116551848699,1234.5519848771266,1540.9489603024574,0.7117954311269333,0.792669218262581,0.6396642408689776,0.9956952077057298,0.09268793530898999,1540.9489603024574,1234.5519848771266
1028,280.0,70.76955262170047,0.9021084338244789,0.9120521172638436,29.365405439933664,12.67144886781062,-0.5412686758402797,1223.2821428571428,1468.517857142857,0.7025463714055369,0.7554104203409758,0.6338249444855663,0.8570557193701402,-0.5152237318825011,1468.517857142857,1223.2821428571428
1029,285.0,73.01219330881975,0.919094489076263,0.9076433121019108,31.274546724614442,12.323335027639915,-0.6544301310916762,1223.901754385965,1311.8701754385966,0.671837024849503,0.6748303371597719,0.6341459867284792,0.793394940224481,-0.6087072110844362,1311.8701754385966,1223.901754385965
1030,183.0,52.04163056034262,0.8417330019931489,0.9481865284974094,20.82169463743112,11.241508431116426,-0.6061651987934619,1219.808743169399,1453.4863387978141,0.8491006298844066,0.7476781578178057,0.632025255528186,0.821838818546673,-0.5697200683930739,1453.4863387978141,1219.808743169399
1031,782.0,106.5685424949238,0.7603612303236509,0.9654320987654321,39.35781100635668,25.562914895271607,-0.5876326707353051,1229.6803069053708,1882.7685421994886,0.8652837840961205,0.9685023365223707,0.6371400553913839,0.8322554392035559,-0.5543923555714817,1882.7685421994886,1229.6803069053708
1032,231.0,58.284271247461895,0.658958952106783,0.9467213114754098,19.8945387591738,14.964252304125006,-0.4279011223870807,1224.3290043290044,447.1948051948052,0.8545138428850727,0.23003848003848004,0.6343673597559608,0.9098387077003031,-0.4149620777495727,447.1948051948052,1224.3290043290044
1033,866.0,108.81118318204308,0.43034634377700876,0.9697648376259799,34.995136528784805,31.58884463741329,0.7223966405176903,1232.9538106235566,468.65588914549653,0.9191379344948817,0.24107813227649,0.6388361713075422,0.7502232634900736,0.6611845846042567,468.65588914549653,1232.9538106235566
1034,891.0,117.1543289325507,0.5743896862534644,0.945859872611465,38.132105606417994,31.214255215651463,-1.3946477046016215,1229.4792368125702,1354.3490460157127,0.815775929277444,0.696681608032774,0.6370358739961504,0.1752391012484895,-0.9845259048870282,1354.3490460157127,1229.4792368125702
1035,170.0,46.384776310850235,0.5428318792784493,0.9550561797752809,16.05722610580803,13.485523001256086,1.3584996731291692,1223.105882352941,403.4294117647059,0.992905353400184,0.20752541757443718,0.6337336177994514,0.21070554638402175,0.9775495755832595,403.4294117647059,1223.105882352941
1036,664.0,96.66904755831212,0.5292359547022201,0.9540229885057471,31.5988335850337,26.810810617566066,0.3222118795523827,1233.7650602409637,594.1867469879518,0.8929004956126279,0.30565161882096287,0.6392565078968724,0.9485373132824666,0.31666538382159776,594.1867469879518,1233.7650602409637
1037,669.0,111.6335136523794,0.8108130887651112,0.8791064388961892,40.19046076360919,23.523684231299022,0.24153655478737546,1240.6023916292975,378.86547085201795,0.6746007087563256,0.19488964550000923,0.6427991666473044,0.9709715852225923,0.23919485924728037,378.86547085201795,1240.6023916292975
1038,289.0,64.52691193458118,0.7732192579121606,0.9537953795379538,24.171873601107272,15.328322185933175,0.69014040730276,1232.4809688581315,323.9515570934256,0.8722198048344071,0.166641747476042,0.6385911755741615,0.7711566329262848,0.6366454645199283,323.9515570934256,1232.4809688581315
1039,299.0,65.35533905932738,0.6965372756979693,0.9583333333333334,23.427119138668036,16.809440778816573,1.0007226138109726,1232.1672240802675,1123.0836120401339,0.8796682317117166,0.5777179074280524,0.638428613513092,0.5396941063008873,0.8418611949864933,1123.0836120401339,1232.1672240802675
1040,857.0,121.9827560572969,0.8131883731913699,0.921505376344086,45.01251192450759,26.19730783795965,0.261192343686135,1247.8669778296382,501.31038506417735,0.7237587094867369,0.2578757124815727,0.6465632009479991,0.9660827628840222,0.2582326378643376,501.31038506417735,1247.8669778296382
1041,368.0,77.94112549695429,0.8285125430500528,0.9177057356608479,29.803475208970454,16.689067051248323,1.3552577406469077,1233.4646739130435,1090.8369565217392,0.7612447963953223,0.5611301216675614,0.6391008673124577,0.2138735832847943,0.9768613465445964,1090.8369565217392,1233.4646739130435
1042,684.0,98.91168824543142,0.6744510593530991,0.9593267882187938,34.58995060008273,25.538437010470187,-0.8571171528326564,1240.953216374269,1041.470760233918,0.8785586046978558,0.5357359877746493,0.6429809411265642,0.6546194982843043,-0.7559585388538221,1041.470760233918,1240.953216374269
1043,572.0,87.84062043356595,0.27842791553527607,0.9645868465430016,27.649133706551346,26.555807567670545,0.48404599506470547,1241.763986013986,1329.1013986013986,0.9315691621293448,0.683694135083024,0.6434010290227906,0.8851193115343048,0.4653641631550911,1329.1013986013986,1241.763986013986
1044,596.0,93.59797974644667,0.6973512469091525,0.9551282051282052,33.02257692297695,23.668256481091753,0.8554742605788794,1244.265100671141,402.0755033557047,0.8549154663874319,0.20682896263153536,0.6446969433529228,0.6558605727133752,0.7548820498330077,402.0755033557047,1244.265100671141
1045,312.0,71.35533905932738,0.7150825320034979,0.8838526912181303,24.968828629754892,17.454210873018948,-1.423303992908852,1239.9839743589744,1688.871794871795,0.7700368518354521,0.868761211353804,0.6424787431911785,0.1469581574833507,-0.9891427095971029,1688.871794871795,1239.9839743589744
1046,600.0,95.59797974644665,0.8129417760220305,0.9508716323296355,36.602775373757595,21.315442275089897,0.38394450592354806,1248.1266666666668,427.6483333333333,0.8250184966111948,0.21998371056241425,0.6466977547495683,0.9271943167857041,0.37458069747424455,427.6483333333333,1248.1266666666668
1047,957.0,127.39696961966999,0.8128737080827457,0.9219653179190751,46.87429133051308,27.301461482329973,1.0885001686405866,1247.5454545454545,549.5799373040752,0.740975087322713,0.2827057290658823,0.6463966085727744,0.46381463704817666,0.8859322674222156,549.5799373040752,1247.5454545454545
1048,562.0,93.35533905932736,0.7705350433006047,0.9198036006546645,33.869379875999705,21.58826268347858,1.3992072865690268,1243.2580071174377,817.5391459074733,0.8103410846179078,0.42054482814170435,0.6441751332214704,0.17074826865172368,0.98531468513995,817.5391459074733,1243.2580071174377
1049,353.0,69.4558441227157,0.7273454574220081,0.9644808743169399,25.61412444093993,17.578243859835727,-1.5390330938732444,1241.14164305949,1474.841359773371,0.9195322844414527,0.758663250912228,0.6430785715334145,0.031757892187758,-0.9994955909276392,1474.841359773371,1241.14164305949
1050,545.0,92.18376618407358,0.7818298176641425,0.9527972027972028,33.64893376339905,20.979837290155267,0.248768217091391,1250.308256880734,1521.7284403669726,0.8059302771651377,0.7827821195303357,0.6478281123734373,0.96921643454206,0.24621028210368648,1521.7284403669726,1250.308256880734
1051,141.0,42.38477631085023,0.6281743660138235,0.9463087248322147,15.189244691041015,11.818335060111158,1.4272338257076045,1239.7375886524824,1802.77304964539,0.9863003465719455,0.9273523917928961,0.6423510822033588,0.14306986724681842,0.989712591152592,1802.77304964539,1239.7375886524824
1052,278.0,60.2842712474619,0.6724989039399973,0.9788732394366197,21.9956880734238,16.278967346250877,0.6117591135825731,1244.1870503597122,1071.1654676258993,0.9612727460786504,0.5510110430174379,0.644656502777053,0.8186390112430242,0.5743084269545797,1071.1654676258993,1244.1870503597122
1053,564.0,87.01219330881975,0.6365603407506245,0.9774696707105719,30.612433900610267,23.60913252441992,0.9532523736370724,1248.3599290780141,1660.3244680851064,0.9361139905438141,0.8540763724717626,0.646818616102598,0.5790344864841278,0.8153030500752848,1660.3244680851064,1248.3599290780141
1054,487.0,79.94112549695427,0.29916995903423144,0.9720558882235529,25.550467754197804,24.380252255772415,-1.4570760113221426,1248.870636550308,1260.0554414784394,0.9576312468822629,0.6481766674271808,0.6470832313732167,0.11347536285154529,-0.9935408104480209,1260.0554414784394,1248.870636550308
1055,149.0,46.284271247461895,0.8186636647107167,0.9490445859872612,18.342894637292897,10.533834331303252,-0.7697354218143674,1245.4161073825503,346.36241610738256,0.8740359022486881,0.17816996713342725,0.6452933198873317,0.718094826679732,-0.6959452707618651,346.36241610738256,1245.4161073825503
1056,84.0,33.31370849898476,0.7121632013573026,0.9230769230769231,12.406146695125349,8.70928794532775,-0.8283269472224987,1242.297619047619,447.7261904761905,0.9511372434123696,0.2303118263766412,0.6436775228226005,0.6761094131013082,-0.736801236098179,447.7261904761905,1242.297619047619
1057,593.0,109.7401153701776,0.8113960760093428,0.8328651685393258,39.16433752534771,22.891426561405172,-0.008825431660828867,1259.212478920742,522.7959527824621,0.6187763872778538,0.2689279592502377,0.6524416989226642,0.9999610561307735,-0.008825317095045934,522.7959527824621,1259.212478920742
1058,703.0,101.01219330881975,0.7558156285015839,0.9551630434782609,37.16756583896911,24.336745851531447,1.2245066869988588,1251.1706970128023,625.9260312944524,0.8658000103770024,0.3219784111596977,0.6482749725454934,0.3394100440267488,0.9406385182490458,625.9260312944524,1251.1706970128023
1059,262.0,64.76955262170048,0.7107409235940395,0.9257950530035336,22.392004710099567,15.751742247996955,0.7132098190112002,1247.8625954198474,1771.8664122137404,0.7848187329971094,0.9114539157478089,0.646560930269351,0.7562657044785183,0.654264613309944,1771.8664122137404,1247.8625954198474
1060,582.0,118.32590180780451,0.8987715742359871,0.782258064516129,46.990792913910404,20.60157271735681,-0.15571691554827785,1263.3281786941582,1236.4123711340205,0.5223639563218946,0.636014594204743,0.6545741858518954,0.9879005993870975,-0.1550883803855513,1236.4123711340205,1263.3281786941582
1061,193.0,52.14213562373095,0.6292429406267718,0.965,18.156575936419237,14.111448293096547,-1.2011421397608761,1246.440414507772,1435.8756476683939,0.892050709964081,0.7386191603232479,0.6458240489677575,0.361292999464559,-0.9324523411616822,1435.8756476683939,1246.440414507772
1062,464.0,79.59797974644667,0.6998456892450668,0.9666666666666667,28.77687844603678,20.5551534822409,-0.3607387760415658,1252.698275862069,1596.4396551724137,0.9202879896258123,0.8212138143891017,0.6490664641772379,0.9356363165364334,-0.3529655552290264,1596.4396551724137,1252.698275862069
1063,64.0,31.899494936611664,0.8889564795772044,0.9014084507042254,13.724942936689024,6.285909650530312,0.16754298705249399,1245.21875,690.078125,0.7903550346032083,0.3549784593621399,0.6451910621761658,0.9859974747704032,0.16676024630105368,690.078125,1245.21875
1064,327.0,71.4558441227157,0.8449008860532652,0.961764705882353,28.233709525382064,15.10285734960245,0.29206741582939577,1251.3058103975536,1499.9418960244648,0.8047891425816929,0.7715750493953009,0.6483449794805978,0.9576506459110123,0.2879327011407715,1499.9418960244648,1251.3058103975536
1065,338.0,71.35533905932738,0.8010204928513053,0.9388888888888889,26.976344808494016,16.14903615028429,0.9446452109965072,1250.6508875739646,1630.7366863905324,0.8342065894884065,0.8388563201597389,0.6480056412300335,0.5860303975464033,0.8102890676490734,1630.7366863905324,1250.6508875739646
1066,328.0,67.94112549695429,0.7431798753519655,0.956268221574344,25.085959464076904,16.784806698992693,-0.02438347582227652,1253.0670731707316,1451.530487804878,0.8929316847044977,0.7466720616280237,0.6492575508656641,0.9997027377820509,-0.024381059679024125,1451.530487804878,1253.0670731707316
1067,564.0,101.49747468305833,0.6686368387769461,0.8584474885844748,32.74057429029699,24.345534790648873,1.1719265295235217,1256.5070921985816,718.2730496453901,0.6879842471208657,0.3694820214225258,0.6510399441443429,0.3883771081682854,0.9215005273198925,718.2730496453901,1256.5070921985816
1068,226.0,56.8700576850888,0.7537295072238206,0.9456066945606695,21.121002965479953,13.880401604917026,-0.786931510382648,1251.6725663716813,1419.1371681415928,0.8781141301093558,0.730008831348556,0.6485350084827365,0.706021710302326,-0.7081901895548812,1419.1371681415928,1251.6725663716813
1069,1000.0,121.88225099390856,0.425543796059643,0.9560229445506692,38.229129458986506,34.594985486455265,-0.9773140641909612,1264.938,1756.764,0.8459192950788214,0.9036851851851851,0.6554082901554404,0.5592511974617698,-0.8289982497795617,1756.764,1264.938
1070,484.0,83.59797974644665,0.6312086751139039,0.9490196078431372,28.36926369481002,22.00357123441661,1.4286111335061238,1257.969008264463,582.6446280991736,0.8702893342777589,0.29971431486583006,0.65179741360853,0.14170659310761896,0.9899087036034342,582.6446280991736,1257.969008264463
1071,697.0,97.49747468305831,0.5791384889803682,0.9694019471488178,33.127864748072405,27.006801905183814,0.1345034028069733,1264.7474892395983,1020.6126255380201,0.9214163367940003,0.525006494618323,0.6553095799168903,0.9909680461899779,0.13409821561235552,1020.6126255380201,1264.7474892395983
1072,177.0,48.04163056034262,0.5687995862574345,0.9567567567567568,16.585691097819662,13.641335493874958,-1.3802053472516902,1255.0225988700565,1889.0338983050847,0.9637128548335129,0.971725256329776,0.6502707766166096,0.1894392063768878,-0.9818924518944501,1889.0338983050847,1255.0225988700565
1073,678.0,102.18376618407356,0.6986876136463012,0.9125168236877523,35.80401632090627,25.615155635654908,1.3338572272749472,1261.122418879056,1476.3421828908554,0.8159729221605184,0.7594352792648433,0.653431305118682,0.2347283486659095,0.9720610075157707,1476.3421828908554,1261.122418879056
1074,275.0,62.04163056034261,0.7394762225043862,0.9581881533101045,22.931793040322138,15.43728582282741,-1.337750147493981,1258.2981818181818,1841.4945454545455,0.8977928683866095,0.9472708567153012,0.6519679698539802,0.23094242364203896,-0.9729674182429445,1841.4945454545455,1258.2981818181818
1075,296.0,67.21320343559643,0.7681039912345082,0.9367088607594937,24.657379176351178,15.788739267402217,-1.1571798172446237,1260.6452702702702,816.6452702702703,0.8233649692646053,0.4200850155711267,0.6531840778602437,0.4019234902377742,-0.9156732539476545,816.6452702702703,1260.6452702702702
1076,797.0,110.91168824543142,0.29681341082741197,0.9443127962085308,33.33762502186687,31.835281444388038,0.8724633356109399,1268.1041405269762,1339.7741530740277,0.8141671087354122,0.6891842351203846,0.6570487774751171,0.6429417940451427,0.7659150406344122,1339.7741530740277,1268.1041405269762
1077,498.0,86.5269119345812,0.7090205400204256,0.9431818181818182,30.228626071393847,21.316859185639167,-0.5857968831944087,1266.6526104417671,1433.6606425702812,0.8358662653527088,0.7374797544085808,0.6562966893480658,0.8332717828127799,-0.5528635780805345,1433.6606425702812,1266.6526104417671
1078,468.0,82.52691193458118,0.36005214404097374,0.968944099378882,25.926976118732757,24.188110366430337,0.6896314410997898,1266.6517094017095,1933.1666666666667,0.8635043463971817,0.9944272976680385,0.6562962224879324,0.7714805640542618,0.6362528894130998,1933.1666666666667,1266.6517094017095
1079,513.0,88.87615433949868,0.5355598522429497,0.9259927797833934,27.977839438340816,23.627209119404732,1.146747530851067,1267.916179337232,385.08187134502924,0.8161250725043085,0.19808738237913026,0.6569513882576332,0.41145401160431766,0.9114305219459758,385.08187134502924,1267.916179337232
1080,200.0,49.45584412271571,0.21203267612666132,0.9803921568627451,16.163964670471106,15.796437767160098,0.31768795650254483,1264.455,777.73,1.0275539236232232,0.40006687242798356,0.6551580310880829,0.9499601719162137,0.31237104823097417,777.73,1264.455
1081,458.0,84.66904755831214,0.4279483333961492,0.9308943089430894,25.715080573709276,23.241372105273907,0.45739338188741796,1270.4366812227074,1653.8973799126638,0.8028344374052834,0.8507702571567201,0.6582573477837862,0.8972066552979607,0.4416109347480498,1653.8973799126638,1270.4366812227074
1082,1125.0,167.05382386916236,0.944986228725548,0.8105187319884726,70.94319525922852,23.20623677963975,1.215387739871605,1278.0426666666667,430.0444444444444,0.5065817550320147,0.22121627800640145,0.6621982728842832,0.3479734463051901,0.9375043896785171,430.0444444444444,1278.0426666666667
1083,1012.0,154.12489168102786,0.9518998000660509,0.8853893263342082,67.50322409162895,20.683627924459532,-1.2682513526788042,1278.5167984189723,547.8300395256917,0.5353586298178833,0.2818055758877015,0.6624439370046489,0.2979505536478719,-0.9545813048561796,547.8300395256917,1278.5167984189723
1084,475.0,82.18376618407356,0.6081267993426094,0.9634888438133874,27.8779625490741,22.1306391617592,0.5475494772250526,1275.538947368421,1521.181052631579,0.8837540042935703,0.7825005414771496,0.6609010089991819,0.8538028180062677,0.5205965308802549,1521.181052631579,1275.538947368421
1085,410.0,84.18376618407358,0.8990337103435891,0.9468822170900693,34.73105581051786,15.208014622137046,-1.2062284352286747,1272.1243902439023,1890.8292682926829,0.727004365011974,0.9726488005620797,0.6591318084165297,0.35654561840970594,-0.9342779147517297,1890.8292682926829,1272.1243902439023
1086,612.0,106.8111831820431,0.8876293011599512,0.8767908309455588,42.85596953521639,19.737685316281432,0.9832979444741463,1280.6192810457517,841.9330065359477,0.6741054438049665,0.4330931103579978,0.6635333062413221,0.5542805883095988,0.8323298801696146,841.9330065359477,1280.6192810457517
1087,387.0,76.52691193458118,0.5854799810315633,0.9416058394160584,25.033978267003164,20.294717340111447,1.2724572339321187,1274.3798449612402,1373.157622739018,0.830409772738436,0.7063568018204825,0.6603004378037514,0.29393307458485163,0.9558260028190779,1373.157622739018,1274.3798449612402
1088,754.0,104.91168824543142,0.6883219609606755,0.9568527918781726,36.45763702221884,26.446563844891134,-1.380294844882927,1279.842175066313,589.6923076923077,0.8608618426799004,0.3033396644507756,0.6631306606561208,0.18935132856974363,-0.9819094023222678,589.6923076923077,1279.842175066313
1089,311.0,64.2842712474619,0.6197877563218221,0.9688473520249221,22.5737603272743,17.715198159060016,-1.259084313122011,1276.0996784565916,982.3762057877814,0.9457161448618873,0.505337554417583,0.6611915432417573,0.3066885966778623,-0.9518099099440831,982.3762057877814,1276.0996784565916
1090,673.0,100.08326112068525,0.7114175740327016,0.9386331938633193,35.48683299482192,24.939065527200167,0.8894823668472576,1285.8469539375928,373.6121842496285,0.8443101927784395,0.1921873375769694,0.6662419450453849,0.6298141803307018,0.7767458389037989,373.6121842496285,1285.8469539375928
1091,778.0,108.3259018078045,0.6496209337225114,0.9373493975903614,36.41874392563498,27.687651381002716,-1.2160999923566582,1286.223650385604,493.793059125964,0.8331531384172306,0.2540087752705576,0.6664371245521264,0.34730561826626344,-0.9377519968097581,493.793059125964,1286.223650385604
1092,427.0,90.25483399593904,0.8942727067487714,0.8822314049586777,36.16943239480745,16.18663230174081,-0.46247075191038617,1287.8665105386417,1197.0936768149884,0.6587138509022338,0.6157889284027718,0.6672883474293481,0.8949528779817698,-0.44616067306761514,1197.0936768149884,1287.8665105386417
1093,244.0,56.8700576850888,0.7230221443503644,0.9606299212598425,21.208143832415143,14.651112864718607,-0.776990709827846,1281.545081967213,1715.2377049180327,0.9480524236578886,0.8823239222829387,0.6640129958379342,0.7130266877098093,-0.7011368929200474,1715.2377049180327,1281.545081967213
1094,340.0,74.76955262170047,0.745517549823012,0.9042553191489362,26.10688432490163,17.399872802557145,0.8703425118683459,1284.1882352941177,819.6882352941177,0.764256633404662,0.4216503267973857,0.6653825053337398,0.6445647176891555,0.7645497529332537,819.6882352941177,1284.1882352941177
1095,638.0,92.08326112068524,0.5440809827652827,0.9725609756097561,31.148238707402566,26.13439105538455,0.23309650908211305,1290.691222570533,1471.0094043887148,0.9455166043456057,0.7566920804468698,0.6687519287930223,0.9729557937289929,0.23099139258679208,1471.0094043887148,1290.691222570533
1096,458.0,80.42640687119285,0.7724468355913428,0.9682875264270613,30.41357522003882,19.315036105414695,0.8296710112537469,1287.3799126637555,1918.906113537118,0.8897705123674444,0.9870916221898756,0.6670362241781116,0.6751184946613755,0.7377093046493031,1918.906113537118,1287.3799126637555
1097,747.0,99.01219330881976,0.3551158923220775,0.9790301441677588,31.965551746644664,29.882110099227667,-0.9239183671669292,1291.2985274431057,1844.1044176706828,0.9575315745211115,0.9486133835754541,0.6690665945301066,0.6026980546003134,-0.7979693321055625,1844.1044176706828,1291.2985274431057
1098,366.0,85.97665940288701,0.5249431492848028,0.8591549295774648,24.794651709282583,21.10365271462911,1.3326416391846312,1292.2131147540983,1375.9562841530055,0.6221997266295209,0.7077964424655379,0.669540473965854,0.2359098007350326,0.9717749564159169,1375.9562841530055,1292.2131147540983
1099,624.0,94.42640687119285,0.7306003214906658,0.9629629629629629,34.285633601996004,23.41041466039173,1.0517314498364931,1294.5208333333333,1315.0176282051282,0.8794426536031572,0.6764493972248602,0.670736183074266,0.4960684030014832,0.8682834442413134,1315.0176282051282,1294.5208333333333
1100,456.0,79.25483399593904,0.7302239512237779,0.9681528662420382,29.236390622739073,19.97453189487948,-0.9464518312561284,1295.6337719298247,1415.1622807017543,0.9122695631980646,0.7279641361634539,0.6713128351968003,0.5845655573317237,-0.8113464791206352,1415.1622807017543,1295.6337719298247
1101,376.0,89.01219330881976,0.9384356111604933,0.8430493273542601,38.728585775437416,13.37895258301152,-1.2211022177208495,1296.087765957447,595.8005319148937,0.5963465403933489,0.30648175510025394,0.6715480652629259,0.34261044582863803,-0.9394775582253692,595.8005319148937,1296.087765957447
1102,405.0,77.84062043356595,0.5617860132652096,0.9484777517564403,25.51940418368348,21.11175865850568,-0.7693078962510409,1300.5283950617284,1206.8641975308642,0.8399478244120333,0.6208149164253417,0.6738489093584085,0.7183922954385894,-0.6956382032741405,1206.8641975308642,1300.5283950617284
1103,506.0,85.59797974644665,0.5401348558392907,0.9565217391304348,28.09155088405025,23.641244685636263,0.8680547875767777,1301.1343873517787,1448.193675889328,0.8678273867440529,0.7449555945932758,0.6741628950009216,0.6463121084825817,0.7630731671529274,1448.193675889328,1301.1343873517787
1104,59.0,26.14213562373095,0.6107577196346342,0.9516129032258065,9.749253228404294,7.719629654316049,-0.8545866510345078,1292.7118644067796,1230.7796610169491,1.0848751185407877,0.6331171095766199,0.6697988934750153,0.65653035477761,-0.7542996044381739,1230.7796610169491,1292.7118644067796
1105,209.0,56.526911934581186,0.8653432763820698,0.9414414414414415,23.10936188372602,11.581941265357656,0.612795010604291,1298.7224880382776,1902.133971291866,0.8219504336689647,0.9784639770019886,0.6729132062374495,0.8180436477267786,0.5751561443763477,1902.133971291866,1298.7224880382776
1106,91.0,34.72792206135785,0.7764739264085438,0.9381443298969072,13.61306249906295,8.578262899014286,0.3359985027506973,1298.10989010989,1068.2197802197802,0.9481862649764555,0.5494957717179939,0.6725957979843991,0.9440815619745719,0.329712002116472,1068.2197802197802,1298.10989010989
1107,659.0,111.39696961967,0.8813301107951013,0.8881401617250674,43.1345016481212,20.3810970257733,1.1231371404047956,1309.329286798179,413.81790591805765,0.6673421024128311,0.21286929316772513,0.6784089568902482,0.4328565655275982,0.9014628077073685,413.81790591805765,1309.329286798179
1108,830.0,146.22539674441617,0.9125367411031237,0.7692307692307693,58.74300486042079,24.025579912755937,0.667340002109579,1314.5915662650602,468.79277108433735,0.48780061063679436,0.24114854479646983,0.6811355265622073,0.7854707123501573,0.6188988285981292,468.79277108433735,1314.5915662650602
1109,671.0,104.18376618407356,0.7012509952781553,0.953125,35.5260999295741,25.327070704602534,0.1864562674907027,1313.3159463487332,493.97913561847986,0.7768412500600751,0.25410449363090526,0.6804745836003799,0.982667333104465,0.1853777560802766,493.97913561847986,1313.3159463487332
1110,615.0,91.25483399593904,0.4574428866932729,0.9639498432601881,29.720035883629727,26.42821509428036,-0.014109236453954467,1314.510569105691,733.7268292682927,0.9280539445902426,0.3774314965371876,0.6810935591221197,0.9999004663745441,-0.014108768336362626,733.7268292682927,1314.510569105691
1111,776.0,110.66904755831213,0.7832313004601646,0.9349397590361446,40.665337496927066,25.28287784626947,-1.5295486893650891,1313.3865979381444,990.2203608247422,0.7961946235759408,0.5093726135929744,0.6805111906415255,0.0412359421924745,-0.9991494368068767,990.2203608247422,1313.3865979381444
1112,895.0,116.12489168102785,0.55231379898581,0.9572192513368984,37.1979600196284,31.009569463189315,-0.6237198278428457,1318.5664804469275,1519.1787709497207,0.8340311197548461,0.781470561188128,0.6831950675890816,0.8117114800190608,-0.5840586213773973,1519.1787709497207,1318.5664804469275
1113,150.0,49.79898987322333,0.8286404067665674,0.9036144578313253,19.318228617989625,10.813982653993138,0.7062623460351466,1310.8333333333333,805.9266666666666,0.7600813140577188,0.4145713305898491,0.679188255613126,0.7607929022233754,0.6489947302763972,805.9266666666666,1310.8333333333333
1114,461.0,87.35533905932736,0.7121562464961942,0.9313131313131313,29.700003893810575,20.850026351789168,1.5271153466678884,1320.4490238611713,579.2689804772234,0.7591574913220199,0.2979778706158557,0.6841704786845447,0.04366709069643966,0.9990461376683806,579.2689804772234,1320.4490238611713
1115,466.0,82.18376618407358,0.7462250825978115,0.966804979253112,29.942186387385295,19.93232537940596,1.1538313862719152,1321.244635193133,456.34120171673817,0.8670091915806392,0.23474341652095584,0.6845827125353021,0.4049873000137541,0.9143223101442781,456.34120171673817,1321.244635193133
1116,107.0,37.55634918610404,0.7890346124664686,0.9469026548672567,14.904478643572144,9.156547747699666,0.34791770268264327,1316.5794392523364,1224.6542056074766,0.9532940997757563,0.6299661551478789,0.6821655125659775,0.9400846909744677,0.34094101219336986,1224.6542056074766,1316.5794392523364
1117,305.0,65.94112549695429,0.7950330789931517,0.9591194968553459,25.373894669724617,15.39094369656219,0.68896156179528,1320.1639344262296,1315.0229508196721,0.8814486001080462,0.6764521351953046,0.6840227639514143,0.7719066035690126,0.6357359478325504,1315.0229508196721,1320.1639344262296
1118,708.0,98.66904755831213,0.4831871494729104,0.965893587994543,32.189647120065,28.182586242744087,-1.4254024058758954,1324.9420903954801,683.9618644067797,0.9138633271353817,0.35183223477715003,0.6864984924328913,0.14488220556553238,-0.989448910510526,683.9618644067797,1324.9420903954801
1119,846.0,114.5685424949238,0.43252506624520937,0.9452513966480447,35.419833757884525,31.935298134761513,1.3072699839228323,1325.6382978723404,1473.611111111111,0.8099336647622817,0.75803040695016,0.6868592216955132,0.2604867688316587,0.9654774172727407,1473.611111111111,1325.6382978723404
1120,473.0,82.76955262170047,0.7044509922047475,0.9497991967871486,29.468023414081415,20.91500719772031,-0.18479104577353758,1325.1458773784354,1289.1141649048625,0.8676204685574785,0.6631245704243119,0.6866040815432308,0.9829746655771588,-0.1837411408298988,1289.1141649048625,1325.1458773784354
1121,389.0,75.84062043356595,0.7652522864791118,0.9441747572815534,27.844655624798982,17.924453685585053,1.065084215120246,1324.8637532133675,361.87146529562983,0.8498762852261161,0.1861478730944598,0.6864579032193614,0.48443053956177634,0.8748297276269744,361.87146529562983,1324.8637532133675
1122,99.0,34.97056274847714,0.5466420898403608,0.9519230769230769,12.293586520056648,10.294235830551878,-0.8307902883182313,1319.050505050505,1391.828282828283,1.0172783843869908,0.7159610508375941,0.6834458575391218,0.6742923708410117,-0.7384644870443045,1391.828282828283,1319.050505050505
1123,607.0,103.15432893255071,0.9002895233244145,0.9267175572519084,43.03471554288824,18.732650043907597,1.0900872258156677,1327.5864909390446,1596.316309719934,0.7168423235364725,0.8211503650822706,0.6878686481549454,0.4624080283602195,0.8866672517399153,1596.316309719934,1327.5864909390446
1124,454.0,81.59797974644665,0.7344638071348114,0.9680170575692963,29.497526528434065,20.01843321309814,0.27396144209403706,1327.7444933920706,834.4383259911895,0.856854149372345,0.4292378220119287,0.6879505147109174,0.9627066957586793,0.2705472563923088,834.4383259911895,1327.7444933920706
1125,438.0,80.18376618407358,0.7931786739234417,0.9584245076586433,30.45267981662435,18.545346756618635,-1.348382311770213,1327.3013698630136,1804.5022831050228,0.8560735376109595,0.9282419151774809,0.6877209170274682,0.22058481603519328,-0.9753677967488572,1804.5022831050228,1327.3013698630136
1126,590.0,89.01219330881975,0.5994883484904757,0.9735973597359736,30.706958012436584,24.57734200949294,1.5073491020292469,1331.0661016949152,1425.1101694915253,0.9357565394470105,0.7330813629071632,0.6896715552823395,0.06340466500010648,0.9979878999548162,1425.1101694915253,1331.0661016949152
1127,966.0,118.22539674441617,0.6580601965307677,0.9611940298507463,40.60790664910496,30.57634554913126,-0.9530497001020812,1336.5300207039338,1121.7619047619048,0.8684912158185073,0.5770380168528317,0.692502601401002,0.5791997149418715,-0.8151856783649077,1121.7619047619048,1336.5300207039338
1128,336.0,67.4558441227157,0.3755493861952542,0.9627507163323782,21.578481885821923,19.99898844952886,-0.8308232582676545,1331.907738095238,418.8482142857143,0.9279188107668589,0.21545690035273368,0.6901076363187763,0.6742680233377436,-0.7384867180283015,418.8482142857143,1331.907738095238
1129,395.0,109.25483399593904,0.9486192567338494,0.6717687074829932,48.68277638155502,15.404195590911478,-1.2882058455361802,1328.9898734177216,787.6810126582278,0.4158394010913978,0.40518570609991145,0.6885957893356071,0.27884431462655895,-0.9603363203588858,787.6810126582278,1328.9898734177216
1130,387.0,71.94112549695427,0.5609877301966445,0.9650872817955112,24.461893781550756,20.2501455885668,1.1782051518085415,1330.811369509044,1076.3979328165374,0.9396505518652717,0.553702640337725,0.6895395696938051,0.3825837373343491,0.9239208212435099,1076.3979328165374,1330.811369509044
1131,812.0,116.46803743153546,0.6720749424071569,0.9164785553047404,38.43222015536677,28.458410828520318,0.1652898280622021,1339.9002463054187,657.3953201970444,0.752232994451525,0.33816631697378824,0.6942488322826004,0.9863707089824897,0.16453821580830613,657.3953201970444,1339.9002463054187
1132,253.0,65.2842712474619,0.837828159322683,0.9100719424460432,25.098807947416248,13.702293608475241,-0.3052606382890156,1334.806324110672,848.4426877470356,0.7459560903500484,0.4364417118040307,0.6916094943578611,0.9537686522707067,-0.3005417740443411,848.4426877470356,1334.806324110672
1133,625.0,103.7401153701776,0.8774542949499161,0.946969696969697,41.18801848317207,19.756255450613,1.2871012508910085,1335.1072,1572.1904,0.7297875129532602,0.8087399176954733,0.6917653886010362,0.27990492665482997,0.960027724617552,1572.1904,1335.1072
1134,128.0,45.21320343559642,0.8640373658029789,0.920863309352518,18.161178376249993,9.142839923187418,1.366509562680853,1330.5390625,563.8359375,0.7868451574616614,0.2900390625,0.6893984779792746,0.20286880675742633,0.979205926884033,563.8359375,1330.5390625
1135,989.0,119.88225099390856,0.5817523154764975,0.9592628516003879,39.492229677180866,32.12163672536571,1.0492053334894438,1342.9110212335693,1541.9544994944388,0.8647615627301897,0.7931864709333533,0.6958088192920048,0.4982602029002636,0.8670275487006097,1541.9544994944388,1342.9110212335693
1136,871.0,107.74011537017762,0.29964975146689854,0.975363941769317,34.12720313068082,32.55903353548592,-0.37016032947862587,1343.9460390355912,1632.340987370838,0.9429163068309641,0.8396815778656574,0.6963450979459022,0.9322693560096231,-0.3617649068737909,1632.340987370838,1343.9460390355912
1137,717.0,118.46194077712559,0.8763571150129564,0.8754578754578755,45.33834644646957,21.837755083186856,-1.3970107809755576,1339.4532775453279,588.8410041841004,0.6420536700016379,0.3029017511235084,0.6940172422514652,0.17291210422964873,-0.9849372590225608,588.8410041841004,1339.4532775453279
1138,220.0,59.11269837220809,0.8092187120380722,0.9166666666666666,22.481259227914165,13.20790866473262,-0.6805081054873552,1339.5727272727272,1307.090909090909,0.7911721220706899,0.6723718668163112,0.6940791333019312,0.7772531252053274,-0.6291880317985648,1307.090909090909,1339.5727272727272
1139,414.0,75.59797974644665,0.5711550176459554,0.9605568445475638,25.58733414230647,21.00316409397276,1.554736109489142,1344.768115942029,535.6014492753624,0.9103110733842568,0.27551514880419875,0.6967710445295487,0.016059526911131095,0.9998710374820298,535.6014492753624,1344.768115942029
1140,642.0,99.84062043356595,0.826300614252395,0.963963963963964,38.25486695415275,21.546263651434383,1.047701230131607,1346.4579439252336,923.3894080996885,0.8093387788453535,0.4749945514916093,0.6976466030700692,0.49956373784225816,0.8662771333892356,923.3894080996885,1346.4579439252336
1141,998.0,118.32590180780451,0.4065426467215498,0.9717624148003895,37.457243259242226,34.2221287956905,1.3049199451341416,1352.1472945891783,757.129258517034,0.8957375058578193,0.3894697831877747,0.7005944531550147,0.2627549568309404,0.964862597814202,757.129258517034,1352.1472945891783
1142,144.0,44.14213562373095,0.6961911492183391,0.9536423841059603,16.219518501293603,11.643285982706232,0.605400880277343,1342.0,562.5416666666666,0.9286791058917584,0.2893732853223594,0.6953367875647668,0.8222740260495165,0.5690917554176295,562.5416666666666,1342.0
1143,283.0,88.94112549695427,0.951218761166506,0.7350649350649351,39.22764530125686,12.102403653884771,-1.5188322735659034,1343.9434628975266,689.0989399293286,0.4495635145888122,0.354474763338132,0.6963437631593402,0.051940670286000086,-0.9986501723678022,689.0989399293286,1343.9434628975266
1144,935.0,115.1543289325507,0.49946445754404006,0.9669079627714581,37.17137841655857,32.202843024488544,0.2939312626954992,1356.1176470588234,1512.696256684492,0.8860555236405782,0.7781359345084835,0.7026516306004267,0.9571123203562176,0.28971711413435197,1512.696256684492,1356.1176470588234
1145,546.0,85.35533905932738,0.5615762556709927,0.9767441860465116,29.078895817622083,24.060604993072502,-1.513471814183333,1350.3223443223444,1746.2472527472528,0.9417619139556652,0.8982753357753358,0.6996488830685722,0.057293122091902945,-0.9983574000131227,1746.2472527472528,1350.3223443223444
1146,375.0,77.49747468305833,0.7996949834615849,0.9445843828715366,28.88320353460252,17.341662377729797,0.8132813408484241,1352.0053333333333,439.3466666666667,0.7846320248550164,0.2260013717421125,0.7005208981001727,0.6871180921457788,0.7265457504148966,439.3466666666667,1352.0053333333333
1147,514.0,91.01219330881976,0.8197743561696802,0.9643527204502814,34.1157108688088,19.537612344917704,1.1928625757424027,1351.3210116731518,416.77237354085605,0.7797831057906882,0.214389081039535,0.7001663272917885,0.3690008266517135,0.9294290666480967,416.77237354085605,1351.3210116731518
1148,473.0,83.01219330881976,0.7246972049532754,0.9555555555555556,29.79703985464763,20.5321704968551,-0.11706039765980529,1356.2135306553912,1041.9302325581396,0.862555854594993,0.5359723418508948,0.7027013112204099,0.993156252075104,-0.11679323167089939,1041.9302325581396,1356.2135306553912
1149,529.0,87.25483399593904,0.653534247615895,0.9548736462093863,30.20431398971836,22.86155302140733,-0.7243824435986411,1357.890359168242,354.7844990548204,0.8731453447245177,0.1825023143286113,0.7035701342840632,0.7489088027479003,-0.6626730756313453,354.7844990548204,1357.890359168242
1150,368.0,74.87005768508881,0.7615643540872543,0.9223057644110275,27.457844672064137,17.795135201882225,0.6558448967464177,1356.7065217391305,1715.7472826086957,0.8249760624451794,0.8825860507246377,0.7029567470150935,0.7925329684413359,0.6098290694395967,1715.7472826086957,1356.7065217391305
1151,680.0,113.1543289325507,0.8943636962143248,0.9054593874833555,45.87098064354018,20.519950285355396,1.488326844432851,1357.7,700.6588235294117,0.6673849826041156,0.3604212055192447,0.7034715025906736,0.08237603202592494,0.9966013191580994,700.6588235294117,1357.7
1152,694.0,103.49747468305834,0.8143845452219607,0.961218836565097,39.09705883094116,22.689024477603,1.427929455937398,1363.1340057636887,852.2348703170029,0.8141601246919085,0.43839242300257353,0.7062870496184915,0.14238135868927662,0.989811875407542,852.2348703170029,1363.1340057636887
1153,832.0,108.66904755831214,0.7398932348080624,0.9730994152046784,39.77253913385673,26.755954058702464,-1.2771481097221884,1364.7067307692307,1446.360576923077,0.8853632048384086,0.7440126424501424,0.7071019330410522,0.28944619607985533,-0.9571942851766834,1446.360576923077,1364.7067307692307
1154,390.0,76.35533905932738,0.5519506323522555,0.9285714285714286,24.793058036375374,20.67435562802975,0.31732583645866036,1363.0230769230768,385.5358974358974,0.8406121270738838,0.19832093489500896,0.7062295735352729,0.9500732254468574,0.31202702813859734,385.5358974358974,1363.0230769230768
1155,119.0,41.55634918610404,0.7483950126386959,0.937007874015748,15.467617084352758,10.258947667345641,0.8803786134643493,1358.0084033613446,613.6470588235294,0.8659285359402944,0.3156620672960542,0.7036312970784169,0.6368592864212833,0.7709800576532274,613.6470588235294,1358.0084033613446
1156,202.0,53.21320343559643,0.7863170266340518,0.957345971563981,20.62809829571139,12.744518152504025,1.4009673956966127,1358.8069306930693,1313.0594059405942,0.8964424729374324,0.6754420812451616,0.7040450418098805,0.1690137436886708,0.9856136943267074,1313.0594059405942,1358.8069306930693
1157,426.0,84.87005768508881,0.8852734720113654,0.9726027397260274,34.949752687825956,16.254110597385672,-0.06952731257382808,1371.5586854460093,1936.7957746478874,0.7432081584359798,0.996294122761259,0.7106521686248753,0.9975839499134304,-0.06947130972652302,1936.7957746478874,1371.5586854460093
1158,240.0,61.11269837220809,0.8697215617480617,0.9448818897637795,25.111836639319122,12.393763868267456,-0.950348158986448,1363.075,587.4208333333333,0.807529107963389,0.30217121056241425,0.7062564766839379,0.5813998562976319,-0.8136179736811946,587.4208333333333,1363.075
1159,1136.0,141.78174593052023,0.8728358999510193,0.9474562135112594,54.70995906857302,26.69921629903155,0.9586928285473016,1376.105633802817,932.2323943661971,0.71014585307371,0.4795434127398133,0.7130081004159674,0.5745903196139494,0.8184411796860783,932.2323943661971,1376.105633802817
1160,839.0,108.5685424949238,0.6101756712942865,0.9710648148148148,36.806528768369425,29.16056678932919,0.10407577343586083,1376.3015494636472,455.2181168057211,0.8944659437179149,0.23416569794532976,0.7131096111210607,0.9945890035591223,0.10388798775254199,455.2181168057211,1376.3015494636472
1161,295.0,63.69848480983499,0.6555134358540005,0.9546925566343042,22.371291535626394,16.894430489383666,-1.2382037243371975,1370.9457627118645,610.0237288135593,0.9136369937730423,0.3137982144102671,0.7103345920786863,0.32649464831092717,-0.9451990502663045,610.0237288135593,1370.9457627118645
1162,633.0,95.49747468305833,0.5242405754120849,0.9518796992481203,31.146675654945362,26.523581064864615,1.2617070933378398,1376.5560821484992,745.7030015797789,0.8722275485506413,0.38359207900194386,0.7132414933411912,0.3041911564877767,0.9526110120687399,745.7030015797789,1376.5560821484992
1163,202.0,53.45584412271571,0.726213583190521,0.9665071770334929,19.843394583613467,13.641721598676849,-1.107374550982408,1367.7128712871288,1350.2871287128712,0.888322883205893,0.6945921443996251,0.7086595188016211,0.44701159275332625,-0.8945281638630136,1350.2871287128712,1367.7128712871288
1164,153.0,43.798989873223334,0.6901871264853091,0.9683544303797469,16.392817066733112,11.862349545191526,-0.21515336261332657,1369.549019607843,1797.575163398693,1.0022431707906607,0.9246785819952124,0.7096108909885197,0.976943663198553,-0.2134972574441934,1797.575163398693,1369.549019607843
1165,599.0,96.94112549695429,0.7801254471629233,0.9462875197472354,35.32532542180009,22.10034026052171,-1.4828977998289223,1375.9716193656093,706.2186978297162,0.8009779694490996,0.36328122316343425,0.7129386628837354,0.0877853844666588,-0.9961394110635523,706.2186978297162,1375.9716193656093
1166,336.0,70.18376618407356,0.8168483271601883,0.9572649572649573,27.253334770872453,15.721154382357549,0.7395297374616792,1380.967261904762,1697.6190476190477,0.8571874469252383,0.8732608269645307,0.7155270787071305,0.7387855694077837,0.6739405629837224,1697.6190476190477,1380.967261904762
1167,120.0,38.384776310850235,0.561617777393833,0.9523809523809523,13.58369881482295,11.239108992825987,-0.9805526691206163,1376.6083333333333,592.8333333333334,1.023465203777352,0.3049554183813443,0.7132685664939551,0.5565634714687988,-0.8308050928025174,592.8333333333334,1376.6083333333333
1168,362.0,75.18376618407356,0.7561341888215943,0.9402597402597402,26.875011233891207,17.587453520577466,0.45468985556174757,1383.3232044198894,1499.0994475138123,0.8047672240225022,0.7711416911079281,0.7167477743108235,0.8983972817671526,0.4391837020124851,1499.0994475138123,1383.3232044198894
1169,283.0,59.941125496954285,0.22746776781905684,0.9691780821917808,19.243341896551716,18.73888943073261,1.5172363241993079,1379.696113074205,1667.1060070671379,0.9897978655314201,0.8575648184501737,0.7148684523700544,0.053534398571618805,0.99856600591527,1667.1060070671379,1379.696113074205
1170,376.0,71.45584412271572,0.4761453888251778,0.9665809768637532,23.569469459853508,20.726203572814267,0.3767480324812753,1380.625,1745.968085106383,0.9253844575251267,0.8981317310218019,0.7153497409326425,0.9298659443231855,0.36789852621062585,1745.968085106383,1380.625
1171,314.0,64.2842712474619,0.5011025484490793,0.9691358024691358,21.639409068727023,18.72648300216977,0.8322520637664188,1382.9012738853503,405.70063694267515,0.9548388086386901,0.20869374328326912,0.7165291574535494,0.6732121815593114,0.7394493617551866,405.70063694267515,1382.9012738853503
1172,764.0,116.66904755831213,0.8503352808441504,0.8988235294117647,44.58156896107136,23.46066298935707,-1.403468082363024,1384.892670157068,661.1793193717277,0.7053292877703784,0.3401128186068558,0.7175609689932996,0.16654850677599914,-0.9860332625680966,661.1793193717277,1384.892670157068
1173,159.0,48.14213562373095,0.4919761072507184,0.9408284023668639,15.81492310662642,13.76860965898264,0.08688491752948546,1381.8050314465409,1804.74213836478,0.8620972987644264,0.9283652975127469,0.7159611561899175,0.9962278794235885,0.08677564323691306,1804.74213836478,1381.8050314465409
1174,395.0,72.2842712474619,0.5660931477861473,0.9777227722772277,24.75763000507942,20.40873643995175,0.5171723329985404,1387.4253164556962,428.6784810126582,0.9499906825898418,0.22051362192009166,0.7188732209615006,0.8692207199658831,0.4944242510051381,428.6784810126582,1387.4253164556962
1175,452.0,79.94112549695429,0.6189897416517215,0.9515789473684211,27.194121602844675,21.35823782626228,-1.3228900333202103,1388.1946902654868,313.5575221238938,0.8888076459769664,0.16129502166866966,0.7192718602411848,0.24537480021617297,-0.9694282889512112,313.5575221238938,1388.1946902654868
1176,632.0,91.84062043356595,0.5101246591585347,0.9708141321044547,30.6131643807597,26.33039731453808,0.6912927699807381,1390.607594936709,1544.6471518987341,0.9415802151875867,0.7945715801948221,0.7205220699153932,0.7704224745915278,0.6375336937325483,1544.6471518987341,1390.607594936709
1177,281.0,60.8700576850888,0.5934325123104311,0.95578231292517,21.098586393286134,16.981909366319595,0.08276006292337312,1387.167259786477,1765.1103202846975,0.9530347958722276,0.9079785598172312,0.7187395128427342,0.9965773402097665,0.08266562151479519,1765.1103202846975,1387.167259786477
1178,423.0,74.76955262170047,0.4498140490321084,0.9746543778801844,24.613858067553746,21.983183855434152,-0.6497734654642323,1388.9267139479905,1640.8345153664302,0.9508251645005059,0.8440506766288222,0.7196511471233111,0.7962208737426869,-0.6050060497353991,1640.8345153664302,1388.9267139479905
1179,461.0,83.35533905932738,0.8271459287909511,0.9524793388429752,32.4136831566156,18.216075025051722,0.29496705259954703,1393.9652928416485,479.80260303687635,0.8337655459357117,0.24681203859921622,0.7222618097625122,0.9568117209239625,0.29070832582250755,479.80260303687635,1393.9652928416485
1180,431.0,89.35533905932738,0.911808183055966,0.9389978213507625,37.36200709403983,15.341453275708925,1.2855715193990398,1389.095127610209,1366.2180974477958,0.6783379584452961,0.702787087164504,0.7197384080881911,0.28137318322589544,0.9595984221336166,1366.2180974477958,1389.095127610209
1181,382.0,74.4558441227157,0.35615007657369757,0.9478908188585607,23.19132297843097,21.67063936511277,0.8669179760562558,1390.5916230366493,1517.6832460732985,0.8659157590383342,0.7807012582681576,0.7205137943195074,0.6471791610355676,0.7623379391853057,1517.6832460732985,1390.5916230366493
1182,793.0,105.84062043356593,0.6501044253383997,0.9778051787916153,36.7144581907573,27.89729294518158,0.5426031068283725,1396.3089533417403,506.0870113493064,0.8895662496793951,0.2603328247681617,0.7234761416278447,0.8563674259785194,0.5163669545225809,506.0870113493064,1396.3089533417403
1183,391.0,75.11269837220809,0.48267967193043193,0.9513381995133819,24.32004738079366,21.29942382918098,0.4158945321274836,1393.0664961636828,635.6726342710997,0.87088316124374,0.32699209581846694,0.7217961120019082,0.9147552880641242,0.404008369911715,635.6726342710997,1393.0664961636828
1184,1022.0,119.9827560572969,0.4452140863105306,0.9678030303030303,38.45404900433449,34.43268433588912,-1.421146667803322,1398.5225048923678,349.8522504892368,0.8921196236751473,0.17996514942861974,0.7246230595297243,0.14909171625320944,-0.9888233715607012,349.8522504892368,1398.5225048923678
1185,466.0,85.01219330881975,0.8229304332710096,0.9588477366255144,32.81477566482408,18.64345718035787,1.1129853681624458,1395.1008583690987,703.2854077253219,0.8102766773264379,0.36177232907681167,0.7228501856834708,0.44198554886997954,0.8970221706235041,703.2854077253219,1395.1008583690987
1186,618.0,108.46803743153545,0.9107017168605596,0.894356005788712,44.95993718660131,18.571359511330613,0.6652278459352098,1403.4352750809062,1692.2572815533981,0.6600772647785885,0.8705027168484558,0.7271685363113504,0.7867761702885605,0.6172384125004422,1692.2572815533981,1403.4352750809062
1187,593.0,93.25483399593904,0.5044578902420568,0.9457735247208932,30.06145645676536,25.956152610561137,-0.9782215251843851,1399.9679595278246,877.5986509274874,0.8568836391214285,0.4514396352507651,0.7253719997553496,0.5584986837221297,-0.829505407023154,877.5986509274874,1399.9679595278246
1188,834.0,110.08326112068522,0.7208820512112958,0.9619377162629758,39.308884542337154,27.243327739702725,-0.9136091042685456,1402.4616306954435,844.4172661870504,0.8648351673575752,0.4343710217011576,0.726664057355152,0.6108923571484403,-0.7917136653978019,844.4172661870504,1402.4616306954435
1189,882.0,115.98275605729691,0.5609878297715423,0.9504310344827587,37.10777694280111,30.718710130060668,1.567703682988859,1404.1530612244899,677.0453514739229,0.8239324358358632,0.34827435775407556,0.7275404462303057,0.0030926388761359194,0.9999952177809561,677.0453514739229,1404.1530612244899
1190,925.0,128.22539674441617,0.865766835241721,0.9131293188548865,49.88637589538184,24.96551642414299,0.7994662258121503,1408.5048648648649,1586.0864864864866,0.7069740838151516,0.8158881103325548,0.72979526676936,0.6970895162427486,0.7169841046665196,1586.0864864864866,1408.5048648648649
1191,518.0,88.66904755831213,0.742044038781135,0.961038961038961,31.618991700654906,21.195826981485347,-0.9630291800422126,1400.3185328185327,1798.7316602316603,0.8279336550153885,0.9252734877734878,0.7255536439474263,0.5710358798298822,-0.8209251025196588,1798.7316602316603,1400.3185328185327
1192,590.0,90.18376618407356,0.4731456646032275,0.9656301145662848,29.424858911640726,25.92283611265728,-0.7097365381129419,1405.3389830508474,276.26440677966104,0.9116017277665311,0.14211132035990795,0.7281549134978484,0.7585335830241129,-0.6516339489503299,276.26440677966104,1405.3389830508474
1193,309.0,71.94112549695427,0.8738543958349998,0.9251497005988024,29.12108947829586,14.15831597161679,1.1648667038545395,1401.611650485437,576.6343042071197,0.7502636189311859,0.296622584468683,0.7262236531012627,0.3948730086653985,0.9187357111963897,576.6343042071197,1401.611650485437
1194,274.0,75.21320343559643,0.9474331364556788,0.9383561643835616,33.31653627166891,10.65975331029734,1.4001190153510346,1401.85401459854,39.64963503649635,0.6086564859271317,0.02039590279655162,0.7263492303619379,0.16984985805121347,0.985469951708312,39.64963503649635,1401.85401459854
1195,782.0,113.63961030678927,0.8571353595147752,0.9342891278375149,44.65252918670072,23.000126192075722,1.0186679246117303,1410.6547314578006,403.83503836317135,0.7609517945023754,0.20773407323208404,0.7309091872838345,0.5245005587034487,0.851410103252111,403.83503836317135,1410.6547314578006
1196,533.0,87.698484809835,0.5326713602061571,0.9673321234119783,28.699287403883584,24.28884330471859,1.2119658010960537,1407.3039399624765,1374.3527204502814,0.8708691235702932,0.7069715640176345,0.7291730258872935,0.3511794853433039,0.9363081592478046,1374.3527204502814,1407.3039399624765
1197,287.0,65.35533905932738,0.7803088752222258,0.9534883720930233,24.47270189996408,15.305088836880959,-0.9603974476002836,1406.554006968641,302.02090592334497,0.8443638210744571,0.15536054831447788,0.7287844595692441,0.5731943550601092,-0.819419447735545,302.02090592334497,1406.554006968641
1198,959.0,128.81118318204307,0.7928061219267377,0.899624765478424,46.29226380365635,28.213927253490166,1.540068897251533,1413.363920750782,640.4608967674661,0.7263088438642904,0.329455193810425,0.7323129123061046,0.030722594426874687,0.9995279496800886,640.4608967674661,1413.363920750782
1199,430.0,81.01219330881976,0.8286223275043003,0.9492273730684326,31.48534920919329,17.625751537070457,0.5533090739959214,1416.553488372093,330.53953488372093,0.8233368223351799,0.17003062494018567,0.7339655380166284,0.8507902469437664,0.525505428806749,330.53953488372093,1416.553488372093
1200,447.0,84.25483399593904,0.5577052462512991,0.9197530864197531,26.30399685271699,21.83334509405968,-1.2096743028913737,1415.3020134228188,714.5279642058166,0.7912755248080595,0.3675555371429098,0.7333171054004243,0.35332410991653035,-0.9355009745327322,714.5279642058166,1415.3020134228188
1201,118.0,38.97056274847714,0.7030665909498601,0.944,14.535836518235687,10.336782466912585,-1.460632464369632,1407.7288135593221,1176.4322033898304,0.976379195376609,0.6051605984515589,0.7293931676473172,0.10994117141944089,-0.9939380960738556,1176.4322033898304,1407.7288135593221
1202,282.0,59.698484809834994,0.5979098495863454,0.9791666666666666,21.181826355075355,16.978575794089497,-1.2633370553633654,1411.9326241134752,468.13475177304963,0.9943341497106478,0.2408100574964247,0.7315713078308161,0.3026380333167216,-0.9531055664459142,468.13475177304963,1411.9326241134752
1203,746.0,126.08326112068524,0.9119876481765191,0.8525714285714285,50.49354387512632,20.71334347495791,-1.531563773450821,1422.2734584450402,579.127345844504,0.5897036624159137,0.297905013294498,0.7369292530803317,0.03922248970510622,-0.9992305020871475,579.127345844504,1422.2734584450402
1204,243.0,58.04163056034262,0.6931251020131788,0.9418604651162791,20.81113866974069,15.001028973223665,-0.5114790402755436,1419.6296296296296,486.50205761316874,0.9064355468650053,0.2502582600890786,0.7355593935904816,0.872021519508883,-0.489467536730904,486.50205761316874,1419.6296296296296
1205,50.0,27.656854249492376,0.9212406682174317,0.9433962264150944,12.770939315082714,4.967807263821198,0.13776528409950203,1417.64,7.88,0.8214370860447775,0.004053497942386831,0.7345284974093265,0.990525362624075,0.13732991661850225,7.88,1417.64
1206,156.0,45.45584412271572,0.6969385450408163,0.9512195121951219,16.780692028319802,12.033952036307817,-0.6863845775683014,1421.4166666666667,1781.9038461538462,0.948757032787488,0.9166172048116493,0.7364853195164076,0.7735423202101576,-0.633744647980467,1781.9038461538462,1421.4166666666667
1207,227.0,61.21320343559643,0.858121870736854,0.908,24.46734718264756,12.562662972259513,-1.4449808496679402,1421.955947136564,1661.339207048458,0.7612819024383253,0.8545983575352151,0.7367647394489969,0.1254838063440654,-0.9920956679400456,1661.339207048458,1421.955947136564
1208,786.0,106.66904755831214,0.6094829687747245,0.9620563035495716,36.082730297951166,28.606358331637907,0.3496170293044364,1433.2709923664122,674.8358778625955,0.8680716548374255,0.3471377972544215,0.7426274571846695,0.9395039637687189,0.34253803009719314,674.8358778625955,1433.2709923664122
1209,952.0,151.29646455628168,0.90048002864258,0.7616,59.505225109353084,25.878665599131594,-0.7170943387251253,1436.8256302521008,1622.7142857142858,0.522623883801267,0.834729570840682,0.744469238472591,0.7537185012556484,-0.6571973987052436,1622.7142857142858,1436.8256302521008
1210,188.0,51.79898987322333,0.8423563083628587,0.9591836734693877,21.076506874389985,11.358572269198968,-1.5644452733608845,1423.9308510638298,183.88297872340425,0.8804914272545586,0.09459000963138078,0.7377880057325543,0.006351010738210366,-0.9999798321279301,183.88297872340425,1423.9308510638298
1211,542.0,92.5685424949238,0.8528181959287036,0.9644128113879004,36.765371256230324,19.19916850874077,0.7204145711746818,1434.7269372693727,447.5848708487085,0.7948447298972967,0.23023913109501465,0.7433818327820584,0.7515323026645532,0.659696292282831,447.5848708487085,1434.7269372693727
1212,69.0,29.31370849898476,0.8025086766527413,0.971830985915493,12.125700036376392,7.234683099044185,1.5096004806056387,1421.840579710145,504.81159420289856,1.009061009274825,0.25967674598914536,0.736704963580386,0.06115765763103274,0.9981281184863421,504.81159420289856,1421.840579710145
1213,596.0,95.25483399593904,0.7727178504426151,0.9475357710651828,34.983607055628255,22.205832483993362,1.5557344417826953,1429.961409395973,60.605704697986575,0.8254334698505398,0.031175774021598032,0.7409126473554265,0.01506131552783453,0.9998865719543247,60.605704697986575,1429.961409395973
1214,756.0,105.7401153701776,0.7101315695032927,0.9630573248407643,37.41132755556137,26.340155907224037,0.872805659012423,1436.6375661375662,156.88492063492063,0.8496735512557715,0.08070211966816905,0.7443717959262001,0.6426795657366398,0.766135089775011,156.88492063492063,1436.6375661375662
1215,652.0,114.71067811865476,0.8491728955501782,0.8775235531628532,43.043524417400334,22.731928462268986,-1.119590819075687,1435.611963190184,264.04447852760734,0.6226582769269083,0.13582534903683505,0.7438403954353285,0.4360507137243952,-0.8999220938839347,264.04447852760734,1435.611963190184
1216,415.0,77.94112549695427,0.8138825429770388,0.9651162790697675,30.21370148986021,17.555049955333462,-0.5782894912783477,1434.8867469879517,312.53493975903615,0.8584689959349425,0.16076900193366056,0.7434646357450527,0.8373988255039523,-0.5465923591165551,312.53493975903615,1434.8867469879517
1217,910.0,118.42640687119285,0.778807078746716,0.9578947368421052,43.561567753392694,27.324582692781195,-0.18928785404677612,1441.4472527472528,699.7549450549451,0.8153689158316731,0.3599562474562475,0.746863861527074,0.982138481191064,-0.18815951680345644,699.7549450549451,1441.4472527472528
1218,572.0,93.25483399593904,0.5950782049269955,0.9581239530988275,30.747543111461336,24.71081027545542,1.1703552432257227,1436.0646853146852,650.1468531468531,0.8265386873144303,0.33443768165990384,0.7440749664842928,0.389824569284552,0.9208891383777493,650.1468531468531,1436.0646853146852
1219,938.0,121.9827560572969,0.5219148755719069,0.9408224674022067,38.663226971927976,32.97963884195016,-1.4119536413379579,1438.538379530917,1671.5511727078892,0.7921653086330913,0.8598514262900665,0.7453566733320813,0.1581755676833804,-0.9874110034772958,1671.5511727078892,1438.538379530917
1220,301.0,65.4558441227157,0.5360328408010719,0.9465408805031447,21.575920240490362,18.214329934961917,0.9183070703134105,1433.4119601328903,1394.3953488372092,0.8828349213988427,0.7172815580438319,0.7427004974781815,0.6071661854579646,0.7945748694971573,1394.3953488372092,1433.4119601328903
1221,227.0,58.21320343559642,0.6146767800190415,0.926530612244898,19.590944482238545,15.452927401725495,-0.7705229655459499,1432.2378854625551,1410.2819383259912,0.8417686037785727,0.7254536719783905,0.7420921686334483,0.7175465167106585,-0.6965105859614775,1410.2819383259912,1432.2378854625551
1222,718.0,112.91168824543142,0.842966368517189,0.9111675126903553,42.4691435259924,22.84696649164777,-0.6352330628873055,1441.9275766016713,723.7172701949861,0.707711913160395,0.3722825463965978,0.7471127339905033,0.8049334269454672,-0.5933651305779825,723.7172701949861,1441.9275766016713
1223,552.0,89.01219330881976,0.5849760514285505,0.9517241379310345,29.80209008427271,24.171002005958574,-1.5428998119456199,1440.284420289855,374.90036231884056,0.8754874741944909,0.19284998061668754,0.7462613576631373,0.02789289673983172,-0.9996109174631203,374.90036231884056,1440.284420289855
1224,602.0,91.25483399593905,0.6317810863253959,0.9709677419354839,31.622499293451337,24.51208112229144,1.0203392557855928,1444.124584717608,1146.1328903654485,0.9084365441354891,0.589574532080992,0.7482510801645638,0.5230768385625306,0.8522855278364336,1146.1328903654485,1444.124584717608
1225,627.0,97.25483399593904,0.771273899737258,0.9587155963302753,35.62919383945221,22.67810283257908,-1.1192108714656397,1448.1355661881978,282.6267942583732,0.8330191992826018,0.1453841534250891,0.750329308905802,0.4363926054907876,-0.8997563525049221,282.6267942583732,1448.1355661881978
1226,144.0,50.2842712474619,0.6710251220965214,0.9,15.907784089175216,11.79458174157115,0.11799900475177852,1442.1805555555557,1858.388888888889,0.7156621276522288,0.9559613625971651,0.7472438111686817,0.9930461916586686,0.11772536358922366,1858.388888888889,1442.1805555555557
1227,362.0,72.76955262170047,0.7131573576175528,0.9378238341968912,26.11726590969316,18.30830741088922,-0.9678132876394305,1445.2099447513813,1461.5027624309391,0.8590511522175241,0.7518018325262033,0.7488134428763633,0.5671019659592971,-0.8236475946696501,1461.5027624309391,1445.2099447513813
1228,892.0,155.29646455628168,0.935464329452368,0.7565733672603902,64.23200544277645,22.7009473270749,-0.47003236501361534,1460.1692825112107,520.0582959641256,0.4647844404798165,0.2675196995700235,0.7565643950835288,0.8915536300575827,-0.45291514076165185,520.0582959641256,1460.1692825112107
1229,1017.0,137.05382386916236,0.8851838025969216,0.9153915391539154,54.44441159855506,25.32979868293843,-0.044642089094282904,1462.5260570304818,1631.1229105211405,0.680375243564028,0.8390549951240435,0.7577855217774517,0.9990037074177667,-0.04462726258193837,1631.1229105211405,1462.5260570304818
1230,292.0,68.04163056034263,0.8807097698681097,0.9419354838709677,28.281160128176772,13.39554998632943,-1.3544921116340183,1444.873287671233,1432.61301369863,0.792580330701236,0.7369408506680196,0.7486390091560792,0.2146214339151715,-0.9766973124280601,1432.61301369863,1444.873287671233
1231,757.0,103.74011537017762,0.2911487640759026,0.9582278481012658,31.993955213594397,30.607906422244085,-0.9093628357002765,1456.322324966975,618.335535006605,0.8839186356889883,0.31807383487994084,0.7545711528326295,0.6142486684684652,-0.789112522575024,618.335535006605,1456.322324966975
1232,140.0,42.04163056034262,0.5271903501901157,0.9523809523809523,14.49452337680782,12.316680917108537,-0.9407404383505052,1446.2571428571428,1757.4785714285715,0.9953568202560771,0.9040527630805409,0.7493560325684677,0.5891899164226089,-0.807994580666182,1757.4785714285715,1446.2571428571428
1233,105.0,36.14213562373095,0.5665564627104582,0.9459459459459459,12.771609250306632,10.524098762072406,-0.6144772469270396,1446.9142857142858,970.2380952380952,1.010116675158819,0.49909367038996666,0.7496965210954849,0.8170749421274275,-0.5765314726426138,970.2380952380952,1446.9142857142858
1234,452.0,77.35533905932738,0.4536260755320982,0.9678800856531049,25.494485554434863,22.720484470041903,1.063194746323369,1455.5818584070796,926.9314159292036,0.9492218153152143,0.476816571980043,0.754187491402632,0.4860826373205486,0.8739128501718578,926.9314159292036,1455.5818584070796
1235,526.0,91.15432893255071,0.7450933602379931,0.9244288224956063,32.27506358797342,21.526182288465595,1.2902724062783524,1457.9790874524715,140.61977186311788,0.7955015163127697,0.07233527359213883,0.7554295789909179,0.27685912727394163,0.9609105180218975,140.61977186311788,1457.9790874524715
1236,98.0,39.21320343559643,0.8566562792148774,0.8909090909090909,15.897528021330297,8.20133762998282,-0.7695324717309792,1451.857142857143,1477.0204081632653,0.800887093160054,0.7597841605778114,0.7522575869726129,0.7182360540407879,-0.6957995190253571,1477.0204081632653,1451.857142857143
1237,391.0,73.01219330881976,0.4347535961598092,0.9630541871921182,23.59507943305614,21.24853578951816,0.4892063673439498,1461.3069053708439,367.9360613810742,0.9217132516356337,0.1892675212865608,0.7571538369797118,0.8827060847746551,0.46992549186206056,367.9360613810742,1461.3069053708439
1238,207.0,58.62741699796952,0.8759281581272842,0.8771186440677966,24.37192618522226,11.758030164389034,-0.3824008302321029,1459.2222222222222,1500.9178743961352,0.7567957569561186,0.7720770958827856,0.7560736902705815,0.9277714429517232,-0.37314896441404916,1500.9178743961352,1459.2222222222222
1239,233.0,57.698484809834994,0.6774523037537219,0.9433198380566802,20.440495690555274,15.035348044691737,-1.1845943664787073,1458.3390557939915,60.51072961373391,0.8795022766685303,0.031126918525583285,0.7556160910849697,0.3766728401297277,-0.9263463561263706,60.51072961373391,1458.3390557939915
1240,528.0,105.49747468305833,0.89235211393085,0.8655737704918033,40.974420421409455,18.493390789734917,1.527007935014176,1459.1174242424242,93.15530303030303,0.5961556422604932,0.04791939456291308,0.7560193907991836,0.04377439964211581,0.999041441550836,93.15530303030303,1459.1174242424242
1241,54.0,26.14213562373095,0.5665764888246775,0.9,9.229522486306852,7.605210995802049,-0.42407664911756565,1455.7592592592594,1383.7222222222222,0.9929365491729242,0.7117912665752172,0.7542794089426215,0.9114190612923642,-0.41147939767738767,1383.7222222222222,1455.7592592592594
1242,1049.0,120.91168824543142,0.6362031099512734,0.9758139534883721,41.71996485688399,32.18785467699944,0.18394077894226998,1470.516682554814,1570.421353670162,0.9016724120180405,0.8078299144393838,0.7619257422563803,0.9831305392333648,0.18290528375832515,1570.421353670162,1470.516682554814
1243,398.0,74.76955262170047,0.7259818224087826,0.9683698296836983,27.25924795959603,18.746563433605424,-1.2176756685859331,1460.464824120603,1762.4547738693468,0.8946298238089867,0.9066125379986352,0.7567175254510896,0.3458275942099609,-0.9382980736860492,1762.4547738693468,1460.464824120603
1244,509.0,90.18376618407356,0.684022176904653,0.9254545454545454,30.364937284497792,22.15004398903047,1.4556196567669166,1462.4970530451867,40.16699410609037,0.7864496261579056,0.02066203400519052,0.7577704938057962,0.11492218968633686,0.9933744965106048,40.16699410609037,1462.4970530451867
1245,137.0,57.79898987322333,0.9623862182847851,0.8954248366013072,25.916891488766133,7.041231982006171,-1.537171341255079,1455.7372262773722,1362.5839416058395,0.5153353496988505,0.7009176654351026,0.7542679928898302,0.03361864960768313,-0.9994347334361338,1362.5839416058395,1455.7372262773722
1246,522.0,91.35533905932736,0.8282198549701878,0.9354838709677419,34.969721382660204,19.59714767421673,1.5129777487577918,1463.4176245210729,956.9137931034483,0.7859818175115575,0.492239605505889,0.7582474738451155,0.057786368952871495,0.9983289716136874,956.9137931034483,1463.4176245210729
1247,296.0,60.8700576850888,0.40222085312441047,0.976897689768977,20.31645962162309,18.60058573931053,1.4961322921693478,1464.1587837837837,1030.597972972973,1.0039085394241258,0.5301429902124346,0.758631494188489,0.07459468213560878,0.9972139356211823,1030.597972972973,1464.1587837837837
1248,228.0,55.941125496954285,0.49313068180793734,0.9661016949152542,18.449209131998703,16.049986275472776,-0.5572146434107645,1467.2149122807018,71.23245614035088,0.9155505152184379,0.036642209948740165,0.7602149804563222,0.8487313654868299,-0.5288242328400441,71.23245614035088,1467.2149122807018
1249,787.0,109.9827560572969,0.750882176633528,0.9470517448856799,39.659018414914904,26.192250893551982,0.6390364991713157,1473.022871664549,482.5514612452351,0.8175896771642938,0.24822606031133493,0.7632242858365539,0.8026707837916134,0.5964223443562096,482.5514612452351,1473.022871664549
1250,375.0,69.94112549695429,0.34186164997584,0.9640102827763496,22.550347244092453,21.191695418875938,0.5860206725972673,1472.2106666666666,263.648,0.9633318033967716,0.13562139917695473,0.7628034542314335,0.8331480369379795,0.5530500416294997,263.648,1472.2106666666666
1251,504.0,90.52691193458118,0.8795220233647423,0.9563567362428842,37.149837477996144,17.678054164472403,-1.5362353159967,1472.4146825396826,1065.829365079365,0.77283180851374,0.5482661343000849,0.7629091619376595,0.03455413089829989,-0.9994028277115605,1065.829365079365,1472.4146825396826
1252,115.0,38.97056274847714,0.8202421185704383,0.9663865546218487,15.968687725960152,9.134352732098709,-0.011453170291502144,1472.5304347826086,182.03478260869565,0.9515559954941529,0.09363929146537842,0.7629691371930615,0.9999344131620883,-0.011452919897999469,182.03478260869565,1472.5304347826086
1253,624.0,94.08326112068524,0.6190798125390587,0.9541284403669725,32.124232727109515,25.2280618550473,-1.4073833738966541,1477.0,1738.6474358974358,0.8858694575812722,0.8943659649678167,0.7652849740932642,0.16268663240303127,-0.9866777891679538,1738.6474358974358,1477.0
1254,301.0,63.45584412271571,0.6159233184080036,0.9616613418530351,22.130597827943735,17.43462017118714,-1.5039682082851373,1474.9867109634552,315.77740863787375,0.9393622607047165,0.1624369385997293,0.7642418191520493,0.06677838724852826,-0.9977678322117253,315.77740863787375,1474.9867109634552
1255,225.0,59.112698372208094,0.6310989057122273,0.8893280632411067,20.22122704001773,15.685653796407312,-0.6855338712859297,1476.111111111111,626.9733333333334,0.8091533066632053,0.322517146776406,0.7648244099021301,0.7740811707918581,-0.6330863614274961,626.9733333333334,1476.111111111111
1256,373.0,72.76955262170047,0.5099790342285461,0.951530612244898,23.63444916822644,20.3300419382378,0.9524005836312491,1476.6916890080429,885.1286863270777,0.8851549165114269,0.4553131102505544,0.7651252274653072,0.5797287433317941,0.8148095385763097,885.1286863270777,1476.6916890080429
1257,263.0,88.66904755831213,0.9698833537768299,0.7874251497005988,40.480633382472384,9.859862485405742,1.0609223000211014,1476.8022813688212,939.6463878326996,0.4203601375850332,0.48335719538719113,0.7651825292066431,0.4880673005684133,0.8728059979834363,939.6463878326996,1476.8022813688212
1258,355.0,77.84062043356595,0.883103125201249,0.9391534391534392,31.417861357087155,14.740598638150466,0.9593605692009487,1481.6450704225351,929.4225352112676,0.7362505621389428,0.47809801193995244,0.7676917463329197,0.5740436851078006,0.8188246745108847,929.4225352112676,1481.6450704225351
1259,436.0,78.66904755831213,0.5594732125807955,0.9478260869565217,26.112807239452312,21.64355935405792,-0.7194795667004985,1482.7935779816514,984.7798165137615,0.8852961363298636,0.5065739796881489,0.7682868279697675,0.7521487930522821,-0.6589933179554973,984.7798165137615,1482.7935779816514
1260,311.0,64.87005768508881,0.6785615984349809,0.9749216300940439,23.42316534645848,17.20533391425097,0.48667110271062036,1482.2250803858522,14.787781350482316,0.9287133421871095,0.007606883410741932,0.7679922696299752,0.8838946321535627,0.46768609050314736,14.787781350482316,1482.2250803858522
1261,462.0,102.7401153701776,0.9456849722553338,0.8766603415559773,43.15015721052851,14.027447355385952,0.989108714228366,1484.5454545454545,912.8571428571429,0.5500114636940439,0.4695767195767196,0.7691945360339143,0.5494347806054312,0.8355366071340392,912.8571428571429,1484.5454545454545
1262,711.0,100.32590180780451,0.6193045269052577,0.9621109607577808,34.07086940870917,26.750773068017693,0.9867409957903033,1487.5597749648382,539.6005625879044,0.8876736336836171,0.2775723058579755,0.7707563600854084,0.5514115540975228,0.8342333594431204,539.6005625879044,1487.5597749648382
1263,641.0,97.9827560572969,0.7372615011838011,0.9653614457831325,35.04528144452698,23.676854589718047,0.2747338216783841,1491.965678627145,467.5694227769111,0.8390128093010926,0.2405192503996456,0.7730392117239093,0.9624974434409583,0.27129075061568014,467.5694227769111,1491.965678627145
1264,135.0,45.21320343559643,0.8516593923466086,0.9310344827586207,18.210606769307216,9.54410029685241,0.7064312189476532,1480.4222222222222,959.8222222222222,0.8298757520103457,0.4937357110196616,0.7670581462291307,0.7606832937454241,0.6491231983349639,959.8222222222222,1480.4222222222222
1265,172.0,46.8700576850888,0.5459840943227404,0.9555555555555556,16.204998461068477,13.576475454791309,0.6589207669093009,1485.593023255814,1504.4767441860465,0.9838917859770466,0.7739077902191598,0.7697373177491263,0.7906534672946925,0.6122639093192417,1504.4767441860465,1485.593023255814
1266,471.0,116.81118318204308,0.891763376626985,0.7476190476190476,42.965533317906264,19.441990711811844,1.2294223207333035,1491.5477707006369,56.29087048832272,0.4337724099439075,0.02895620909893144,0.772822679119501,0.33478212756439835,0.9422955624767926,56.29087048832272,1491.5477707006369
1267,621.0,92.66904755831213,0.5972954660522616,0.9613003095975232,31.424504883339296,25.20312148611666,0.47583019557810136,1494.1127214170692,120.85990338164251,0.9087241405250376,0.06217073219220294,0.7741516691280151,0.8889127348490026,0.4580765763748097,120.85990338164251,1494.1127214170692
1268,471.0,83.01219330881976,0.46205736279854687,0.9553752535496958,26.697033252058187,23.676265008005732,-0.1113906887489115,1490.8450106157113,383.0021231422505,0.858908683962456,0.19701755305671323,0.7724585547231665,0.9938024693951141,-0.11116047779752172,383.0021231422505,1490.8450106157113
1269,707.0,123.9827560572969,0.9223276943668137,0.8859649122807017,51.18036647682953,19.776534953175112,1.222155893823766,1493.7298444130126,1477.039603960396,0.5779718748657453,0.7597940349590515,0.7739532872606283,0.3416203507707301,0.9398380370783486,1477.039603960396,1493.7298444130126
1270,343.0,71.49747468305831,0.5385697024426918,0.9423076923076923,22.93871587962482,19.32772526684451,0.3339160482798202,1495.9008746355685,1000.2973760932945,0.8431844308047795,0.5145562634224766,0.7750781733863049,0.9447661246520626,0.3277452817508185,1000.2973760932945,1495.9008746355685
1271,265.0,59.69848480983499,0.7440734692574011,0.9636363636363636,22.488905973773413,15.024788638850014,0.7919200880986064,1492.9018867924528,1537.9849056603773,0.9343920201181622,0.7911444987964904,0.773524293674846,0.7024800781797981,0.7117034071581397,1537.9849056603773,1492.9018867924528
1272,879.0,111.1543289325507,0.6996732349959373,0.9723451327433629,39.76843353925438,28.413073938262755,0.5561120857507726,1504.6029579067122,184.45506257110353,0.8940174113884103,0.09488429144604091,0.7795870248221306,0.8493139087043632,0.5278881363331787,184.45506257110353,1504.6029579067122
1273,120.0,38.97056274847714,0.6279490098543029,0.9448818897637795,14.01432771032348,10.906713373213638,-1.418210440788294,1491.1083333333333,706.5583333333333,0.9929279952982464,0.36345593278463645,0.7725949913644214,0.15199447928658744,-0.9883813425325263,706.5583333333333,1491.1083333333333
1274,548.0,90.08326112068522,0.7320068020925387,0.9513888888888888,32.37447695171858,22.056644465603167,1.4206207069256827,1497.147810218978,1027.2664233576643,0.8485984281146224,0.5284292301222553,0.7757242539994705,0.14961177801558556,0.9887448183828905,1027.2664233576643,1497.147810218978
1275,737.0,98.91168824543142,0.30086083569743466,0.9710144927536232,31.370069076964327,29.91663273579139,0.8593357623453081,1501.5332428765264,342.23880597014926,0.9466340521378945,0.1760487685031632,0.7779964988997546,0.6529407117621339,0.7574090222089765,342.23880597014926,1501.5332428765264
1276,401.0,77.35533905932738,0.7609839210750022,0.9435294117647058,28.254254441953492,18.3305335360012,0.9596737004431516,1498.4214463840399,1638.072319201995,0.842119353852657,0.8426297938281867,0.7763841691109015,0.573787257381686,0.8190043853767834,1638.072319201995,1498.4214463840399
1277,721.0,97.49747468305833,0.4450935001261102,0.9769647696476965,32.03596360120036,28.687696083007726,0.22444799964157222,1505.6074895977808,611.1414701803051,0.9531437285917849,0.31437318424912813,0.780107507563617,0.9749171133425323,0.22256824147183257,611.1414701803051,1505.6074895977808
1278,488.0,81.35533905932736,0.5638741250109287,0.9644268774703557,27.540343867193982,22.744488920577545,-1.0833655729287561,1503.2581967213114,718.8073770491803,0.9265259067938538,0.36975688119813804,0.7788902573685551,0.4683574070734706,-0.8835390988741898,718.8073770491803,1503.2581967213114
1279,713.0,104.18376618407358,0.8160872247227846,0.9596231493943472,39.85220711540527,23.03173629699921,1.4167371082094036,1506.9551192145861,918.5091164095371,0.8254661867255343,0.4724841133793915,0.7808057612510809,0.1534505282242182,0.9881563314515109,918.5091164095371,1506.9551192145861
1280,294.0,66.87005768508881,0.8689823024359874,0.9576547231270358,27.501724562594692,13.609040428453518,-0.15983566408617111,1512.0,1159.6700680272108,0.8262163761947389,0.5965381008370426,0.783419689119171,0.9872534517479082,-0.1591559675659088,1159.6700680272108,1512.0
1281,189.0,50.970562748477136,0.669419006010459,0.9545454545454546,18.181073476014667,13.506447640085247,-0.8683751685650684,1507.7301587301588,81.23809523809524,0.9141823058069622,0.041789143640995494,0.7812073361296159,0.6460676011813109,-0.7632801940990127,81.23809523809524,1507.7301587301588
1282,121.0,42.14213562373095,0.6903652036861796,0.9097744360902256,15.100463234333652,10.924596931395472,-0.051566327346613657,1506.504132231405,92.61157024793388,0.8561742331746603,0.04763969662959562,0.78057208923907,0.9986707515300025,-0.051543477167338064,92.61157024793388,1506.504132231405
1283,128.0,43.21320343559643,0.37148876135880626,0.927536231884058,13.672149452115368,12.693735585280693,1.2982623406674032,1507.75,991.609375,0.8613643818276148,0.5100871270576132,0.7812176165803109,0.26917275980448035,0.9630919091027811,991.609375,1507.75
1284,1362.0,149.68124086713192,0.7881646390216721,0.9386629910406616,53.77830004032391,33.098632405951975,1.0833402816938136,1523.3737151248165,147.22540381791484,0.7639276368621282,0.07573323241662286,0.7893128057641536,0.4683797527186072,0.8835272532543953,147.22540381791484,1523.3737151248165
1285,829.0,106.81118318204308,0.2849195921305288,0.9741480611045829,33.44737411724452,32.061027976923,-1.178018936220502,1518.990349819059,748.2629674306394,0.9131264916900611,0.3849089338634976,0.7870416320306005,0.38275577915910075,-0.9238495621692472,748.2629674306394,1518.990349819059
1286,1010.0,127.05382386916239,0.40182251166266714,0.9377901578458682,38.2411668572207,35.01810841172785,-1.5256242728721061,1520.0663366336635,1727.6772277227724,0.7862411267724414,0.8887228537668582,0.7875991381521572,0.04515669311856829,-0.9989799162478671,1727.6772277227724,1520.0663366336635
1287,502.0,85.84062043356596,0.6422948787840751,0.9507575757575758,29.248317999434374,22.417596306487244,1.5046600355780644,1516.5577689243028,1901.4422310756972,0.8561066790788764,0.9781081435574575,0.7857812274219186,0.06608808830436172,0.9978137925406096,1901.4422310756972,1516.5577689243028
1288,1022.0,124.46803743153546,0.7215229257733716,0.969639468690702,43.88757232586676,30.38734014609195,0.5962204850935985,1526.3297455968689,649.2681017612524,0.8289819533684926,0.3339856490541422,0.7908444277703984,0.8274637896314847,0.5615190796835866,649.2681017612524,1526.3297455968689
1289,99.0,35.798989873223334,0.7660120991500325,0.9519230769230769,14.004164974455938,9.002243507126986,-1.010198674708984,1511.1818181818182,976.0909090909091,0.9707413148556564,0.5021043771043772,0.782995760715968,0.531692466808467,-0.8469374951784383,976.0909090909091,1511.1818181818182
1290,98.0,34.97056274847714,0.6916504391121393,0.9607843137254902,13.147912216421632,9.495848472367392,-1.4467605630753138,1512.1734693877552,943.7755102040817,1.0070028451507584,0.4854812295288486,0.7835095696309612,0.12371796258712861,-0.9923174218632311,943.7755102040817,1512.1734693877552
1291,175.0,48.2842712474619,0.6964328154177188,0.9510869565217391,17.66022276884858,12.673364368142485,0.809449111523974,1516.4057142857143,223.50285714285715,0.9432711477921325,0.11497060552616109,0.7857024426350852,0.6898973297654205,0.7239072277457538,223.50285714285715,1516.4057142857143
1292,600.0,94.66904755831213,0.7989495471527714,0.96,35.71142980699127,21.476784443422268,0.9729418770358355,1522.025,1766.5783333333334,0.8412887836355292,0.9087337105624143,0.7886139896373058,0.5628703760931383,0.826545183106628,1766.5783333333334,1522.025
1293,970.0,134.3259018078045,0.8803261756826513,0.9282296650717703,52.10727697490417,24.718070074452992,0.1849371676387934,1535.4453608247422,518.4525773195876,0.6755571089218707,0.2666937126129566,0.7955675444687783,0.9829478064849915,0.1838847729594374,518.4525773195876,1535.4453608247422
1294,135.0,41.55634918610404,0.48193138125542134,0.9507042253521126,14.122355132657331,12.374134121079992,1.2578250471823598,1515.0074074074073,789.5111111111111,0.9823559021171407,0.4061271147690901,0.7849779312991748,0.3078869349959048,0.9514229528757583,789.5111111111111,1515.0074074074073
1295,26.0,18.31370849898476,0.8759227942410199,0.896551724137931,8.333391038479714,4.020455354236296,1.0667696649346943,1515.4615384615386,46.11538461538461,0.9741607280263203,0.02372190566635011,0.7852132323634915,0.48295537058707344,0.8756449680213452,46.11538461538461,1515.4615384615386
1296,630.0,93.35533905932736,0.5410361951600445,0.9647779479326187,31.004430674658213,26.07470473255685,1.2319381954062534,1525.4698412698413,999.3428571428572,0.9083894720805729,0.5140652557319224,0.7903988814869644,0.33241037300310183,0.9431348492765702,999.3428571428572,1525.4698412698413
1297,603.0,97.8761543394987,0.704196656812867,0.9276923076923077,33.230645875190156,23.593923987661686,0.8762296995402611,1529.4709784411277,1869.8905472636816,0.7909943510085516,0.9618778535307004,0.7924720095549884,0.6400525258642191,0.7683311552545771,1869.8905472636816,1529.4709784411277
1298,168.0,49.112698372208094,0.8304537641266998,0.9545454545454546,19.669548204606638,10.957660547480993,-0.6900287896842773,1523.797619047619,1065.4880952380952,0.8752488599782663,0.5480905839702136,0.7895324451023933,0.7712276889729801,-0.6365593858874411,1065.4880952380952,1523.797619047619
1299,663.0,97.49747468305833,0.6203988183070223,0.9608695652173913,32.9879450042018,25.87199976467948,-1.476163931094963,1531.131221719457,203.97285067873304,0.8764691984138049,0.10492430590469806,0.7933322392328793,0.09449121550078235,-0.9955256953957465,203.97285067873304,1531.131221719457
1300,1110.0,138.8111831820431,0.8609099966733774,0.9242298084929226,54.53792457705439,27.74656657603267,1.1057443110504381,1541.6990990990992,863.8738738738739,0.7239089245496962,0.4443795647499351,0.7988078233674089,0.4484692936331267,0.8937982393517031,863.8738738738739,1541.6990990990992
1301,502.0,88.18376618407356,0.822519807796746,0.9471698113207547,33.682312685009094,19.156359424661773,1.307019797744543,1531.6474103585658,949.7430278884462,0.8112156030966878,0.4885509402718345,0.7935996944863035,0.2607283097820507,0.9654122168681081,949.7430278884462,1531.6474103585658
1302,684.0,132.36753236814712,0.958612353976029,0.8702290076335878,57.05243908808573,16.24365749976895,-0.7418242941398135,1541.0862573099416,1499.9093567251462,0.4905722978263453,0.7715583110726061,0.7984902887616278,0.7372372310966891,-0.6756339727136926,1499.9093567251462,1541.0862573099416
1303,540.0,87.698484809835,0.741071319572299,0.9660107334525939,32.18300855406678,21.608518906964058,-1.538021864181033,1532.874074074074,919.0185185185185,0.8823064291331302,0.4727461515012955,0.7942352715409711,0.032768595396701995,-0.9994629653747693,919.0185185185185,1532.874074074074
1304,544.0,87.59797974644664,0.4632541734680586,0.9560632688927944,28.229084797830343,25.017333736978326,-1.4002620475760483,1535.5441176470588,1079.7481617647059,0.8908828184805879,0.5554260091382232,0.7956187138067662,0.16970890235440436,-0.9854942356308652,1079.7481617647059,1535.5441176470588
1305,287.0,68.76955262170047,0.8739331333529594,0.9379084967320261,27.802019575262054,13.51306510582857,-1.0484713474552192,1533.404181184669,1132.651567944251,0.7626044982268156,0.5826396954445735,0.7945099384376523,0.4988964547399338,-0.8666615991538595,1132.651567944251,1533.404181184669
1306,371.0,70.76955262170047,0.6945826504442107,0.9636363636363636,25.659971060145498,18.460114569084805,1.0379176868464997,1535.256064690027,112.5256064690027,0.9308739421123364,0.05788354242232649,0.7954694635699622,0.508014954108806,0.861348249201116,112.5256064690027,1535.256064690027
1307,123.0,40.384776310850235,0.3569093573265704,0.9318181818181818,13.10044037633288,12.23763254850292,-0.9137891756753745,1532.0162601626016,48.13821138211382,0.9477190536272508,0.024762454414667606,0.793790808374405,0.6107497822513671,-0.7918236568074407,48.13821138211382,1532.0162601626016
1308,166.0,49.21320343559643,0.8496676493637125,0.9540229885057471,20.088101955590734,10.592829413574808,-0.3122367422413047,1536.3433734939758,1661.7469879518073,0.8613004638081329,0.8548081213743864,0.7960328360072414,0.951648850647482,-0.3071879962845661,1661.7469879518073,1536.3433734939758
1309,163.0,47.112698372208094,0.8006660921816922,0.9644970414201184,18.655816437349284,11.176902015865041,-0.71786210944845,1536.558282208589,1554.3312883435583,0.9228295873584298,0.7995531318639704,0.796144187672844,0.7532137022351284,-0.6577758879475983,1554.3312883435583,1536.558282208589
1310,120.0,45.00609665440988,0.7927019127258327,0.9022556390977443,16.59819045571451,10.118413700677099,-0.39716037189233233,1537.0916666666667,1887.375,0.7444720765651835,0.9708719135802469,0.7964205526770294,0.9221630823076974,-0.3868013051022023,1887.375,1537.0916666666667
1311,824.0,125.49747468305833,0.8782576901011918,0.8803418803418803,48.51866022023778,23.201024170996813,-1.4820889100057306,1543.888349514563,800.7305825242719,0.6574566190320891,0.4118984478005514,0.7999421500075456,0.08859112269177155,-0.9960680764788176,800.7305825242719,1543.888349514563
1312,897.0,114.91168824543142,0.6266104244914547,0.9665948275862069,38.86064884718475,30.285372361095078,-1.2411188099712724,1548.9620958751393,675.3188405797101,0.8536383086464155,0.34738623486610604,0.8025710341321965,0.32373792881073726,-0.9461467927596299,675.3188405797101,1548.9620958751393
1313,389.0,86.42640687119287,0.8778818955228288,0.8568281938325991,33.50971861453158,16.04704039202497,-1.0635334369672134,1544.4061696658098,1898.688946015424,0.6544350479119962,0.97669184465814,0.8002104506040465,0.4857866233407209,-0.874077431686244,1898.688946015424,1544.4061696658098
1314,184.0,48.04163056034261,0.5528872508793927,0.9633507853403142,16.774554041970994,13.977499073879105,1.4350758567730293,1540.6304347826087,57.391304347826086,1.0018257925952905,0.029522275899087493,0.7982541112863257,0.1353041907179774,0.9908041057515624,57.391304347826086,1540.6304347826087
1315,296.0,64.76955262170047,0.7620693752950894,0.9517684887459807,24.206258771218483,15.673440723616887,0.8529077566111992,1546.3648648648648,345.5,0.8866654388058949,0.17772633744855967,0.8012253185828315,0.6577958183056779,0.7531962967378182,345.5,1546.3648648648648
1316,363.0,71.94112549695429,0.7730161618657528,0.9552631578947368,27.127124473274602,17.20907689109075,1.4302200955515962,1545.892561983471,1573.641873278237,0.8813776494240141,0.8094865603283112,0.8009806020639747,0.14011368484017525,0.9901354227177755,1573.641873278237,1545.892561983471
1317,556.0,100.5685424949238,0.910693440781538,0.9569707401032702,41.73761569573573,17.241094049757695,-0.9936155037494838,1550.8992805755395,302.09712230215825,0.6908127482198597,0.15539975427065753,0.8035747567748909,0.5456636259099444,-0.8380043003223864,302.09712230215825,1550.8992805755395
1318,222.0,53.798989873223334,0.4189021828655559,0.9568965517241379,17.734860584161478,16.103809677667517,1.1617691663692662,1545.9144144144145,483.3918918918919,0.9638614160790014,0.24865838060282502,0.8009919245670541,0.3977169280689676,0.9175081716951538,483.3918918918919,1545.9144144144145
1319,173.0,49.87005768508881,0.6574842444983166,0.9301075268817204,17.149199132986123,12.92137779340812,-1.4735656454161772,1546.728323699422,99.98265895953757,0.874130403763057,0.05143140892980328,0.8014136392224984,0.09707755378843326,-0.9952768200608582,99.98265895953757,1546.728323699422
1320,320.0,72.04163056034263,0.8612663897017071,0.927536231884058,28.643090168433062,14.555092900871959,1.3950258677173957,1547.8,834.571875,0.7748056420485084,0.42930652006172837,0.8019689119170984,0.17486677734337194,0.9845921034527667,834.571875,1547.8
1321,524.0,85.59797974644667,0.5389513219269046,0.9597069597069597,28.48803184780886,23.99652076339037,-1.183910566693372,1551.2328244274809,983.1526717557252,0.8986987167072797,0.5057369710677599,0.8037475774235652,0.37730618745708505,-0.9260885707677203,983.1526717557252,1551.2328244274809
1322,384.0,71.35533905932736,0.5317341732436976,0.964824120603015,24.061141683241857,20.377653051445158,-0.922711433968588,1551.5338541666667,1532.0130208333333,0.94773766379748,0.7880725415809328,0.8039035513816926,0.6036607110732864,-0.7972413347954898,1532.0130208333333,1551.5338541666667
1323,401.0,73.11269837220809,0.345440726987352,0.9662650602409638,23.422323760750682,21.980458869705203,0.7322020735312103,1553.860349127182,1184.8877805486284,0.942689372845082,0.6095101751793356,0.8051089891850683,0.7437041008374426,0.6685089456376564,1184.8877805486284,1553.860349127182
1324,400.0,84.76955262170047,0.8893636864254097,0.91324200913242,33.966628534077714,15.52955717423963,-1.5435768133864103,1551.3425,137.8225,0.6995037918949968,0.07089634773662551,0.8038044041450777,0.02721615236808566,-0.9996295719166561,137.8225,1551.3425
1325,397.0,73.94112549695427,0.7324369078517908,0.9682926829268292,27.365509353909747,18.63139412503947,-0.3429925711698541,1555.7808564231739,1511.4584382871537,0.9124903009760441,0.7774991966497704,0.8061040706855823,0.9417524617522918,-0.33630685509441843,1511.4584382871537,1555.7808564231739
1326,188.0,51.45584412271571,0.7999427212659297,0.9543147208121827,20.026069584381467,12.017171022444485,0.6952650429091898,1552.3936170212767,394.56382978723406,0.8922741249552185,0.20296493301812452,0.8043490243633558,0.76788394519714,0.6405889842234845,394.56382978723406,1552.3936170212767
1327,236.0,61.21320343559642,0.8087014415914362,0.932806324110672,23.22345873395277,13.66048730088577,0.11108669591509249,1561.1822033898304,630.8093220338983,0.7914648853543824,0.32449039199274604,0.8089026960569069,0.9938362154637889,0.11085836383698587,630.8093220338983,1561.1822033898304
1328,860.0,118.91168824543142,0.8304064963076302,0.9327548806941431,45.33274951926195,25.25750462319579,-1.530958210776807,1562.0953488372093,1121.2348837209302,0.7642918441252021,0.5767669154943056,0.8093758284130618,0.03982757917136045,-0.9992065672008711,1121.2348837209302,1562.0953488372093
1329,639.0,104.32590180780451,0.772332657844866,0.9154727793696275,36.88419863949991,23.429517288062964,-0.5156031485782365,1567.9186228482004,610.378716744914,0.7377792340660521,0.3139808213708405,0.8123930688332645,0.8699954923210393,-0.49305967523320376,610.378716744914,1567.9186228482004
1330,235.0,55.45584412271571,0.6272057976052948,0.9631147540983607,19.610108995107502,15.273403448637364,-1.3266507568356167,1558.4468085106382,1158.1063829787233,0.9602472800643506,0.5957337361001663,0.8074853930106933,0.24172732187614854,-0.9703442182331922,1158.1063829787233,1558.4468085106382
1331,824.0,111.25483399593904,0.755488119923588,0.9493087557603687,40.45952421092841,26.507556832129524,0.24240558650762703,1569.4793689320388,1865.993932038835,0.8365642389172104,0.9598734218306765,0.8132017455606418,0.9707633506820706,0.24003857392619019,1865.993932038835,1569.4793689320388
1332,534.0,93.49747468305831,0.8221232241030839,0.925476603119584,35.689573911764555,20.318416538157038,-0.956626518958049,1565.3220973782772,1572.192883895131,0.7676289746780841,0.8087411954193061,0.8110477188488483,0.5762802446232151,-0.8172521518215827,1572.192883895131,1565.3220973782772
1333,455.0,80.76955262170047,0.6759885032974304,0.9538784067085954,28.19897839164612,20.78017030318307,0.25827662896274045,1568.0153846153846,1069.1824175824177,0.876447498781299,0.5499909555465111,0.8124432044639298,0.9668315880000805,0.25541472245202024,1069.1824175824177,1568.0153846153846
1334,389.0,71.59797974644667,0.4503737466280565,0.9676616915422885,23.60522979842429,21.07569631777414,0.45967904484245936,1567.6683804627248,214.15938303341903,0.9535817461587129,0.11016429168385752,0.8122634095661787,0.8961949388055148,0.44366049143391106,214.15938303341903,1567.6683804627248
1335,384.0,98.2842712474619,0.9686256261889465,0.9121140142517815,45.08411086501097,11.204503316078343,-1.3274621186262852,1564.5729166666667,131.68489583333334,0.4995431921640604,0.06773914394718793,0.8106595423143351,0.24093994217455397,-0.9705400271317627,131.68489583333334,1564.5729166666667
1336,229.0,54.970562748477136,0.479119444255666,0.9581589958158996,18.350234660939854,16.106913201525646,0.3850653413194559,1566.0524017467249,105.48908296943232,0.9523245505307469,0.05426393156863802,0.8114261148946761,0.9267738911651959,0.375619694178196,105.48908296943232,1566.0524017467249
1337,215.0,54.8700576850888,0.7305763941615533,0.947136563876652,20.09400139084606,13.720806441805532,-1.4466448157460887,1564.586046511628,363.45116279069765,0.897382281718304,0.18696047468657287,0.8106663453428125,0.12383281984944404,-0.9923030951922579,363.45116279069765,1564.586046511628
1338,882.0,108.3259018078045,0.5473663036632097,0.9778270509977827,36.6495344994384,30.671744046953165,0.8351143191234434,1573.748299319728,829.672335600907,0.9445257944524387,0.4267861808646641,0.8154136265905326,0.6710929339068303,0.7413732353277415,829.672335600907,1573.748299319728
1339,602.0,92.18376618407356,0.5116915502051557,0.9525316455696202,29.938626039164248,25.722346136190453,0.40017686963754195,1573.2674418604652,393.8870431893688,0.8902202327585559,0.2026167917640786,0.8151644776479094,0.9209921033154729,0.38958124394090304,393.8870431893688,1573.2674418604652
1340,825.0,111.7401153701776,0.6321799516132455,0.953757225433526,37.22200401130169,28.84041263002422,-0.9632721624454926,1575.9042424242425,158.8169696969697,0.8303201582529457,0.08169597206634244,0.8165306955566023,0.5708363926204147,-0.8210638299548407,158.8169696969697,1575.9042424242425
1341,1295.0,157.3380951166243,0.8713031098926411,0.8845628415300546,60.625323771169114,29.751589070877714,0.5046383004531738,1585.4864864864865,523.5606177606178,0.657372991139434,0.26932130543241656,0.8214955888531018,0.8753494101062688,0.4834908584726368,523.5606177606178,1585.4864864864865
1342,691.0,118.95331880577403,0.8931122541815273,0.8813775510204082,46.21329195432648,20.788303494301452,-0.42504943036002885,1580.6136034732272,183.00578871201157,0.6136698471498393,0.09413878020165203,0.8189707790016721,0.911018350676355,-0.4123658142122524,183.00578871201157,1580.6136034732272
1343,481.0,88.76955262170048,0.7858365566826016,0.9357976653696498,32.06628919482352,19.830891109444696,-1.5314624381571866,1570.8357588357587,445.9230769230769,0.7670556586441515,0.22938429882874325,0.8139045382568698,0.03932374681988553,-0.999226522334173,445.9230769230769,1570.8357588357587
1344,1123.0,152.29646455628165,0.7955136952607986,0.8780297107114934,52.461148974501555,31.788078183368093,0.5583228995978456,1587.7747105966162,424.7853962600178,0.60842909949732,0.21851100630659354,0.8226811972003193,0.8481447716595157,0.5297645196751363,424.7853962600178,1587.7747105966162
1345,381.0,72.76955262170047,0.63836222956193,0.9501246882793017,25.225822668458992,19.41722636380646,-0.20820675717665615,1573.8556430446195,1352.3123359580052,0.9041394723615378,0.695633917673871,0.8154692451008391,0.9784031612068738,-0.20670571869301563,1352.3123359580052,1573.8556430446195
1346,181.0,47.45584412271571,0.39729647637638893,0.9627659574468085,15.85592580763593,14.550829511136136,0.8174550941725653,1570.4917127071824,342.0,1.0099713010770075,0.17592592592592593,0.8137262760140841,0.6840796933446981,0.7294072752265527,342.0,1570.4917127071824
1347,686.0,100.32590180780453,0.7065457601058911,0.9675599435825106,35.548807124937404,25.15673040051615,0.2599945566713538,1579.2551020408164,59.37900874635569,0.8564614806005081,0.030544757585573915,0.8182668922491276,0.9663913774941287,0.2570752915100951,59.37900874635569,1579.2551020408164
1348,176.0,48.04163056034261,0.7044924028458482,0.9513513513513514,17.802305085532442,12.634501161187128,-0.7130048446774944,1573.653409090909,1458.8352272727273,0.9582681494389734,0.7504296436588103,0.8153644606688648,0.7563997960437056,-0.6541095845078565,1458.8352272727273,1573.653409090909
1349,182.0,50.2842712474619,0.7956383473291693,0.9479166666666666,19.568903850371523,11.854292477098369,0.6158351940530445,1575.7527472527472,1414.0494505494505,0.9045174113382336,0.7273916926694705,0.8164522006490919,0.816291289760401,0.5776404853031868,1414.0494505494505,1575.7527472527472
1350,83.0,34.384776310850235,0.5703759963879342,0.9120879120879121,11.509345748070027,9.45358927620407,-1.264925600571938,1571.3975903614457,1657.0361445783133,0.8821766320951319,0.8523848480341117,0.8141956426743242,0.3011236008228503,-0.9535851178722751,1657.0361445783133,1571.3975903614457
1351,673.0,104.91168824543142,0.8564408945668853,0.9628040057224606,41.215534537241815,21.277317383056307,1.0713935666663639,1582.1352154531946,494.6077265973254,0.7683819895538103,0.25442784289985876,0.8197591789912926,0.4789013258344417,0.8778687374055496,494.6077265973254,1582.1352154531946
1352,772.0,104.08326112068524,0.6889070183507033,0.965,36.951641640594815,26.78438718550595,1.0288534619794734,1585.7266839378237,572.339378238342,0.8954995714081446,0.29441326041066973,0.8216200434911004,0.5158014322632952,0.8567081664575944,572.339378238342,1585.7266839378237
1353,592.0,98.91168824543142,0.7171369873203479,0.9149922720247295,33.898498907152195,23.624956636541583,-0.5428450864298784,1589.599662162162,1123.2212837837837,0.7603899034811852,0.5777887262262262,0.8236267679596695,0.856242450637929,-0.5165741628513313,1123.2212837837837,1589.599662162162
1354,558.0,103.11269837220809,0.9269889442295705,0.9522184300341296,43.99519571646941,16.50209868022043,-1.5168994883143534,1582.5071684587813,1168.1989247311828,0.6595075302933967,0.6009253728041064,0.8199519007558452,0.053870748392582456,-0.9985479169612358,1168.1989247311828,1582.5071684587813
1355,194.0,50.87005768508881,0.7893639959791956,0.9748743718592965,20.100920792033975,12.340467230554799,-1.0063791358990135,1581.1443298969073,1528.7371134020618,0.9420785894669902,0.7863874040134062,0.8192457667859623,0.5349234911820965,-0.844900502178545,1528.7371134020618,1581.1443298969073
1356,451.0,82.76955262170047,0.8071768790705387,0.9395833333333333,31.60437421184819,18.656367160062793,-0.17678036632551195,1588.3037694013303,1578.5742793791574,0.8272660281594563,0.8120238062649986,0.8229553209333318,0.9844150021579827,-0.17586103470154732,1578.5742793791574,1588.3037694013303
1357,82.0,33.55634918610404,0.8490267139345837,0.8913043478260869,14.42108431782218,7.619378760120325,0.49746341373278674,1585.1951219512196,656.4878048780488,0.9151121181029239,0.33769948810599215,0.8213446227726526,0.8787958415236105,0.4771979347407209,656.4878048780488,1585.1951219512196
1358,118.0,38.97056274847714,0.3625415990216176,0.9672131147540983,12.900614778575395,12.022954865873102,-0.9929208645732157,1585.7118644067796,1361.1525423728813,0.976379195376609,0.7001813489572435,0.821612364977606,0.5462456048322365,-0.8376250588428358,1361.1525423728813,1585.7118644067796
1359,161.0,44.97056274847714,0.5942458123075166,0.9757575757575757,16.028003252312853,12.891058216821198,1.248725974934922,1585.8012422360248,1373.5652173913043,1.0004124678580193,0.706566469851494,0.8216586747336916,0.3165311363535164,0.948582120703712,1373.5652173913043,1585.8012422360248
1360,154.0,46.76345596729058,0.6259698109137086,0.9221556886227545,16.224832691448754,12.652891806214829,-1.3579413287231046,1587.590909090909,1073.2857142857142,0.8849472541224547,0.5521017048794826,0.8225859632595384,0.21125132284927467,-0.9774317769514308,1073.2857142857142,1587.590909090909
1361,1124.0,130.66904755831214,0.6323777892447944,0.9461279461279462,43.46534135064612,33.670867392415154,-0.8676254784436651,1600.6788256227758,1620.5507117437724,0.8272384727416767,0.8336166212673726,0.82936726716206,0.6466396431927046,-0.7627956291508308,1620.5507117437724,1600.6788256227758
1362,789.0,106.66904755831213,0.5760742923160773,0.9598540145985401,35.249927060236345,28.81319657743418,0.22580688643302582,1602.9011406844106,1441.7325728770595,0.8713849054284084,0.7416319819326438,0.830518725743218,0.9746137682642574,0.22389283755793607,1441.7325728770595,1602.9011406844106
1363,191.0,49.4558441227157,0.26241238462813743,0.9597989949748744,15.969235522627145,15.409606806849173,1.3490033508320691,1594.6910994764398,1842.931937172775,0.9813139970601784,0.9480102557473122,0.8262648183815751,0.21997903203404953,0.9755046004327005,1842.931937172775,1594.6910994764398
1364,314.0,67.94112549695427,0.7285822178093325,0.9345238095238095,24.343905268509996,16.674561374659124,0.5520187804718889,1598.4936305732483,1411.5828025477706,0.8548187469427206,0.7261228408167544,0.828235041747797,0.8514675947851434,0.5244072225196776,1411.5828025477706,1598.4936305732483
1365,428.0,88.08326112068525,0.9159411036150239,0.9532293986636972,37.22954425651207,14.94068946003624,0.9562866724998975,1600.7546728971963,1482.8294392523364,0.6932132618551664,0.7627723452944117,0.8294065662679774,0.5765579515881617,0.8170562578307953,1482.8294392523364,1600.7546728971963
1366,547.0,88.76955262170047,0.7452846148168712,0.9785330948121646,32.68983071877417,21.795828934127336,1.4430202045880909,1600.2650822669104,1876.6636197440585,0.8723065390402308,0.9653619443127873,0.8291528923662749,0.1274287114000187,0.9918477320188471,1876.6636197440585,1600.2650822669104
1367,634.0,105.22539674441617,0.8884496575047185,0.9448584202682563,42.25879014742326,19.395689328348986,1.0291120848295372,1606.5804416403785,464.66719242902207,0.7195450305141217,0.2390263335540237,0.8324250992955329,0.5155798507081928,0.8568415358417901,464.66719242902207,1606.5804416403785
1368,206.0,59.21320343559642,0.9168661298511546,0.9237668161434978,25.865654855091513,10.325435292060936,-1.3649752574208318,1598.5436893203882,1357.2378640776699,0.7383120732365921,0.698167625554357,0.828260978922481,0.2043709681862887,-0.978893511758352,1357.2378640776699,1598.5436893203882
1369,167.0,45.79898987322333,0.6035837152270169,0.9653179190751445,16.335767994218134,13.024501764387912,1.4680988729108608,1600.1497005988024,804.5808383233533,1.0004941100039493,0.4138790320593381,0.8290931091185505,0.10251702803560378,0.9947312496160695,804.5808383233533,1600.1497005988024
1370,1353.0,153.88225099390857,0.8649320220925867,0.9408901251738526,59.5584490373619,29.89173213998443,-0.14676402821457246,1620.2276422764228,1660.127864005913,0.7180101763115326,0.8539752386861692,0.8394961877079911,0.9892494777121529,-0.1462377203262989,1660.127864005913,1620.2276422764228
1371,301.0,65.35533905932738,0.7522944563527733,0.9616613418530351,24.40668055615013,16.079780779285894,-1.0847976513759596,1604.4318936877075,1152.2259136212624,0.8855523001512599,0.5927088033031185,0.8313118620143563,0.4670916299401975,-0.8842089171908467,1152.2259136212624,1604.4318936877075
1372,443.0,79.59797974644665,0.6511827629079474,0.9506437768240343,27.39479880880244,20.790486754049006,1.0447962242012845,1607.8487584650113,637.0270880361173,0.8786370245780925,0.32768883129429904,0.8330822582720266,0.5020781665899593,0.8648222445298601,637.0270880361173,1607.8487584650113
1373,218.0,54.62741699796952,0.7141137284980076,0.956140350877193,20.07837803243092,14.05546097761356,-0.4534949343438859,1605.3761467889908,786.0871559633027,0.9180049563334147,0.4043658209687771,0.8318011123259019,0.8989214301841044,-0.4381098747526291,786.0871559633027,1605.3761467889908
1374,722.0,101.84062043356593,0.7024671569406925,0.9575596816976127,36.3282678610095,25.855415327381134,-0.14135704286056328,1614.4058171745153,159.2797783933518,0.8747923744921872,0.08193404238341141,0.8364796980178836,0.9900257185097083,-0.1408867512910128,159.2797783933518,1614.4058171745153
1375,782.0,127.15432893255071,0.9023584244744277,0.8640883977900552,50.25390477678698,21.658749318839405,1.3669429135190025,1612.2493606138107,1858.4654731457802,0.6077910725132082,0.9560007577910392,0.8353623630123371,0.20244444801290604,0.9792937483047411,1858.4654731457802,1612.2493606138107
1376,458.0,84.18376618407355,0.7903714834531592,0.9404517453798767,30.96115832052574,18.96766875369154,0.2588537819558967,1614.8493449781658,1697.703056768559,0.8121170711597179,0.8733040415476127,0.8367095051700341,0.9666840136082124,0.25597268962590003,1697.703056768559,1614.8493449781658
1377,319.0,66.76955262170047,0.7537599817413166,0.9666666666666667,24.97303950170192,16.411028489387057,-0.6424858817080047,1614.2257053291537,1051.1379310344828,0.8991737387801513,0.5407088122605365,0.8363863758182144,0.8006087238721513,-0.5991875092655098,1051.1379310344828,1614.2257053291537
1378,290.0,61.698484809834994,0.43400489717515617,0.9570957095709571,20.283566569410823,18.273678327427444,1.3538160564953812,1613.8758620689655,86.81379310344828,0.9573238184125146,0.04465730097914006,0.836205109880293,0.21528168605541265,0.9765519933158392,86.81379310344828,1613.8758620689655
1379,229.0,58.8700576850888,0.8547135652363368,0.9462809917355371,23.7891861707002,12.348964511063576,0.3746490446780485,1615.707423580786,396.83842794759823,0.8303408869825925,0.20413499380020486,0.8371541054822725,0.9306361098979,0.3659459399338977,396.83842794759823,1615.707423580786
1380,948.0,114.81118318204308,0.5908055234579034,0.9753086419753086,38.81336365173833,31.315165250001503,1.5150308808900663,1620.574894514768,701.967299578059,0.9037531337549909,0.36109428990640896,0.8396761111475481,0.055736547307818525,0.9984455104281872,701.967299578059,1620.574894514768
1381,396.0,76.42640687119285,0.6533975910303035,0.9519230769230769,26.353348175403596,19.9498777421663,0.46909105708879417,1620.641414141414,1023.14898989899,0.8519579617556345,0.5263112087957768,0.839710577275344,0.8919795676206466,0.45207571373309186,1023.14898989899,1620.641414141414
1382,548.0,95.59797974644665,0.6967425734699451,0.9272419627749577,32.551224566944796,23.34968533619259,1.300647755774838,1620.7043795620439,1125.543795620438,0.7535168935715579,0.5789834339611306,0.8397432018456186,0.2668746221696524,0.9637312571675806,1125.543795620438,1620.7043795620439
1383,547.0,91.59797974644665,0.6942391314389499,0.9286926994906621,31.496304167323256,22.669289136933013,-0.5455020658990887,1625.5904936014624,419.4460694698355,0.8192668834912578,0.21576443902769316,0.8422748671510168,0.8548669029707153,-0.5188473553996951,419.4460694698355,1625.5904936014624
1384,330.0,66.76955262170047,0.3885486695745888,0.9593023255813954,21.445870011136847,19.76082944388299,-0.24902336269232592,1620.8090909090909,506.22121212121215,0.9301797297725702,0.2604018580870433,0.8397974564295807,0.969153583524713,-0.24645756539657493,506.22121212121215,1620.8090909090909
1385,445.0,79.59797974644667,0.6557718308365648,0.9632034632034632,27.625611125871256,20.8562076690057,-0.15533325782206278,1625.2494382022471,788.3438202247191,0.8826037831540655,0.4055266564941971,0.8420981545089363,0.9879600275348694,-0.15470935328318072,788.3438202247191,1625.2494382022471
1386,189.0,53.941125496954285,0.6284300284501437,0.9086538461538461,17.99303831490301,13.996174885969918,-0.3068195041437503,1623.1851851851852,485.1957671957672,0.816265912126053,0.24958629999782264,0.8410285933601996,0.9532989892923729,-0.3020282056599024,485.1957671957672,1623.1851851851852
1387,621.0,112.42640687119285,0.30007457988772857,0.8661087866108786,30.915561063709596,29.490840430902207,-1.1944794051492125,1626.0209339774558,1155.7423510466988,0.6173974087352349,0.5945176702915117,0.8424978932525677,0.3674976167506231,-0.9300244629484818,1155.7423510466988,1626.0209339774558
1388,932.0,119.49747468305833,0.7676617795122499,0.9490835030549898,43.56801874873002,27.92079153568986,-0.31500783946155786,1634.719957081545,1622.9796137339056,0.8201783880977424,0.8348660564474822,0.8470051591096088,0.9507939500905205,-0.3098239249497444,1622.9796137339056,1634.719957081545
1389,227.0,56.04163056034261,0.7288474433499006,0.9578059071729957,20.694304421354015,14.168896284362262,0.6175905466230517,1626.955947136564,1713.876651982379,0.9082683809033364,0.8816237921720056,0.8429823560293077,0.8152760699670916,0.5790724736498999,1713.876651982379,1626.955947136564
1390,320.0,70.08326112068524,0.5377062457685851,0.935672514619883,22.52213859547065,18.98914141914824,-1.460345675302451,1631.04375,521.453125,0.8187121543132677,0.268237204218107,0.8451003886010363,0.11022621747372303,-0.9939065252735971,521.453125,1631.04375
1391,525.0,93.49747468305831,0.758682045009802,0.898972602739726,32.79008485905726,21.36146449383355,-1.2627789490497978,1632.1295238095238,188.34857142857143,0.7546914076891277,0.09688712522045856,0.8456629657044165,0.3031699203899886,-0.9529365138196395,188.34857142857143,1632.1295238095238
1392,341.0,70.87005768508881,0.6273178259754332,0.9393939393939394,23.978978215817587,18.67394924958964,1.2317988408033302,1634.2463343108504,1928.3284457478005,0.8531760792363141,0.9919385008990743,0.8467597587102852,0.3325417999574446,0.9430885172034823,1928.3284457478005,1634.2463343108504
1393,861.0,121.05382386916237,0.6835585688391796,0.9082278481012658,40.475402801806595,29.54282107690569,-0.31739080886872817,1647.9605110336818,1441.0418118466898,0.7383393082871831,0.7412766521845112,0.8538655497583844,0.9500529502935209,-0.3120887560271544,1441.0418118466898,1647.9605110336818
1394,768.0,104.08326112068522,0.6458085731199141,0.9684741488020177,35.88813230007159,27.400566375597613,0.10066383640251661,1645.4440104166667,771.05859375,0.8908596772557712,0.3966350790895062,0.8525616634283247,0.9949376729881381,0.10049391458664972,771.05859375,1645.4440104166667
1395,563.0,92.91168824543142,0.5771274598339379,0.9367720465890182,30.120769626054997,24.598249568760234,1.0857046818782243,1641.8312611012434,1700.8330373001777,0.8195539653669456,0.8749141138375399,0.8506897725913178,0.46628943345275914,0.8846322197672346,1700.8330373001777,1641.8312611012434
1396,582.0,91.25483399593902,0.6059152790650536,0.9540983606557377,30.627254821151332,24.364874882030087,0.5189420888125571,1646.1580756013745,212.47938144329896,0.8782559280512542,0.10930009333503032,0.8529316453893132,0.8683443490150541,0.4959617843479696,212.47938144329896,1646.1580756013745
1397,1433.0,160.12489168102786,0.819938915574147,0.9245161290322581,58.17406923869739,33.30180549823841,0.23359546714972093,1664.1793440334961,801.8918353105373,0.7023253697193927,0.41249580005686076,0.862269090172796,0.9728404176017732,0.23147682795564536,801.8918353105373,1664.1793440334961
1398,139.0,43.79898987322333,0.758593180628761,0.9455782312925171,16.590666116758143,10.809890201586235,0.3206725169063819,1638.841726618705,1083.0287769784172,0.9105346453588358,0.5571135684045356,0.8491407909941476,0.9490236521085812,0.31520486629887357,1083.0287769784172,1638.841726618705
1399,1068.0,123.9827560572969,0.7265976102859384,0.9709090909090909,44.68208251530974,30.69941693464235,-1.5008769263864319,1649.1395131086142,544.6395131086142,0.8730890556670665,0.28016435859496613,0.8544764316624944,0.06986244490727915,-0.9975566343780073,544.6395131086142,1649.1395131086142
1400,446.0,78.76955262170047,0.7100039152329296,0.9612068965517241,28.48461705256988,20.058802616093264,-1.1319408420252193,1645.8587443946187,719.5807174887892,0.9032915862704788,0.3701546900662496,0.8527765514998025,0.42490368426161385,-0.9052385647446239,719.5807174887892,1645.8587443946187
1401,411.0,76.76955262170047,0.7655689118294595,0.9625292740046838,28.680734670444792,18.451862518359484,0.9272242466540025,1648.2311435523113,1741.9294403892943,0.8763420807343577,0.8960542388833819,0.8540057738613012,0.6000567755669605,0.799957415176697,1741.9294403892943,1648.2311435523113
1402,185.0,55.73401871576773,0.867303832967006,0.9296482412060302,22.10097209509454,11.001402640720299,0.8737883338365856,1646.2648648648649,420.1621621621622,0.7484122272739493,0.2161327994661328,0.8529869766139196,0.6419263938915017,0.76676626479355,420.1621621621622,1646.2648648648649
1403,397.0,79.84062043356595,0.8860416012401,0.9635922330097088,33.14131024362129,15.364501613988484,-1.0256743256703182,1650.0528967254409,614.2392947103275,0.7826229234670663,0.31596671538597093,0.8549496874225082,0.5185224131372526,-0.8550640368266698,614.2392947103275,1650.0528967254409
1404,374.0,75.07716446627535,0.545349908485814,0.9420654911838791,24.13558377928529,20.230651301222622,-0.8987676223872662,1651.6363636363637,1924.1470588235295,0.833807395482292,0.9897875816993464,0.8557701365991522,0.6225748505367518,-0.7825602567720528,1924.1470588235295,1651.6363636363637
1405,973.0,118.08326112068524,0.4066849519426114,0.9624134520276953,37.354322686024325,34.12573143407899,-0.4770152347793993,1658.8890030832476,686.377183967112,0.8768918366484354,0.3530746831106543,0.859527980872149,0.8883692721178917,-0.4591296509230559,686.377183967112,1658.8890030832476
1406,451.0,79.59797974644667,0.4997405034164416,0.9514767932489452,25.962541432232978,22.488108800450707,1.5479993254816857,1656.4434589800444,1560.5543237250554,0.8945040588819856,0.8027542817515717,0.8582608595751525,0.022795026751837054,0.9997401596191797,1560.5543237250554,1656.4434589800444
1407,490.0,99.05382386916239,0.9360906916646093,0.9124767225325885,43.34214663032729,15.24597924567348,0.736675374070558,1662.4122448979592,1674.7408163265306,0.6275718468166624,0.8614921894683799,0.8613534947657819,0.740706228481234,0.6718290579374384,1674.7408163265306,1662.4122448979592
1408,489.0,83.59797974644667,0.5840284083944544,0.9458413926499033,27.89848483689327,22.646126890878353,-1.3300215529845643,1660.601226993865,1712.564417177914,0.8792799265740164,0.8809487742684743,0.8604151435201374,0.23845512223233611,-0.9711535175661784,1712.564417177914,1660.601226993865
1409,713.0,98.32590180780451,0.5000224783260401,0.96875,32.44753027693211,28.099964397515357,-0.34089646242489535,1664.423562412342,1821.7952314165498,0.9267519687666947,0.9371374647204475,0.8623956281929234,0.9424553281011429,-0.33433210215856807,1821.7952314165498,1664.423562412342
1410,477.0,97.49747468305833,0.9271775916744504,0.9,41.03241366637293,15.371648739637832,-0.434798992166729,1670.2201257861636,126.84486373165619,0.6305819119809728,0.06524941549982315,0.865399028904748,0.9069547307698067,-0.4212281048722503,126.84486373165619,1670.2201257861636
1411,367.0,68.2842712474619,0.4699070657655697,0.9786666666666667,23.033888430647007,20.332379418659787,-0.3073052111547486,1664.4277929155314,1138.7629427792915,0.9890871749706076,0.5857834067794709,0.8623978201634878,0.9531521796341326,-0.30249119401844116,1138.7629427792915,1664.4277929155314
1412,237.0,59.35533905932737,0.6158884050127225,0.9442231075697212,20.08172312633285,15.821052290240141,-0.36656160496038875,1665.1898734177216,224.27004219409284,0.8453540344687965,0.11536524804222882,0.862792680527317,0.9335652086207975,-0.35840759095310293,224.27004219409284,1665.1898734177216
1413,124.0,40.384776310850235,0.7832998728894791,0.9465648854961832,15.92965217663667,9.902573292134141,0.358119801115347,1664.9274193548388,1609.233870967742,0.9554240865835699,0.8277952011150936,0.8626566939662377,0.9365575146418497,0.3505139394772788,1609.233870967742,1664.9274193548388
1414,658.0,100.18376618407356,0.7456388541981163,0.9522431259044862,36.13706846841112,24.079945785963584,1.0896039039535763,1672.2720364741642,769.5121580547112,0.8238365383887843,0.3958395874767033,0.8664621950643338,0.4628365200014394,0.8864436562765606,769.5121580547112,1672.2720364741642
1415,695.0,106.91168824543142,0.7300712564124712,0.946866485013624,37.50351836848561,25.628817864059567,1.0307699388053295,1678.4086330935252,1102.9841726618706,0.7640896086981381,0.5673786896408799,0.8696417788049353,0.5141586246818428,0.8576951140500195,1102.9841726618706,1678.4086330935252
1416,469.0,84.42640687119285,0.7416086367242379,0.9650205761316872,30.237755902818524,20.2844781059729,-0.35049316131471636,1677.6460554371001,1847.4669509594883,0.826848787613996,0.9503430817692841,0.8692466608482384,0.9392034946891796,-0.3433610280209914,1847.4669509594883,1677.6460554371001
1417,626.0,97.49747468305833,0.6639961883975922,0.9343283582089552,33.62124964012943,25.139817284253024,-1.5188321697356735,1674.5846645367412,1743.4137380191694,0.8275561360588867,0.8968177664707662,0.867660447946498,0.05194077397607686,-0.998650166974785,1743.4137380191694,1674.5846645367412
1418,395.0,88.66904755831212,0.7877978223914073,0.8476394849785408,30.921099826987625,19.04535415758771,0.09134294221752072,1682.7493670886076,182.7139240506329,0.6313393701372174,0.09398864405896754,0.8718908637764806,0.9958311332529531,0.0912159747201062,182.7139240506329,1682.7493670886076
1419,294.0,67.94112549695429,0.8434567369147408,0.939297124600639,26.53314822223504,14.25353049382604,0.48452170279683826,1678.8299319727892,251.06462585034015,0.8003716929973242,0.12914847008762353,0.8698600683796835,0.8848978340616889,0.4657851685841143,251.06462585034015,1678.8299319727892
1420,585.0,90.52691193458118,0.4358284891604974,0.9733777038269551,29.153534258550263,26.23904778028019,0.47096889183944995,1681.174358974359,1932.1299145299145,0.8970369205963054,0.9938939889557173,0.8710747973960409,0.891129071957425,0.4537499059088592,1932.1299145299145,1681.174358974359
1421,335.0,92.18376618407358,0.8423833009287934,0.7648401826484018,31.966826797301135,17.226245656653017,1.013485787769995,1680.5671641791046,1419.6,0.49538833550517636,0.7302469135802468,0.8707601886938365,0.5289056200239245,0.8486806496598752,1419.6,1680.5671641791046
1422,376.0,106.5685424949238,0.9737581912792096,0.752,50.387964393214325,11.467550709467721,-0.49955305039953296,1689.8829787234042,139.67287234042553,0.41604437700785335,0.0718481853603012,0.8755870356079815,0.8777967532814953,-0.47903325555588055,139.67287234042553,1689.8829787234042
1423,260.0,59.45584412271571,0.6720922426073743,0.9523809523809523,21.16128604151524,15.669243126895571,1.4015915801048426,1677.696153846154,719.6153846153846,0.9242599045235003,0.37017252295030073,0.8692726185731368,0.16839850610368398,0.9857189980628595,719.6153846153846,1677.696153846154
1424,387.0,78.76955262170047,0.7783406458914655,0.9127358490566038,29.084035156902505,18.260184869149583,-0.2618356278647929,1687.2997416020671,1862.095607235142,0.7837978562481509,0.9578681107176656,0.8742485707782731,0.9659164460355903,-0.2588540501479055,1862.095607235142,1687.2997416020671
1425,475.0,88.66904755831213,0.7054808939624253,0.9424603174603174,30.4043156345158,21.548418345182775,0.7535262060393647,1689.8821052631579,224.27789473684211,0.7592055716839954,0.11536928741607104,0.8755865830379056,0.7292807261904779,0.6842146025970866,224.27789473684211,1689.8821052631579
1426,735.0,105.15432893255071,0.6287177092367684,0.9508408796895214,35.360621700658164,27.497608147985407,0.3007198735402726,1695.6761904761904,1462.7795918367347,0.8353007873272317,0.7524586377760981,0.8785886997285961,0.9551235044303581,0.29620785149059053,1462.7795918367347,1695.6761904761904
1427,680.0,101.98275605729688,0.8438047718737883,0.9672830725462305,40.210948416984046,21.57921612531648,0.6636471689273273,1696.5632352941177,1608.4529411764706,0.8216091888637401,0.8273934882595013,0.879048308442548,0.7877508415537123,0.6159940029183871,1608.4529411764706,1696.5632352941177
1428,185.0,53.698484809834994,0.8840493658722952,0.9487179487179487,22.49768710132945,10.51527355514202,-0.6080197247091255,1690.918918918919,151.63243243243244,0.8062273546500403,0.0780002224446669,0.8761237921859684,0.8207808452598957,-0.5712432091976684,151.63243243243244,1690.918918918919
1429,673.0,96.08326112068524,0.49681447041431676,0.9725433526011561,31.593182057408907,27.418357093669346,0.05067031395115907,1697.2852897473997,792.1292719167905,0.9160716826312911,0.40747390530699096,0.8794224299209324,0.9987165342834244,0.05064863422547033,792.1292719167905,1697.2852897473997
1430,512.0,84.18376618407356,0.7150856201886937,0.9715370018975332,30.594337444732393,21.38657010985958,-1.1848703310257858,1693.3046875,1016.962890625,0.9078688655759288,0.5231290589634774,0.8773599417098445,0.3764171870373367,-0.9264502692011582,1016.962890625,1693.3046875
1431,407.0,77.94112549695429,0.7879371220618093,0.9487179487179487,29.198646969303727,17.979233531117416,-0.14657193758524234,1698.2113022113022,1667.2481572481572,0.8419201960133049,0.8576379409712743,0.879902229125027,0.9892775503566452,-0.14604769207473037,1667.2481572481572,1698.2113022113022
1432,174.0,48.62741699796951,0.6186811462213224,0.9508196721311475,16.897547277597905,13.275425926229742,1.2115535007795681,1691.8218390804598,31.586206896551722,0.9246911685816444,0.01624804881509862,0.8765916264665594,0.3515654956339802,0.9361632882567196,31.586206896551722,1691.8218390804598
1433,344.0,69.35533905932738,0.7070615927316344,0.9555555555555556,24.946795484652537,17.64117549117751,0.45624471078841516,1702.0174418604652,208.2122093023256,0.8986871008284515,0.10710504593741028,0.881874322207495,0.8977133289966736,0.44058004827920905,208.2122093023256,1702.0174418604652
1434,583.0,95.25483399593904,0.7020918516666028,0.9541734860883797,32.82116795281598,23.371507118336275,1.290316482023752,1703.6655231560892,1140.9879931389366,0.8074290485282964,0.5869279800097411,0.8827282503399426,0.276816774157688,0.9609227198609321,1140.9879931389366,1703.6655231560892
1435,696.0,109.94112549695429,0.7435404757331434,0.9086161879895561,37.97056226774064,25.390570626165776,0.38705805527505055,1711.9727011494253,1636.8793103448277,0.7236003135037115,0.8420161061444587,0.8870324876421893,0.9260235489872418,0.3774657424470111,1636.8793103448277,1711.9727011494253
1436,534.0,99.84062043356595,0.8628522217086421,0.9005059021922428,37.87330319612804,19.14329866388175,1.3396790786812207,1704.5318352059926,1733.4569288389514,0.6731883300676306,0.8916959510488434,0.8831771166870428,0.22906520796634688,0.9734110799139972,1733.4569288389514,1704.5318352059926
1437,460.0,93.59797974644665,0.8961759309486061,0.8897485493230174,37.608838362247226,16.68699965756761,1.4006223057660419,1706.5391304347827,42.5804347826087,0.6598340847956692,0.021903515834675258,0.8842171660283848,0.16935385897959007,0.9855553106998719,42.5804347826087,1706.5391304347827
1438,386.0,92.39696961966999,0.8658352236000344,0.7553816046966731,34.75526813949998,17.38907749074382,-0.5493905136819819,1713.8445595854923,171.87046632124353,0.5681744670432158,0.08841073370434338,0.8880023624795297,0.8528429344092586,-0.5221675298486158,171.87046632124353,1713.8445595854923
1439,523.0,89.01219330881976,0.7398123706013472,0.9509090909090909,31.935807009871557,21.486833795485385,-1.510664751044447,1708.168260038241,748.4608030592734,0.8294926612386209,0.38501070116217767,0.885061274631213,0.060095344945152965,-0.9981926414855616,748.4608030592734,1708.168260038241
1440,48.0,23.899494936611667,0.5781548697340139,0.9230769230769231,8.71783969655838,7.113121202913183,0.18898415574813668,1704.1875,10.770833333333334,1.0560236756623291,0.005540552126200275,0.8829987046632124,0.9821955796226912,0.1878612343450495,10.770833333333334,1704.1875
1441,311.0,63.941125496954285,0.4604754682448585,0.971875,21.27153912696939,18.882158828624892,-1.017676909285332,1709.266881028939,654.3086816720257,0.9558939217600647,0.33657853995474574,0.8856305083051498,0.5253440614677488,-0.8508898971550727,654.3086816720257,1709.266881028939
1442,294.0,68.87005768508881,0.7490722731766475,0.9158878504672897,24.318892862629568,16.11098165862138,-0.435658342249197,1711.921768707483,1020.4829931972789,0.7789261800977051,0.5249398113154727,0.8870060977758979,0.9065924135225928,-0.42200734086420827,1020.4829931972789,1711.921768707483
1443,303.0,68.01219330881975,0.7736199282452086,0.9380804953560371,24.830416631643796,15.733791228221895,-1.2127176370085548,1709.7656765676568,159.52475247524754,0.8231499032255527,0.08206005785763762,0.8858889515894595,0.3504754360569638,-0.9365719239442751,159.52475247524754,1709.7656765676568
1444,906.0,128.7401153701776,0.6535819357675394,0.8694817658349329,40.8830281678979,30.942555673631446,-1.3986860555173775,1715.817880794702,1497.5474613686533,0.6869265047052303,0.7703433443254389,0.8890248087019181,0.1712618220434111,-0.9852255519983082,1497.5474613686533,1715.817880794702
1445,933.0,132.71067811865476,0.8405864156731735,0.8877259752616555,49.34590516333725,26.729564894299326,0.37260641610317996,1725.7995712754555,1828.3322615219722,0.6657018611424708,0.9405001345277635,0.8941966690546401,0.9313816595513683,0.36404423392129026,1828.3322615219722,1725.7995712754555
1446,534.0,97.73401871576773,0.8073786947747098,0.8929765886287625,35.12899305409456,20.727286060296393,-1.496092674801824,1719.9044943820224,1664.8202247191011,0.7025214796190299,0.8563890044851343,0.8911422250684055,0.07463418906804638,-0.9972109795936641,1664.8202247191011,1719.9044943820224
1447,625.0,97.49747468305833,0.6748016181027021,0.9600614439324117,33.665535811742345,24.84513751598677,-0.22923583853852514,1724.8464,221.2384,0.8262341614006457,0.11380576131687244,0.8937027979274611,0.9738403223432909,-0.22723341870929822,221.2384,1724.8464
1448,378.0,73.35533905932738,0.5682509082698852,0.9473684210526315,24.33214516997661,20.021835508171428,-0.45817774607348766,1721.920634920635,682.8095238095239,0.8827509756682633,0.35123946698020775,0.8921868574718316,0.8968599955391406,-0.442314535598292,682.8095238095239,1721.920634920635
1449,411.0,81.1126983722081,0.8464702069633985,0.9298642533936652,31.717058866077778,16.88730677288046,0.20946917345454352,1723.6593673965938,1527.4209245742093,0.7850078276593844,0.785710352147227,0.8930877551277688,0.9781414329742351,0.20794070572908505,1527.4209245742093,1723.6593673965938
1450,404.0,77.94112549695429,0.8334494480696791,0.9596199524940617,30.598026989270238,16.908338415565872,1.2240001535703748,1719.4455445544554,618.049504950495,0.8357143960426908,0.31792670007741514,0.8909044272302877,0.3398864653177325,0.9404664750504496,618.049504950495,1719.4455445544554
1451,485.0,87.35533905932738,0.8304888564436952,0.9547244094488189,33.975015575961926,18.925280977347082,-0.2649965355462542,1729.0577319587628,1177.2824742268042,0.7986797902194784,0.6055979805693438,0.8958848352117942,0.9650934082480837,-0.2619059246296229,1177.2824742268042,1729.0577319587628
1452,35.0,20.27817459305202,0.7606013181628722,0.8333333333333334,8.488562064637575,5.5109378987406,-1.1423961567447107,1717.7714285714285,580.9428571428572,1.0695970401198427,0.29883891828336273,0.8900370096225018,0.4154160789387513,-0.9096315085567084,580.9428571428572,1717.7714285714285
1453,701.0,98.42640687119285,0.6428623417887014,0.9695712309820194,34.18080114799664,26.181869169714762,-1.2967946567441015,1726.18544935806,1049.0271041369472,0.9092946161588872,0.5396229959552198,0.8943966058850051,0.27058598389671423,-0.9626958114163825,1049.0271041369472,1726.18544935806
1454,428.0,82.5269119345812,0.8233551653904573,0.9324618736383442,31.443470528737812,17.84500120970901,-1.479981952349969,1722.1098130841121,1144.6869158878505,0.789700556106824,0.5888307180493059,0.892284877245654,0.09068959775849669,-0.9958792079657061,1144.6869158878505,1722.1098130841121
1455,219.0,57.941125496954285,0.836899489125249,0.9439655172413793,22.758991212003156,12.457283998054173,1.130704184261129,1722.8127853881278,778.5342465753424,0.8197475451050675,0.400480579514065,0.8926491116000662,0.4260228293683957,0.9047124122376938,778.5342465753424,1722.8127853881278
1456,847.0,111.98275605729688,0.7114541862819536,0.9625,39.40243016173672,27.68936753216566,-0.0747923503920007,1736.9504132231405,700.5513577331759,0.8487718559299475,0.3603659247598642,0.8999743073695028,0.9972043557378654,-0.07472263979162509,700.5513577331759,1736.9504132231405
1457,633.0,103.39696961966999,0.8715929360559097,0.9405646359583952,41.56236797217854,20.375132407092522,-0.9928182821980089,1732.4218009478673,968.2053712480252,0.7440428591158815,0.4980480304773792,0.8976278761387914,0.5463315275260442,-0.8375690192641196,968.2053712480252,1732.4218009478673
1458,237.0,62.52691193458119,0.9014668568768125,0.948,26.573022975776844,11.502083374361781,0.6333680209923247,1727.9915611814347,1432.4810126582279,0.7617706735545469,0.7368729488982654,0.8953324151199143,0.8060386771991849,0.5918628649095905,1432.4810126582279,1727.9915611814347
1459,435.0,80.66904755831214,0.7491209627143366,0.9645232815964523,29.319576914897176,19.422262016142025,-0.9591273481730058,1730.5977011494253,1005.480459770115,0.8400115590888269,0.517222458729483,0.8966827467095468,0.5742346366266581,-0.818690773184998,1005.480459770115,1730.5977011494253
1460,638.0,94.08326112068522,0.6329785670321784,0.9681335356600911,32.63031415347158,25.2613880700257,-1.538940421240495,1734.001567398119,1896.523510971787,0.9057447338731601,0.9755779377426887,0.8984464079783,0.031850517939086345,-0.9994926435482214,1896.523510971787,1734.001567398119
1461,519.0,84.08326112068524,0.4474588120882329,0.9628942486085343,27.287493089362354,24.403328973647653,-0.6330250321098176,1735.0905587668594,1510.4373795761078,0.9224824816301858,0.7769739606872983,0.899010652210808,0.8062416321660894,-0.5915863677960812,1510.4373795761078,1735.0905587668594
1462,275.0,64.2842712474619,0.7321331203615817,0.9385665529010239,22.948918019321027,15.631921189975024,-0.38587470109493394,1732.9272727272728,121.20727272727272,0.8362441795402541,0.0623494201271979,0.8978897786151673,0.9264695761793017,-0.3763696645774539,121.20727272727272,1732.9272727272728
1463,379.0,81.35533905932736,0.8948879561312266,0.9023809523809524,33.48172663280133,14.942589107836175,0.16474617747631903,1737.532981530343,433.0131926121372,0.7195764726944069,0.2227434118375191,0.9002761562333383,0.9864600145116406,0.16400195050576025,433.0131926121372,1737.532981530343
1464,239.0,58.87005768508881,0.8292351952720026,0.956,23.367553240518387,13.06012092631452,0.28517738848158386,1735.5690376569037,277.5062761506276,0.8666003143617449,0.142750142052792,0.899258568734147,0.9596117634656115,0.28132767979425555,277.5062761506276,1735.5690376569037
1465,252.0,63.941125496954285,0.857570513134522,0.9298892988929889,25.269497208900347,12.997780838579528,0.5969755176302289,1742.642857142857,248.60714285714286,0.7745507018763226,0.12788433274544386,0.9029237601776462,0.8270395886388273,0.5621436816545387,248.60714285714286,1742.642857142857
1466,906.0,135.78174593052023,0.7977647475784707,0.825136612021858,47.953211089130555,28.914291488508663,-0.924062823168199,1751.0121412803533,1754.309050772627,0.6175260521710193,0.9024223512204871,0.9072601768291986,0.6025827768534507,-0.7980563871303734,1754.309050772627,1751.0121412803533
1467,656.0,99.49747468305833,0.8383292494374817,0.9718518518518519,39.27039593683811,21.408816310423667,0.4376480717720667,1750.434451219512,750.2637195121952,0.8327019602683211,0.38593812732108806,0.9069608555541513,0.9057509390018833,0.4238103779961112,750.2637195121952,1750.434451219512
1468,38.0,20.48528137423857,0.38430682870946115,0.926829268292683,7.238060906752617,6.682217113853521,1.372299204506065,1739.078947368421,44.81578947368421,1.137914400511144,0.0230533896469569,0.9010771748022907,0.19719618677288206,0.9803640466287177,44.81578947368421,1739.078947368421
1469,376.0,72.52691193458118,0.7272968616521072,0.9591836734693877,26.46455478996244,18.163232920565225,1.0762196527840608,1746.5691489361702,321.9148936170213,0.8982543647742268,0.16559408107871465,0.904958108257083,0.47465909509355436,0.8801697242265085,321.9148936170213,1746.5691489361702
1470,425.0,78.87005768508881,0.6312745164633551,0.9486607142857143,26.755695991285318,20.75063328790012,-0.14931585257864266,1748.2588235294118,1714.6611764705883,0.8585675639728518,0.8820273541515372,0.9058335873209388,0.9888730842401047,-0.14876163237025486,1714.6611764705883,1748.2588235294118
1471,479.0,85.59797974644665,0.8280357236864946,0.9657258064516129,33.29337965731025,18.66677706050038,0.6548645299620927,1751.4446764091858,832.0292275574112,0.8215203917992121,0.42799857384640494,0.9074842882949149,0.7931304436501327,0.6090518035071759,832.0292275574112,1751.4446764091858
1472,745.0,105.88225099390856,0.763718256229424,0.9612903225806452,38.71252738714277,24.99086073880839,-1.0271485380099137,1754.0953020134227,1807.9409395973155,0.8350640849479061,0.9300107713977961,0.9088576694370066,0.517261304186807,-0.8558275195335585,1807.9409395973155,1754.0953020134227
1473,369.0,73.35533905932738,0.7823039539236285,0.9559585492227979,27.50269478429766,17.13134278513213,0.48336481864869535,1752.7073170731708,116.13279132791328,0.8617330952952095,0.0597390901892558,0.9081385062555289,0.885436101254336,0.4647611328365585,116.13279132791328,1752.7073170731708
1474,426.0,81.11269837220809,0.7861108828666564,0.9508928571428571,30.18934374840474,18.65959549177801,1.247052556691962,1750.3145539906104,791.5704225352113,0.8136577483768803,0.40718643134527327,0.906898732637622,0.31811806704289003,0.9480511038023717,791.5704225352113,1750.3145539906104
1475,450.0,81.25483399593904,0.6792269137848466,0.9493670886075949,28.223971921859274,20.714372694209047,-1.0145398839533013,1752.8155555555556,990.9422222222222,0.8564932862673067,0.5097439414723365,0.9081945883707542,0.5280107353174862,-0.8492376954595736,990.9422222222222,1752.8155555555556
1476,150.0,44.627416997969526,0.6838406059982766,0.9375,16.21856927448231,11.833577913901356,1.1997099410111283,1748.06,193.25333333333333,0.9464498815899698,0.09941015089163237,0.9057305699481865,0.3626280855444044,0.9319339416366378,193.25333333333333,1748.06
1477,207.0,54.8700576850888,0.7620753345762543,0.9324324324324325,20.289923760351154,13.137489586948696,-0.34956038048077864,1751.391304347826,231.71980676328502,0.8639913130962276,0.11919743146259518,0.9074566343771119,0.9395233666376956,-0.34248480775323475,231.71980676328502,1751.391304347826
1478,749.0,104.56854249492379,0.7388367895439758,0.963963963963964,37.6576716044227,25.376917821606384,-0.5864399711648486,1761.3271028037384,588.7650200267022,0.8607748557066209,0.3028626646227892,0.912604716478621,0.8329160706161043,-0.553399330781515,588.7650200267022,1761.3271028037384
1479,59.0,26.727922061357855,0.6328148933787864,0.921875,9.843881300046775,7.622147934097955,-0.535772068684445,1749.3898305084747,152.64406779661016,1.037842576418766,0.0785206110064867,0.9064196012997279,0.8598747406145008,-0.5105050738760047,152.64406779661016,1749.3898305084747
1480,657.0,114.66904755831213,0.911418819013003,0.909972299168975,47.092074312179456,19.377443645022595,1.5037341488570093,1757.2465753424658,293.30441400304414,0.6278889252958311,0.15087675617440544,0.9104904535453191,0.06701192238542053,0.9977521747699728,293.30441400304414,1757.2465753424658
1481,691.0,109.49747468305831,0.8367167185806164,0.8893178893178894,41.68915734474859,22.830481253516034,0.31269329885783737,1766.1722141823445,718.6280752532562,0.7242353265530425,0.36966464776402064,0.9151151368820438,0.9515085027574129,0.3076224458331125,718.6280752532562,1766.1722141823445
1482,735.0,116.66904755831213,0.8831025793190288,0.9119106699751861,46.645852379044676,21.885299130224936,-0.351168969285856,1772.1972789115646,468.80680272108845,0.6785563174230734,0.2411557627166093,0.9182369320785309,0.9389712341123098,-0.34399567077160426,468.80680272108845,1772.1972789115646
1483,798.0,112.5685424949238,0.7762849244923502,0.9466192170818505,40.85097935356272,25.751730169951554,-0.3761516384707725,1766.2393483709272,1125.689223057644,0.7913683359066791,0.5790582423136029,0.9151499214357136,0.9300851914176247,-0.36734389433559445,1125.689223057644,1766.2393483709272
1484,578.0,99.1126983722081,0.891564873195214,0.9490968801313628,40.97188746083507,18.555881364129363,-1.5086533305061192,1758.3235294117646,27.614186851211073,0.7393994143641699,0.01420482862716619,0.9110484608351113,0.06210300720438098,-0.9980697453064954,27.614186851211073,1758.3235294117646
1485,578.0,100.49747468305833,0.8419531926223296,0.9145569620253164,37.48696310242559,20.22611244308015,-0.9423568011343807,1764.3304498269897,211.5242214532872,0.7191631147335587,0.10880875589160864,0.9141608548326372,0.5878831349544743,-0.8089458694103699,211.5242214532872,1764.3304498269897
1486,247.0,60.2842712474619,0.7658519748940745,0.9250936329588015,22.462722901288384,14.443910775058232,0.24487988247239384,1761.2712550607287,974.3643724696357,0.8540804614439808,0.5012162409823229,0.9125757798242118,0.9701664532399266,0.24243979254211004,974.3643724696357,1761.2712550607287
1487,424.0,80.76955262170047,0.8192906770513072,0.933920704845815,30.995675749323908,17.772250884553348,-1.3984231726656442,1758.948113207547,1903.6485849056603,0.8167334933698259,0.9792430992313067,0.9113720793821487,0.1715208150254087,-0.98518049615947,1903.6485849056603,1758.948113207547
1488,74.0,30.14213562373095,0.7132175529809344,0.9367088607594937,11.603459229301292,8.133360483823127,1.2378632246072128,1755.054054054054,1700.0405405405406,1.0235134274794264,0.8745064508953398,0.9093544321523596,0.3268164693992003,0.9450878241356416,1700.0405405405406,1755.054054054054
1489,232.0,63.941125496954285,0.8805188499053183,0.8957528957528957,25.540966238884177,12.106702365107761,0.19374533358406987,1766.8879310344828,376.0603448275862,0.7130784239496303,0.19344667943805877,0.9154859746292657,0.9812900096731991,0.19253549520951374,376.0603448275862,1766.8879310344828
1490,699.0,100.66904755831214,0.745248269220522,0.9641379310344828,36.86234103364361,24.579332937948156,-0.8846885888183165,1771.3218884120172,622.6766809728183,0.8667525346259399,0.32030693465679955,0.9177833618715115,0.633530476557951,-0.7737177361753158,622.6766809728183,1771.3218884120172
1491,186.0,51.698484809834994,0.8056725599358814,0.9538461538461539,20.221802042762036,11.978609813049125,-0.9841353400424344,1766.0430107526881,996.0698924731183,0.874514829671747,0.5123816319306165,0.9150481920998385,0.5535834046986016,-0.8327937403957262,996.0698924731183,1766.0430107526881
1492,84.0,40.76345596729059,0.9311157890673734,0.8155339805825242,18.111788729297785,6.6057988474549285,1.3252998761573385,1762.642857142857,1711.0,0.6352536315195122,0.8801440329218106,0.9132864544781643,0.24303792017168216,0.9700167881839071,1711.0,1762.642857142857
1493,607.0,98.66904755831213,0.6800155781896996,0.9381761978361669,32.92384656546327,24.13968736753959,-1.1311584596631934,1774.7627677100495,1923.1532125205931,0.7834958186033568,0.9892763438891939,0.919566200886036,0.42561179682936656,-0.9049058505721344,1923.1532125205931,1774.7627677100495
1494,586.0,108.8111831820431,0.7617165265509472,0.812760055478502,36.8936223672306,23.903762956460135,-0.2946561995030031,1783.8310580204777,694.3839590443686,0.621957078076213,0.3571933945701484,0.924264796901802,0.9569020422775909,-0.29041088389551745,694.3839590443686,1783.8310580204777
1495,781.0,102.66904755831213,0.42640333376137757,0.9713930348258707,33.184064658329426,30.01608612263192,-0.2521842564073592,1781.518565941101,1841.9615877080666,0.931068923954994,0.9475111047881001,0.9230666144772545,0.968369717129076,-0.2495197205580218,1841.9615877080666,1781.518565941101
1496,602.0,99.01219330881976,0.7764016676853821,0.9247311827956989,35.484758840925316,22.363857906007837,0.07753572302860848,1783.2857142857142,1104.9451827242524,0.7716653385029574,0.5683874396729693,0.9239822353811991,0.9969956114254391,0.07745805831812988,1104.9451827242524,1783.2857142857142
1497,257.0,58.284271247461895,0.27002670574596493,0.948339483394834,18.464976189317255,17.779054636771185,-0.9092818420988192,1779.5330739299611,297.5369649805447,0.9506928901362063,0.15305399433155592,0.9220378621398763,0.6143125795188292,-0.789062769774954,297.5369649805447,1779.5330739299611
1498,275.0,63.941125496954285,0.7726104013578757,0.9417808219178082,23.954459816091198,15.20821788648849,1.1005416158962378,1779.0,272.56,0.8452438214920187,0.14020576131687243,0.9217616580310881,0.45311336284541764,0.8914529042024132,272.56,1779.0
1499,637.0,92.42640687119285,0.5246011402399846,0.9740061162079511,30.972373531988985,26.36827238278956,1.5285162711583582,1785.0156985871272,1501.0141287284143,0.9370378989972633,0.7721266094281967,0.924878600304211,0.042267460102595286,0.9991063315866212,1501.0141287284143,1785.0156985871272
1500,527.0,117.15432893255071,0.8307691683852271,0.7604617604617605,38.8046092923589,21.599308841648487,1.246245784345485,1788.8159392789373,195.81214421252372,0.48250719947161935,0.10072641163195664,0.9268476369320918,0.31888282484491665,0.9477941464363062,195.81214421252372,1788.8159392789373
1501,445.0,79.01219330881976,0.6680822594352316,0.9632034632034632,27.703748643790163,20.61401096485954,0.8299245698595843,1785.5370786516853,1048.008988764045,0.8957393222365109,0.5390992740555787,0.925148745415381,0.674931420418232,0.7378804630373593,1048.008988764045,1785.5370786516853
1502,226.0,54.2842712474619,0.5743811957951399,0.9617021276595744,18.85271384883261,15.432604496971893,-1.0195278057925403,1783.486725663717,911.0,0.9637630668903399,0.4686213991769547,0.9240863863542574,0.5237682533620281,-0.8518607965918435,911.0,1783.486725663717
1503,264.0,59.35533905932738,0.5433232826886427,0.96,20.12324762821587,16.893940519881095,1.5355714047790319,1786.594696969697,258.4431818181818,0.9416601902943554,0.13294402356902357,0.9256967341811901,0.0352176379824911,0.9993796665806916,258.4431818181818,1786.594696969697
1504,419.0,74.5269119345812,0.5949289205787385,0.9676674364896074,25.82626070395012,20.75858830807474,1.2533623573421764,1789.002386634845,1020.7398568019094,0.9479766370778464,0.5250719427993361,0.9269442417797124,0.3121297605766147,0.9500394794756611,1020.7398568019094,1789.002386634845
1505,446.0,84.42640687119285,0.8478274440816495,0.9612068965517241,32.855378582042015,17.422294470191037,-0.592802011474355,1794.5717488789237,373.585201793722,0.7862996999484909,0.19217345771281993,0.9298299216989242,0.8293784892030335,-0.5586871411150374,373.585201793722,1794.5717488789237
1506,822.0,117.9827560572969,0.8345526079877934,0.9470046082949308,44.23014390721329,24.367636095268534,-0.3337705335577699,1802.9720194647202,494.7007299270073,0.7420695438562532,0.2544756841188309,0.9341823935050364,0.9448138064129802,-0.32760780090134556,494.7007299270073,1802.9720194647202
1507,272.0,69.39087296526012,0.8974353817528158,0.9158249158249159,28.274603833583175,12.47322653245936,1.1153058319114206,1788.9411764705883,602.5735294117648,0.7098622246787019,0.3099658073105786,0.9269125266686986,0.439902853362464,0.8980453661166358,602.5735294117648,1788.9411764705883
1508,436.0,80.5269119345812,0.7462346239667877,0.9416846652267818,29.37998044472715,19.557754173471412,0.1946462898650342,1796.6100917431193,437.35091743119267,0.844917418247625,0.2249747517650168,0.9308860578979893,0.9811161453655236,0.19341951634490465,437.35091743119267,1796.6100917431193
1509,413.0,86.42640687119285,0.8667986096129501,0.89587852494577,33.82460795524517,16.866923882485654,-1.3045152793571775,1793.6924939467312,32.94430992736078,0.6948115033101658,0.01694666148526789,0.9293743491951976,0.26314538217945355,-0.9647561908781044,32.94430992736078,1793.6924939467312
1510,56.0,27.31370849898476,0.7400653334441925,0.8888888888888888,10.419253295192005,7.007312329042639,-0.862936274932871,1786.4464285714287,1787.232142857143,0.9432711477921326,0.9193580981775427,0.925619911176906,0.6502094246796544,-0.7597550289782575,1787.232142857143,1786.4464285714287
1511,42.0,23.31370849898476,0.5901847547374881,0.8936170212765957,8.208278289007538,6.626282082904832,-1.4916213511383558,1787.642857142857,1628.4761904761904,0.9710384578239462,0.8376935136194394,0.926239822353812,0.07909228119159352,-0.9968672986189836,1628.4761904761904,1787.642857142857
1512,714.0,115.29646455628166,0.9156985827212457,0.9321148825065274,48.2546505201848,19.39189279797697,0.8940707004735637,1804.5854341736695,597.8529411764706,0.6749569834894815,0.30753752118131206,0.9350183596754764,0.6262435941181327,0.7796274500208439,597.8529411764706,1804.5854341736695
1513,582.0,90.76955262170047,0.6218648819386565,0.9667774086378738,30.930106870441193,24.222126178374356,-0.687874229601677,1800.3006872852234,1082.9089347079039,0.8876718727481199,0.5570519211460411,0.9327982835674733,0.772597403286325,-0.6348962532849187,1082.9089347079039,1800.3006872852234
1514,234.0,55.45584412271571,0.6746121626835658,0.970954356846473,20.16162400485285,14.882753530642892,-0.5177177034776262,1796.9444444444443,1610.7307692307693,0.9561611214257789,0.8285652105096549,0.9310592976396085,0.8689509463229035,-0.4948982247740746,1610.7307692307693,1796.9444444444443
1515,797.0,104.08326112068522,0.5567375825118314,0.9719512195121951,34.994637183659734,29.069640146433475,-1.4704566258247387,1802.7176913425344,127.1844416562108,0.9244989098604813,0.06542409550216605,0.9340506172759245,0.10017141476035771,-0.9949701943600664,127.1844416562108,1802.7176913425344
1516,295.0,75.4558441227157,0.8986966140680914,0.8526011560693642,30.98128809420264,13.587490044047877,1.4866753030560342,1797.1762711864408,947.6983050847458,0.6510976324942098,0.4874991281300133,0.9311794151225081,0.08402184724851831,0.9964639126355488,947.6983050847458,1797.1762711864408
1517,279.0,65.11269837220809,0.6076156519255445,0.9087947882736156,21.606195560078906,17.160314905706716,1.029684974396263,1799.7025089605734,1714.7455197132617,0.8269565285655927,0.8820707405932416,0.932488346611696,0.5150888905515385,0.8571367655341737,1714.7455197132617,1799.7025089605734
1518,435.0,82.11269837220809,0.8527174912426299,0.9539473684210527,32.71337212274235,17.08856132532119,1.4294903148409572,1800.0505747126438,628.5540229885057,0.8107341611024762,0.3233302587389433,0.9326686915609553,0.14083622919759287,0.9900329067992655,628.5540229885057,1800.0505747126438
1519,494.0,88.76955262170047,0.8569425471157847,0.9445506692160612,35.20949185333943,18.147392606658386,-0.018888135140447935,1808.991902834008,927.5546558704453,0.7877868926615613,0.4771371686576365,0.9373015040590715,0.9998216244786815,-0.0188870120667748,927.5546558704453,1808.991902834008
1520,455.0,85.94112549695429,0.8851776341451063,0.9420289855072463,35.649526701115995,16.58605698530279,-0.22809437752716236,1809.421978021978,977.0021978021978,0.7741394271152072,0.5025731470175915,0.93752434094403,0.9740990659505063,-0.22612167015646942,977.0021978021978,1809.421978021978
1521,280.0,62.04163056034262,0.7476283237666674,0.9621993127147767,23.180040502046193,15.394267680716066,-1.4794849831091792,1801.017857142857,899.45,0.9141163750845476,0.4626800411522634,0.9331698741672835,0.09118450787283855,-0.9958340150466785,899.45,1801.017857142857
1522,270.0,73.4558441227157,0.8029242762692932,0.8307692307692308,26.70928795779644,15.920900150935005,0.8884271339902621,1804.862962962963,1739.7407407407406,0.6288121440845199,0.8949283645785703,0.9351621569756284,0.6306334772551612,0.7760808059506846,1739.7407407407406,1804.862962962963
1523,530.0,86.42640687119285,0.2868955402672424,0.954954954954955,26.81766718853606,25.690302673367185,0.7495687219440215,1808.0169811320754,243.23207547169812,0.891646723376242,0.125119380386676,0.9367963632808681,0.7319827766566677,0.6813231352875043,243.23207547169812,1808.0169811320754
1524,660.0,107.9827560572969,0.8751500639333101,0.9401709401709402,41.89714763087562,20.272001690415053,1.1082540647249348,1808.659090909091,346.1424242424242,0.7112871844471325,0.17805680259383963,0.9371290626471974,0.4462246701499112,0.894920970672608,346.1424242424242,1808.659090909091
1525,347.0,71.59797974644665,0.7379598267071495,0.9480874316939891,25.78566343634649,17.401316874057706,0.7542153582097847,1808.1585014409222,735.057636887608,0.8506243339770528,0.3781160683578231,0.9368696898657628,0.7288090250704878,0.6847170254753455,735.057636887608,1808.1585014409222
1526,406.0,74.76955262170047,0.5078173832924822,0.9598108747044918,24.707904289243466,21.284988444327677,1.116567720735367,1807.8916256157636,1520.7512315270935,0.9126123328302729,0.7822794400859534,0.936731412236147,0.43876927000976174,0.8985997594564005,1520.7512315270935,1807.8916256157636
1527,467.0,80.18376618407356,0.7326623402031925,0.9648760330578512,29.6387169217479,20.171882876543066,-0.20269271552411172,1811.3490364025695,1870.1284796573875,0.9127542056262972,0.9620002467373393,0.9385228167888962,0.9795280654060189,-0.20130764784762128,1870.1284796573875,1811.3490364025695
1528,379.0,71.35533905932738,0.7286670592807192,0.974293059125964,26.573767065579197,18.199525405085932,0.09994413620673342,1811.137203166227,392.21635883905014,0.9353973296334498,0.2017573862340793,0.9384130586353507,0.9950097407987852,0.09977783178409036,392.21635883905014,1811.137203166227
1529,702.0,106.5685424949238,0.862715602815436,0.9435483870967742,42.407852084199725,21.445202088635238,-1.1454269463029025,1813.400284900285,48.48717948717949,0.7767637038816836,0.024941964756779574,0.9395856398447072,0.4126572735422514,-0.9108863675523284,48.48717948717949,1813.400284900285
1530,91.0,36.14213562373095,0.809099552557591,0.91,14.198922633363527,8.344303637850915,-0.167981609167558,1806.7362637362637,209.01098901098902,0.8754344518043099,0.10751594084927418,0.9361327791379604,0.9859242351930975,-0.16719271054356957,209.01098901098902,1806.7362637362637
1531,230.0,55.79898987322333,0.7768866395196061,0.9663865546218487,21.608385744479136,13.605514634395538,-1.4924947745472823,1807.2739130434782,294.66521739130434,0.9282928941531527,0.15157675791733763,0.9364113539085379,0.07822156389958858,-0.9969359994207766,294.66521739130434,1807.2739130434782
1532,133.0,43.4558441227157,0.784072932646804,0.9300699300699301,16.554257418388193,10.27470944641851,0.6167891372937517,1810.3308270676691,1886.345864661654,0.8850445337308901,0.970342522974102,0.9379952471853208,0.8157398821918076,0.5784189179147721,1886.345864661654,1810.3308270676691
1533,134.0,43.798989873223334,0.8398652887268562,0.9305555555555556,17.883999298734583,9.707343501005068,0.48174978376840905,1810.4402985074628,1918.0373134328358,0.877781600561755,0.9866447085559855,0.9380519681385817,0.8861855516106478,0.46333051714357404,1918.0373134328358,1810.4402985074628
1534,626.0,94.8111831820431,0.6276304404949012,0.9601226993865031,32.290977865720045,25.13889501263584,1.1203076986620126,1818.111821086262,322.91373801916933,0.8751148722689163,0.16610788992755623,0.9420268503037627,0.43540546595447505,0.9002344584701069,322.91373801916933,1818.111821086262
1535,407.0,75.01219330881976,0.6437015322649681,0.969047619047619,26.244369715119863,20.084203102455,0.21351328992232407,1818.152334152334,993.9459459459459,0.9089511531710843,0.5112890668446224,0.9420478415297068,0.9772925001531053,0.21189471240333652,993.9459459459459,1818.152334152334
1536,419.0,83.08326112068522,0.8591413996376277,0.9373601789709173,32.44342778426383,16.60254355793182,-0.7599444985612261,1817.871121718377,1717.9116945107398,0.7627756442755299,0.8836994313326851,0.9419021356053767,0.7248742457558954,-0.6888812146080207,1717.9116945107398,1817.871121718377
1537,595.0,94.08326112068524,0.6959034291077495,0.9565916398713826,32.820083774021924,23.569263180692428,1.5045726313794843,1816.852100840336,1135.6352941176472,0.8446992424052194,0.5841745340111354,0.9413741455131275,0.06617530116668009,0.9978080123528269,1135.6352941176472,1816.852100840336
1538,573.0,90.42640687119285,0.6846377327450148,0.9695431472081218,31.766181594214007,23.15384602144452,0.6282744143296233,1826.9703315881327,824.8656195462478,0.8805903812998668,0.4243135903015678,0.9466167521182035,0.80904292455011,0.5877495608126008,824.8656195462478,1826.9703315881327
1539,277.0,64.52691193458118,0.8382119735593626,0.9421768707482994,25.522739230572178,13.918686954977062,1.2895913741513902,1820.6353790613719,1755.2924187725632,0.8360030655333245,0.9029281989570799,0.9433343932960476,0.2775134739529761,0.9607217452387298,1755.2924187725632,1820.6353790613719
1540,250.0,59.698484809834994,0.8198491313226248,0.9615384615384616,23.59399894086844,13.509442548761927,1.129073789540166,1821.46,644.744,0.8815019057718508,0.33165843621399177,0.9437616580310881,0.42749730083177345,0.904016624726309,644.744,1821.46
1541,491.0,90.08326112068524,0.7260130359865793,0.9352380952380952,31.051215481171223,21.353328967564295,1.0782510970929255,1829.4215885947046,749.5885947046843,0.7603318032924807,0.38559084089747137,0.9478868334687589,0.4728701011430602,0.8811321509540734,749.5885947046843,1829.4215885947046
1542,553.0,90.32590180780451,0.7639618077063214,0.9567474048442907,33.313101729118614,21.495660777725192,-0.7391717342284354,1831.6021699819169,848.376130198915,0.8517465494812289,0.43640747438215793,0.9490166683844129,0.7390267949594808,-0.6736760321786115,848.376130198915,1831.6021699819169
1543,704.0,126.32590180780453,0.9477954338482336,0.8595848595848596,55.71092915684308,17.76504528561091,-1.2867236137564102,1833.143465909091,360.83522727272725,0.5543674323661995,0.1856148288439955,0.9498152673104099,0.2802674488066791,-0.9599219536709198,360.83522727272725,1833.143465909091
1544,127.0,51.21320343559642,0.9031517314070303,0.8246753246753247,20.321444083096758,8.724432848684668,1.2105640581126882,1825.2283464566929,487.8976377952756,0.608484753115433,0.25097615112925703,0.9457141691485456,0.35249160329267853,0.9358149761615043,487.8976377952756,1825.2283464566929
1545,825.0,105.49747468305831,0.46393454208114726,0.974025974025974,34.49505694675448,30.558118258673193,0.38334356572949146,1837.659393939394,594.5684848484849,0.931493191032021,0.30584798603317126,0.9521551263934684,0.9274192499507583,0.37402344153912714,594.5684848484849,1837.659393939394
1546,537.0,88.08326112068522,0.5964117007335933,0.9589285714285715,29.44982557944888,23.63874748743001,1.1794488530038343,1834.1154562383613,1122.7932960893854,0.869755891626693,0.5775685679472147,0.9503188892426743,0.3814343603120235,0.9243959264153847,1122.7932960893854,1834.1154562383613
1547,757.0,101.39696961966999,0.6268006397838731,0.9755154639175257,35.221716840992414,27.444045701047536,0.7708789973174355,1837.449141347424,1736.455746367239,0.9252429658291473,0.8932385526580447,0.9520461872266446,0.7172984913405156,0.6967660111691875,1736.455746367239,1837.449141347424
1548,399.0,77.25483399593904,0.5866268744781366,0.9410377358490566,25.56636271490419,20.70510648579575,-1.0236947455480012,1835.7293233082708,181.61904761904762,0.8401008660023681,0.09342543601802861,0.9511550897970314,0.5202140638260724,-0.8540359054498605,181.61904761904762,1835.7293233082708
1549,484.0,83.698484809835,0.5224231310551769,0.9490196078431372,27.049186846806617,23.06447336504403,0.6661060056339032,1836.797520661157,775.9462809917355,0.8682005039036249,0.39914932149780635,0.9517085599280606,0.786233833092994,0.6179290895401334,775.9462809917355,1836.797520661157
1550,547.0,116.66904755831213,0.9139204713631295,0.8200899550224887,45.70890046375636,18.55293650708024,1.3036656370168938,1836.491773308958,802.819012797075,0.5049936131026138,0.4129727432083719,0.951550141610859,0.26396498480737085,0.9645322632217361,802.819012797075,1836.491773308958
1551,288.0,63.94112549695428,0.4893038813289443,0.9473684210526315,20.78639240365959,18.12809050982593,-0.9777213865070301,1836.0104166666667,481.3298611111111,0.8852008021443688,0.24759766518061269,0.9513007340241797,0.5589134815908965,-0.8292259764961193,481.3298611111111,1836.0104166666667
1552,338.0,73.14823227814082,0.8146116375688441,0.9037433155080213,27.600070127895847,16.00822816172391,-0.7185276621928172,1838.396449704142,1007.1094674556213,0.7938142553169371,0.5180604256458957,0.9525370205720943,0.7527757508981103,-0.6582770456728582,1007.1094674556213,1838.396449704142
1553,662.0,93.84062043356593,0.45881872284510034,0.9720998531571219,30.81068255678843,27.376212628226202,0.3221814696450025,1842.4561933534744,131.2371601208459,0.9446830269588763,0.06750882722265736,0.9546405146909194,0.9485469426088717,0.31663653874333847,131.2371601208459,1842.4561933534744
1554,732.0,105.39696961966999,0.4569619902062253,0.9494163424124513,32.84488419090328,29.215071957990247,-0.6019988461418555,1846.3989071038252,1175.2677595628415,0.8280655111467587,0.6045616047133958,0.9566833715563862,0.8242053334651692,-0.5662910632241773,1175.2677595628415,1846.3989071038252
1555,645.0,95.74011537017762,0.6797738886325877,0.956973293768546,33.63785870065006,24.670737124775933,-0.9130564784442065,1843.4217054263565,944.1333333333333,0.8842634731207412,0.4856652949245542,0.9551407800136562,0.6113297852613262,-0.7913759496297198,944.1333333333333,1843.4217054263565
1556,717.0,105.94112549695427,0.6641479504590723,0.9509283819628647,36.23511629905318,27.089415110411935,0.3614120100552622,1850.26359832636,20.89400278940028,0.8027861194593833,0.010747943821707963,0.9586858022416372,0.9353984761011579,0.35359537738442154,20.89400278940028,1850.26359832636
1557,728.0,105.7401153701776,0.8210208741787018,0.9491525423728814,40.65475077534815,23.209722949538392,-0.7156563585775829,1849.3365384615386,622.4326923076923,0.8182041604685206,0.32018142608420386,0.9582054603427661,0.7546627584778249,-0.6561128873651546,622.4326923076923,1849.3365384615386
1558,1233.0,132.71067811865476,0.688456606207992,0.9716312056737588,46.794212544774034,33.93879108134734,-0.4506290802293372,1854.978102189781,62.24330900243309,0.8797539065259018,0.03201816306709521,0.9611285503573995,0.9001732959804387,-0.43553190147647447,62.24330900243309,1854.978102189781
1559,795.0,107.49747468305833,0.68584411746148,0.9648058252427184,37.524547957123104,27.30843264570115,-0.989614516869774,1849.8264150943396,975.9962264150944,0.8645307970985365,0.5020556720242255,0.9584592824323003,0.5490120937178873,-0.8358144058052013,975.9962264150944,1849.8264150943396
1560,315.0,72.5269119345812,0.8499280172655884,0.9292035398230089,28.00231253302257,14.754385403008598,1.1557862160699859,1843.9714285714285,1634.5206349206348,0.7525269279358546,0.8408027957410673,0.9554256106587713,0.40319918285439593,0.9151122439053843,1634.5206349206348,1843.9714285714285
1561,330.0,71.84062043356595,0.8507813747771349,0.9482758620689655,28.553456114431565,15.005406333041087,-0.6052689046651388,1849.2575757575758,492.8484848484849,0.8034958818092627,0.2535228831525128,0.9581645470246507,0.8223491251211156,-0.5689832303438616,492.8484848484849,1849.2575757575758
1562,1042.0,138.5685424949238,0.8978960048563642,0.9245785270629991,55.65959598923631,24.501779276730865,0.16535624740397606,1869.7380038387716,1496.154510556622,0.6819433286207007,0.7696268058418837,0.9687761677921096,0.9863597782868055,0.16460372953856114,1496.154510556622,1869.7380038387716
1563,630.0,99.59797974644667,0.8299959756824685,0.9487951807228916,38.06021966533073,21.228825094188146,-1.4784197061443933,1856.6396825396826,789.5015873015873,0.7980853797606046,0.4061222156901169,0.9619894728184883,0.09224529497040604,-0.995736313265627,789.5015873015873,1856.6396825396826
1564,175.0,54.62741699796952,0.8536582040499143,0.875,21.301047422326004,11.094301862391317,1.366058687596243,1851.6857142857143,1136.1257142857144,0.7369305842126036,0.5844268077601411,0.9594226498889712,0.20331028567717077,0.9791143588661476,1136.1257142857144,1851.6857142857143
1565,642.0,95.49747468305833,0.6515302763818481,0.963963963963964,33.00756600377908,25.04028662326668,-1.3674741653130729,1859.3380062305296,1702.5389408099688,0.884628888103494,0.8757916362191198,0.9633875679950931,0.20192416790887632,-0.9794011590836045,1702.5389408099688,1859.3380062305296
1566,426.0,80.42640687119285,0.6498843112192272,0.9281045751633987,27.125509513283426,20.616286314611006,1.2161244751503146,1860.1854460093896,1216.030516431925,0.8276031403243043,0.6255301010452289,0.9638266559634143,0.34728265937353825,0.9377604995404973,1216.030516431925,1860.1854460093896
1567,394.0,83.84062043356595,0.8816621616710365,0.9493975903614458,33.33920882850573,15.732144659634102,-1.1257849689873773,1861.4086294416243,210.84263959390864,0.7043639477002575,0.10845814793925342,0.9644604297624996,0.43046813195134653,-0.9026057762801644,210.84263959390864,1861.4086294416243
1568,658.0,96.66904755831213,0.5192931381615586,0.9508670520231214,31.525718330795133,26.941758564007007,-0.6164498506222457,1866.4255319148936,551.2370820668693,0.8848321176402244,0.2835581697874842,0.9670598610957998,0.8159360850653083,-0.5781421149581631,551.2370820668693,1866.4255319148936
1569,223.0,56.8700576850888,0.7904369075818584,0.948936170212766,21.758779684177927,13.32819827737619,1.0380628395952798,1862.542600896861,1115.4484304932735,0.8664577478512671,0.5737903449039472,0.9650479797393061,0.5078899216914516,0.8614219798938562,1115.4484304932735,1862.542600896861
1570,44.0,22.727922061357855,0.3750927242215189,0.9166666666666666,7.7975670643694786,7.228245613806981,-1.5262973104449766,1861.2272727272727,1164.7045454545455,1.070392549811525,0.5991278526000748,0.9643664625529911,0.044484331923621216,-0.9990100821379677,1164.7045454545455,1861.2272727272727
1571,129.0,45.45584412271571,0.8971597673260224,0.9347826086956522,19.360165317982908,8.551504720276858,-0.760526074481348,1865.8294573643411,1190.6511627906978,0.7845490848050384,0.612474877978754,0.9667510141784151,0.7244734864649354,-0.6893026674903711,1190.6511627906978,1865.8294573643411
1572,401.0,73.698484809835,0.5171142628367893,0.9570405727923628,24.588820717597493,21.045974267954268,0.005620894174403979,1872.2693266832919,1855.8354114713218,0.9277631492132616,0.9546478454070585,0.9700877340327937,0.999984202815932,0.005620864576272841,1855.8354114713218,1872.2693266832919
1573,643.0,111.63961030678928,0.8711029482146881,0.8993006993006993,42.00272561392132,20.627557519563894,0.9715283218794161,1881.720062208398,1700.348367029549,0.6483122283052538,0.8746647978547063,0.9749844881908798,0.5640381805633382,0.8257487092734684,1700.348367029549,1881.720062208398
1574,253.0,58.8700576850888,0.7331017174008184,0.9511278195488722,21.84097730517272,14.854463929353159,0.30595461962628917,1873.509881422925,1913.4624505928855,0.9173635126925586,0.9842913840498382,0.9707305085092875,0.9535598522328933,0.30120359926399065,1913.4624505928855,1873.509881422925
1575,254.0,60.870057685088796,0.8083606086158018,0.951310861423221,23.603153967107048,13.894884783921002,-0.2552382646215065,1875.3779527559054,446.1023622047244,0.861462057478811,0.22947652376786234,0.9716984211170494,0.9676031670651922,-0.2524759614010999,446.1023622047244,1875.3779527559054
1576,325.0,71.94112549695429,0.8354551333597311,0.9365994236311239,28.179926993476204,15.48652290107201,-1.0979996408423405,1874.1538461538462,1787.1507692307691,0.7891122205586901,0.9193162393162393,0.9710641689916302,0.4553779475229388,-0.8902982224568325,1787.1507692307691,1874.1538461538462
1577,421.0,85.11269837220809,0.908855468693177,0.9611872146118722,35.952335104571475,14.996120942733116,1.5497193765245998,1871.5914489311165,712.8194774346794,0.7303032629753884,0.36667668592318897,0.9697365020368479,0.021075389775174126,0.9997778893063322,712.8194774346794,1871.5914489311165
1578,92.0,33.55634918610404,0.725441797456827,0.968421052631579,13.039294296319836,8.974731325427063,1.3196510058175857,1868.891304347826,995.1847826086956,1.0267111568959635,0.5119263285024155,0.9683374633926559,0.24851351246636333,0.9686284293379122,995.1847826086956,1868.891304347826
1579,307.0,65.11269837220809,0.7480317457943484,0.9623824451410659,24.339383002402574,16.153146652693906,-0.16379592089533404,1877.8078175895766,173.69055374592833,0.909948581611602,0.08934699266765861,0.9729574184401951,0.9866154130404169,-0.1630644864803115,173.69055374592833,1877.8078175895766
1580,985.0,126.8111831820431,0.717077775218096,0.9380952380952381,43.66335546611433,30.433060077518537,-1.0913072086046547,1882.8700507614212,466.9005076142132,0.7697168346553366,0.240175158237764,0.9755803371820836,0.4613259657275665,-0.8872307215969971,466.9005076142132,1882.8700507614212
1581,439.0,78.66904755831214,0.4443210757655471,0.9481641468682506,25.307583258426803,22.67224422724121,-0.42294173750048514,1878.4145785876992,892.3872437357631,0.8913876235064448,0.45904693607806746,0.9732718023770462,0.9118854669758059,-0.41044475282103016,892.3872437357631,1878.4145785876992
1582,575.0,89.25483399593904,0.5461445126617367,0.9615384615384616,29.66702516122032,24.851799262631598,0.8468134902935035,1878.831304347826,1564.8208695652174,0.9070144698570547,0.8049490069779925,0.9734877224600135,0.6623737534567904,0.7491735518099681,1564.8208695652174,1878.831304347826
1583,92.0,32.72792206135786,0.664950114360529,1.0,12.516427845286055,9.348366918904,0.9389895534989783,1871.6304347826087,116.84782608695652,1.0793463490856277,0.06010690642333154,0.9697567019599009,0.5906037180617794,0.8069617390010522,116.84782608695652,1871.6304347826087
1584,414.0,79.18376618407358,0.7127154697721736,0.9345372460496614,27.690588001626608,19.42365289311979,0.20242233720567473,1879.5410628019324,1731.5144927536232,0.8297321094569022,0.8906967555316992,0.9738554729543691,0.9795824588247466,0.20104279734142094,1731.5144927536232,1879.5410628019324
1585,353.0,70.5269119345812,0.7112130537175897,0.9540540540540541,25.356971470411878,17.825355644077685,-1.4675489796668206,1878.1558073654392,981.4107648725212,0.8918151229143326,0.5048409284323668,0.9731377240235436,0.103064008502155,-0.9946747258030978,981.4107648725212,1878.1558073654392
1586,250.0,58.384776310850235,0.5213125649458593,0.9615384615384616,19.640843987794398,16.76082478421395,-1.1171244357524268,1879.26,214.22,0.9216173275209766,0.11019547325102881,0.9737098445595855,0.4382689380609559,-0.8988438896331898,214.22,1879.26
1587,77.0,30.970562748477143,0.5486874038473104,0.9390243902439024,10.92456135769229,9.13323471425059,-1.1390758722746943,1877.2857142857142,1324.8051948051948,1.0087937797500768,0.6814841537063759,0.9726868985936343,0.4184340189293851,-0.9082471975198179,1324.8051948051948,1877.2857142857142
1588,418.0,78.76955262170047,0.6988111296655888,0.9457013574660633,27.470096037942596,19.649530880313403,1.5537946157936469,1887.22009569378,1335.3516746411483,0.8465826974463232,0.6869092976549117,0.9778342464734612,0.017000891932489874,0.9998554743929243,1335.3516746411483,1887.22009569378
1589,278.0,60.2842712474619,0.5428388845409086,0.9619377162629758,20.57711185362123,17.281416933702683,-0.47141235551282046,1887.5791366906474,1361.8021582733813,0.9612727460786504,0.7005155135151139,0.9780202780780556,0.890927762739221,-0.45414504465036964,1361.8021582733813,1887.5791366906474
1590,154.0,45.45584412271571,0.6284353530907821,0.9506172839506173,16.1343071081452,12.55026144980614,0.7811949548901405,1886.0194805194806,138.75324675324674,0.9365934810850846,0.07137512693068249,0.9772121660722697,0.710072643468399,0.7041284264946274,138.75324675324674,1886.0194805194806
1591,198.0,58.04163056034262,0.892609710881882,0.9041095890410958,24.38716612477524,10.994471922897628,-0.14732192501842817,1890.6010101010102,503.22222222222223,0.7385771122603747,0.2588591678097851,0.9795860155963784,0.9891677382082378,-0.14678959666134067,503.22222222222223,1890.6010101010102
1592,624.0,96.52691193458118,0.5103495962869344,0.9454545454545454,30.950555661865476,26.61645737328846,-0.11903828376344175,1896.809294871795,551.8958333333334,0.8415843069194912,0.28389703360768176,0.9828027434568886,0.9929233058861983,-0.11875735189041214,551.8958333333334,1896.809294871795
1593,568.0,86.76955262170047,0.5801639225434024,0.9776247848537005,29.836037560231414,24.30144477168199,0.23624898195464494,1897.2517605633802,65.27640845070422,0.9480330617476314,0.03357839940879847,0.9830320002919068,0.9722227661814277,0.23405745644720027,65.27640845070422,1897.2517605633802
1594,363.0,71.66904755831213,0.5704815574379333,0.9577836411609498,23.877307997252363,19.610681665237614,1.125493055916297,1894.2617079889808,1748.0275482093664,0.8880823177929459,0.899191125622102,0.981482750253358,0.4307315960309411,0.9024800785505673,1748.0275482093664,1894.2617079889808
1595,382.0,72.18376618407356,0.6818112042104129,0.9646464646464646,25.834328367498404,18.89853927716206,-0.6710948649831651,1895.5942408376964,1198.6623036649214,0.9212853214128494,0.616595835218581,0.9821731817811898,0.7831413004094782,-0.6218437935631034,1198.6623036649214,1895.5942408376964
1596,539.0,92.42640687119284,0.8368219072016327,0.9659498207885304,35.70328274443072,19.546661894174715,-0.8378254657082529,1900.0018552875695,205.03525046382188,0.7928782222284538,0.10547080785176023,0.9844569198381189,0.6690804984831339,-0.7431899397526591,205.03525046382188,1900.0018552875695
1597,491.0,94.91168824543144,0.9117115278562588,0.9608610567514677,39.267709840790936,16.13239151773742,0.6269466654341465,1903.9226069246436,1921.1262729124237,0.6849391005922798,0.9882336794816995,0.9864883973702816,0.8098225950132936,0.5866748372019505,1921.1262729124237,1903.9226069246436
1598,145.0,43.79898987322333,0.6183039521961871,0.9415584415584416,15.347476120998465,12.062181118622357,-0.4315745106163872,1896.7103448275861,1268.6413793103447,0.9498382991153322,0.6525933021143748,0.9827514740039306,0.9083082557411511,-0.41830146133197704,1268.6413793103447,1896.7103448275861
1599,254.0,63.11269837220809,0.8446775670069397,0.9407407407407408,24.811443991331,13.280956857402291,1.1370627684634345,1897.9606299212599,1287.7007874015749,0.8013275664128415,0.6623975243835262,0.9833992901146424,0.4202615657194861,0.9074030065957497,1287.7007874015749,1897.9606299212599
1600,233.0,60.698484809834994,0.7767622650450506,0.9433198380566802,21.967018534635027,13.834694747353696,0.3580200486925171,1902.6824034334763,1533.3991416309013,0.7947125746031006,0.7887855666825624,0.9858458048878116,0.936592474596861,0.3504205138523261,1533.3991416309013,1902.6824034334763
1601,637.0,95.01219330881976,0.5628990277424898,0.9593373493975904,31.52309615205767,26.054648194205825,1.1173757670057705,1905.3547880690737,1722.0832025117738,0.8867283812124668,0.8858452687817767,0.9872304601394164,0.43804301665983814,0.8989540119247196,1722.0832025117738,1905.3547880690737
1602,119.0,38.97056274847714,0.7584499977857181,0.9754098360655737,15.276851331160259,9.95640116368714,0.649347651669186,1897.7058823529412,107.88235294117646,0.9846535953374277,0.05549503752118131,0.983267296555928,0.7964784214726222,0.6046669530646438,107.88235294117646,1897.7058823529412
1603,273.0,61.698484809834994,0.7327980913251161,0.9545454545454546,22.647899652187654,15.410676029065714,1.13223559796298,1900.4505494505495,1324.7252747252746,0.90120483595385,0.6814430425541537,0.9846894038603884,0.42463684136538743,0.9053637683026788,1324.7252747252746,1900.4505494505495
1604,469.0,82.5269119345812,0.7598810622926966,0.9852941176470589,30.973389465851735,20.13462748920066,1.3351700045265351,1904.9402985074628,32.31982942430704,0.8653494411544402,0.016625426658594154,0.9870156987085299,0.23345204719109772,0.9723683158465651,32.31982942430704,1904.9402985074628
1605,268.0,61.698484809834994,0.7857034143625542,0.950354609929078,23.631519554501086,14.618537926564073,-0.9020034508300675,1903.5746268656717,126.77985074626865,0.8846992528777721,0.06521597260610527,0.9863080968215916,0.6200393648598472,-0.7845707017370692,126.77985074626865,1903.5746268656717
1606,583.0,110.42640687119284,0.9297049023866271,0.9541734860883797,46.52356138194954,17.13487426154356,-1.5429523884521466,1903.1012006861063,625.2898799313894,0.6008036144370836,0.3216511728042126,0.9860627982829566,0.02784034065137778,-0.9996123825925803,625.2898799313894,1903.1012006861063
1607,327.0,67.11269837220809,0.7769911241787587,0.9703264094955489,25.73487137864752,16.200398798504207,1.1544967641193038,1902.394495412844,1122.5412844036698,0.912322142133098,0.5774389323064145,0.9856966297475875,0.4043788405985607,0.9145915773044074,1122.5412844036698,1902.394495412844
1608,436.0,88.66904755831213,0.9003744863629007,0.9217758985200846,36.355476625214344,15.81884333628226,-0.886870424521697,1905.7224770642201,1834.3440366972477,0.6968707984299409,0.9435926114697776,0.9874209725721348,0.6318408449853139,-0.7750981528866163,1834.3440366972477,1905.7224770642201
1609,325.0,77.11269837220809,0.7519485973637292,0.8977900552486188,25.670357116495065,16.922457571089925,1.2562704034375825,1905.1076923076923,152.1846153846154,0.686817613338988,0.07828426717315606,0.987102431247509,0.3093656860738755,0.9509431488159743,152.1846153846154,1905.1076923076923
1610,388.0,72.76955262170047,0.6270406415651908,0.9580246913580247,25.253727232880372,19.67231366934002,1.323306205674251,1905.2654639175257,1222.881443298969,0.920750958730385,0.6290542403801281,0.9871841781956092,0.24497132972534538,0.9695303232042802,1222.881443298969,1905.2654639175257
1611,228.0,60.8700576850888,0.8795704745027736,0.9539748953974896,25.10320099919885,11.943315312965682,-1.2639938485412865,1903.671052631579,695.1842105263158,0.7732809019888537,0.3576050465670349,0.986358058358331,0.3020119748522646,-0.9533041314532499,695.1842105263158,1903.671052631579
1612,387.0,75.62741699796953,0.503289541470383,0.9579207920792079,24.26459691611034,20.967471020024878,0.8407815944081305,1909.015503875969,1860.2403100775193,0.8502806459479743,0.9569137397518104,0.9891272040808129,0.6668806131288313,0.7451645776826178,1860.2403100775193,1909.015503875969
1613,252.0,69.35533905932738,0.9321530439678102,0.9264705882352942,30.302332123945412,10.971398748593884,1.050656575438304,1908.642857142857,1315.361111111111,0.658340550606889,0.6766260859625057,0.9889341228719467,0.4970014118988348,0.8677497315301024,1315.361111111111,1908.642857142857
1614,113.0,40.14213562373095,0.820675512853883,0.9416666666666667,16.02750147690244,9.158026584945146,-1.509808208368786,1905.3893805309735,668.0530973451328,0.8812261165765279,0.3436487126260971,0.9872483836948049,0.06095031739163457,-0.9981408010946446,668.0530973451328,1905.3893805309735
1615,399.0,75.698484809835,0.727529139301279,0.9684466019417476,27.69127257623206,18.998339192068276,1.5366046643263362,1910.2932330827068,1655.591478696742,0.8750006715117967,0.8516417071485298,0.9897892399392263,0.0341850007847375,0.9994155220534388,1655.591478696742,1910.2932330827068
1616,379.0,77.35533905932738,0.8397775403187149,0.9668367346938775,30.381537373987737,16.495067612494562,-1.3280253036283134,1911.1345646437994,952.9023746701847,0.7959182920452793,0.49017611865750244,0.9902251630278753,0.24039331040595505,-0.9706755669697605,952.9023746701847,1911.1345646437994
1617,117.0,40.72792206135785,0.7647301709394959,0.9285714285714286,15.372383310162443,9.905205243552704,1.5431850030028909,1909.2222222222222,1291.2735042735044,0.8863621859503414,0.6642353417044775,0.9892343120322394,0.027607815514965668,0.9996188316165775,1291.2735042735044,1909.2222222222222
1618,37.0,21.899494936611664,0.8020220161426098,0.9487179487179487,9.073819900032891,5.419742461205992,1.3276220538929557,1911.162162162162,13.72972972972973,0.9694901259935806,0.007062618173729285,0.9902394622601876,0.24078471551562566,0.9705785495126396,13.72972972972973,1911.162162162162
1619,107.0,45.55634918610404,0.9405809794946044,0.9067796610169492,20.61891116753504,7.001552617422655,1.4220891156954598,1915.3738317757009,1761.411214953271,0.6478818527176151,0.9060757278566208,0.9924216744951818,0.14815973567671625,0.9889634435732221,1761.411214953271,1915.3738317757009
