cell_id,area,perimeter,eccentricity,solidity,major_axis_length,minor_axis_length,orientation,centroid_y,centroid_x,roundness,pos_x_norm,pos_y_norm,axis_vec_x,axis_vec_y,x,y
1,117.0,40.384776310850235,0.795969937019202,0.9435483870967742,15.804057131678118,9.566767161975264,0.7203348142645228,5.641025641025641,399.56410256410254,0.9014888558893361,0.20574876548100027,0.0029349769204087624,0.7515849156121028,0.659636350290331,399.56410256410254,5.641025641025641
2,722.0,115.84062043356595,0.8751105668733419,0.9232736572890026,45.629914726888906,22.081366441573586,1.3320376650044388,9.056786703601109,453.1786703601108,0.6761223803594704,0.23335667886720432,0.004712167899896518,0.23649668465382712,0.9716322957517151,453.1786703601108,9.056786703601109
3,157.0,70.14213562373095,0.9858473414097876,0.8532608695652174,35.568445422306475,5.9628904286102005,1.5418229446132958,2.159235668789809,525.7452229299363,0.4010066243611181,0.2707235957414708,0.001123431669505624,0.028969328700929716,0.9995803009236514,525.7452229299363,2.159235668789809
4,394.0,89.35533905932738,0.7696895934179295,0.8565217391304348,30.79641436273862,19.660994600255563,0.7930787660199259,9.687817258883248,1224.3832487309644,0.6201047694372313,0.6304754112929786,0.005040487647702002,0.7016549717880864,0.7125168773896233,1224.3832487309644,9.687817258883248
5,446.0,102.2842712474619,0.9611154914972331,0.9429175475687104,46.58518172467918,12.864345221366683,1.5008539928238334,5.004484304932736,1301.6547085201794,0.5357066187776153,0.6702650404326361,0.0026037899609431506,0.06988532241642521,0.9975550319209223,1301.6547085201794,5.004484304932736
6,324.0,70.2842712474619,0.855473403853814,0.9614243323442137,28.507675931366535,14.762607298444658,-1.313845758393875,6.611111111111111,1616.2283950617284,0.8242113331993618,0.8322494310307561,0.003439704012024511,0.25413242102382444,-0.9671694332352371,1616.2283950617284,6.611111111111111
7,186.0,49.21320343559643,0.5042422609463506,0.9587628865979382,16.608907299220142,14.342825190515798,-0.7282243922670262,7.623655913978495,1648.9139784946237,0.96507160402598,0.8490803184833284,0.00396652232777237,0.7463573259172487,-0.6655454470204524,1648.9139784946237,7.623655913978495
8,38.0,27.9350288425444,0.7341801523863347,0.6785714285714286,9.689796480187836,6.578932999202567,0.644744669475726,7.105263157894737,575.3157894736842,0.6119207954155041,0.2962491191934522,0.0036968070540555342,0.799253245205656,0.600994384356649,575.3157894736842,7.105263157894737
9,863.0,110.3259018078045,0.5000677938524284,0.9653243847874721,35.844269758277115,31.040645090591177,-1.3069959828148958,26.904982618771726,1623.3001158748552,0.8909753473650707,0.8358908938593488,0.013998430082607557,0.2607513009321376,-0.965406007367987,1623.3001158748552,26.904982618771726
10,634.0,91.49747468305833,0.3632477655635289,0.9753846153846154,29.50439311389619,27.48902409706472,0.028101042633305772,27.13564668769716,1541.9321766561513,0.9516580078240877,0.7939918520371531,0.014118442605461582,0.9996051916831306,0.028097344360843823,1541.9321766561513,27.13564668769716
11,672.0,94.66904755831214,0.4974100750695424,0.9696969696969697,31.423747678488194,27.260589528093597,1.0369692555355667,28.21279761904762,504.44940476190476,0.9422434376717923,0.25975767495463686,0.014678874931866608,0.5088316551502069,0.8608660445836512,504.44940476190476,28.21279761904762
12,168.0,47.55634918610404,0.7129186359085498,0.9545454545454546,17.554983563442264,12.310375347767362,0.927753851587513,20.357142857142858,528.1964285714286,0.9334737962522462,0.2719858025599529,0.010591645607254348,0.5996330300407134,0.8002750960039884,528.1964285714286,20.357142857142858
13,314.0,64.52691193458118,0.33770952605212845,0.9602446483180428,20.63363358731914,19.4214154347155,0.4334130384152727,24.328025477707005,1248.5127388535032,0.947671345044996,0.642900483446706,0.01265766153886941,0.9075376621851416,0.4199707034014727,1248.5127388535032,24.328025477707005
14,435.0,83.74011537017762,0.8647922242964923,0.9275053304904051,33.87500300218503,17.00965093638216,0.6784576291199239,31.7816091954023,405.09655172413795,0.7795285239269841,0.20859760644909267,0.016535696771801407,0.7785416255294748,0.6275929710552238,405.09655172413795,31.7816091954023
15,512.0,86.42640687119285,0.7287495299093405,0.9516728624535316,31.196479149794005,21.36273579503935,0.19372082709633529,39.392578125,1388.908203125,0.8613643818276148,0.715194749291967,0.02049561817117586,0.9812947277472849,0.19251144718011468,1388.908203125,39.392578125
16,977.0,126.91168824543142,0.7037770297597007,0.924314096499527,42.33626431265726,30.076568104838458,1.1229265745941204,42.44114636642784,380.5066530194473,0.7622565853060698,0.1959354546959049,0.02208176189720491,0.43304637317710537,0.9013716429299045,380.5066530194473,42.44114636642784
17,356.0,76.76955262170047,0.8899328567156944,0.9442970822281167,31.738595367475572,14.475705453688457,1.1313010165516044,34.907303370786515,649.7556179775281,0.7590700261348695,0.3345806477742163,0.018161968455143868,0.4254827919427003,0.9049665152703965,649.7556179775281,34.907303370786515
18,230.0,55.698484809834994,0.6167510832326321,0.9623430962343096,19.50422571485287,15.352912067184878,-0.3671268044051175,44.04782608695652,1433.2608695652175,0.9316460306825567,0.7380334034836341,0.022917703479165722,0.9333624877462982,-0.35893518421581566,1433.2608695652175,44.04782608695652
19,158.0,49.21320343559643,0.7965827097895133,0.9186046511627907,18.84994048005396,11.395346186245664,0.1417320100759921,46.25949367088607,523.4303797468355,0.8197920077209939,0.26953160646078034,0.02406841502127267,0.9899728209991124,0.14125796856481862,523.4303797468355,46.25949367088607
20,228.0,60.76955262170047,0.8907770637952453,0.95,25.602185577237798,11.634671552160983,0.7197022376113148,45.64473684210526,538.7631578947369,0.7758408324495264,0.2774269608108841,0.02374856235281231,0.7520020357645173,0.6591607832737182,538.7631578947369,45.64473684210526
21,90.0,40.04163056034262,0.9430106727176366,0.9473684210526315,18.64741559948276,6.205160345789391,-0.8701537320911913,42.22222222222222,691.2111111111111,0.7053892954058975,0.35592745165350725,0.021967857555786795,0.644709037734845,-0.7644280585267722,691.2111111111111,42.22222222222222
22,411.0,77.698484809835,0.824265455914521,0.9647887323943662,30.430385773615296,17.229792403268732,1.4943840871474618,48.12165450121655,607.2579075425791,0.8555129470487556,0.3126971717521005,0.02503728121811475,0.07633790166887361,0.9970820050370949,607.2579075425791,48.12165450121655
23,444.0,80.66904755831214,0.7381718910775351,0.9652173913043478,29.201495217440524,19.699698758319865,1.144068005954678,53.0945945945946,470.1621621621622,0.8573911085872165,0.24210204024828125,0.027624658998228198,0.41389473236784724,0.9103247500305306,470.1621621621622,53.0945945945946
24,417.0,76.18376618407356,0.6835449421489562,0.9608294930875576,26.988994549217576,19.69949456248174,0.5576598882547091,55.00479616306954,1356.5707434052758,0.9028613087221862,0.6985431222478249,0.028618520376206838,0.8484958251040722,0.5292020736740927,1356.5707434052758,55.00479616306954
25,667.0,102.42640687119285,0.7355167638823961,0.9460992907801419,36.21040596445838,24.53278627721904,-0.4958524829208146,60.76311844077961,1664.616191904048,0.7989356896220347,0.8571659072626406,0.03161452572361062,0.87956343376715,-0.47578163686689345,1664.616191904048,60.76311844077961
26,126.0,40.384776310850235,0.7135467881786582,0.9545454545454546,15.127429445170023,10.59839173440743,0.6408404321950154,51.29365079365079,423.41269841269843,0.9708341524962082,0.21802919588707437,0.02668764349305452,0.8015935723971022,0.5978693374740435,423.41269841269843,51.29365079365079
27,305.0,66.52691193458118,0.7236796590149871,0.9561128526645768,24.084633236020004,16.62167336135899,0.5909141753245187,58.31803278688525,440.472131147541,0.8659941812893851,0.22681366176495418,0.03034236877569472,0.8304317204369314,0.5571204157919168,440.472131147541,58.31803278688525
28,552.0,105.01219330881976,0.8501896491680861,0.8338368580060423,39.11182591255264,20.591459272698536,-0.9573797325364389,64.4963768115942,356.22463768115944,0.629027283590049,0.1834318422663025,0.03355690781040281,0.5756645157929715,-0.8176859820596435,356.22463768115944,64.4963768115942
29,642.0,127.88225099390857,0.9570773418239766,0.8582887700534759,56.44663540363952,16.36007760722589,1.1311698381671715,71.03894080996885,1301.4470404984424,0.49331503036170543,0.6701581053030085,0.03696094735170075,0.4256015003269941,0.9049106933390784,1301.4470404984424,71.03894080996885
30,131.0,42.97056274847714,0.7962759638397263,0.9424460431654677,16.885614441954438,10.21467454169598,-0.036292338721740564,65.10687022900764,1433.1908396946565,0.8915363951832277,0.7379973427881856,0.03387454226275111,0.9993415053569454,-0.03628437226843256,1433.1908396946565,65.10687022900764
31,355.0,77.698484809835,0.8724145552379162,0.931758530183727,30.94640996104663,15.1255733052686,1.2221916010224454,67.69577464788732,688.0647887323944,0.7389467060883411,0.35430730624737095,0.035221526871949696,0.3415867915694371,0.9398502347849352,688.0647887323944,67.69577464788732
32,214.0,58.59188309203678,0.7845113413456697,0.8991596638655462,21.6225058025054,13.408428715273363,-1.357939590572424,69.3177570093458,330.49532710280374,0.7833371529548045,0.1701829696718866,0.03606543028581988,0.2112530217726638,-0.9774314097633238,330.49532710280374,69.3177570093458
33,567.0,98.66904755831214,0.8021369308481783,0.9279869067103109,36.30293418761475,21.677939123265535,-1.146963802089328,73.331569664903,382.88712522045853,0.73186512215503,0.19716123852752757,0.038153782343862123,0.41125688577576386,-0.9115194862985763,382.88712522045853,73.331569664903
34,634.0,103.49747468305833,0.8410504020596528,0.9309838472834068,39.08899981192604,21.14545887074992,0.07336945264761521,82.55047318611987,1445.9542586750788,0.7437716412891501,0.7445696491632744,0.04295029822378765,0.9973096688888605,0.07330364479881918,1445.9542586750788,82.55047318611987
35,301.0,62.04163056034261,0.4652327743731669,0.9741100323624595,20.848525901162052,18.45487283912726,0.6713326782842315,72.2624584717608,1271.0,0.9826751032158889,0.6544799176107106,0.03759753302380894,0.7829933955402341,0.6220300173949602,1271.0,72.2624584717608
36,329.0,67.2842712474619,0.7167975572562232,0.9648093841642229,24.61461037675797,17.163308415289467,0.9750993702983954,73.26747720364742,416.4437689969605,0.9132268169278569,0.21444066374714754,0.03812043558982696,0.5610858017952525,0.827757647517544,416.4437689969605,73.26747720364742
37,683.0,103.9827560572969,0.8448007619977554,0.9565826330532213,40.572250820813274,21.709440388551922,-0.8974938536449296,78.35724743777452,1706.9970717423132,0.7937941962861186,0.878989223348256,0.040768599083129305,0.6235711460016005,-0.7817666057553563,1706.9970717423132,78.35724743777452
38,447.0,79.35533905932738,0.6751373331104797,0.9571734475374732,27.922855301151106,20.598468762754127,1.440855097139683,80.03355704697987,440.28859060402687,0.892000471603991,0.22671915067148654,0.04164076849478661,0.12957586796148265,0.9915695106456371,440.28859060402687,80.03355704697987
39,732.0,113.25483399593904,0.885316826758127,0.9494163424124513,45.46148739446659,21.139059598336207,1.4100686288637871,81.08333333333333,1360.386612021858,0.7171457836626625,0.7005080391461678,0.04218695802983004,0.1600365676194683,0.9871110864662495,1360.386612021858,81.08333333333333
40,365.0,70.52691193458118,0.5764596149506346,0.9530026109660574,23.92541143019443,19.550067138661475,1.4663035149637174,80.36164383561643,1241.695890410959,0.92213178431652,0.6393902628274764,0.041811469217282224,0.104302760508412,0.9945455917907056,1241.695890410959,80.36164383561643
41,146.0,43.21320343559643,0.6840386713811819,0.954248366013072,16.00790022199374,11.676894716007341,0.9905989933925606,77.78082191780823,286.5821917808219,0.9824937480221231,0.14757064458332744,0.04046868986358389,0.5481889881412818,0.8363544902017551,286.5821917808219,77.78082191780823
42,244.0,61.4558441227157,0.7013005294482823,0.9420849420849421,21.34856280406431,15.21865908309459,0.2781954649893062,81.80327868852459,1740.4303278688524,0.8118453617681849,0.8962051121878746,0.04256153938008563,0.9615525667189726,0.27462094136492154,1740.4303278688524,81.80327868852459
43,271.0,62.2842712474619,0.7280832573141717,0.9409722222222222,22.482963157572424,15.411817393516392,0.2974115175388611,91.08856088560886,217.9741697416974,0.8778541773960287,0.11224210594320155,0.04739259151176319,0.9560982366524523,0.2930463476484075,217.9741697416974,91.08856088560886
44,173.0,56.384776310850235,0.9255342636630917,0.9105263157894737,24.44669731033449,9.257081023297486,1.494340903192157,86.02890173410404,415.08670520231215,0.6838049549974081,0.21374186673651502,0.04476009455468472,0.07638095954242144,0.9970787075348561,415.08670520231215,86.02890173410404
45,385.0,76.2842712474619,0.7777139177928903,0.9322033898305084,28.44020613204441,17.878036178854483,-1.4523780776251467,89.87792207792208,1270.787012987013,0.831381947535795,0.6543702435566493,0.04676270659621336,0.1181416823036172,-0.9929967486867574,1270.787012987013,89.87792207792208
46,335.0,66.76955262170047,0.5215223132603304,0.9682080924855492,22.428985844790272,19.137255034693542,1.2874604083466707,91.84477611940298,673.710447761194,0.9442733620418516,0.346915781545414,0.04778604376659885,0.2795601074942652,0.9601281926377305,673.710447761194,91.84477611940298
47,66.0,29.31370849898476,0.7467888087045511,0.9295774647887324,11.339846269325657,7.541692410920456,-0.5392565505187276,88.53030303030303,1754.9242424242425,0.9651887914802673,0.9036685079424523,0.04606155204490272,0.8580906784297809,-0.5134981865517328,1754.9242424242425,88.53030303030303
48,77.0,30.727922061357855,0.6120391926398473,0.9506172839506173,11.17355088516927,8.836350549088856,-0.6623490313569736,89.28571428571429,399.961038961039,1.0247884074778726,0.20595316115398507,0.0464545859967296,0.7885498225439604,-0.6149708752175899,399.961038961039,89.28571428571429
49,347.0,73.01219330881976,0.7799100458683256,0.9278074866310161,26.829081600833504,16.792097354133144,-0.0645624855864786,102.31700288184437,1172.0576368876082,0.8179910442904472,0.6035312239380063,0.05323465290418542,0.9979165665787895,-0.06451764214228832,1172.0576368876082,102.31700288184437
50,514.0,91.01219330881975,0.8455992615924713,0.957169459962756,35.45630326184352,18.927220588423037,-0.11447448333383561,104.1964980544747,1647.0389105058366,0.7797831057906885,0.8481147839885873,0.054212538009612225,0.9934549484367721,-0.11422462705778666,1647.0389105058366,104.1964980544747
51,515.0,92.08326112068522,0.7959458444579225,0.9098939929328622,33.6035836953115,20.342528627650925,1.125319613431561,102.82912621359223,1248.8349514563106,0.7632304878338357,0.6430664013678221,0.05350110625056828,0.43088811793870724,0.9024053578183359,1248.8349514563106,102.82912621359223
52,374.0,71.35533905932736,0.6920280160413056,0.9664082687338501,25.69892611943695,18.551300318486277,0.5493880221747192,103.66042780748663,361.1524064171123,0.9230569954694208,0.1859693132940846,0.05393362529005548,0.8528442353908046,0.52216540498263,361.1524064171123,103.66042780748663
53,315.0,70.2842712474619,0.7995212659821769,0.9292035398230089,26.279259796075568,15.784316318187448,-0.32288661439841887,104.70793650793651,1487.4539682539682,0.801316573943824,0.7659392215519919,0.054478635019738035,0.9483234322107675,-0.3173053228674076,1487.4539682539682,104.70793650793651
54,525.0,85.25483399593904,0.6107155549456126,0.963302752293578,29.116567252992812,23.05595540540264,-1.0351352159438731,108.25333333333333,1710.0666666666666,0.9076766037613156,0.8805698592516306,0.05632327436697884,0.5104096608953905,-0.859931379858098,1710.0666666666666,108.25333333333333
55,197.0,52.62741699796952,0.8173532047415049,0.9609756097560975,20.893978400587127,12.037792146692441,-0.396818332524717,105.73096446700508,1615.1319796954315,0.8938239352917691,0.8316848505125806,0.05501090763111607,0.9222953296365503,-0.38648586640471994,1615.1319796954315,105.73096446700508
56,186.0,49.62741699796952,0.5071611385458578,0.9393939393939394,16.627924598041368,14.330797623094803,1.0509286589826858,104.94623655913979,310.5430107526882,0.9490289590957993,0.1599088623855243,0.054602620478220495,0.49676529308278494,0.8678849253146265,310.5430107526882,104.94623655913979
57,325.0,77.35533905932738,0.8429572552847047,0.8977900552486188,28.76776732200642,15.476499114637036,0.8433592746778854,109.17538461538462,1217.2030769230769,0.6825156857908068,0.6267781034619345,0.05680300968542384,0.6649576037049111,0.7468811051800832,1217.2030769230769,109.17538461538462
58,620.0,91.25483399593904,0.6096163374245344,0.9702660406885759,31.563947092284884,25.020633970553725,0.5493777692126599,114.85645161290323,1583.2709677419355,0.9355990986113015,0.8152785621740142,0.05975881977778524,0.8528495890880635,0.5221566607755964,1583.2709677419355,114.85645161290323
59,614.0,105.39696961966997,0.8316158886324837,0.8885672937771346,38.829544532404945,21.56403619429472,0.6476416703376284,114.93973941368078,729.6416938110749,0.694579540770642,0.37571662915091397,0.059802153701186675,0.7975088124819062,0.6033072965029511,729.6416938110749,114.93973941368078
60,157.0,46.04163056034261,0.6604013177863574,0.9401197604790419,16.449466747827692,12.352115859886789,-0.9414604276022885,110.84713375796179,324.0828025477707,0.9306965948731044,0.16688094878875936,0.05767280632568251,0.5886080163458313,-0.8084185816106811,324.0828025477707,110.84713375796179
61,193.0,55.4558441227157,0.8274162510316527,0.919047619047619,21.428490393576926,12.034007212371892,1.320750125153162,111.74093264248705,1449.082901554404,0.7886286172443392,0.7461806908107127,0.05813784216570606,0.24744872433503395,0.9689009902074435,1449.082901554404,111.74093264248705
62,482.0,86.66904755831213,0.841049602357009,0.9506903353057199,33.78170806984559,18.274485502920758,0.9919980967720041,120.81327800829875,344.89834024896265,0.806359773813068,0.17759955728576862,0.06285810510317313,0.5470183055921694,0.8371206444396602,344.89834024896265,120.81327800829875
63,578.0,93.74011537017762,0.784945326157332,0.9475409836065574,34.68797337842542,21.491455506046506,-0.6606332580883965,125.40657439446366,1157.9757785467127,0.8265835062423441,0.5962800095503155,0.06524795754134426,0.7896038119179899,-0.6136169979755935,1157.9757785467127,125.40657439446366
64,251.0,64.04163056034261,0.7488525689008417,0.9127272727272727,22.311061999563,14.78635786131878,-0.5463766009717561,119.92828685258964,1179.5498007968129,0.7690575208789072,0.6073891868160726,0.062397651848381704,0.8544128259128583,-0.519594767983285,1179.5498007968129,119.92828685258964
65,314.0,74.08326112068522,0.5054281376738223,0.8820224719101124,22.729686984876505,19.612735515469318,0.5729845892206342,123.19745222929936,1627.6624203821657,0.7189510609070451,0.8381371886622893,0.0640985703586365,0.8402866478290943,0.5421423701207494,1627.6624203821657,123.19745222929936
66,146.0,44.38477631085023,0.7003099655977253,0.9358974358974359,16.157400681085782,11.533780867971082,1.271359219336056,117.77397260273973,299.13013698630135,0.9313108204743966,0.1540319963884147,0.06127678075064502,0.2949824080882172,0.955502683888683,299.13013698630135,117.77397260273973
67,646.0,93.25483399593904,0.6372164732130617,0.9728915662650602,32.6968948728905,25.199002119766632,1.0093819027894588,125.37461300309597,396.1130030959752,0.9334685174914719,0.20397168027599136,0.06523132830546097,0.5323840441448443,0.8465029412470937,396.1130030959752,125.37461300309597
68,562.0,86.76955262170047,0.6574071964011039,0.972318339100346,30.845808993737844,23.243412683451606,1.4595771034368659,122.73131672597864,626.3523131672598,0.938018627996776,0.322529512444521,0.06385604408219492,0.11099007343540347,0.9938215149607115,626.3523131672598,122.73131672597864
69,108.0,39.79898987322333,0.7992146095162516,0.9152542372881356,15.270513410953747,9.17827736817148,0.8919656253137218,119.49074074074075,425.8240740740741,0.8568198524102392,0.21927089293206697,0.06217000038540101,0.627883379735923,0.7783074337634164,425.8240740740741,119.49074074074075
70,719.0,99.49747468305833,0.6111289823486051,0.9651006711409396,34.09915623968405,26.990540163182263,0.32152187619407085,130.22253129346313,1305.219749652295,0.9126718131599435,0.6721007979671961,0.06775365832126073,0.94875558764193,0.31601081455895796,1305.219749652295,130.22253129346313
71,570.0,87.59797974644665,0.5861833624666556,0.9726962457337884,30.02930855885537,24.329097638360473,0.6362403543333142,128.040350877193,1334.8473684210526,0.9334617767167921,0.6873570383218602,0.06661828869781113,0.8043353270689446,0.5941756319716367,1334.8473684210526,128.040350877193
72,159.0,44.62741699796952,0.48812683693009706,0.9636363636363636,15.276503104391566,13.33291490651622,-1.5085821241919681,122.04402515723271,1457.3270440251572,1.0032368744853684,0.7504258723095557,0.06349845221500142,0.0621740759147082,-0.9980653206499823,1457.3270440251572,122.04402515723271
73,698.0,107.25483399593904,0.638860740550241,0.9148099606815203,35.43383826311867,27.260045471728525,-0.09790167731289712,131.24212034383953,1251.785100286533,0.7624854075679037,0.6445855305285958,0.06828414169814752,0.9952114573673625,-0.09774535858408039,1251.785100286533,131.24212034383953
74,459.0,80.08326112068524,0.7583314414514688,0.9704016913319239,30.190248618819925,19.68009254334967,-0.9858264672158222,127.84095860566448,1554.4901960784314,0.8993713516425192,0.8004583913895115,0.06651454662105333,0.5521742536462106,-0.8337287290301626,1554.4901960784314,127.84095860566448
75,312.0,70.18376618407356,0.7905589108995073,0.9341317365269461,25.892887169816287,15.856441505155862,1.2401610541554844,126.49038461538461,319.3076923076923,0.795959772144864,0.16442208666719482,0.06581185463859761,0.32464395778377814,0.9458362969745264,319.3076923076923,126.49038461538461
76,152.0,48.384776310850235,0.838638291309878,0.9382716049382716,19.151499519730095,10.43160601709614,0.4075876824874856,128.93421052631578,1233.1842105263158,0.8158982033390791,0.6350073174697816,0.06708335615312996,0.9180797256583425,0.3963957836999563,1233.1842105263158,128.93421052631578
77,636.0,108.3259018078045,0.8802634534568163,0.8736263736263736,42.76577123723932,20.291727658779234,1.048156131734089,134.0487421383648,1716.3411949685535,0.6810866272922348,0.8838008213020357,0.0697444027775051,0.49916961531095005,0.8665042960945538,1716.3411949685535,134.0487421383648
78,252.0,59.698484809834994,0.7270271031378698,0.9438202247191011,21.84165296295894,14.996670288966538,0.8025070805291161,130.9920634920635,702.2896825396825,0.8885539210180258,0.3616321743252742,0.06815403927786862,0.6949060521858458,0.7191005344424954,702.2896825396825,130.9920634920635
79,288.0,64.11269837220809,0.6520471200707216,0.9381107491856677,22.1050429289413,16.759567056225865,-0.6027940458614613,132.45486111111111,776.8125,0.880469345464924,0.40000643666323377,0.06891512024511505,0.8237547584278814,-0.5669462919602022,776.8125,132.45486111111111
80,120.0,38.970562748477136,0.4336571990885558,0.9375,13.05797781539931,11.766255603550988,0.5175297876714637,131.81666666666666,762.2,0.9929279952982467,0.39248197734294543,0.06858307318765175,0.8690439301788829,0.494734926419432,762.2,131.81666666666666
81,585.0,99.9827560572969,0.864947479784719,0.9435483870967742,39.612222548502714,19.879884630791327,1.003881034065145,140.24615384615385,1214.553846153846,0.7353862782499746,0.6254139269587261,0.0729688625630353,0.5370324673832007,0.8435615739092859,1214.553846153846,140.24615384615385
82,327.0,67.01219330881975,0.535141169944045,0.9533527696793003,22.32693459212399,18.860960345146655,-0.3465122467730828,140.4678899082569,1497.7645259938838,0.9150608006037992,0.771248468585934,0.07308422992104938,0.9405629398996528,-0.339619428312519,1497.7645259938838,140.4678899082569
83,372.0,71.84062043356595,0.5448207513617558,0.9562982005141388,23.964037780498007,20.095104557237295,0.47409125045564127,142.7016129032258,383.5295698924731,0.9057589940395324,0.19749205452753507,0.07424641670303112,0.8897079604710746,0.45653011409369343,383.5295698924731,142.7016129032258
84,217.0,61.45584412271571,0.8958390995623744,0.9353448275862069,25.403496374649404,11.288769226757001,-0.3794838495534193,140.36866359447004,1173.6359447004609,0.7220100143594101,0.6043439468076524,0.07303260332698754,0.9288559626305769,-0.3704410893591913,1173.6359447004609,140.36866359447004
85,558.0,88.42640687119285,0.6170000739132964,0.9653979238754326,30.134664236619802,23.71486855591782,-1.2896043128512258,142.1469534050179,676.0519713261649,0.8967680081085173,0.34812150943674813,0.07395783215661701,0.2775010434394601,-0.9607253358218523,676.0519713261649,142.1469534050179
86,1062.0,131.53910524340094,0.6151571308805961,0.932396839332748,42.03869984465494,33.143501430220624,-0.04699125701582401,153.17514124293785,332.66572504708097,0.7713022779919481,0.17130057932393458,0.0796957030400301,0.9988961140358793,-0.04697396474665152,332.66572504708097,153.17514124293785
87,52.0,25.556349186104043,0.3375085820036285,0.9629629629629629,8.557090054706386,8.054980985165932,0.809527142437813,136.65384615384616,438.3076923076923,1.000496516347783,0.2256991206527767,0.07109981589690227,0.6898408405226307,0.7239610588609241,438.3076923076923,136.65384615384616
88,105.0,39.72792206135785,0.865266179075531,0.9130434782608695,16.4706220662225,8.256932284276607,-1.378420166504878,139.13333333333333,427.15238095238095,0.836002281538363,0.21995488205580893,0.07238987166146375,0.19119175908741956,-0.9815527042686287,427.15238095238095,139.13333333333333
89,384.0,74.66904755831214,0.6797311374561218,0.9624060150375939,26.113795744869428,19.15346039385908,-0.669944327728042,148.3828125,1134.6432291666667,0.8654856368718193,0.5842653085307243,0.07720229578563996,0.7838562363668946,-0.6209423489412902,1134.6432291666667,148.3828125
90,209.0,52.8700576850888,0.35855671536086686,0.9414414414414415,16.992137314243887,15.862295171648459,1.4828165828102138,146.77511961722487,1156.3923444976076,0.9395860963622024,0.5954646470121563,0.07636582706411284,0.08786628765022939,0.9961322781109782,1156.3923444976076,146.77511961722487
91,68.0,29.313708498984756,0.7905915204032481,0.9577464788732394,11.880438849105829,7.2749142197627386,-1.4236779067640428,141.98529411764707,1597.6323529411766,0.9944369366766392,0.8226737141818623,0.07387372222562283,0.14658829305486437,-0.9891975901402414,1597.6323529411766,141.98529411764707
92,402.0,76.18376618407356,0.5553207041821956,0.9594272076372315,25.293694072100006,21.035153847748973,0.17411286517437916,151.76865671641792,1713.5348258706467,0.8703842832285824,0.8823557290786028,0.07896392128845886,0.9848806087830524,0.17323448398954536,1713.5348258706467,151.76865671641792
93,356.0,69.35533905932738,0.6852968257280152,0.9621621621621622,25.01149975176087,18.214971540180347,1.1239663921670855,151.68539325842696,300.15449438202245,0.9300366508573511,0.15455947187539776,0.07892060003039904,0.4321088771626069,0.9018214447867555,300.15449438202245,151.68539325842696
94,451.0,80.2842712474619,0.6089004731319742,0.9555084745762712,27.261431585253455,21.62503869640282,-0.612093175966288,156.18625277161863,245.0177383592018,0.8792765012743675,0.12616773344964047,0.08126235836192436,0.8184471107253913,-0.5745818714032483,245.0177383592018,156.18625277161863
95,98.0,36.970562748477136,0.8419458417610552,0.9607843137254902,15.308872003623867,8.260086272671234,0.4317028333282244,155.19387755102042,598.1734693877551,0.9009979798050611,0.3080192942264444,0.08074603410562978,0.9082545706849868,0.4184180144661918,598.1734693877551,155.19387755102042
96,577.0,91.98275605729691,0.8293298289152812,0.9796264855687606,36.450292094719444,20.366942289842722,0.7593972166394269,164.98093587521663,1481.3535528596187,0.8569842512436071,0.7627979159936245,0.08583815602248523,0.7252511494158382,0.6884844008915565,1481.3535528596187,164.98093587521663
97,401.0,74.42640687119285,0.6075054132574623,0.9593301435406698,25.55350369063594,20.29754501499778,-1.0856370865992293,161.2493765586035,1208.4663341645885,0.9097040559695415,0.6222792657902103,0.08389665793891962,0.46634922934915013,-0.8846006987819158,1208.4663341645885,161.2493765586035
98,165.0,46.8700576850888,0.722498193282232,0.9482758620689655,17.445073866189357,12.061049718034552,-1.0088650617527843,157.5030303030303,1258.3454545454545,0.9438496784082132,0.6479636738133133,0.08194746633872545,0.5328214804766171,-0.8462276702771576,1258.3454545454545,157.5030303030303
99,374.0,77.94112549695427,0.8746044337495006,0.958974358974359,31.552303145862616,15.297729463534841,-1.4059092254111434,159.94385026737967,683.3716577540107,0.7736563963365507,0.351890657957781,0.08321740388521315,0.1641409646765704,-0.9864368929207001,683.3716577540107,159.94385026737967
100,333.0,67.698484809835,0.6321007134286459,0.9514285714285714,23.55750159922815,18.254383885775056,-0.3516720337244472,162.88288288288288,1577.7597597597598,0.9130534466642073,0.8124406589906076,0.08474655717111493,0.938798063316094,-0.3444679902602725,1577.7597597597598,162.88288288288288
101,392.0,99.01219330881975,0.9308814082690772,0.7327102803738318,42.688819631632946,15.595143935200392,0.3541023624388032,166.90561224489795,1746.4030612244899,0.5024797553042515,0.8992806700435066,0.08683954851451506,0.9379581211893945,0.3467485586053114,1746.4030612244899,166.90561224489795
102,325.0,70.49747468305833,0.6346623177993808,0.9475218658892128,23.53857787867904,18.190367825497,-0.21273836196455756,166.2123076923077,1123.24,0.8217620942607152,0.5783934088568486,0.08647882814376051,0.9774564098348383,-0.21113731757505272,1123.24,166.2123076923077
103,772.0,106.91168824543142,0.6297910988923333,0.965,36.01342449110829,27.973951599059205,0.8233375581366517,171.58549222797927,1730.4274611398964,0.8487441408848383,0.8910543054273411,0.08927444965035342,0.6797771703770745,0.7334187062204902,1730.4274611398964,171.58549222797927
104,451.0,77.59797974644665,0.6236085121417759,0.9698924731182795,27.124296129167195,21.204060442828567,-1.1432358256495538,168.0931263858093,1173.7161862527716,0.9412079280347794,0.6043852658356188,0.08745740186566561,0.4146521432926302,-0.9099799998147367,1173.7161862527716,168.0931263858093
105,343.0,75.25483399593904,0.8671677428869347,0.9371584699453552,29.833340517211365,14.857485986129237,-1.0945570498088855,166.60932944606415,1637.0845481049562,0.7610885351919292,0.8429889537100701,0.08668539513322797,0.4584401757087414,-0.8887252698647307,1637.0845481049562,166.60932944606415
106,307.0,84.32590180780451,0.9621123038948777,0.9109792284866469,38.24805027359026,10.428463627201056,-0.937357637721723,168.46254071661238,1653.2964169381107,0.5425331138451517,0.8513369809156079,0.08764960495141123,0.5919198246380758,-0.8059968493737613,1653.2964169381107,168.46254071661238
107,617.0,98.49747468305831,0.5678756244419629,0.9506933744221879,31.20730953234091,25.68718509693558,-0.8418928101535754,170.3354943273906,1685.709886547812,0.7991804216736472,0.8680277479648877,0.08862408653870478,0.6660521629553804,-0.7459051657030265,1685.709886547812,170.3354943273906
108,408.0,77.35533905932738,0.6416377198549731,0.9488372093023256,26.751876274386923,20.51889900872808,0.9297456926035294,172.1078431372549,666.0416666666666,0.856819691700459,0.3429668726398901,0.08954622431699005,0.5980378208335911,0.8014678813605755,666.0416666666666,172.1078431372549
109,103.0,36.72792206135785,0.2253344741415496,0.944954128440367,11.701900449168615,11.400944723234279,-1.565807338356409,166.95145631067962,1592.1553398058252,0.9595207531956378,0.8198534190555228,0.08686340078599356,0.004988967742521585,-0.9999875550229933,1592.1553398058252,166.95145631067962
110,470.0,87.84062043356595,0.8306705995652374,0.9475806451612904,33.168243338791186,18.46688989055223,0.8266678622264839,179.7148936170213,392.0404255319149,0.7654501856657203,0.20187457545412713,0.0935041069807603,0.6773308978996959,0.7356784995841538,392.0404255319149,179.7148936170213
111,298.0,63.45584412271571,0.5872511186426524,0.9551282051282052,21.693289573716402,17.558652620175785,-1.115686550919263,177.58724832214764,348.5738255033557,0.9299998461461978,0.17949218615002868,0.09239711150996235,0.4395609185486473,-0.8982127804059957,348.5738255033557,177.58724832214764
112,310.0,67.59797974644667,0.6624809846949927,0.9480122324159022,23.371973305148163,17.507448099409434,-0.3054626318974078,181.58064516129033,1111.2290322580645,0.852519113164901,0.5722085644995183,0.0944748413950522,0.9537079252961511,-0.3007344230834093,1111.2290322580645,181.58064516129033
113,649.0,124.78174593052023,0.910841820373767,0.8428571428571429,48.235864068470164,19.909622601804575,0.6637521945074383,193.06009244992296,1242.6902927580893,0.5237842617603115,0.639902313469665,0.10044749867321694,0.7876861420817374,0.6160767335100304,1242.6902927580893,193.06009244992296
114,795.0,124.1543289325507,0.902427595553326,0.8932584269662921,49.16159380040721,21.180856907011623,-1.4286530190882585,182.87672955974844,1584.9220125786164,0.6481167700288423,0.816128739741821,0.09514918291350075,0.14166513008101528,-0.9899146381982282,1584.9220125786164,182.87672955974844
115,435.0,79.25483399593904,0.6953850294116037,0.9497816593886463,27.92628447868619,20.068871462782234,0.5317848848314762,183.66666666666666,1265.655172413793,0.870257149103417,0.6517276891935082,0.09556018036767255,0.8619033778303444,0.5070725463724519,1265.655172413793,183.66666666666666
116,535.0,109.49747468305833,0.6500718498168436,0.8045112781954887,33.50598936994412,25.46028814915125,-0.7365239696431398,190.90280373831774,636.0205607476636,0.5607321269260168,0.3275080127433901,0.09932507998871891,0.7408079378849696,-0.6717169040351888,636.0205607476636,190.90280373831774
117,901.0,119.39696961966999,0.799753449687625,0.9605543710021321,43.98017450229201,26.402556283961086,-0.7762692471792746,190.6426193118757,288.32297447280797,0.7942332171004376,0.14846703113944798,0.0991897082788115,0.7135323461775384,-0.7006222883682602,288.32297447280797,190.6426193118757
118,313.0,71.35533905932738,0.8385507906643086,0.9233038348082596,27.43469523748396,14.947064800557168,1.0525284930158918,183.81469648562302,1406.2811501597444,0.772504918668258,0.7241406540472421,0.0956371990039662,0.4953761861071199,0.868678556335981,1406.2811501597444,183.81469648562302
119,152.0,50.21320343559643,0.5681384522179305,0.8444444444444444,16.125834344877653,13.270481005884738,-0.048630805020765264,182.34868421052633,1613.1644736842106,0.7575609750634795,0.8306717166242074,0.0948744454789419,0.9988177554253576,-0.04861163900806595,1613.1644736842106,182.34868421052633
120,475.0,79.35533905932736,0.5992435589901877,0.9693877551020408,27.489282525870752,22.007006186260522,-1.062228688032969,186.86947368421053,548.7557894736842,0.9478752215031229,0.2825724971543173,0.09722657319677967,0.486926661120407,-0.8734428582856077,548.7557894736842,186.86947368421053
121,1257.0,149.29646455628168,0.5342714224659268,0.8984989278055754,46.2688706805584,39.11167731144599,0.5114267666411498,203.77724741447892,664.2211614956245,0.7086733395335367,0.3420294343437819,0.10602354183895886,0.8720471045645203,0.4894219523280874,664.2211614956245,203.77724741447892
122,238.0,57.45584412271571,0.22676351840671466,0.9558232931726908,18.09007981559936,17.61883048950238,0.21746886792290476,187.38235294117646,1359.3655462184875,0.9059795650294176,0.6999822586089018,0.0974934198445247,0.9764466906348855,0.21575880132263475,1359.3655462184875,187.38235294117646
123,437.0,80.76955262170046,0.6318303562846684,0.95,27.103292052564775,21.00794334054121,-0.4707596370268748,193.64759725400458,311.5606407322654,0.8417748504778634,0.16043287370353523,0.1007531723485976,0.8912240017980578,-0.453563422928983,311.5606407322654,193.64759725400458
124,461.0,80.42640687119285,0.7297503991040765,0.9644351464435147,29.411537117852706,20.10906939089497,-0.35244324519234127,194.57917570498915,1761.0976138828632,0.8955987034964888,0.9068473809901458,0.10123786457075398,0.9385321264949167,-0.3451918995818553,1761.0976138828632,194.57917570498915
125,384.0,77.35533905932738,0.7309298121787285,0.9434889434889435,27.47936419722749,18.753364718935373,-0.2246634749212632,194.43229166666666,329.4505208333333,0.8064185333651379,0.16964496438379675,0.10116144207422822,0.9748691327563181,-0.22277830684100325,329.4505208333333,194.43229166666666
126,297.0,70.52691193458118,0.6740614432875486,0.9,23.925857918786978,17.673439819911856,0.7126407466304969,193.4747474747475,580.7340067340067,0.7503373697041272,0.29903913838002405,0.10066324010132544,0.756637905923713,0.6538341374686537,580.7340067340067,193.4747474747475
127,662.0,97.59797974644665,0.7445572758006106,0.9678362573099415,35.61866057673457,23.77754261805568,1.2358065042409483,193.55589123867068,1675.3232628398791,0.8733457225542213,0.8626793320493713,0.10070545850086925,0.32875955817189934,0.9444136556142216,1675.3232628398791,193.55589123867068
128,603.0,94.32590180780451,0.31992796061731904,0.958664546899841,29.18458043456212,27.65069350807891,1.0475698905626825,195.8407960199005,1544.0945273631842,0.8516580272422756,0.7951053179007127,0.10189427472419381,0.49967750999844185,0.8662115134317697,1544.0945273631842,195.8407960199005
129,398.0,72.76955262170047,0.5752815423341768,0.961352657004831,24.934682665439926,20.395460020178312,0.030460967380438773,196.0502512562814,1723.859296482412,0.9444816535430239,0.8876721403102018,0.10200325247465214,0.9995361006046698,0.030456256959966784,1723.859296482412,196.0502512562814
130,188.0,54.384776310850235,0.8543216263044224,0.9353233830845771,22.081685952887067,11.476839361109562,-1.4982141067363468,191.13297872340425,348.29787234042556,0.7987539523437589,0.17935008874378247,0.09944483804547567,0.07251850749275225,-0.9973670668670706,348.29787234042556,191.13297872340425
131,822.0,127.49747468305833,0.7464752109711894,0.874468085106383,41.76799403095244,27.792975591105193,1.2071090682338546,200.71289537712894,1460.6849148418491,0.635445803304838,0.7521549509999224,0.10442918594023358,0.35572272429517043,0.9345915382775634,1460.6849148418491,200.71289537712894
132,539.0,86.76955262170046,0.33271839452579305,0.9590747330960854,27.172232066362522,25.624127558680115,0.4168986983499283,201.92578849721707,1202.4359925788497,0.8996299652851646,0.6191740435524458,0.10506024375505571,0.9143491353770355,0.40492673242855615,1202.4359925788497,201.92578849721707
133,97.0,43.21320343559643,0.8770848394884807,0.8083333333333333,17.13933463347623,8.232630724171086,0.4919144511404169,195.8041237113402,1435.1237113402062,0.6527526956037394,0.7389926422967076,0.10187519443878262,0.8814302519633682,0.47231420783604766,1435.1237113402062,195.8041237113402
134,302.0,73.94112549695429,0.7604759555424799,0.8988095238095238,26.063350264817196,16.924655897912338,-0.22466092841526433,203.42384105960264,1483.7218543046358,0.6941361987273682,0.7640174327006364,0.10583966756482968,0.9748697000594521,-0.22277582433018622,1483.7218543046358,203.42384105960264
135,310.0,70.04163056034263,0.8344057805738037,0.9281437125748503,26.938178088756146,14.846993247823411,-0.15604328763094855,202.1225806451613,1593.4161290322581,0.7940705000537361,0.8205026411082689,0.10516263300996946,0.9878499302553304,-0.1554107952960118,1593.4161290322581,202.1225806451613
136,496.0,90.08326112068522,0.8285260832225592,0.9465648854961832,33.978595163798744,19.02633034910183,1.0072055776078346,202.3891129032258,1165.179435483871,0.768074489680388,0.5999894106508089,0.10530130744184485,0.534225047568839,0.8453422966763652,1165.179435483871,202.3891129032258
137,184.0,61.21320343559643,0.8859183187132961,0.9108910891089109,22.801219142606566,10.57614666126676,-1.4404121693242546,197.45652173913044,1703.7608695652175,0.6170743173949421,0.8773227958626248,0.10273492286115007,0.13001504895389387,-0.9915120206258301,1703.7608695652175,197.45652173913044
138,537.0,85.84062043356595,0.593291316651385,0.9658273381294964,29.210915478658134,23.514431592987375,0.36440538420687374,209.46927374301677,498.5884543761639,0.915795391763659,0.2567396778456045,0.10898505397659561,0.9343358437019043,0.35639378666560784,498.5884543761639,209.46927374301677
139,376.0,75.52691193458118,0.706469538337867,0.9330024813895782,26.16489161626084,18.51803066844408,-0.9656872655784805,204.98138297872342,1613.0558510638298,0.8283125714727697,0.8306157832460503,0.10665004317311312,0.5688517759554675,-0.8224400628570514,1613.0558510638298,204.98138297872342
140,332.0,77.11269837220809,0.8048504325969538,0.8853333333333333,28.028344982876195,16.634197732982628,-1.0868368587726633,204.22289156626505,1632.8644578313254,0.7016106080878279,0.8408158897174692,0.10625540664217745,0.46528757465685033,-0.8851595748055522,1632.8644578313254,204.22289156626505
141,132.0,42.97056274847714,0.7929484258257986,0.9295774647887324,16.71693825379413,10.185442592244973,-0.2215490368685196,206.6060606060606,1117.6969696969697,0.8983420165205043,0.5755391193084293,0.10749534891054141,0.9755582328936837,-0.21974106178261976,1117.6969696969697,206.6060606060606
142,421.0,77.94112549695427,0.7521013434977625,0.9546485260770975,28.69113317979507,18.90881876395214,-1.4257715373161635,207.91211401425178,1405.3230403800476,0.8708805958761706,0.7236472916478103,0.10817487721865338,0.14451695900173725,-0.989502323676347,1405.3230403800476,207.91211401425178
143,568.0,94.08326112068524,0.7716810854891013,0.9296235679214403,34.30461758841521,21.81806856487356,-1.034590816712356,214.44014084507043,768.8468309859155,0.8063683524137222,0.39590465035320055,0.11157135319722707,0.5108777312194313,-0.8596533858155195,768.8468309859155,214.44014084507043
144,461.0,80.42640687119285,0.6498551756801705,0.9584199584199584,27.884715488740923,21.194002685946632,0.8957926658921687,213.175704989154,1292.175704989154,0.8955987034964888,0.6653839881509547,0.11091347814211967,0.6249001748157195,0.7807046634389238,1292.175704989154,213.175704989154
145,224.0,55.21320343559643,0.706231318673072,0.9531914893617022,20.121780286308763,14.245841371250146,0.9736842596442273,212.24107142857142,1577.8973214285713,0.9233619871966153,0.8125114940414888,0.11042719637282591,0.5622566082726002,0.8269628204785218,1577.8973214285713,212.24107142857142
146,663.0,98.5685424949238,0.6794413529221576,0.9567099567099567,34.29939338906244,25.16648771834837,0.7170230760646378,222.07993966817497,1670.6938159879337,0.8575248669657553,0.8602954768217991,0.11554627454119405,0.7537653329768765,0.6571436850508863,1670.6938159879337,222.07993966817497
147,319.0,69.21320343559643,0.6394608328903015,0.9494047619047619,23.372200866011017,17.969101362017565,1.543551033167374,213.44827586206895,377.5015673981191,0.8368018781109442,0.19438803676525185,0.11105529441314722,0.027241923028357692,0.9996288699461001,377.5015673981191,213.44827586206895
148,637.0,104.12489168102786,0.8794918792395191,0.9550224887556222,41.52038306778285,19.76012717959495,0.697113292077372,223.53375196232338,1272.2621664050234,0.738312414649905,0.6551298488182407,0.1163026805215002,0.7666986662589806,0.6420071301447517,1272.2621664050234,223.53375196232338
149,128.0,40.384776310850235,0.5009623700927095,0.9481481481481482,13.772508063441597,11.919679686549307,0.34573931150325876,212.953125,1564.0703125,0.9862442184088464,0.8053915100411947,0.11079767169614985,0.940825162748233,0.33889233266593805,1564.0703125,212.953125
150,408.0,73.94112549695429,0.41133357051260994,0.9577464788732394,23.89898714239395,21.78356552331852,-0.3704063968841128,220.47303921568627,1643.9044117647059,0.9377734075522061,0.8465007269643181,0.11471021811430086,0.932180309234424,-0.3619942970208422,1643.9044117647059,220.47303921568627
151,101.0,43.4558441227157,0.8888470851209487,0.8706896551724138,17.570261317676195,8.050763128252289,-0.7679156191411448,218.31683168316832,322.1980198019802,0.6721014880212023,0.16591041184448002,0.11358836195794397,0.7193601199944047,-0.6946373282236102,322.1980198019802,218.31683168316832
152,538.0,91.25483399593904,0.634491431450418,0.9356521739130435,30.208175499590872,23.34880193328484,-0.8521375480271228,224.7472118959108,336.2174721189591,0.8118585726659359,0.17312949130739397,0.11693403324449053,0.6583757413923401,-0.7526894333960631,336.2174721189591,224.7472118959108
153,155.0,48.384776310850235,0.8265921105095679,0.9393939393939394,18.991474422724664,10.688429523638924,1.4888102137020562,217.49032258064517,517.5677419354839,0.8320014573523505,0.2665127404405169,0.11315833641032527,0.08189429596994459,0.99664102077307,517.5677419354839,217.49032258064517
154,442.0,94.42640687119285,0.8819005718456187,0.8403041825095057,37.24215386050533,17.557271479735295,1.2133311139572114,222.78733031674207,1242.1787330316743,0.6229385463022363,0.6396388944550331,0.11591432378602605,0.3499008048554969,0.9367867562906061,1242.1787330316743,222.78733031674207
155,201.0,55.35533905932737,0.7943199286220656,0.9136363636363637,20.859926974704734,12.67239878672845,-0.817066015327253,225.6318407960199,1460.7562189054727,0.8243030200316864,0.7521916678195019,0.117394298020822,0.6843634384991509,-0.7291410590863875,1460.7562189054727,225.6318407960199
156,144.0,53.11269837220809,0.9468662151264932,0.9473684210526315,24.15044235317259,7.767450974413337,0.7459499744816671,230.05555555555554,292.65277777777777,0.6414689269519108,0.1506965899988557,0.11969591860330674,0.7344435148684193,0.6786698191814058,292.65277777777777,230.05555555555554
157,99.0,38.14213562373095,0.8655422883206171,0.9166666666666666,15.946515712607086,7.9865867273191915,-1.4356215153069651,226.82828282828282,665.8585858585859,0.8551357174653891,0.3428725982793954,0.11801679647673403,0.13476352988609078,-0.9908777881316347,665.8585858585859,226.82828282828282
158,535.0,84.76955262170046,0.6314454915682706,0.9709618874773139,29.673400693285416,23.009356301850815,-0.39557481323403004,239.93831775700934,1299.7196261682243,0.9355863216595585,0.6692686025583029,0.12483783442092057,0.9227752190520474,-0.3853386758469047,1299.7196261682243,239.93831775700934
159,461.0,77.84062043356595,0.29111240188125054,0.9705263157894737,24.813836033063584,23.739120436964136,0.6479259737814375,238.9934924078091,1486.8308026030368,0.9560887581578947,0.7656183329572795,0.12434624995203387,0.7973372579114463,0.6035340066195573,1486.8308026030368,238.9934924078091
160,310.0,68.18376618407356,0.833799486619753,0.9480122324159022,26.819938959598478,14.806414017433433,0.9535287388228731,237.2,531.6258064516129,0.8379335617211435,0.2737517026012425,0.12341311134235171,0.5788091429954125,0.8154630439111978,531.6258064516129,237.2
161,449.0,83.25483399593904,0.7954989724244326,0.9452631578947368,31.15226848313865,18.876870865466113,-1.080337891313736,238.93986636971047,1617.0824053452116,0.8140241446619739,0.8326891891581933,0.12431834878757049,0.4710303313914759,-0.8821170142952898,1617.0824053452116,238.93986636971047
162,667.0,96.08326112068522,0.5153570103220475,0.9680696661828737,31.81172176092808,27.261868840423322,-0.5823229772373879,244.75262368815592,1525.0269865067467,0.907904624539482,0.785286810765575,0.12734267621652234,0.8351873470608336,-0.5499655401109115,1525.0269865067467,244.75262368815592
163,351.0,68.28427124746189,0.5429463178636694,0.9642857142857143,23.120244945149764,19.415628120070703,-1.3568575968414525,241.3133903133903,1572.4472934472935,0.9459662082143961,0.8097050944630759,0.12555327279572856,0.2123104725660839,-0.9772022632181969,1572.4472934472935,241.3133903133903
164,651.0,92.66904755831213,0.49491904672665465,0.9745508982035929,30.91633137581554,26.864408763907807,1.2663109609722898,247.61443932411674,1430.711213517665,0.9526238574586142,0.736720501296429,0.12883165417487863,0.299802253223063,0.9540013673797194,1430.711213517665,247.61443932411674
165,643.0,93.25483399593904,0.6666175642772932,0.9742424242424242,33.161224912800314,24.7183740025186,0.5413173140992269,250.79471228615864,1381.6687402799378,0.9291335243761865,0.711466910545797,0.13048632272953103,0.8570306587711032,0.5152654169710683,1381.6687402799378,250.79471228615864
166,593.0,94.18376618407356,0.803406651561453,0.9657980456026058,35.801251339977156,21.317165160103777,0.048398038657308934,255.38448566610455,1191.7032040472175,0.8400641504389869,0.6136473759254467,0.13287434217799404,0.9988290435216263,0.04837914651658571,1191.7032040472175,255.38448566610455
167,77.0,33.31370849898476,0.8164150049219432,0.9166666666666666,13.13547478876806,7.585285063960059,1.3439782319699956,244.96103896103895,518.0909090909091,0.8718758064613388,0.2667821365040727,0.12745111288295471,0.22487826054133175,0.9743868676947083,518.0909090909091,244.96103896103895
168,117.0,37.970562748477136,0.558985427780215,0.975,13.42893281690775,11.134968657557733,-0.33898696347779506,247.9145299145299,1548.7777777777778,1.019768653989781,0.7975168783613686,0.1289877887172372,0.9430920163269408,-0.3325318762771249,1548.7777777777778,247.9145299145299
169,659.0,105.08326112068524,0.8266612237896044,0.9294781382228491,39.70541258566485,22.342233230470562,1.4727015987331604,253.7845220030349,1631.8725341426405,0.7499428941429926,0.8403051154184554,0.13204189490272367,0.09793748307856907,0.9951925690077449,1631.8725341426405,253.7845220030349
170,309.0,64.62741699796952,0.6343311728678508,0.9566563467492261,22.595703301557993,17.467866539180278,0.0689630420541635,254.42394822006472,1323.2233009708739,0.9296826932545684,0.6813714217151771,0.1323745828408245,0.9976229917074224,0.06890839148269347,1323.2233009708739,254.42394822006472
171,588.0,90.08326112068524,0.7002037263283675,0.9702970297029703,32.4098331801808,23.13877658044034,1.0141384945944278,257.05272108843536,1761.5187074829932,0.9105399192178792,0.9070642160056608,0.13374231065995595,0.5283515677476381,0.8490256891629445,1761.5187074829932,257.05272108843536
172,358.0,73.1126983722081,0.7914732098674615,0.9445910290237467,27.406367546325153,16.75087762354796,-1.2708253529775564,258.50558659217876,280.2374301675978,0.8416029812432402,0.14430351707909259,0.13449822403339165,0.29549247676541784,-0.9553450665466583,280.2374301675978,258.50558659217876
173,252.0,61.698484809834994,0.849665139530383,0.9545454545454546,24.850918236405168,13.104451434073997,-1.195383106566255,264.73809523809524,1450.6309523809523,0.8318813870343231,0.746977833357854,0.13774094445270305,0.36665700237669246,-0.930356191255875,1450.6309523809523,264.73809523809524
174,175.0,49.45584412271571,0.6893323674301814,0.9408602150537635,17.66402631898291,12.7966195599253,0.2992994364662341,268.9142857142857,303.92571428571426,0.8991096831703203,0.15650139767544505,0.13991378028839008,0.9555432853545122,0.2948508602902581,303.92571428571426,268.9142857142857
175,652.0,98.18376618407356,0.7694560736542703,0.9560117302052786,36.40626231109785,23.25267006842175,1.5677617948670073,273.79754601226995,1351.7730061349694,0.8499200719853014,0.6960726087203756,0.14245449844550986,0.0030345272707022583,0.9999953958115224,1351.7730061349694,273.79754601226995
176,316.0,70.42640687119285,0.843942305524865,0.9461077844311377,27.783243729211335,14.903875235293986,0.6895947902366347,275.99367088607596,1713.876582278481,0.800618984140797,0.8825317107510201,0.14359712324977938,0.771503882753679,0.6362246135571914,1713.876582278481,275.99367088607596
177,1216.0,150.46803743153546,0.8222500669789496,0.890190336749634,55.377947334786086,31.51705025775172,0.9112511360607523,290.7171052631579,576.5674342105264,0.6749240843716158,0.2968936324462031,0.15125759899227778,0.6127574927869222,0.7902710010075563,576.5674342105264,290.7171052631579
178,413.0,77.01219330881975,0.7420659730786529,0.9582366589327146,28.22079987115433,18.917160003525954,0.9229869782940326,277.96125907990313,1235.2590799031477,0.8750662440333643,0.6360757363044015,0.14462084239328987,0.6034410128338819,0.7974076398116705,1235.2590799031477,277.96125907990313
179,706.0,126.46803743153546,0.8355830330954,0.7959413754227734,44.286874684779896,24.329622295113268,1.1280034086522728,281.0410764872521,1408.7252124645893,0.5546934107308197,0.7253991825255351,0.14622324479045373,0.4284646978693804,0.9035585220004848,1408.7252124645893,281.0410764872521
180,304.0,63.941125496954285,0.636747523960801,0.9529780564263323,22.48285237314494,17.33590613181607,-0.9619608810129396,278.4736842105263,615.9572368421053,0.9343786244857224,0.3171767439969646,0.14488745276302098,0.5719125473022193,-0.8203145971139894,615.9572368421053,278.4736842105263
181,722.0,109.84062043356595,0.724136335882147,0.9220945083014048,37.90303790135525,26.14008962289409,-0.27882884927061413,288.1218836565097,1318.7146814404432,0.7520056557866003,0.6790497844698472,0.14990732760484374,0.9613784332672938,-0.27522991851999595,1318.7146814404432,288.1218836565097
182,624.0,129.25483399593904,0.9759120422046246,0.8432432432432433,62.551302788060845,13.646464639701245,1.403220433255471,280.8205128205128,1658.014423076923,0.4693543694100734,0.8537664382476432,0.14610848741962165,0.16679269192377896,0.9859919867427014,1658.014423076923,280.8205128205128
183,1068.0,128.12489168102786,0.7321071417753247,0.9544235924932976,45.026252570402804,30.671410410902883,-0.6417013192340472,294.7949438202247,636.5215355805243,0.8175495695919863,0.327765981246408,0.15337926317389422,0.8010785774559137,-0.5985591973574624,636.5215355805243,294.7949438202247
184,474.0,93.15432893255071,0.7953678071564203,0.8859813084112149,33.36830081142354,20.225431127078494,-1.5013424819231882,283.8987341772152,1769.9240506329113,0.6864076617256938,0.9113924050632911,0.14771005940541895,0.06939801933863154,-0.9975890511186833,1769.9240506329113,283.8987341772152
185,611.0,93.1126983722081,0.5469005129393427,0.9591836734693877,30.656663438114027,25.66568519173195,-0.8369047927583522,290.12438625204584,1373.682487725041,0.8855911119980014,0.7073545250901344,0.15094921241001344,0.669764449691403,-0.7425736205451766,1373.682487725041,290.12438625204584
186,884.0,125.5685424949238,0.7742097640822445,0.9160621761658031,43.850355292958426,27.75416575689426,1.2805902749134108,290.7816742081448,1550.2941176470588,0.7045315113043134,0.7982976918882898,0.15129119365668303,0.28614966698651917,0.9581849341768551,1550.2941176470588,290.7816742081448
187,436.0,75.94112549695429,0.5149474885679478,0.9667405764966741,25.500380803170167,21.85948039356059,0.29217487941342823,292.848623853211,711.0160550458716,0.9500408827768041,0.3661256720112624,0.15236660970510457,0.9576196981013704,0.28803561204864986,711.0160550458716,292.848623853211
188,621.0,93.01219330881976,0.47359174981947927,0.9539170506912442,30.04431870884041,26.461368121732146,-0.07942105453500962,296.6280193236715,959.9114331723027,0.9020314776516002,0.4942901303667882,0.15433299652636392,0.9968478054967719,-0.07933758678123495,959.9114331723027,296.6280193236715
189,306.0,63.941125496954285,0.7334731646212368,0.9683544303797469,23.974267069333617,16.295750691300228,0.6868407840010282,293.25816993464053,982.3594771241831,0.9405258522783917,0.5058493703008151,0.15257969299408977,0.7732531213385923,0.6340974770018599,982.3594771241831,293.25816993464053
190,76.0,37.349242404917504,0.916372336083947,0.8735632183908046,16.60743809435946,6.648406590403871,0.19948632560817406,292.4605263157895,1389.8947368421052,0.6846362058475448,0.7157027481164291,0.1521646859083192,0.9801684998835669,0.1981658695032978,1389.8947368421052,292.4605263157895
191,104.0,35.55634918610404,0.5510896987705404,0.9629629629629629,12.602355855126682,10.515985562206769,0.9122539038365357,288.08653846153845,1471.0288461538462,1.0337341843865528,0.7574813831894162,0.1498889378051709,0.6119647265487412,0.7908850570469291,1471.0288461538462,288.08653846153845
192,371.0,71.35533905932738,0.7349067360237738,0.9686684073107049,26.446605141190016,17.93524625092277,0.9694173200417111,295.80323450134773,1212.9487870619946,0.9156527949710024,0.6245874289711609,0.15390386810684065,0.5657800795421013,0.824556184618934,1212.9487870619946,295.80323450134773
193,988.0,125.9827560572969,0.8101586176311463,0.95274831243973,47.24204596396181,27.693794021986875,-0.45954444903476993,309.25,1342.8228744939272,0.7822482472574515,0.6914638900586649,0.16090010405827262,0.8962546455297712,-0.44353986333395584,1342.8228744939272,309.25
194,490.0,101.25483399593905,0.9049495662195431,0.8812949640287769,41.13420603345541,17.503379606875342,1.1516399613345678,307.634693877551,1718.7530612244898,0.6005849043930197,0.8850427709703861,0.1600596742338975,0.40698999467763486,0.9134326161421535,1718.7530612244898,307.634693877551
195,619.0,97.74011537017762,0.6300723372674578,0.9450381679389313,32.774706841497355,25.450754323890138,-0.6967445634817876,316.1033925686591,373.63489499192247,0.8142444712941689,0.19239695931612896,0.164465865020114,0.7669353405205972,-0.641724382784818,373.63489499192247,316.1033925686591
196,137.0,40.62741699796952,0.6067473897390038,0.9856115107913669,14.838073094194089,11.794705856384933,-0.8639385885157544,307.7153284671533,1629.1605839416059,1.043018490832187,0.8389086426063882,0.1601016277144398,0.6494475854112136,-0.7604063609699385,1629.1605839416059,307.7153284671533
197,286.0,63.11269837220809,0.6740606348492371,0.9470198675496688,22.419641769056394,16.560851721799413,0.8886845948035643,314.0174825174825,704.0524475524476,0.902282220449105,0.36253988030507084,0.16338058403615116,0.6304336459607728,0.7762431436351673,704.0524475524476,314.0174825174825
198,480.0,90.91168824543142,0.8801884920560188,0.933852140077821,36.44366421052131,17.297048319798222,-0.8630178235444513,317.53125,935.9125,0.7298131021442217,0.4819322863027807,0.1652087669094693,0.650147465549965,-0.7598080501277655,935.9125,317.53125
199,460.0,82.42640687119285,0.7953209320680605,0.9623430962343096,31.29782620103151,18.97238535089565,1.099194334837272,315.0891304347826,983.3282608695653,0.8508146487600289,0.506348229078046,0.1639381531918744,0.4543139888568825,0.8908416242682806,983.3282608695653,315.0891304347826
200,408.0,76.76955262170046,0.7787995303817996,0.955503512880562,28.84031372362276,18.09074723558368,1.207571734599236,314.2647058823529,1537.5980392156862,0.8699454232107496,0.791760061388098,0.16350921221766543,0.355290282167434,0.934756019182217,1537.5980392156862,314.2647058823529
201,306.0,67.698484809835,0.6920447407778234,0.9216867469879518,23.69148990622525,17.101811186614263,-1.0290878773899268,316.0947712418301,1580.3529411764705,0.8390220861238662,0.8137759738292845,0.16446137941822583,0.5156005924968604,-0.8568290547226363,1580.3529411764705,316.0947712418301
202,450.0,91.59797974644667,0.8839340336378453,0.8704061895551257,36.6286836432933,17.127997980104144,-1.4417668945234854,316.92,1287.691111111111,0.6739855531463728,0.6630747225082961,0.1648907388137357,0.12867170373806294,-0.9916872453839185,1287.691111111111,316.92
203,315.0,77.69848480983501,0.9233164357306534,0.9130434782608695,32.8490305384779,12.61534330930592,0.09153371071041187,323.5174603174603,1500.7269841269842,0.6556851054023306,0.7727739362136891,0.16832334043572336,0.9958137139985829,0.09140594626362462,1500.7269841269842,323.5174603174603
204,448.0,78.18376618407355,0.5529100839176402,0.9613733905579399,26.276115680705455,21.894334935313633,-1.1895274374106153,324.88839285714283,1225.595982142857,0.9209895533567649,0.6310998878181551,0.1690366247955998,0.37209854318858615,-0.9281932310445556,1225.595982142857,324.88839285714283
205,98.0,34.97056274847714,0.6781306859211609,0.9514563106796117,13.030620128874267,9.576741414743598,1.533637673736922,319.53061224489795,683.0816326530612,1.0070028451507584,0.3517413144454486,0.16624901781732462,0.037150102417307415,0.999309696685859,683.0816326530612,319.53061224489795
206,405.0,79.84062043356595,0.7980018146892958,0.9142212189616253,29.971445428665838,18.06244280567823,-0.8681135414435125,329.98024691358023,1758.2518518518518,0.7983936624789971,0.905382004043178,0.17168587248365255,0.6462672738678955,-0.7631111391713258,1758.2518518518518,329.98024691358023
207,220.0,59.11269837220809,0.8164362213906221,0.9128630705394191,22.797390256676138,13.164025200077633,0.13821434232154994,329.74545454545455,1823.7681818181818,0.7911721220706899,0.939118528227694,0.1715637120423801,0.9904635936266111,0.13777470631527194,1823.7681818181818,329.74545454545455
208,82.0,32.48528137423857,0.7622124958815002,0.9761904761904762,12.811804952374786,8.293425940262075,-0.2406177368076105,324.7926829268293,1934.8170731707316,0.9764509916477588,0.9963012735173695,0.1689868277454887,0.9711909518690796,-0.23830261225515595,1934.8170731707316,324.7926829268293
209,679.0,116.32590180780451,0.8545492147427162,0.8341523341523341,42.8695547167967,22.265178903088128,0.05532024360129438,338.92783505154637,664.3932253313696,0.6305605294766192,0.34211803570101423,0.17634122531297938,0.99847022551813,0.05529203155767121,664.3932253313696,338.92783505154637
210,200.0,64.14823227814082,0.8648492429442244,0.819672131147541,23.67521082692917,11.885705376647026,0.984042561054833,329.22,26.2,0.6107598411775242,0.01349124613800206,0.17129032258064517,0.553660668075999,0.8327423759036395,26.2,329.22
211,610.0,90.76955262170047,0.5904084055980783,0.9682539682539683,31.08103853748217,25.08565070246392,0.3108445244903569,339.7049180327869,1527.1475409836066,0.9303777360418439,0.7863787543684895,0.17674553487658007,0.9520756008144434,0.3058627965833971,1527.1475409836066,339.7049180327869
212,337.0,82.2842712474619,0.9433692773712163,0.9335180055401662,36.67996883902564,12.168377548351879,-1.474003646130858,331.4985163204748,1269.367952522255,0.625469462127629,0.653639522411048,0.17247581494301498,0.09664161253197642,-0.9953192446281843,1269.367952522255,331.4985163204748
213,785.0,107.05382386916237,0.7629621970042986,0.9643734643734644,39.40506402080404,25.473131875557055,-1.0122886822472072,341.9910828025478,1780.9643312101912,0.8607462746074692,0.9170774105098821,0.17793500666105505,0.5299212010969294,-0.8480468858665703,1780.9643312101912,341.9910828025478
214,418.0,92.08326112068524,0.8982526295602852,0.8744769874476988,36.4136618526111,16.003057181969762,-0.6074941995743252,344.91148325358853,684.4138755980862,0.6194763959505692,0.35242733038006496,0.17945446579270996,0.8210809345703383,-0.5708117893711551,684.4138755980862,344.91148325358853
215,645.0,101.7401153701776,0.8322381864223166,0.9513274336283186,38.99281148460152,21.618326486181445,-0.6286189268966863,348.4062015503876,933.1348837209302,0.7830421265543929,0.48050199985629777,0.18127273753922352,0.8088403894319193,-0.5880282513822114,933.1348837209302,348.4062015503876
216,218.0,54.87005768508881,0.7054666892414306,0.9519650655021834,19.950364097064416,14.139682453965579,-0.6391779646396839,344.3348623853211,1282.5091743119267,0.9099038949515823,0.6604063719422898,0.17915445493513066,0.8025864025938891,-0.5965358885862607,1282.5091743119267,344.3348623853211
217,556.0,97.35533905932738,0.8897989365086146,0.9504273504273504,39.70572907187219,18.119819529538482,1.5367468476966997,345.73741007194246,385.21762589928056,0.7371656810878328,0.19836129037038133,0.17988418838290451,0.03404290017235332,0.9994203724899023,385.21762589928056,345.73741007194246
218,76.0,37.79898987322333,0.9384183424663762,0.8351648351648352,17.229910818578404,5.9529532509681005,-0.42777336461183796,348.3157894736842,1844.1973684210527,0.6684409814222562,0.9496381917719118,0.18122569691658907,0.9098917149068062,-0.4148458353942477,1844.1973684210527,348.3157894736842
219,1000.0,125.9827560572969,0.7785222403531912,0.9389671361502347,45.76797590888819,28.724760559549143,-0.13095902952149774,365.359,719.201,0.7917492381148293,0.37034037075180226,0.19009313215400622,0.9914371147757244,-0.13058501998769625,719.201,365.359
220,133.0,44.38477631085023,0.8103682562581084,0.9047619047619048,17.39816918404618,10.19395077136258,0.10076100757141583,352.61654135338347,617.1052631578947,0.8483858844047586,0.31776790069922484,0.18346334097470524,0.9949279031797876,0.10059059336872007,617.1052631578947,352.61654135338347
221,229.0,61.21320343559642,0.8834675685807883,0.9233870967741935,25.24797810542093,11.828483874752154,1.4012085256952738,350.2052401746725,1220.1353711790393,0.767989231975227,0.6282880387121726,0.18220876179743625,0.16877607774864034,0.9856544199565003,1220.1353711790393,350.2052401746725
222,117.0,39.55634918610404,0.31659582104651635,0.9435483870967742,12.847101282324024,12.186253248877199,1.411328615474756,351.008547008547,1250.034188034188,0.9396439498294495,0.6436839279269763,0.18262671540507128,0.15879269416175956,0.9873119467933374,1250.034188034188,351.008547008547
223,346.0,67.698484809835,0.25141847495708136,0.9558011049723757,21.340676671152245,20.655181681041828,0.312782979064047,355.16473988439304,1505.3988439306358,0.9486981758132604,0.7751796312722121,0.18478914666201512,0.9514809112868006,0.30770777607470284,1505.3988439306358,355.16473988439304
224,100.0,34.970562748477136,0.5204447558980189,0.9523809523809523,12.205118763781199,10.42189406787442,-0.30117226503555894,352.46,986.64,1.0275539236232234,0.5080535530381051,0.18338189386056192,0.954989404785215,-0.29663991091554215,986.64,352.46
225,553.0,92.66904755831214,0.8170702910377866,0.946917808219178,35.49708321825902,20.465419644384728,-1.234361096562896,359.5822784810127,347.0777576853526,0.8092181154755969,0.17872181137247817,0.18708755384027714,0.3301242770229397,-0.9439374776541513,347.0777576853526,359.5822784810127
226,407.0,92.42640687119285,0.8894545769278395,0.8532494758909853,36.040480208663105,16.47134940446868,-0.9684873038310461,357.5208845208845,1171.2850122850123,0.5987039637235262,0.6031333739881629,0.18601502836674533,0.5665466853697482,-0.8240296434574133,1171.2850122850123,357.5208845208845
227,505.0,85.25483399593904,0.7593532941486021,0.9674329501915708,31.505207278687507,20.499762571039216,0.15740353156902723,365.6079207920792,1191.9326732673267,0.8730984474275513,0.6137655372128356,0.19022264349223683,0.987637619837078,0.156754367985557,1191.9326732673267,365.6079207920792
228,485.0,102.9116882454314,0.8620089939314146,0.8083333333333333,39.292205431849226,19.91694314894449,-1.4495726723442288,360.9360824742268,1545.2164948453608,0.5754693492064907,0.7956830560480745,0.18779192636536254,0.12092697206732896,-0.9926614062340832,1545.2164948453608,360.9360824742268
229,254.0,60.284271247461895,0.5003294260825569,0.9477611940298507,19.6428603455512,17.007478462069116,0.6113242720329809,361.8937007874016,376.54330708661416,0.8782851708776162,0.19389459685201554,0.18829016690291447,0.8188886670044077,0.573952394412415,376.54330708661416,361.8937007874016
230,512.0,100.32590180780451,0.9233572839571087,0.9045936395759717,42.30504518185845,16.242676318786025,0.42735237249088587,379.615234375,589.439453125,0.6392248951420704,0.30352186051750774,0.1975105277705515,0.9100662810977187,0.41446274140019873,589.439453125,379.615234375
231,764.0,134.71067811865476,0.7932449324456413,0.8076109936575053,43.334261500034025,26.38634808553352,0.6152174776457354,378.7473821989529,1715.7709424083769,0.5290529957766882,0.8835071794069912,0.19705899177885167,0.816647952005425,0.5771361386062608,1715.7709424083769,378.7473821989529
232,598.0,101.9827560572969,0.853245470709316,0.9271317829457364,38.723254216558914,20.19454524645529,-0.220748306027342,381.3829431438127,1812.428093645485,0.7225327866772302,0.9332791419389727,0.19843025137555292,0.9757338735708627,-0.21895983185598172,1812.428093645485,381.3829431438127
233,101.0,38.76345596729059,0.7679668250174847,0.9619047619047619,14.72675165095201,9.432331595709798,0.5598481608963627,367.1287128712871,1934.1287128712872,0.84466842188465,0.9959468140428873,0.19101389847621597,0.8473357560824817,0.5310575453414903,1934.1287128712872,367.1287128712871
234,353.0,75.01219330881975,0.7172136556466913,0.9145077720207254,26.311896568989837,18.33553290548816,-1.0348147625322044,378.89801699716713,241.89518413597733,0.7883532114727096,0.1245598270525115,0.1971373657633544,0.5106852026280676,-0.8597677731903712,241.89518413597733,378.89801699716713
235,999.0,125.39696961966999,0.7160403584386541,0.950523311132255,43.909801650469056,30.65162712281452,0.8945857193241219,385.57057057057057,276.86786786786786,0.798364595907696,0.14256841805760445,0.20060903775784109,0.6258419882489031,0.7799498738666862,276.86786786786786,385.57057057057057
236,426.0,79.94112549695429,0.6280258396442662,0.9424778761061947,26.765384742372095,20.828621282337288,1.3047089439986823,382.0845070422535,617.7605633802817,0.837681542447318,0.318105336447107,0.1987952690126189,0.26295853808401104,0.9648071347418197,617.7605633802817,382.0845070422535
237,511.0,82.76955262170047,0.6139556815159212,0.9733333333333334,28.76191649374037,22.70294547678722,-1.182625495851802,384.41487279843443,962.3111545988259,0.937323592881335,0.4955258262609814,0.2000077381885715,0.3784959650055267,-0.9256029410468266,962.3111545988259,384.41487279843443
238,217.0,56.87005768508881,0.8178153718024638,0.9559471365638766,22.268139902431113,12.814884382197366,-1.5559692930025495,379.6359447004608,1160.4976958525347,0.8431449833350892,0.5975786281423968,0.19752130317401706,0.01482649053349968,-0.999890081548197,1160.4976958525347,379.6359447004608
239,731.0,104.66904755831214,0.604227111271966,0.9407979407979408,34.90378217620404,27.811757622940693,0.634932397188333,392.06292749658,335.6990424076607,0.8384761162799903,0.17286253471043292,0.2039869549930177,0.805111795101575,0.5931230878901271,335.6990424076607,392.06292749658
240,467.0,80.87005768508881,0.6421230826902863,0.9648760330578512,28.08027677466716,21.526383886954562,0.4694076058520017,394.23768736616705,1181.222698072805,0.8973280397068767,0.6082506169272941,0.20511846377011814,0.8918364189254109,0.4523580461076149,1181.222698072805,394.23768736616705
241,253.0,57.798989873223334,0.5099991042827072,0.9656488549618321,19.479531795688093,16.755804937630444,0.4759420482978454,392.2134387351779,1861.6561264822135,0.9516776895898478,0.95862828346149,0.2040652646905192,0.8888614921775835,0.45817600081610527,1861.6561264822135,392.2134387351779
242,579.0,88.08326112068522,0.4277413294776724,0.9666110183639399,28.58912555033311,25.84174450753394,-0.021878843037688035,401.95509499136443,1761.5630397236614,0.9377814920891159,0.9070870441419472,0.2091337643035195,0.9997606676609369,-0.021877097571610393,1761.5630397236614,401.95509499136443
243,260.0,60.2842712474619,0.7349861977135115,0.9454545454545454,22.23855330126245,15.079564182782232,-1.1366589779403666,398.25384615384615,991.1923076923077,0.8990320646778744,0.5103976867622594,0.20720803650044026,0.4206279321830475,-0.9072332349883427,991.1923076923077,398.25384615384615
244,579.0,114.66904755831213,0.9344858725805071,0.8948995363214838,46.951793200132464,16.714848531082207,1.3954578859644435,399.75820379965455,1531.2711571675302,0.5533450346214401,0.7885021406629918,0.20799074079066313,0.17444139928346575,0.9846675572070132,1531.2711571675302,399.75820379965455
245,638.0,95.01219330881975,0.5875849668831141,0.9565217391304348,31.851966657394176,25.77341609036432,0.35759995117244747,406.9294670846395,388.4373040752351,0.8881204194875257,0.20001920910156287,0.2117218871408114,0.936739602735561,0.350027022766562,388.4373040752351,406.9294670846395
246,491.0,83.35533905932738,0.772714562863,0.9665354330708661,31.477720079658887,19.98059791635064,-0.20613167331230972,407.7331975560081,1248.600814663951,0.8880236074933503,0.6429458365931777,0.21214006116337572,0.9788299861125105,-0.2046750065029497,1248.600814663951,407.7331975560081
247,285.0,64.38477631085023,0.7770402678438235,0.9437086092715232,24.30267846520808,15.297342574394408,-1.5012730604333364,400.1333333333333,1269.6105263157895,0.8639494682458203,0.6537644316765137,0.2081859174471037,0.06946727328953797,-0.9975842310009299,1269.6105263157895,400.1333333333333
248,221.0,53.798989873223334,0.6348458598103998,0.9692982456140351,19.164753972234816,14.807432747243807,-1.4405780981951495,401.2126696832579,1915.3031674208146,0.9595196979885555,0.986252918342335,0.20874748682791774,0.12985052669477518,-0.9915335802266555,1915.3031674208146,401.2126696832579
249,553.0,93.49747468305831,0.8468232339716097,0.9584055459272097,36.57414275760456,19.452851370380333,0.5519545679887191,411.97106690777576,909.9330922242315,0.7949416160992144,0.46855463039352807,0.21434498798531518,0.8515012665196666,0.5243525465899863,909.9330922242315,411.97106690777576
250,587.0,94.42640687119285,0.6980835450010684,0.9437299035369775,32.668164779256145,23.3909389825048,1.2611906474048835,411.1635434412266,1861.3645655877342,0.8272962142068162,0.9584781491182978,0.2139248405001179,0.3046830879823951,0.9524537867516262,1861.3645655877342,411.1635434412266
251,649.0,97.15432893255071,0.6291922885467629,0.9600591715976331,32.80476321443857,25.49749168922916,0.06660605535876106,416.9029275808937,1792.3112480739599,0.8640328375150538,0.9229203131173841,0.21691099249786353,0.9977826366297093,0.0665568181350743,1792.3112480739599,416.9029275808937
252,598.0,92.42640687119284,0.38046249416609346,0.9522292993630573,28.98616822925721,26.806302603344424,1.2802393799605225,416.72240802675583,664.6304347826087,0.8796682317117168,0.3422401826892939,0.2168170697329635,0.28648587162054256,0.9580844667156534,664.6304347826087,416.72240802675583
253,569.0,111.49747468305833,0.9030711608611095,0.8569277108433735,43.87579325821227,18.84425624539598,-0.2471018110542291,419.8646748681898,261.5518453427065,0.5751644937401678,0.13468169173156874,0.21845196403131623,0.9696253749400332,-0.2445948328816454,261.5518453427065,419.8646748681898
254,564.0,91.25483399593904,0.7920903029840849,0.962457337883959,34.396682259737425,20.99586986573664,0.0019881105332109146,421.9645390070922,1828.1010638297873,0.851093373575442,0.9413496724149265,0.21954450520660362,0.9999980237089048,0.0019881092235156943,1828.1010638297873,421.9645390070922
255,414.0,77.35533905932736,0.7585799307844078,0.9473684210526315,28.57220102286403,18.617074571704116,0.8009480798985331,418.8888888888889,975.256038647343,0.8694199812842897,0.5021915749986318,0.21794427101399008,0.6960262854398769,0.7180163020271664,975.256038647343,418.8888888888889
256,196.0,50.04163056034261,0.3457592968700038,0.9514563106796117,16.328793770479546,15.321686727377987,-0.3163357828904576,415.2908163265306,996.5867346938776,0.9835649199677517,0.5131754555581244,0.21607222493575995,0.9503816832352413,-0.3110862519799765,996.5867346938776,415.2908163265306
257,389.0,73.11269837220809,0.6856056796471659,0.958128078817734,26.150722530856097,19.03702286615702,0.0219417942097919,420.293059125964,1690.750642673522,0.9144792170492194,0.8706233999348723,0.21867484866075132,0.9997592884910526,0.021940033634073593,1690.750642673522,420.293059125964
258,334.0,73.59797974644665,0.8030153606213872,0.9027027027027027,27.51195819192115,16.395980647770322,0.7122040175380917,418.88023952095807,1194.9461077844312,0.774862323446426,0.6153172542659275,0.21793977082255883,0.7569233821464332,0.6535036293395812,1194.9461077844312,418.88023952095807
259,154.0,44.384776310850235,0.6833548390023739,0.9625,16.483491421472987,12.034373052974646,-1.429239151228205,415.2987012987013,697.1428571428571,0.9823415503634044,0.35898190378107986,0.21607632741867913,0.1410848849943966,-0.9899975026363036,697.1428571428571,415.2987012987013
260,140.0,44.62741699796952,0.8104435506949722,0.9459459459459459,17.565102567425072,10.289931097918918,0.2794651179313659,417.74285714285713,782.3928571428571,0.8833532228173054,0.4028799470354568,0.2173480005946187,0.9612031185062916,0.2758415577351971,782.3928571428571,417.74285714285713
261,606.0,92.18376618407356,0.666786203798152,0.9634340222575517,32.38186468309957,24.13255415081077,-0.48954107505075234,426.3960396039604,1146.9405940594058,0.8961353173616028,0.5905976282489217,0.2218501766930075,0.8825487476493932,-0.47022091406325994,1146.9405940594058,426.3960396039604
262,430.0,79.35533905932738,0.7899468116813186,0.9576837416481069,29.99825065814054,18.39418845497207,1.3679650671725376,421.0906976744186,1269.6465116279069,0.8580765163080898,0.6537829617033506,0.2190898531084384,0.20144335374772018,0.9795001660188072,1269.6465116279069,421.0906976744186
263,379.0,73.698484809835,0.7322331105477123,0.9570707070707071,26.894692930652152,18.316740586383236,1.120031121754359,423.0765171503958,236.5382585751979,0.8768634253162747,0.12180136898825844,0.22012305783059094,0.43565443336086374,0.9001140009426721,236.5382585751979,423.0765171503958
264,323.0,66.76955262170047,0.51012531969156,0.9528023598820059,21.994390022222582,18.91737675311377,0.3734274631010125,423.66873065015477,770.6934984520124,0.9104486445955764,0.396855560479924,0.2204311813996643,0.9310824482289775,0.364808819246374,770.6934984520124,423.66873065015477
265,691.0,116.1543289325507,0.7691363918369449,0.9080157687253614,38.26433650878173,24.45415073047028,1.3373659194189136,425.98842257597687,890.6468885672938,0.6436015943133315,0.4586235265537043,0.22163809707386933,0.23131624798390038,0.9728786118620609,890.6468885672938,425.98842257597687
266,339.0,67.94112549695427,0.5146640323254351,0.9495798319327731,22.51156118584755,19.30123105262602,-0.34943922434913394,426.4070796460177,628.1150442477876,0.9228775643744659,0.3234372009514869,0.22185592073153884,0.9395648538765069,-0.3423709762231872,628.1150442477876,426.4070796460177
267,533.0,91.25483399593902,0.8194702105066154,0.9383802816901409,34.74606272520101,19.91372529832164,1.4320593993727944,427.16322701688557,1230.2063789868669,0.8043134186448772,0.6334739335668728,0.2222493376778801,0.13829228899557744,0.9903914593757176,1230.2063789868669,427.16322701688557
268,269.0,66.18376618407358,0.8177704903758832,0.9340277777777778,25.03386248334613,14.408100856725332,0.46371355779250567,430.03345724907064,1779.0297397769516,0.7717189948262387,0.9160812254258247,0.2237426936779764,0.8943976958586418,0.4472725809199045,1779.0297397769516,430.03345724907064
269,836.0,106.08326112068524,0.5289388532417163,0.9743589743589743,35.50623806119894,30.132721774166612,-1.096442324649024,433.2105263157895,712.8145933014354,0.9335174005540865,0.3670517988163931,0.22539569527356373,0.4567638706023638,-0.8895879757013058,712.8145933014354,433.2105263157895
270,217.0,52.284271247461895,0.519563914701486,0.9644444444444444,17.985197078759814,15.367120500159501,-0.34988220552427596,426.19354838709677,745.6036866359447,0.9975334776413176,0.3839359869392094,0.2217448222617569,0.9394130977975905,-0.34278715216054206,745.6036866359447,426.19354838709677
271,574.0,98.08326112068524,0.8328806506830772,0.9243156199677939,36.91253849456702,20.429341778702607,1.4359408525239932,431.91289198606273,1733.4494773519164,0.7497767381911791,0.8926104414788447,0.2247205473392626,0.13444709886485168,0.9909207726184898,1733.4494773519164,431.91289198606273
272,194.0,53.21320343559643,0.7524608804922581,0.9509803921568627,19.56065195469993,12.883368016099906,-0.34811373666037787,430.7371134020619,790.680412371134,0.8609398007418905,0.4071474831983182,0.22410879989701452,0.9400178368886948,-0.341125294182503,790.680412371134,430.7371134020619
273,738.0,99.74011537017762,0.5895884882619726,0.9749009247027741,34.11921276008508,27.558217503095438,-0.39905111542926064,442.56639566395665,347.9579945799458,0.9322373381172486,0.17917507444899372,0.23026347329030003,0.9214300923507083,-0.38854418656127815,347.9579945799458,442.56639566395665
274,1063.0,125.88225099390856,0.6658395932438276,0.9663636363636363,43.036761554048404,32.10950935386194,-1.1372275237829255,444.36030103480715,672.0376293508937,0.84297389951879,0.3460543920447444,0.23119682676108594,0.4201120605440474,-0.9074722346085496,672.0376293508937,444.36030103480715
275,528.0,100.42640687119285,0.9168101871463004,0.9345132743362832,41.66004305527675,16.63582497490751,-0.02717571979606964,446.29545454545456,1923.7026515151515,0.6578818993972323,0.9905780903785538,0.23220367041907106,0.9996307628516989,-0.027172374951968208,1923.7026515151515,446.29545454545456
276,609.0,93.25483399593905,0.711986717923655,0.9636075949367089,33.52642962497559,23.542021911874244,1.167415851041039,439.26600985221677,75.60591133004927,0.8800036024029507,0.038931983177162344,0.22854631105734483,0.3925297356769037,0.9197393144850448,75.60591133004927,439.26600985221677
277,612.0,101.15432893255071,0.8717731529920034,0.934351145038168,40.53115588338054,19.856608718114952,-0.9294116173283927,443.5375816993464,394.5767973856209,0.7516096364847924,0.20318063717076257,0.2307687729965382,0.5983055380591987,-0.8012680469903269,394.5767973856209,443.5375816993464
278,252.0,64.18376618407356,0.8059690063318574,0.9097472924187726,23.607290630476626,13.974518307177474,-0.815188297042206,439.48015873015873,799.6349206349206,0.7687055392870317,0.4117584555277655,0.22865773086896918,0.6857313527207951,-0.7278547326875799,799.6349206349206,439.48015873015873
279,724.0,120.71067811865476,0.9417380618163387,0.9501312335958005,52.697615333694415,17.724694109076097,-0.5174945172525633,455.37016574585635,123.38950276243094,0.6243915986299465,0.06353733406922293,0.236925164279842,0.8690613791464324,-0.4947042745682524,123.38950276243094,455.37016574585635
280,75.0,32.97056274847714,0.8227947727108166,0.9259259259259259,13.193763948754743,7.498525305246925,-0.30273111533675284,441.96,265.26666666666665,0.8669986230570945,0.13659457603844832,0.22994797086368365,0.9545258274393166,-0.2981282354143734,265.26666666666665,441.96
281,619.0,94.91168824543144,0.7606660670716126,0.9671875,34.984487511801554,22.709948649041635,-0.3259549773256757,450.79483037156706,291.53473344103395,0.863497562661143,0.15012087200877133,0.23454465680102343,0.9473453616907582,-0.32021362507395984,291.53473344103395,450.79483037156706
282,365.0,71.01219330881975,0.6994562238537396,0.9605263157894737,25.560807017120865,18.267681115684393,-0.7990366037801071,446.1013698630137,430.827397260274,0.9095715654545069,0.22184726944401337,0.23210268983507476,0.697397484068583,-0.7166845534925463,430.827397260274,446.1013698630137
283,46.0,24.485281374238568,0.8715726860737556,0.9787234042553191,10.908854012774066,5.348243582802567,1.2080725401835106,437.39130434782606,1198.5434782608695,0.9641786209295972,0.6171696592486454,0.2275709179749355,0.35482210659815394,0.9349338333108115,1198.5434782608695,437.39130434782606
284,379.0,69.94112549695427,0.22953460356814148,0.969309462915601,22.300226506917582,21.704821637530163,-1.372454023830187,448.311345646438,1900.8126649076517,0.9736073426330042,0.9787912795610977,0.23325252114799064,0.19704440511109575,-0.9803945646597672,1900.8126649076517,448.311345646438
285,299.0,76.18376618407358,0.90834586211311,0.9033232628398792,31.146596848460447,13.026123268931,-1.1231806440192633,447.9966555183947,1489.715719063545,0.6473753748391693,0.7671038718143899,0.23308879059229692,0.4328173482275626,-0.9014816376794709,1489.715719063545,447.9966555183947
286,479.0,83.01219330881976,0.6952830041910584,0.9560878243512974,29.336564292257442,21.085247044353935,0.4294547001778105,454.9331941544885,990.6617954070981,0.8734973664926039,0.5101245084485572,0.23669781173490556,0.9091929340967189,0.41637508161344067,990.6617954070981,454.9331941544885
287,119.0,41.798989873223334,0.8447260500675382,0.937007874015748,17.071944256475312,9.136886389423656,0.8994422008568566,446.2352941176471,1511.2016806722688,0.855904386603746,0.7781677037447317,0.2321723694680786,0.6220468106231735,0.7829800542756742,1511.2016806722688,446.2352941176471
288,368.0,83.35533905932738,0.7662819619219887,0.863849765258216,28.509631026357606,18.317564504179224,-1.25133958411201,451.30434782608694,880.2228260869565,0.6655655551070323,0.45325583217659965,0.2348097543319911,0.31405083513616705,-0.9494061685865939,880.2228260869565,451.30434782608694
289,460.0,85.59797974644665,0.8362922055855347,0.9504132231404959,33.05194121428722,18.12185060367443,1.1904267779006756,453.754347826087,60.37391304347826,0.788933987949139,0.031088523709309094,0.23608446817174142,0.3712636310667172,0.9285274989181292,60.37391304347826,453.754347826087
290,184.0,52.284271247461895,0.7101135903189972,0.9292929292929293,18.533338021876116,13.04908480626357,-0.8536762930939604,451.70108695652175,600.3152173913044,0.8458348381843431,0.30912215107688173,0.2350161742749853,0.6572167652669483,-0.7537016143355731,600.3152173913044,451.70108695652175
291,300.0,65.11269837220809,0.6696623519520056,0.9463722397476341,22.94030097453786,17.036974564421012,0.9590857593229871,454.3433333333333,772.4433333333334,0.8892005683500995,0.3977566083075867,0.23639091224419007,0.5742686845378185,0.8186668907188097,772.4433333333334,454.3433333333333
292,105.0,35.55634918610404,0.3871351537387992,0.9545454545454546,12.042518179682148,11.103478479741153,0.5912640856361593,450.12380952380954,19.076190476190476,1.0436739361595004,0.009822961110293757,0.23419553044943264,0.8302367274247207,0.5574109583019428,19.076190476190476,450.12380952380954
293,345.0,87.01219330881976,0.9060862093004757,0.8098591549295775,35.46645945648489,15.005614698608547,-1.1365533135819186,457.81159420289856,729.5536231884058,0.5726229197475458,0.37567127867580113,0.23819541841982236,0.42072379205246063,-0.9071887845432162,729.5536231884058,457.81159420289856
294,413.0,82.76955262170047,0.8018594425950403,0.9365079365079365,30.325893992705222,18.12010699387818,0.135374406007915,465.73365617433416,257.50121065375305,0.7575629038355995,0.13259588602150002,0.24231719884200528,0.9908508703324734,0.1349613009769092,257.50121065375305,465.73365617433416
295,199.0,54.04163056034262,0.795653911567202,0.9255813953488372,20.49278619497981,12.413535524401421,-1.1772149948420831,459.9748743718593,1499.9748743718592,0.8562607797442994,0.7723866500370027,0.2393209544078352,0.38349837627787275,-0.9235415504416871,1499.9748743718592,459.9748743718593
296,226.0,58.52691193458118,0.8047842642027506,0.9535864978902954,22.437031317928696,13.31789090535988,-0.3656083378548117,463.53982300884957,308.35840707964604,0.829100320904821,0.15878393773411228,0.2411757663937823,0.9339064425620931,-0.3575174912378637,308.35840707964604,463.53982300884957
297,618.0,101.84062043356595,0.6951172499210995,0.9223880597014925,33.65904766044874,24.19736760361128,-1.5395410941113785,467.20873786407765,610.2281553398059,0.7487835006041157,0.3142266505354304,0.24308467110513926,0.03125014411360307,-0.9995115949767062,610.2281553398059,467.20873786407765
298,261.0,64.87005768508881,0.8540594751477043,0.9456521739130435,25.53192036150514,13.281076055963224,-0.1663036743441391,470.5095785440613,28.310344827586206,0.7794025154689247,0.014577932454987747,0.24480207000211307,0.9862033856153026,-0.1655381593497849,28.310344827586206,470.5095785440613
299,557.0,89.94112549695427,0.7944322471944626,0.9670138888888888,34.37114796961485,20.875412419515598,-0.15960679659775584,474.35188509874325,321.427289048474,0.8652635785666414,0.16551353710014108,0.2468011889171401,0.987289851517824,-0.1589300131816297,321.427289048474,474.35188509874325
300,195.0,51.21320343559643,0.7926570051835216,0.975,20.1732004131096,12.298951472167737,-0.11674862813871,468.7794871794872,461.5692307692308,0.934287613051255,0.23767725580289947,0.24390191840764164,0.9931926163769096,-0.11648359015066856,461.5692307692308,468.7794871794872
301,316.0,65.698484809835,0.6537676529264256,0.9575757575757575,23.122362048984115,17.496583893526765,-1.1921517294079236,467.7879746835443,661.2215189873418,0.9199966360779923,0.34048481925197827,0.24338604301953398,0.36966141461273977,-0.9291665289637311,661.2215189873418,467.7879746835443
302,352.0,71.25483399593904,0.8048783780173555,0.9591280653950953,27.730182880302067,16.456194191237316,0.9081467084274722,469.61079545454544,1036.309659090909,0.8712120271052932,0.5336301025184907,0.24433444092328066,0.6152078752656771,0.7883649346661045,1036.309659090909,469.61079545454544
303,209.0,70.1126983722081,0.8619996775421876,0.6510903426791277,26.61442623602487,13.491087506525895,1.148564672635438,465.25837320574163,1735.4641148325359,0.534272457870042,0.8936478449189165,0.24206991321838794,0.4097971347195374,0.9121766870380197,1735.4641148325359,465.25837320574163
304,500.0,91.01219330881975,0.8154547891828882,0.9208103130755064,33.91031048915372,19.627992116596914,-1.3110120269619971,469.228,159.992,0.7585438772282963,0.08238516992790937,0.24413527575442248,0.2568720954334665,-0.9664454079706831,159.992,469.228
305,398.0,73.59797974644665,0.5312556290657923,0.9590361445783132,24.510141857601262,20.76527594121343,-0.5563219828937158,472.49748743718595,382.1934673366834,0.9233389363223878,0.1968040511517422,0.24583636182996146,0.8492030877845359,-0.5280663932662348,382.1934673366834,472.49748743718595
306,673.0,104.56854249492379,0.683421592635967,0.9168937329700273,35.2890303278383,25.761836324149737,-0.745029512104803,479.0074294205052,45.76820208023774,0.7734332148071508,0.023567560288484935,0.24922342841857711,0.7350678936861029,-0.6779935041516815,45.76820208023774,479.0074294205052
307,111.0,43.21320343559643,0.8969016705017405,0.9024390243902439,18.32110685984721,8.102143512336864,1.1129738613183584,467.22522522522524,802.8918918918919,0.7469644248661348,0.4134355776992234,0.2430932493367457,0.4419958707349785,0.8970170847053183,802.8918918918919,467.22522522522524
308,744.0,109.25483399593904,0.8189253893009723,0.9550706033376123,41.24045179971995,23.667895171383243,1.5186455719406287,474.7540322580645,1178.010752688172,0.7832519352202529,0.606596680066,0.24701042261085562,0.052127118989918036,0.9986404575550757,1178.010752688172,474.7540322580645
309,224.0,53.4558441227157,0.5170624531611234,0.9655172413793104,18.262125201249187,15.631423576624703,-0.8113899812076996,473.2544642857143,1450.3035714285713,0.9850709199906935,0.7468092540826835,0.24623021034636539,0.6884910216427313,-0.7252448642474816,1450.3035714285713,473.2544642857143
310,502.0,87.01219330881975,0.754347282791627,0.9400749063670412,31.430988085807012,20.633675889628247,-1.4828506563976116,476.0119521912351,1832.8625498007968,0.8332078426471538,0.9438015189499469,0.2476649074876353,0.08783234579899116,-0.9961352714523497,1832.8625498007968,476.0119521912351
311,444.0,83.01219330881976,0.8108484162275181,0.9154639175257732,31.650291359792412,18.523529960265186,1.0713692547074616,477.6283783783784,570.2545045045046,0.8096718804232069,0.2936428962433082,0.24850592007199707,0.4789226684015726,0.8778570941167574,570.2545045045046,477.6283783783784
312,565.0,87.59797974644667,0.511132337753935,0.9691252144082333,29.0424070171032,24.962007681322905,1.169434165614692,478.52389380530974,896.4141592920354,0.9252735155175217,0.46159328490836016,0.24897184901420902,0.3906726141717731,0.9205296891117597,896.4141592920354,478.52389380530974
313,1144.0,141.4386001800126,0.8520198425071549,0.9137380191693291,54.182773963852306,28.365196460546464,-0.5994172289614823,489.3006993006993,1721.1564685314686,0.7186211410671683,0.8862803648462763,0.25457892783595176,0.8256645320205676,-0.5641613958463103,1721.1564685314686,489.3006993006993
314,214.0,56.2842712474619,0.8493137232540263,0.9553571428571429,22.761469966046338,12.015516751898293,-1.1253520339900616,477.0233644859813,1425.4906542056074,0.8488863352582924,0.7340322627217339,0.248191136569189,0.43085886122656636,-0.9024193269775124,1425.4906542056074,477.0233644859813
315,142.0,43.79898987322332,0.6333306127443018,0.9342105263157895,15.389533313080548,11.909672727535316,-1.5317156181822675,475.40140845070425,1472.5774647887324,0.9301864722370844,0.7582788181198417,0.24734724685260367,0.03907076136627364,-0.9992364462960004,1472.5774647887324,475.40140845070425
316,168.0,50.870057685088796,0.7179145083799855,0.9180327868852459,17.99441313884872,12.526473846841094,-0.9682138032263852,479.0952380952381,245.32738095238096,0.8158206341776002,0.12632717865725077,0.24926911451365144,0.5667720367831056,-0.823874661778556,245.32738095238096,479.0952380952381
317,637.0,104.22539674441617,0.8766381521992881,0.92992700729927,41.62360220962823,20.02720604820912,1.0104650729729634,485.9010989010989,1024.425431711146,0.7368891845995609,0.5275105209635149,0.25281014510983296,0.5314668252661363,0.8470791070741469,1024.425431711146,485.9010989010989
318,941.0,128.42640687119285,0.8400272964294528,0.938185443668993,48.23468258118839,26.169444263833842,-1.5174324825054064,483.4112646121148,1331.6014877789585,0.71695322640664,0.6856856270746439,0.2515147058335665,0.053338520526676585,-0.9985764879206926,1331.6014877789585,483.4112646121148
319,468.0,83.11269837220809,0.8126946702444763,0.9435483870967742,32.21784722735203,18.77301012608751,0.16890482767956072,486.88247863247864,1499.7991452991453,0.8513751151681886,0.7722961613280872,0.2533207485080534,0.9857694596420135,0.16810286266775099,1499.7991452991453,486.88247863247864
320,86.0,34.72792206135785,0.7780258924759373,0.9555555555555556,13.533878969146722,8.502418704952037,-0.015572685385362207,478.25581395348837,1935.0581395348838,0.8960881185491777,0.9964254065576127,0.24883236938266826,0.9998787481853573,-0.015572055974820344,1935.0581395348838,478.25581395348837
321,41.0,26.14213562373095,0.8698823554155297,0.8913043478260869,10.773007190091391,5.313885447114843,0.7319725956857364,476.6829268292683,18.682926829268293,0.7538962688164794,0.009620456657707669,0.24801400979670568,0.743857489246862,0.6683382644225562,18.682926829268293,476.6829268292683
322,459.0,77.35533905932738,0.43929267948864664,0.972457627118644,25.52146208224392,22.927052324454483,-0.4501492679701926,487.3137254901961,178.78213507625273,0.9639221531630163,0.09206083165615485,0.25354512252351513,0.9003821658991394,-0.43509993717624745,178.78213507625273,487.3137254901961
323,272.0,61.112698372208094,0.6357217803812195,0.9477351916376306,21.280371896167996,16.42670789197872,-0.1666241476317736,486.4375,1132.1838235294117,0.9151996556918407,0.5829988792633428,0.2530892299687825,0.986150284414969,-0.1658542026849961,1132.1838235294117,486.4375
324,517.0,92.66904755831214,0.739491467296138,0.9006968641114983,32.119284134179885,21.621607786652817,0.06655348543557879,491.6441005802708,1386.2263056092843,0.7565384551553049,0.7138137516010733,0.2557981792821388,0.9977861341377899,0.06650436468657013,1386.2263056092843,491.6441005802708
325,27.0,17.899494936611664,0.8515247944462274,0.9310344827586207,8.066834102019481,4.229556777424617,0.8865589775866002,478.3333333333333,1593.0,1.0589905252970802,0.8202883625128733,0.24887270204647935,0.6320822162815011,0.7749013304032105,1593.0,478.3333333333333
326,243.0,60.526911934581186,0.8178457248842832,0.9455252918287937,23.3627293928498,13.443791688806114,-0.784449638758109,488.1975308641975,1431.7777777777778,0.8335259090071335,0.7372697104931915,0.25400495882632546,0.7077771711989692,-0.7064357549909157,1431.7777777777778,488.1975308641975
327,536.0,88.18376618407355,0.7881923084602824,0.9675090252707581,33.32799802651066,20.51101733259611,-1.5055370471715246,488.6940298507463,614.2481343283582,0.8661584925494517,0.31629667061192496,0.25426328296084616,0.06521296873656583,-0.9978713688189293,614.2481343283582,488.6940298507463
328,835.0,115.25483399593905,0.850034853393467,0.9477866061293984,45.45608805585471,23.942923671912748,-1.4960339589885354,491.0610778443114,1537.34251497006,0.789910779448912,0.791628483506725,0.2554948375880913,0.07469274099304742,-0.9972065956675906,1537.34251497006,491.0610778443114
329,538.0,87.59797974644667,0.5731731690290134,0.9471830985915493,29.261115817895693,23.9775609984708,-1.5679788357519322,491.07620817843866,1609.1133828996283,0.8810569050414631,0.8285856760554213,0.25550270977025946,0.0028174873153051423,-0.9999960308747371,1609.1133828996283,491.07620817843866
330,474.0,89.49747468305833,0.8807892554997343,0.9275929549902152,35.99057560327304,17.041843005302884,-1.1845075007544612,490.4535864978903,661.4767932489451,0.7436466799863938,0.34061626840831366,0.2551787650873519,0.37675330645563265,-0.9263136326724055,661.4767932489451,490.4535864978903
331,322.0,67.69848480983501,0.6803978911057497,0.9554896142433235,23.84742667732003,17.476417221215076,-1.5608547850377341,489.9503105590062,1462.7080745341616,0.8828925219996235,0.7531967428085281,0.2549169149630625,0.0099413779971637,-0.9999505832807527,1462.7080745341616,489.9503105590062
332,137.0,48.04163056034261,0.7310542662287816,0.8726114649681529,17.194451607819193,11.732106596651402,-0.6518339691400455,491.43065693430657,260.16058394160586,0.7459246390519283,0.13396528524284546,0.2556871263966215,0.7949725671883502,-0.6066453802823888,260.16058394160586,491.43065693430657
333,1103.0,136.4680374315355,0.8436903605205368,0.9308016877637131,51.8294440526943,27.823606565370813,1.4188075449428004,498.33000906618315,709.1106074342702,0.7442579537819727,0.36514449404442334,0.2592767997222597,0.1514042856202425,0.9884719228667166,709.1106074342702,498.33000906618315
334,537.0,87.84062043356595,0.7480323338261888,0.9572192513368984,32.11558493069532,21.313902455483813,0.4661441342299048,499.6629422718808,153.93296089385476,0.8745675525584933,0.07926517038818473,0.2599703133568579,0.8933079248166234,0.44944515956879316,153.93296089385476,499.6629422718808
335,426.0,78.42640687119285,0.689247222788154,0.9573033707865168,27.488659691263944,19.916255124122817,-0.5811084534203788,497.9389671361502,1739.368544600939,0.8703517900157731,0.895658364882049,0.25907334398342885,0.8358546771645899,-0.5489507798173523,1739.368544600939,497.9389671361502
336,359.0,72.18376618407356,0.756002351648405,0.9472295514511874,26.642135888612557,17.439113571165787,0.9556705868164938,499.6740947075209,558.050139275766,0.865815262793751,0.28735846512655305,0.2599761158727996,0.577061218799686,0.816700893692067,558.050139275766,499.6740947075209
337,688.0,115.35533905932738,0.9371578130517656,0.9703808180535967,50.643642460800706,17.669858857686325,1.5327381572221066,498.76453488372096,1191.375,0.6497150130737261,0.6134783728115345,0.2595028797521961,0.03804898284204147,0.9992758752740336,1191.375,498.76453488372096
338,499.0,83.698484809835,0.7230976740398315,0.9765166340508806,30.609132003721474,21.143129230983025,-0.20306065125099507,504.35871743486973,1929.1723446893789,0.8951075443138612,0.9933946162149222,0.26241348461751807,0.9794539308293148,-0.2016680375840551,1929.1723446893789,504.35871743486973
339,355.0,67.94112549695429,0.2586206095172571,0.9646739130434783,21.658223341834713,20.92138838620634,0.14496909844005626,501.2112676056338,1582.0732394366198,0.9664352075307826,0.8146618122742636,0.26077589365537657,0.9895103704414294,0.1444618523654779,1582.0732394366198,501.2112676056338
340,543.0,91.25483399593904,0.80451306927024,0.9576719576719577,34.3724261904129,20.41498513071664,-0.893989562905901,506.30939226519337,1082.3812154696132,0.8194037266869948,0.5573538699637555,0.2634284038840756,0.6263068491316648,-0.779576635572646,1082.3812154696132,506.30939226519337
341,225.0,55.11269837220809,0.6353883423513326,0.9574468085106383,19.405139964793737,14.98450853492315,-1.2559692947348697,501.76444444444445,670.3688888888889,0.9308699955921064,0.34519510241446394,0.26106370678691176,0.3096520093028979,-0.9508499530076646,670.3688888888889,501.76444444444445
342,307.0,67.11269837220809,0.8020620591827494,0.9446153846153846,25.769124231769457,15.390369783416276,1.1133013418660473,502.6872964169381,1312.1368078175897,0.8565226227365783,0.6756626198854736,0.26154385869767854,0.4417020913934495,0.8971617816529261,1312.1368078175897,502.6872964169381
343,662.0,99.49747468305831,0.5214135118050593,0.9430199430199431,32.156267637141,27.43907619556298,-1.562989535919055,509.36858006042297,1408.6057401812689,0.8403181367341902,0.7253376622972548,0.2650200728722284,0.007806711577324823,-0.9999695271628773,1408.6057401812689,509.36858006042297
344,497.0,91.25483399593904,0.8011421834451345,0.9036363636363637,33.99481730888326,20.345016373904755,-1.5377956705916018,511.1146881287726,1455.1891348088532,0.749988309693253,0.7493249921775763,0.2659285578193406,0.03299466667213724,-0.9994555277605875,1455.1891348088532,511.1146881287726
345,669.0,94.66904755831213,0.6356256649712401,0.9737991266375546,33.22990634710838,25.653401913934236,1.0391785742681028,514.8116591928251,495.8101644245142,0.938036993753615,0.2553090445028394,0.267852059933832,0.506928487393091,0.8619881139954035,495.8101644245142,514.8116591928251
346,562.0,114.36753236814714,0.9607339092334597,0.8878357030015798,52.24143573516265,14.495502224494171,0.9639752877134143,517.0818505338078,1856.5871886120997,0.5399340024788701,0.95601811977966,0.26903322088127357,0.5702589408360561,0.8214649964523987,1856.5871886120997,517.0818505338078
347,217.0,52.04163056034261,0.4047341363397608,0.96875,17.377791161271066,15.890850100186213,-0.2239167753704511,511.0414746543779,365.80645161290323,1.0068570310651164,0.18836583502209228,0.26589046548094586,0.9750352094283977,-0.22205031045896012,365.80645161290323,511.0414746543779
348,84.0,32.97056274847714,0.7525054991204735,0.9545454545454546,12.869664557735591,8.475780456852943,0.9136459267610811,509.0357142857143,427.95238095238096,0.9710384578239459,0.22036682850277084,0.2648468856845548,0.6108632038637591,0.7917361594403173,427.95238095238096,509.0357142857143
349,244.0,61.21320343559642,0.8513337168167343,0.9721115537848606,24.674220040334795,12.944701212491902,0.23462942792496352,516.3401639344262,1381.6803278688524,0.8182942035019887,0.7114728773783998,0.2686473277494413,0.9726005596643522,0.23248258287576906,1381.6803278688524,516.3401639344262
350,610.0,99.63961030678928,0.5117961476285867,0.9242424242424242,31.243716205981492,26.84169285872967,-0.11040417486326347,521.4377049180328,1596.7360655737705,0.7721037439643273,0.8222121861862876,0.2712995342965831,0.9939116471431736,-0.11018002392967431,1596.7360655737705,521.4377049180328
351,142.0,43.798989873223334,0.4325519232377227,0.9403973509933775,14.380540124472816,12.965624758540958,-0.9711443105522931,514.5352112676056,419.69718309859155,0.9301864722370837,0.21611595422172583,0.26770822646597586,0.5643552358254031,-0.8255320513441339,419.69718309859155,514.5352112676056
352,574.0,89.66904755831213,0.2814853060458551,0.9582637729549248,27.923831441931355,26.794746351700624,-0.7063332436024891,521.9337979094076,1151.7003484320558,0.8970912956186058,0.5930485831267023,0.27155764719532133,0.7607468881637698,-0.6490486670112964,1151.7003484320558,521.9337979094076
353,360.0,96.2842712474619,0.9660921237695138,0.8801955990220048,43.5411431502839,11.242219315677573,-0.006230061084583278,530.6611111111112,688.8194444444445,0.4879796030742037,0.3546959034214441,0.27609839287778937,0.9999805932322119,-0.006230020782748211,688.8194444444445,530.6611111111112
354,495.0,114.56854249492382,0.9617458531019496,0.9217877094972067,50.193098301702115,13.750061376028432,1.1689407303461081,518.8040404040404,1833.4767676767676,0.4738973570417605,0.9441178000395302,0.26992926139648304,0.39112678840756365,0.9203368054087508,1833.4767676767676,518.8040404040404
355,650.0,95.98275605729691,0.5429021385566575,0.9615384615384616,31.68366622589824,26.607815149505484,-1.4009084535858147,524.9461538461538,1569.6,0.8866184988090434,0.8082389289392379,0.27312494997198433,0.1690718375466207,-0.9856037305878104,1569.6,524.9461538461538
356,231.0,58.041630560342625,0.7256667391916057,0.9390243902439024,20.829366308913865,14.331569520432032,-1.1287582351592225,517.995670995671,1532.5800865800866,0.8616732976371037,0.789176151689025,0.269508673775063,0.4277825459494881,-0.903881681073897,1532.5800865800866,517.995670995671
357,342.0,81.84062043356595,0.8762373478147891,0.8465346534653465,31.970867154821608,15.406114030298856,1.1192279200532487,522.4269005847954,1311.9766081871346,0.6416499191416387,0.6755801277997604,0.27181420425847835,0.43637726585236625,0.8997637922517294,1311.9766081871346,522.4269005847954
358,458.0,105.49747468305833,0.9113301597173055,0.7829059829059829,41.19148202706928,16.957555111774642,0.28921586615991907,530.5982532751092,1519.698689956332,0.517119856354746,0.7825430947251967,0.2760656884886104,0.9584678057103538,0.2852007458208679,1519.698689956332,530.5982532751092
359,69.0,29.899494936611664,0.7986710524063125,0.9452054794520548,12.104842776990063,7.284305260317549,-0.9419413451475354,517.231884057971,439.60869565217394,0.9699095828004404,0.2263690502843326,0.26911128202808066,0.5882191656138919,-0.8087015600358991,439.60869565217394,517.231884057971
360,791.0,112.08326112068525,0.8223520937655927,0.9394299287410927,42.444647457316734,24.150110508338233,1.3070322163939614,526.2579013906447,1199.8331226295827,0.7912337987825315,0.6178337397680652,0.27380744089003367,0.26071632064608036,0.9654154546871363,1199.8331226295827,526.2579013906447
361,252.0,69.84062043356595,0.9276810096475853,0.9097472924187726,30.02443140230143,11.210334027642872,-0.6302051629332599,527.3690476190476,1540.531746031746,0.6492234933853928,0.7932707240122276,0.27438556067588327,0.8079066206406679,-0.5893105228357763,1540.531746031746,527.3690476190476
362,596.0,90.66904755831214,0.5710613183607638,0.9691056910569106,30.65844585189824,25.167745283282933,0.9304105509807707,527.3473154362416,41.968120805369125,0.9110411977380112,0.02161077281429924,0.2743742536088666,0.59750482606052,0.8018653146472839,41.968120805369125,527.3473154362416
363,278.0,67.59797974644665,0.7910671971774528,0.896774193548387,24.781109967230638,15.159330102938245,-0.7975701006376014,525.9460431654676,579.226618705036,0.7645171401930406,0.29826293445161484,0.27364518374894253,0.6984477539193863,-0.7156610475951338,579.226618705036,525.9460431654676
364,650.0,93.49747468305833,0.4414978085087986,0.9658246656760773,30.40727690465921,27.283304060801502,0.9364645068194516,531.1307692307693,1246.506153846154,0.9343798380913005,0.6418672264913254,0.27634275194108704,0.592639449153563,0.8054678660921001,1246.506153846154,531.1307692307693
365,625.0,123.05382386916236,0.9430326441246755,0.8002560819462228,53.35794006676942,17.752198056326492,-1.328109055868776,531.384,899.68,0.5186801809307481,0.463274974253347,0.276474505723205,0.24031201330944207,-0.9706956970437041,899.68,531.384
366,870.0,124.56854249492379,0.6806739290980738,0.916754478398314,40.000686694687204,29.303963671085274,0.22993625255965036,542.4471264367816,419.32528735632184,0.7045508619322373,0.21592445280964048,0.2822305548578468,0.973680926010586,0.22791545433157412,419.32528735632184,542.4471264367816
367,188.0,69.94112549695427,0.9706219967626358,0.8703703703703703,32.0713112670309,7.716662695491916,-0.362502575053652,534.1063829787234,1104.212765957447,0.48295034410291504,0.5685956570326709,0.2778909380742578,0.9350123011858057,-0.3546152797486652,1104.212765957447,534.1063829787234
368,918.0,115.98275605729688,0.7153160429339538,0.9622641509433962,41.340126193124796,28.888525106538804,-0.8583440792360901,537.4509803921569,1122.9433551198258,0.8575623311761028,0.5782406566013522,0.27963110322172574,0.6536915003106413,-0.7567611396085444,1122.9433551198258,537.4509803921569
369,157.0,45.79898987322332,0.5228475227188768,0.9457831325301205,15.374231676763168,13.105398260750116,1.5101115706917612,527.8152866242038,350.8407643312102,0.940584283057605,0.18065950789454696,0.27461773497617264,0.06064751627961342,0.9981592451954318,350.8407643312102,527.8152866242038
370,563.0,102.91168824543142,0.9043706627144553,0.929042904290429,41.89628033155746,17.87914642261135,1.1511494653617387,532.056838365897,1481.3303730017763,0.668019058975782,0.7627859799185254,0.27682457771378616,0.40743798072123083,0.9132328793171027,1481.3303730017763,532.056838365897
371,54.0,33.03553390593274,0.9706079926964613,0.9310344827586207,17.043889171908273,4.10188466536012,0.04142992049614349,528.9444444444445,1936.7407407407406,0.6217860348620461,0.9972918335431208,0.2752052260376922,0.999141903593505,0.04141806952945924,1936.7407407407406,528.9444444444445
372,577.0,96.66904755831214,0.756743413868834,0.9246794871794872,34.06350850996577,22.26772496867767,1.4466329673881264,534.0814558058926,1697.0259965337955,0.7759090150127801,0.8738547870925827,0.2778779686815258,0.12384457700303066,0.9923016279070292,1697.0259965337955,534.0814558058926
373,536.0,90.42640687119285,0.7567256964048629,0.9554367201426025,32.75307694374767,21.411751846210905,1.3934036665233582,534.5932835820895,450.0205223880597,0.8237285242176765,0.23173044407212137,0.27814426825290817,0.1764637530445932,0.9843071389873269,450.0205223880597,534.5932835820895
374,66.0,30.727922061357855,0.7534895134076313,0.9041095890410958,11.539806752704521,7.5869604839355125,0.2251317526846175,529.8636363636364,280.6515151515151,0.8783900635524622,0.14451674312642385,0.2756834736543373,0.9747647037462489,0.22323479193550352,280.6515151515151,529.8636363636364
375,528.0,83.84062043356595,0.5348410593594402,0.9795918367346939,28.423502492486474,24.016514770577427,-1.2219139796768004,535.7840909090909,757.1666666666666,0.9439191989485685,0.3898901476141435,0.27876383502033864,0.34184770088930744,-0.9397553667825976,757.1666666666666,535.7840909090909
376,360.0,73.59797974644665,0.6614358531945713,0.9523809523809523,25.231834925602097,18.923920133015415,-1.5036736306587812,535.8583333333333,590.9138888888889,0.8351809474272854,0.30428109623526717,0.2788024627124523,0.06707230442656488,-0.9977481175020628,590.9138888888889,535.8583333333333
377,958.0,135.39696961967,0.7568675573991718,0.9046270066100094,44.582333677599166,29.137599274246433,1.0717432709789771,542.0010438413361,1845.2296450939457,0.6566855870152483,0.9501697451565116,0.28199846193617906,0.47859430207415476,0.8780361575824498,1845.2296450939457,542.0010438413361
378,240.0,56.04163056034261,0.6388344879498556,0.963855421686747,20.048293029104507,15.42403794792919,-1.1280845528339185,536.0625,558.3625,0.960283750734805,0.2875193099897013,0.2789086888657648,0.4283913779420373,-0.9035932864430338,558.3625,536.0625
379,255.0,63.112698372208094,0.8669080760343443,0.940959409594096,25.886903781585062,12.903794210578035,0.45317975920858494,540.6274509803922,871.6156862745098,0.8044823993514746,0.44882373134629755,0.281283793434127,0.8990594668735259,0.43782653531403426,871.6156862745098,540.6274509803922
380,418.0,79.01219330881975,0.7484787770094663,0.9393258426966292,28.636676141308197,18.990662195650707,-0.9165441345529661,542.0861244019138,1895.4401913875597,0.8413910936963184,0.9760248153385992,0.28204272861702073,0.6085660256656084,-0.7935032403245535,1895.4401913875597,542.0861244019138
381,400.0,75.35533905932738,0.7017690187609441,0.966183574879227,26.954854354544274,19.202760914131737,1.2544919985156486,540.8075,328.0325,0.8852008021443688,0.16891477857878479,0.281377471383975,0.31105635793974135,0.9503914678621981,328.0325,540.8075
382,236.0,59.35533905932738,0.855015031176665,0.9477911646586346,24.297196505689673,12.60060426675986,0.7173521169585011,541.0381355932203,490.5042372881356,0.8417871398085904,0.2525768472132521,0.28149746909116563,0.7535490650309543,0.6573916690915504,490.5042372881356,541.0381355932203
383,687.0,109.39696961966999,0.8334534723741491,0.914780292942743,41.00040739855781,22.656400332768268,-0.914781440137545,547.5647743813682,1405.6259097525474,0.7213665786742837,0.7238032491001789,0.284893222883126,0.6099637832366812,-0.7924292922018942,1405.6259097525474,547.5647743813682
384,278.0,73.59797974644665,0.8783872198861474,0.8501529051987767,29.09111679352703,13.90408982014249,1.0252328654472447,543.294964028777,1466.1402877697842,0.6449452871799594,0.754964102868066,0.2826716774343273,0.51889983935876,0.8548350464934467,1466.1402877697842,543.294964028777
385,797.0,119.15432893255071,0.5578380183169174,0.8719912472647703,36.70872686666119,30.466402175448906,1.2895823056069637,553.1631116687579,1053.3989962358846,0.7054212452707197,0.542429967165749,0.28780598942183033,0.27752218628939307,0.9607192285559581,1053.3989962358846,553.1631116687579
386,357.0,74.76955262170047,0.8145902972898561,0.937007874015748,28.334502266483973,16.4350530034603,-1.4102817273101538,542.6890756302521,1555.2128851540617,0.802469465074895,0.8008305278857166,0.28235643893353385,0.159826212148437,-0.9871451675970879,1555.2128851540617,542.6890756302521
387,304.0,77.84062043356595,0.9274508336938432,0.9129129129129129,32.89325588278623,12.300272443897024,-1.1734301559544873,546.0230263157895,1578.5526315789473,0.6304793546203904,0.8128489349016207,0.28409106468043155,0.3869910771020192,-0.9220834594782725,1578.5526315789473,546.0230263157895
388,526.0,91.01219330881976,0.8528944400223148,0.9581056466302368,35.94771600663146,18.76770571315908,1.526468345009013,544.7015209125475,1669.4144486692014,0.7979881588441674,0.8596366882951604,0.283403496832751,0.04431346601994166,0.9990176758843156,1669.4144486692014,544.7015209125475
389,423.0,79.11269837220809,0.6842373983272187,0.950561797752809,27.32939660541283,19.930217688960877,-0.11329005677098239,548.0141843971631,1874.3995271867611,0.8492935700381563,0.9651902817645526,0.28512704703286323,0.9935895422454151,-0.11304787278205,1874.3995271867611,548.0141843971631
390,349.0,68.76955262170047,0.48962611998826866,0.9587912087912088,22.759385575943877,19.844647677472427,0.7004863269110331,546.9283667621777,1201.9140401146133,0.9273483271120512,0.6189052729735393,0.28456210549540983,0.7645287964510823,0.6445895743781926,1201.9140401146133,546.9283667621777
391,362.0,74.32590180780451,0.7610827371422912,0.9427083333333334,27.033848894919025,17.53563621618992,-0.593779779772291,550.9751381215469,1328.1629834254143,0.8234515663913718,0.683915027510512,0.28666760568238653,0.8288318262593508,-0.5594978139185078,1328.1629834254143,550.9751381215469
392,492.0,82.42640687119285,0.7010250817770358,0.9666011787819253,29.685434850016485,21.169770587554037,0.18023786863011695,554.2825203252032,292.9817073170732,0.9100017547607264,0.15086596669262264,0.28838840807762917,0.9838010794354732,0.17926359391019042,292.9817073170732,554.2825203252032
393,437.0,76.76955262170047,0.26409639145673774,0.9604395604395605,24.050106033304544,23.19623807559208,-0.6654978719670863,551.3684210526316,809.8146453089245,0.9317797792722976,0.4170003322908983,0.28687222739470947,0.7866094711678152,-0.6174508400424199,809.8146453089245,551.3684210526316
394,331.0,71.25483399593904,0.7410915186564099,0.9430199430199431,25.588924226188034,17.18050664826557,0.5816307489721475,552.5256797583081,1801.4471299093655,0.8192363095791252,0.9276246806948328,0.2874743391042186,0.835567848619686,0.5493872681024464,1801.4471299093655,552.5256797583081
395,1064.0,136.12489168102786,0.8891263609057093,0.9432624113475178,55.16474050389317,25.24679390297608,0.4769157513755677,563.6296992481203,376.4614661654135,0.7215665589894604,0.19385245425613468,0.29325166454116564,0.8884149435022182,0.45904127065216094,376.4614661654135,563.6296992481203
396,414.0,80.08326112068522,0.785289074169793,0.9495412844036697,29.61810731131715,18.337437565513284,0.3842286666907093,555.5676328502416,618.6835748792271,0.8111976897167822,0.3185806255814764,0.28905704102509966,0.9270878382145405,0.3748441545958665,618.6835748792271,555.5676328502416
397,414.0,86.42640687119284,0.8616890521517071,0.9282511210762332,32.9237379270887,16.70671204606735,0.6961148901175667,555.6304347826087,1829.4855072463768,0.6964938556184231,0.9420625680980312,0.28908971632810027,0.7673392652043721,0.641241336842545,1829.4855072463768,555.6304347826087
398,557.0,87.25483399593905,0.5006659460314375,0.9720767888307156,28.832695981040672,24.958751617728257,-0.40861852729898507,555.4865350089767,517.177737881508,0.9193609773375354,0.26631191446009683,0.2890148465187184,0.9176706153992377,-0.3973419706408882,517.177737881508,555.4865350089767
399,613.0,92.91168824543142,0.6507718628808832,0.9623233908948194,32.218411899168096,24.462580737938975,1.1497571087810465,555.8809135399674,581.6231647634584,0.8923385093604577,0.29949699524379936,0.2892200382622099,0.4087091311784521,0.9126646953242767,581.6231647634584,555.8809135399674
400,596.0,106.08326112068522,0.737388662860882,0.8514285714285714,35.93524628701487,24.273133966109693,-0.7591609410103574,556.246644295302,655.6644295302013,0.6655219745576982,0.33762329018033027,0.2894103248154537,0.7254138012552519,-0.6883130225038647,655.6644295302013,556.246644295302
401,33.0,19.31370849898476,0.6080388845046474,0.9428571428571428,7.319024326963136,5.810626445346841,1.3343276658677803,546.3939393939394,207.5151515151515,1.111712424183585,0.10685641169678244,0.2842840475514773,0.23427102769609856,0.9721713252211329,207.5151515151515,546.3939393939394
402,154.0,44.62741699796952,0.5946546554678109,0.9506172839506173,15.653063878235368,12.584769769494775,0.9706801179334027,550.8961038961039,474.1038961038961,0.971688545099036,0.24413176936348924,0.28662648485749426,0.5647383808943716,0.8252699928779694,474.1038961038961,550.8961038961039
403,216.0,68.52691193458118,0.86359865957912,0.7769784172661871,26.79373644128714,13.508862924063001,0.10782358406883516,557.8333333333334,1634.6759259259259,0.5780179060366963,0.8417486745241637,0.2902358654179674,0.9941926669330264,0.10761478066044783,1634.6759259259259,557.8333333333334
404,234.0,65.49137802864844,0.7346092241572123,0.6985074626865672,22.248344661146085,15.095289332397245,-1.536488578269984,561.0598290598291,1858.923076923077,0.6855789334624315,0.9572209458924186,0.29191458327774666,0.034301018760751284,-0.9994115469174721,1858.923076923077,561.0598290598291
405,647.0,93.25483399593904,0.5278533654704509,0.9729323308270676,31.19943653306681,26.498789633663815,-0.6946465795321395,560.7063369397218,547.5440494590417,0.9349135151965671,0.28194853216222543,0.29173066438070855,0.7682799791417394,-0.6401139536441683,547.5440494590417,560.7063369397218
406,480.0,90.91168824543142,0.8580549470992802,0.9213051823416507,35.057149386586644,18.003875715396305,-1.265108749393899,556.8,1136.0854166666666,0.7298131021442217,0.5850079385513216,0.2896982310093652,0.3009489477824804,-0.9536402523114352,1136.0854166666666,556.8
407,608.0,93.59797974644667,0.6773256807677625,0.9635499207606973,32.53701730436609,23.936940357137196,-0.6385365313625948,562.6957236842105,332.53125,0.872128529469058,0.17123133367662205,0.2927657251218577,0.8029688754308435,-0.59602096027684,332.53125,562.6957236842105
408,228.0,58.18376618407356,0.7920927433213805,0.95,22.091343929562424,13.484573090893514,0.7307890393850566,557.8771929824561,1515.9868421052631,0.8463325659649817,0.780631741557808,0.29025868521459736,0.7446479840262515,0.6674573993039851,1515.9868421052631,557.8771929824561
409,650.0,102.76955262170047,0.8905973462402405,0.9643916913946587,42.98741713582647,19.550361940744768,1.4638101189791046,559.1,251.4476923076923,0.7733824075246176,0.12947872930365206,0.290894901144641,0.10678222969781587,0.9942824324208704,251.4476923076923,559.1
410,262.0,61.698484809834994,0.7417234243345074,0.9527272727272728,22.62381053738607,15.173922491093734,1.3256841516271485,558.1870229007634,21.908396946564885,0.8648925531864787,0.01128135785096029,0.29041988704514227,0.24266514857943572,0.9701101100725218,21.908396946564885,558.1870229007634
411,217.0,55.11269837220809,0.6070558550273104,0.9313304721030042,18.66576370812636,14.832920206598153,1.4121713678937282,558.2764976958525,1558.8064516129032,0.8977723957488314,0.8026809740540181,0.29046644000824795,0.15796057833901733,0.9874454190945458,1558.8064516129032,558.2764976958525
412,586.0,102.08326112068522,0.779572034317323,0.9272151898734177,36.47583333134817,22.84527314874091,-1.2970314132855578,566.4573378839591,1409.5085324232082,0.7066403119737299,0.7258025398677694,0.2947228605015396,0.2703580517843909,-0.9627598474361863,1409.5085324232082,566.4573378839591
413,697.0,110.5685424949238,0.8107312124189787,0.8981958762886598,40.206342099109534,23.53753926598812,0.6121129298197447,570.4117647058823,78.72022955523673,0.7164394181804296,0.040535648586630654,0.29678031462324783,0.8184357603596204,0.5745980387754296,78.72022955523673,570.4117647058823
414,320.0,76.76955262170047,0.684241558663404,0.8421052631578947,25.647323145007917,18.703449795306252,-0.25121727560703255,564.446875,1272.05625,0.6823101358515681,0.6550238156539651,0.29367683402705513,0.9686105451326356,-0.24858320912293852,1272.05625,564.446875
415,235.0,57.698484809834994,0.7059770212730774,0.9325396825396826,20.74845375386354,14.69477572767342,0.5064052375571596,562.8978723404256,1541.9872340425532,0.8870516524339254,0.7940202029055372,0.29287090132176147,0.8744937461642451,0.48503679027433033,1541.9872340425532,562.8978723404256
416,704.0,109.05382386916237,0.8107305502696478,0.9312169312169312,40.04399239986541,23.442533457384584,-0.7522181547956601,572.328125,890.2869318181819,0.7438763073702269,0.45843817292388356,0.29777738033298645,0.730175089798282,-0.6832600809633699,890.2869318181819,572.328125
417,370.0,81.01219330881976,0.9068230406524799,0.9536082474226805,33.720205719642856,14.213455625552843,-1.0762116343551988,564.6162162162162,1100.3972972972972,0.7084526145674803,0.566630946085117,0.29376494079928006,0.4746661526566153,-0.8801659181780256,1100.3972972972972,564.6162162162162
418,159.0,45.79898987322333,0.69284466843567,0.9520958083832335,16.81727403127743,12.12671539208986,-1.0911079108046307,561.7861635220125,877.1069182389937,0.9525662484468738,0.45165134821781344,0.2922924888251886,0.46150277969547954,-0.8871387627273118,877.1069182389937,561.7861635220125
419,663.0,94.56854249492379,0.586355836401223,0.975,32.363129469141334,26.21586949869153,0.8619960693417922,571.6138763197587,788.4509803921569,0.9316011180563127,0.40599947497021466,0.29740576291350607,0.6509234631123345,0.7591433627252796,788.4509803921569,571.6138763197587
420,104.0,36.72792206135785,0.6685784030758926,0.9369369369369369,13.443168809986487,9.996900373612526,0.11198018209767148,562.6346153846154,1189.6923076923076,0.9688364886635568,0.6126118989146795,0.29273393100136075,0.993736768362232,0.11174629839501495,1189.6923076923076,562.6346153846154
421,504.0,87.49747468305833,0.6886979975506798,0.9438202247191011,30.284397504802122,21.95765157138895,0.6989260052600136,571.1428571428571,672.0674603174604,0.827273976415898,0.34606975299560266,0.2971606957038799,0.7655336324497866,0.6433958793683987,672.0674603174604,571.1428571428571
422,274.0,69.94112549695429,0.9006691354685131,0.9133333333333333,29.47798609361103,12.808349762450481,-1.0383244523525508,568.5036496350365,1337.7883211678832,0.7038744376819078,0.6888714321152849,0.29578753883196485,0.5076645453343818,-0.8615548208967526,1337.7883211678832,568.5036496350365
423,723.0,113.9827560572969,0.8439942953075927,0.9233716475095786,42.08210994008807,22.570830169524715,1.4888323473999836,571.1313969571231,709.4080221300138,0.6993101852420713,0.3652976427034057,0.2971547330682222,0.08187223659859055,0.9966428331525514,709.4080221300138,571.1313969571231
424,213.0,55.112698372208094,0.7585085109714437,0.9594594594594594,20.488410982777953,13.351542089224498,1.038210888288486,565.8826291079812,1222.056338028169,0.8812235958271938,0.6292772080474609,0.2944238444890641,0.507762383727424,0.8614971628922781,1222.056338028169,565.8826291079812
425,562.0,91.25483399593902,0.6456508276626797,0.9445378151260504,31.018633463559887,23.686845020214687,-1.2946196786956092,572.6156583629893,1246.4768683274021,0.8480753119670187,0.6418521464095789,0.2979269814583711,0.27267918449585155,-0.9621050162756025,1246.4768683274021,572.6156583629893
426,70.0,30.142135623730947,0.812653492009964,0.9459459459459459,12.37617616270495,7.212182035427474,-1.4115237063647625,563.3,1448.5857142857142,0.9681883773454035,0.7459246726496983,0.2930801248699271,0.15860007557470623,-0.9873429070124004,1448.5857142857142,563.3
427,448.0,76.52691193458118,0.5665138910351327,0.9781659388646288,26.332271726341784,21.69916617450718,0.41475021981220944,571.7053571428571,1486.5982142857142,0.961301235624856,0.7654985655436222,0.2974533595956593,0.915217000802993,0.4029613398840816,1486.5982142857142,571.7053571428571
428,232.0,56.04163056034261,0.6331270512669037,0.9626556016597511,19.70498587631166,15.252602752011597,-0.7941583555889736,568.5129310344828,1604.75,0.9282742923769782,0.8263388259526262,0.29579236786393487,0.7008853372547305,-0.7132739614070618,1604.75,568.5129310344828
429,206.0,55.21320343559643,0.8510243607969715,0.9537037037037037,22.387718831785573,11.75637795989039,-0.06705233591342126,570.4174757281553,1785.621359223301,0.8491632560826016,0.9194754681891354,0.29678328601881127,0.9977528342546286,-0.06700210248085996,1785.621359223301,570.4174757281553
430,468.0,84.42640687119285,0.7892319251399496,0.9435483870967742,31.53072530434863,19.362868439938207,-0.9129699938592204,575.0876068376068,829.1602564102565,0.8250857838024523,0.4269620269877737,0.2992131148998995,0.6113982247955665,-0.7913230760674365,829.1602564102565,575.0876068376068
431,436.0,78.76955262170047,0.3887984399764946,0.960352422907489,24.837576722876545,22.883426692232298,-0.27506578936982323,578.190366972477,1529.5091743119267,0.8830384116904232,0.7875948374417748,0.3008274542000401,0.9624073306435869,-0.27161025371566083,1529.5091743119267,578.190366972477
432,264.0,62.526911934581186,0.8134240163130676,0.9565217391304348,24.29225701376722,14.130105970000729,-0.49694033420622424,576.8219696969697,417.4280303030303,0.8485546743392424,0.21494749243204445,0.30011548891621737,0.8790453337573833,-0.4767381893653692,417.4280303030303,576.8219696969697
433,1055.0,140.61017305526642,0.8902573979520093,0.9197907585004359,55.993865901040735,25.50284038342292,-1.0057753156676978,586.6644549763033,848.0928909952606,0.6705464045257002,0.4367110664239241,0.3052364489991172,0.5354335616515118,-0.8445773505471105,848.0928909952606,586.6644549763033
434,151.0,48.62741699796952,0.8252726560394583,0.9263803680981595,19.087170114203452,10.779183263055188,-1.1612002428445927,570.7549668874173,1055.23178807947,0.802461876182921,0.5433737322757313,0.2969588797541193,0.3982388556584578,-0.9172817527040653,1055.23178807947,570.7549668874173
435,589.0,92.32590180780453,0.7498771986091031,0.9592833876221498,33.77714312655943,22.34618255187451,0.6840645497293044,581.6825127334465,218.9932088285229,0.8683164767118151,0.11276684285711787,0.3026443874783801,0.7750105423111755,0.6319483042991236,218.9932088285229,581.6825127334465
436,199.0,70.42640687119284,0.9707936707106821,0.8189300411522634,33.80398595496372,8.110114406863836,-0.6958916007571301,578.5025125628141,904.3417085427136,0.5041872716582869,0.46567544209202555,0.300989860854742,0.7674824284421178,-0.6410699821646538,904.3417085427136,578.5025125628141
437,411.0,75.35533905932738,0.7344859894505507,0.9693396226415094,27.884105283513602,18.922818912367244,-1.174060580469349,576.6204379562043,1458.9805352798053,0.9095438242033389,0.7512773096188493,0.30001063369209385,0.3864096962210106,-0.9223272448900045,1458.9805352798053,576.6204379562043
438,199.0,55.62741699796952,0.7815971106946912,0.908675799086758,20.505010367062514,12.79068880553885,0.35359160285256264,576.0904522613065,1513.4020100502512,0.8081372987598295,0.7793007260814888,0.29973488671243836,0.9381351039869407,0.3462694422951757,1513.4020100502512,576.0904522613065
439,213.0,56.62741699796952,0.7785701693099918,0.9424778761061947,21.041544701418594,13.204780457278174,0.7721944254116936,577.8779342723004,11.145539906103286,0.8347106662303121,0.005739206954739076,0.3006648981645684,0.7163813254296068,0.6977089626597324,11.145539906103286,577.8779342723004
440,710.0,117.25483399593904,0.9264256973830147,0.9281045751633987,49.78846621914733,18.744245174473534,-1.5543712581857012,576.9295774647887,259.8718309859155,0.6489432215444978,0.13381659680016245,0.30017147630842284,0.016424330085441842,-0.999865111593181,259.8718309859155,576.9295774647887
441,549.0,88.08326112068522,0.726350231280203,0.9614711033274956,32.063664694529,22.038151009658677,1.007621452211184,579.6029143897996,761.6994535519126,0.8891917774730994,0.39222422942940915,0.30156239042133176,0.5338734449890874,0.8455643941980314,761.6994535519126,579.6029143897996
442,356.0,69.35533905932738,0.48805043965822476,0.9544235924932976,22.962288797137816,20.041839884799842,-0.29958266058691674,579.0870786516854,1155.0308988764045,0.9300366508573511,0.5947635936541733,0.3012940055419799,0.9554597381551071,-0.2951214813675448,1155.0308988764045,579.0870786516854
443,643.0,95.59797974644665,0.5901447803407082,0.9554234769687965,31.971694899040155,25.81066708022529,0.16644512424443045,583.8351477449455,1188.3919129082426,0.8841448222016637,0.6119422826510003,0.3037643848829061,0.986179960393231,0.1656776560638321,1188.3919129082426,583.8351477449455
444,350.0,71.11269837220809,0.7145103655990646,0.9536784741144414,25.545005384338918,17.871920682838972,0.47647203240451536,581.9,636.3742857142857,0.869728280132917,0.32769015742239227,0.30275754422476586,0.8886185413573545,0.45864701891097864,636.3742857142857,581.9
445,286.0,66.52691193458118,0.4558340927209412,0.9079365079365079,20.82472374941834,18.535352780244956,0.5932898872406378,580.6048951048951,154.82867132867133,0.8120470027828333,0.07972640130209646,0.3020837123334522,0.8291058205912847,0.5590917082748165,154.82867132867133,580.6048951048951
446,351.0,73.35533905932738,0.7914281535280095,0.9410187667560321,27.561746828283006,16.847454016852826,0.7905863250251074,583.6324786324786,616.3162393162393,0.8196973345491017,0.31736160623905213,0.3036589378941096,0.70342869679289,0.7107658324147668,616.3162393162393,583.6324786324786
447,170.0,52.2842712474619,0.8988726515289955,0.9497206703910615,22.297642801918524,9.771048836959354,-0.8505507694997936,580.2,1617.7941176470588,0.7814778396268385,0.8330556733506996,0.30187304890738814,0.6595692634709933,-0.7516437897597048,1617.7941176470588,580.2
448,322.0,64.52691193458118,0.254827275198306,0.9669669669669669,20.6619798203822,19.97985735120306,-0.46225823972053015,585.1149068322982,1212.9378881987577,0.9718158379123844,0.624581816786178,0.3044302324829855,0.8950476723540413,-0.4459704745985017,1212.9378881987577,585.1149068322982
449,986.0,131.0538238691624,0.7996995400156912,0.90625,47.339508831446146,28.422660250243176,1.4910033209208695,591.9269776876267,1587.4087221095335,0.7214186816084436,0.8174092286866805,0.3079744941142699,0.07970836016064654,0.9968182268199657,1587.4087221095335,591.9269776876267
450,20.0,16.071067811865476,0.8438461725570814,0.8,6.985106487280981,3.7481045024578994,-1.3315065478717254,578.0,577.85,0.9730841361922956,0.29755406797116374,0.3007284079084287,0.23701270183240555,-0.9715065512749275,577.85,578.0
451,205.0,52.8700576850888,0.7049770364852653,0.9490740740740741,19.23585259277359,13.64264624491474,-0.9627708353237807,583.3658536585366,1392.209756097561,0.9216035873409161,0.7168948280625957,0.3035202152229639,0.5712479424359508,-0.8207775510226218,1392.209756097561,583.3658536585366
452,567.0,85.59797974644665,0.2869898686143964,0.9775862068965517,27.45798668721875,26.302928513344746,0.25811313121280893,589.8289241622575,1812.6402116402116,0.9724468938416561,0.9333883685068031,0.3068828949855658,0.9668733348098786,0.25525664424971267,1812.6402116402116,589.8289241622575
453,554.0,92.8111831820431,0.7971096600588667,0.9518900343642611,34.57961443461577,20.880366667689167,0.6233936450168598,594.2545126353791,188.32671480144404,0.808200305610192,0.09697565128807623,0.30918549044504634,0.8119019467262281,0.5837938239671272,188.32671480144404,594.2545126353791
454,358.0,84.18376618407356,0.9029646801699349,0.895,34.44798088278449,14.802806294619742,1.4667928349262584,587.2932960893854,61.55865921787709,0.6347989333519191,0.031698588680678215,0.30556362959905586,0.10381609702929703,0.9945965101475088,61.55865921787709,587.2932960893854
455,586.0,109.9827560572969,0.928139820443284,0.9001536098310292,46.403236079216214,17.272757646733034,-0.3793008181449815,604.6126279863481,420.30887372013655,0.6087770658427906,0.21643093394445753,0.31457472840080547,0.9289237494259591,-0.3702710733400842,420.30887372013655,604.6126279863481
456,466.0,85.698484809835,0.7754481389939755,0.9301397205588823,31.249204758974432,19.731099861622823,-1.4672407091718642,591.2596566523605,569.4742489270386,0.7973509092337041,0.2932411168522341,0.30762729274316364,0.10337063247022013,-0.9946429069483714,569.4742489270386,591.2596566523605
457,614.0,89.59797974644667,0.519105549982273,0.9808306709265175,30.261412481457192,25.864736179326936,1.42233581312659,598.0293159609121,448.871335504886,0.9611292637889349,0.2311386897553481,0.31114948801296155,0.14791575642970703,0.9889999641050689,448.871335504886,598.0293159609121
458,341.0,83.49747468305833,0.8712957861812626,0.9045092838196287,32.24417682781358,15.824095564053273,-1.056379095415397,597.7771260997067,594.5982404692082,0.6146353880721819,0.30617829066385593,0.31101827580629904,0.492027586138452,-0.8705796083522565,594.5982404692082,597.7771260997067
459,733.0,101.25483399593902,0.6044208722311434,0.9682959048877147,34.42155281048901,27.422452569685678,1.4075806109407416,598.7639836289222,1113.4242837653478,0.8984259896328238,0.5733389720727846,0.3115317292554226,0.16249201982923642,0.9867098578061411,1113.4242837653478,598.7639836289222
460,400.0,75.11269837220809,0.6717139958074199,0.9501187648456056,26.31570126403661,19.494949781468584,0.7873023930585731,597.88,1546.245,0.8909290652109872,0.796212667353244,0.31107180020811653,0.7057590062777412,0.7084519920628746,1546.245,597.88
461,917.0,121.88225099390856,0.8347383163095459,0.9552083333333333,46.89070937731266,25.82022098155985,1.0168307406759076,601.9989094874591,1894.339149400218,0.7757079935872793,0.9754578524202977,0.31321483324009314,0.5260638696293697,0.8504450629350337,1894.339149400218,601.9989094874591
462,821.0,108.22539674441617,0.4068954704904107,0.9591121495327103,34.204432196134825,31.244884348075725,-1.255528354686486,602.4847746650427,991.3215590742997,0.8808351723750074,0.51046424257173,0.31346762469565176,0.31007124701106703,-0.9507133226041391,991.3215590742997,602.4847746650427
463,352.0,68.8700576850888,0.49776588066349253,0.9643835616438357,22.900384763457858,19.86176560775724,-0.41541889010950406,598.4772727272727,1281.4318181818182,0.9325918890965724,0.6598516056549013,0.3113825560495696,0.914947347938244,-0.403573228176466,1281.4318181818182,598.4772727272727
464,214.0,60.17766952966369,0.7618648813988583,0.9106382978723404,21.114610036859634,13.676692668623858,0.7508611205633551,596.7336448598131,1528.5514018691588,0.7425965159671437,0.7871016487482795,0.3104753615295594,0.7311016245092243,0.6822685795491195,1528.5514018691588,596.7336448598131
465,286.0,70.18376618407356,0.7796203874272997,0.9315960912052117,25.470208724618185,15.950778996630563,1.4708611093785295,597.6818181818181,1837.6118881118882,0.729629791132792,0.9462471102532896,0.3109686879197805,0.09976895749683141,0.9950106306567762,1837.6118881118882,597.6818181818181
466,115.0,41.21320343559643,0.8814111054557424,0.9745762711864406,17.67203345113229,8.347383890959149,-1.017257648255308,595.104347826087,895.4869565217391,0.8508146487600289,0.46111583754981417,0.30962765235488393,0.5257007602595763,-0.8506695660845658,895.4869565217391,595.104347826087
467,293.0,66.5269119345812,0.8426743555415289,0.9421221864951769,26.52218330447574,14.280168367304634,1.1519578057432298,602.9044368600682,307.09215017064844,0.8319222790747203,0.15813190019085913,0.31368597131116976,0.4066996446746972,0.9135619294943693,307.09215017064844,602.9044368600682
468,807.0,109.39696961967,0.7829305593234209,0.965311004784689,40.960436189183355,25.481860322871913,1.0307767404364954,607.5353159851301,1759.9566294919455,0.8473694745125863,0.9062598504077989,0.316095377723793,0.5141527909441312,0.8576986111475059,1759.9566294919455,607.5353159851301
469,210.0,60.627416997969526,0.7879491949644585,0.8502024291497976,22.556532296312728,13.888965030973836,1.5131401895216317,605.652380952381,244.06190476190477,0.7179447553851749,0.12567554313177381,0.3151157028888559,0.05762419887046778,0.9983383453041041,244.06190476190477,605.652380952381
470,236.0,54.2842712474619,0.3900687393949045,0.9711934156378601,18.066405558290874,16.63528860680975,0.054715364778338264,610.3898305084746,1570.0,1.006407450381063,0.8084449021627188,0.3175805569763135,0.9985034878357241,0.05468806798465255,1570.0,610.3898305084746
471,345.0,68.18376618407356,0.4422844043526776,0.9583333333333334,22.229135673648862,19.93675283575371,-1.43488309555756,614.6,506.7623188405797,0.9325389638509501,0.26094867087568474,0.31977107180020814,0.13549517680677006,-0.9907780059438653,506.7623188405797,614.6
472,357.0,81.25483399593904,0.7307394157414868,0.8728606356968215,27.583767789045535,18.830238563361526,-0.9540169982792428,614.0672268907563,1432.5966386554621,0.6794846737720633,0.7376913690295891,0.3194938745529429,0.5784109164754567,-0.815745555735379,1432.5966386554621,614.0672268907563
473,493.0,92.66904755831214,0.873733677035181,0.8898916967509025,37.17014473931536,18.07973040456405,-0.5845790015802096,619.8803245436105,116.48275862068965,0.7214186816084436,0.059980823182641425,0.32251837905494823,0.8339444870641144,-0.55184834193406,116.48275862068965,619.8803245436105
474,810.0,107.9827560572969,0.6468758949918473,0.9712230215827338,37.17522096363859,28.349648415195038,-1.5054383820987605,623.4481481481481,167.80987654320987,0.8729433627305716,0.08641085300886193,0.32437468686167953,0.06531142347020236,-0.9978649297195968,167.80987654320987,623.4481481481481
475,629.0,114.32590180780451,0.8953428664248677,0.8909348441926346,44.81742673034498,19.960675186073203,-0.2018632470405502,635.8155802861685,1030.4515103338633,0.6047435400479596,0.5306135480606917,0.33080935498760067,0.9796947067698272,-0.20049509103013552,1030.4515103338633,635.8155802861685
476,178.0,53.45584412271571,0.8741170947154374,0.9222797927461139,22.00736517633049,10.689312893044981,1.2140651189433573,619.2977528089888,441.44943820224717,0.7827795703497473,0.22731690947592542,0.32221527201300143,0.34921310451031157,0.9370433328498049,441.44943820224717,619.2977528089888
477,359.0,83.59797974644665,0.8709734489193417,0.8713592233009708,32.41759342044984,15.927738892874482,1.332799806374451,620.2451253481894,1123.532033426184,0.6455245268713128,0.5785437865222368,0.32270818176284566,0.2357560948708186,0.9718122574506156,1123.532033426184,620.2451253481894
478,315.0,69.11269837220809,0.7873502983995043,0.9545454545454546,25.941908015649496,15.993338988612821,-1.2695349881743894,622.0571428571428,134.24444444444444,0.8287140822541625,0.06912690239157798,0.32365095882265493,0.29672497406851567,-0.9549629782164536,134.24444444444444,622.0571428571428
479,1099.0,137.74011537017762,0.8823292059194028,0.9490500863557858,55.152163915668304,25.956413810896176,-0.26046774818465435,639.0655141037307,310.01000909918105,0.7279250611627363,0.15963440221379044,0.33250026748373085,0.9662696234600012,-0.2575325509104964,310.01000909918105,639.0655141037307
480,751.0,101.49747468305833,0.6437705799524529,0.9740596627756161,35.48425860930997,27.1532131787492,-0.5963327161869051,630.7270306258322,284.323568575233,0.916092499269096,0.14640760482761742,0.3281618265482998,0.8274007645200998,-0.5616119433127775,284.323568575233,630.7270306258322
481,252.0,66.18376618407358,0.8945928027274553,0.9438202247191011,27.414153498323287,12.250897736597967,-0.8121198132952463,624.0833333333334,1583.6507936507937,0.7229486494282981,0.8154741470910369,0.32470516822754075,0.6879615313524229,-0.725747153889858,1583.6507936507937,624.0833333333334
482,582.0,95.9827560572969,0.8339171558672652,0.9509803921568627,37.10186365849238,20.47613425885391,0.8800464423677097,629.5137457044674,1105.6305841924398,0.7938645635490206,0.5693257385130998,0.32753056488265736,0.6371153485730375,0.7707684688754833,1105.6305841924398,629.5137457044674
483,442.0,83.11269837220809,0.811261279962636,0.9444444444444444,31.419903627542425,18.37070837051508,-0.19835193395436707,631.1447963800905,1735.6018099547512,0.8040764976588448,0.8937187486893672,0.3283791864620658,0.9803926668816708,-0.19705384727186953,1735.6018099547512,631.1447963800905
484,280.0,69.25483399593904,0.7739998260876616,0.8945686900958466,24.765119254717998,15.680922080004983,1.0409095684169387,625.65,1917.1857142857143,0.7336141680986065,0.9872223039576283,0.32552029136316335,0.5054356322914862,0.8628643123980186,1917.1857142857143,625.65
485,508.0,83.94112549695429,0.5944215230649891,0.9603024574669187,28.477714657010896,22.90045747875435,1.5352382866718823,632.2165354330708,1756.734251968504,0.9059912436922964,0.9046005416933594,0.32893680303489636,0.03555054748517947,0.9993678794985879,1756.734251968504,632.2165354330708
486,529.0,85.59797974644665,0.4681206893732653,0.9566003616636528,27.84639004476757,24.606867464180638,0.8083947036582999,637.9149338374291,1861.3572778827977,0.9072740861415097,0.9584743964381038,0.33190163050854793,0.6906602395933457,0.7231793922982473,1861.3572778827977,637.9149338374291
487,310.0,71.698484809835,0.7745983586866168,0.8882521489971347,26.26718632821148,16.61277295362196,0.2435137934532263,644.3903225806451,1156.4967741935484,0.7577947672576899,0.5955184213149065,0.33527071934476854,0.9704967422135224,0.24111423299535775,1156.4967741935484,644.3903225806451
488,563.0,88.42640687119285,0.46554396358546485,0.9656946826758147,28.59712484086071,25.309163422245476,-0.16117824262029898,643.911190053286,1886.7619893428064,0.9048035637367299,0.9715561222156572,0.3350214308289729,0.9870388826559786,-0.16048128901911696,1886.7619893428064,643.911190053286
489,320.0,65.11269837220809,0.5390401090026736,0.963855421686747,22.03987392051178,18.563747131652722,0.11432244352916683,643.79375,95.25625,0.9484806062401062,0.04905059217301751,0.33496032778355883,0.9934723036442884,0.11407358104184695,95.25625,643.79375
490,354.0,67.698484809835,0.4482480899128626,0.9698630136986301,22.484091537512903,20.098736178978545,0.7883828629955096,644.6836158192091,13.612994350282486,0.9706333937511394,0.0070097808188890245,0.3354233172836676,0.7049931333906041,0.7092141297747091,13.612994350282486,644.6836158192091
491,488.0,81.35533905932738,0.26210109085900196,0.9587426326129665,25.445460500715317,24.555897966971532,0.8797750156904144,646.7704918032787,256.82377049180326,0.9265259067938536,0.13224704968681938,0.33650910083417207,0.6373245322260181,0.7705955103832925,256.82377049180326,646.7704918032787
492,310.0,63.941125496954285,0.40525694279043006,0.9657320872274143,20.920854533368367,19.125904373970304,-1.4450723470073288,644.8322580645162,77.2258064516129,0.9528203078637302,0.039766120726886144,0.3355006545601021,0.1253930317048962,-0.9921071452216514,77.2258064516129,644.8322580645162
493,638.0,108.32590180780451,0.8730623229279093,0.8898186889818689,43.03263442440978,20.983084103774367,0.80841404867903,652.3761755485893,1422.2319749216301,0.6832284091390655,0.7323542610307056,0.3394256896714825,0.6906462495437782,0.7231927529995812,1422.2319749216301,652.3761755485893
494,272.0,68.07716446627535,0.8577571278360929,0.9347079037800687,26.190493006587488,13.463358127081491,1.1656401392768578,647.3566176470588,1333.6911764705883,0.7375234803741538,0.6867616768643606,0.33681405704841766,0.39416230788648027,0.9190408451432415,1333.6911764705883,647.3566176470588
495,911.0,126.56854249492379,0.8156589413148935,0.9055666003976143,46.52038120066354,26.91357808392354,-0.7809867146895362,661.5236004390779,1907.993413830955,0.7146224952189926,0.982488884567948,0.3441850158371893,0.7102192559163355,-0.7039805455590707,1907.993413830955,661.5236004390779
496,558.0,87.49747468305833,0.6923578261717475,0.9704347826086956,31.424993712606778,22.67484005266394,-0.6322622393974757,658.3351254480286,1558.4623655913979,0.9159104738890298,0.8025037927865076,0.342526079837684,0.8066926553354713,-0.5909712005062568,1558.4623655913979,658.3351254480286
497,110.0,38.14213562373095,0.7715291499345758,0.9649122807017544,14.920663928288938,9.492436458703759,1.1524880566167746,649.2727272727273,1290.1272727272728,0.9501507971837656,0.6643291826607997,0.3378109923375272,0.4062151705111933,0.9137774538948541,1290.1272727272728,649.2727272727273
498,370.0,80.38477631085023,0.8778153686967975,0.9585492227979274,32.00649022602057,15.33108137149473,0.12618332369332338,658.9027027027028,1930.8891891891892,0.7195549628948223,0.9942786762045258,0.3428213853812189,0.9920494420330127,0.125848736831119,1930.8891891891892,658.9027027027028
499,288.0,77.698484809835,0.9561431576300344,0.9201277955271565,35.751465171759754,10.471595123498338,1.3329981713396617,653.9826388888889,1229.6458333333333,0.5994835249392739,0.6331852900789564,0.34026151867267895,0.23556331672909925,0.9718590040801114,1229.6458333333333,653.9826388888889
500,419.0,76.76955262170047,0.6503435849553355,0.9479638009049773,26.78987936205726,20.350669105876214,-0.2844443067314016,661.0262529832936,1842.5536992840096,0.8933998341306468,0.9487918121956794,0.3439262502514535,0.9598177417831009,-0.2806241303922181,1842.5536992840096,661.0262529832936
501,942.0,137.67514421272202,0.9165776111564534,0.9119070667957405,55.504326012634515,22.193783727787462,0.5318535368765598,674.447983014862,1339.1762208067942,0.624524796697499,0.6895861075215212,0.35090946046558896,0.8618685642319378,0.5071317166070153,1339.1762208067942,674.447983014862
502,492.0,82.76955262170047,0.7016895908563627,0.9609375,29.713096874190672,21.17006999443424,-1.030147239681589,661.780487804878,1733.040650406504,0.9024720307194067,0.8923999229693635,0.34431867211492095,0.5146926109597031,-0.8573747816582219,1733.040650406504,661.780487804878
503,682.0,120.71067811865477,0.878603386289125,0.8557089084065245,45.63378931716303,21.792515807940365,0.2671422906279273,676.2932551319648,1037.1085043988269,0.5881699865547284,0.5340414543763269,0.35186953961080375,0.9645292009386589,0.26397617418364133,1037.1085043988269,676.2932551319648
504,1271.0,141.29646455628165,0.8099706025410054,0.9585218702865762,53.00834234308597,31.087827937638938,-1.009831130436838,674.1911880409127,1597.9535798583793,0.8000052259244788,0.822839124540875,0.3507758522585394,0.5320037179138308,-0.8467420174562386,1597.9535798583793,674.1911880409127
505,283.0,65.94112549695429,0.8376348181786867,0.9658703071672355,26.109849725633055,14.261999909205132,-0.7875758798090527,665.660777385159,1759.5406360424029,0.8178687010838592,0.9060456416284258,0.34633755327011395,0.7055652276533532,-0.7086449813033829,1759.5406360424029,665.660777385159
506,825.0,147.01219330881977,0.9579355832316407,0.8996728462377317,63.78885400180521,18.306336258064093,-0.12595181168694564,690.8678787878788,1790.1309090909092,0.47968606095638255,0.9217975844958338,0.35945259042033234,0.9920785509404781,-0.12561906210381138,1790.1309090909092,690.8678787878788
507,112.0,38.970562748477136,0.7808768027232349,0.9411764705882353,15.130029898345233,9.45150357165331,-0.3334031555446864,662.8303571428571,116.51785714285714,0.926732795611697,0.05999889657201706,0.3448649100639215,0.9449340985540836,-0.3272606749821636,116.51785714285714,662.8303571428571
508,409.0,81.25483399593904,0.6680955200671392,0.9129464285714286,27.02758574085753,20.110564852776385,-0.4537092362453298,669.8215158924205,368.7457212713936,0.7784572312962855,0.18987936213768983,0.34850234957982335,0.8988275217640018,-0.4383025052627269,368.7457212713936,669.8215158924205
509,47.0,26.485281374238568,0.9143729677949322,0.9591836734693877,12.115622700065314,4.905287456652903,0.19340951855509647,662.7872340425532,1717.0,0.8419737264064941,0.884140061791967,0.34484247348728053,0.9813546106539989,0.19220595242639696,1717.0,662.7872340425532
510,511.0,85.94112549695427,0.7696430998827931,0.9515828677839852,32.13176452364635,20.51530754898075,0.31525366323329274,672.3953033268102,87.59099804305283,0.869418125837079,0.04510350053710239,0.34984146895255475,0.9507177592775637,0.3100576433411188,87.59099804305283,672.3953033268102
511,260.0,62.76955262170047,0.8551318664452732,0.9701492537313433,25.36895911488886,13.151535867556232,0.9408392324151043,666.25,1295.6846153846154,0.8292493606963802,0.6671908421136021,0.34664412070759626,0.5891100884786151,0.80805278518963,1295.6846153846154,666.25
512,785.0,112.08326112068522,0.8249545558196916,0.9446450060168472,42.543182163776734,24.045366696616785,1.4017601237958848,672.1414012738853,1136.1821656050956,0.7852320253404396,0.5850577577781131,0.3497093659073285,0.16823236699436056,0.985747366567862,1136.1821656050956,672.1414012738853
513,427.0,98.42640687119285,0.9187063516137723,0.8148854961832062,41.225453595933956,16.281634709064708,0.1498599302775957,676.5620608899297,256.4566744730679,0.5538784609127602,0.13205801981105453,0.35200939692504146,0.9887919999940955,0.14929963411769145,256.4566744730679,676.5620608899297
514,734.0,111.7401153701776,0.86297218461286,0.9470967741935484,44.09988828234643,22.2815316640815,-1.095994171771635,677.2193460490463,1661.8133514986375,0.7387333286759541,0.855722632079628,0.35235137671646527,0.45716249613156423,-0.8893831863323916,1661.8133514986375,677.2193460490463
515,187.0,50.04163056034261,0.7047464132953484,0.9444444444444444,18.34277880555658,13.013454941519358,1.3470116550989815,668.0534759358288,1096.7379679144385,0.9384012246631103,0.5647466364132021,0.34758245366068097,0.2219215027878251,0.9750645345824005,1096.7379679144385,668.0534759358288
516,297.0,69.25483399593905,0.6563847311088673,0.9027355623100304,23.278577842659313,17.561972008879156,-0.9280283215863853,674.7845117845118,1011.1043771043771,0.778155028304593,0.5206510695697102,0.35108455347789375,0.5994133559524623,-0.800439647135127,1011.1043771043771,674.7845117845118
517,523.0,82.18376618407356,0.5438724881032235,0.9775700934579439,28.16864569696983,23.63822245468809,1.1916603759960431,674.5774378585086,1067.1261950286807,0.973059672095868,0.549498555627539,0.35097681470265796,0.37011791911524106,0.9289847824102416,1067.1261950286807,674.5774378585086
518,524.0,87.49747468305833,0.5130555394278223,0.9458483754512635,28.141902714401812,24.15575450138808,1.4785799280475427,676.3396946564885,1864.3931297709923,0.8601023088133543,0.9600376569366593,0.3518937016943228,0.09208575501992512,0.9957510802014781,1864.3931297709923,676.3396946564885
519,497.0,90.81118318204308,0.8656758525199753,0.9502868068833652,35.93531315517006,17.98939573139407,0.8033507937961724,679.3360160965794,1452.9919517102617,0.7573342264061639,0.7481935899640895,0.3534526618608634,0.6942990902614277,0.7196865798819331,1452.9919517102617,679.3360160965794
520,703.0,116.22539674441619,0.8914380443165827,0.9286657859973579,45.14080477830768,20.455221504382017,0.8146754697577224,685.8990042674253,1430.8662873399714,0.6539779631772418,0.7368003539340738,0.3568673279226979,0.6861045262996294,0.7275029752455733,1430.8662873399714,685.8990042674253
521,644.0,95.49747468305833,0.6211177781364775,0.9640718562874252,32.74985652415933,25.66662702781057,1.4677759475918652,685.3571428571429,300.21894409937886,0.8873847413374613,0.1545926591654886,0.3565854021108964,0.10283824659084118,0.9946980924069984,300.21894409937886,685.3571428571429
522,357.0,78.91168824543142,0.9223121827021138,0.9648648648648649,34.42359942773076,13.302850133054594,0.8484694848425611,687.3725490196078,238.11764705882354,0.7204360069840771,0.12261464833101109,0.35763400053049316,0.6611322184862192,0.7502694113979925,238.11764705882354,687.3725490196078
523,394.0,76.42640687119285,0.5640740558816536,0.9314420803782506,25.06375640761971,20.695750284797295,1.1930059234902337,685.9873096446701,1838.1065989847716,0.8476551437669696,0.9465018532362367,0.3569132724477992,0.3688675912974762,0.9294819525361415,1838.1065989847716,685.9873096446701
524,167.0,47.21320343559643,0.5261207139151897,0.943502824858757,15.847521580460578,13.476889208677196,0.12646247419506576,685.7185628742515,1724.1017964071857,0.9414546355879952,0.8877970115382007,0.35677344582427234,0.9920142726427115,0.12612566302363756,1724.1017964071857,685.7185628742515
525,288.0,73.25483399593904,0.9314750834798342,0.9536423841059603,31.932105760616405,11.617063722486613,-0.5459932918398345,696.1770833333334,1917.1944444444443,0.6744189655566832,0.9872267994049662,0.3622149236906001,0.854611928559766,-0.5192672255817399,1917.1944444444443,696.1770833333334
526,435.0,78.5269119345812,0.7375333143057546,0.9602649006622517,28.724768118846885,19.398144727938014,-1.0596134844508929,696.1540229885057,1120.528735632184,0.8864659990052987,0.5769972892029783,0.36220292559235473,0.48920922429306396,-0.8721664605260734,1120.528735632184,696.1540229885057
527,418.0,83.49747468305833,0.879619302330065,0.9565217391304348,34.016047407757675,16.180696957962436,0.8234157648876904,698.7511961722488,1412.9784688995214,0.7534240240884812,0.7275893248710203,0.3635542123684957,0.6797198100041093,0.7334718671414586,1412.9784688995214,698.7511961722488
528,421.0,77.11269837220809,0.5932093253862611,0.9722863741339491,26.208177084341717,21.098847283762098,0.9517193439735347,695.5296912114014,350.0285035629454,0.8896929698945046,0.18024124797268043,0.3618780911609789,0.580283689337604,0.8144144153247407,350.0285035629454,695.5296912114014
529,213.0,52.62741699796952,0.6183158044208583,0.9551569506726457,18.596065478599844,14.615201022404232,1.4394109066480067,693.5821596244132,115.36619718309859,0.9664187726758723,0.05940586878635355,0.36086480729678105,0.13100774759552927,0.9913813444229955,115.36619718309859,693.5821596244132
530,274.0,64.76955262170047,0.8609676488928634,0.958041958041958,26.309621864646086,13.382644808462814,-0.7463713541010703,697.3138686131387,1755.302919708029,0.8207646291649162,0.9038635013944537,0.36280638325345405,0.7341574720425932,-0.678979238448444,1755.302919708029,697.3138686131387
531,533.0,93.84062043356593,0.8118082632290454,0.9433628318584071,34.47884417774985,20.133027736450778,0.46743843004812446,705.1106941838649,189.00750469043152,0.7605982679291254,0.0973262125079462,0.36686300425799423,0.8927254617531323,0.4506009875018659,189.00750469043152,705.1106941838649
532,460.0,110.71067811865476,0.96594490457057,0.8646616541353384,50.53661189912807,13.076238840666488,1.0077786768037604,707.0021739130435,95.48913043478261,0.4716161557395219,0.04917051000761206,0.36784712482468446,0.5337404948736985,0.8456483217815662,95.48913043478261,707.0021739130435
533,256.0,59.04163056034262,0.7104949227430744,0.9624060150375939,21.624860322243087,15.217464525680732,0.1621744767651933,703.53515625,1470.4609375,0.9228543070174695,0.7571889482492276,0.36604326547866806,0.9868785159333326,0.16146453105627567,1470.4609375,703.53515625
534,602.0,93.49747468305831,0.656894428455457,0.9525316455696202,32.0838712104847,24.190679543180607,0.28324790885835976,710.3388704318937,1722.1146179401994,0.8653794808168664,0.8867737476520079,0.3695831792049395,0.9601527928896756,0.2794756059232287,1722.1146179401994,710.3388704318937
535,300.0,73.11269837220809,0.8586974919903001,0.8695652173913043,28.654928022979686,14.685157661850587,0.3551631092311862,712.8466666666667,1461.18,0.7052538948965702,0.7524098867147271,0.3708879639264655,0.9375897811494944,0.3477432994092669,1461.18,712.8466666666667
536,434.0,78.66904755831213,0.6618126093346667,0.9580573951434879,27.27578619922609,20.4478197427254,0.8058692116432022,711.3433179723502,1361.60599078341,0.8812351448788092,0.7011359375815706,0.37010578458498966,0.6924844188803078,0.7214328309745838,1361.60599078341,711.3433179723502
537,465.0,82.28427124746189,0.645672879250567,0.9393939393939394,28.4040958019895,21.68976878272496,-1.4867708478948785,711.3956989247312,1441.752688172043,0.8630364981879751,0.7424061216127925,0.3701330379421078,0.08392663988120631,-0.9964719359411234,1441.752688172043,711.3956989247312
538,441.0,100.42640687119285,0.9535310465652844,0.8963414634146342,44.619096304757974,13.443500714669302,0.31839478258532306,719.047619047619,1806.700680272109,0.5494809046101883,0.9303299074521673,0.37411426589366237,0.9497391426286852,0.3130424267714042,1806.700680272109,719.047619047619
539,349.0,74.18376618407356,0.7926320246530524,0.920844327176781,27.394653781562457,16.70252902608008,-1.2589934185518517,710.702005730659,1512.8280802292263,0.7969251540988999,0.7790051906432679,0.36977211536454685,0.3067751097634776,-0.9517820296841112,1512.8280802292263,710.702005730659
540,614.0,93.39696961966999,0.6035396539230088,0.9578783151326054,31.686653826441667,25.264814223934405,-0.7231217837409866,717.2117263843649,302.9087947882736,0.8845301986306364,0.15597775220817384,0.3731590667972762,0.7497436127652672,-0.6617284300358305,302.9087947882736,717.2117263843649
541,399.0,82.76955262170047,0.762392085716837,0.8827433628318584,29.465182886836935,19.06737285219864,0.9861691201450967,720.3383458646616,1080.8395989974938,0.7318828054004944,0.5565600406784211,0.37478581990877297,0.5518885416449049,0.833917884207468,1080.8395989974938,720.3383458646616
542,520.0,88.76955262170047,0.6789924497619874,0.935251798561151,30.366977620806573,22.29377248200061,1.164569362626431,717.2865384615385,1396.6346153846155,0.8292493606963802,0.7191733343896063,0.37319799087489,0.3951461692103295,0.9186182585592351,1396.6346153846155,717.2865384615385
543,245.0,59.698484809834994,0.8232150414423386,0.953307392996109,23.449537964358072,13.312998808362353,0.7849317829890715,718.0979591836734,993.1224489795918,0.8638718676564139,0.5113915803190483,0.37362016606850856,0.7074364850223293,0.706776923547488,993.1224489795918,718.0979591836734
544,207.0,54.62741699796952,0.8359104819911086,0.9583333333333334,22.001800552644248,12.07603585550916,1.5211104019400847,719.7971014492754,246.12077294685992,0.8716836053257654,0.12673572242371778,0.3745042151140871,0.049665484177742726,0.9987659083495944,246.12077294685992,719.7971014492754
545,429.0,86.42640687119285,0.8931836971168514,0.9069767441860465,35.38392256151415,15.911866445826528,-1.263132865526346,724.4219114219114,148.25641025641025,0.7217291402422789,0.07634212680556655,0.37691046379912146,0.30283264147662625,-0.9530437509664964,148.25641025641025,724.4219114219114
546,149.0,46.62741699796952,0.7316532279372792,0.9254658385093167,17.108766319357198,11.662652770844819,-0.10759390149126777,722.0805369127517,1116.8993288590605,0.861218632236714,0.5751283876720188,0.37569226686407475,0.9942173579491528,-0.10738642908955606,1116.8993288590605,722.0805369127517
547,384.0,77.84062043356595,0.8789422297552559,0.9481481481481482,32.1566196500584,15.336400372863102,-0.531026466566397,730.0442708333334,315.7708333333333,0.7963949742573353,0.1626008410573292,0.3798357288414846,0.8622877029917142,-0.5064187173370207,315.7708333333333,730.0442708333334
548,918.0,124.8111831820431,0.8528628751572473,0.9434737923946557,48.281295343375575,25.209352200115287,1.3677148545104003,729.1328976034858,411.65795206971677,0.7405349238118789,0.21197628839841234,0.3793615492213766,0.20168843078344723,0.9794497316800442,411.65795206971677,729.1328976034858
549,221.0,55.79898987322333,0.6174757979730194,0.9525862068965517,19.213201283474316,15.112909687088564,0.1139913536162272,724.9230769230769,1043.9819004524886,0.8919683895993337,0.5375807932299117,0.3771712158808933,0.9935100178031343,0.1137446461369318,1043.9819004524886,724.9230769230769
550,557.0,104.5685424949238,0.8774031280154588,0.8799368088467614,40.031049678095194,19.205049967257025,-0.5702768860621378,735.0987432675045,1473.4775583482945,0.6401222892237486,0.7587423060495851,0.38246552719433113,0.8417515262986565,-0.5398651386910274,1473.4775583482945,735.0987432675045
551,570.0,93.59797974644665,0.8224290946971257,0.9547738693467337,35.99682180632948,20.477426826634282,-0.10662690847216104,733.5228070175439,1697.6982456140352,0.8176204963772422,0.8742009503676803,0.3816455811745806,0.9943207350261359,-0.10642497778756949,1697.6982456140352,733.5228070175439
552,343.0,68.04163056034261,0.5747231603689267,0.9634831460674157,23.21948072427436,19.001613339470428,0.44567718520540534,728.9620991253644,1915.609329446064,0.9310104569538498,0.9864105712904553,0.3792726842483686,0.9023189587508191,0.43106901614339843,1915.609329446064,728.9620991253644
553,642.0,93.49747468305833,0.5115976741077576,0.963963963963964,30.91103945368438,26.559541817910567,0.5282086846796749,733.5981308411215,1567.7056074766356,0.9228797785455615,0.807263443602799,0.3816847715094284,0.8637112553576396,0.5039869714273676,1567.7056074766356,733.5981308411215
554,60.0,27.556349186104043,0.6903692441524222,0.9375,10.352309746568052,7.489452926171199,-1.3567984679165739,723.9833333333333,271.25,0.9929279952982467,0.1396755921730175,0.37668227540756155,0.21236825311412014,-0.9771897078199591,271.25,723.9833333333333
555,60.0,28.727922061357855,0.856242941275702,0.9230769230769231,12.148781956449618,6.275736988786415,0.32138911065589854,725.1833333333333,1058.2166666666667,0.913592838685127,0.5449107449364916,0.3773066250433576,0.9487975346259605,0.31588484972802866,1058.2166666666667,725.1833333333333
556,238.0,57.4558441227157,0.7584646990400737,0.9635627530364372,21.721535513878738,14.156231504176874,1.0622729526293315,727.936974789916,1026.4033613445379,0.9059795650294179,0.5285290223195355,0.3787393209104662,0.4868879980478209,0.8734644110420213,1026.4033613445379,727.936974789916
557,329.0,69.698484809835,0.6875098518894573,0.9454022988505747,24.459547828212557,17.761913372391454,1.3662447757398564,728.8449848024316,1498.7355623100304,0.8510578619358476,0.7717484872863185,0.3792117506776439,0.2031280805846005,0.9791521755467921,1498.7355623100304,728.8449848024316
558,339.0,67.94112549695427,0.6530172843617474,0.9576271186440678,23.948971300160398,18.13758587692978,-0.7689383828263225,733.2212389380531,363.44837758112095,0.9228775643744659,0.18715158474826002,0.3814886779074158,0.7186492940428938,-0.6953727001915235,363.44837758112095,733.2212389380531
559,408.0,79.01219330881976,0.7597017557267786,0.951048951048951,28.857113908527992,18.764963598118545,-1.256301993063963,734.2107843137255,1838.2573529411766,0.8212621201629133,0.9465794814321198,0.3820035298198364,0.3093356459807416,-0.9509529210879355,1838.2573529411766,734.2107843137255
560,617.0,113.74011537017762,0.8928640301798226,0.922272047832586,44.03077241989436,19.828217134524344,-0.050734870202536426,745.5105348460291,200.17341977309562,0.5993323211033987,0.10307591131467334,0.3878826924276947,0.9987132625163834,-0.050713107515528134,200.17341977309562,745.5105348460291
561,521.0,89.59797974644667,0.7499594866113987,0.9438405797101449,32.29681723549233,21.363820191239178,1.4875790874091976,737.0115163147792,258.26487523992324,0.8155510528241614,0.13298912216267933,0.3834607264905199,0.08312122456277139,0.9965394432872114,258.26487523992324,737.0115163147792
562,398.0,84.76955262170047,0.747382484072625,0.8824833702882483,28.91156208548171,19.208669147521295,-0.13873734488044162,739.108040201005,933.7613065326633,0.6960062729355218,0.4808245656707844,0.38455152976118884,0.990391401644362,-0.13829270244273933,933.7613065326633,739.108040201005
563,839.0,129.74011537017762,0.9324488421232576,0.9437570303712036,55.02174595454678,19.87946850302006,0.20930972034989706,752.0190703218117,1633.2038140643624,0.6263589180827852,0.8409906354605368,0.3912690272225867,0.9781745773304394,0.20778473539799827,1633.2038140643624,752.0190703218117
564,219.0,57.8700576850888,0.8122208143660691,0.9358974358974359,22.04845711969283,12.861969845916356,0.5043536912036399,741.0228310502283,135.17351598173516,0.8217621771463093,0.0696053120400284,0.385547778902304,0.8754869806220852,0.4832417063553441,135.17351598173516,741.0228310502283
565,240.0,57.698484809834994,0.6789737016075857,0.9486166007905138,20.53027801049085,15.072562133107963,1.5275353954569566,738.6916666666667,1050.0666666666666,0.9059250918474131,0.5407140405080673,0.38433489420742284,0.04324743873609712,0.9990643918400693,1050.0666666666666,738.6916666666667
566,73.0,29.899494936611667,0.5682016378368742,0.9358974358974359,10.642499353051905,8.757599481163538,-0.12308675042840804,736.5068493150685,280.6575342465753,1.026136225281625,0.14451984255745381,0.38319815260929685,0.9924343849829455,-0.12277618459425597,280.6575342465753,736.5068493150685
567,299.0,63.94112549695428,0.6312329669845335,0.9707792207792207,22.426499459769246,17.393842353147264,-0.9191360675359889,741.6053511705686,1410.076923076923,0.9190105550040496,0.7260952230056247,0.38585085908978595,0.6065072765401298,-0.7950779354905244,1410.076923076923,741.6053511705686
568,333.0,72.76955262170047,0.7488108483881916,0.9148351648351648,26.147691891568847,17.33026556331992,-0.20815170480897136,746.4144144144144,236.7987987987988,0.7902321372608717,0.12193552976251225,0.38835297316046535,0.9784145393634419,-0.20665185496923005,236.7987987987988,746.4144144144144
569,338.0,69.35533905932736,0.7488359715447759,0.952112676056338,25.531779908964918,16.92132438010308,0.5830576151961567,746.9881656804733,917.2899408284023,0.8830123258140021,0.472342914947684,0.38865149098879986,0.8347830961630517,0.5505789519773064,917.2899408284023,746.9881656804733
570,432.0,87.01219330881975,0.7291538051929819,0.8816326530612245,29.64625632319579,20.288411309948614,1.297257577902656,747.5601851851852,1914.3449074074074,0.7170234821186661,0.985759478582599,0.3889491077966624,0.2701403026595284,0.9628209682381343,1914.3449074074074,747.5601851851852
571,38.0,25.071067811865472,0.9433971584752261,0.95,12.133772298026855,4.024349951770788,0.036054378160062656,743.578947368421,1935.7631578947369,0.7597099203907998,0.9967884438180932,0.38687770414590067,0.9993501113124985,0.03604656737744862,1935.7631578947369,743.578947368421
572,270.0,67.35533905932738,0.8724117145929692,0.9375,27.022080456373686,13.207628907645736,0.666659146080947,750.9925925925926,1041.2740740740742,0.7478759626162607,0.5361864439104398,0.39073495972559447,0.7858919112578338,0.6183638927197391,1041.2740740740742,750.9925925925926
573,236.0,57.21320343559643,0.6387883852682462,0.9516129032258065,19.956429980234542,15.354127568291892,-0.6925914903549524,751.0042372881356,1079.9237288135594,0.9060023763045199,0.5560884288432335,0.3907410183601122,0.7695938471010619,-0.6385337191599104,1079.9237288135594,751.0042372881356
574,143.0,54.97056274847714,0.9542424737045658,0.89375,25.61321726966549,7.659221452081608,-0.07708895328000322,755.7062937062936,939.1678321678322,0.5946830162702916,0.48360856445305467,0.3931874577035867,0.9970301178397705,-0.07701262312383257,939.1678321678322,755.7062937062936
575,624.0,93.59797974644665,0.6255143829313785,0.9659442724458205,32.12250175494616,25.062381756211433,1.5535851802912233,756.9503205128206,289.7724358974359,0.8950792802445598,0.14921340674430272,0.39383471410656634,0.01721029679173245,0.9998518918741618,289.7724358974359,756.9503205128206
576,428.0,81.59797974644667,0.7892538112555118,0.9244060475161987,30.335593643305618,18.62809046280423,1.0234053160715744,756.1355140186915,1018.6939252336449,0.8077832068972765,0.5245591788020828,0.3934107773250216,0.5204612251985699,0.8538853043967929,1018.6939252336449,756.1355140186915
577,311.0,67.79898987322333,0.2958417058452876,0.9510703363914373,20.763153105298667,19.833731636316024,-0.5949194602844091,754.7299035369775,1063.1736334405145,0.8502052965799541,0.5474632509992351,0.3926794503314139,0.8281936393692618,-0.5604420538363419,1063.1736334405145,754.7299035369775
578,271.0,60.2842712474619,0.38787737179694876,0.954225352112676,19.387521435938393,17.86969152757717,0.7041842724858326,754.7490774907749,1519.420664206642,0.9370680366450153,0.7823999300755108,0.39268942637397236,0.7621399173358185,0.6474123465020973,1519.420664206642,754.7490774907749
579,622.0,127.39696961966999,0.9255063743888627,0.7395957193816884,53.35552372695265,20.207445842241874,0.8095348007060255,763.250803858521,1610.8681672025723,0.48159509332782385,0.8294892725038993,0.39711280117508896,0.6898352962144373,0.7239663418258748,1610.8681672025723,763.250803858521
580,712.0,105.1543289325507,0.702310751758352,0.9518716577540107,36.361701873073464,25.88482287266028,-1.0574537310531058,766.8876404494382,1900.9143258426966,0.8091621232339989,0.978843628137331,0.3990050158425797,0.4910917463389511,-0.8711078559384936,1900.9143258426966,766.8876404494382
581,522.0,85.59797974644665,0.7006127318205878,0.9613259668508287,30.61189125898464,21.842861838058766,0.10302218732056247,766.0785440613026,1416.4118773946361,0.8952685689335881,0.7293573004091845,0.3985840499798661,0.9946979064617358,0.1028400451217321,1416.4118773946361,766.0785440613026
582,743.0,99.74011537017762,0.5460508056113145,0.9725130890052356,33.631775401965605,28.175089197859442,0.5906419576253853,767.4131897711978,1783.14266487214,0.9385533092427042,0.9181991065253038,0.3992784546156076,0.8305833477042625,0.5568943369404831,1783.14266487214,767.4131897711978
583,235.0,68.42640687119285,0.9268614617697487,0.8639705882352942,29.599408851522266,11.111723371025588,0.8082570815311346,762.8723404255319,430.65106382978723,0.6307107821864592,0.22175646953130135,0.39691588991963156,0.6907597585388211,0.7230843353187715,430.65106382978723,762.8723404255319
584,542.0,91.698484809835,0.8340755743763575,0.9626998223801065,35.788303326026075,19.74262446262923,0.039676372247255946,772.869003690037,248.0608856088561,0.809999650201827,0.12773475057098665,0.40211706747660614,0.9992129959935363,0.03966596321307863,248.0608856088561,772.869003690037
585,124.0,42.62741699796952,0.8149812960534373,0.9253731343283582,16.59087313584634,9.614199651443009,-0.2011731406267403,762.8629032258065,1738.975806451613,0.8575382770773573,0.8954561310255473,0.396910979826122,0.9798328364188461,-0.1998189497405055,1738.975806451613,762.8629032258065
586,84.0,32.72792206135786,0.7778237949296312,0.9545454545454546,13.05121401618742,8.202458483608945,0.888713374327978,760.5952380952381,911.9047619047619,0.9854901448173125,0.4695699082928743,0.3957311332441405,0.6304113057911909,0.7762612868942039,911.9047619047619,760.5952380952381
587,121.0,43.21320343559643,0.8433929456201971,0.9307692307692308,17.15058876353558,9.21496424908039,0.6376521088803657,768.0495867768595,1537.0247933884298,0.8142585171964172,0.7914648781608804,0.39960956648119644,0.8034956956569088,0.5953105635387467,1537.0247933884298,768.0495867768595
588,211.0,63.79898987322332,0.9111566095893754,0.871900826446281,26.573927405113004,10.950058627395451,-0.3157761548253426,774.8625592417062,1058.0236966824646,0.6514254386768632,0.5448113783122887,0.40315429721212603,0.9505556270014727,-0.3105543430316781,1058.0236966824646,774.8625592417062
589,414.0,89.45584412271572,0.9358314145469336,0.9452054794520548,39.25459527554583,13.835201971970863,-1.506773618703699,772.231884057971,1468.3695652173913,0.650118865529102,0.7561120315228586,0.4017855796347404,0.06397897986471628,-0.997951246372021,1468.3695652173913,772.231884057971
590,158.0,46.62741699796952,0.6166521474937101,0.9461077844311377,16.28345198013197,12.818915562298363,0.9825374989502557,775.7278481012659,1553.0379746835442,0.9132385496201397,0.7997105945847293,0.4036044995323964,0.554913369516412,0.8319081393591133,1553.0379746835442,775.7278481012659
591,1484.0,175.1959594928933,0.9373779723535268,0.9386464263124604,74.33336137354186,25.8913391601698,-1.1989411089256967,790.4514824797843,301.88948787062,0.6075689809858419,0.15545287737931,0.4112650793339148,0.3633444790144211,-0.9316548661225029,301.88948787062,790.4514824797843
592,196.0,55.112698372208094,0.8536966154045915,0.9423076923076923,22.10662871460555,11.512483807126708,0.7186530299851293,780.8316326530612,1761.8214285714287,0.8108911961602345,0.9072200971016625,0.40625995455414216,0.7526932182426611,0.6583714143335095,1761.8214285714287,780.8316326530612
593,588.0,100.18376618407356,0.8476927808735503,0.9576547231270358,38.41952705605102,20.381077468574027,-0.02455588384690712,788.2414965986394,914.0408163265306,0.7361943534538072,0.47066983332983037,0.41011524276724215,0.9996985194338885,-0.024553416090051332,914.0408163265306,788.2414965986394
594,117.0,38.72792206135786,0.8069765917816475,0.9915254237288136,15.893950845590657,9.386703906067918,1.4212997807997243,776.008547008547,956.8290598290598,0.980273662766512,0.4927029144330895,0.40375054474950417,0.14894031279684622,0.9888461878492416,956.8290598290598,776.008547008547
595,254.0,56.8700576850888,0.45803084874206224,0.9621212121212122,19.110166831785946,16.987720954371344,-0.812029698209805,781.1535433070866,1036.4173228346456,0.9869070311848512,0.5336855421393644,0.4064274418871418,0.6880269293257415,-0.7256851552309659,1036.4173228346456,781.1535433070866
596,941.0,134.46803743153546,0.86776764927157,0.8721037998146431,51.09851687240771,25.39443640660065,-0.5096895198456465,794.6376195536664,1682.2539851222105,0.6539753134740353,0.8662481900732288,0.41344309029847365,0.8728960349249002,-0.487906253508179,1682.2539851222105,794.6376195536664
597,436.0,85.94112549695429,0.8761486214399723,0.9396551724137931,34.15855988141101,16.46582875425991,-1.5307881084120192,783.7133027522935,1835.940366972477,0.7418127257631436,0.9453863887602868,0.40775926261825884,0.039997545994331314,-0.9991997779795747,1835.940366972477,783.7133027522935
598,479.0,96.91168824543142,0.9273132589952059,0.935546875,40.86458037702732,15.295046330205722,0.36410343312861243,795.5302713987473,1523.1753653444675,0.6409041134064295,0.7843333498169246,0.4139075293437811,0.9344434145946585,0.3561116467074267,1523.1753653444675,795.5302713987473
599,787.0,106.91168824543142,0.7316125331246671,0.9656441717791411,38.64030780815006,26.341897363156633,-0.855930704658404,795.689961880559,1590.8297331639135,0.8652352835186111,0.819170820372767,0.41399061492224715,0.6555159429615665,-0.7551813348615075,1590.8297331639135,795.689961880559
600,584.0,89.94112549695429,0.56565584841849,0.9684908789386402,30.34131275712381,25.020703044827712,1.3926852355354977,794.0616438356165,448.7859589041096,0.9072063373122412,0.2310947265211687,0.41314341510698044,0.17717086419371073,0.9841801079481609,448.7859589041096,794.0616438356165
601,346.0,67.35533905932738,0.5688395520004987,0.9664804469273743,23.217653613468975,19.095324796229328,-0.9664739484567452,794.5664739884393,1913.442196531792,0.9583891965378748,0.9852946429102946,0.4134060738753586,0.5682046004837275,-0.8228873142716004,1913.442196531792,794.5664739884393
602,655.0,96.32590180780451,0.6474450052743486,0.9660766961651918,33.15520209380276,25.267983133767892,0.03183686711679517,803.6977099236641,137.10687022900763,0.8870845121234308,0.07060086005613163,0.41815697706746313,0.9994932497511808,0.031831489154982795,137.10687022900763,803.6977099236641
603,284.0,61.35533905932738,0.6772028609468931,0.9627118644067797,22.226156327603142,16.353924948862392,0.5555996698275867,796.8521126760563,222.0,0.9480330617476312,0.11431513903192585,0.41459527194383783,0.8495842954770365,0.5274528650778072,222.0,796.8521126760563
604,626.0,92.08326112068522,0.4322768431178128,0.963076923076923,29.76367913539034,26.839128133961243,-0.9680711531352816,805.2476038338658,1475.5974440894568,0.9277325929786041,0.7598339052983815,0.4189633734827606,0.5668895568116319,-0.8237938033136154,1475.5974440894568,805.2476038338658
605,149.0,43.79898987322333,0.6137003802853388,0.9490445859872612,15.535727825548932,12.266063117091436,-0.677955536137895,799.5637583892617,969.1610738255033,0.9760407349529967,0.4990530761202386,0.4160061177883776,0.7788566374084294,-0.6272019916779875,969.1610738255033,799.5637583892617
606,482.0,84.5269119345812,0.7438673113411668,0.9506903353057199,30.72898156594936,20.537018274699683,-1.5370593681689892,803.948132780083,1023.1348547717843,0.8477482390682448,0.5268459602326386,0.4182872699167966,0.033730559188142495,-0.9994309627867526,1023.1348547717843,803.948132780083
607,113.0,40.62741699796952,0.8452057958621151,0.9262295081967213,16.496294508043036,8.816295826979243,1.1432524058687554,801.0088495575221,498.9646017699115,0.8602999230951613,0.25693336857358984,0.41675798624220717,0.41463705556777025,0.909986874713086,498.9646017699115,801.0088495575221
608,461.0,104.32590180780451,0.9417503958503147,0.8568773234200744,45.14225256277084,15.181910141107064,0.9403996065198338,813.6160520607375,1577.9761388286333,0.5322632658911581,0.8125520797263818,0.42331740481828173,0.5894652724673612,0.8077937190613577,1577.9761388286333,813.6160520607375
609,492.0,84.18376618407358,0.7279606876215461,0.9590643274853801,30.319558210646235,20.787661291851357,-0.8276232209705006,811.8577235772358,1701.7682926829268,0.8724052380143688,0.8762967521539273,0.42240256169471163,0.6766277520158175,-0.7363252577509626,1701.7682926829268,811.8577235772358
610,243.0,56.8700576850888,0.5212632915796738,0.94921875,19.177555455364693,16.366047407909857,-0.5508229296951219,810.440329218107,935.2510288065844,0.9441669629051923,0.4815916729179116,0.4216651036514604,0.8520940985956575,-0.5233886196111392,935.2510288065844,810.440329218107
611,430.0,77.84062043356595,0.6826290433464516,0.9684684684684685,27.681139763257764,20.22841006798597,1.024911493051263,817.3325581395349,193.74186046511628,0.8917964555485786,0.09976408880798984,0.4252510708322242,0.5191745329450481,0.8546682422678938,193.74186046511628,817.3325581395349
612,350.0,76.18376618407356,0.8752099114478307,0.9308510638297872,30.71762343670862,14.859445501251074,1.0581019772416795,815.7571428571429,496.75714285714287,0.7577972615174223,0.2557966750036781,0.42443139586740003,0.49052695084700226,0.871426021239177,496.75714285714287,815.7571428571429
613,426.0,85.49747468305833,0.7184909739636003,0.9006342494714588,29.1208832722772,20.254630895549504,-0.3679470255036361,824.0892018779343,1716.7887323943662,0.7323402240604102,0.8840312731175933,0.4287664942132853,0.9330677676025216,-0.3597006269959044,1716.7887323943662,824.0892018779343
614,421.0,90.39696961966999,0.9108471786215724,0.9073275862068966,36.629545520759436,15.118616601726075,0.7907189189978987,821.3467933491686,1873.0475059382422,0.6474171746374158,0.9644940813276222,0.42733964274150293,0.7033344473441752,0.7108590965719322,1873.0475059382422,821.3467933491686
615,362.0,70.42640687119285,0.39167995751272755,0.9526315789473684,22.522174753923558,20.722687271011345,-1.0532109473382656,820.7955801104972,413.7292817679558,0.9171647856296472,0.21304288453550763,0.42705285125416087,0.49478323735839863,-0.869016425638286,413.7292817679558,820.7955801104972
616,488.0,89.49747468305833,0.7304565973783509,0.9138576779026217,31.68207086679669,21.637559233288606,0.02100871639450695,825.9405737704918,310.45081967213116,0.7656109279184814,0.159861390150428,0.42972974701898636,0.9997793250344453,0.02100717100584862,310.45081967213116,825.9405737704918
617,698.0,108.46803743153546,0.7066046569473851,0.935656836461126,36.24368728101808,25.646342971489585,1.5639663492771174,830.3610315186246,1605.9785100286533,0.7455241598955578,0.8269714263793272,0.43202967300656847,0.006829924416429607,0.9999766757942237,1605.9785100286533,830.3610315186246
618,1500.0,168.95331880577405,0.7445392513007003,0.847457627118644,56.269280087974494,37.564172116865855,-1.553328958339864,841.6533333333333,456.6526666666667,0.6603400962676017,0.23514555441125987,0.4379049601109955,0.017466480226810386,-0.9998474493984002,456.6526666666667,841.6533333333333
619,60.0,29.349242404917497,0.41906274632862384,0.8450704225352113,9.91219463787393,8.99984924039243,0.711590026460003,827.55,434.6666666666667,0.8753209518088724,0.2238242361826296,0.43056711758584804,0.7573244848447429,0.6530387619848035,434.6666666666667,827.55
620,624.0,114.18376618407356,0.9427612799196781,0.9149560117302052,50.38596260563283,16.802125976398962,-1.4591137985923115,831.2147435897435,1678.5048076923076,0.6014308854129963,0.8643176146716312,0.43247385202379995,0.11145050382934875,-0.9937699860612537,1678.5048076923076,831.2147435897435
621,248.0,75.01219330881976,0.9528774485605394,0.9084249084249084,33.221058048948684,10.07779114830632,0.4999105970924854,837.7056451612904,369.2903225806452,0.5538572137258695,0.19015979535563604,0.4358510120506193,0.8776254204201975,0.47934707825569506,369.2903225806452,837.7056451612904
622,325.0,69.11269837220809,0.7110389177796697,0.9558823529411765,24.51201356098959,17.23568743518451,-0.09935575277634133,839.1261538461539,426.4153846153846,0.8550224658177866,0.21957537827774695,0.4365900904506524,0.995068276184616,-0.09919236730200964,426.4153846153846,839.1261538461539
623,395.0,72.5269119345812,0.4828746312965273,0.9705159705159705,24.13754715706091,21.136996463924035,0.7900670868876353,841.8759493670887,512.179746835443,0.9436448778878176,0.2637382836433795,0.4380207853106601,0.703797658678223,0.7104004896106503,512.179746835443,841.8759493670887
624,636.0,96.66904755831213,0.6779207109253783,0.9506726457399103,33.801079038177484,24.848357192192655,-0.8338402818052009,847.6918238993711,1416.6792452830189,0.8552480650747458,0.7294949769737481,0.4410467345990485,0.6720369261706095,-0.7405176364295172,1416.6792452830189,847.6918238993711
625,182.0,52.112698372208094,0.7788265839640974,0.9381443298969072,19.592116589510766,12.28894569263009,0.9864287618023688,840.3241758241758,1889.5824175824175,0.8421590681137837,0.9730084539559307,0.4372134109386971,0.551672003223404,0.8340611493526577,1889.5824175824175,840.3241758241758
626,310.0,68.18376618407356,0.7555251268760645,0.9422492401215805,24.871664358402644,16.293916558938314,1.0760796426714079,847.325806451613,1590.467741935484,0.8379335617211435,0.8189844191222884,0.4408562988822128,0.4747823231030633,0.8801032585264404,1590.467741935484,847.325806451613
627,254.0,61.941125496954285,0.759797862894679,0.9202898550724637,22.46650636465709,14.60680964387552,1.136925010671746,852.3346456692914,404.73622047244095,0.8319273378458426,0.20841205997551027,0.44346235466664485,0.4203865635657551,0.9073451036807193,404.73622047244095,852.3346456692914
628,594.0,99.94112549695427,0.8889002546471704,0.9534510433386838,41.18125397732821,18.865165137053296,-1.5226076495848635,852.4713804713805,963.9377104377104,0.7473221198240048,0.4963633936342484,0.44353349660321567,0.04817002916369799,-0.99883915035924,963.9377104377104,852.4713804713805
629,29.0,18.242640687119284,0.31651596505888274,0.9354838709677419,6.381014363745057,6.052948440360696,0.9418487773376414,849.9655172413793,210.51724137931035,1.0950462278531092,0.10840228701303313,0.4422297176073774,0.5882940228258893,0.8086471064112776,210.51724137931035,849.9655172413793
630,315.0,69.18376618407356,0.6942628159071151,0.9347181008902077,23.974685729669556,17.255098522326055,-1.2878135656158889,856.3428571428572,526.5777777777778,0.8270123926712063,0.2711523057558073,0.44554779247807347,0.27922101381732606,-0.9602268614462025,526.5777777777778,856.3428571428572
631,238.0,59.45584412271571,0.768681855883997,0.9260700389105059,22.120084283118477,14.148698343845695,-1.3787138127280765,854.953781512605,1556.1008403361345,0.8460532972176656,0.801287765363612,0.4448250684248725,0.19090352160403173,-0.9816088046870703,1556.1008403361345,854.953781512605
632,679.0,103.88225099390857,0.7977055679634911,0.9470013947001394,38.36359923435521,23.135057964307087,0.6756726437178363,865.9970544918998,1610.7540500736377,0.7906730478396091,0.8294305098216466,0.4505707879770551,0.7802864412944979,0.6254223129469944,1610.7540500736377,865.9970544918998
633,117.0,49.62741699796952,0.8805291270319167,0.7597402597402597,19.624445577033352,9.301831043956588,1.2879598074613046,854.7692307692307,193.7094017094017,0.596969829108648,0.09974737472162806,0.4447290482670295,0.27908058548378617,0.9602676849743654,193.7094017094017,854.7692307692307
634,168.0,48.698484809834994,0.6117966236485683,0.9230769230769231,16.60974013017899,13.138555280118812,0.5672094515309171,857.9642857142857,490.55357142857144,0.8902013486830916,0.2526022509930852,0.44639140775977404,0.8434035645883334,0.5372805852063639,490.55357142857144,857.9642857142857
635,343.0,69.94112549695429,0.6880368352871783,0.9607843137254902,24.898477087397495,18.068221362779397,-0.6461685119329207,861.9416909620991,1526.8250728862974,0.8811274895069139,0.7862127048848082,0.448460817358012,0.7983967139999691,-0.6021317854706323,1526.8250728862974,861.9416909620991
636,823.0,107.15432893255071,0.6415763509062897,0.9716646989374262,37.07597145835891,28.439464272660345,-0.2326928372064343,872.221142162819,426.7010935601458,0.9007209363641673,0.21972249925857149,0.4538091270358059,0.9730489591831211,-0.2305986188871146,426.7010935601458,872.221142162819
637,709.0,110.76955262170047,0.8882124207507247,0.9231770833333334,45.09278081436735,20.717112261560363,-1.3672051085020278,864.7559943582511,460.2454160789845,0.7261315313328758,0.23699557985529582,0.4499250751083512,0.20218767514949032,-0.9793467945613771,460.2454160789845,864.7559943582511
638,199.0,55.11269837220809,0.84092542322294,0.9521531100478469,21.856947800738716,11.827909720256692,0.6660673709550069,864.7035175879397,361.41206030150755,0.823302796101463,0.1861030176629802,0.4498977718979915,0.7862577059981617,0.6178987131872896,361.41206030150755,864.7035175879397
639,719.0,108.91168824543142,0.7246214468312944,0.9182630906768838,37.20030361570395,25.63648225610202,0.33772710703226577,873.9527121001391,189.15299026425592,0.7617102051573714,0.09740112783947266,0.45471004791890696,0.9435102101880176,0.3313434521323198,189.15299026425592,873.9527121001391
640,235.0,57.698484809834994,0.76273543384429,0.9325396825396826,21.810542148226855,14.105109773768916,-0.35138143885874995,866.3787234042553,1886.6468085106383,0.8870516524339254,0.9714968117974451,0.45076936701574155,0.9388981243054744,-0.34419516582262155,1886.6468085106383,866.3787234042553
641,369.0,82.42640687119285,0.8606357371299364,0.8723404255319149,31.83063959702577,16.208833287098038,-0.6232211819422752,869.1815718157181,303.0081300813008,0.6825013160705449,0.15602890323444943,0.45222766483648186,0.8120026175291262,-0.5836537921797884,303.0081300813008,869.1815718157181
642,117.0,40.62741699796952,0.8029754890967353,0.936,15.921540741836077,9.489430138899507,0.5703610040916646,867.2735042735043,396.02564102564105,0.890753017717999,0.20392669465789962,0.45123491377393565,0.8417061109289824,0.5399359432606868,396.02564102564105,867.2735042735043
643,159.0,46.384776310850235,0.48238256941014573,0.9520958083832335,15.496517190809486,13.574339239184614,-0.30045361041413093,869.0377358490566,1926.4968553459119,0.9286585364154663,0.9920169183037651,0.4521528282253156,0.955202339800709,-0.2959535268234709,1926.4968553459119,869.0377358490566
644,414.0,85.11269837220807,0.9041239213224429,0.9430523917995444,35.487892542385204,15.162923557349433,1.488632202697156,871.2971014492754,1650.1884057971015,0.718160453377223,0.8497365632322871,0.45332835663333787,0.08207170774111047,0.9966264268964865,1650.1884057971015,871.2971014492754
645,439.0,80.42640687119285,0.784951083655023,0.9564270152505446,30.168689060309216,18.691244887832294,0.4887067887691826,878.9020501138953,352.9339407744875,0.8528586352168299,0.18173735364288748,0.4572851457408404,0.8829407393200215,0.469484452190926,352.9339407744875,878.9020501138953
646,557.0,87.49747468305833,0.42361350568712663,0.9586919104991394,28.113127917146453,25.466081018693146,-0.8189166014659148,881.1274685816876,317.81867145421904,0.9142690572691571,0.1636553406046442,0.458443011749057,0.6830129290734379,-0.7304062833235505,317.81867145421904,881.1274685816876
647,649.0,101.59797974644667,0.7971561716997771,0.9572271386430679,37.50728012160546,22.64588932730643,1.491617560681223,882.6440677966102,466.55469953775037,0.7901042837791082,0.2402444384849384,0.45923208522196163,0.07909605977378786,0.996866998815921,466.55469953775037,882.6440677966102
648,675.0,104.32590180780451,0.7434417348166608,0.9361997226074896,36.202287671176336,24.212115623306946,-1.2565228446462968,886.2533333333333,565.2696296296297,0.7793442613373791,0.2910760193767403,0.4611099549080819,0.30912561898111335,-0.9510212151627027,565.2696296296297,886.2533333333333
649,251.0,62.76955262170047,0.8879930733152508,0.9616858237547893,26.567646880377705,12.217313806984253,0.5938055274811533,883.9521912350598,236.003984063745,0.8005445751338134,0.12152625337988929,0.4599126905489385,0.8288174201977958,0.5595191542536059,236.003984063745,883.9521912350598
650,153.0,51.45584412271571,0.8777725808715133,0.9107142857142857,20.769538970001342,9.95021978706832,-0.21808213001823012,883.4901960784314,534.0980392156863,0.726159261266747,0.275024736980271,0.45967231845912143,0.9763141903324891,-0.21635757845616665,534.0980392156863,883.4901960784314
651,699.0,100.66904755831214,0.5140004082497477,0.9549180327868853,32.61026413611116,27.97275650061581,0.0341186268531905,892.7739628040057,1510.211731044349,0.8667525346259399,0.7776579459548657,0.46450258210406126,0.9994180161104635,0.034112007765964174,1510.211731044349,892.7739628040057
652,35.0,19.692388155425117,0.5198888731781469,0.7777777777777778,7.828447080002714,6.687324896756598,-0.7285021598255944,885.0,87.34285714285714,1.1341777764831122,0.04497572458437546,0.46045785639958375,0.7461724301931597,-0.6657527351950078,87.34285714285714,885.0
653,425.0,77.59797974644665,0.7277180122914784,0.9593679458239278,28.30085460833729,19.410889482810386,0.5467252675246078,892.4635294117647,508.45882352941175,0.886947604023905,0.2618222572242079,0.4643410662912408,0.8542316086651117,0.5198926415688294,508.45882352941175,892.4635294117647
654,422.0,86.5685424949238,0.9255885541323151,0.9398663697104677,37.94914369547188,14.364932851120336,0.778697870976362,898.4691943127962,227.1611374407583,0.707623266143113,0.11697277932067883,0.46746576186930083,0.7118286956058778,0.7023531220917542,227.1611374407583,898.4691943127962
655,66.0,27.31370849898476,0.22163614642390064,0.9705882352941176,9.28458879729614,9.053675845229149,0.2798053581245801,889.8939393939394,292.09090909090907,1.111712424183585,0.1504072652373373,0.46300413079809544,0.9611092104871373,0.27616858169746916,292.09090909090907,889.8939393939394
656,486.0,83.84062043356595,0.6199963433015758,0.94921875,28.323221031864815,22.222532323242657,0.38008268897172104,900.559670781893,1891.0699588477366,0.8688347172140233,0.9737744381296275,0.46855341872106815,0.9286339613694827,0.3709972584686066,1891.0699588477366,900.559670781893
657,348.0,68.52691193458118,0.6771123804535422,0.9586776859504132,24.55837073461646,18.072004675941624,1.058971700175105,897.7327586206897,147.89367816091954,0.9312510708368997,0.076155344058146,0.46708260073917257,0.48976886622540383,0.8718523141428728,147.89367816091954,897.7327586206897
658,787.0,104.66904755831213,0.4760012532235594,0.9632802937576499,33.872356463851375,29.788861028791892,1.4580629690299607,905.5628970775095,988.3875476493012,0.9027095807282524,0.5089534230943878,0.4711565541506293,0.11249472498248776,0.9936523219170348,988.3875476493012,905.5628970775095
659,67.0,28.48528137423857,0.5717104342614041,0.9571428571428572,10.263428971674116,8.420686447669931,-0.8803805774267188,897.6417910447761,473.92537313432837,1.0376326751761262,0.2440398419847211,0.46703527109509685,0.6368577722442342,-0.7709813084194137,473.92537313432837,897.6417910447761
660,349.0,72.5269119345812,0.8124988330304787,0.94579945799458,27.78415307242642,16.197128150675468,-0.531731213865126,905.461318051576,1477.378223495702,0.833752056665439,0.7607508874849135,0.47110370346075753,0.8619305916625173,-0.5070262864549558,1477.378223495702,905.461318051576
661,736.0,106.5685424949238,0.821004754035982,0.9633507853403142,40.61226884519155,23.186411567800686,-0.24317368390776536,915.2038043478261,491.4633152173913,0.8143847379728192,0.2530707081448977,0.47617263493643397,0.9705786913332661,-0.24078414385047134,491.4633152173913,915.2038043478261
662,270.0,60.87005768508881,0.7188060023035059,0.9540636042402827,22.313908042624032,15.51286784923544,-1.2173620007210353,903.9148148148148,1433.3592592592593,0.9157273839341686,0.7380840675897319,0.4702990711835665,0.3461218911459844,-0.9381895525263151,1433.3592592592593,903.9148148148148
663,482.0,87.35533905932738,0.8338080676473855,0.94140625,33.933214257083755,18.732981643342466,-0.03182753093573001,917.4522821576763,372.1286307053942,0.7937395028572961,0.19162133403985282,0.47734249852116356,0.9994935468921671,-0.031822157703642565,372.1286307053942,917.4522821576763
664,414.0,76.42640687119285,0.6628567123457442,0.9583333333333334,26.71479053578659,20.002599804238386,1.1911016810676573,921.3429951690821,1520.5628019323672,0.8906833236536178,0.7829880545480778,0.4793668028975453,0.37063688041041376,0.9287778544300228,1520.5628019323672,921.3429951690821
665,337.0,74.18376618407356,0.8361248145796515,0.9108108108108108,28.56459859225007,15.668803114806641,-0.5573313355530547,923.8071216617211,1539.7982195845698,0.7695237161356139,0.7928930069951441,0.4806488666294074,0.8486696500757336,-0.5289232695205722,1539.7982195845698,923.8071216617211
666,123.0,48.870057685088796,0.9380234352718217,0.917910447761194,21.415659190485158,7.422064243614497,-0.9751354983938483,918.5772357723578,309.0813008130081,0.6471862356651555,0.15915617961534917,0.4779278021708417,0.561055896121782,-0.8277779179387332,309.0813008130081,918.5772357723578
667,422.0,84.18376618407356,0.7401738007418927,0.9055793991416309,29.259258953988155,19.674382286329067,-1.3694973286853764,925.2630331753554,1386.670616113744,0.7482825415489102,0.7140425417681483,0.4814063648154815,0.19994226745194002,-0.9798076799485586,1386.670616113744,925.2630331753554
668,407.0,87.01219330881975,0.9064934595099411,0.9125560538116592,35.91723008929589,15.164967761521496,-0.4770414501294468,927.6117936117936,1410.7149877149877,0.6755290676442063,0.7264237835813531,0.4826284045847001,0.8883572355681135,-0.4591529396767261,1410.7149877149877,927.6117936117936
669,332.0,64.87005768508881,0.4279620774668738,0.9736070381231672,21.650201277326907,19.567380292948346,1.4039552714041383,923.6234939759037,170.18975903614458,0.9914238894087473,0.08763633318030102,0.48055332673043893,0.16606810242989814,0.9861142861531481,170.18975903614458,923.6234939759037
670,147.0,44.384776310850235,0.7285934748230956,0.9483870967741935,16.605055592547814,11.37357277805912,0.7335604834281451,921.0612244897959,1045.8027210884354,0.9376896617105224,0.5385183939693282,0.47922020004672006,0.7427953057786874,0.6695185835457791,1045.8027210884354,921.0612244897959
671,504.0,90.66904755831213,0.8422411667081193,0.9581749049429658,34.72897785579701,18.72242440093776,1.3181477389382519,925.6686507936508,1025.0595238095239,0.7704106772818085,0.5278370359472316,0.4816174041590275,0.2499693381573767,0.9682537528877248,1025.0595238095239,925.6686507936508
672,629.0,100.08326112068522,0.7681534914632563,0.9374068554396423,35.81680016630201,22.93226994361803,-0.48281076039856813,932.7694753577107,1429.3004769475358,0.7891101207394335,0.7359940663993491,0.48531190185104617,0.885693470075323,-0.464270478348487,1429.3004769475358,932.7694753577107
673,414.0,81.35533905932738,0.8641734965922735,0.9539170506912442,32.57466641538502,16.39137559661782,0.050548756674246464,935.7584541062802,1492.5869565217392,0.7860281258456052,0.7685823669009986,0.4868670416786057,0.9987226836148616,0.05052723258925776,1492.5869565217392,935.7584541062802
674,166.0,46.62741699796952,0.2596378174449383,0.9325842696629213,14.822164101671067,14.31385376767959,0.22908862120795453,929.343373493976,205.210843373494,0.9594784761831848,0.10566984725720596,0.483529330642027,0.9738737644874963,0.22709005007475028,205.210843373494,929.343373493976
675,471.0,80.42640687119284,0.45477370338457473,0.9573170731707317,25.99314610681777,23.149678608208546,0.9955708762964066,933.7282377919321,625.067940552017,0.9150260072599706,0.3218681465252405,0.485810737664897,0.544023973183952,0.8390696732698344,625.067940552017,933.7282377919321
676,398.0,79.84062043356595,0.2987364585508466,0.9234338747099768,23.910079476472927,22.818241182003515,0.4626149587993283,934.5929648241206,1003.4497487437186,0.7845942658435577,0.5167094483747263,0.4862606476712386,0.8948885292338083,0.446289726798356,1003.4497487437186,934.5929648241206
677,294.0,65.698484809835,0.7193812651433652,0.9423076923076923,23.385905417522483,16.244210743603507,-0.002872522359931882,936.704081632653,1450.4489795918366,0.8559462373637017,0.746884129552954,0.487359043513347,0.9999958743104828,-0.0028725184095523323,1450.4489795918366,936.704081632653
678,588.0,95.49747468305833,0.7619772670408831,0.9529983792544571,34.65300098425268,22.441414121881436,0.49686665176785594,949.5255102040817,250.35034013605443,0.8102208507863777,0.12891366639343688,0.4940299220624775,0.879080458603394,0.47667341786767026,250.35034013605443,949.5255102040817
679,353.0,72.42640687119285,0.7717399612454712,0.9313984168865436,27.006682572841925,17.174581910175267,-0.8112890119962369,947.3626062322946,1515.14447592068,0.8456500702745975,0.7801979793618331,0.4929045818066049,0.6885642455351595,-0.7251753441551889,1515.14447592068,947.3626062322946
680,705.0,99.7401153701776,0.6508167276501509,0.9578804347826086,34.61839578043729,26.283493201430087,-1.3262310687512293,949.9787234042553,1883.6283687943262,0.8905519286892419,0.9699425174018158,0.49426572497619947,0.24213454248164626,-0.9702426827022216,1883.6283687943262,949.9787234042553
681,77.0,32.72792206135786,0.8045424749696033,0.9506172839506173,13.154713862158642,7.812520283673201,-0.10154690001229412,943.5064935064935,310.72727272727275,0.9033659660825363,0.16000374496769967,0.4908982796599862,0.9948485425538566,-0.1013724685428322,310.72727272727275,943.5064935064935
682,391.0,77.11269837220809,0.7756424965858092,0.9513381995133819,28.51976913617116,18.000893820938863,1.1069023387521457,952.0332480818414,224.4526854219949,0.8262944209709058,0.11557810783830838,0.4953346764213535,0.4474339500386152,0.8943169797967844,224.4526854219949,952.0332480818414
683,383.0,74.76955262170047,0.6329619497875135,0.945679012345679,25.54836468886764,19.779107188321593,0.05564551081765693,958.0704960835509,1027.3107049608354,0.860912619394075,0.5289962435431697,0.49847580441391826,0.998452188014799,0.055616798257905456,1027.3107049608354,958.0704960835509
684,258.0,63.8700576850888,0.5220226383288765,0.9148936170212766,20.17130384115685,17.20474305994262,-0.187245212065402,955.7286821705426,1445.2713178294573,0.7947580823369153,0.7442179803447257,0.4972573788608442,0.9825207745221691,-0.18615296836837425,1445.2713178294573,955.7286821705426
685,650.0,109.98275605729691,0.8305170040660529,0.8953168044077136,40.233822476472625,22.40996845888311,0.1957759235939778,963.1061538461538,1541.446153846154,0.6752646634774978,0.7937415828250021,0.5010958136556471,0.9808970262149616,0.19452769459037206,1541.446153846154,963.1061538461538
686,308.0,68.04163056034263,0.8504019145720337,0.9595015576323987,27.462001692326346,14.448682300140328,0.08999612094160293,959.4155844155844,1463.7987012987012,0.8360093899177421,0.7537583425842952,0.4991756422557671,0.9959530816486422,0.08987468583852279,1463.7987012987012,959.4155844155844
687,402.0,83.698484809835,0.9069956635204635,0.9414519906323185,35.0439311921902,14.758399799089364,-0.015314116650000237,963.2313432835821,1477.5124378109454,0.7211086829943331,0.7608199988727834,0.5011609486387003,0.9998827412072908,-0.015313518073710992,1477.5124378109454,963.2313432835821
688,193.0,52.97056274847714,0.8304874592792293,0.9601990049751243,21.096553210881535,11.751567539601409,1.4476767584372447,953.041450777202,283.9637305699482,0.8643666446619857,0.14622231234291874,0.49585923557606765,0.12280875416955966,0.9924303551883732,283.9637305699482,953.041450777202
689,231.0,58.8700576850888,0.8079007740473324,0.9166666666666666,22.501948571637406,13.260815435596344,-1.2365011756611604,956.3809523809524,318.0779220779221,0.837592772458423,0.1637888373212781,0.4975967494177692,0.3281034217247707,-0.9446418075929612,318.0779220779221,956.3809523809524
690,497.0,88.08326112068524,0.8161209740391998,0.9307116104868914,33.63187727133486,19.43522594151738,0.9579563565756368,962.748490945674,1054.2394366197184,0.8049696054720041,0.5428627377032536,0.5009097247376035,0.5751929227224639,0.8180177881012061,1054.2394366197184,962.748490945674
691,230.0,61.94112549695428,0.648260426200067,0.888030888030888,20.42441307983309,15.551529829022673,0.8067285516564457,959.4478260869565,1353.7391304347825,0.7533200303328498,0.6970850311198674,0.499192417318916,0.6918642071702595,0.7220276440945098,1353.7391304347825,959.4478260869565
692,138.0,42.04163056034261,0.6332722050856474,0.9517241379310345,15.115151613048056,11.698056293980889,0.43575720755742886,958.0434782608696,1071.268115942029,0.9811374371095621,0.5516313676323528,0.49846174727412573,0.9065506872061547,0.4220969693400423,1071.268115942029,958.0434782608696
693,164.0,45.79898987322333,0.35501107405400834,0.9534883720930233,14.98858641945785,14.012261306243152,-0.8654199618731064,960.4451219512196,981.3048780487804,0.9825211619200458,0.5053063223732134,0.4997113017436106,0.6483204275037784,-0.7613676006249005,981.3048780487804,960.4451219512196
694,240.0,56.2842712474619,0.5070506046778083,0.9561752988047809,18.943200320913963,16.327452868015897,-0.5665896560689048,969.5125,502.74583333333334,0.9520220582335989,0.2588804497082046,0.5044289802289282,0.8437364066403287,-0.536757744340653,502.74583333333334,969.5125
695,391.0,76.18376618407356,0.7913449849472021,0.9583333333333334,28.68733180308965,17.538570241317547,0.48095293286145113,971.9744245524297,1009.0383631713555,0.8465677978666062,0.5195872106958577,0.5057098983103172,0.8865544755631715,0.46262421235697343,1009.0383631713555,971.9744245524297
696,61.0,32.72792206135786,0.9271898838630915,0.9104477611940298,14.904297224412373,5.5830255880371285,-0.13520946927798475,966.8524590163935,1337.639344262295,0.7156535575459054,0.6887947189816144,0.5030449838794971,0.9908731169304075,-0.13479787143949695,1337.639344262295,966.8524590163935
697,614.0,97.35533905932739,0.776028443192516,0.9608763693270735,35.70264106166333,22.517581146560723,0.27882856684268514,979.1547231270358,1444.3094462540716,0.8140642593308078,0.7437226808723335,0.5094457456436191,0.9613785109998713,0.27522964699986513,1444.3094462540716,979.1547231270358
698,1054.0,136.12489168102786,0.8101605406558448,0.9149305555555556,48.57552655504883,28.475365548061692,0.3301420579257707,985.337760910816,223.2628083491461,0.7147849183974542,0.11496540079770654,0.5126627268006326,0.9459963011022855,0.3241774179377615,223.2628083491461,985.337760910816
699,569.0,89.25483399593904,0.6767161063794789,0.9726495726495726,31.627463587572674,23.28553210216015,0.807197684993879,976.9806678383128,345.0456942003515,0.897549971041155,0.17767543470666913,0.5083146034538568,0.6915254038094492,0.722352141193046,345.0456942003515,976.9806678383128
700,450.0,108.08326112068524,0.9237877420338195,0.7475083056478405,44.04195692044604,16.86388371127636,-1.464192409268173,973.7622222222222,303.31333333333333,0.4840670237247923,0.15618606247854447,0.5066400739969938,0.1064021173856779,-0.9943231815742025,303.31333333333333,973.7622222222222
701,387.0,73.94112549695427,0.7401725974518091,0.9555555555555556,27.091221948402982,18.216596256854167,-0.9489012989245192,977.8785529715763,978.7002583979328,0.8895056586340783,0.5039651176096461,0.5087817653338066,0.5825764386863983,-0.8127759181271756,978.7002583979328,977.8785529715763
702,178.0,51.112698372208094,0.8500147602188813,0.9518716577540107,20.917177591862956,11.018308837564632,0.7079911351927367,975.8539325842696,1079.9775280898875,0.8561941341822372,0.5561161318691491,0.5077283728326064,0.7596697908340805,0.6503090103128699,1079.9775280898875,975.8539325842696
703,409.0,91.35533905932738,0.9236373577738655,0.8739316239316239,38.43750381727069,14.731848740611927,-1.3812914460068861,978.320293398533,1581.5770171149145,0.6158363282801281,0.8144062909963514,0.5090115990627122,0.18837266268458328,-0.9820976224149615,1581.5770171149145,978.320293398533
704,618.0,90.9116882454314,0.15517626687544564,0.9716981132075472,28.33942249659987,27.99614135502198,-0.4232049547460464,984.0242718446602,1908.0469255663431,0.9396343690106859,0.9825164395295278,0.5119793297839023,0.9117773992505354,-0.4106847625806561,1908.0469255663431,984.0242718446602
705,216.0,55.59188309203678,0.36461953505696015,0.927038626609442,17.365976119153387,16.170443100977273,-1.2184091769524983,979.4166666666666,558.425925925926,0.8782958778144397,0.2875519700957394,0.5095820326049254,0.34513925175070886,-0.938551488678677,558.425925925926,979.4166666666666
706,499.0,83.698484809835,0.6490098257590724,0.9614643545279383,29.16521945848804,22.18831638165111,-0.03184802337540892,983.6392785571143,1707.685370741483,0.8951075443138612,0.8793436512572003,0.5117790211015163,0.9994928945686562,-0.03184263975817858,1707.685370741483,983.6392785571143
707,353.0,70.2842712474619,0.738063749318983,0.9566395663956639,26.053760650804197,17.579279583437362,0.34796095566354585,982.8640226628895,1426.8753541076487,0.8979833352449837,0.734745290477677,0.5113756621555097,0.9400699433800181,0.34098167333962304,1426.8753541076487,982.8640226628895
708,467.0,89.15432893255071,0.8777397306789722,0.9247524752475248,35.61200877364057,17.06305707717294,0.7687314342381619,988.2441113490364,1003.4197002141327,0.7383153092445888,0.5166939753934772,0.5141748758319649,0.7187931850513619,0.6952239618451873,1003.4197002141327,988.2441113490364
709,399.0,73.35533905932738,0.6733719423356901,0.9755501222493888,26.346770031669756,19.478269315084315,-1.5093107730006106,981.3358395989975,1145.0551378446116,0.9317926965387223,0.5896267445131883,0.510580561706034,0.0614468203672094,-0.9981103587613745,1145.0551378446116,981.3358395989975
710,646.0,104.32590180780451,0.855009955695192,0.9281609195402298,40.55074142111304,21.03008426435699,-0.26318125433988043,992.9148606811145,1522.3869969040247,0.7458613227021434,0.783927392844503,0.5166050263689461,0.9655672507801989,-0.26015357814331225,1522.3869969040247,992.9148606811145
711,391.0,76.76955262170048,0.6940141350747016,0.9376498800959233,26.85246456066416,19.332737285315474,0.46069213729558794,988.8132992327365,1499.2020460358056,0.8336976972436345,0.7719886951780667,0.5144710193718712,0.8957450098791481,0.44456819193078245,1499.2020460358056,988.8132992327365
712,57.0,26.242640687119284,0.4763010048061867,0.9661016949152542,9.225130116506413,8.111493572752336,1.1042408840332103,978.3157894736842,1722.6315789473683,1.0400869598466502,0.8870399479646592,0.509009255709513,0.4498125467120421,0.8931229886305844,1722.6315789473683,978.3157894736842
713,353.0,68.76955262170047,0.6339542543733101,0.9671232876712329,24.19961700460679,18.7152710462217,-0.6430855711739409,986.9971671388103,477.1416430594901,0.9379769612336792,0.24569600569489705,0.5135261015290375,0.8002492534958267,-0.599667518112639,477.1416430594901,986.9971671388103
714,562.0,91.25483399593904,0.8181548397274585,0.9639794168096055,35.343319910090216,20.322336977820264,-0.4747908119665131,993.5604982206406,511.4964412811388,0.8480753119670185,0.26338642702427334,0.5169409460044957,0.8893883718953122,-0.4571524077782004,511.4964412811388,993.5604982206406
715,533.0,85.59797974644665,0.7004204253643611,0.9690909090909091,30.876225813606528,22.03730411189815,0.21924346678748582,994.3771106941839,1061.93808630394,0.9141343816888935,0.5468270269330279,0.5173658224215317,0.9760622679988914,0.21749126186782824,1061.93808630394,994.3771106941839
716,370.0,79.11269837220809,0.7997376995790778,0.9090909090909091,29.55591432705594,17.743880596843677,1.3324581605597137,986.9864864864865,1351.8108108108108,0.7428809005061887,0.6960920755977399,0.5135205444778805,0.23608809669588307,0.9717316556532032,1351.8108108108108,986.9864864864865
717,407.0,86.52691193458118,0.9026169328869731,0.8733905579399142,36.02886333122876,15.508434636790144,0.04449318893998127,995.7936117936118,315.3734643734644,0.6831276505995033,0.16239622264339051,0.5181028157094755,0.9990103413494432,0.0444785102815844,315.3734643734644,995.7936117936118
718,101.0,42.55634918610404,0.6752147162955819,0.8632478632478633,13.686069820767178,10.095135728824436,-0.07366030172283966,988.1584158415842,1721.7227722772277,0.7008135825227005,0.8865719733662346,0.5141302891995756,0.9972883064090606,-0.07359370828914394,1721.7227722772277,988.1584158415842
719,270.0,60.8700576850888,0.7142358697291874,0.9642857142857143,22.311813403681608,15.616151567282918,0.5497946967459455,993.8592592592593,1543.374074074074,0.9157273839341689,0.7947343326848991,0.5170963887925386,0.8526318134809945,0.5225121918578653,1543.374074074074,993.8592592592593
720,317.0,70.04163056034263,0.7851291291834257,0.9269005847953217,25.84796487541916,16.008474375726923,-0.11835179710177478,997.7507886435332,555.8895899053628,0.812001124248498,0.2862459268307738,0.5191211179206728,0.9930045972533789,-0.11807569535537335,555.8895899053628,997.7507886435332
721,374.0,70.5269119345812,0.5452417853175472,0.9639175257731959,23.881105231852562,20.019024934597073,-0.3873415747862186,1000.0374331550802,983.5775401069519,0.9448692803681599,0.5064765911982244,0.5203108393106557,0.9259164928674741,-0.3777282730164593,983.5775401069519,1000.0374331550802
722,32.0,28.44974746830583,0.9827280245567304,0.4444444444444444,21.8709344055543,4.0473421189641465,-1.3750347055433707,992.59375,1689.59375,0.496824507616037,0.8700276776519053,0.5164379552549427,0.19451366544529758,-0.9808998083163412,1689.59375,992.59375
723,355.0,85.18376618407356,0.8835645526142485,0.8217592592592593,32.2744723006888,15.114438318597204,-0.10433651290576158,1006.9718309859155,1685.6112676056339,0.6147868113856719,0.867976965811346,0.5239187466107781,0.9945618820519716,-0.1041473128277446,1685.6112676056339,1006.9718309859155
724,287.0,68.04163056034261,0.5457840118617925,0.9348534201954397,21.402588691486365,17.93378337255366,0.7274139803999757,1006.0940766550523,1000.2752613240418,0.7790087496960784,0.5150747998579001,0.5234620586134507,0.7468964466949711,0.6649403716984149,1000.2752613240418,1006.0940766550523
725,1018.0,119.05382386916239,0.2163260001985861,0.9695238095238096,36.78753615653451,35.91645099452738,0.024050053087999856,1013.9872298624755,1186.7593320235756,0.9025493214416945,0.6111016127824797,0.5275687980553982,0.9997108114126471,0.024047734709674976,1186.7593320235756,1013.9872298624755
726,162.0,49.798989873223334,0.88386978002294,0.9529411764705882,21.170874979333146,9.902318058774902,-1.322287302488071,1000.4135802469136,1859.0925925925926,0.820887819182336,0.9573082351146203,0.5205065453938156,0.24595905992966968,-0.9692802179135367,1859.0925925925926,1000.4135802469136
727,444.0,82.18376618407356,0.5755028948355745,0.9386892177589852,27.07035960902376,22.138133104447913,-0.5407982714163394,1010.5788288288288,243.95945945945945,0.8260774271712531,0.12562279065883597,0.5257954364353948,0.8572979880592173,-0.5148205120909792,243.95945945945945,1010.5788288288288
728,816.0,130.08326112068522,0.9090091170897577,0.8888888888888888,52.40319053142305,21.8404041365156,-0.13243470091325132,1019.2549019607843,1700.626225490196,0.6059784653507657,0.8757086640011308,0.530309522352125,0.9912433347879377,-0.13204791266236837,1700.626225490196,1019.2549019607843
729,458.0,81.11269837220807,0.7356882835177171,0.9581589958158996,29.72170250655775,20.13111159604315,-0.11125837951162645,1012.1746724890829,1918.0895196506551,0.8747775792408716,0.9876877032186689,0.526625740108784,0.9938171682544839,-0.11102898757819481,1918.0895196506551,1012.1746724890829
730,289.0,63.94112549695428,0.6859879393632742,0.9444444444444444,22.70189875950355,16.51819462281942,1.2665895256895523,1009.273356401384,955.0138408304498,0.8882744160407035,0.4917681981619206,0.5251162104065473,0.29953649047325503,0.9540848446941004,955.0138408304498,1009.273356401384
731,590.0,94.66904755831213,0.4736897305259665,0.9350237717908082,29.68989289197487,26.147645088224053,0.5360461848416047,1017.7508474576272,1415.806779661017,0.8272673039082704,0.729045715582398,0.5295269757844054,0.8597347706218409,0.5107407602529982,1415.806779661017,1017.7508474576272
732,172.0,54.04163056034261,0.7908829716836446,0.8472906403940886,19.916712373762568,12.188379118138116,0.723123605940402,1010.0639534883721,1635.5174418604652,0.7400846940503494,0.8421819988982828,0.5255275512426494,0.7497424069628642,0.6617297962171048,1635.5174418604652,1010.0639534883721
733,322.0,65.698484809835,0.4995211846076034,0.9611940298507463,21.856041616331442,18.933925385667706,-0.11056741563228063,1013.583850931677,463.4099378881988,0.9374649266364351,0.2386250967498449,0.5273589234816217,0.9938936480287623,-0.11034226936255473,463.4099378881988,1013.583850931677
734,429.0,85.01219330881976,0.7929142973877072,0.9326086956521739,30.588439244212967,18.638550773919675,-1.3291996369026575,1013.7808857808858,677.6270396270396,0.7459414046631797,0.3489325641745827,0.5274614390119072,0.23925324829285025,-0.9709571994590286,677.6270396270396,1013.7808857808858
735,506.0,81.59797974644667,0.6515901566991692,0.9787234042553191,29.174201422814363,22.130709025099634,0.8480372305219948,1019.3142292490119,352.998023715415,0.9549960343224811,0.18177035206766992,0.5303403898277897,0.6614564639065593,0.7499835640573935,352.998023715415,1019.3142292490119
736,726.0,105.9827560572969,0.7709580624796457,0.9355670103092784,38.535963873786315,24.543012526614017,-0.8073178980201563,1024.1184573002754,1076.5247933884298,0.8122244647881001,0.5543382046284396,0.5328399881895294,0.6914385626760515,-0.7224352663349679,1076.5247933884298,1024.1184573002754
737,117.0,44.384776310850235,0.866418253314977,0.8666666666666667,17.749285307618294,8.86255444072802,0.2672066788822247,1018.9145299145299,1673.6410256410256,0.7463244246267423,0.8618130925031028,0.5301324297161967,0.9645122019742435,0.2640382779878633,1673.6410256410256,1018.9145299145299
738,1301.0,149.88225099390857,0.8649735735507624,0.942070963070239,58.4349299720679,29.32366544964899,0.09503891759899115,1038.7524980784012,299.71790930053805,0.7277575955160591,0.15433465978400518,0.5404539532145688,0.9954872003881208,0.09489591067807675,299.71790930053805,1038.7524980784012
739,320.0,65.11269837220809,0.6598592812388715,0.9667673716012085,23.377945965895695,17.565936102743322,-0.09866372000141846,1022.39375,1442.234375,0.9484806062401062,0.742654158084449,0.5319426378772112,0.9951366822745852,-0.09850372374449261,1442.234375,1022.39375
740,686.0,120.18986283848344,0.8726382954134406,0.8511166253101737,43.43055581670622,21.210053751446434,0.9732860173743799,1025.7026239067056,1889.5889212827988,0.5967580698700468,0.973011802926261,0.5336642163926668,0.5625858952285233,0.8267388405596541,1889.5889212827988,1025.7026239067056
741,124.0,42.21320343559643,0.6910860115115687,0.8985507246376812,14.957517119486543,10.810882434788114,-0.12636413353015685,1018.8145161290323,1620.6290322580646,0.874449890525676,0.8345154646025049,0.530080393407405,0.9920266711274266,-0.12602810707075052,1620.6290322580646,1018.8145161290323
742,547.0,95.94112549695427,0.8301224481868756,0.916247906197655,35.777713727990864,19.948978193134526,1.53313975710133,1022.3893967093236,1469.7769652650823,0.7467712205093372,0.7568367483342339,0.5319403728976709,0.03764767071369102,0.9992910751577008,1469.7769652650823,1022.3893967093236
743,142.0,43.798989873223334,0.48167585025639986,0.9281045751633987,14.497793377302402,12.705133391083224,-0.158284493504221,1020.5774647887324,1664.2605633802816,0.9301864722370837,0.8569827823791357,0.5309976403687473,0.987499141973813,-0.1576243781938031,1664.2605633802816,1020.5774647887324
744,489.0,88.18376618407358,0.8117853176042016,0.9513618677042801,33.28984581118104,19.439804863777994,-1.3314677605051994,1024.476482617587,973.1595092024539,0.7902080277176896,0.5011120026789155,0.5330262656699204,0.23705038383479474,-0.9714973574455962,973.1595092024539,1024.476482617587
745,231.0,57.21320343559643,0.7050401293988979,0.9428571428571428,20.52545137309218,14.555981197022216,-1.3581292172499277,1020.6623376623377,997.2207792207793,0.8868074107048479,0.5135019460457154,0.531041798991851,0.21106767090490616,-0.9774714513983405,997.2207792207793,1020.6623376623377
746,200.0,52.8700576850888,0.6506956202679919,0.9569377990430622,18.531404221648188,14.071611761766297,-1.352731205179695,1024.155,1631.545,0.8991254510643084,0.8401364572605562,0.5328590010405827,0.21634097287964132,-0.9763178700881646,1631.545,1024.155
747,483.0,82.2842712474619,0.5006713902697895,0.9545454545454546,26.892433820846872,23.27909727968009,-1.0293938600381067,1032.8095238095239,1239.327122153209,0.8964443626339609,0.638170505743156,0.5373618750309698,0.5153383935410991,-0.8569867794443968,1239.327122153209,1032.8095238095239
748,520.0,86.08326112068524,0.6328668683611411,0.959409594095941,29.57765145263126,22.900811119505686,1.334398968634016,1031.4596153846153,1576.301923076923,0.8818115548995699,0.8116899706884259,0.5366595293364284,0.23420170859588707,0.9721880269221419,1576.301923076923,1031.4596153846153
749,743.0,117.46803743153546,0.6855213400230855,0.8639534883720931,37.80778945161991,27.52605691802396,-0.6573938679130402,1039.2732166890983,1798.0578734858682,0.6766424680519055,0.9258794405179548,0.5407248786103529,0.7915874104073285,-0.61105594808055,1798.0578734858682,1039.2732166890983
750,415.0,83.7401153701776,0.8367510199657315,0.9021739130434783,31.89918105917883,17.467466409057426,-0.45949184278133676,1039.3493975903614,476.2433734939759,0.7436881320222954,0.2452334569999876,0.5407645148753181,0.8962779772600631,-0.4434927141212241,476.2433734939759,1039.3493975903614
751,293.0,66.2842712474619,0.79796621447463,0.9272151898734177,25.12936024481286,15.145520259515148,1.271086004238527,1031.1092150170648,557.5597269624574,0.838024108404868,0.28710593561403575,0.5364772190515426,0.29524345483423653,0.9554220545798302,557.5597269624574,1031.1092150170648
752,432.0,88.52691193458118,0.8801625201453825,0.8780487804878049,35.21324665658444,16.714758186909336,1.490478610254334,1031.0925925925926,1727.8958333333333,0.6926964799004051,0.8897506865774115,0.5364685705476548,0.08023139032015157,0.9967762657724628,1727.8958333333333,1031.0925925925926
753,212.0,54.04163056034262,0.5455827629079822,0.9422222222222222,18.036441334263444,15.115564985192906,0.4988549007326542,1032.7594339622642,504.8632075471698,0.9121974135969421,0.25997075568855293,0.5373358137160584,0.8781309762373704,0.47842030535127056,504.8632075471698,1032.7594339622642
754,679.0,97.15432893255071,0.6404217451954746,0.9686162624821684,33.63870376747703,25.835312631866792,-1.4063806895105408,1037.8733431516937,1548.4167893961708,0.9039727221459499,0.7973309935098717,0.5399965364993203,0.16367587686997137,-0.9865141698581151,1548.4167893961708,1037.8733431516937
755,419.0,77.11269837220809,0.7222200579931339,0.9588100686498856,27.946841883569732,19.32980624070841,-1.238662776909087,1034.890214797136,1776.381861575179,0.8854663999662646,0.9147177454043146,0.5384444405812362,0.32606071787020624,-0.9453488288785076,1776.381861575179,1034.890214797136
756,231.0,58.870057685088796,0.7047275932075535,0.9467213114754098,20.807799959896425,14.762676107669282,0.3045804562298883,1036.1774891774892,519.3376623376623,0.8375927724584232,0.2674241309668704,0.5391141983233555,0.9539728547482709,0.29989296824606365,519.3376623376623,1036.1774891774892
757,536.0,94.32590180780451,0.8234385439460217,0.9321739130434783,35.66384822955489,20.235862471102173,0.7985569275240827,1043.714552238806,1335.277985074627,0.7570293575486894,0.6875787770724134,0.5430356671377763,0.697741180386918,0.71634994604053,1335.277985074627,1043.714552238806
758,146.0,46.38477631085023,0.8600076526519098,0.954248366013072,19.21227922276937,9.803663659841236,1.5426514523885766,1031.0068493150684,1343.9246575342465,0.8527304799789819,0.6920312345696429,0.5364239590609097,0.02814115880170487,0.9996039591664777,1343.9246575342465,1031.0068493150684
759,592.0,88.42640687119285,0.212068983271762,0.9720853858784894,27.792788273633143,27.16063293326679,0.23096455239089628,1041.2179054054054,1406.035472972973,0.9514097863803626,0.7240141467420046,0.5417366833534888,0.9734460458433369,0.228916569588075,1406.035472972973,1041.2179054054054
760,233.0,60.62741699796951,0.8799543019208896,0.9282868525896414,25.170179074772665,11.95730349213833,1.4303577272015262,1035.4034334763949,1156.0944206008583,0.7965768000225992,0.5953112361487427,0.5387114638274687,0.139977409541673,0.9901546974175311,1156.0944206008583,1035.4034334763949
761,392.0,80.08326112068522,0.8828050132368978,0.944578313253012,32.96846870953895,15.48659589362869,-0.8767803619869018,1042.3163265306123,453.1045918367347,0.768090566108644,0.23331853338657813,0.5423081823780501,0.6396293377305358,-0.7686834916364448,453.1045918367347,1042.3163265306123
762,613.0,97.42640687119284,0.6993265559535885,0.9316109422492401,33.53513707582366,23.970994052157867,-0.9624928358865648,1044.7243066884175,1175.3083197389885,0.8115531481571004,0.6052051080015389,0.543561033656825,0.5714760960562021,-0.8206187127018019,1175.3083197389885,1044.7243066884175
763,496.0,95.59797974644665,0.7807214054892307,0.9185185185185185,33.198585823890745,20.745107674483506,-1.1899071751302925,1041.4576612903227,1466.3125,0.682015290531921,0.755052780638517,0.5418614262696788,0.371746046387639,-0.9283344639703728,1466.3125,1041.4576612903227
764,502.0,83.25483399593904,0.6180966415085858,0.9691119691119691,28.707190755289723,22.56678348800903,0.33787664117992644,1044.8645418326694,681.5637450199204,0.9101116272167281,0.3509597039237489,0.5436339967911912,0.9434606524788429,0.3314845354223874,681.5637450199204,1044.8645418326694
765,359.0,69.01219330881976,0.4371949825858233,0.9624664879356568,22.57584932380054,20.30396818709505,1.3640466058981155,1041.9470752089137,1364.9025069637883,0.94722391056485,0.7028334227413946,0.5421160641045336,0.2052799308817939,0.9787033002790815,1364.9025069637883,1041.9470752089137
766,296.0,62.8700576850888,0.6019538744007957,0.961038961038961,21.787687753376012,17.39814102167349,-1.1257729444953808,1041.168918918919,1752.3885135135135,0.9410525100570979,0.9023627772984106,0.5417111961076582,0.43047898529615886,-0.9026006000543039,1752.3885135135135,1041.168918918919
767,195.0,53.11269837220809,0.7747815926147131,0.9420289855072463,20.13041304256587,12.727030514329837,-0.6480284468098787,1042.4717948717948,534.6820512820512,0.8686558385807125,0.2753254640999234,0.5423890712132127,0.7972754077678207,-0.6036157090141502,534.6820512820512,1042.4717948717948
768,440.0,82.18376618407356,0.8314644726835058,0.9649122807017544,31.91532132727972,17.73144799635829,1.559787553210271,1043.0590909090909,1878.0704545454546,0.8186352881877283,0.9670805636176388,0.5426946362690379,0.011008551221414425,0.999939404064069,1878.0704545454546,1043.0590909090909
769,825.0,126.32590180780451,0.9295868428211282,0.9428571428571428,53.74987598166344,19.812375018069527,-1.382565599618469,1048.12,642.2327272727273,0.6496493348041402,0.3307068626533096,0.5453277835587929,0.187121166882222,-0.9823368408568599,642.2327272727273,1048.12
770,193.0,56.45584412271571,0.8542817269756323,0.910377358490566,22.123271199994296,11.499903877037724,1.492766152843786,1042.2227979274612,1725.4455958549222,0.7609381573256615,0.8884889782981061,0.5422595202536219,0.07795101422930356,0.9969571903450132,1725.4455958549222,1042.2227979274612
771,307.0,63.45584412271572,0.4640542233707015,0.9623824451410659,21.038402187209737,18.635959609853927,1.120087476559487,1046.6970684039088,558.5602605863193,0.958087089821754,0.2876211434533055,0.5445874445389745,0.43560370691998485,0.9001385507340345,558.5602605863193,1046.6970684039088
772,153.0,45.21320343559643,0.7566868737950764,0.95625,17.334441489314,11.332867231102108,0.40104535951144826,1047.3464052287582,380.1830065359477,0.9405258522783918,0.19576879842221817,0.5449252888807274,0.9206534086520993,0.39038096923040516,380.1830065359477,1047.3464052287582
773,101.0,37.79898987322333,0.747592818452477,0.9099099099099099,14.102024823928865,9.365963354303071,0.28117396640446585,1047.1287128712872,1713.2277227722773,0.8883228832058931,0.8821975915408224,0.5448120254273087,0.9607303438763523,0.2774837046661046,1713.2277227722773,1047.1287128712872
774,401.0,76.76955262170048,0.768267553782309,0.9547619047619048,28.44056675417758,18.205627760719178,1.3019443097392425,1050.1795511221944,511.2344139650873,0.8550198889889958,0.26325150049695534,0.5463993502196641,0.26562486862258694,0.9640764643788549,511.2344139650873,1050.1795511221944
775,382.0,73.35533905932738,0.6962780988131732,0.9622166246851386,26.210107911744135,18.812884590949256,-0.1949378622644357,1055.8089005235602,1130.3141361256544,0.892092255834065,0.5820361154097088,0.5493282520934236,0.9810597078693195,-0.19370557450771891,1130.3141361256544,1055.8089005235602
776,406.0,76.52691193458118,0.5250437724233326,0.9463869463869464,25.03810886506915,21.309314112828936,0.6181158680691978,1056.5320197044334,1520.1477832512314,0.8711792447850257,0.782774347709182,0.5497044847577698,0.8149717582989434,0.5795006757331078,1520.1477832512314,1056.5320197044334
777,636.0,104.32590180780451,0.8870641546565676,0.9506726457399103,42.18971632510107,19.476720920495882,-1.3037512656317165,1055.2216981132076,1608.2688679245282,0.7343154817934415,0.8281508073761731,0.5490227357508884,0.26388239227809035,-0.9645548626416187,1608.2688679245282,1055.2216981132076
778,363.0,68.52691193458118,0.3930614361677686,0.9705882352941176,22.440576528047913,20.63438415430241,1.1215153247039704,1055.6280991735537,1274.1818181818182,0.9713912032005593,0.6561183409793091,0.549234182712567,0.43431800215373856,0.900759608888623,1274.1818181818182,1055.6280991735537
779,1150.0,131.05382386916236,0.7597404098616332,0.9655751469353484,47.52753092334365,30.903660390035306,-1.272349135020577,1064.037391304348,260.06695652173914,0.8414112412268867,0.13391707338915507,0.5536094647785369,0.2940363966178195,-0.9557942233891186,260.06695652173914,1064.037391304348
780,642.0,100.66904755831214,0.3541896331684895,0.9385964912280702,30.655416201457356,28.66813661076025,0.2725045077488533,1060.9314641744547,998.436137071651,0.7960731433903482,0.5141277739812827,0.5519934777182387,0.9630998434608617,0.26914436929957053,998.436137071651,1060.9314641744547
781,368.0,71.11269837220809,0.7237384235359023,0.968421052631579,26.11780154019394,18.02322654437856,-1.1391480835208179,1055.608695652174,1495.1820652173913,0.9144571631111813,0.7699186741593158,0.5492240872279781,0.4183684321765664,-0.9082774107937077,1495.1820652173913,1055.608695652174
782,261.0,72.76955262170047,0.8953366708575785,0.8233438485804416,29.48014305559615,13.130160707619758,-0.12525628802813943,1061.5823754789271,923.7739463601532,0.6193711346098724,0.4756817437487916,0.5523321412481411,0.9921656820025667,-0.12492901767156295,923.7739463601532,1061.5823754789271
783,675.0,119.29646455628165,0.9411083215339873,0.9310344827586207,51.172698428724836,17.301755502806305,-0.5228262136975512,1071.114074074074,1739.1348148148147,0.5960167849263822,0.89553800968837,0.5572914017034725,0.8664114262519502,-0.4993307926215461,1739.1348148148147,1071.114074074074
784,493.0,82.18376618407356,0.6723252995434189,0.9723865877712031,29.343789663672617,21.721911328130506,-0.06347184130962921,1066.711967545639,1916.1115618661258,0.917243629719432,0.9866691873666972,0.5550010236970027,0.9979863388487145,-0.06342923199392343,1916.1115618661258,1066.711967545639
785,98.0,36.384776310850235,0.7566741192497581,0.9158878504672897,13.863096865542689,9.063584985265319,-1.2696436865302028,1057.5204081632653,363.9591836734694,0.9302432366554405,0.1874146156917968,0.5502187347363503,0.29662116941017314,-0.9549952260915975,363.9591836734694,1057.5204081632653
786,681.0,113.39696961966999,0.7831405347901556,0.88671875,39.786446180827596,24.74099298792775,-1.2567518156998714,1069.3568281938326,1185.079295154185,0.6655092227318077,0.6102365062585917,0.5563771218490284,0.3089078545500293,-0.9510919710508011,1185.079295154185,1069.3568281938326
787,766.0,108.66904755831214,0.5904839060576672,0.9468479604449939,35.68260606406834,28.797626315085456,0.15224087260145788,1073.0078328981724,1573.6762402088773,0.8151300659930539,0.8103379197780006,0.5582767080635652,0.9884337238387326,0.15165346543450972,1573.6762402088773,1073.0078328981724
788,310.0,66.04163056034261,0.811465758203852,0.9657320872274143,26.072003148910152,15.236477820736102,1.5266815518728063,1061.667741935484,445.76774193548385,0.8931738162068318,0.22954054682568684,0.5523765566781914,0.04410046758882378,0.9990271011131014,445.76774193548385,1061.667741935484
789,198.0,53.698484809834994,0.8129318254244272,0.9519230769230769,20.991940728753985,12.22484276915879,-1.096426839165436,1061.1363636363637,582.6060606060606,0.8628811687605837,0.3000031208064164,0.5521000851385868,0.4567776462475951,-0.8895809023852226,582.6060606060606,1061.1363636363637
790,127.0,39.79898987322333,0.6584651478835497,0.9694656488549618,14.692641002488624,11.057846475300993,-0.46612980399176274,1061.244094488189,1730.2992125984251,1.0075566782972256,0.8909882660136071,0.5521561365703376,0.8933143653810687,-0.4494323582073487,1730.2992125984251,1061.244094488189
791,428.0,77.698484809835,0.7179019004957535,0.9705215419501134,28.177629277991244,19.615695500232135,-0.4521195514786229,1072.553738317757,906.2219626168225,0.8908991273403098,0.466643647073544,0.5580404465753158,0.8995231485741397,-0.43687309962878945,906.2219626168225,1072.553738317757
792,778.0,108.32590180780453,0.8144056892853972,0.970074812967581,41.382913905519786,24.014336756410575,-1.4974294155042778,1073.2724935732647,669.6632390745501,0.8331531384172302,0.3448317399971937,0.5584144087269848,0.0733011102786779,-0.9973098551763705,669.6632390745501,1073.2724935732647
793,656.0,105.49747468305831,0.7583408583100715,0.9085872576177285,36.95025292045117,24.086326200326823,-0.9047930289319454,1076.5670731707316,1365.1082317073171,0.7406782222024311,0.7029393572128306,0.5601285500368011,0.6178483339565994,-0.7862972950653297,1365.1082317073171,1076.5670731707316
794,276.0,63.01219330881976,0.6342206107334926,0.9616724738675958,21.743379653220014,16.810940303496945,0.7558515222142008,1072.3659420289855,1139.6304347826087,0.8735137643695948,0.586833385572919,0.5579427377882339,0.7276877406974849,0.6859085595315092,1139.6304347826087,1072.3659420289855
795,486.0,81.59797974644665,0.6607660283436575,0.9700598802395209,28.847084896676478,21.65238932743089,1.5419109166530893,1073.9794238683128,531.1604938271605,0.917249155495506,0.2735120977482804,0.5587822184538568,0.028881393470935518,0.9995828455466695,531.1604938271605,1073.9794238683128
796,821.0,116.91168824543142,0.8354319137653009,0.9372146118721462,43.96362577033559,24.16214304684745,-0.6679736666264134,1082.3191230207065,1602.3434835566381,0.7548091519813522,0.8250996310796282,0.5631212918942281,0.7850783804539042,-0.6193964292308076,1602.3434835566381,1082.3191230207065
797,366.0,69.35533905932738,0.568363542013211,0.973404255319149,23.904458957287407,19.668051990844116,0.31513995122821764,1078.0956284153006,1833.1338797814208,0.9561612758814338,0.9439412357267872,0.5609238441286684,0.9507530104072109,0.309949533314096,1833.1338797814208,1078.0956284153006
798,145.0,46.2842712474619,0.8872252162345746,0.9666666666666667,20.014982550569087,9.233643070026469,-0.9274873142449324,1074.7793103448275,602.0758620689655,0.850571851181609,0.31002876522603784,0.5591983924790986,0.599846311935999,-0.8001152429848966,602.0758620689655,1074.7793103448275
799,255.0,58.2842712474619,0.7489993444180302,0.9695817490494296,22.196402991820282,14.706687097961167,1.141750578408418,1075.2627450980392,1859.4117647058824,0.9432945018861189,0.9574725873871691,0.5594499194058477,0.4160032307271291,0.9093631354000398,1859.4117647058824,1075.2627450980392
800,166.0,45.79898987322333,0.6294580256722134,0.9651162790697675,16.499805897145144,12.820918210139093,0.5967762773783278,1077.132530120482,716.6265060240963,0.9945031273093148,0.36901467869417937,0.5604227524039969,0.8271515738714618,0.5619788909220379,716.6265060240963,1077.132530120482
801,459.0,84.42640687119285,0.8374709633618743,0.9602510460251046,32.765315199720256,17.90564926114531,-0.8943830817398787,1081.6514161220043,1505.8148148148148,0.8092187494985591,0.7753938284319335,0.5627738897617088,0.6260000225569338,-0.7798230387457903,1505.8148148148148,1081.6514161220043
802,471.0,99.25483399593905,0.8595065195447026,0.8078902229845626,36.67187705199897,18.74390516680472,0.5677071240430638,1090.904458598726,984.4394904458599,0.6007965587824213,0.5069204379226879,0.567588167845331,0.8431360703745818,0.5377002574235094,984.4394904458599,1090.904458598726
803,199.0,51.941125496954285,0.4838893406315449,0.9567307692307693,17.211450295542054,15.062242623057504,-0.43264872660387294,1081.035175879397,1413.7688442211056,0.9269156790579217,0.7279963152528865,0.5624532652858465,0.9078583856436611,-0.41927693904683755,1413.7688442211056,1081.035175879397
804,205.0,72.04163056034261,0.96302082372133,0.8102766798418972,33.210741609359474,8.947869539699857,-1.3990284001806368,1080.551219512195,353.7268292682927,0.4963598644373258,0.1821456381402125,0.5622014669678435,0.17092452530423466,-0.9852841248338076,353.7268292682927,1080.551219512195
805,480.0,80.76955262170047,0.5553939649616985,0.9619238476953907,27.222610498861965,22.637978901358704,0.7640673511523265,1087.2166666666667,1066.9541666666667,0.9246039547582934,0.5494099725369035,0.5656694415539368,0.7220279374352687,0.6918639010404949,1066.9541666666667,1087.2166666666667
806,611.0,93.7401153701776,0.8039508910860279,0.9729299363057324,36.20785634387399,21.532656142813234,-0.8121691773515581,1089.7414075286415,1289.3862520458265,0.8737759901627551,0.6639476066147407,0.566983042418648,0.6879257046908489,-0.7257811135773643,1289.3862520458265,1089.7414075286415
807,529.0,94.76955262170047,0.8736807415265573,0.9429590017825312,37.513739112148336,18.25042296988798,-1.441703845998287,1086.0756143667297,1203.0264650283555,0.7401638585923694,0.6194780973369493,0.565075761897362,0.12873422790055858,-0.9916791308517322,1203.0264650283555,1086.0756143667297
808,149.0,43.21320343559643,0.6435525364544827,0.9612903225806452,15.737534447021659,12.045539428100158,0.90598406979448,1084.1879194630872,511.3288590604027,1.002681975721208,0.26330013339876557,0.5640936105427092,0.6169113837364165,0.7870326197918481,511.3288590604027,1084.1879194630872
809,639.0,97.01219330881975,0.7824552338813611,0.9681818181818181,36.20478499144028,22.544967208063127,0.16982866648419143,1095.3333333333333,1176.2347417840376,0.8532142008608476,0.6056821533388453,0.5698924731182795,0.9856137390500913,0.1690134828813916,1176.2347417840376,1095.3333333333333
810,81.0,32.384776310850235,0.713663191861919,0.9310344827586207,12.167639761888866,8.52329789133083,-0.8554182333735073,1084.0,1643.6913580246915,0.9705391965307768,0.8463910185503045,0.5639958376690947,0.655902865615602,-0.7548453026132186,1643.6913580246915,1084.0
811,146.0,45.55634918610404,0.6863772971565824,0.9419354838709677,16.215203538037873,11.79243590807154,-1.0043781804139809,1086.2123287671234,1920.123287671233,0.8840257055773065,0.9887349576061961,0.5651468932191068,0.5366130274789963,-0.84382845338364,1920.123287671233,1086.2123287671234
812,373.0,72.18376618407356,0.6783344363657535,0.9539641943734015,25.57513763542091,18.791416437586776,-1.0505681240507274,1092.378016085791,1423.6970509383377,0.8995796463010283,0.7331086771052202,0.5683548470789755,0.49707816362237567,-0.8677057676711656,1423.6970509383377,1092.378016085791
813,455.0,78.18376618407358,0.6342708932515733,0.9763948497854077,27.44128831118742,21.21515857588332,0.8664599430962154,1094.0593406593407,694.4087912087912,0.9353800151279636,0.3575740428469574,0.5692296257332679,0.647528269038981,0.7620414298418302,694.4087912087912,1094.0593406593407
814,328.0,65.698484809835,0.5258528962523918,0.9647058823529412,22.239779551787635,18.916612269777712,-0.9688103215116582,1093.060975609756,309.6310975609756,0.9549332171948779,0.1594392881364447,0.5687101850206847,0.5662804796733318,-0.8242126050606974,309.6310975609756,1093.060975609756
815,473.0,79.84062043356595,0.60248381243125,0.9692622950819673,27.55033192240158,21.98877677387046,-0.12104860911992901,1099.0211416490486,1099.2325581395348,0.9324449440804091,0.5660311833880199,0.5718112079339482,0.9926825587277924,-0.12075320947139676,1099.2325581395348,1099.0211416490486
816,177.0,55.21320343559643,0.7805631224336429,0.9076923076923077,19.43231276067052,12.146691079065507,0.987036100324937,1094.5706214689264,638.5197740112994,0.7296208559544685,0.32879494027358364,0.5694956407226465,0.5511653440434794,0.834396047165513,638.5197740112994,1094.5706214689264
817,574.0,89.59797974644667,0.6060557424424508,0.9663299663299664,30.482926451265225,24.24679566916777,-0.9611851054713018,1099.378048780488,1571.712543554007,0.8985149795030108,0.8093267474531447,0.5719969036318876,0.5725487551428817,-0.8198706745483317,1571.712543554007,1099.378048780488
818,532.0,126.56854249492382,0.889668324480618,0.7121820615796519,47.76550539812951,21.81008085912982,-0.8629126989281304,1106.6616541353383,1658.7142857142858,0.417320710709664,0.8541268206561718,0.5757865005907067,0.6502273364871153,-0.7597396994266338,1658.7142857142858,1106.6616541353383
819,213.0,54.04163056034261,0.7206551717326615,0.9424778761061947,19.945434634661588,13.828043729983728,-0.7300090442447809,1096.7417840375588,1259.5492957746478,0.9165002315856071,0.6485835714596538,0.5706252778551294,0.7451683709821775,-0.6668763745161226,1259.5492957746478,1096.7417840375588
820,361.0,71.25483399593904,0.4316440860709815,0.955026455026455,22.767409914623737,20.537205572428565,-0.17634351271783813,1102.6481994459834,469.5484764542936,0.8934873346165081,0.24178603318964656,0.5736983347793878,0.9844917337495909,-0.1754309726893306,469.5484764542936,1102.6481994459834
821,580.0,100.32590180780451,0.7777896040697448,0.8964451313755796,35.8566283503103,22.536777526495616,-0.5362274128448987,1107.4448275862069,551.9879310344828,0.7241219515281265,0.28423683369437835,0.5761939789730525,0.8596421959757783,-0.5108965598807077,551.9879310344828,1107.4448275862069
822,823.0,123.39696961966999,0.9062770041071508,0.8878101402373247,51.28438463799596,21.67710266619312,-0.3425385335062533,1114.221142162819,1893.3791008505468,0.679204743580603,0.9749634916841127,0.5797196369213419,0.9419050606545579,-0.33587922935682335,1893.3791008505468,1114.221142162819
823,475.0,98.66904755831214,0.9093851980185437,0.8497316636851521,40.539475820678625,16.862597645487124,-0.7090781960790575,1109.1284210526317,1111.9115789473685,0.6131145203238788,0.5725600303539488,0.5770699381127116,0.7589624166328042,-0.6511344332308757,1111.9115789473685,1109.1284210526317
824,182.0,51.55634918610404,0.5454270251498244,0.9333333333333333,17.10954475430974,14.340507193856505,0.3821852792710509,1101.1263736263736,1129.8351648351647,0.8604327635369047,0.5817894772580663,0.5729065419492059,0.9278518540158366,0.3729489737207689,1129.8351648351647,1101.1263736263736
825,584.0,90.42640687119285,0.6886902340368265,0.9717138103161398,32.23334175698962,23.370968025132257,0.6331462923180985,1108.3698630136987,1050.7054794520548,0.8974952577297072,0.5410429863295854,0.5766752669165967,0.8061698903525862,0.5916841284747285,1050.7054794520548,1108.3698630136987
826,1164.0,128.71067811865476,0.6451225777409215,0.9724310776942355,44.25760980937259,33.81631434206617,-1.012217051198058,1113.0549828178694,342.52405498281786,0.8829450730937367,0.1763769593114407,0.5791128942860923,0.5299819462255252,-0.8480089248793343,342.52405498281786,1113.0549828178694
827,40.0,21.899494936611667,0.7782604262776883,0.9302325581395349,9.035028132411572,5.6734704235178155,-0.6418588261741456,1099.575,1721.925,1.0480974335065731,0.8866761071060761,0.5720993756503642,0.8009842902919065,-0.5986853653677954,1721.925,1099.575
828,358.0,69.94112549695429,0.7411203189773647,0.9701897018970189,26.120690448188913,17.536706226148656,0.03664022012456736,1108.9972067039107,1020.9581005586592,0.9196607616427847,0.5257250775276309,0.577001668420349,0.999328822227986,0.036632022390612924,1020.9581005586592,1108.9972067039107
829,160.0,45.55634918610405,0.7075665355845943,0.9696969696969697,17.019932575260793,12.027079659400975,0.9500879341779754,1103.84375,922.20625,0.9687952937833495,0.4748744850669413,0.5743203694068678,0.5816115601913007,0.813466651468787,922.20625,1103.84375
830,276.0,63.11269837220809,0.7863291167981653,0.9550173010380623,23.997866330930474,14.826069824819461,-0.8173196867271654,1108.1195652173913,1780.5144927536232,0.8707338910627727,0.9168457738175196,0.576545039134959,0.68417845424883,-0.7293146390562044,1780.5144927536232,1108.1195652173913
831,391.0,75.84062043356595,0.7430614153561088,0.9583333333333334,27.64463688077187,18.50043321521456,-0.8269484703584196,1110.994884910486,1868.9846547314578,0.8542458291090268,0.96240198492866,0.5780410431376097,0.6771244338661014,-0.7358685351756192,1868.9846547314578,1110.994884910486
832,476.0,119.05382386916237,0.9532112924088768,0.7867768595041322,50.70562306079543,15.328556586259332,-0.9668069146104282,1115.0693277310925,1349.6743697478992,0.4220171679825606,0.6949919514664774,0.5801609405468743,0.5679305753674267,-0.8230764615531315,1349.6743697478992,1115.0693277310925
833,284.0,63.35533905932738,0.4683323864834809,0.9627118644067797,20.666430116806414,18.25987313650175,0.38013557796198366,1110.2288732394366,1516.1549295774648,0.8891228368601224,0.7807182953539984,0.5776424938810805,0.9286143384002927,0.371046372462239,1516.1549295774648,1110.2288732394366
834,136.0,42.04163056034261,0.6659719733816117,0.951048951048951,15.288074140988773,11.4045480574756,-0.7327107205227266,1106.8382352941176,1267.6764705882354,0.9669180539630468,0.6527685224450234,0.575878374242517,0.7433639695818891,-0.6688871419959097,1267.6764705882354,1106.8382352941176
835,467.0,86.18376618407356,0.8468333454664834,0.9434343434343434,33.69045625383235,17.918549857607466,-1.209631168610871,1115.3790149892934,1134.4325481798714,0.7900886216036191,0.5841568219257834,0.580322068152598,0.3533644617492725,-0.9354857332811907,1134.4325481798714,1115.3790149892934
836,478.0,85.1543289325507,0.7408982877814071,0.9502982107355865,30.416849843587514,20.42848097009421,0.8053256844240108,1120.1171548117154,485.44351464435147,0.8283698794957334,0.249970913823044,0.5827872813796646,0.6928764349539467,0.7210563402990846,485.44351464435147,1120.1171548117154
837,367.0,70.28427124746189,0.46708257311657175,0.95822454308094,23.056774213189627,20.387115671309154,-0.5176391811475844,1117.359673024523,597.5449591280654,0.933597405198043,0.30769565351599665,0.5813525874217081,0.8689898042057365,-0.4948299911954365,597.5449591280654,1117.359673024523
838,219.0,54.04163056034262,0.6763523559908656,0.9521739130434783,19.526702932708275,14.382944305590923,1.4855420694688388,1114.0730593607307,741.6529680365297,0.9423171395175958,0.3819016313267403,0.5796425907183822,0.08515101942985574,0.9963680564380094,741.6529680365297,1114.0730593607307
839,204.0,58.76955262170047,0.8508271694817453,0.9107142857142857,22.91985258847485,12.043136766398456,-0.806307797106051,1116.436274509804,1908.0245098039215,0.7422244593773951,0.9825048969124209,0.5808721511497419,0.6921679423361807,-0.7217364751778156,1908.0245098039215,1116.436274509804
840,165.0,45.21320343559642,0.5670619800348541,0.9763313609467456,16.009202040129125,13.186381484315387,0.6781033305265641,1115.5636363636363,1159.6,1.0142925857904228,0.5971163748712667,0.5804181250591239,0.7787639319674814,0.6273170954681118,1159.6,1115.5636363636363
841,355.0,73.698484809835,0.7425003820623247,0.9391534391534392,26.672579065005554,17.866510818345557,0.15370353093156047,1125.8,433.7267605633803,0.821336453792289,0.22334024745797132,0.5857440166493236,0.9882108494010792,0.15309904351757916,433.7267605633803,1125.8
842,725.0,104.66904755831214,0.709420706866007,0.9440104166666666,36.44804995192668,25.68804830902087,0.698966945197618,1129.9572413793103,875.0924137931034,0.8315939593748194,0.4506140132817216,0.5879069934335641,0.7655072912210904,0.6434272197283455,875.0924137931034,1129.9572413793103
843,84.0,31.899494936611664,0.6054537291736265,0.9655172413793104,11.647410920424237,9.269947311563982,0.6768228617615158,1117.6190476190477,952.202380952381,1.0373409829167108,0.4903204845274876,0.5814875377830633,0.7795665532638202,0.6263193985758124,952.202380952381,1117.6190476190477
844,116.0,42.14213562373095,0.6481402347515562,0.8721804511278195,14.43682915200642,10.99394859783355,0.09952343303906531,1118.6379310344828,1721.8275862068965,0.8207951326302529,0.8866259455236336,0.5820176540241846,0.9950516295934811,0.09935921921672715,1721.8275862068965,1118.6379310344828
845,617.0,90.66904755831213,0.1700313068190205,0.9670846394984326,28.278739625916902,27.866963313279992,0.3704675311224109,1127.709886547812,1838.3792544570501,0.9431416426247535,0.946642252552549,0.586737714124772,0.9321581772468581,0.36205128447751034,1838.3792544570501,1127.709886547812
846,818.0,126.36753236814712,0.9113421048820679,0.8930131004366813,51.84133572975007,21.34047611639333,-0.9595458197364303,1132.5770171149145,1747.773838630807,0.6437128190350955,0.8999865286461416,0.589270040122224,0.5738919875493026,-0.8189310023602179,1747.773838630807,1132.5770171149145
847,606.0,104.66904755831213,0.7676511066196341,0.8769898697539797,36.39071814712159,23.321646333951595,0.24702875717588746,1134.3300330033003,1233.1749174917493,0.6950978474222629,0.6350025321790675,0.5901821191484393,0.9696432409537997,0.24452399733484526,1233.1749174917493,1134.3300330033003
848,238.0,57.798989873223334,0.8110238553082514,0.967479674796748,22.812179641949328,13.345423519665541,1.2437247085284973,1123.3319327731092,462.23949579831935,0.895254111155667,0.2380223974244693,0.5844599025874657,0.32127126983491205,0.9469872075052879,462.23949579831935,1123.3319327731092
849,260.0,66.5269119345812,0.7752860604352373,0.9027777777777778,24.231071175886413,15.304593241393617,-0.24498757899480034,1130.7576923076922,1910.9615384615386,0.7382245479843934,0.9840172700625842,0.5883234611382373,0.9701403376911697,-0.24254427468910353,1910.9615384615386,1130.7576923076922
850,226.0,57.94112549695428,0.8184000295234616,0.9338842975206612,22.423435750014757,12.885603339712517,0.6853798180364254,1132.5973451327434,777.7035398230089,0.8459495214326269,0.40046526252472137,0.5892806166143306,0.7741786906172637,0.6329671041958966,777.7035398230089,1132.5973451327434
851,409.0,76.5269119345812,0.768595110936013,0.9578454332552693,28.56815276271036,18.276062507322536,-1.3400633538380156,1134.9779951100245,1143.9144254278729,0.8776165298450133,0.5890393539793372,0.590519248236225,0.22869113336746194,-0.9734990321099994,1143.9144254278729,1134.9779951100245
852,590.0,107.84062043356595,0.927495820359043,0.913312693498452,45.44401666015056,16.988496865442333,0.24192450810153626,1146.9813559322033,1872.0322033898306,0.6375248534005863,0.9639712684808602,0.5967644932009383,0.9708787157171598,0.2395715328819316,1872.0322033898306,1146.9813559322033
853,562.0,94.66904755831214,0.853211087404073,0.95578231292517,37.31583533585936,19.462661957112168,1.1479609200923142,1137.950177935943,964.2793594306049,0.7880071606719453,0.49653931999516215,0.5920656492902929,0.4103477889916203,0.9119291047387887,964.2793594306049,1137.950177935943
854,289.0,63.112698372208094,0.7006373244384064,0.9665551839464883,22.894588050110393,16.33569110288196,-0.44109164858765154,1141.6401384083044,1634.9204152249135,0.9117467192650045,0.8418745701467114,0.5939855038544768,0.9042861480021464,-0.4269268819498725,1634.9204152249135,1141.6401384083044
855,697.0,116.66904755831213,0.9217490948537317,0.9146981627296588,48.93035540993791,18.974546192200417,1.362274139894983,1142.364418938307,514.0760401721665,0.6434744942093635,0.2647147477714554,0.5943623407587445,0.207014325843085,0.9783379114067557,514.0760401721665,1142.364418938307
856,234.0,62.284271247461895,0.7909932376545361,0.9,22.991449376101954,14.066741022325154,0.7988379241850235,1140.7179487179487,1007.9487179487179,0.7579995480098553,0.5190261163484644,0.5935056965233865,0.6975398609001486,0.7165459806986578,1007.9487179487179,1140.7179487179487
857,446.0,81.35533905932738,0.7324839936656455,0.9369747899159664,29.222216359153943,19.894024732728585,-0.6069422077679977,1143.3609865470853,1086.3183856502242,0.8467839230124153,0.5593812490474893,0.5948808462784002,0.8213958928954198,-0.5703584724842228,1086.3183856502242,1143.3609865470853
858,446.0,79.1126983722081,0.6570107305235542,0.9570815450643777,27.63870018330413,20.836297125372898,0.27576842709319604,1144.8116591928251,1808.3834080717488,0.8954726530425948,0.9311963996249993,0.5956356187267561,0.9622162494788453,0.27228641030882245,1808.3834080717488,1144.8116591928251
859,262.0,58.526911934581186,0.6218723223324295,0.9632352941176471,20.675919056637188,16.1916977496931,0.9879382865170407,1142.851145038168,906.3854961832061,0.9611693985710755,0.46672785591308247,0.5946155801447284,0.5504123392453761,0.8348929612869143,906.3854961832061,1142.851145038168
860,740.0,106.91168824543142,0.5265761816858416,0.9355246523388117,34.239687722132594,29.10811540116051,-0.6268758753129371,1151.2472972972973,372.1621621621622,0.8135630365994564,0.19163860049544912,0.598984025648958,0.8098641237669868,-0.5866175082923547,372.1621621621622,1151.2472972972973
861,438.0,77.11269837220809,0.6482648748487486,0.9647577092511013,27.183913548706858,20.69823685370078,-1.4019541046841304,1145.0958904109589,1684.5296803652968,0.9256188142845441,0.8674200207854258,0.5957835017746924,0.1680411476806342,-0.9857799818854993,1684.5296803652968,1145.0958904109589
862,274.0,81.35533905932738,0.8868258515158172,0.7653631284916201,31.28690803155002,14.457798655228249,-0.9043258655433993,1145.0802919708028,813.8722627737226,0.5202215132408112,0.41908973366309094,0.5957753860410004,0.6182155958318927,-0.7860085731531291,813.8722627737226,1145.0802919708028
863,202.0,63.45584412271571,0.943308350983219,0.926605504587156,28.560428137725278,9.479711420238722,0.2698984492861586,1151.5940594059407,561.9009900990098,0.6304025802735972,0.28934139551957255,0.5991644429791575,0.9637979781641771,0.2666335636911535,561.9009900990098,1151.5940594059407
864,273.0,86.87005768508881,0.9753834616948445,0.8173652694610778,42.096416535367645,9.28291395474892,1.4605747339110775,1143.047619047619,735.6886446886447,0.4546029935946103,0.3788304040621239,0.5947178038749319,0.10999855173826385,0.9939317474633178,735.6886446886447,1143.047619047619
865,486.0,111.05382386916237,0.966864869735061,0.8632326820603907,51.92592510105704,13.256102253450548,-0.9402107348697658,1154.5781893004116,1247.2345679012346,0.49519824772020143,0.6422423109687099,0.6007170599898083,0.5896178312852378,-0.8076823713753402,1247.2345679012346,1154.5781893004116
866,505.0,81.59797974644667,0.3945695382040094,0.9674329501915708,26.460378166515497,24.3135440554486,0.427370199255171,1154.5386138613862,849.5782178217822,0.9531086903811323,0.4374759103098776,0.60069646923069,0.9100588924235166,0.41447896487141805,849.5782178217822,1154.5386138613862
867,692.0,120.22539674441619,0.8549424819093522,0.8347406513872135,44.047997770633195,22.848701136524127,0.6097986716692969,1159.9393063583816,1900.3771676300578,0.6016217389591145,0.9785670276158897,0.603506402891978,0.8197633356827204,0.5727024301243531,1900.3771676300578,1159.9393063583816
868,57.0,26.142135623730947,0.69553379576132,0.95,10.054255191817807,7.223915809095916,0.7674695352180847,1148.122807017544,824.421052631579,1.0480996907936426,0.42452165429020544,0.5973583803421144,0.7196699149555603,0.6943163641365919,824.421052631579,1148.122807017544
869,710.0,97.7401153701776,0.40078137790457663,0.9699453551912568,31.511931636724967,28.87040366478723,0.31342787781070336,1163.069014084507,1656.5112676056337,0.9339476165086593,0.852992413803107,0.6051347627911067,0.9512822730836473,0.30832132089235914,1656.5112676056337,1163.069014084507
870,102.0,42.8700576850888,0.9376819403230678,0.918918918918919,19.684980346430976,6.840426687352734,0.8340678789121734,1154.950980392157,782.3725490196078,0.6974320480884558,0.40286948971143555,0.6009110199751077,0.6718683690944459,0.7406705709088011,782.3725490196078,1154.950980392157
871,459.0,83.35533905932736,0.6082585918158362,0.936734693877551,27.43336400969778,21.774928934609274,-0.18714916475649743,1161.8997821350763,875.5163398692811,0.8301483418318695,0.45083230683279146,0.6045264215062832,0.9825386494818789,-0.18605859903354513,875.5163398692811,1161.8997821350763
872,156.0,44.384776310850235,0.5523575120186992,0.9570552147239264,15.45173426752437,12.880678930742418,-1.558773076874905,1159.2564102564102,1162.0384615384614,0.9950992328356564,0.5983720193297948,0.6031510979481842,0.012022960244845619,-0.999927721601392,1162.0384615384614,1159.2564102564102
873,165.0,50.62741699796952,0.5677568885569179,0.9016393442622951,16.55624008856657,13.629035252603229,1.410636176149164,1161.2727272727273,1771.2121212121212,0.8089510957130471,0.9120556751864682,0.6042001702771734,0.1594763096573727,0.987201755801754,1771.2121212121212,1161.2727272727273
874,323.0,90.5269119345812,0.9586263795584837,0.8972222222222223,39.58413010317502,11.2683069335317,0.04784784871147834,1179.9287925696594,1840.5541795665636,0.49528705188479755,0.9477621933916394,0.6139067599217791,0.9988555100630298,0.04782959352456114,1840.5541795665636,1179.9287925696594
875,272.0,62.526911934581186,0.7944101385878721,0.951048951048951,23.900120627741384,14.516495940640628,-0.4986252369838042,1170.4448529411766,1273.4117647058824,0.8742684523495224,0.6557218149875811,0.6089723480443167,0.8782408288785561,-0.4782186178838153,1273.4117647058824,1170.4448529411766
876,568.0,115.74011537017762,0.8229137257332583,0.8490284005979073,38.699610605614055,21.987816460875518,0.42193603467830515,1181.7764084507041,548.0352112676056,0.5328320965971501,0.282201447614627,0.6148680585071301,0.9122977911946389,0.40952745961825693,548.0352112676056,1181.7764084507041
877,434.0,75.59797974644665,0.5055018795661406,0.970917225950783,25.348580499633837,21.871401736500545,-1.1605153930225471,1173.1589861751152,717.2465437788019,0.9542874537409841,0.36933395663172086,0.6103844881244096,0.39886696246360964,-0.917008803804551,717.2465437788019,1173.1589861751152
878,119.0,38.14213562373095,0.4897885637154886,0.9596774193548387,13.226722025155855,11.531601846003301,1.5362550932377335,1170.2689075630253,406.10084033613447,1.0278904078624373,0.209114747855888,0.608880805183676,0.0345343654609302,0.9994035109014832,406.10084033613447,1170.2689075630253
879,619.0,93.01219330881976,0.5244138156168934,0.9626749611197511,30.574833910497624,26.03335613753405,-0.05571270045929745,1181.8497576736672,1893.193861066236,0.8991263843258301,0.9748681055953842,0.6149062214743326,0.9984484488883274,-0.05568388377702332,1893.193861066236,1181.8497576736672
880,128.0,40.970562748477136,0.5246618504894203,0.9343065693430657,13.909554820821983,11.841353134737089,1.5692377283519015,1177.3671875,531.5390625,0.9582437056935953,0.2737070352729145,0.6125739789281998,0.001558597811963128,0.9999987853856926,531.5390625,1177.3671875
881,542.0,89.25483399593905,0.7344850031668028,0.95929203539823,31.998360235393626,21.714884609563644,0.13331638994048053,1193.7564575645756,835.9852398523985,0.854959726369606,0.4304764365872289,0.6211011745913505,0.9911265243232223,0.13292182959532595,835.9852398523985,1193.7564575645756
882,484.0,108.42640687119285,0.9528246145976699,0.8673835125448028,47.13683685018679,14.307039765183497,0.0036311406833752402,1201.3305785123966,1593.1776859504132,0.517350762726845,0.8203798588828081,0.6250419243040565,0.9999934074159125,0.0036311327038383036,1593.1776859504132,1201.3305785123966
883,374.0,78.18376618407356,0.8738943976478847,0.9565217391304348,31.497023291858458,15.311201023404157,-1.375076818119598,1188.1818181818182,654.4304812834224,0.7688618146326562,0.336987889435336,0.6182007378677514,0.1944723570548787,-0.9809079989181043,654.4304812834224,1188.1818181818182
884,530.0,99.35533905932736,0.9067930380680155,0.8983050847457628,41.097453399103486,17.325703052571026,-0.014390759070951237,1199.7528301886794,1018.6339622641509,0.6746885099238836,0.5245283018867924,0.6242210354779809,0.9998964548136645,-0.01439026236957927,1018.6339622641509,1199.7528301886794
885,804.0,104.66904755831213,0.3582008683445782,0.9663461538461539,33.214485378132835,31.010523115116197,0.12425972613477623,1199.6878109452737,402.660447761194,0.9222090252929033,0.20734317598413698,0.6241872065271975,0.9922896888028532,0.1239402012889149,402.660447761194,1199.6878109452737
886,540.0,103.63961030678928,0.9383137900320392,0.9424083769633508,45.50438399996555,15.734731132339038,-0.7098744857347636,1203.8092592592593,1719.1555555555556,0.6317599362416293,0.8852500286073921,0.6263315604886885,0.758443684453567,-0.6517385806536989,1719.1555555555556,1203.8092592592593
887,392.0,98.08326112068524,0.9526928556183468,0.8049281314168378,42.97702008529167,13.062209190509234,0.3253219002268241,1205.6989795918366,634.4795918367347,0.5120426504720247,0.3267145169087202,0.6273147656565227,0.9475478917483284,0.3196138182921666,634.4795918367347,1205.6989795918366
888,207.0,50.627416997969526,0.288912485401866,0.9764150943396226,16.603594673848992,15.89554287501216,0.2519747049427235,1196.6328502415458,868.4589371980676,1.0148659200763679,0.4471982168888093,0.6225977368582445,0.9684219830901553,0.24931679178854163,868.4589371980676,1196.6328502415458
889,635.0,98.22539674441617,0.7914544286372269,0.952023988005997,36.740326435718146,22.45672284080749,-1.138588547447892,1203.340157480315,665.8283464566929,0.8270580745330347,0.3428570270116853,0.6260874908846592,0.4188765806340888,-0.9080431763943242,665.8283464566929,1203.340157480315
890,517.0,90.18376618407356,0.8377604455817294,0.9681647940074907,35.110611003775055,19.17172583000516,1.206355508380199,1200.9148936170213,299.9342359767892,0.7988103275513502,0.1544460535410861,0.6248256470431953,0.35642689389232307,0.9343232145838348,299.9342359767892,1200.9148936170213
891,351.0,78.04163056034261,0.8905791878088023,0.9069767441860465,32.001473449539,14.55517322519756,1.4566544784559643,1201.5555555555557,549.014245014245,0.7242096559696758,0.28270558445635685,0.6251589779165222,0.11389416286291945,0.9934928885833832,549.014245014245,1201.5555555555557
892,112.0,40.14213562373095,0.8015663621307064,0.9256198347107438,15.841390553652078,9.471659575944498,0.10639394362684353,1200.9017857142858,568.1071428571429,0.8734276553678861,0.29253714874209213,0.6248188271146128,0.9943455013222048,0.10619333312545229,568.1071428571429,1200.9017857142858
893,62.0,30.76345596729059,0.9213593239534734,0.8985507246376812,14.524933864293159,5.646015666648925,-0.45525265438534485,1204.4516129032259,273.14516129032256,0.8232491831732833,0.14065147337297762,0.6266657715417409,0.8981499674290614,-0.4396892493650214,273.14516129032256,1204.4516129032259
894,751.0,101.74011537017762,0.5978770607366911,0.9640564826700898,34.58101148917885,27.719717334155572,-0.9365047577847707,1214.2703062583223,918.2876165113182,0.911728119445502,0.47285665113868086,0.631774352891947,0.5926070278143486,-0.8054917197495228,918.2876165113182,1214.2703062583223
895,745.0,115.39696961966999,0.8306849294654406,0.8858501783590963,43.09126949241746,23.99075413365856,-0.38343043293500967,1217.1409395973155,1091.786577181208,0.7030356181524197,0.5621970016381092,0.6332679186250341,0.9273867560805227,-0.374104002446439,1091.786577181208,1217.1409395973155
896,212.0,78.97056274847714,0.9830017424671661,0.905982905982906,39.393720112319244,7.232538351994614,0.01803084611751953,1221.1415094339623,1607.127358490566,0.42718427668077785,0.8275630064318054,0.6353493805587733,0.999837448698155,0.018029869127761913,1607.127358490566,1221.1415094339623
897,194.0,50.87005768508881,0.7324231826070869,0.9651741293532339,19.08320868389493,12.992796453259718,0.3468826536630613,1213.1288659793815,1650.7474226804125,0.9420785894669902,0.8500244195058767,0.6311804713732474,0.9404370780031004,0.3399677959998425,1650.7474226804125,1213.1288659793815
898,1027.0,121.05382386916237,0.7285649973777674,0.9762357414448669,43.70340442580508,29.935812627497203,-0.38803047811483093,1226.2044790652385,1125.6611489776046,0.8806904408953973,0.5796401385054607,0.6379835999298847,0.9256560549091396,-0.378366050287348,1125.6611489776046,1226.2044790652385
899,404.0,85.25483399593904,0.8884436310669536,0.9395348837209302,33.85598958967419,15.539416615717231,-0.938234134894692,1217.9183168316831,148.3019801980198,0.6984787579420411,0.07636559227498445,0.6336723812859953,0.5912131433982457,-0.8065153557578215,148.3019801980198,1217.9183168316831
900,133.0,41.556349186104036,0.5433132359159373,0.9432624113475178,14.335470612089095,12.035058554620555,-0.40502546663571953,1214.6992481203008,744.7593984962406,0.9678024813450352,0.38350123506500544,0.6319975276380337,0.9190923625354971,-0.39404216668894515,744.7593984962406,1214.6992481203008
901,86.0,32.14213562373095,0.43726687656487323,0.9555555555555556,11.122607233062823,10.002914335171502,1.1023380079730591,1212.2906976744187,777.1511627906976,1.0460654464067178,0.4001808253299164,0.630744379643298,0.45151123366897766,0.8922654346497559,777.1511627906976,1212.2906976744187
902,602.0,97.49747468305833,0.8495878585574089,0.9555555555555556,38.30311791326062,20.2028694553293,1.034551784474858,1221.156146179402,436.9651162790698,0.7958287442611018,0.2250077838718176,0.6353569959310104,0.5109112850253789,0.8596334444597395,436.9651162790698,1221.156146179402
903,193.0,72.76955262170047,0.9661330162636973,0.8354978354978355,32.41948837790779,8.3656726101092,0.4665288998516166,1223.4559585492227,818.3989637305699,0.45800240988392865,0.42142068163263124,0.6365535684439244,0.8931349276499444,0.44978884047042417,818.3989637305699,1223.4559585492227
904,51.0,26.72792206135785,0.8506227254135079,0.9444444444444444,11.352366103341513,5.968807867744304,-0.37604324580773146,1215.5294117647059,965.3529411764706,0.8971181592772387,0.4970921427273278,0.6324294546122299,0.9301250033367344,-0.367243077767083,965.3529411764706,1215.5294117647059
905,928.0,132.95331880577405,0.7959784603211361,0.9133858267716536,45.47742239269479,27.528618271164895,0.4632008478298204,1234.4084051724137,619.9967672413793,0.6597197333280188,0.31925683174118397,0.6422520318274785,0.8946268994010363,0.4468139555431186,619.9967672413793,1234.4084051724137
906,495.0,105.98275605729691,0.8740372287891957,0.7770800627943485,39.944386968839154,19.407338050648537,-0.01636462671608027,1236.6222222222223,1624.6363636363637,0.553789407810068,0.8365789720063666,0.6434038617181177,0.9998661024844192,-0.0163638963152733,1624.6363636363637,1236.6222222222223
907,605.0,98.08326112068524,0.6469718615119514,0.942367601246106,32.497821663003265,24.78003994330613,0.09171357945925264,1234.013223140496,969.1950413223141,0.7902699069785075,0.4990705671072678,0.6420464220293943,0.9957972568168161,0.09158506055085659,969.1950413223141,1234.013223140496
908,124.0,42.14213562373095,0.7401439498148001,0.9393939393939394,15.665971484709328,10.534558424878748,-0.8891263456241232,1224.741935483871,773.6935483870968,0.8774016935013048,0.39840038536925687,0.6372226511362492,0.6300906784136677,-0.7765215624670083,773.6935483870968,1224.741935483871
909,456.0,89.25483399593904,0.8266462719861442,0.9011857707509882,33.553157305350375,18.88109655722195,-0.4833862760427011,1232.6666666666667,1664.717105263158,0.7193019100083773,0.8572178708873109,0.6413458203260493,0.8854261284877548,-0.464780131880856,1664.717105263158,1232.6666666666667
910,588.0,90.91168824543144,0.7020209665903526,0.9671052631578947,32.517891808951006,23.157820757351672,-0.872501735178239,1232.7278911564626,1224.9574829931973,0.8940210501266714,0.6307711034980419,0.6413776748993042,0.6429123827649843,-0.7659397287564149,1224.9574829931973,1232.7278911564626
911,272.0,66.76955262170047,0.5861051031191573,0.8859934853420195,21.126391819777698,17.117342765409308,-0.8676209587572808,1228.735294117647,1050.7132352941176,0.7666935954489065,0.5410469800690616,0.6393003611434168,0.646643090783119,-0.7627927065346488,1050.7132352941176,1228.735294117647
912,382.0,71.35533905932738,0.5745682508480995,0.9622166246851386,24.38804370059888,19.960557101304307,0.4228598515874509,1231.458115183246,1639.0209424083769,0.9428015301318677,0.8439860671515844,0.6407170214272873,0.9119190735618691,0.4103700808709894,1639.0209424083769,1231.458115183246
913,504.0,118.81118318204308,0.9676790377157487,0.7522388059701492,55.10188289798682,13.895868965774747,-0.4199513125051834,1244.202380952381,466.49603174603175,0.44866868496766693,0.24021422849950141,0.6473477528368268,0.9131087920650193,-0.4077159965632468,466.49603174603175,1244.202380952381
914,135.0,42.62741699796952,0.7513290521161557,0.9574468085106383,16.173677386399508,10.673458774686646,0.9196390237909153,1228.4222222222222,745.2518518518518,0.9336102210116389,0.3837548155776786,0.639137472540178,0.6061073104236272,0.7953828815426172,745.2518518518518,1228.4222222222222
915,415.0,79.01219330881976,0.7815928609829498,0.9474885844748858,29.3199229002154,18.289442639607863,1.5636691651422796,1233.4168674698794,162.07469879518072,0.8353524016362966,0.08345762038886752,0.641736143324599,0.007127101313705106,0.9999746018909001,162.07469879518072,1233.4168674698794
916,594.0,99.7401153701776,0.7625651980664039,0.9413629160063391,34.54430743271711,22.34710519527462,1.2946365184642519,1235.2239057239058,579.7962962962963,0.7503373697041272,0.2985562802761567,0.6426763297210748,0.2726629828313054,0.962109607993567,579.7962962962963,1235.2239057239058
917,256.0,61.8700576850888,0.7566128933259778,0.927536231884058,22.469512381051373,14.691984610503749,0.35212558210684064,1236.5078125,1036.96875,0.8404053093748804,0.5339694902162719,0.6433443353277836,0.9386417338634224,0.3448937451590968,1036.96875,1236.5078125
918,231.0,64.2842712474619,0.9166416018547558,0.9352226720647774,27.53594210144212,11.006394505322929,1.1858444502922643,1233.6277056277056,222.0952380952381,0.7024451108138134,0.1143641802756118,0.6418458405971413,0.37551453553071007,0.9268165048191336,222.0952380952381,1233.6277056277056
919,815.0,104.32590180780453,0.2515575006205563,0.9725536992840096,32.7690503243,31.715274832744896,-0.5071925241852104,1243.8625766871166,502.10184049079754,0.9409860340592054,0.2585488365040152,0.6471709556124436,0.8741116122101518,-0.4857251171180767,502.10184049079754,1243.8625766871166
920,557.0,89.25483399593904,0.7487642831120597,0.9686956521739131,32.782185990222025,21.72922503731873,-0.1540483351421648,1248.8815080789946,807.5260323159785,0.8786209734093556,0.4158218498022546,0.6497822622679472,0.9881580014631153,-0.15343977367169753,807.5260323159785,1248.8815080789946
921,602.0,89.84062043356595,0.2554233359139294,0.9662921348314607,28.20767082678867,27.272002992126982,1.2685542567316093,1247.4518272425248,347.3455149501661,0.9372616996376432,0.17885968843983835,0.6490384116766519,0.29766139343771014,0.9546715114932051,347.3455149501661,1247.4518272425248
922,522.0,91.01219330881977,0.7044132689787326,0.9094076655052264,31.567457709202035,22.4062680842059,0.23510483845164606,1249.9080459770114,209.5095785440613,0.7919198078263407,0.10788340810713765,0.6503163610702453,0.9724899250901083,0.23294494113037853,209.5095785440613,1249.9080459770114
923,116.0,40.62741699796952,0.8354258789539103,0.9586776859504132,16.550525355846684,9.096220542757282,0.9582958020777934,1241.0,441.86206896551727,0.8831397440622896,0.2275293866969708,0.645681581685744,0.574915217131143,0.8182129876206138,441.86206896551727,1241.0
924,342.0,70.5269119345812,0.7563114911902967,0.9473684210526315,26.03485685654102,17.03230756296167,-1.3386664156624517,1245.5087719298247,1055.795321637427,0.864024849962328,0.5436639143344114,0.6480274567793053,0.2300508277489426,-0.973178614978785,1055.795321637427,1245.5087719298247
925,17.0,13.449747468305834,0.8586132336890134,0.85,6.614726972980402,3.3908674743544407,-0.21416601846529315,1242.0588235294117,825.1176470588235,1.180947320601299,0.4248803537893015,0.6462324784232111,0.9771539822460855,-0.21253257392836722,825.1176470588235,1242.0588235294117
926,620.0,96.9116882454314,0.732008823150409,0.9323308270676691,34.6568646910493,23.61155386424441,-0.22645434138984347,1257.6483870967743,129.16290322580645,0.8295627355156291,0.06651024882894256,0.6543435937027962,0.9744686034688868,-0.22452380910139016,129.16290322580645,1257.6483870967743
927,327.0,67.35533905932738,0.6840032855834386,0.9589442815249267,23.988580528251575,17.499163990151292,0.6671099095594213,1250.8379204892967,375.72782874617735,0.9057608880574713,0.19347468009586888,0.650800166747813,0.7856130955662389,0.6187180812573942,375.72782874617735,1250.8379204892967
928,444.0,80.18376618407356,0.46366577378466717,0.9527896995708155,25.426963577178423,22.528548735963103,0.6241187743722152,1253.0472972972973,751.6621621621622,0.8678005723727537,0.387055696272998,0.6519496864189892,0.8114784072699726,0.5843824043677124,751.6621621621622,1253.0472972972973
929,146.0,45.45584412271571,0.793289732691138,0.948051948051948,17.59133472758677,10.710384143583534,1.0662421880460002,1250.6301369863013,1035.5,0.8879392742754697,0.5332131822863028,0.6506920587857967,0.48341718586220156,0.8753900984207381,1035.5,1250.6301369863013
930,637.0,91.25483399593905,0.30853360078178266,0.9769938650306749,29.22844029866982,27.80248537679593,0.7927747512752713,1258.557299843014,428.2967032967033,0.9612526222829013,0.2205441314607123,0.6548164931545338,0.7018715549960736,0.7123035310086521,428.2967032967033,1258.557299843014
931,225.0,56.97056274847714,0.6996665224409201,0.9336099585062241,20.19189112690367,14.426491642611198,0.39482428892471355,1255.4844444444445,145.86666666666667,0.8711468355023447,0.07511156882938552,0.6532177130304082,0.9230641651749296,0.3846460021499121,145.86666666666667,1255.4844444444445
932,313.0,65.94112549695427,0.7119021168103001,0.963076923076923,24.136351134936636,16.950445359776197,-1.0289042584503043,1255.5623003194887,183.1597444089457,0.9045685633895689,0.09431500741964248,0.6532582207697653,0.5157579138464694,-0.8567343662447175,183.1597444089457,1255.5623003194887
933,510.0,82.18376618407356,0.5070982343504887,0.9714285714285714,27.478463726936404,23.683365416494187,-1.211093228751227,1258.6078431372548,536.7196078431373,0.9488727203994123,0.2763746693322025,0.6548427903939932,0.35199634815467634,-0.9360013733354091,536.7196078431373,1258.6078431372548
934,598.0,90.66904755831213,0.2948105245596434,0.9598715890850722,28.261759484733993,27.005686237302847,-0.6314278024213515,1261.257525083612,982.8913043478261,0.9140983829653203,0.5061232257197869,0.6562213970258127,0.8071855026557634,-0.5902978606621936,982.8913043478261,1261.257525083612
935,328.0,80.08326112068522,0.9413149444189023,0.923943661971831,35.42643008800723,11.957465866415179,0.625939402858013,1261.8048780487804,325.2774390243902,0.6426880247031511,0.16749610660370248,0.6565061800461917,0.8104131197072232,0.5858588357329826,325.2774390243902,1261.8048780487804
936,255.0,66.18376618407356,0.9136063018507008,0.9444444444444444,28.40738215817461,11.550440370503804,-1.0331016498784644,1256.0862745098038,1670.4627450980392,0.7315551809691114,0.8601764907816886,0.6535308400155067,0.5121573315913912,-0.8588916507320268,1670.4627450980392,1256.0862745098038
937,482.0,94.81118318204308,0.849258205427561,0.9198473282442748,35.39340858121859,18.686932094104247,0.867866649083297,1266.429460580913,166.298755186722,0.6738104927054598,0.08563272666669515,0.6589123103958965,0.6464556604793568,0.7629515574623323,166.298755186722,1266.429460580913
938,56.0,28.72792206135786,0.876033918256596,0.9180327868852459,12.364104226820055,5.962583002029033,-0.5682602791892024,1257.125,1265.607142857143,0.8526866494394517,0.6517029571869942,0.6540712799167534,0.8428385097336323,-0.5381665601930222,1265.607142857143,1257.125
939,160.0,48.97056274847714,0.3059601106942584,0.9090909090909091,15.38082274086887,14.643225116550349,0.44887394635900685,1257.50625,1280.91875,0.838416192112693,0.6595874098867147,0.6542696409989593,0.9009363258905968,0.4339513068199614,1280.91875,1257.50625
940,1341.0,152.12489168102786,0.7337252461147037,0.9325452016689847,52.43660447684746,35.62785645762352,0.39018081162106877,1275.254287844892,1705.2296793437733,0.7281788788328442,0.8780791345745486,0.6635037918027533,0.9248403022550846,0.38035564321398424,1705.2296793437733,1275.254287844892
941,1015.0,129.05382386916236,0.7216732694421303,0.9354838709677419,43.88234806428529,30.376846401676076,0.054304427653218225,1278.5635467980296,610.0206896551724,0.7658331331374769,0.3141198195958663,0.6652255706545419,0.9985258768842259,0.05427774122591909,610.0206896551724,1278.5635467980296
942,662.0,116.32590180780451,0.9363645856301895,0.9337094499294781,49.53504430504462,17.388237345110092,1.195184989597316,1266.0619335347433,278.9969788519638,0.6147732997253637,0.14366476768896178,0.6587210892480454,0.3668413145284273,0.9302835320240037,278.9969788519638,1266.0619335347433
943,648.0,115.49747468305831,0.6265046501635246,0.8297055057618438,35.68446001821819,27.81309911790003,-0.7725039174066003,1270.0447530864199,1217.2700617283951,0.6104356553108718,0.6268125961526236,0.660793315861821,0.7161653557849382,-0.6979306435265848,1217.2700617283951,1270.0447530864199
944,410.0,76.2842712474619,0.648352970088299,0.9534883720930233,26.329388399221312,20.04561363430057,-1.3215742710945197,1266.5585365853658,935.1219512195122,0.8853677882848725,0.48152520660119064,0.6589794675262048,0.24665012457114358,-0.9691045949994456,935.1219512195122,1266.5585365853658
945,406.0,77.59797974644667,0.6874484828481167,0.9290617848970252,27.264479447537333,19.800368703524605,1.2404470083338357,1270.9187192118227,400.7931034482759,0.847295828785189,0.20638161866543556,0.6612480328885654,0.32437347867327354,0.9459290915990476,400.7931034482759,1270.9187192118227
946,416.0,78.18376618407356,0.629233985462783,0.9454545454545454,26.58762597418279,20.66432627171913,-0.17536579762277718,1273.5120192307693,1639.329326923077,0.855204585259853,0.8441448645329953,0.6625973044905147,0.9846627846814211,-0.17446833656405772,1639.329326923077,1273.5120192307693
947,441.0,85.25483399593904,0.8307346192997138,0.9264705882352942,32.20771189850101,17.92902368739264,0.5409084137658517,1276.3333333333333,1055.5396825396826,0.7624483471595052,0.543532277311886,0.6640652098508498,0.8572412793184677,0.5149149337826947,1055.5396825396826,1276.3333333333333
948,358.0,78.52691193458118,0.8802443916337246,0.895,31.69066640379363,15.037874409420604,-0.2533944264044466,1278.2849162011173,1618.2793296089385,0.7295513279170047,0.8333055250303494,0.6650806015614554,0.9680670468291103,-0.2506914295375198,1618.2793296089385,1278.2849162011173
949,246.0,57.698484809834994,0.6653415768308224,0.9571984435797666,20.528281545728444,15.325164256520456,-0.9017983240186168,1273.6463414634147,192.65040650406505,0.9285732191435985,0.09920206308139291,0.662667191188041,0.6202002883004226,-0.7844434985338795,192.65040650406505,1273.6463414634147
950,453.0,86.08326112068522,0.8719544015832974,0.937888198757764,34.54650112995926,16.913521058973835,0.6224967983167246,1280.373068432671,314.4878587196468,0.768193527633664,0.1619401950152661,0.6661670491325031,0.8124251937004746,0.5830654377003892,314.4878587196468,1280.373068432671
951,327.0,69.1126983722081,0.7409719705119665,0.9505813953488372,25.09069484137031,16.84930372299394,0.009420633913010066,1280.8501529051987,1771.1131498470947,0.8602841425305112,0.9120047115587512,0.6664152720630586,0.9999556261565155,0.009420494569352922,1771.1131498470947,1280.8501529051987
952,367.0,74.76955262170047,0.8425885649994438,0.9483204134366925,29.734991381761322,16.014011712499208,1.050165134666374,1277.7493188010899,370.78474114441417,0.8249476013515029,0.1909293208776592,0.6648019348600884,0.497427799463168,0.8675053799955539,370.78474114441417,1277.7493188010899
953,322.0,71.94112549695429,0.6070695302857924,0.9070422535211268,23.84701038281471,18.94999623453136,-1.1277433730260376,1286.7391304347825,413.7670807453416,0.7818281077535331,0.2130623484785487,0.6694792562095643,0.4286996407867653,-0.9034470753670624,413.7670807453416,1286.7391304347825
954,183.0,52.627416997969526,0.8697856360284323,0.953125,21.822202387706284,10.767724513723518,-1.1905507460725027,1281.8469945355191,1283.103825136612,0.8303034525806787,0.6607125773103047,0.6669339201537561,0.3711485203576703,-0.9285735166567652,1283.103825136612,1281.8469945355191
955,791.0,120.42640687119285,0.9220935136061245,0.936094674556213,51.60074003396417,19.967789774441012,1.478946214141941,1287.8116308470292,219.39190897597976,0.6853980906706328,0.11297214674355291,0.6700372689110453,0.09172101907655522,0.9957847431345582,219.39190897597976,1287.8116308470292
956,415.0,80.76955262170047,0.8375504947162193,0.9496567505720824,31.255244166871883,17.076612891894325,0.9523035444096557,1287.4578313253012,339.1228915662651,0.7993971692181079,0.1746255878302086,0.669853190075599,0.5798078090855006,0.8147532783140377,339.1228915662651,1287.4578313253012
957,1176.0,146.2670273047588,0.9165232765160326,0.9560975609756097,61.62105217022062,24.647271886312662,1.0653704933368247,1299.669217687075,299.3724489795918,0.6907554430662508,0.15415677084428003,0.6762066689318809,0.4841800750201572,0.8749683736875722,299.3724489795918,1299.669217687075
958,344.0,72.42640687119285,0.7373776100737959,0.9398907103825137,25.7929058388651,17.422611696526644,-1.1932391615775522,1291.6598837209303,444.23837209302326,0.8240895868964916,0.22875302373482145,0.6720394816446048,0.3686507906734358,-0.9295679612249179,444.23837209302326,1291.6598837209303
959,554.0,100.5685424949238,0.8992291581211685,0.9437819420783645,40.94770965887323,17.91371841495761,-0.8680492983758427,1298.4241877256318,508.47472924187724,0.6883278102766228,0.2618304476013786,0.6755588905960623,0.6463162971347872,-0.7630696194044011,508.47472924187724,1298.4241877256318
960,733.0,101.15432893255071,0.6569529361385277,0.9670184696569921,35.26587312754681,26.588055736619634,-0.8672027511027296,1302.12551159618,563.7380627557981,0.9002121953322757,0.290287364961791,0.677484657438179,0.6469620399743536,-0.7625222087468816,563.7380627557981,1302.12551159618
961,725.0,116.5685424949238,0.8848146484205948,0.8995037220843672,46.085596913983444,21.473269130830413,0.7677688663068579,1305.584827586207,387.41517241379313,0.6704789351641531,0.19949287971874002,0.679284509670243,0.7194620522445455,0.6945317526075153,387.41517241379313,1305.584827586207
962,587.0,93.39696961966999,0.7529834012998164,0.9607201309328969,34.08866764147059,22.431690168076567,0.8025999247105885,1304.4855195911414,1694.793867120954,0.8456339195377582,0.8727053898666086,0.6787125492149539,0.6948392848903653,0.7191650493266797,1694.793867120954,1304.4855195911414
963,561.0,98.66904755831214,0.8556179743147557,0.8961661341853036,38.156994879194876,19.75035992146679,0.1655643920605431,1309.0338680926916,1625.9429590017826,0.724120517687781,0.8372517811543679,0.6810790156569675,0.9863254955336753,0.16480903148871948,1625.9429590017826,1309.0338680926916
964,327.0,70.42640687119284,0.7837490633980009,0.9450867052023122,26.295766420070336,16.331711930216137,0.8208960527919186,1304.3241590214068,431.4678899082569,0.8284886323229137,0.2221770802823156,0.6786285947041658,0.6815657882319546,0.7317568423402371,431.4678899082569,1304.3241590214068
965,347.0,78.59797974644665,0.8070385504738269,0.896640826873385,28.431200567641273,16.78858849965,0.5036763053222957,1307.121037463977,1247.0835734870318,0.7058567502884606,0.6421645589531575,0.680083786401653,0.8758141208469061,0.48264855301260445,1247.0835734870318,1307.121037463977
966,175.0,50.97056274847714,0.8768704805269992,0.9668508287292817,21.546519003349893,10.357986983409754,0.23757599655459932,1304.537142857143,1645.9142857142858,0.846465097969409,0.8475356775047815,0.6787394083543928,0.9719113125843106,0.23534740378989208,1645.9142857142858,1304.537142857143
967,103.0,42.04163056034261,0.8866713034392358,0.8803418803418803,17.36505708598998,8.02960689662955,1.0212533814378448,1303.0776699029127,825.4077669902913,0.7322982320455427,0.4250297461330027,0.6779800571815363,0.522297524058786,0.8527633296302449,825.4077669902913,1303.0776699029127
968,439.0,85.14823227814081,0.6800970479095576,0.9089026915113871,28.44627533756493,20.85459295582366,-1.175603640216242,1306.997722095672,935.2232346241458,0.7608921644765189,0.4815773607745344,0.6800196264805786,0.3849860307136398,-0.9229223998556739,935.2232346241458,1306.997722095672
969,659.0,96.08326112068524,0.6756596655900452,0.9676945668135095,33.81690491308296,24.9302850620363,-1.517483803894934,1311.1411229135053,1205.8406676783004,0.8970152137504024,0.6209272233152937,0.6821754021402213,0.05328727212354555,-0.9985792240126125,1205.8406676783004,1311.1411229135053
970,280.0,73.11269837220809,0.9331494824551875,0.9333333333333333,31.679929802052133,11.388573166005365,-0.3759210125907202,1314.0071428571428,1591.8214285714287,0.6582369685701321,0.8196814771222599,0.6836665675635498,0.9301698856909634,-0.3671293828525037,1591.8214285714287,1314.0071428571428
971,68.0,29.556349186104043,0.8079535653399763,0.9444444444444444,12.116878950827253,7.13982438452547,1.3061808743755763,1303.1911764705883,214.7058823529412,0.978176441832853,0.11055915672139092,0.6780391136683602,0.26153812480716776,0.9651931460968578,214.7058823529412,1303.1911764705883
972,434.0,88.42640687119285,0.8736244610147244,0.8985507246376812,34.52247551186551,16.79866287380272,0.07257497760810869,1316.8133640552996,912.5230414746544,0.6974862285288468,0.4698882808829322,0.6851266202160768,0.9973675920526096,0.07251128410929701,912.5230414746544,1316.8133640552996
973,533.0,106.8111831820431,0.9033112026080763,0.8569131832797428,41.311300968244865,17.72196412587059,-0.7094651237340489,1322.1050656660414,943.9606003752345,0.587088564620992,0.48607651924574385,0.6878798468605835,0.7587104179064832,-0.6514280480299951,943.9606003752345,1322.1050656660414
974,369.0,78.18376618407356,0.8096846727340168,0.9133663366336634,29.328911806775736,17.212116887874,1.252028247051078,1310.2764227642276,765.3766937669377,0.7585829133675137,0.3941177619809154,0.681725506120826,0.3133969398750743,0.949622218609558,765.3766937669377,1310.2764227642276
975,59.0,25.899494936611667,0.4922067765634708,0.9672131147540983,9.288574626551041,8.085502748161764,-0.5869369398815725,1304.6949152542372,1578.5254237288136,1.1052977491067861,0.8128349246801306,0.6788214959699466,0.8326409456162396,-0.5538131956565268,1578.5254237288136,1304.6949152542372
976,258.0,60.87005768508881,0.8026204362115609,0.9555555555555556,23.53140512895574,14.036250119169006,-0.07118333922180467,1312.3643410852712,1609.3410852713178,0.87502838909265,0.8287029275341492,0.6828118319902556,0.9974675357269381,-0.07112323931620022,1609.3410852713178,1312.3643410852712
977,333.0,73.11269837220809,0.7180869317554953,0.9301675977653632,25.374553717898454,17.65950736132136,0.31987989689576896,1316.1711711711712,1106.0240240240241,0.7828318233351929,0.5695283336889928,0.6847924928049798,0.9492731916565228,0.3144525522272612,1106.0240240240241,1316.1711711711712
978,1499.0,186.12489168102786,0.8812013290709948,0.8402466367713004,69.02050921114869,32.628836558105085,-0.04176847146814608,1342.4669779853236,69.95396931287524,0.5437541453379907,0.036021611386650484,0.6984739739777959,0.9991278242068715,-0.04175632761202516,69.95396931287524,1342.4669779853236
979,505.0,88.18376618407356,0.47587373962896234,0.9215328467153284,27.755760655708624,24.411569154078894,0.32852001717012913,1320.2039603960395,99.51881188118811,0.8160635051072257,0.05124552620040582,0.6868907182081371,0.9465208853901318,0.3226425475976177,99.51881188118811,1320.2039603960395
980,58.0,26.14213562373095,0.5356889558348081,0.9354838709677419,9.361036966045326,7.904603634635304,-4.871793866333199e-18,1309.3793103448277,146.5,1.066487404667215,0.07543769309989701,0.6812587462772256,1.0,-4.871793866333199e-18,146.5,1309.3793103448277
981,218.0,61.21320343559642,0.9189156716460333,0.9356223175965666,26.559652077578086,10.476562020272407,1.4282120088199706,1310.9449541284403,701.3807339449542,0.7310989195222685,0.36116412664518754,0.6820733372156297,0.14210167881080868,0.9898520661589537,701.3807339449542,1310.9449541284403
982,15.0,12.242640687119286,0.8604396031511091,1.0,5.9825936213138124,3.0484451785557374,-0.09448735313351624,1310.6666666666667,1567.9333333333334,1.2576242881690394,0.807380707174734,0.6819285466527922,0.9955393901724894,-0.0943468209055718,1567.9333333333334,1310.6666666666667
983,520.0,113.29646455628166,0.9622113337608282,0.8306709265175719,51.94925696405595,14.145979094821367,0.9232494984127654,1323.6692307692308,228.40192307692308,0.509073502066755,0.11761170086350313,0.6886936684543344,0.603231656494389,0.7975660277387919,228.40192307692308,1323.6692307692308
984,338.0,73.94112549695429,0.7438523917887202,0.9260273972602739,25.752172470385812,17.211308356459632,0.03337795458060951,1321.9852071005917,833.508875739645,0.7768809111584453,0.42920127484018794,0.6878174854841788,0.9994430077884094,0.03337175726355031,833.508875739645,1321.9852071005917
985,328.0,85.53300858899107,0.9533857439641596,0.9162011173184358,37.584603824343525,11.341313677799015,0.9043669122764318,1324.0853658536585,1248.5365853658536,0.5633991804109851,0.64291276280425,0.6889101799446714,0.6181833322270428,0.7860339482214935,1248.5365853658536,1324.0853658536585
986,422.0,77.35533905932738,0.6989358459472598,0.9590909090909091,27.589803058660817,19.731795921974058,1.4717493465479778,1320.3744075829384,1310.803317535545,0.886220367396063,0.6749759616557904,0.6869794004073561,0.09888511282978255,0.9950988566271399,1310.803317535545,1320.3744075829384
987,55.0,34.48528137423857,0.9003091994617345,0.7534246575342466,15.086640191192808,6.566473711032746,0.6474140165439917,1316.9272727272728,1659.2727272727273,0.5811724326771472,0.8544143806759666,0.6851858859142939,0.7976461370095521,0.6031257249643218,1659.2727272727273,1316.9272727272728
988,330.0,91.66904755831213,0.47191789293035974,0.746606334841629,25.29045357509596,22.297138780995923,1.4421807473158799,1326.8575757575757,133.03636363636363,0.4934900104220711,0.0685048216459133,0.6903525368145554,0.1282612801950272,0.9917404116011068,133.03636363636363,1326.8575757575757
989,649.0,102.22539674441619,0.8358403350710487,0.941944847605225,39.3397435961086,21.5964419959454,-0.5666656548989896,1331.8274268104776,740.542372881356,0.7804353835453257,0.3813297491665067,0.6929383073935887,0.8436956112431234,-0.5368218657702873,740.542372881356,1331.8274268104776
990,68.0,29.935028842544405,0.5020467850482255,0.8717948717948718,10.194024357245606,8.816204740124872,1.2902433809844363,1318.4558823529412,299.20588235294116,0.9535850086211227,0.15407100018174108,0.6859812083001775,0.27688701786752795,0.9609024816995881,299.20588235294116,1318.4558823529412
991,946.0,113.63961030678928,0.3642589622453652,0.9722507708119219,36.02958710158067,33.55427164605044,0.37273354699271377,1332.3509513742072,586.7050739957717,0.9205375928379116,0.3021138383088423,0.6932106927025011,0.9313353707575872,0.3641626383579562,586.7050739957717,1332.3509513742072
992,272.0,71.59797974644665,0.9076305891558729,0.9251700680272109,29.0727893204037,12.203879950134823,-0.8554814680659679,1326.4044117647059,496.36764705882354,0.6667718122240875,0.25559611074089783,0.6901167595029687,0.6558551318937125,-0.75488677692001,496.36764705882354,1326.4044117647059
993,170.0,48.62741699796952,0.7853237906200876,0.9444444444444444,18.811559173026115,11.645958769744475,0.44928771674824514,1325.4941176470588,1268.6882352941177,0.9034339003383879,0.6532895135397104,0.6896431413356185,0.900756692571765,0.43432405043604794,1268.6882352941177,1325.4941176470588
994,675.0,98.66904755831214,0.34579103285919416,0.9629101283880172,30.566461071934288,28.68086341317205,1.3096650085369963,1334.3214814814814,340.06666666666666,0.871268002565512,0.1751115688293855,0.6942359424981693,0.2581736817692166,0.9660985198424265,340.06666666666666,1334.3214814814814
995,300.0,67.59797974644665,0.7116719578325107,0.9230769230769231,23.873503100663612,16.771420953923855,0.6161925977745537,1330.0666666666666,811.0633333333334,0.8250184966111949,0.41764332303467216,0.6920221990981616,0.8160847867701834,0.5779321939486193,811.0633333333334,1330.0666666666666
996,762.0,114.18376618407358,0.8875247898360076,0.9548872180451128,46.29267459586353,21.329811231022955,1.3691848758014635,1333.3897637795276,181.04855643044618,0.7344396389177934,0.09322788693637805,0.6937511778249363,0.2002484014223764,0.9797451595837475,181.04855643044618,1333.3897637795276
997,429.0,79.01219330881975,0.797277954488387,0.9618834080717489,30.208140577375747,18.234006578265497,-0.8643043680027486,1336.7482517482517,1180.067599067599,0.8635329645830636,0.6076558182634393,0.6954985701083516,0.649169400922493,-0.7606438647001181,1180.067599067599,1336.7482517482517
998,805.0,112.32590180780453,0.4960387102161799,0.9393232205367561,35.009214610713826,30.398515318834093,-0.18223391717657064,1343.791304347826,214.08198757763975,0.8017628263646057,0.11023789267643654,0.6991630095462155,0.9834413010027208,-0.18122695020905696,214.08198757763975,1343.791304347826
999,268.0,61.94112549695427,0.7602790944843943,0.9640287769784173,23.0177989779289,14.952283171718397,1.1858403752522721,1335.634328358209,684.2276119402985,0.8777816005617556,0.3523314170650353,0.6949190053892866,0.3755183123419147,0.9268149745746883,684.2276119402985,1335.634328358209
1000,376.0,79.69848480983498,0.8488211917123786,0.9148418491484185,30.784474267676714,16.27513708155374,-1.537496803841073,1336.563829787234,1112.7260638297873,0.743870916496965,0.5729794355457195,0.6954026169548564,0.033293369220006516,-0.9994456221155708,1112.7260638297873,1336.563829787234
1001,259.0,65.94112549695429,0.8174538625314309,0.9151943462897526,24.57819890923232,14.156897120783286,0.7832083825745296,1336.092664092664,1668.6177606177607,0.7485088112392916,0.8592264472800004,0.6951574735133528,0.7086534934809265,0.7055566782174756,1668.6177606177607,1336.092664092664
1002,501.0,83.94112549695429,0.3793800078758138,0.9579349904397706,26.624587788338015,24.63415881328025,0.017810108532337242,1341.802395209581,1211.2614770459081,0.8935071123815758,0.6237185772635984,0.6981281972994698,0.9998414042093147,0.01780916698630033,1211.2614770459081,1341.802395209581
1003,451.0,85.59797974644665,0.8822243527316002,0.9454926624737946,35.16326015856193,16.555891736310578,-0.37167300719760404,1345.2172949002218,1620.458980044346,0.7734983229675254,0.8344278990959557,0.6999049401145795,0.9317210558978682,-0.36317471552485797,1620.458980044346,1345.2172949002218
1004,369.0,71.35533905932738,0.4537173861843164,0.9461538461538461,23.167107812814862,20.645266882007093,-0.27254168070724105,1342.7262872628726,12.13279132791328,0.9107166613053905,0.0062475753490799585,0.6986088903552927,0.9630898379030042,-0.26918017038401076,12.13279132791328,1342.7262872628726
1005,608.0,102.66904755831214,0.866883072636076,0.95,40.36406705443154,20.12195253421854,1.279292024114536,1344.8174342105262,1241.685855263158,0.7248270240264226,0.6393850953981246,0.6996968960512624,0.2873933898471639,0.957812632758702,1241.685855263158,1344.8174342105262
1006,560.0,103.25483399593905,0.9139389833358317,0.9395973154362416,42.415563741689425,17.21442511577188,-1.504105891177542,1341.2660714285714,1299.4178571428572,0.6600504103784587,0.669113211711049,0.6978491526683515,0.06664101105493016,-0.9977770169960705,1299.4178571428572,1341.2660714285714
1007,574.0,88.18376618407356,0.6896357767232472,0.9761904761904762,31.818852918968368,23.041826065466033,1.4438810647373606,1344.4442508710802,115.15331010452962,0.9275652513495992,0.05929624619182782,0.699502731982872,0.12657482210139678,0.9919570627854816,115.15331010452962,1344.4442508710802
1008,170.0,46.62741699796952,0.42500408439833715,0.9444444444444444,15.474151129684087,14.007069017315327,-0.7756692741124176,1343.9176470588236,401.3764705882353,0.9825984394647074,0.20668201369116132,0.6992287445675461,0.7139525722310919,-0.7001940621032198,401.3764705882353,1343.9176470588236
1009,49.0,24.48528137423857,0.806096259885336,0.9607843137254902,10.266042556044138,6.075284213582781,0.018005844321235434,1341.8367346938776,1691.3469387755101,1.027059835338049,0.8709304525105613,0.6981460638365649,0.9998378991647758,0.018004871389919814,1691.3469387755101,1341.8367346938776
1010,512.0,86.66904755831213,0.8095173064597684,0.9696969696969697,33.49165283121011,19.66281590478766,-0.5156521586952865,1354.3515625,1189.88671875,0.8565481414777818,0.6127120075952626,0.7046574206555671,0.8699713263637923,-0.49310231322193565,1189.88671875,1354.3515625
1011,321.0,73.76955262170047,0.8454755737241738,0.9042253521126761,28.55114978628218,15.24671642975856,-0.4474649082180063,1354.6978193146417,1133.8940809968847,0.7412429863386626,0.5838795473722372,0.7048375750856617,0.9015468852767596,-0.4326814228133363,1133.8940809968847,1354.6978193146417
1012,361.0,73.1126983722081,0.8201459097575922,0.955026455026455,28.374559706482632,16.234629909876364,0.10599438627650777,1354.060941828255,1570.3434903047091,0.8486555201922057,0.8086217766759574,0.7045062132301014,0.994387852276205,0.10579602660552254,1570.3434903047091,1354.060941828255
1013,494.0,93.25483399593904,0.7340893430898526,0.9320754716981132,31.835215767775157,21.617795480549706,-0.13282344117621717,1356.4939271255062,1664.6740890688259,0.7138288663170079,0.8571957204267898,0.7057720744669647,0.9911919275510922,-0.1324332388698181,1664.6740890688259,1356.4939271255062
1014,304.0,74.5269119345812,0.839755083535414,0.8786127167630058,28.429383167218727,15.436170724544263,1.3397612459527493,1351.8190789473683,335.30592105263156,0.6877921185481272,0.17266010352864652,0.7033397913357796,0.22898522466066235,0.9734298982911435,335.30592105263156,1351.8190789473683
1015,364.0,70.5269119345812,0.45816832701313104,0.9528795811518325,22.95106022136061,20.4004044189406,-0.06314683587840841,1356.357142857143,1645.8186813186812,0.9196053958663374,0.8474864476409275,0.7057009067935187,0.9980069009853331,-0.06310487766925531,1645.8186813186812,1356.357142857143
1016,339.0,67.11269837220809,0.48683055726120644,0.9576271186440678,22.253971651538627,19.438764730993054,-0.662614236824092,1359.1120943952803,822.3716814159292,0.9458018537710098,0.4234663653017143,0.7071342842847452,0.7883867011767383,-0.6151799813125102,822.3716814159292,1359.1120943952803
1017,404.0,75.69848480983501,0.6059568748789806,0.9483568075117371,25.581718198046527,20.350192764209616,-1.163382905356473,1361.720297029703,478.90841584158414,0.8859655922074329,0.24660577540761283,0.7084913095888153,0.3962357921459921,-0.9181487880634805,478.90841584158414,1361.720297029703
1018,37.0,21.31370849898476,0.6053699671005484,0.9024390243902439,7.739442740975565,6.160164723388289,-0.6649749357767425,1355.4594594594594,801.5675675675676,1.0235134274794264,0.4127536393241852,0.7052338498748488,0.7869322509891163,-0.6170394090762782,801.5675675675676,1355.4594594594594
1019,546.0,91.25483399593905,0.8132953461003349,0.9646643109540636,34.723992302384964,20.204192444370634,0.8601632753372883,1364.7948717948718,1695.029304029304,0.8239308190996297,0.8728266241139567,0.7100909842845327,0.6523137224679219,0.7579490797408776,1695.029304029304,1364.7948717948718
1020,529.0,89.49747468305833,0.7104098958175169,0.9514388489208633,31.46366547314773,22.143755359142762,0.5063914925596302,1369.1758034026466,712.3610586011342,0.8299347968624522,0.3668182588059394,0.7123703451626673,0.8745004129111221,0.48502477031413244,712.3610586011342,1369.1758034026466
1021,667.0,114.56854249492379,0.9017418832602068,0.886968085106383,45.59937904464091,19.711466320598234,-0.8921692413209378,1368.7796101949025,286.46026986506746,0.6385647215087967,0.14750786295832516,0.7121642092585341,0.62772489086911,-0.778435264735202,286.46026986506746,1368.7796101949025
1022,137.0,44.8700576850888,0.7800816618367327,0.9194630872483222,17.025564362714313,10.652516177366609,-0.872543333887173,1363.6788321167883,216.84671532846716,0.8551005296780478,0.11166154239364941,0.7095103184790782,0.6428805201048913,-0.7659664724187767,216.84671532846716,1363.6788321167883
1023,694.0,100.32590180780451,0.6128649902076648,0.9546079779917469,33.78988738118012,26.700351309347056,1.3674703717640213,1370.2766570605188,1252.5951008645534,0.8664493695871032,0.6450026266037865,0.712943109812965,0.2019278833137615,0.9794003930673215,1252.5951008645534,1370.2766570605188
1024,291.0,75.698484809835,0.9434345555144467,0.917981072555205,34.034484756915525,11.284433006937123,0.2817937165366555,1372.1615120274914,737.8144329896908,0.6381583844860472,0.3799250427341353,0.7139237835730965,0.960558188821152,0.27807906409621747,737.8144329896908,1372.1615120274914
1025,271.0,64.62741699796952,0.736778662789716,0.8973509933774835,23.384405831450035,15.810992130885685,1.2177005251379875,1366.8560885608856,169.77859778597787,0.8153527827572429,0.08742461266013278,0.7111634175654972,0.34580427124821767,0.9383066694777827,169.77859778597787,1366.8560885608856
1026,353.0,71.59797974644667,0.8020255630174645,0.9671232876712329,27.575473053511928,16.470546270803744,-1.085874568895202,1368.2067988668555,1342.8130311614732,0.8653325357172895,0.6914588214013765,0.711866180471829,0.4661391391956142,-0.8847114235218011,1342.8130311614732,1368.2067988668555
1027,102.0,40.04163056034261,0.9158278452155589,0.9532710280373832,18.02994564674453,7.240305321201533,0.7702685382901696,1368.6960784313726,5.990196078431373,0.7994412014600173,0.003084549988893601,0.7121207484034197,0.7177237047612035,0.6963280000286164,5.990196078431373,1368.6960784313726
1028,567.0,90.42640687119285,0.6385877999895534,0.9659284497444633,31.10879007654139,23.93973745182805,0.40126078233087276,1382.4356261022929,43.91710758377425,0.8713695396108629,0.02261437053747387,0.719269316390371,0.9205692903213313,0.39057928992367275,43.91710758377425,1382.4356261022929
1029,674.0,94.42640687119285,0.3859768721281045,0.9725829725829725,30.524362813517026,28.158982855651374,-0.38872409261034013,1381.734421364985,107.68249258160238,0.949910814949564,0.055449275273739634,0.7189044856217405,0.9253933920860455,-0.3790080076772553,107.68249258160238,1381.734421364985
1030,135.0,44.384776310850235,0.8381741986458843,0.9375,17.841775412244715,9.730950970587052,-0.1895198460291068,1378.911111111111,759.7407407407408,0.8611435668770103,0.3912156234504329,0.7174355416811191,0.982094803262674,-0.18838735999118847,759.7407407407408,1378.911111111111
1031,257.0,60.2842712474619,0.7804073291077345,0.9553903345724907,22.97816094691583,14.367588279855505,1.4254717819189122,1377.750972762646,1424.579766536965,0.8886586177777451,0.7335632165483857,0.7168319317183381,0.14481356116674735,0.9894589594835173,1424.579766536965,1377.750972762646
1032,438.0,82.76955262170047,0.8279463871954064,0.9260042283298098,31.873791689688858,17.875053699795746,-0.37744735859973977,1385.2990867579908,1309.447488584475,0.8034202224697158,0.6742778005069388,0.7207591502382886,0.9296084359171081,-0.36854871573748293,1309.447488584475,1385.2990867579908
1033,711.0,101.35533905932738,0.6426082522132337,0.9621109607577808,34.53270901751383,26.4587857442665,-1.3853242054818744,1385.57805907173,326.0759493670886,0.8697335095740831,0.16790728597687363,0.7209042971236889,0.18441057816336,-0.9828492960069999,326.0759493670886,1385.57805907173
1034,494.0,81.84062043356595,0.5409715055717442,0.9629629629629629,27.400611089525515,23.04503517631938,-0.3399902164779978,1387.5485829959514,1667.261133603239,0.9268276609823669,0.8585278751818944,0.7219295437023681,0.9427579281615306,-0.33347786866384144,1667.261133603239,1387.5485829959514
1035,745.0,105.49747468305833,0.7356283489028044,0.9551282051282052,37.60072614931447,25.470181595104822,1.5035713364805292,1394.8456375838925,798.8402684563758,0.8411665785683096,0.41134926285086293,0.7257261381810055,0.06717436789924365,0.9977412511755426,798.8402684563758,1394.8456375838925
1036,572.0,97.59797974644667,0.8303377681422207,0.9137380191693291,36.60988259622343,20.401239047663275,-1.4291779342249673,1394.8531468531469,226.49825174825176,0.7546129203942817,0.1166314375634664,0.7257300451889422,0.14114548941032362,-0.989988863987429,226.49825174825176,1394.8531468531469
1037,561.0,90.66904755831213,0.794224529601139,0.9672413793103448,34.42052060681321,20.91474775950435,0.5084481878564725,1404.8413547237076,1628.7629233511586,0.8575404562601082,0.8387038740222238,0.7309268234774753,0.8735010158846627,0.4868223241065085,1628.7629233511586,1404.8413547237076
1038,576.0,89.01219330881975,0.6457958798944564,0.9680672268907563,31.14627507716535,23.780495776436293,-0.7927513317681005,1404.9375,861.0104166666666,0.9135521469855561,0.4433627274287676,0.7309768470343392,0.7018882366012453,-0.7122870933273986,861.0104166666666,1404.9375
1039,706.0,103.01219330881975,0.8251296663670019,0.9737931034482759,40.042702497588756,22.621860085824544,-0.19937058222393975,1409.2308781869688,887.485835694051,0.8360597131279557,0.4569957959289655,0.7332106546238131,0.9801914297064629,-0.1980524201568871,887.485835694051,1409.2308781869688
1040,759.0,106.66904755831214,0.653536091654525,0.9511278195488722,36.06338629320186,27.296209534787533,0.2978440022086296,1408.1001317523057,1222.6521739130435,0.8382523995185828,0.6295840236421439,0.7326223370199302,0.9559714091877788,0.29345981805953003,1222.6521739130435,1408.1001317523057
1041,603.0,110.42640687119284,0.838155984821296,0.8701298701298701,40.858621978415144,22.28554291405182,-0.2203276656083961,1407.1708126036485,1583.4776119402984,0.6214143730798652,0.8153849701031403,0.7321388202932615,0.9758258906011754,-0.21854937939153,1583.4776119402984,1407.1708126036485
1042,347.0,73.01219330881975,0.8547695289375252,0.9559228650137741,29.469844574319747,15.295077947945403,0.7963464039868733,1405.3054755043227,69.17867435158502,0.8179910442904476,0.03562238638083678,0.731168301511094,0.6993229827883569,0.7148058238039162,69.17867435158502,1405.3054755043227
1043,406.0,75.01219330881975,0.6458232716071852,0.9598108747044918,26.104992431591548,19.930820692872846,-0.9161316656858772,1408.051724137931,1340.5541871921182,0.9067178579544479,0.6902956679671052,0.7325971509562595,0.6088932692710554,-0.793252158292939,1340.5541871921182,1408.051724137931
1044,232.0,78.2842712474619,0.9623919408985411,0.8,35.08756136371261,9.532054599932648,1.505856862762069,1403.0905172413793,1147.6336206896551,0.4757171657894308,0.5909544905713981,0.7300158778571172,0.06489383058584317,0.9978921739105362,1147.6336206896551,1403.0905172413793
1045,170.0,59.11269837220809,0.9468003114053929,0.8994708994708994,26.710433669482672,8.595995666161349,-1.0449179645290216,1404.1823529411765,1268.7470588235294,0.6113602761455331,0.653319803719634,0.7305839505417152,0.5019728791261591,-0.8648833612816207,1268.7470588235294,1404.1823529411765
1046,847.0,114.81118318204308,0.7482765572739799,0.952755905511811,40.80797395912216,27.071475793464977,0.3584655834099266,1419.396694214876,1375.1050767414404,0.807467198618647,0.7080870632036254,0.7384998409026411,0.9364362571400562,0.35083776352257534,1375.1050767414404,1419.396694214876
1047,15.0,12.242640687119284,0.7112392570688577,0.8823529411764706,5.25396613223661,3.6932755550804925,1.0765746364694397,1402.5333333333333,88.06666666666666,1.2576242881690396,0.0453484380363886,0.7297259798820672,0.4743466193009447,0.8803381650012481,88.06666666666666,1402.5333333333333
1048,917.0,114.91168824543142,0.6758651340624375,0.9662802950474183,39.97282197699786,29.46098186110934,-0.08959481538503034,1422.67066521265,23.497273718647765,0.8726714927856891,0.012099523027110076,0.7402032597360302,0.9959890686612928,-0.08947499710651348,23.497273718647765,1422.67066521265
1049,545.0,100.32590180780451,0.9131124497075686,0.9175084175084175,41.61272429297628,16.96583247804467,-1.101167456303841,1413.6990825688074,1886.6550458715597,0.6804249372117741,0.9715010534869,0.7355354227725325,0.4525553668960517,-0.8917363062551508,1886.6550458715597,1413.6990825688074
1050,602.0,103.39696961966999,0.8886481095510049,0.9420970266040689,41.57505750895868,19.06589425860487,-0.7574412857695728,1418.420265780731,1271.3853820598006,0.7076047412128921,0.6546783635735327,0.7379918136216082,0.7265963891665976,-0.6870645437293806,1271.3853820598006,1418.420265780731
1051,667.0,97.84062043356595,0.750443144822822,0.9694767441860465,36.01856745855171,23.805932214649424,-1.0750557029556558,1415.6536731634183,1602.0389805097452,0.8755829617645945,0.8249428323943075,0.7365523793774289,0.47568324673261364,-0.8796166487612199,1602.0389805097452,1415.6536731634183
1052,115.0,48.692388155425114,0.9607608382509536,0.9663865546218487,23.45024913761436,6.504585606273221,-0.02576414712571644,1417.3478260869565,2.1739130434782608,0.6095166219429807,0.0011194196928312361,0.7374338325114238,0.9996681227201552,-0.025761296884295622,2.1739130434782608,1417.3478260869565
1053,156.0,44.38477631085023,0.49418602454524585,0.9512195121951219,15.122510088959311,13.14684765026348,-1.270980099796299,1418.0448717948718,958.8076923076923,0.9950992328356567,0.49372177770735953,0.7377964993729822,0.29534463661814153,-0.9553907816285951,958.8076923076923,1418.0448717948718
1054,537.0,103.9827560572969,0.8511548386257763,0.8403755868544601,39.43629753166284,20.700692228134823,-1.4860683380406035,1425.7169459962756,1689.2718808193667,0.6241105174313992,0.8698619365702197,0.7417882133175211,0.08462665046839273,-0.996412730764968,1689.2718808193667,1425.7169459962756
1055,911.0,122.08326112068524,0.8748700686253212,0.9519331243469175,49.349008610142434,23.90257136393573,-1.4564260597837606,1428.3545554335894,175.6893523600439,0.7680968737522628,0.09046825559219562,0.7431605387271537,0.11412109221618104,-0.9934668471123663,175.6893523600439,1428.3545554335894
1056,514.0,124.71067811865474,0.9604183110507639,0.6844207723035952,56.07557537652975,15.620512345217245,0.67172903051069,1433.614785992218,260.1770428015564,0.41530360556941986,0.13397376045394255,0.7458973912550562,0.7827467910621635,0.62234030970353,260.1770428015564,1433.614785992218
1057,584.0,99.49747468305833,0.5825911781225874,0.9225908372827805,31.651179984744424,25.724982475825577,0.6825791867014935,1429.6883561643835,277.78938356164383,0.7413078426778956,0.14304293695244275,0.7438545037275669,0.7759483596586924,0.6307964355820225,277.78938356164383,1429.6883561643835
1058,300.0,66.2842712474619,0.6208116852958558,0.9230769230769231,22.38870415843675,17.551842369120152,0.9833359554352866,1427.1733333333334,117.30666666666667,0.8580451621892847,0.06040508067284587,0.7425459590704128,0.554248950250454,0.8323509483062237,117.30666666666667,1427.1733333333334
1059,483.0,83.11269837220809,0.6326135869098974,0.9545454545454546,28.437744749691475,22.024111672477247,-0.47912933823127735,1431.631469979296,734.5569358178054,0.878662779115887,0.37824764975170205,0.7448654890631093,0.8873966400081453,-0.4610067280444551,734.5569358178054,1431.631469979296
1060,334.0,65.11269837220809,0.33217994342489404,0.9737609329446064,21.271764191739614,20.063869038978613,0.6360895624978113,1430.754491017964,1616.9520958083833,0.989976632763111,0.8326220884698163,0.7444092044838523,0.8044249147582014,0.5940543380165323,1616.9520958083833,1430.754491017964
1061,611.0,92.08326112068524,0.539298004785026,0.9591836734693877,30.504865240708984,25.688604389503766,1.0525388728762277,1436.8445171849428,306.5515548281506,0.9055025787698512,0.15785352977762646,0.7475777924999703,0.49536716931834224,0.8686836982248101,306.5515548281506,1436.8445171849428
1062,683.0,101.05382386916237,0.7751718425990762,0.9565826330532213,37.486595284228706,23.68217294627841,0.910134659086242,1440.852122986823,239.91800878477306,0.8404755112894436,0.12354171410132496,0.7496629151856519,0.6136394300724144,0.7895863789734486,239.91800878477306,1440.852122986823
1063,469.0,99.49747468305834,0.8558528940123357,0.8496376811594203,36.67582417526415,18.969444798867965,-0.39187196589302364,1443.0788912579958,897.54157782516,0.595331127082077,0.4621738299820597,0.7508214834849094,0.9241957399682139,-0.38191914618752176,897.54157782516,1443.0788912579958
1064,618.0,97.25483399593905,0.8153089579874894,0.9611197511664075,36.99570796614343,21.42148300958487,-0.10538378796664345,1450.6391585760518,948.1796116504854,0.8210619858957701,0.48824902762640854,0.7547550252737002,0.9944522657782736,-0.10518883537932038,948.1796116504854,1450.6391585760518
1065,330.0,65.59797974644667,0.34143100852445446,0.967741935483871,21.21824042574026,19.94316929242899,-0.7385724987919199,1443.7666666666667,1645.9757575757576,0.9637022547707665,0.8475673313984333,0.7511793270898369,0.7394303528005182,-0.6732330602082025,1645.9757575757576,1443.7666666666667
1066,483.0,97.7401153701776,0.8870923941731877,0.8927911275415896,37.9338632672412,17.509964104284855,-1.0433186305244166,1447.5942028985507,187.06211180124222,0.6353474630615246,0.09632446539713811,0.7531707611334811,0.5033554739158227,-0.864079433199852,187.06211180124222,1447.5942028985507
1067,233.0,58.8700576850888,0.7628306851696577,0.9246031746031746,21.796052595264584,14.093290288520958,1.3990626189041608,1441.008583690987,819.0772532188842,0.8448446579342536,0.42176995531353456,0.749744320338703,0.17089081003911136,0.9852899730760363,819.0772532188842,1441.008583690987
1068,1692.0,191.4386001800126,0.8029651886635635,0.8330871491875923,63.53266812354912,37.86711742049154,1.0254561126113069,1455.1513002364065,1837.9154846335698,0.5801645690774719,0.9464034421388104,0.7571026536089525,0.5187089869296733,0.854950868107865,1837.9154846335698,1455.1513002364065
1069,225.0,57.698484809834994,0.6246450573201983,0.9221311475409836,19.444856757823633,15.184659737601395,0.6581057389000969,1443.8844444444444,1245.7644444444445,0.8493047736069498,0.6414852958004349,0.7512406058503873,0.7911522168706319,0.6116193013147024,1245.7644444444445,1443.8844444444444
1070,365.0,96.42640687119285,0.9433766631372047,0.8093126385809313,40.814316823229625,13.539067472788888,1.2071211880126298,1449.331506849315,803.2958904109589,0.4932995968197054,0.4136436098923578,0.7540746653742534,0.3557113972263557,0.9345958494896464,803.2958904109589,1449.331506849315
1071,470.0,82.42640687119285,0.45267732131806,0.9475806451612904,26.297941914390446,23.449201683170035,-1.108974360068917,1452.4,1157.7,0.8693106193852468,0.5961380020597322,0.7556711758584808,0.44557994704090587,-0.8952421520432466,1157.7,1452.4
1072,856.0,114.5685424949238,0.8001082427579336,0.9596412556053812,42.729316159706094,25.631421684626677,-1.0117016716935827,1454.2757009345794,1333.8469626168223,0.8195073487429233,0.6868418963011443,0.7566470868546199,0.5304189222398226,-0.8477356704362186,1333.8469626168223,1454.2757009345794
1073,194.0,55.21320343559642,0.8872229724736461,0.9603960396039604,23.236476748955706,10.71993636844123,-0.1907745679967749,1450.2835051546392,1393.298969072165,0.799697435339926,0.7174556998311868,0.7545699818702597,0.9818576564964963,-0.1896194673001913,1393.298969072165,1450.2835051546392
1074,913.0,138.12489168102783,0.8630395942024565,0.8524743230625583,51.55358984273662,26.041588464528974,0.5705937824381834,1465.0963855421687,304.3723986856517,0.6013630510397342,0.15673141023977946,0.7622769955994634,0.8415804027297772,0.540131859587255,304.3723986856517,1465.0963855421687
1075,349.0,75.01219330881975,0.6629308536634678,0.920844327176781,25.322561485961526,18.95851124464775,0.2829816398315355,1454.3982808022922,1213.1289398280803,0.7794200306061634,0.6246801955860352,0.7567108641010886,0.9602271745493768,0.2792199370691867,1213.1289398280803,1454.3982808022922
1076,213.0,54.04163056034261,0.6851576054021393,0.9466666666666667,19.388209368242077,14.122271831299821,0.5769304633388316,1451.262910798122,1233.3755868544602,0.9165002315856071,0.6351058634677962,0.7550795581675973,0.8381408862431866,0.5454538063003004,1233.3755868544602,1451.262910798122
1077,525.0,91.59797974644667,0.7339792566342699,0.9067357512953368,32.58697903815168,22.13216001473037,0.2344188481895064,1461.489523809524,909.8019047619048,0.7863164786707683,0.46848707763228875,0.7604003765918439,0.9726494942203764,0.2322777677541397,909.8019047619048,1461.489523809524
1078,341.0,66.76955262170047,0.6006082421227478,0.96875,23.357857464616437,18.675622103367317,0.7678217208298699,1456.1290322580646,327.38709677419354,0.9611857207649892,0.16858243912162385,0.7576113591353094,0.719425342095117,0.694569778460972,327.38709677419354,1456.1290322580646
1079,486.0,88.18376618407356,0.8458473155894032,0.9473684210526315,34.145886701785805,18.214272433178387,1.132716115445102,1456.022633744856,1371.679012345679,0.785360125707152,0.7063228693850047,0.7575560009078335,0.4242017492400836,0.9055677091977459,1371.679012345679,1456.022633744856
1080,325.0,73.84062043356595,0.8170856002131834,0.9259259259259259,27.315661340838474,15.747925850395209,-0.9066832809981915,1456.28,1566.2,0.7490357578407959,0.8064881565396499,0.7576899063475546,0.6163609309529692,-0.7874637787192432,1566.2,1456.28
1081,214.0,52.62741699796952,0.5082394894044683,0.9596412556053812,17.865596650461505,15.386133772010151,-1.510544407743617,1455.4252336448599,131.60747663551402,0.9709559500123787,0.06776904049202576,0.7572451787954526,0.060215470307037985,-0.9981854021852364,131.60747663551402,1455.4252336448599
1082,40.0,25.48528137423857,0.5884407441835012,0.7142857142857143,9.171286890010789,7.415355472336861,0.8528991392367135,1453.975,1244.075,0.7739109467148884,0.6406153450051494,0.756490634755463,0.6578023088558045,0.7531906282369509,1244.075,1453.975
1083,357.0,91.15432893255071,0.95479045426173,0.8925,40.879409062411064,12.152616290845385,0.6433392867181014,1464.7366946778711,33.5266106442577,0.539912626090606,0.01726396016697101,0.7620898515493606,0.8000970827701325,0.5998705344845034,33.5266106442577,1464.7366946778711
1084,577.0,94.66904755831213,0.7899491850591859,0.9537190082644628,35.19226884070518,21.578924873138106,-0.9960292246498867,1462.6984402079722,218.4939341421144,0.809039380262834,0.11250974981571288,0.7610293653527431,0.5436393298490684,-0.8393189376162412,218.4939341421144,1462.6984402079722
1085,374.0,72.52691193458118,0.45673378287637256,0.9516539440203562,23.370276049562072,20.790277588089644,0.044464389725976106,1464.4893048128342,760.3155080213904,0.8934764160254277,0.3915115901242999,0.7619611367392478,0.9990116218812923,0.04444973955052936,760.3155080213904,1464.4893048128342
1086,235.0,67.94112549695427,0.9158420163719482,0.8274647887323944,29.42707959053665,11.81611397500356,0.5773527078506366,1464.9234042553192,1545.4936170212766,0.6397528838584057,0.7958257554177531,0.7621869949299267,0.8379104966576295,0.5458076580545244,1545.4936170212766,1464.9234042553192
1087,440.0,80.76955262170047,0.7804938859183944,0.9565217391304348,30.28779047646858,18.934818492906782,-1.2219286826708609,1461.5795454545455,1585.7636363636364,0.8475536251951024,0.816562119651718,0.7604472140762464,0.34183388363478184,-0.939760392865736,1585.7636363636364,1461.5795454545455
1088,515.0,96.15432893255071,0.7229940470342238,0.8894645941278065,32.452623392297966,22.420033104486183,-0.1837797488262349,1470.9611650485438,18.415533980582524,0.6999699735352158,0.009482767240258766,0.7653283897234879,0.9831599797456738,-0.18274696776276814,18.415533980582524,1470.9611650485438
1089,466.0,92.35533905932736,0.7879557144811554,0.8842504743833017,32.39731977730237,19.948063770152793,1.3937989121503005,1465.3497854077252,1141.2231759656652,0.6865493599557132,0.5876535406620315,0.7624088373609392,0.17607469617896507,0.9843768086284261,1141.2231759656652,1465.3497854077252
1090,446.0,82.76955262170048,0.7292313111156186,0.9389473684210526,29.397811638937597,20.11596027323567,-1.0763126333663102,1466.3991031390135,810.4013452914799,0.8180945644326327,0.41730244350745616,0.7629547883137427,0.47457725434842923,-0.880213854500772,810.4013452914799,1466.3991031390135
1091,227.0,58.8700576850888,0.8011408686585859,0.926530612244898,22.530416173241573,13.483909321332899,-1.1072815718584905,1464.8590308370044,1668.3259911894272,0.823089001506762,0.8590762055558328,0.7621535019963602,0.44709476326596803,-0.8944865972501478,1668.3259911894272,1464.8590308370044
1092,83.0,33.31370849898476,0.6785384371669242,0.9120879120879121,12.064702923597332,8.862307271760729,-1.5527364915388175,1462.867469879518,1308.1566265060242,0.9398141809907938,0.6736130929485191,0.7611173100309667,0.01805885354651931,-0.999836925607664,1308.1566265060242,1462.867469879518
1093,229.0,54.62741699796952,0.5871794059142263,0.9703389830508474,19.1325222604531,15.486950649101974,1.1019167115785795,1469.1528384279477,777.7379912663755,0.9643263073410641,0.40048300271183085,0.7643875330010134,0.4518871017988833,0.8920751354161854,777.7379912663755,1469.1528384279477
1094,347.0,69.4558441227157,0.7650705860854512,0.9665738161559888,26.256452664319767,16.907748827116272,-1.4127168111118578,1471.4236311239192,850.0374639769452,0.9039028405132694,0.4377123913372529,0.7655690068282618,0.1574219594613139,-0.987531430729858,850.0374639769452,1471.4236311239192
1095,1399.0,190.95331880577402,0.9265035319584004,0.8302670623145401,72.79832309107685,27.39299478173308,0.09654695017261797,1507.7984274481773,961.8670478913509,0.48213999241856376,0.4952971410357111,0.7844944991926001,0.9953429623684675,0.09639702932955689,961.8670478913509,1507.7984274481773
1096,580.0,92.08326112068524,0.7877603520596906,0.9682804674457429,34.77090748017788,21.418247582588823,-0.5069891664109755,1483.4155172413793,96.34655172413792,0.8595605494050961,0.04961202457473632,0.771808281603215,0.8742103701140044,-0.4855473496839783,96.34655172413792,1483.4155172413793
1097,702.0,101.39696961966999,0.6526787286093649,0.9551020408163265,34.63664541669625,26.24192762692919,-1.2585808269139458,1481.806267806268,1114.2165242165242,0.8580192364756426,0.5737469228715367,0.770971003020951,0.30716778094744435,-0.9516553758308849,1114.2165242165242,1481.806267806268
1098,598.0,92.32590180780451,0.5300600314677083,0.9583333333333334,30.16744342781019,25.580788912318145,-0.7546205996950957,1483.85618729097,1763.2173913043478,0.8815844704136937,0.9079389244615591,0.7720375584240218,0.7285314894909117,-0.6850123128967489,1763.2173913043478,1483.85618729097
1099,634.0,104.32590180780451,0.6597532268720402,0.924198250728863,33.258724926066314,24.993343819891553,-1.51423553248612,1482.1845425867507,1826.1435331230284,0.7320063136117012,0.9403416751405913,0.7711678161221388,0.05653064163835568,-0.9984008646610618,1826.1435331230284,1482.1845425867507
1100,591.0,89.49747468305833,0.5918214485015924,0.967266775777414,30.59493362250038,24.661630213365598,1.3293129678238198,1483.6159052453468,1345.1895093062606,0.9272050377045543,0.6926825485614112,0.7719125417509609,0.23914320728278984,0.9709843080145532,1345.1895093062606,1483.6159052453468
1101,161.0,50.04163056034261,0.7242751640156508,0.8895027624309392,17.643522285355687,12.165403560271795,-1.5174008388178217,1477.975155279503,1229.857142857143,0.8079283271163675,0.6332941003383846,0.7689777082619683,0.053370119142379935,-0.9985747995932645,1229.857142857143,1477.975155279503
1102,21.0,16.0,0.9128709291752769,1.0,8.0,3.265986323710904,0.0,1475.0,1923.0,1.030835089459151,0.990216271884655,0.7674297606659729,1.0,0.0,1923.0,1475.0
1103,260.0,58.627416997969526,0.6870185409866995,0.9629629629629629,21.371238031864934,15.52919397324737,-1.1690121925234276,1480.8192307692307,1639.6846153846154,0.9505647188820812,0.844327814307217,0.7704574561754582,0.3910610181369264,-0.920364753830627,1639.6846153846154,1480.8192307692307
1104,304.0,69.25483399593904,0.8702946893904485,0.9440993788819876,28.363510149526395,13.969918603654309,0.7713424316120076,1485.703947368421,888.7927631578947,0.7964953825070585,0.45766877608542467,0.7729989320335177,0.7169755090596264,0.697098357054935,888.7927631578947,1485.703947368421
1105,152.0,48.62741699796951,0.8275023081772402,0.9101796407185628,19.092231215482997,10.719568316292724,-1.0074352836082887,1487.6644736842106,1161.125,0.8077761932437353,0.5979016477857878,0.7740189769428776,0.5340308532784112,-0.8454649890721272,1161.125,1487.6644736842106
1106,356.0,73.01219330881976,0.8041419787463362,0.9621621621621622,27.833387849132162,16.545203323242593,-0.7304120166709138,1497.376404494382,1138.637640449438,0.8392069503383263,0.5863221629502771,0.77907201066305,0.7448995776961372,-0.6671766026683763,1138.637640449438,1497.376404494382
1107,73.0,37.79898987322333,0.9338866159090479,0.8488372093023255,16.940875056280408,6.057536463900943,1.0145557985840215,1491.945205479452,1225.7671232876712,0.6420551532082197,0.631188014051324,0.7762462047239604,0.5279972199463038,0.8492460984478966,1225.7671232876712,1491.945205479452
1108,225.0,66.42640687119285,0.9302792335214852,0.8858267716535433,28.968571686731565,10.627184689780002,-1.028093171388726,1499.52,1771.68,0.6407828202982635,0.9122966014418126,0.7801873048907388,0.5164526302811359,-0.8563157599131855,1771.68,1499.52
1109,505.0,87.59797974644667,0.7295107735409282,0.9456928838951311,31.338460633104916,21.434545622506768,-0.2509831398624927,1505.5227722772277,860.7940594059406,0.8270143811262805,0.4432513179227295,0.7833104954616169,0.9686687207974564,-0.2483564159602474,860.7940594059406,1505.5227722772277
1110,381.0,73.94112549695427,0.5796688971642625,0.9548872180451128,24.717704406743664,20.141273718942653,-0.2819049564906929,1504.6351706036746,1795.4514435695537,0.8757148732288986,0.9245373035888536,0.7828486839769379,0.9605272493757762,-0.27818591482425115,1795.4514435695537,1504.6351706036746
1111,479.0,99.25483399593905,0.9298474786049601,0.9141221374045801,41.77634060173659,15.371403789569838,0.3812786837100446,1516.4864300626305,981.9060542797495,0.611001171245817,0.5056158878886454,0.7890147919160408,0.9281895865456875,0.3721076341976146,981.9060542797495,1516.4864300626305
1112,483.0,88.08326112068522,0.7384493197474657,0.9217557251908397,30.877417756900318,20.820920110601353,-0.3589139435108532,1512.1304347826087,1147.6915113871635,0.7822944053178634,0.5909843004053364,0.7867484051938651,0.9362788613658835,-0.35125758889937836,1147.6915113871635,1512.1304347826087
1113,518.0,95.1543289325507,0.8311260052007314,0.9119718309859155,35.744994677502895,19.87722439055022,0.5232254943571832,1514.034749034749,1823.019305019305,0.7189232388581004,0.9387329068070571,0.7877392034520025,0.8662119840651558,0.4996766941352242,1823.019305019305,1514.034749034749
1114,370.0,76.87005768508881,0.8585240641367673,0.9343434343434344,30.607396336433112,15.694654851011387,-1.530570377994281,1504.3486486486486,1306.4621621621623,0.7868594666283757,0.6727405572410722,0.7826996090783812,0.04021510122960327,-0.9991910456129462,1306.4621621621623,1504.3486486486486
1115,278.0,68.87005768508881,0.7973788258487697,0.8769716088328076,25.372183258885062,15.311581980736266,1.3820961149622504,1506.1726618705036,1171.5971223021584,0.7365356396842244,0.6032940897539435,0.7836486274040081,0.1875823383170657,0.982248882082083,1171.5971223021584,1506.1726618705036
1116,408.0,73.59797974644665,0.47442863496617693,0.9622641509433962,24.305806966089254,21.396255262753844,-0.24117805732860595,1510.2254901960785,1747.5808823529412,0.9465384070842568,0.8998871690797844,0.7857572789781886,0.9710572735751052,-0.23884675303818412,1747.5808823529412,1510.2254901960785
1117,136.0,41.79898987322333,0.37564164632754826,0.9315068493150684,13.70488332715383,12.70120611032358,1.1818708019020185,1507.1323529411766,828.3308823529412,0.978176441832853,0.42653495486763193,0.7841479463793842,0.3791944040900899,0.9253170288645733,828.3308823529412,1507.1323529411766
1118,239.0,56.62741699796952,0.6813656369355611,0.9637096774193549,20.452777902968588,14.97027199747743,0.5270424998397685,1509.7824267782428,844.7907949790795,0.936600231122275,0.43501070802218306,0.785526756908555,0.8642984098720005,0.502979381975774,844.7907949790795,1509.7824267782428
1119,75.0,33.31370849898476,0.861109135127519,0.9036144578313253,13.751768270360014,6.991676201383055,0.08536553785312866,1507.24,1634.12,0.8492296816181871,0.8414624098867147,0.7842039542143601,0.9963585746185162,0.08526189526487622,1634.12,1507.24
1120,271.0,69.94112549695429,0.6388504058108048,0.8548895899053628,22.733308654746875,17.489438658615722,-0.41901257008551185,1512.0073800738007,474.8819188191882,0.6961677832547336,0.2445323989800145,0.7866843808916757,0.91349112997721,-0.4068586430849909,474.8819188191882,1512.0073800738007
1121,571.0,101.7401153701776,0.8711310072791099,0.9209677419354839,39.36681508271496,19.33110122875528,0.8536373619597751,1520.8091068301226,1258.1751313485113,0.6932047352907881,0.6478759687685434,0.791263843303914,0.6572461072275744,0.7536760275703346,1258.1751313485113,1520.8091068301226
1122,509.0,87.35533905932739,0.6951850257378431,0.9373848987108656,30.411417891361683,21.86066514151862,0.09586475791109979,1521.4440078585462,1683.4833005893909,0.8382020891169369,0.8668812052468542,0.7915941768254663,0.9954084920613376,0.09571799168481329,1683.4833005893909,1521.4440078585462
1123,114.0,45.55634918610404,0.9143341196726569,0.9047619047619048,19.930378731279998,8.071018868712397,-0.20477112719688786,1515.4649122807018,2.982456140350877,0.6902666468206365,0.0015357652627965381,0.7884833050367855,0.9791075498626491,-0.20334307414308478,2.982456140350877,1515.4649122807018
1124,127.0,46.970562748477136,0.877845471205703,0.8819444444444444,18.9604834083285,9.081009241919068,-0.23194230612517958,1517.6377952755906,1159.6535433070867,0.7233726060255954,0.597143946090158,0.7896138372921907,0.9732217565399217,-0.22986825052048707,1159.6535433070867,1517.6377952755906
1125,166.0,51.4558441227157,0.8461170937234146,0.9120879120879121,20.385821673291627,10.865582974336634,0.20258145206481468,1521.9578313253012,57.765060240963855,0.787859067779608,0.029745139156006104,0.7918615147374095,0.9795504575281933,0.20119866092076075,57.765060240963855,1521.9578313253012
1126,537.0,106.32590180780453,0.9123815952333405,0.8647342995169082,42.546399815020855,17.415973914425848,-0.9620523114647199,1527.5903165735567,1877.4208566108007,0.5969060763813309,0.9667460641662208,0.794792048165222,0.5718375431776483,-0.820366883907774,1877.4208566108007,1527.5903165735567
1127,497.0,88.66904755831214,0.5750603626526363,0.925512104283054,28.709058329954885,23.487195910278988,0.19505577074764704,1528.9919517102617,16.464788732394368,0.794368777109359,0.008478264022860128,0.795521306821156,0.9810368615193453,0.1938212484230583,16.464788732394368,1528.9919517102617
1128,311.0,71.21320343559643,0.8913809518767222,0.948170731707317,29.692022264499336,13.458054394197019,1.5434886941659756,1520.0868167202573,827.5691318327974,0.7706358495039409,0.4261427043423262,0.7908880419980527,0.027304238840905784,0.999627169769469,827.5691318327974,1520.0868167202573
1129,518.0,89.94112549695429,0.8531993136133875,0.9700374531835206,35.750436906683916,18.64689228596554,-1.4251455731036065,1523.496138996139,877.0482625482625,0.8046795937118851,0.45162114446357493,0.7926618829324344,0.14513632369102558,-0.9894116673788792,877.0482625482625,1523.496138996139
1130,767.0,113.98275605729691,0.8607927925060264,0.9399509803921569,44.531920326294376,22.66476872380495,0.6419269939286767,1533.767926988266,1025.2229465449805,0.7418684814393757,0.5279211877162618,0.7980062055089834,0.8009434773938865,0.5987399652772386,1025.2229465449805,1533.767926988266
1131,312.0,68.94112549695427,0.7976131806218938,0.9369369369369369,25.842845188073927,15.587611048520928,1.311389291398546,1525.0961538461538,1853.8301282051282,0.824912186742405,0.9545984182312709,0.7934943568398303,0.25650747167971805,0.966542247898393,1853.8301282051282,1525.0961538461538
1132,469.0,112.32590180780453,0.9660758190857393,0.8315602836879432,50.492821486740596,13.040206101213808,1.1680957538807712,1528.6609808102346,1055.1641791044776,0.4671139944906833,0.5433389181794427,0.7953491055204134,0.3919043116264113,0.9200059839634896,1055.1641791044776,1528.6609808102346
1133,631.0,91.84062043356595,0.5326452696871211,0.9722650231124808,30.822709066370898,26.086448272458586,-1.3259080725548136,1533.0364500792393,1290.7083993660856,0.9400903730749481,0.6646284239784169,0.7976256243908634,0.24244791454178047,-0.970164423556307,1290.7083993660856,1533.0364500792393
1134,133.0,42.970562748477136,0.7329017102926476,0.9432624113475178,15.857945454269764,10.788707987901564,1.2133593117849986,1526.8496240601503,741.4511278195489,0.905147637857781,0.38179769712644124,0.7944066722477369,0.34987438936476706,0.936796622360815,741.4511278195489,1526.8496240601503
1135,447.0,80.18376618407356,0.6410378478118166,0.951063829787234,27.902663686624532,21.415553003309665,0.8265402013013423,1534.5838926174497,329.5749440715884,0.8736640897536506,0.1697090340224451,0.7984307453784858,0.677424809777968,0.7355920249005449,329.5749440715884,1534.5838926174497
1136,533.0,89.94112549695427,0.6203975661569153,0.9450354609929078,30.066512592454234,23.58078955878772,-1.4468560738218363,1534.467166979362,1912.3771106941838,0.82798112634833,0.9847461950021543,0.798370014037129,0.12362318504522683,-0.9923292337320682,1912.3771106941838,1534.467166979362
1137,464.0,84.87005768508881,0.8033686540588326,0.9469387755102041,32.05714447606681,19.089452327945104,-1.5631642086317665,1534.3081896551723,829.1034482758621,0.8095037218645413,0.4269327746013708,0.7982872995084144,0.0076320440691811575,-0.9999708755275456,829.1034482758621,1534.3081896551723
1138,291.0,73.84062043356595,0.8963865057770453,0.8765060240963856,30.39107055575098,13.471550607749105,0.5477173312094333,1542.7388316151203,1243.085910652921,0.670675093943605,0.640106030202328,0.802673689706098,0.8537154217767848,0.5207398377505665,1243.085910652921,1542.7388316151203
1139,241.0,60.76955262170047,0.8736802827852449,0.9678714859437751,25.328093385987792,12.322130798436373,0.8221647964384873,1540.402489626556,1259.804979253112,0.8200773711418241,0.6487152313352791,0.801458111148052,0.6806368280747721,0.7326209854135446,1259.804979253112,1540.402489626556
1140,623.0,100.91168824543144,0.7337478214829457,0.9396681749622926,34.60143397519023,23.50897242843087,-0.2665527530169858,1548.8603531300162,1668.7736757624398,0.7688028184190491,0.859306733142348,0.8058586644797171,0.9646846571994451,-0.2634075021027099,1668.7736757624398,1548.8603531300162
1141,916.0,113.63961030678928,0.6562365817388616,0.9662447257383966,39.642297831102645,29.912301940579646,1.1598478926722018,1549.3024017467249,1136.721615720524,0.8913450687521427,0.5853355384760679,0.8060886585570889,0.3994789772570405,0.9167423556974277,1136.721615720524,1549.3024017467249
1142,494.0,95.59797974644667,0.9094283591240678,0.9148148148148149,39.61255143122096,16.473300405344016,1.410984801128692,1545.4757085020242,969.1275303643724,0.6792652288765502,0.499035803483199,0.8040976631123955,0.15913213678111224,0.987257293233875,969.1275303643724,1545.4757085020242
1143,143.0,47.21320343559643,0.8769690100310626,0.9407894736842105,19.51363518062108,9.37721755050807,-1.3814064218906854,1541.5874125874127,1875.5944055944055,0.8061557658028942,0.9658055641577783,0.8020746163305997,0.1882597438976259,-0.9821192742368924,1875.5944055944055,1541.5874125874127
1144,349.0,69.94112549695427,0.6542410685270397,0.9509536784741145,24.473597400735795,18.509040871013855,0.7829848123779042,1548.1174785100286,1790.487106017192,0.8965407983612624,0.9219810020685849,0.8054721532310243,0.708811217214354,0.7053982267847757,1790.487106017192,1548.1174785100286
1145,229.0,54.970562748477136,0.4075957974797455,0.9621848739495799,17.960992257720136,16.401303751401507,-0.4694066131951645,1548.698689956332,117.47161572052401,0.9523245505307469,0.060490018393678686,0.8057745525267076,0.8918368679612788,-0.4523571608198731,117.47161572052401,1548.698689956332
1146,359.0,88.69848480983501,0.8281173892272884,0.7855579868708972,31.396829488485846,17.599640838045854,1.5186783521894138,1557.1894150417827,1442.1309192200556,0.5734187774539886,0.7426008852832419,0.8101922034556621,0.05209438327927185,0.9986421657584624,1442.1309192200556,1557.1894150417827
1147,416.0,78.08326112068524,0.7012367443084361,0.9541284403669725,27.613579206217352,19.686507260712926,0.907225817379897,1557.5504807692307,1738.5528846153845,0.8574075595397144,0.8952383545908262,0.8103800628351877,0.615933612513097,0.7877980610388465,1738.5528846153845,1557.5504807692307
1148,137.0,43.79898987322333,0.8139958580238117,0.9448275862068966,17.36211776016418,10.085145093340229,1.2052148727271896,1554.7226277372263,881.2627737226277,0.8974334274400037,0.4537913355935261,0.8089087553263404,0.3574923841666934,0.9339160536487278,881.2627737226277,1554.7226277372263
1149,228.0,56.87005768508881,0.655393399637421,0.9344262295081968,19.88753532921358,15.020810579706328,-0.6754875361268434,1559.377192982456,1302.1666666666667,0.8858850516147482,0.6705286646069345,0.8113304854227139,0.7804021983433522,-0.6252778652893952,1302.1666666666667,1559.377192982456
1150,260.0,79.84062043356595,0.931122032260994,0.7831325301204819,33.504731578895594,12.21943610118283,-0.843504179135216,1559.8153846153846,689.2846153846153,0.5125490178877512,0.35493543531648575,0.811558472744737,0.6648493703228955,-0.7469774526592148,689.2846153846153,1559.8153846153846
1151,277.0,70.76955262170047,0.7544356945259806,0.9081967213114754,24.324452644482136,15.965937445302494,-0.15796281653164632,1562.101083032491,1647.4187725631768,0.6950190888547633,0.8483103875196585,0.8127477018899537,0.9875497950144528,-0.15730671430969528,1647.4187725631768,1562.101083032491
1152,587.0,99.59797974644667,0.8651518125278956,0.9437299035369775,39.318692977567736,19.718720113442817,-1.2605874144711637,1562.4003407155026,1031.7376490630324,0.743612885586468,0.5312758234104183,0.8129034030777849,0.30525758400400566,-0.9522698185955688,1031.7376490630324,1562.4003407155026
1153,264.0,63.112698372208094,0.7405294054547177,0.9263157894736842,22.576492668146606,15.17194395272615,-1.1821042680880303,1561.2575757575758,621.344696969697,0.8328758957991736,0.31995092531910246,0.8123088323400498,0.3789783635201995,-0.9254055327171713,621.344696969697,1561.2575757575758
1154,134.0,49.798989873223334,0.9209496870008504,0.8874172185430463,21.25054090132149,8.280942724334764,-0.14307318242613473,1564.9626865671642,111.05970149253731,0.6790059738915619,0.05718831178812426,0.8142365694938419,0.9897824794208891,-0.14258556529830493,111.05970149253731,1564.9626865671642
1155,589.0,97.01219330881975,0.7419164989136642,0.9304897314375987,33.874626663023605,22.712675945839052,-0.0852967609520545,1571.5059422750423,124.48217317487267,0.7864525263020958,0.06409998618685514,0.8176409689256203,0.996364436310929,-0.08519336860815377,124.48217317487267,1571.5059422750423
1156,142.0,45.45584412271571,0.598045592812648,0.922077922077922,15.40868040768996,12.349473080742737,-0.6029779027636003,1564.5704225352113,634.8521126760563,0.8636121708706624,0.3269063402039425,0.8140324779059371,0.8236505075167102,-0.5670977353750108,634.8521126760563,1564.5704225352113
1157,433.0,80.76955262170047,0.6937440411443928,0.9537444933920705,28.44106102455748,20.48386750885949,-0.24024997907838813,1571.9353348729792,1757.7182448036951,0.834069817521544,0.9051072321337256,0.8178643781857332,0.9712785238199325,-0.23794543316939878,1757.7182448036951,1571.9353348729792
1158,336.0,71.94112549695427,0.8133360465235314,0.9491525423728814,27.543720120902453,16.02477624045721,0.6098259821917005,1570.7738095238096,70.3422619047619,0.8158206341776002,0.03622155607866215,0.817260046578465,0.8197476945744576,0.5727248180757158,70.3422619047619,1570.7738095238096
1159,871.0,115.88225099390857,0.809247352567128,0.9667036625971143,44.24187736428941,25.99068989769733,-0.7562793227094666,1580.9035591274396,1676.0642939150403,0.8150686207608605,0.8630609134474976,0.8225304678082412,0.7273942420967073,-0.6862198019327019,1676.0642939150403,1580.9035591274396
1160,249.0,60.38477631085023,0.6157086029611496,0.9325842696629213,20.344863711740082,16.031222238524077,0.8725488687674522,1568.305220883534,1916.7831325301204,0.8581323758034531,0.9870150013028426,0.8159756612297263,0.6428762805623213,0.7659700306737566,1916.7831325301204,1568.305220883534
1161,307.0,78.56244584051392,0.9113512485127925,0.8898550724637682,31.607553069675017,13.010603437964063,-1.563902156526622,1567.970684039088,907.8045602605863,0.6250550210864289,0.4674585789189425,0.815801604598901,0.00689411565556394,-0.9999762353022834,907.8045602605863,1567.970684039088
1162,150.0,45.21320343559642,0.24080240422161742,0.9375,14.35815566189261,13.935654885938165,-0.30404961958786436,1569.2866666666666,1269.0933333333332,0.9220841689003844,0.653498111912118,0.8164862989941033,0.9541319145081956,-0.2993865222700002,1269.0933333333332,1569.2866666666666
1163,381.0,74.18376618407356,0.7743531468354831,0.9548872180451128,27.835255602974023,17.61286007410882,1.1684078710408137,1571.9396325459318,966.3228346456693,0.869995655334329,0.49759157293803774,0.8178666142278521,0.391617142887042,0.9201282592100898,966.3228346456693,1571.9396325459318
1164,100.0,41.4558441227157,0.9046338716403793,0.9009009009009009,17.65952264211541,7.526304541580365,-0.813081690126874,1571.84,1175.73,0.7312036299092937,0.6054222451081359,0.8178147762747138,0.68726313383372,-0.726408552312715,1175.73,1571.84
1165,372.0,80.01219330881976,0.8732075103040661,0.9346733668341709,31.468065837523095,15.33591737949442,0.6397216878810217,1579.9462365591398,933.8763440860215,0.7301976868492085,0.4808838023100008,0.8220323811441934,0.8022619335466564,0.5969721852666003,933.8763440860215,1579.9462365591398
1166,869.0,132.71067811865476,0.8207233828640151,0.8276190476190476,47.15976825570246,26.943590637421945,-0.11758964929851964,1586.6582278481012,1380.8124280782508,0.6200374247940055,0.7110259670845782,0.8255245722414678,0.9930942999735838,-0.11731884486295292,1380.8124280782508,1586.6582278481012
1167,489.0,87.49747468305834,0.7963667013191803,0.9367816091954023,32.285506078025385,19.526728807083597,-1.2144216461362025,1578.9141104294479,1616.8629856850716,0.8026527271178053,0.832576202721458,0.8214953748332195,0.34887900089382906,-0.9371677772604666,1616.8629856850716,1578.9141104294479
1168,507.0,89.49747468305833,0.8003573169581825,0.9512195121951219,33.16443245600136,19.882849378729574,-0.7174049402759682,1583.664694280079,889.6429980276134,0.7954195501120288,0.4581065901275043,0.8239670625806862,0.7535143383708187,-0.6574314731358603,889.6429980276134,1583.664694280079
1169,198.0,58.8700576850888,0.910647004653894,0.9,25.269056807350243,10.440801006774807,1.3329456756110203,1577.2272727272727,677.989898989899,0.7179366621072197,0.34911941245617867,0.8206177277457194,0.23561433485104885,0.9718466366730389,677.989898989899,1577.2272727272727
1170,665.0,98.5685424949238,0.7504495179742318,0.9637681159420289,35.883467053850644,23.716379963334962,1.2327698876374604,1584.0857142857142,1236.5548872180452,0.8601116689777184,0.6367429903285505,0.8241861156533372,0.33162586020029755,0.9434109861806851,1236.5548872180452,1584.0857142857142
1171,520.0,84.42640687119285,0.6206205979203298,0.9611829944547134,29.09086567725144,22.81046802036024,1.123819788805384,1584.2076923076922,594.7019230769231,0.9167619820027249,0.3062316802661808,0.8242495797646682,0.43224108257403365,0.90175808648175,594.7019230769231,1584.2076923076922
1172,272.0,71.66904755831213,0.904045838344515,0.8976897689768977,29.04773886046476,12.416035310766071,0.7044878359288919,1587.1838235294117,1598.2573529411766,0.6654501114040806,0.8229955473435513,0.8257980351349696,0.7619433515019661,0.6476436744861724,1598.2573529411766,1587.1838235294117
1173,161.0,58.31980515339464,0.9223799039312016,0.8655913978494624,23.46272212489302,9.063273672473738,1.3523121234575697,1579.9875776397516,1883.111801242236,0.5948447204953459,0.9696765196921915,0.8220538905513797,0.21675011084407578,0.9762271198082344,1883.111801242236,1579.9875776397516
1174,45.0,35.27817459305203,0.5985220758491381,0.35714285714285715,15.030128278224913,12.040730648818112,1.261817928241251,1578.2666666666667,1895.7555555555555,0.45437054212759664,0.9761872067742304,0.8211585154353105,0.30408557207008263,0.9526447212150029,1895.7555555555555,1578.2666666666667
1175,23.0,14.621320343559642,0.8729123730541465,0.36507936507936506,14.286138651317964,6.969878786550957,0.9259104601411449,1580.1304347826087,1893.8695652173913,1.3519620948263924,0.9752160480007164,0.8221282178889744,0.6011072306681198,0.7991683785276441,1893.8695652173913,1580.1304347826087
1176,184.0,55.21320343559643,0.9083746559306628,0.968421052631579,23.828381185316886,9.9640103123695,-1.4722298029710423,1581.9782608695652,698.3423913043479,0.7584759180543625,0.3595995835758743,0.8230896258426458,0.0984069997976868,-0.9951462517594175,698.3423913043479,1581.9782608695652
1177,386.0,75.35533905932738,0.5467937771342997,0.9507389162561576,24.735860459367935,20.71052759688371,-0.13303883637199704,1590.69689119171,1158.9637305699482,0.8542187740693158,0.5967887387074914,0.827625853897872,0.9911633790746792,-0.13264673377533148,1158.9637305699482,1590.69689119171
1178,434.0,95.84062043356595,0.7161719469300465,0.8188679245283019,29.83642905398716,20.82355633404165,1.5307114691246704,1589.9147465437788,151.10599078341014,0.5937455402016852,0.07780947002235332,0.827218910792809,0.040074123835695384,0.9991967096617169,151.10599078341014,1589.9147465437788
1179,58.0,34.97056274847714,0.9374471710766902,0.7945205479452054,15.246920177757977,5.307873193644208,1.0524217173817545,1583.0344827586207,1874.1379310344828,0.5959812757014694,0.9650555772577152,0.8236391689691055,0.4954689369867571,0.8686256572777556,1874.1379310344828,1583.0344827586207
1180,444.0,78.18376618407356,0.4554930207866937,0.961038961038961,25.376758153935317,22.59138879418621,-0.7624563403961901,1592.1599099099099,43.153153153153156,0.9127664323446507,0.02222098514580492,0.8283870499010978,0.7231416001800537,-0.690699808953956,43.153153153153156,1592.1599099099099
1181,358.0,82.91168824543142,0.9343397828465018,0.9396325459317585,36.12602421596575,12.874717487314685,0.6646176319619469,1594.268156424581,663.8938547486033,0.6544272487688175,0.3418608932794044,0.8294839523541004,0.7871526712869151,0.6167581957995156,663.8938547486033,1594.268156424581
1182,427.0,83.01219330881975,0.8063001448073503,0.9242424242424242,31.237705192784045,18.477309282581302,-1.1418156422789256,1592.1779859484777,722.6697892271662,0.7786709300466429,0.3721265649985408,0.8283964547078448,0.4159440631613501,-0.9093902002555486,722.6697892271662,1592.1779859484777
1183,67.0,33.00609665440987,0.8282912074380947,0.8271604938271605,12.67733550159242,7.103083768322463,1.2775660620831983,1585.8208955223881,1868.313432835821,0.7728519952939477,0.9620563505848718,0.8250889154643019,0.2890461091992331,0.9573151762908519,1868.313432835821,1585.8208955223881
1184,830.0,120.22539674441617,0.8856323358034146,0.9399773499433749,48.11993471981206,22.346276270080416,-0.6624456300859461,1604.6590361445783,1873.021686746988,0.7215983285203255,0.9644807861724964,0.8348902373280844,0.7884904134600486,-0.6150470452588174,1873.021686746988,1604.6590361445783
1185,879.0,118.56854249492379,0.7149603248170832,0.9341126461211477,41.449438763880146,28.979997941582415,-0.04940264535566564,1607.032992036405,898.160409556314,0.7857054695793483,0.46249248689820494,0.8361253860751326,0.9987799374887681,-0.0493825522824853,898.160409556314,1607.032992036405
1186,249.0,85.18376618407356,0.808759567762951,0.7455089820359282,27.728705155078035,16.30834419465873,-0.08080207365245572,1598.578313253012,1135.4698795180723,0.43121666488741495,0.584690978124651,0.8317264897258128,0.996737288206727,-0.0807141765633526,1135.4698795180723,1598.578313253012
1187,235.0,63.35533905932738,0.8184240613825929,0.9003831417624522,23.30337391550611,13.390461257961322,-0.9683957794065521,1597.0297872340425,503.9021276595745,0.7357178403596083,0.25947586388237615,0.8309208050125091,0.5666221018356248,-0.8239777871468252,503.9021276595745,1597.0297872340425
1188,190.0,52.384776310850235,0.8250846326528745,0.945273631840796,20.776019221791255,11.738641133277358,-1.4642747963766334,1592.2736842105264,689.421052631579,0.8700681628811372,0.3550056913653857,0.8284462456870585,0.10632019761285622,-0.9943319443624263,689.421052631579,1592.2736842105264
1189,651.0,93.98275605729691,0.45504346921359407,0.9673105497771174,30.59925240396788,27.247692581540328,0.921598812377661,1601.010752688172,811.8909370199693,0.9261780823178959,0.418069483532425,0.8329920669553444,0.6045473651686978,0.7965691955301719,811.8909370199693,1601.010752688172
1190,1394.0,167.6812408671319,0.8584713342479731,0.8552147239263803,62.73521380887651,32.17447892058072,0.27470192935972965,1617.6750358680058,130.70444763271163,0.623022425821167,0.06730404100551578,0.8416623495671206,0.9625060950425358,0.2712600542025474,130.70444763271163,1617.6750358680058
1191,59.0,49.9350288425444,0.9904528010976373,0.5462962962962963,28.635685181271796,3.9474942523657033,1.4186939813287593,1593.2033898305085,1901.7288135593221,0.29733858171493555,0.9792630347885284,0.8289299634914197,0.15151653908763263,0.988454722474887,1901.7288135593221,1593.2033898305085
1192,611.0,97.84062043356595,0.8244461384076281,0.953198127925117,37.243888214442826,21.077821931827454,0.17691049816185994,1610.5531914893618,90.33878887070377,0.8020707490827096,0.046518428872658994,0.8379569154471185,0.9843921087034726,0.17598913694410379,90.33878887070377,1610.5531914893618
1193,208.0,86.90559159102155,0.9303013691110561,0.6046511627906976,35.244264711015695,12.927458058093217,0.4458337674524836,1606.6778846153845,1918.4375,0.3460810011428032,0.9878668898043255,0.8359406267509805,0.9022514499343733,0.43121029798848853,1918.4375,1606.6778846153845
1194,696.0,109.32590180780451,0.6929467632484123,0.925531914893617,35.57089453446703,25.646214926827877,1.4179363246287757,1607.4066091954023,1900.6350574712644,0.7317672464108499,0.9786998236206305,0.8363197758560886,0.1522654048705417,0.9883396412567949,1900.6350574712644,1607.4066091954023
1195,859.0,117.7401153701776,0.7243919274418733,0.9418859649122807,40.6457463816471,28.02070516284798,-0.3023304475313975,1618.1781140861467,616.407450523865,0.7786712029673002,0.3174085739051828,0.8419240968190149,0.9546452012046656,-0.2977457637262093,616.407450523865,1618.1781140861467
1196,704.0,124.46803743153546,0.9447264753010703,0.8979591836734694,53.672482922457746,17.597036289794637,-0.42529424353581013,1623.5866477272727,1217.872159090909,0.5710404062342649,0.6271226359891395,0.8447381101598713,0.9109173707925475,-0.41258883114838735,1217.872159090909,1623.5866477272727
1197,41.0,22.485281374238568,0.8043889559247768,0.9111111111111111,9.394778674836035,5.58146645579704,-0.1448503929691474,1603.1463414634147,1042.3170731707316,1.0190536939671753,0.5367235186255055,0.8341031953503719,0.9895275118820128,-0.14434439105345614,1042.3170731707316,1603.1463414634147
1198,115.0,38.384776310850235,0.5702263690872258,0.9349593495934959,13.382416091416633,10.993488967093874,1.1997435649347425,1604.9478260869564,1117.7391304347825,0.9808208202866291,0.5755608292661084,0.8350404922408722,0.36259675006375525,0.9319461340888767,1117.7391304347825,1604.9478260869564
1199,416.0,73.94112549695427,0.4787594128372234,0.9651972157772621,24.578990958691566,21.579030235582405,-1.3127503978262347,1610.2572115384614,988.9471153846154,0.9561611214257792,0.5092415630198843,0.8378029196349955,0.25519166761546885,-0.9668904864459242,988.9471153846154,1610.2572115384614
1200,260.0,66.2842712474619,0.8454529569648904,0.8996539792387543,25.88050448665058,13.821480878339532,-1.5004864287524533,1606.4653846153847,1158.9769230769232,0.7436391405640467,0.59679553196546,0.8358300648363084,0.07025198307625702,-0.9975292772013528,1158.9769230769232,1606.4653846153847
1201,355.0,88.08326112068522,0.8950481346646815,0.847255369928401,33.81207690088607,15.079156610349065,0.7741564971558015,1613.9070422535212,1594.149295774648,0.5749782896228602,0.8208801729014665,0.8397018950330496,0.7150109923314152,0.6991132103209358,1594.149295774648,1613.9070422535212
1202,204.0,59.45584412271571,0.8494335891756508,0.9026548672566371,22.99401256830567,12.133837762312725,-0.5165584783556247,1612.299019607843,451.1617647058824,0.7251885404722849,0.2323181074695584,0.8388652547387321,0.8695240608000777,-0.4938905827101209,451.1617647058824,1612.299019607843
1203,65.0,31.899494936611667,0.9120615814922372,0.9285714285714286,14.405303676392943,5.906941655265492,-0.04199511045679736,1611.1846153846154,1469.7846153846153,0.8027043320188832,0.7568406876336845,0.838285439846314,0.9991183349348771,-0.04198276785728652,1469.7846153846153,1611.1846153846154
1204,407.0,92.66904755831214,0.8780975988118596,0.8532494758909853,35.010505661802554,16.751881500842394,-0.22259722168092522,1618.8280098280097,1501.7788697788699,0.5955728263988571,0.7733155869098197,0.8422622319604629,0.9753273677735663,-0.22076350620491245,1501.7788697788699,1618.8280098280097
1205,187.0,50.62741699796952,0.7733371813837215,0.9639175257731959,19.41487180679588,12.308930791628624,-0.009223439138389512,1614.9358288770054,462.6417112299465,0.9168112418081202,0.23822951144693436,0.8402371638277863,0.99995746438678,-0.009223308363138753,462.6417112299465,1614.9358288770054
1206,428.0,79.94112549695429,0.7225731438967598,0.9553571428571429,28.702936231637622,19.84218124470186,-0.6349146440166273,1615.8434579439252,1400.677570093458,0.8416143196419062,0.7212551854240257,0.8407093953922607,0.8051223247907209,-0.5931087945087183,1400.677570093458,1615.8434579439252
1207,129.0,43.45584412271571,0.7251419654886853,0.9280575539568345,15.588448660640546,10.734196351713356,1.1382985118686264,1611.984496124031,29.51937984496124,0.8584266530171789,0.015200504554562944,0.8387016108865926,0.4191399278409778,0.9079216490917373,29.51937984496124,1611.984496124031
1208,612.0,106.08326112068524,0.8897812214508629,0.9039881831610044,42.81041001492521,19.53812792413365,0.5380385146576734,1625.5980392156862,670.5326797385621,0.6833883362907907,0.3452794437376736,0.8457846197792331,0.8587155009444709,0.5124526206759865,670.5326797385621,1625.5980392156862
1209,754.0,113.49747468305831,0.8726698653817163,0.9496221662468514,44.646243548201156,21.801236899719107,0.09830148594975892,1633.2533156498673,917.8700265251989,0.7355442633886584,0.47264162024984496,0.8497675939905657,0.9951722983890735,0.09814324489749088,917.8700265251989,1633.2533156498673
1210,274.0,77.698484809835,0.9459535723493963,0.8954248366013072,34.14928665518512,11.074684685794965,0.15405394172159328,1625.7992700729926,1037.2481751824816,0.5703419646991704,0.5341133754801656,0.8458893184562917,0.988157141175306,0.15344531385560903,1037.2481751824816,1625.7992700729926
1211,318.0,69.01219330881976,0.5783958942192273,0.9436201780415431,22.640866329298397,18.4694272440251,0.9061149970959164,1622.374213836478,527.4811320754717,0.8390451352635719,0.27161747274741077,0.8441072912780843,0.6168083343921246,0.7871133835886752,527.4811320754717,1622.374213836478
1212,219.0,56.87005768508881,0.7666374244510542,0.9439655172413793,21.060232600366287,13.5223596097536,0.14568279826341893,1621.876712328767,1163.7214611872146,0.8509159048404819,0.5992386514867223,0.8438484455404616,0.989407016039496,0.14516802889004354,1163.7214611872146,1621.876712328767
1213,569.0,88.08326112068524,0.6749109233464823,0.967687074829932,31.40460136908638,23.17343057102196,1.044389976110909,1625.4165202108964,15.256590509666081,0.9215849205504434,0.007856122816511886,0.845690177008791,0.502429457534785,0.8646182048750197,15.256590509666081,1625.4165202108964
1214,434.0,80.66904755831213,0.8053504311050904,0.9665924276169265,30.72510331333226,18.21381126327101,0.9660929348605132,1623.6658986175116,698.3225806451613,0.8380804980334504,0.35958938241254446,0.8447793437135857,0.5685180904875289,0.8226707608687779,698.3225806451613,1623.6658986175116
1215,381.0,76.5269119345812,0.7088339345670629,0.9384236453201971,26.686078961739142,18.823703589551663,1.2100270843972751,1625.1758530183727,1145.745406824147,0.8175352026184597,0.5899821868301478,0.8455649599471242,0.35299406049436916,0.9356255625279258,1145.745406824147,1625.1758530183727
1216,660.0,94.76955262170047,0.5635527419910074,0.9705882352941176,31.99880713065117,26.433577317501467,-0.5061542037901072,1628.4121212121213,1422.0439393939394,0.9234558538203474,0.732257435321287,0.8472487623372119,0.8746154792211854,-0.48481724753426014,1422.0439393939394,1628.4121212121213
1217,153.0,69.24873734152916,0.9688862519224568,0.7846153846153846,31.67557456956748,7.839908248369988,1.4811855412769803,1619.2156862745098,1887.3398692810458,0.40093832970176635,0.9718536916998176,0.8424639366672788,0.0894909031728822,0.995987639606688,1887.3398692810458,1619.2156862745098
1218,404.0,77.1126983722081,0.7379533686220632,0.9550827423167849,28.263007458913723,19.073338813912876,-0.06391355792756505,1627.7821782178219,1445.8737623762377,0.853767125504465,0.7445281989578979,0.8469210084379927,0.9979582237434536,-0.06387005294197876,1445.8737623762377,1627.7821782178219
1219,330.0,80.52691193458118,0.9388370653433211,0.9348441926345609,35.2073304233771,12.124055355021065,0.22450768274509134,1633.6030303030302,934.6090909090909,0.6395017156461383,0.48126111787285836,0.8499495475041781,0.9749038280427815,0.22262642715439407,934.6090909090909,1633.6030303030302
1220,393.0,75.9411254969543,0.7196080495707862,0.9538834951456311,27.204084481577368,18.88998531839617,0.6452153486300943,1629.2493638676845,1915.1246819338423,0.8563441902093666,0.9861610102645945,0.8476843724597733,0.7989702811546642,0.6013705096125324,1915.1246819338423,1629.2493638676845
1221,124.0,55.248737341529164,0.8427402198243276,0.8104575163398693,18.128006621477933,9.758676934678132,1.0290728440374575,1625.524193548387,107.79838709677419,0.5104895250417181,0.05550895319092389,0.8457461985163304,0.5156134734517822,0.8568213034203738,107.79838709677419,1625.524193548387
1222,291.0,79.11269837220809,0.9433678330105607,0.8899082568807339,34.84423024997845,11.559524500524025,0.03702082828101813,1636.384879725086,580.9209621993127,0.5842657893170295,0.2991354079296152,0.8513969197320946,0.9993148073991442,0.03701237242884169,580.9209621993127,1636.384879725086
1223,579.0,96.42640687119285,0.7853134764769997,0.9491803278688524,35.19381618289691,21.78843286650945,0.08148930526318607,1637.084628670121,786.7426597582038,0.7825218261879711,0.4051198042009288,0.8517609930645791,0.9966815835043593,0.0813991468213443,786.7426597582038,1637.084628670121
1224,51.0,44.65685424949238,0.9943711911905262,0.5862068965517241,28.76687209813387,3.04792227039121,1.5654359523534984,1622.921568627451,1886.7450980392157,0.32136885561103146,0.9715474243250338,0.8443920752484136,0.005360348770946598,0.9999856332273248,1886.7450980392157,1622.921568627451
1225,686.0,98.08326112068524,0.5207317025812338,0.9621318373071529,32.281411290845,27.55929884081943,0.39485478405765095,1639.0160349854227,1870.3760932944606,0.8960746383260433,0.9631184826439035,0.8527658870891898,0.9230524349147589,0.38467415093548313,1870.3760932944606,1639.0160349854227
1226,395.0,71.69848480983498,0.3420324911382961,0.9705159705159705,23.144289967938867,21.74841447816805,0.14448338075042266,1636.1949367088607,747.1113924050633,0.9655772034412505,0.38471235448252483,0.8512980940212594,0.9895804213923723,0.14398121265253613,747.1113924050633,1636.1949367088607
1227,310.0,100.66904755831214,0.9228857091433993,0.6288032454361054,40.71601235015107,15.678676808344342,-1.5334321609301844,1633.941935483871,979.9322580645161,0.3843966891760249,0.5045995149662802,0.8501258769427008,0.03735547257190087,-0.9993020407609152,979.9322580645161,1633.941935483871
1228,312.0,73.79898987322333,0.8211483109801081,0.9069767441860465,26.906956347510757,15.356199823709899,1.5015140312858246,1631.5096153846155,1892.3621794871794,0.7198858267263938,0.9744398452560141,0.8488603618026095,0.06922688255241494,0.997600941625495,1892.3621794871794,1631.5096153846155
1229,204.0,60.69848480983499,0.7854669881467282,0.8831168831168831,21.693071851219145,13.425919290044735,0.8177364200863521,1635.7156862745098,523.9656862745098,0.6957998507254617,0.26980725348841905,0.8510487441594744,0.6838744651086853,0.7295996957046443,523.9656862745098,1635.7156862745098
1230,362.0,76.08326112068522,0.831457418419663,0.923469387755102,29.220327479464906,16.23447738848584,0.846414809451695,1637.889502762431,1021.0690607734807,0.7858509743707177,0.5257822146104432,0.852179762103242,0.6626723819502087,0.74890941655212,1021.0690607734807,1637.889502762431
1231,261.0,58.8700576850888,0.4164514829223729,0.9490909090909091,19.276448371649067,17.525336118659148,0.36670446265062817,1637.704980842912,542.8812260536398,0.9463710545958804,0.2795474902438928,0.8520837569422018,0.9335139978141153,0.35854095426479243,542.8812260536398,1637.704980842912
1232,151.0,46.04163056034262,0.7872132764918676,0.949685534591195,17.870086472562303,11.020139920716206,0.7562555441801182,1636.2251655629138,505.4635761589404,0.8951285721391,0.26027990533416084,0.8513138218329417,0.7274105591887645,0.6862025053733692,505.4635761589404,1636.2251655629138
1233,702.0,99.9827560572969,0.6665821583527097,0.9629629629629629,34.82259957561653,25.957865087455374,-0.45035807921015975,1645.7649572649573,1636.6353276353277,0.8824635338999696,0.8427576352396127,0.8562772930618925,0.9002912925131165,-0.435287937605744,1636.6353276353277,1645.7649572649573
1234,81.0,31.798989873223327,0.7801441322690897,0.9759036144578314,12.886858107471651,8.06201609285195,0.9307521846664106,1635.2592592592594,1127.851851851852,1.006626209894405,0.580768203837205,0.8508112691255252,0.5972308469945573,0.8020693956249445,1127.851851851852,1635.2592592592594
1235,588.0,96.66904755831213,0.710470828450704,0.9216300940438872,33.602868803708446,23.64723438913133,-0.005689498692332561,1647.7074829931973,634.4931972789116,0.7907010412955197,0.32672152280067535,0.8572879724210184,0.999983814845975,-0.005689467997161887,634.4931972789116,1647.7074829931973
1236,145.0,48.142135623730944,0.8982560695401548,0.9539473684210527,20.540543576591478,9.027002991831333,-0.12288511556699543,1643.1379310344828,954.9655172413793,0.7861893605084393,0.49174331474839306,0.8549104740033729,0.9924591207672306,-0.12257607273010263,954.9655172413793,1643.1379310344828
1237,550.0,93.49747468305833,0.8401253787020717,0.9385665529010239,36.3649042737347,19.724042089178013,-0.8294328590108995,1648.3581818181817,1166.5436363636363,0.790629093769562,0.600691882782511,0.8576265253996783,0.6752941626400106,-0.7375485027469901,1166.5436363636363,1648.3581818181817
1238,476.0,96.08326112068524,0.8629530606303835,0.8654545454545455,36.62470830162542,18.505882534053146,-1.0244071576263438,1646.9789915966387,988.186974789916,0.6479199419502147,0.5088501414984119,0.8569089446392502,0.519605506370789,-0.8544062954760785,988.186974789916,1646.9789915966387
1239,211.0,52.87005768508881,0.6141256563565748,0.9547511312217195,18.507505620825754,14.606276314428953,1.5086412580865214,1642.1184834123223,1086.175355450237,0.9485773508728451,0.5593075980691231,0.8543800642103654,0.06211505631660832,0.9980689955002031,1086.175355450237,1642.1184834123223
1240,481.0,81.1126983722081,0.6571024338498855,0.9756592292089249,28.593744040985783,21.55400126963711,-0.7405124036896367,1648.0727650727652,725.002079002079,0.9187074576743647,0.37332753810611685,0.8574780255321359,0.7381229541856691,-0.6746662171060743,725.002079002079,1648.0727650727652
1241,356.0,73.94112549695429,0.8133896306018842,0.9442970822281167,28.041799442993735,16.312455095198008,-0.06456029076128891,1653.5926966292134,964.5224719101124,0.8182532673739837,0.4966645066478436,0.8603499982462088,0.997916708181332,-0.06451545188971539,964.5224719101124,1653.5926966292134
1242,249.0,62.18376618407356,0.857798603999974,0.9360902255639098,24.986878662420718,12.842904522558877,0.5660968628519653,1649.7871485943774,1013.5542168674699,0.8091986837662847,0.5219125730522503,0.8583700044715803,0.8440008147565267,0.5363418916048971,1013.5542168674699,1649.7871485943774
1243,239.0,64.5269119345812,0.832029118659221,0.9157088122605364,24.528612655146972,13.606805335751202,-0.1514943880413641,1651.0794979079499,1059.1673640167364,0.721316724413229,0.5454002904308632,0.8590424026576222,0.9885466554016551,-0.15091557273588882,1059.1673640167364,1651.0794979079499
1244,352.0,74.5269119345812,0.8413138208711957,0.9513513513513514,29.174099834405816,15.769972024508323,1.2303084963949265,1648.4545454545455,1497.0255681818182,0.7963908741083578,0.7708679547795151,0.8576766625674014,0.33394695682675357,0.9425918682155869,1497.0255681818182,1648.4545454545455
1245,389.0,71.698484809835,0.5523844433303109,0.970074812967581,24.417695134371137,20.354333871877095,0.17155298192428436,1650.9768637532134,82.77634961439588,0.95091020794594,0.04262427889515751,0.8589890029933472,0.9853208413919613,0.17071273976665452,82.77634961439588,1650.9768637532134
1246,56.0,28.485281374238575,0.9034172179277407,0.9333333333333333,12.874506444374175,5.520106304201597,0.22807944054838733,1646.5357142857142,97.35714285714286,0.8672750717890008,0.05013241135795204,0.8566783112828898,0.9741024434164266,0.2261071200341717,97.35714285714286,1646.5357142857142
1247,108.0,38.04163056034262,0.6677254557357539,0.9473684210526315,13.776609053528954,10.255412859443393,-0.5843315536138662,1649.3148148148148,1205.7592592592594,0.9378111075363257,0.6208853034290728,0.8581242532855435,0.8340810152812451,-0.5516419671738249,1205.7592592592594,1649.3148148148148
1248,588.0,104.32590180780453,0.8984379088271466,0.9499192245557351,41.91719048485464,18.405862874670998,-0.4572514622341033,1663.8554421768708,1913.0833333333333,0.6788954454316721,0.9851098523858565,0.8656896161169984,0.8972693195331058,-0.4414835990437213,1913.0833333333333,1663.8554421768708
1249,619.0,103.25483399593904,0.45667607837887725,0.902332361516035,31.00400023481447,27.582183217637485,0.6258782259586573,1660.5056542810985,614.6639741518578,0.7295914357576181,0.31651080028416984,0.8639467504063988,0.8104489592176998,0.5858092560748311,614.6639741518578,1660.5056542810985
1250,26.0,18.485281374238568,0.818213259485651,0.8666666666666667,7.882683330074915,4.531871548353596,1.3383363903221983,1648.0384615384614,754.8461538461538,0.9561611214257792,0.38869523884971874,0.8574601776995117,0.2303719888184568,0.9731026393797464,754.8461538461538,1648.0384615384614
1251,133.0,42.384776310850235,0.6041392365571829,0.9236111111111112,14.618051665574903,11.64881511154826,-1.0009281283694673,1651.781954887218,1577.7067669172932,0.9303400432203457,0.8124133712241468,0.8594078849569292,0.5395210801729806,-0.8419720922031682,1577.7067669172932,1651.781954887218
1252,218.0,56.97056274847714,0.5811541629781687,0.9519650655021834,19.024192504725576,15.48176394841053,-0.7120067682244194,1654.059633027523,6.36697247706422,0.8440444895089384,0.003278564612288476,0.860592941221396,0.7570522705630475,-0.6533543140098903,6.36697247706422,1654.059633027523
1253,524.0,92.42640687119285,0.7312560193415296,0.9081455805892548,31.966227168072756,21.80426253293462,-0.8998202100866833,1660.7003816793892,739.7881679389313,0.7708129655801664,0.3809413841086155,0.8640480653899008,0.6217507925004977,-0.7832151377654821,739.7881679389313,1660.7003816793892
1254,136.0,46.14213562373095,0.8846690356031598,0.9577464788732394,19.48811622294202,9.085741374445929,1.4443287468349213,1651.375,1259.7426470588234,0.8027002341753885,0.6486831344278184,0.8591961498439126,0.1261307280136566,0.9920136286617967,1259.7426470588234,1651.375
1255,796.0,117.01219330881975,0.681486450236177,0.9223638470451911,38.60676537343663,28.25361730654804,-0.9915197746843389,1663.5414572864322,539.7223618090452,0.7305680779121514,0.27792088661639813,0.8655262524903393,0.5474186562944666,-0.836858897748456,539.7223618090452,1663.5414572864322
1256,405.0,74.18376618407356,0.4225679306719746,0.9507042253521126,23.86806122793044,21.632369889467284,1.3042835250329754,1659.1234567901236,1323.1358024691358,0.9247985312609008,0.6813263658440452,0.8632276049896584,0.26336896152971084,0.9646951798898767,1323.1358024691358,1659.1234567901236
1257,378.0,71.94112549695427,0.36135216079363164,0.9593908629441624,23.007874184575225,21.453218690159865,0.7887540732148689,1658.648148148148,510.6878306878307,0.9177982134498003,0.26297004669816204,0.8629803060084017,0.7047298172909856,0.7094757815605928,510.6878306878307,1658.648148148148
1258,127.0,45.520815280171306,0.8067203321842432,0.8758620689655172,17.116522997510508,10.114725455579853,0.18649006912094462,1657.1889763779527,756.3858267716536,0.7701822786475637,0.38948806733864755,0.8622211115389973,0.9826610664727267,0.185410971732213,756.3858267716536,1657.1889763779527
1259,113.0,40.384776310850235,0.7076311844976352,0.904,14.580916618152036,10.302613060825866,-0.9373475458344861,1655.3982300884957,1214.4601769911505,0.8706687240640596,0.6253656936102732,0.8612894017109759,0.5919279586372505,-0.8059908757445939,1214.4601769911505,1655.3982300884957
1260,554.0,89.25483399593905,0.6716064509135887,0.9568221070811744,31.417359216936518,23.277375128213173,0.9499689892985103,1664.543321299639,1842.4783393501805,0.8738887240014055,0.9487530068744493,0.8660475136834751,0.5817083137695939,0.8133974659976116,1842.4783393501805,1664.543321299639
1261,282.0,63.698484809834994,0.5703426994248609,0.9368770764119602,21.407273375239747,17.584080885813165,0.01766544389429317,1660.468085106383,32.48936170212766,0.873375024555925,0.01672984639656419,0.8639272034892731,0.9998439701037324,0.017664525105609567,32.48936170212766,1660.468085106383
1262,419.0,76.52691193458118,0.5255052097913105,0.9632183908045977,25.116339308725067,21.368739920498474,-0.8894506307715929,1663.4128878281622,927.854415274463,0.8990741467116399,0.477782912087777,0.8654593589116348,0.6298388308782457,-0.7767258506821597,927.854415274463,1663.4128878281622
1263,218.0,54.62741699796952,0.7029696829526876,0.960352422907489,19.890167716005163,14.14628139771359,-1.3259475298350865,1660.7477064220184,1109.1009174311926,0.9180049563334147,0.5711127278224473,0.8640726880447546,0.24240963430348855,-0.9701739891364068,1109.1009174311926,1660.7477064220184
1264,467.0,83.84062043356596,0.6395417067352492,0.9550102249488752,28.123445494279242,21.620078765089783,-0.9649249461778298,1665.9379014989293,1256.10278372591,0.8348679278579192,0.6468088484685428,0.8667731017164044,0.5694785726218761,-0.8220061771815043,1256.10278372591,1665.9379014989293
1265,639.0,102.22539674441617,0.8567802991044554,0.9537313432835821,39.90826747571803,20.579959476154208,-0.8049319288120512,1672.0657276995305,977.413145539906,0.7684101850315304,0.5033023406487673,0.8699613567635435,0.6931603012141551,-0.7207834604239347,977.413145539906,1672.0657276995305
1266,280.0,60.8700576850888,0.5524546700290508,0.9556313993174061,20.69771708550585,17.252436009580958,-0.24238035978729866,1665.8321428571428,1582.125,0.9496432129687677,0.814688465499485,0.8667180764085031,0.9707694057591517,-0.24001408467426133,1582.125,1665.8321428571428
1267,482.0,91.15432893255071,0.7972067573218462,0.9111531190926276,33.40528028071344,20.16698063271963,-0.9812536373110989,1671.8651452282159,1196.7800829875519,0.7289576632371768,0.6162616287268547,0.8698569954361165,0.5559809668384377,-0.8311950219493595,1196.7800829875519,1671.8651452282159
1268,434.0,77.11269837220809,0.7144407740260232,0.9644444444444444,28.129815363070513,19.682317038777125,1.2926769689521465,1666.3433179723502,1411.0184331797236,0.9171656744280641,0.7265800376826589,0.8669840364060094,0.27454775954753247,0.9615734645503848,1411.0184331797236,1666.3433179723502
1269,517.0,95.49747468305831,0.7871850795733111,0.8883161512027491,33.82325191962774,20.85936876152867,-1.3853947585401138,1668.4506769825919,1442.0309477756286,0.7123880609805398,0.7425494066815801,0.8680804770981227,0.18434123468082236,-0.982862304291069,1442.0309477756286,1668.4506769825919
1270,381.0,99.35533905932738,0.935565997947474,0.8264642082429501,39.741520123591684,14.03479328488315,-0.05887389634246965,1675.4908136482939,1000.1207349081365,0.48501192883207456,0.5149952290979075,0.8717433994007773,0.9982674326942484,-0.058839891417592737,1000.1207349081365,1675.4908136482939
1271,249.0,60.90559159102155,0.7820552684104787,0.9540229885057471,22.691024757796217,14.141252659139004,0.7858710032300732,1668.4819277108434,1731.305220883534,0.8435190190635725,0.8915062929369383,0.8680967365821245,0.7067723539003579,0.7074410503795686,1731.305220883534,1668.4819277108434
1272,586.0,97.25483399593904,0.3340632072504124,0.915625,28.934674794066282,27.272397236849557,-0.7982625309395317,1676.7627986348123,718.5870307167236,0.7785474494092578,0.37002421767081545,0.8724052022033363,0.6979520411249426,-0.7161445023802993,718.5870307167236,1676.7627986348123
1273,323.0,65.698484809835,0.6578499443335322,0.9613095238095238,23.367951449856363,17.599549802334295,1.229010036523107,1670.424148606811,1142.2445820433436,0.9403763083961756,0.5881794964177877,0.869107257339652,0.3351705926822969,0.9421574570107684,1142.2445820433436,1670.424148606811
1274,23.0,17.86396103067893,0.8741340325991374,0.8214285714285714,7.998252155989306,3.8846292360744537,-1.0696169854511373,1665.7826086956522,758.4782608695652,0.9056954265139536,0.39056553082881834,0.866692304212098,0.48046017435857985,-0.8770165453714788,758.4782608695652,1665.7826086956522
1275,336.0,78.18376618407356,0.5295637149848955,0.8888888888888888,24.323505307278843,20.632903845218983,1.2667453925841778,1677.2708333333333,23.74404761904762,0.6907421650175735,0.012226595066450886,0.872669528269164,0.2993877765933624,0.9541315209270066,23.74404761904762,1677.2708333333333
1276,631.0,102.66904755831213,0.8500396749652557,0.951734539969834,39.558429429717044,20.836163098370914,0.014790844918403389,1683.1553090332804,1218.7400950871631,0.7522464673695277,0.6275695649264486,0.8757311701525913,0.9998906174474486,0.014790305627680193,1218.7400950871631,1683.1553090332804
1277,383.0,79.25483399593904,0.6554340675489541,0.9054373522458629,26.43085208591864,19.961964391277437,1.3313512698920682,1677.0287206266319,1273.4412532637075,0.7662264094404797,0.6557369996208586,0.8725435591189552,0.23716355254896868,0.9714697367094626,1273.4412532637075,1677.0287206266319
1278,706.0,111.39696961966999,0.6455588948781029,0.9204693611473272,36.26942252575325,27.699338465965294,1.570582311429776,1683.412181303116,749.3980169971671,0.7149370626759619,0.385889813077841,0.8758648185760229,0.00021401536348698648,0.9999999770987118,749.3980169971671,1683.412181303116
1279,221.0,54.04163056034262,0.5938456260808632,0.9525862068965517,18.715073835827003,15.057755451578053,0.8610217162368389,1673.6153846153845,1360.0859728506787,0.9509227754949254,0.7003532300981867,0.8707676298727287,0.6516628277062558,0.7585087731766105,1360.0859728506787,1673.6153846153845
1280,738.0,105.39696961966999,0.5563421312310994,0.9485861182519281,34.29392183973943,28.49664847677391,1.4351474262154673,1683.5989159891599,909.6612466124661,0.8348529333692732,0.4684146481011669,0.8759619750203745,0.1352332790740974,0.9908137868595023,909.6612466124661,1683.5989159891599
1281,93.0,36.65685424949238,0.7437072680918765,0.9029126213592233,13.661787133774265,9.13297877460853,-0.30263972956019586,1674.6989247311828,701.9032258064516,0.8697259475769016,0.3614331749775755,0.8713313864366196,0.954553068133791,-0.29804100408562245,701.9032258064516,1674.6989247311828
1282,274.0,62.526911934581186,0.6514837993080287,0.9415807560137457,21.668650586747734,16.439193630180583,-1.3210404335436863,1677.7262773722628,937.4087591240876,0.8806968968520924,0.4827027595901584,0.8729064918690232,0.24716743382457967,-0.968972785818349,937.4087591240876,1677.7262773722628
1283,148.0,47.48528137423857,0.7389010457364932,0.9192546583850931,17.046258602358517,11.486006909817394,-1.2883874798567783,1677.3648648648648,954.5878378378378,0.824809297675783,0.4915488351379185,0.8727184520628849,0.278669879992744,-0.9603869522150068,954.5878378378378,1677.3648648648648
1284,654.0,116.08326112068522,0.8798628101907691,0.8708388814913449,44.97412131067916,21.372951466386617,1.4657254696889925,1686.4495412844037,1396.868501529052,0.609885645730158,0.7192937700973492,0.877445130741105,0.10487763543055881,0.9944851339193034,1396.868501529052,1686.4495412844037
1285,528.0,84.76955262170047,0.47335475461610343,0.9617486338797814,27.715947094385253,24.414198537975555,0.6867354342227985,1688.719696969697,1438.2424242424242,0.9233450053013957,0.7405985706706613,0.8786262731371993,0.7733199190760428,0.6340160114383727,1438.2424242424242,1688.719696969697
1286,186.0,49.45584412271572,0.5687680473388742,0.9489795918367347,17.10023686507407,14.064910083844428,-0.4279295407282665,1685.3440860215053,485.76881720430106,0.9556251489695972,0.25013842286524257,0.8768699719154555,0.9098269147990062,-0.4149879336888266,485.76881720430106,1685.3440860215053
1287,881.0,126.32590180780453,0.89330593266522,0.943254817987152,50.23731462181578,22.579116803023965,-0.20389330258234378,1701.9580022701475,1833.3745743473326,0.6937467441969059,0.9440651773158252,0.8855140490479435,0.9792856721570126,-0.20248351120026564,1833.3745743473326,1701.9580022701475
1288,369.0,73.01219330881975,0.7105159284597405,0.9461538461538461,25.995836194358663,18.292779068745713,0.8074283611745923,1690.3035230352305,1677.8021680216802,0.8698521479630408,0.8639558022768693,0.8794503241598494,0.6913587559793144,0.7225116404119277,1677.8021680216802,1690.3035230352305
1289,19.0,14.207106781186548,0.8955607245522076,0.95,7.359592672223152,3.2745720776548892,1.506340940952901,1681.9473684210527,701.3157894736842,1.1829112868707874,0.3611306845899506,0.8751026890848349,0.06441076516317663,0.9979234706785356,701.3157894736842,1681.9473684210527
1290,31.0,21.692388155425114,0.9064546072351067,0.8378378378378378,9.982035975747667,4.2154463530898365,-1.3984088684365636,1684.3548387096773,664.7096774193549,0.8278598567373685,0.3422809873426132,0.8763552750830788,0.17153490725536347,-0.9851780425856506,664.7096774193549,1684.3548387096773
1291,445.0,80.94112549695429,0.5418231194607626,0.9348739495798319,26.267267646395744,22.077442462697302,0.9346774255319229,1692.6696629213484,955.6134831460674,0.8535547764280271,0.49207697381362897,0.8806814063066328,0.5940779385945237,0.8044074855912775,955.6134831460674,1692.6696629213484
1292,65.0,28.384776310850235,0.7680110466821136,0.9558823529411765,11.417510532943846,7.312191568730172,0.8275577505777634,1686.5076923076922,1150.7384615384615,1.0137999571234393,0.592553275766458,0.8774753862162811,0.676675958069451,0.7362809570882507,1150.7384615384615,1686.5076923076922
1293,649.0,93.25483399593904,0.3576169493516788,0.9672131147540983,29.760185520337586,27.79209570456369,-0.18404013910344655,1697.3574730354392,80.78274268104776,0.9378035106067574,0.04159770477911831,0.8831204334211442,0.983112360881971,-0.1830029668641394,80.78274268104776,1697.3574730354392
1294,46.0,23.899494936611667,0.7649909160015107,0.9387755102040817,9.592572223066057,6.178010468083494,-1.248076890213962,1687.4347826086957,883.9782608695652,1.0120226891763986,0.4551896296959656,0.8779577432927658,0.3171467797923882,-0.9483764653698016,883.9782608695652,1687.4347826086957
1295,540.0,95.25483399593904,0.8677070898189316,0.9183673469387755,37.87149410434978,18.825005336960007,-0.43655967038534976,1700.8722222222223,1035.887037037037,0.7478759626162609,0.5334124804516154,0.8849491270667129,0.9062116782297376,-0.42282430658613096,1035.887037037037,1700.8722222222223
1296,440.0,79.59797974644665,0.7015635037283191,0.9482758620689655,28.133011077846934,20.047778923358507,0.518062699378166,1697.4386363636363,1702.4,0.8726868867141325,0.8766220391349125,0.8831626619998107,0.8687801567553453,0.4951979798304489,1702.4,1697.4386363636363
1297,673.0,100.42640687119285,0.621389303465322,0.9452247191011236,33.33602458237606,26.11884085875935,1.5019207573518816,1698.1263001485884,1275.9153046062406,0.8385502240423055,0.6570109704460559,0.8835204475278816,0.06882112653115356,0.9976290154877128,1275.9153046062406,1698.1263001485884
1298,77.0,36.62741699796952,0.9223874166066958,0.9166666666666666,16.001185325136138,6.180714491433535,0.9036780359245032,1691.8961038961038,169.57142857142858,0.721253615942564,0.08731793438281596,0.8802789302269011,0.6187246657033205,0.7856079098700027,169.57142857142858,1691.8961038961038
1299,108.0,42.970562748477136,0.9027210226435528,0.8852459016393442,18.12548396622165,7.798061715475372,-0.0659903385305104,1695.2407407407406,476.8425925925926,0.7350071044258673,0.24554201472327117,0.8820191158900836,0.9978234276467896,-0.06594245399749808,476.8425925925926,1695.2407407407406
1300,613.0,122.5685424949238,0.9330091607315126,0.7643391521197007,51.655291835252584,18.588291950919455,0.4999611460597281,1709.2071778140294,1115.8075040783035,0.5127578229744923,0.5745661709980966,0.8892857324734804,0.8776011887991979,0.47939144070189094,1115.8075040783035,1709.2071778140294
1301,625.0,104.22539674441619,0.876732408802382,0.9300595238095238,41.39828392164747,19.91168303541075,-1.082002610659578,1700.5888,1458.64,0.7230074417185643,0.7511019567456231,0.8848016649323621,0.4695612021299543,-0.88289992493729,1458.64,1700.5888
1302,250.0,64.87005768508881,0.8919195115221635,0.9363295880149812,26.647787933548706,12.049974865061587,1.4225813226267094,1695.288,501.22,0.746554133590924,0.2580947476828013,0.8820437044745058,0.14767294308753587,0.9890362490221809,501.22,1695.288
1303,493.0,114.81118318204308,0.9090882600808535,0.7679127725856698,43.99418767282479,18.328135688440717,-0.7817422016917411,1705.10953346856,113.97565922920893,0.46998976259621367,0.05868983482451541,0.8871537635112174,0.7096872051323749,-0.7045169060224165,113.97565922920893,1705.10953346856
1304,37.0,21.242640687119284,0.7488746740439322,0.7708333333333334,8.959134649300035,5.937322848756376,-1.3101605377926442,1694.3513513513512,851.3783783783783,1.0303732652614637,0.43840287249144094,0.8815563742722952,0.2576949200112131,-0.966226333837168,851.3783783783783,1694.3513513513512
1305,598.0,90.66904755831213,0.5771725917606035,0.9583333333333334,30.586445656332575,24.977570200981848,-0.5440832579485206,1707.6688963210702,573.819397993311,0.9140983829653203,0.2954785777514475,0.8884853778985797,0.8556021870464765,-0.5176339416240847,573.819397993311,1707.6688963210702
1306,475.0,112.22539674441617,0.9579882434946084,0.7786885245901639,50.422759395981636,14.461624094825696,-0.5579280977222273,1716.4105263157894,1010.1452631578948,0.4739376107515614,0.5201571900916039,0.893033572484802,0.8483538575805515,-0.5294296292503824,1010.1452631578948,1716.4105263157894
1307,274.0,65.698484809835,0.7112920580857393,0.9288135593220339,23.13549276352751,16.26185883766435,-0.8103921380820052,1705.153284671533,1322.948905109489,0.797718602168892,0.6812301262149789,0.8871765268842523,0.6892143593627769,-0.7245574972686136,1322.948905109489,1705.153284671533
1308,790.0,120.22539674441617,0.8935309730027783,0.9090909090909091,48.6951927014098,21.86421745502131,1.0509997062405991,1710.8417721518988,155.63417721518988,0.686822505459105,0.08014118291204422,0.8901361977897496,0.49670363098494463,0.8679202169360799,155.63417721518988,1710.8417721518988
1309,305.0,68.52691193458118,0.7052856162483254,0.941358024691358,24.24896474581834,17.190655326405544,-0.2778884665295214,1711.6262295081967,637.983606557377,0.8161826913944094,0.3285188499265587,0.8905443441770015,0.961636829611443,-0.2743257332713291,637.983606557377,1711.6262295081967
1310,79.0,37.14213562373095,0.9042593619722487,0.9186046511627907,15.955265920958032,6.812637098928689,1.107496030620336,1704.759493670886,950.4683544303797,0.719619979128602,0.48942757694664246,0.8869716408277243,0.44690292249778835,0.894582460068906,950.4683544303797,1704.759493670886
1311,508.0,88.08326112068524,0.7239181563152712,0.9477611940298507,30.9228595102577,21.333243597022697,0.01746683884606089,1714.6870078740158,1363.1437007874015,0.8227858341645434,0.7019277552973231,0.8921368407252943,0.9998474586486646,0.017465950698628326,1363.1437007874015,1714.6870078740158
1312,276.0,71.01219330881976,0.8503460978849069,0.8990228013029316,26.78784514908996,14.096402333134746,1.1314312091421523,1710.7391304347825,1692.981884057971,0.6877856220971064,0.8717723398856699,0.8900827941908338,0.42536496840206073,0.9050219023075153,1692.981884057971,1710.7391304347825
1313,269.0,61.941125496954285,0.7742306436950942,0.950530035335689,23.42831276903754,14.827862447168542,1.0576168985417884,1712.3866171003717,206.53903345724908,0.8810569050414632,0.10635377623957212,0.8909399672738667,0.4909496033210343,0.8711879745490746,206.53903345724908,1712.3866171003717
1314,639.0,101.25483399593904,0.6719764987328795,0.9181034482758621,33.631228367427966,24.906361902725354,0.7226689492140524,1719.1971830985915,896.1862284820031,0.783211742667632,0.46147591579917774,0.8944834459409945,0.7500431893647231,0.6613888524065054,896.1862284820031,1719.1971830985915
1315,435.0,94.42640687119285,0.8748182841274188,0.8269961977186312,36.217615565089424,17.545667492656918,-1.2460515515910426,1714.7563218390806,1296.5471264367816,0.6130730037137394,0.6676349775678587,0.8921729041826642,0.31906691149632127,-0.9477321910688687,1296.5471264367816,1714.7563218390806
1316,831.0,116.22539674441617,0.8307739626014286,0.9337078651685393,44.35648463823348,24.68926016371395,0.872053315031025,1722.6895306859205,1493.2274368231047,0.7730521869136389,0.7689121713816193,0.8963004842278463,0.6432557809207877,0.7656513568929317,1493.2274368231047,1722.6895306859205
1317,451.0,89.49747468305833,0.8415452488703099,0.8913043478260869,33.994177517580134,18.36320015738369,-0.4671305926483805,1720.0354767184035,490.8381374722838,0.7075625583836785,0.2527487834563768,0.8949196028711777,0.8928641312881991,-0.4503261518710297,490.8381374722838,1720.0354767184035
1318,254.0,64.87005768508881,0.8838140185983433,0.9442379182156134,26.72407900731369,12.502550707403737,-1.3827082297545275,1713.4606299212599,524.5787401574803,0.7584989997283789,0.2701229351995264,0.8914987668685015,0.1869810541420941,-0.9823635199822474,524.5787401574803,1713.4606299212599
1319,1293.0,182.95331880577405,0.9310631599475817,0.8046048537647791,74.67261171618138,27.244903042635535,-0.12586726108506124,1747.4764114462491,1242.354215003867,0.48543133252072246,0.6397292559237214,0.9091968842072056,0.9920891685616867,-0.12553518081629966,1242.354215003867,1747.4764114462491
1320,82.0,32.14213562373095,0.7258521268586563,0.9318181818181818,12.325148949564,8.4778632682963,-1.2448863374049544,1712.0853658536585,1773.4878048780488,0.997411239597103,0.9132274999372033,0.8907832288520595,0.32017100563768264,-0.9473597664820662,1773.4878048780488,1712.0853658536585
1321,182.0,52.62741699796951,0.8349924666942747,0.914572864321608,20.79242629809404,11.441269079593884,0.18447317662833182,1718.9395604395604,1047.8406593406594,0.8257662752441727,0.5395677957469924,0.8943494070965454,0.9830330215552804,0.18342867423577947,1047.8406593406594,1718.9395604395604
1322,474.0,85.59797974644667,0.6875700024439945,0.92578125,29.21624780364196,21.21444627573821,0.6637184600089753,1722.6835443037974,983.3016877637131,0.812945022364982,0.5063345457073702,0.896297369564931,0.7877069246731532,0.6160501609625334,983.3016877637131,1722.6835443037974
1323,170.0,49.698484809834994,0.8012960404449243,0.96045197740113,19.34256806827683,11.572040414188285,0.8693266375178332,1717.4352941176471,1557.6588235294118,0.8649131274314291,0.8020900224147332,0.8935667503213565,0.6453410714436709,0.7638945617740283,1557.6588235294118,1717.4352941176471
1324,364.0,74.21320343559641,0.7028072942870621,0.9238578680203046,26.08666550772238,18.557539492431868,-1.4258627324968132,1719.0467032967033,1811.8736263736264,0.8305176965626758,0.9329936284107242,0.8944051525997416,0.1444267205577593,-0.9895154988118836,1811.8736263736264,1719.0467032967033
1325,615.0,99.84062043356595,0.8034844068714634,0.9124629080118695,36.956936170058725,22.001417583812025,-0.1427885792913127,1729.7951219512195,128.22276422764227,0.7753011666509227,0.0660261401790125,0.8999974619933504,0.9898230196335379,-0.14230386433103256,128.22276422764227,1729.7951219512195
1326,438.0,86.08326112068522,0.8720317534625683,0.9299363057324841,34.35571768667527,16.815382101983243,-0.3824959337301226,1730.552511415525,461.52054794520546,0.7427566558577149,0.23765218740741784,0.9003915251901795,0.9277359509842829,-0.373237197035998,461.52054794520546,1730.552511415525
1327,859.0,134.46803743153546,0.8692114929496527,0.8774259448416751,49.8910908209329,24.66817450280764,1.2023982708047904,1731.2165308498254,668.8544819557625,0.5969870289842681,0.34441528422026907,0.9007370087668186,0.3601214324040883,0.9329054367529582,668.8544819557625,1731.2165308498254
1328,227.0,57.94112549695428,0.6149232435966148,0.930327868852459,19.43872895939408,15.32912831195972,-0.840706855243271,1725.8590308370044,1782.2070484581498,0.8496926609079926,0.9177173267034757,0.8979495477820002,0.6669363042444199,-0.7451147335013546,1782.2070484581498,1725.8590308370044
1329,986.0,118.5685424949238,0.7320193553351196,0.9752720079129574,43.035074803655085,29.319100788558142,-0.09814981127820079,1738.4655172413793,428.98275862068965,0.8813487975031141,0.22089740402713165,0.9045085937780329,0.99518717278638,-0.09799230133766493,428.98275862068965,1738.4655172413793
1330,94.0,36.970562748477136,0.8011540642736394,0.9215686274509803,14.204460496594157,8.500775245437552,-0.1922031442667751,1724.936170212766,1037.223404255319,0.8642225520579159,0.5341006201108749,0.8974693913698054,0.9815857688151315,-0.19102193188115135,1037.223404255319,1724.936170212766
1331,909.0,121.39696961966997,0.765929034238677,0.9219066937119675,43.145608957120494,27.739395970014908,-0.8263445679098187,1737.5621562156216,1289.5687568756875,0.7751005690066725,0.664041584385009,0.9040385828385128,0.6775687031763145,-0.7354594839119063,1289.5687568756875,1737.5621562156216
1332,255.0,58.04163056034261,0.5426682730907577,0.9479553903345725,19.673582062020326,16.52476837038209,0.19783395375412718,1728.078431372549,1544.1960784313726,0.951197796092907,0.7951576099028695,0.8991042827120442,0.9804946053469914,0.1965459968695563,1544.1960784313726,1728.078431372549
1333,528.0,87.49747468305833,0.3731545262480372,0.9547920433996383,27.399671270495514,25.420571258383934,-0.5468693105480866,1732.6098484848485,1865.090909090909,0.8666679752928454,0.9603969665761632,0.9014619398984643,0.8541567128954284,-0.520015682278599,1865.090909090909,1732.6098484848485
1334,260.0,58.284271247461895,0.6652874057485212,0.9701492537313433,21.07352195689798,15.733224864592481,-0.30350568691384533,1732.8384615384616,1180.3576923076923,0.9617904725113371,0.6078051968628694,0.9015808852957656,0.9542946194657448,-0.2988674944833068,1180.3576923076923,1732.8384615384616
1335,755.0,110.22539674441617,0.7720699767057068,0.9402241594022416,39.59244106601162,25.16248217158505,0.6566265789677468,1742.1006622516556,1475.1165562913907,0.7808964963022669,0.7595862802736306,0.9063999283307261,0.7920560338187043,0.6104483919967221,1475.1165562913907,1742.1006622516556
1336,1149.0,137.39696961967,0.6598084558459757,0.9199359487590072,45.37858630447229,34.09900492866683,1.032383294467354,1744.248912097476,1531.4473455178415,0.7648487906816616,0.7885928658691254,0.9075176441714236,0.5127741888577676,0.8585235181643298,1531.4473455178415,1744.248912097476
1337,891.0,125.39696961967,0.8386749754922029,0.917610710607621,46.227761857648524,25.177129857213345,-0.4506119618368106,1745.9506172839506,1577.4781144781145,0.7120549098636206,0.8122956305242608,0.9084030266825965,0.9001807514545925,-0.4355164918928387,1577.4781144781145,1745.9506172839506
1338,1273.0,156.8528137423857,0.8965007091869411,0.8908327501749476,62.5185364840852,27.698356114558532,1.079345601265303,1745.6213668499606,977.1115475255302,0.6502099933627224,0.5031470378607261,0.9082317205254737,0.4719054152851439,0.881649181378033,977.1115475255302,1745.6213668499606
1339,475.0,80.87005768508881,0.3962705157451829,0.9733606557377049,25.963815373728625,23.83825652316918,-1.4736716801363288,1736.8273684210526,1812.6547368421052,0.9126998262543179,0.9333958480134424,0.9036562790952407,0.09697201934380346,-0.9952871080569591,1812.6547368421052,1736.8273684210526
1340,300.0,65.698484809835,0.5774288394138656,0.9404388714733543,21.984978334918427,17.949438086279116,0.4606386813114522,1735.93,1894.2,0.8734145279221445,0.9753861997940269,0.9031893860561915,0.8957687734295372,0.4445203083645813,1894.2,1735.93
1341,204.0,53.526911934581186,0.6192680921165782,0.9315068493150684,18.454284769547723,14.489928237185815,-0.8984181850665182,1735.514705882353,1054.8039215686274,0.8947375287639424,0.5431534096645867,0.9029733121136071,0.6228482682804376,-0.7823426581109201,1054.8039215686274,1735.514705882353
1342,393.0,80.76955262170047,0.6720928449673502,0.8891402714932126,27.34508645409977,20.248130986022957,0.24303620118003946,1743.5063613231553,1323.0559796437658,0.7570194879583528,0.6812852624324232,0.9071313014168342,0.9706117858213548,0.24065070376934378,1323.0559796437658,1743.5063613231553
1343,262.0,62.66295090390226,0.7657422775771193,0.9357142857142857,22.974680279797695,14.776109213601268,0.061844067838728485,1740.7099236641222,1789.179389312977,0.8384737484976907,0.9213076155061674,0.9056763390552145,0.9980882650690391,0.061804652992112075,1789.179389312977,1740.7099236641222
1344,183.0,47.21320343559643,0.5340376396247943,0.9786096256684492,16.594278884092944,14.02981068274944,-1.1678240110963884,1736.4590163934427,1161.2622950819673,1.0316538821113959,0.5979723455622901,0.9034646287166715,0.392154302141147,-0.9198994528274218,1161.2622950819673,1736.4590163934427
1345,603.0,108.9116882454314,0.8777875597619584,0.8739130434782608,41.87180659638582,20.058693207852915,0.8090394303361813,1744.5240464344943,1697.7230514096186,0.6388195461890056,0.8742137236918737,0.9076607941906838,0.6901938430343129,0.7236245290463323,1697.7230514096186,1744.5240464344943
1346,742.0,118.81118318204308,0.8586050070761879,0.8972188633615478,44.744395695403945,22.937665422238062,-0.7568335501228156,1749.4191374663073,1379.7722371967654,0.6605400084246208,0.7104903384123405,0.9102076677764346,0.72701380857424,-0.6866228383489572,1379.7722371967654,1749.4191374663073
1347,279.0,70.35533905932736,0.8741288094934657,0.9058441558441559,27.653207094153483,13.431001400293228,-0.48467758908960723,1747.6810035842293,1769.5340501792114,0.7083044113257978,0.9111915809367721,0.9093033317295678,0.8848252137870797,-0.4659231063669721,1769.5340501792114,1747.6810035842293
1348,20.0,13.65685424949238,0.3929526239966882,0.9523809523809523,5.215361924162119,4.795831523312719,0.4636476090008054,1735.95,534.1,1.347530211131618,0.2750257466529351,0.9031997918834548,0.8944271909999162,0.4472135954999573,534.1,1735.95
1349,1218.0,163.6812408671319,0.9091486497926848,0.8632175761871014,64.6490952389832,26.924522919198658,1.298380486612738,1748.1592775041051,1088.1765188834154,0.5712935683585643,0.560338063276733,0.9095521735193055,0.26905897252208066,0.9631237040512305,1088.1765188834154,1748.1592775041051
1350,391.0,71.94112549695429,0.5741972328305139,0.9678217821782178,24.743189813738045,20.257670311846347,0.4075611719316214,1744.9335038363172,1742.156010230179,0.9493627022721474,0.8970937230845412,0.9078738313404355,0.9180902340082918,0.39637144475680897,1742.156010230179,1744.9335038363172
1351,680.0,105.25483399593904,0.8041855931536891,0.9379310344827586,38.87760881464668,23.108005997052302,0.11537209521575728,1754.3323529411764,1850.2720588235295,0.7713201472060952,0.9527662506815291,0.9127639713533696,0.9933520188512639,0.11511631788811803,1850.2720588235295,1754.3323529411764
1352,393.0,75.94112549695429,0.8040115016053067,0.9538834951456311,29.14363406389953,17.329205382456614,1.503214124341878,1743.6081424936388,1418.3613231552163,0.856344190209367,0.7303611344774543,0.9071842572807693,0.06753076889207524,0.9977171920202864,1418.3613231552163,1743.6081424936388
1353,58.0,26.97056274847714,0.6830785971210417,0.9508196721311475,10.174683240700757,7.431027715824592,-0.08309233903999104,1743.4137931034484,524.1034482758621,1.0019772043028803,0.26987819169714833,0.9070831389716173,0.9965498173838123,-0.08299675579376728,524.1034482758621,1743.4137931034484
1354,255.0,59.11269837220809,0.3581128893614908,0.9479553903345725,18.672776823905902,17.434366427050588,0.7273234328685627,1751.5843137254901,533.6313725490196,0.9170404142182996,0.2747844348862099,0.9113341902838138,0.746956652342235,0.6648727393431629,533.6313725490196,1751.5843137254901
1355,947.0,117.39696961966999,0.69763064340193,0.9536757301107754,41.31561487120734,29.600886065228533,0.5130615513923716,1761.8975712777192,1637.2259767687433,0.8634676472531273,0.8430617800045022,0.916700089114318,0.8712458400944014,0.4908469070068597,1637.2259767687433,1761.8975712777192
1356,90.0,42.97056274847714,0.8810276470617925,0.7563025210084033,17.126370906304935,8.10188286754536,1.399384738970056,1749.5111111111112,125.75555555555556,0.6125059203548893,0.06475569287103788,0.9102555208694647,0.17057341950761754,0.9853449693165731,125.75555555555556,1749.5111111111112
1357,253.0,60.8700576850888,0.7065320275032123,0.9301470588235294,21.610013289787585,15.292997286038345,1.0434765751487574,1751.9604743083005,252.59683794466403,0.8580704745753509,0.1300704623813924,0.9115299033862125,0.5032189909364331,0.8641589247128783,252.59683794466403,1751.9604743083005
1358,238.0,55.4558441227157,0.49083126699188756,0.9596774193548387,18.68906879580878,16.28293811607676,0.8332317360900124,1751.8403361344538,1916.2100840336134,0.972505755980066,0.9867199196877515,0.9114673965319738,0.6724874405404624,0.7401085341457279,1916.2100840336134,1751.8403361344538
1359,169.0,50.8700576850888,0.5786929967008135,0.9184782608695652,16.575659811353297,13.518204291042926,1.01122066584396,1751.7455621301774,1192.6094674556214,0.8206767093810381,0.6141140409143262,0.9114180864360965,0.530826626679895,0.8474804377728393,1192.6094674556214,1751.7455621301774
1360,509.0,85.01219330881976,0.6671415236790221,0.9621928166351607,29.71419700162083,22.135026339470286,1.1095515213811105,1759.6542239685657,170.92337917485264,0.8850446969080616,0.08801409844225162,0.9155328948847896,0.4450631737196683,0.8954991744265186,170.92337917485264,1759.6542239685657
1361,351.0,71.94112549695427,0.8018144966493624,0.9564032697547684,27.493120638970876,16.42914710026231,0.5573881410278727,1760.3247863247864,1459.3190883190882,0.8522411982033858,0.7514516417709002,0.9158817826871938,0.8486396029690124,0.5289714777496013,1459.3190883190882,1760.3247863247864
1362,101.0,39.142135623730944,0.8657774286325816,0.9099099099099099,16.141037702440542,8.077447549939095,0.2963469349772952,1755.6930693069307,1717.009900990099,0.8284040300815952,0.8841451601390828,0.9134719403261866,0.9564096668347223,0.29202833627080704,1717.009900990099,1755.6930693069307
1363,279.0,62.76955262170047,0.6940173754293713,0.9620689655172414,22.470170888646443,16.177584923596704,1.08049090495155,1760.1039426523298,1062.6666666666667,0.8898483524395773,0.5472021970477172,0.9157668796318054,0.47089534994451016,0.8821890780329562,1062.6666666666667,1760.1039426523298
1364,451.0,84.52691193458118,0.5312278029386627,0.9148073022312373,26.677809604328008,22.602214629381592,0.06630612499294947,1764.6518847006653,1601.4922394678492,0.7932250120742292,0.8246612973572859,0.9181331345997218,0.9978025541608437,0.06625754983468983,1601.4922394678492,1764.6518847006653
1365,396.0,91.2193000900063,0.9149930494877765,0.9103448275862069,36.39168680459504,14.682939375420213,0.3487656139408839,1769.159090909091,408.67676767676767,0.5980418532630862,0.2104411780003953,0.920478195061962,0.939795265347903,0.34173799793067283,408.67676767676767,1769.159090909091
1366,399.0,79.01219330881975,0.7537153994620371,0.9388235294117647,28.12433138553189,18.483337474426637,0.31504398396882266,1771.110275689223,329.04010025062655,0.8031460439828493,0.16943362525778916,0.9214933796510005,0.9507827510363461,0.30985829072619236,329.04010025062655,1771.110275689223
1367,284.0,62.2842712474619,0.46551546340921574,0.9498327759197325,20.33775923011798,17.99972527848149,0.5138506863934706,1766.8732394366198,1319.3345070422536,0.9199652633965762,0.6793689531628494,0.9192888862833609,0.8708582243828921,0.4915342846889488,1319.3345070422536,1766.8732394366198
1368,314.0,79.94112549695429,0.9186885017299351,0.8845070422535212,32.824217605182795,12.965002395239317,0.062073451907782205,1772.5445859872611,1553.6496815286623,0.6174460195503705,0.8000255826615151,0.922239638911166,0.9980740618081432,0.06203359691163136,1553.6496815286623,1772.5445859872611
1369,1042.0,125.29646455628165,0.4706651821520963,0.9586016559337627,39.43373093728458,34.79285000989109,-0.022706414472826297,1779.9568138195777,281.7284069097889,0.834065100045017,0.14507127029340314,0.9260961570341195,0.9997422204467051,-0.022704463356167704,281.7284069097889,1779.9568138195777
1370,107.0,37.798989873223334,0.16180350479882566,0.9224137931034483,11.846369182902349,11.690269531197082,1.3690996089982101,1765.9719626168223,1005.607476635514,0.9410945396339657,0.5178205337978959,0.918819959738201,0.20033194043209007,0.9797280814811391,1005.607476635514,1765.9719626168223
1371,664.0,108.32590180780451,0.8384146538447386,0.9009497964721845,40.47769653600534,22.061676556188523,-0.671872745096145,1778.4563253012047,1340.811746987952,0.7110715731478675,0.6904282940205726,0.9253154658174843,0.7826573435994705,-0.6224527954068649,1340.811746987952,1778.4563253012047
1372,184.0,53.11269837220809,0.8144243441420635,0.9108910891089109,20.355045028865444,11.811416976146063,-0.4623709434393465,1769.4782608695652,1665.5652173913043,0.8196547399941082,0.8576545918595799,0.920644256435778,0.894997404138673,-0.4460713469670933,1665.5652173913043,1769.4782608695652
1373,334.0,79.01219330881975,0.9145457244530921,0.9226519337016574,32.653744428263856,13.207869192987578,0.472397736849498,1779.1467065868264,694.6676646706587,0.6723077160157185,0.3577073453504937,0.9256746652376828,0.8904798242256262,0.45502272761599255,694.6676646706587,1779.1467065868264
1374,389.0,71.94112549695429,0.6466153902368016,0.9725,25.574156120656905,19.508380290552466,-1.330042716978552,1776.3521850899742,121.25192802056556,0.9445066270687092,0.06243662616918927,0.9242206998386963,0.2384345686917269,-0.9711585640114544,121.25192802056556,1776.3521850899742
1375,144.0,45.45584412271571,0.848908561321267,0.9473684210526315,18.65533999044019,9.86008850856008,-0.9079412197687753,1773.4583333333333,1477.4375,0.875775722573066,0.7607814109165808,0.9227150537634409,0.6153698623287679,-0.7882384997812992,1477.4375,1773.4583333333333
1376,352.0,69.59797974644667,0.6605790188719644,0.9617486338797814,24.55610924546911,18.435659244584606,-1.1755431874456448,1778.1136363636363,160.97727272727272,0.9131860339170562,0.08289251942701993,0.9251371677230158,0.38504182322625036,-0.9228991246970629,160.97727272727272,1778.1136363636363
1377,626.0,107.9827560572969,0.8521685177083325,0.9085631349782293,40.155637116443465,21.012137576025786,0.5801518639804288,1783.8099041533546,1539.2268370607028,0.6746451173695529,0.7925987832444401,0.9281008866562719,0.836379415173565,0.5481509590194342,1539.2268370607028,1783.8099041533546
1378,175.0,48.62741699796952,0.4725345994596647,0.9459459459459459,16.099061390749196,14.188297919309868,1.400262663730982,1778.0742857142857,1777.702857142857,0.9300054856424581,0.9153979696925113,0.9251166939200237,0.1697082951372367,0.9854943401976556,1777.702857142857,1778.0742857142857
1379,113.0,38.384776310850235,0.7384761609679286,0.9416666666666667,14.60524143482146,9.848016143614904,-0.09019265504707318,1778.9646017699115,383.57522123893807,0.9637630668903399,0.19751556191500416,0.9255799176742515,0.9959353989731003,-0.09007042284952056,383.57522123893807,1778.9646017699115
1380,471.0,81.94112549695429,0.6940970284029837,0.9631901840490797,29.019223723095376,20.890401115856253,-1.073907176223794,1783.6666666666667,230.90658174097663,0.8815093464486,0.11890143241038961,0.928026361429067,0.47669319600529964,-0.8790697337994597,230.90658174097663,1783.6666666666667
1381,966.0,133.88225099390857,0.9164604504017875,0.9554896142433235,55.87253367001408,22.356013399251456,0.4054496031354903,1797.5662525879918,953.0869565217391,0.6772374708266007,0.4907759817310706,0.9352581959354797,0.9189251522065914,0.39443195185239843,953.0869565217391,1797.5662525879918
1382,908.0,139.1543289325507,0.9404601131602023,0.9380165289256198,59.02862413292388,20.06406948092728,0.31090362709475905,1800.6629955947137,469.692731277533,0.5892536345669067,0.2418603147670098,0.9368694045758136,0.95205752186373,0.30591906619675285,469.692731277533,1800.6629955947137
1383,146.0,45.3492424049175,0.7284979026826586,0.9798657718120806,16.86973034057319,11.556575565746448,-0.2368380171834254,1782.9931506849316,1919.664383561644,0.8921187092511984,0.9884986527093944,0.9276759368808177,0.9720847294395778,-0.23463008926900847,1919.664383561644,1782.9931506849316
1384,428.0,76.8700576850888,0.5294557103928913,0.9596412556053812,25.49993245029832,21.632551001463142,-1.2175918477732128,1786.9415887850466,1314.8995327102805,0.9102050046403918,0.67708523826482,0.9297302751222928,0.345906241902099,-0.9382690828398678,1314.8995327102805,1786.9415887850466
1385,26.0,16.485281374238568,0.7167038549411382,0.9629629629629629,6.8608894338869035,4.784630938473642,1.3083092667243108,1778.076923076923,1791.076923076923,1.2022380906391716,0.9222847183712272,0.9251180661170255,0.25948322426029685,0.9657476152326138,1791.076923076923,1778.076923076923
1386,605.0,101.84062043356593,0.8015168038863648,0.8845029239766082,37.151917031481716,22.215815460063432,0.33848438970433103,1793.7404958677687,1487.0694214876032,0.733032391368107,0.7657412057093734,0.9332676877563832,0.9432590190164875,0.3320578609881925,1487.0694214876032,1793.7404958677687
1387,358.0,74.18376618407356,0.8036963362643406,0.9597855227882037,28.085374793934275,16.71191191797005,0.40724185022648035,1790.7290502793296,252.50558659217876,0.8174762325713644,0.13002347404334644,0.931700858626082,0.9182167572045945,0.39607825841451944,252.50558659217876,1790.7290502793296
1388,1065.0,138.12489168102786,0.6967698276285087,0.891213389121339,45.110775273613115,32.35772381076781,1.5303524073989825,1793.6159624413147,1878.8037558685446,0.7014804483650784,0.9674581647108881,0.9332028940901741,0.040432894539574375,0.9991822561670877,1878.8037558685446,1793.6159624413147
1389,100.0,36.14213562373095,0.7190688848003968,0.9523809523809523,13.637162389569648,9.476993297481382,-0.8976888643625289,1784.47,1574.85,0.9620158811036373,0.8109423274974253,0.9284443288241415,0.6234186812788336,-0.7818881939462701,1574.85,1784.47
1390,248.0,59.112698372208094,0.5494116562677819,0.9429657794676806,19.493655329628258,16.287959049745954,-1.043258631594812,1790.9637096774193,1782.850806451613,0.8918667557887774,0.9180488189761138,0.9318229498841931,0.5034073168508694,-0.8640492308549371,1782.850806451613,1790.9637096774193
1391,532.0,83.59797974644665,0.5697454160950058,0.9761467889908257,28.721068256012,23.60358410867522,0.6937932477658285,1796.6484962406016,1054.9154135338347,0.9565990203218341,0.5432108205632517,0.9347806952344442,0.7688259289249915,0.6394581229546029,1054.9154135338347,1796.6484962406016
1392,698.0,102.42640687119285,0.6871045980754884,0.94579945799458,35.41341261560172,25.729916373465628,0.5543483560994662,1800.7106017191977,1749.7636103151863,0.8360676332176616,0.9010111278656984,0.9368941736312163,0.8502436391822754,0.5263893559239973,1749.7636103151863,1800.7106017191977
1393,92.0,35.21320343559643,0.8275573558288415,0.9583333333333334,14.452547976846022,8.113388354291317,0.808241214354014,1789.4891304347825,1848.3369565217392,0.9323664119108016,0.9517698025343663,0.9310557390399493,0.690771231759087,0.7230733748203109,1848.3369565217392,1789.4891304347825
1394,442.0,114.61017305526642,0.981118433065514,0.8929292929292929,55.08537525177659,10.65394739136327,-0.9866807902676529,1801.6923076923076,166.02488687782807,0.422849476041713,0.08549170282071476,0.9374049467701913,0.5514617785535582,-0.8342001599104056,166.02488687782807,1801.6923076923076
1395,307.0,74.18376618407356,0.840729874593918,0.8696883852691218,28.059222415245472,15.19280007858239,-1.5323801058342665,1794.5830618892508,1349.4234527687297,0.701020121227399,0.6948627460189133,0.9337060675802553,0.03840677250941864,-0.9992621877292315,1349.4234527687297,1794.5830618892508
1396,271.0,64.52691193458118,0.8366709165972458,0.9312714776632303,25.44054458321014,13.933936934711001,0.3809428328329149,1798.5276752767527,1015.4575645756457,0.8178946958827831,0.5228926697093953,0.9357584158567912,0.9283145068707216,0.37179587993059987,1015.4575645756457,1798.5276752767527
1397,617.0,97.01219330881976,0.7872958625219304,0.9580745341614907,36.13000284204169,22.276870982773165,-1.0209968628331432,1798.5283630470017,1632.9837925445704,0.8238390640549966,0.84087733910637,0.9357587736977115,0.5225162565317875,-0.852629322542925,1632.9837925445704,1798.5283630470017
1398,450.0,80.5269119345812,0.8020947203465073,0.9698275862068966,31.006928639579435,18.517239642947576,-1.2934134783463613,1797.0622222222223,127.02666666666667,0.8720477940629158,0.06541023000343289,0.9349959532893977,0.2738394772580151,-0.961775410735301,127.02666666666667,1797.0622222222223
1399,401.0,100.91168824543144,0.9371602729545002,0.8003992015968064,42.6903452338619,14.894625527791948,0.2805070108015975,1807.7605985037405,712.7980049875312,0.49484739997759014,0.3670432569451757,0.9405622260685434,0.9609151994934393,0.276842878511411,712.7980049875312,1807.7605985037405
1400,226.0,54.8700576850888,0.7307467241124928,0.9658119658119658,20.53525052127575,14.018361735414917,0.8386260970528738,1796.0619469026549,1288.7610619469026,0.9432948635736591,0.6636256755648314,0.9344755186798412,0.6684852629421124,0.7437253883183058,1288.7610619469026,1796.0619469026549
1401,55.0,26.14213562373095,0.7308829228105763,0.9649122807017544,10.237328823980645,6.987006195395019,-0.5795283460063475,1795.090909090909,188.43636363636364,1.011324263046497,0.09703211309802454,0.9339702960930848,0.8367210345453197,-0.5476293549011138,188.43636363636364,1795.090909090909
1402,306.0,77.45584412271572,0.9435107222777346,0.9161676646706587,34.90900475185517,11.566819240878077,0.05288634957796678,1807.4934640522877,332.3627450980392,0.6409481641165655,0.17114456493204905,0.9404232383206491,0.9986018429428805,0.05286169947213866,332.3627450980392,1807.4934640522877
1403,434.0,89.35533905932738,0.8939895657743794,0.891170431211499,36.366986001887895,16.295601929591587,-0.3010188691942935,1805.7903225806451,1824.036866359447,0.6830595683648689,0.9392568827803538,0.9395371085227082,0.9550348968781384,-0.2964934160229593,1824.036866359447,1805.7903225806451
1404,91.0,33.55634918610404,0.45369835276981246,0.9381443298969072,11.460232448577218,10.2128471171059,-0.7876137006409242,1798.6043956043957,202.1978021978022,1.0155512530166595,0.1041183327486108,0.935798332780643,0.7055384256060395,-0.7086716658603976,202.1978021978022,1798.6043956043957
1405,228.0,62.62741699796952,0.894043913138026,0.912,26.296571534138216,11.780320534540643,0.11048343120312161,1805.4429824561403,1252.127192982456,0.7304924151400204,0.6447616853668672,0.9393563904558482,0.9939029115560991,0.11025879738283516,1252.127192982456,1805.4429824561403
1406,282.0,83.59797974644665,0.798543638938895,0.7540106951871658,29.00600009809957,17.459782385895828,0.49919718380486316,1805.400709219858,1314.404255319149,0.5070694055089421,0.6768302035628985,0.9393343960561176,0.8779671696287422,0.4787208466884385,1314.404255319149,1805.400709219858
1407,610.0,103.84062043356595,0.9011961923959682,0.9370199692780338,42.846426749657034,18.57012887137051,0.3622858138164994,1813.1245901639345,495.39180327868854,0.710894493751382,0.2550936165183772,0.9433530646014228,0.935089146065976,0.35441259699621797,495.39180327868854,1813.1245901639345
1408,450.0,79.01219330881976,0.5233780556900746,0.9615384615384616,26.255046497999583,22.37194053968803,1.4370799267000511,1805.8177777777778,1122.7888888888888,0.9058038090032132,0.5781611168325895,0.9395513932246503,0.13331827962445672,0.9910732749489188,1122.7888888888888,1805.8177777777778
1409,195.0,52.284271247461895,0.7340361438633836,0.9605911330049262,19.341709561915067,13.135156175861482,-0.9958640758949467,1804.697435897436,229.01538461538462,0.8964010513366679,0.1179275924898994,0.9389684890205182,0.5437779349123434,-0.8392291448123493,229.01538461538462,1804.697435897436
1410,258.0,67.1126983722081,0.7919848152406234,0.8657718120805369,23.95810943717629,14.627402987621279,-0.40762342228663817,1807.9457364341085,1840.5077519379845,0.7198138002151044,0.9477382862708468,0.9406585517347079,0.9180655579663043,-0.39642859543178566,1840.5077519379845,1807.9457364341085
1411,444.0,79.35533905932738,0.6746258813498125,0.9466950959488273,27.892761399982167,20.589315740937,0.1324336672012199,1812.6396396396397,1332.231981981982,0.8860138912576555,0.6860102893831009,0.9431007490320705,0.9912434712869241,0.13204688800213657,1332.231981981982,1812.6396396396397
1412,178.0,53.21320343559642,0.8433873974412022,0.9319371727748691,21.01542482681331,11.291713073681862,0.01950385052567855,1810.308988764045,1677.0337078651685,0.7899344563508071,0.8635600967379858,0.9418881315109495,0.9998098059366054,0.019502614004471664,1677.0337078651685,1810.308988764045
1413,350.0,67.94112549695429,0.28010799449670754,0.9615384615384616,21.60424427608708,20.739393863625505,0.38425134490585633,1809.96,1351.1,0.9528234440444334,0.6957260556127703,0.9417065556711759,0.9270793371797554,0.37486517919692847,1351.1,1809.96
1414,602.0,99.98275605729691,0.5799031264086965,0.9176829268292683,32.09248687285791,26.1452817460351,1.470884419118408,1812.0548172757476,755.1710963455149,0.7567564777888626,0.38886256248481715,0.9427964710071528,0.09974576403075211,0.9950129559749067,755.1710963455149,1812.0548172757476
1415,148.0,53.698484809834994,0.9355014446561842,0.8757396449704142,23.71876865609219,8.380383299682029,0.9620084658677446,1809.8851351351352,250.5608108108108,0.6449818837200323,0.12902204470175635,0.9416676041285823,0.5718735121037399,0.8203418105607769,250.5608108108108,1809.8851351351352
1416,541.0,94.08326112068524,0.8579502017161874,0.9541446208112875,37.276928664988574,19.150383172590768,0.3743218000897327,1822.2975970425139,1580.615526802218,0.7680374624222248,0.813911187848722,0.9481257008545858,0.9307558138937677,0.36564137471428193,1580.615526802218,1822.2975970425139
1417,43.0,24.071067811865476,0.7970816264669393,0.9148936170212766,9.801987524732098,5.919141658129029,-1.3825174356540708,1806.046511627907,1455.5813953488373,0.9325832414307003,0.7495269800972386,0.9396704014713356,0.1871684799017949,-0.982327827220247,1455.5813953488373,1806.046511627907
1418,235.0,56.4558441227157,0.42207612484219925,0.9362549800796812,18.26183247083503,16.55545400838418,-1.418799415268356,1813.2,1464.2042553191488,0.9265309169509353,0.7539671757565133,0.9433922996878252,0.15141232157016937,-0.9884706919665002,1464.2042553191488,1813.2
1419,658.0,94.32590180780451,0.5138627790081455,0.9676470588235294,31.290955610742785,26.843646999656013,0.5371425836706779,1821.9772036474164,1867.9559270516718,0.9293382784832791,0.961872259037936,0.947959002938302,0.8591742784231277,0.511683065281721,1867.9559270516718,1821.9772036474164
1420,21.0,18.621320343559642,0.8088316894042329,0.375,12.684292429537916,7.458874087921902,0.039681348013311794,1811.6190476190477,1142.8095238095239,0.7610412832481411,0.5884704036094356,0.9425697438184432,0.9992127986126136,0.03967093506269561,1142.8095238095239,1811.6190476190477
1421,130.0,45.55634918610404,0.8543174605950757,0.9154929577464789,18.417254394925298,9.57239656802639,-1.0286748122691503,1814.9846153846154,1135.4923076923078,0.7871461761989715,0.5847025271330112,0.944320819659009,0.5159544746971634,-0.8566160050103979,1135.4923076923078,1814.9846153846154
1422,213.0,71.04163056034261,0.6085597018964222,0.852,19.2089621413211,15.24246686366399,1.0865345261075634,1817.8215962441313,1153.75117370892,0.5303512852800215,0.5941046208593821,0.945796876297675,0.4655551660412486,0.8850188627211882,1153.75117370892,1817.8215962441313
1423,93.0,46.48528137423857,0.9716289358510195,0.96875,22.715601366834072,5.3724779684700765,-0.013425990558831008,1821.720430107527,1922.268817204301,0.5408313827633422,0.9898397616911951,0.9478254058832086,0.99990987274261,-0.013425587207171834,1922.268817204301,1821.720430107527
1424,195.0,52.627416997969526,0.8129561923245714,0.9512195121951219,20.84613380985002,12.13922171586397,-1.2780360005945002,1817.948717948718,183.08205128205128,0.884749580618756,0.09427500066017058,0.945863016622642,0.2885961980302097,-0.957450904476312,183.08205128205128,1817.948717948718
1425,552.0,128.12489168102783,0.9317568473925019,0.6806411837237978,52.00523228996312,18.882209485409494,-1.5293164239037242,1824.483695652174,1717.4692028985507,0.4225537101261954,0.8843816698756698,0.9492631090802154,0.04146800898301763,-0.9991398321711453,1717.4692028985507,1824.483695652174
1426,318.0,70.35533905932738,0.6742133724122303,0.9271137026239067,23.889860993401676,17.643537018563105,0.858988107210757,1821.6635220125786,243.88993710691824,0.8073147053820918,0.12558699130119375,0.947795797092913,0.653203989433813,0.7571819782507712,243.88993710691824,1821.6635220125786
1427,319.0,69.59797974644667,0.6734677693289677,0.9354838709677419,23.88615633473326,17.657042981360537,0.6538273922422942,1822.780564263323,392.6269592476489,0.8275748432373322,0.20217660105440213,0.9483769845282638,0.7937616875684315,0.6082288905901427,392.6269592476489,1822.780564263323
1428,126.0,46.21320343559643,0.6810186555188289,0.8936170212765957,15.130198430086017,11.07933087620861,-0.21610377912561624,1823.6587301587301,1117.5555555555557,0.7413926233824502,0.5754663004920472,0.9488338866590688,0.9767403106778544,-0.2144256642683625,1117.5555555555557,1823.6587301587301
1429,170.0,46.62741699796952,0.3607025793091606,0.9550561797752809,15.300649236272491,14.270623202291205,-0.5964731341616372,1822.9,1265.9764705882353,0.9825984394647074,0.6518931362452293,0.9484391259105099,0.8273218959516773,-0.5617281197153318,1265.9764705882353,1822.9
1430,405.0,93.66904755831213,0.9091918568887205,0.8490566037735849,37.87862929039475,15.771806459312424,1.3691020125154267,1822.7530864197531,1294.7530864197531,0.5800596800174391,0.6667111670544558,0.948362688043576,0.20032958563820003,0.979728562979577,1294.7530864197531,1822.7530864197531
1431,385.0,75.35533905932738,0.814573474112801,0.9553349875930521,29.276553153072154,16.982168820265244,0.4125168066058555,1831.6571428571428,283.07012987012985,0.852005772063955,0.1457621678013027,0.9529953917050691,0.9161146966211149,0.40091627883487413,283.07012987012985,1831.6571428571428
1432,547.0,93.14823227814082,0.7294101728539517,0.9147157190635451,32.29634662166572,22.093175109042715,1.3301363383955744,1829.8866544789762,1140.0255941499086,0.7922239277782528,0.5870368661945976,0.9520742218933279,0.23834364640600764,0.9711808823375221,1140.0255941499086,1829.8866544789762
1433,392.0,82.2842712474619,0.8254420153745999,0.9137529137529138,31.22065984636988,17.62365401757994,-0.14229504998357098,1836.469387755102,434.81632653061223,0.7275490479348088,0.22390130099413605,0.9554991611629042,0.9898931302121623,-0.14181534035063748,434.81632653061223,1836.469387755102
1434,410.0,81.35533905932738,0.7770457346168889,0.9360730593607306,29.448677035760394,18.53629721274567,-1.3503792909558212,1828.9146341463415,1186.0658536585365,0.7784336511997539,0.6107445178468263,0.9515684881094388,0.21863658830357868,-0.975806354895771,1186.0658536585365,1828.9146341463415
1435,818.0,116.32590180780451,0.8271459806903226,0.9511627906976744,43.76608802059022,24.595977899834445,-0.07328376872964028,1843.460880195599,1602.7677261613692,0.7596443492074736,0.8253180876217143,0.9591367742953169,0.99731594617135,-0.07321819112997115,1602.7677261613692,1843.460880195599
1436,203.0,53.798989873223334,0.5995605793941948,0.9530516431924883,18.430941614028956,14.750824018872224,1.1919664568831616,1829.3251231527095,1166.615763546798,0.8813687723605284,0.6007290234535521,0.9517820619941256,0.3698335572960184,0.929098024913288,1166.615763546798,1829.3251231527095
1437,509.0,85.01219330881976,0.6848679399442882,0.9585687382297552,30.01566933149849,21.871434067348503,0.163730123710819,1838.9960707269156,324.4774066797643,0.8850446969080616,0.16708414350142342,0.9568137724905909,0.9866261400888519,0.16299956961100606,324.4774066797643,1838.9960707269156
1438,561.0,90.32590180780451,0.7092159760021106,0.949238578680203,31.94484407634934,22.52083639034304,1.052617831891335,1837.2139037433155,1286.0356506238859,0.8640683802151347,0.6622222711760484,0.9558865264013088,0.4952985773649721,0.8687228092206597,1286.0356506238859,1837.2139037433155
1439,485.0,85.11269837220809,0.8213364238138194,0.9509803921568627,33.00005925256508,18.824689322763938,1.4424838700851894,1834.381443298969,1476.6536082474227,0.841323236444331,0.7603777591387346,0.9544128216956135,0.12796065520708805,0.9917792449527126,1476.6536082474227,1834.381443298969
1440,323.0,66.11269837220809,0.4706716753073409,0.95,21.760625394801345,19.19958333166765,-0.9619784824715059,1836.2879256965944,728.6934984520124,0.9286298083184312,0.3752283720144245,0.9554047480211209,0.5718981084802351,-0.8203246634819223,728.6934984520124,1836.2879256965944
1441,396.0,79.25483399593904,0.7680570062738162,0.9406175771971497,28.451236593495913,18.219644890649324,0.9906738461683452,1837.9722222222222,186.83838383838383,0.7922340943562141,0.09620926047290619,0.9562810729564111,0.5481263831504742,0.8363955213261125,186.83838383838383,1837.9722222222222
1442,737.0,98.66904755831214,0.5475753051172565,0.9774535809018567,33.50120787070678,28.03235033946715,0.5461469646337658,1845.5291723202172,766.0488466757123,0.9512955820604183,0.3944638757341464,0.9602128888242545,0.8545321212237575,0.519398550052679,766.0488466757123,1845.5291723202172
1443,260.0,63.94112549695427,0.5731650966359448,0.8843537414965986,20.685458812817572,16.950490582320448,-0.49904583038379224,1839.9923076923078,1250.0576923076924,0.7991396130469998,0.6436960310544245,0.9573321059793485,0.8780396156101762,-0.478587957871,1250.0576923076924,1839.9923076923078
1444,520.0,97.84062043356595,0.8991942812168906,0.9285714285714286,40.05870181336412,17.527668596377225,0.26947676718450864,1847.996153846154,232.57115384615383,0.6826134034746464,0.11975857561593915,0.961496438005283,0.9639103270731022,0.26622712364037066,232.57115384615383,1847.996153846154
1445,259.0,68.2842712474619,0.7782782096975568,0.8779661016949153,24.276181643106266,15.243490348940792,1.4955609250634487,1840.6833976833977,1161.7451737451738,0.6980206493661781,0.5982209957493171,0.9576916741328813,0.07516444516886199,0.9971711519004434,1161.7451737451738,1840.6833976833977
1446,421.0,83.25483399593904,0.8399707470001377,0.9212253829321663,31.747302348837973,17.227092127329314,1.138669696721265,1842.0736342042755,1209.4513064133016,0.7632609463311604,0.6227864605629772,0.9584150021874482,0.41880289221101996,0.9080771649346132,1209.4513064133016,1842.0736342042755
1447,315.0,64.2842712474619,0.6135802847221834,0.9662576687116564,22.549312455699948,17.80566638586305,0.613656428009133,1842.7873015873015,1365.2285714285715,0.9578796965642911,0.7030013241135795,0.9587863171630081,0.8175478947642718,0.5758606079308665,1365.2285714285715,1842.7873015873015
1448,413.0,74.18376618407356,0.5226432174183319,0.9649532710280374,24.894866106973936,21.224155545963026,-1.2932331635958145,1845.0556900726392,1325.8934624697335,0.9430661565697582,0.6827463761430141,0.9599665401002285,0.27401289509861665,-0.9617260178032382,1325.8934624697335,1845.0556900726392
1449,246.0,57.941125496954285,0.6406054618835508,0.9498069498069498,20.356538942739505,15.63117960483882,0.759208082826405,1844.7479674796748,480.5081300813008,0.9208123109399389,0.24742952115411987,0.9598064346928589,0.725381352123312,0.6883472190629927,480.5081300813008,1844.7479674796748
1450,405.0,73.94112549695427,0.4204341996702457,0.9642857142857143,23.98553364392314,21.76262710135038,0.3948512266025793,1850.8641975308642,260.4,0.9308780148496167,0.1340885684860968,0.962988656363613,0.9230538033699272,0.38467086721548305,260.4,1850.8641975308642
1451,39.0,21.656854249492383,0.508570481757235,0.9285714285714286,7.695005630531663,6.625556539431016,-0.899724274995952,1843.2564102564102,1148.7179487179487,1.044921640452327,0.591512846919644,0.9590303903519304,0.6218259274545315,-0.7831554864427063,1148.7179487179487,1843.2564102564102
1452,223.0,57.11269837220809,0.6369631846594284,0.9291666666666667,19.426304975257747,14.975626258667793,-1.2368701094146526,1847.9955156950673,1190.206278026906,0.8591111746295811,0.6128765592311565,0.9614961059807843,0.3277548891554708,-0.9447627917285296,1190.206278026906,1847.9955156950673
1453,272.0,61.59797974644667,0.7639174221389032,0.9611307420494699,23.24020457880804,14.99722962168217,0.5568254449920251,1851.8676470588234,389.94485294117646,0.900836201633285,0.20079549585024534,0.9635107424863806,0.8489371187558816,0.5284938678910684,389.94485294117646,1851.8676470588234
1454,380.0,84.42640687119284,0.8626031141082813,0.8837209302325582,32.2821174445562,16.33091883258192,-0.34042487004773037,1855.4394736842105,1097.6,0.6699414483866069,0.5651905252317199,0.9653691330302864,0.9426128917653843,-0.3338876102488677,1097.6,1855.4394736842105
1455,246.0,64.62741699796952,0.8512772131964629,0.9111111111111111,24.957415822701815,13.095560766872245,-1.420656624529221,1850.9918699186992,1232.8130081300812,0.7401357363774235,0.6348161730844909,0.963055083204318,0.14957626457470086,-0.9887501914416397,1232.8130081300812,1850.9918699186992
1456,484.0,99.1543289325507,0.5196258419581138,0.825938566552901,29.123736025239058,24.88314322346922,-1.05846329862174,1859.3057851239669,197.49380165289256,0.6186312670074173,0.10169608735988288,0.9673807414796914,0.4902120539813222,-0.8716032022264565,197.49380165289256,1859.3057851239669
1457,461.0,86.94112549695429,0.8419180530382754,0.9427402862985685,33.562197781260025,18.11034329108834,-1.5425738942851257,1855.0368763557483,1168.7006507592191,0.7664084304374905,0.6018026008028935,0.9651596651174549,0.028218686104263913,-0.9996017735851358,1168.7006507592191,1855.0368763557483
1458,383.0,81.01219330881975,0.7522501063546788,0.9341463414634147,28.886556176107394,19.03270668437823,0.04846186343754275,1860.509138381201,1350.0261096605743,0.7333441929171488,0.6951730739755789,0.9680068357862648,0.9988259536988178,0.04844289646219764,1350.0261096605743,1860.509138381201
1459,194.0,53.45584412271571,0.8245247565749037,0.9326923076923077,20.938913149310828,11.847778946320794,1.2083123263333675,1854.520618556701,1255.4329896907216,0.853141778920511,0.6464639493773026,0.9648910606434449,0.3545979122153679,0.9350188878586904,1255.4329896907216,1854.520618556701
1460,649.0,97.59797974644665,0.6799607459865343,0.9460641399416909,34.12996726396432,25.025747793930936,1.2982120202812772,1862.7257318952234,1670.517719568567,0.8561954289088967,0.860204798953948,0.9691601102472546,0.269221222620409,0.9630783630062365,1670.517719568567,1862.7257318952234
1461,642.0,105.25483399593904,0.8478929737398941,0.8867403314917127,41.11983612976126,21.800397891400657,-1.373533209435255,1861.7881619937696,151.6183800623053,0.728216962509284,0.07807331620098111,0.9686723007251663,0.19598626287195695,-0.9806066411999688,151.6183800623053,1861.7881619937696
1462,58.0,26.970562748477143,0.6699856081739423,0.9666666666666667,10.186791321338891,7.562409905202547,-0.16006804509372946,1856.603448275862,552.8448275862069,1.00197720430288,0.28467807805674916,0.9659747389572644,0.9872164402678357,-0.15938538221839132,552.8448275862069,1856.603448275862
1463,120.0,45.698484809834994,0.9371394501838471,0.9523809523809523,20.99397656483444,7.3259548634870075,0.6484076993067267,1859.6,452.425,0.7220836452462667,0.23296858908341916,0.9675338189386056,0.7970464276714887,0.6039180342862087,452.425,1859.6
1464,1305.0,168.16652224137044,0.7251566632150646,0.9068797776233496,51.60847889564176,35.53676866243468,0.6426520583766199,1874.9226053639848,1705.704980842912,0.5798842189438309,0.8783238830293059,0.9755060381706476,0.8005091418341651,0.5993205434823076,1705.704980842912,1874.9226053639848
1465,662.0,95.84062043356593,0.43764644725734964,0.9678362573099415,30.88825885194474,27.773089740845954,0.7450912589675545,1868.2356495468277,298.8323262839879,0.9056671603998061,0.15387864381255814,0.9720268728131258,0.7350260283129947,0.6780388909955126,298.8323262839879,1868.2356495468277
1466,395.0,76.76955262170046,0.6523522433573,0.9404761904761905,26.150723751344778,19.82005000243415,-0.8200889411438312,1863.8810126582277,360.7721518987342,0.8422265739417797,0.18577350767185077,0.9697611928502746,0.6821561756429313,-0.7312065043694636,360.7721518987342,1863.8810126582277
1467,570.0,90.32590180780451,0.6553634967956655,0.9595959595959596,31.171360835537214,23.54415385750847,0.939231505537526,1868.0333333333333,440.02280701754387,0.8779304397907786,0.22658228991634596,0.9719216094346167,0.5904084547386993,0.8071046131531285,440.02280701754387,1868.0333333333333
1468,657.0,124.66904755831213,0.9615049121069641,0.8878378378378379,56.80931692195368,15.61050400845088,-1.4817426957838082,1862.2907153729072,721.234398782344,0.5311998581818613,0.37138743500635635,0.9689337749078601,0.08893597030950627,-0.9960373452763238,721.234398782344,1862.2907153729072
1469,398.0,73.35533905932738,0.6155377601061891,0.9660194174757282,25.437142625707786,20.047200208242824,-0.2216505783418894,1871.5854271356784,253.0251256281407,0.929457376497272,0.1302910018682496,0.973769733161123,0.9755359150332189,-0.2198401202699367,253.0251256281407,1871.5854271356784
1470,282.0,71.698484809835,0.9219394667451137,0.8952380952380953,31.017366776701035,12.014080426843663,-0.2741166847788054,1876.163120567376,266.5390070921986,0.6893487882795759,0.13724974618547817,0.9761514675168449,0.9626646836756532,-0.2706967063036687,266.5390070921986,1876.163120567376
1471,216.0,78.4558441227157,0.9751881166566749,0.8212927756653993,37.327415068282804,8.26346160068724,-1.378762283138726,1869.5509259259259,1180.8009259259259,0.440974032759878,0.6080334325056261,0.9727111997533433,0.1908559423979374,-0.9816180567060669,1180.8009259259259,1869.5509259259259
1472,670.0,95.25483399593904,0.5368371338426614,0.9682080924855492,31.831305220400044,26.85562327738607,-0.1740712117948654,1880.5880597014925,665.4283582089553,0.927920175838694,0.3426510598398328,0.9784537251308494,0.9848878237303709,-0.17319346023350257,665.4283582089553,1880.5880597014925
1473,746.0,103.74011537017762,0.7102911890559354,0.9675745784695201,36.81896483751548,25.917162705263184,-1.1768424927966132,1879.64745308311,739.5187667560322,0.871074375461011,0.3808026605334872,0.9779643356311706,0.3838423707798426,-0.9233986324411088,739.5187667560322,1879.64745308311
1474,689.0,96.66904755831213,0.4968040783543056,0.9676966292134831,31.807445859344508,27.604496607373264,1.5236037834607015,1884.2351233671989,981.9956458635704,0.9265187371643078,0.5056620215569364,0.9803512608570234,0.04717502791492047,0.9988866385837917,981.9956458635704,1884.2351233671989
1475,147.0,47.21320343559643,0.7812025115266052,0.9245283018867925,17.522015495699527,10.938603382397838,-0.2812093595538106,1880.0748299319728,550.3605442176871,0.8287055774337443,0.28339883842311386,0.97818669611445,0.9607205222524129,-0.2775177077648399,550.3605442176871,1880.0748299319728
1476,481.0,86.42640687119285,0.7348249081058515,0.9449901768172888,31.00058909671245,21.026361905573786,0.6831349358018012,1890.2910602910604,239.66735966735968,0.8092114602716459,0.12341264658463423,0.9835021125343707,0.7755976752966236,0.6312275707496252,239.66735966735968,1890.2910602910604
1477,527.0,103.1126983722081,0.7790447986970845,0.8459069020866774,36.079738578546745,22.620850991954278,-0.7153689508424755,1889.889943074004,781.9544592030361,0.6228682230548745,0.40265420144337594,0.9832934147107201,0.7548512992253796,-0.6558959643554428,781.9544592030361,1889.889943074004
1478,222.0,54.62741699796952,0.5791207570573353,0.9568965517241379,18.683965345860585,15.231949038680927,-0.30030707557274233,1885.509009009009,1384.2657657657658,0.9348490839725601,0.7128042048227424,0.981014052554115,0.9552456970483933,-0.29581355322319003,1384.2657657657658,1885.509009009009
1479,393.0,73.94112549695429,0.679535864708373,0.9656019656019657,26.33401493561316,19.31974700249011,0.48124453327741457,1888.0966921119593,1610.8600508905852,0.9032964440392574,0.8294850931465423,0.9823604017231838,0.8864195364601062,0.4628827123385043,1610.8600508905852,1888.0966921119593
1480,334.0,74.04163056034261,0.6313548902212166,0.9303621169916435,23.73974772279793,18.410032816840726,-0.22500699128469356,1888.5299401197606,1635.8413173652696,0.7656043321396848,0.8423487731026105,0.9825858169197506,0.9747925472450256,-0.223113177189413,1635.8413173652696,1888.5299401197606
1481,452.0,77.94112549695429,0.5334681844880731,0.9658119658119658,26.176262566440812,22.140409866060853,-0.8347799568852268,1890.4823008849557,184.13274336283186,0.9350071955725154,0.09481603674708129,0.9836016133636606,0.6713407836030703,-0.7411488057544285,184.13274336283186,1890.4823008849557
1482,410.0,79.35533905932738,0.6522187505797077,0.9534883720930233,27.230437001061482,20.641510081553317,1.4647825409378394,1892.9414634146342,291.93658536585366,0.818165980665853,0.15032779884956418,0.9848810943884673,0.10581531729285107,0.9943857996905493,291.93658536585366,1892.9414634146342
1483,378.0,73.4558441227157,0.6917285630478814,0.9618320610687023,26.011287990834607,18.78424923319775,0.915866900501449,1891.920634920635,340.6904761904762,0.880337001718328,0.17543278897552841,0.9843499661397684,0.6091032734806975,0.7930909167523599,340.6904761904762,1891.920634920635
1484,356.0,68.2842712474619,0.5172455623837412,0.967391304347826,23.073411686557833,19.747080214379547,-0.6358334274651997,1891.443820224719,509.9887640449438,0.959441510325712,0.2626100741735035,0.9841018835716541,0.8045770464965682,-0.5938482771304966,509.9887640449438,1891.443820224719
1485,378.0,81.35533905932738,0.706582265359782,0.9064748201438849,27.080595064115126,19.163066080564043,1.22520359313184,1893.3201058201057,376.9920634920635,0.717677854032944,0.19412567636048583,0.9850780987617616,0.3387544249055069,0.9408748267473943,376.9920634920635,1893.3201058201057
1486,186.0,48.970562748477136,0.6485993112334855,0.9637305699481865,17.645953828812086,13.430865493450462,1.0869862440210285,1894.494623655914,442.53225806451616,0.9746588233310057,0.22787448921962727,0.9856891902476139,0.46515533968274936,0.8852290720286056,442.53225806451616,1894.494623655914
1487,207.0,54.21320343559643,0.7394028543098733,0.9627906976744186,20.236465814086213,13.62446897150978,-1.5192848689862932,1895.8840579710145,649.8357487922706,0.8850546106153463,0.334621909779748,0.9864121009214436,0.051488680487014646,-0.9986735781934486,649.8357487922706,1895.8840579710145
1488,260.0,70.76955262170047,0.9336792732456176,0.8996539792387543,31.298852250151423,11.208442581433763,1.1255296592046728,1897.1423076923077,1056.1576923076923,0.6523644877337128,0.5438505109720352,0.9870667573841351,0.43069856200383255,0.9024958441388142,1056.1576923076923,1897.1423076923077
1489,501.0,81.01219330881976,0.31451998883002247,0.9709302325581395,25.968603561482272,24.65071900953022,0.05353050812692857,1901.1077844311378,1680.562874251497,0.959283134860291,0.8653773811799677,0.9891299606821737,0.9985675844495726,0.053504946374571066,1680.562874251497,1901.1077844311378
1490,171.0,46.970562748477136,0.5630479620196296,0.9661016949152542,16.383234168075468,13.53950152896504,-1.4550337531898512,1895.5906432748538,150.53801169590642,0.9739898868533606,0.07751699881354604,0.9862594397892059,0.11550419159849176,-0.9933069926881513,150.53801169590642,1895.5906432748538
1491,207.0,55.79898987322332,0.8138641327925468,0.971830985915493,21.872322258597737,12.709027109673574,-1.534834139449952,1896.3478260869565,203.87922705314008,0.8354636047378377,0.10498415399234814,0.9866533954666787,0.03595443632304634,-0.9993534302281111,203.87922705314008,1896.3478260869565
1492,461.0,81.35533905932738,0.7599919263180648,0.9725738396624473,30.38071701936836,19.74541577028527,-1.262191239258319,1903.2776572668113,999.2104121475054,0.8752632029343576,0.5145264738143694,0.9902589267777374,0.30372991811970956,-0.9527581733257366,999.2104121475054,1903.2776572668113
1493,55.0,27.31370849898476,0.7749725538437503,0.9482758620689655,10.729372823773977,6.780908795855951,1.1927591305491623,1897.2545454545455,396.8909090909091,0.9264270201529875,0.20437224978934557,0.9871251537224482,0.3690969696466228,0.9293908903134784,396.8909090909091,1897.2545454545455
1494,58.0,27.899494936611667,0.8579652548888335,0.9830508474576272,12.151343289675491,6.242238854099608,-1.5228495809541231,1898.8793103448277,682.448275862069,0.9363650062762233,0.3514151780958131,0.9879705048620331,0.0479283772330239,-0.9988507749688184,682.448275862069,1898.8793103448277
1495,352.0,74.8700576850888,0.8237930965186298,0.9696969696969697,28.791387833740895,16.321566660710275,-1.569489509606281,1906.7982954545455,1626.377840909091,0.7891075379910415,0.8374757162250726,0.9920906844196387,0.0013068168166581132,-0.9999991461145393,1626.377840909091,1906.7982954545455
1496,149.0,50.00609665440988,0.8680282928631725,0.9551282051282052,20.585829348420724,10.221167618548455,1.3090818969915092,1909.2013422818793,1365.1946308724832,0.7487730770560004,0.702983846999219,0.9933409689291776,0.2587369810463032,0.9659478115504196,1365.1946308724832,1909.2013422818793
1497,113.0,41.55634918610404,0.8181904277976608,0.9338842975206612,16.257677219881682,9.347307990614398,-1.5458938694760234,1909.646017699115,1598.0973451327434,0.822268273623977,0.8229131540333385,0.9935723297081763,0.0248998835953207,-0.9996899498329167,1598.0973451327434,1909.646017699115
1498,74.0,38.14213562373095,0.9094332958117025,0.8809523809523809,16.011009064862527,6.658175385393115,-1.4028065349039136,1910.472972972973,1733.6756756756756,0.6391923544690787,0.8927269184735713,0.994002587394887,0.16720077808330672,-0.9859228670683812,1733.6756756756756,1910.472972972973
