cell_id,area,perimeter,eccentricity,solidity,major_axis_length,minor_axis_length,orientation,centroid_y,centroid_x,roundness,pos_x_norm,pos_y_norm,axis_vec_x,axis_vec_y,x,y
1,164.0,48.62741699796951,0.6845865176729282,0.9162011173184358,17.13903719080353,12.49318606460931,1.202211735895799,8.99390243902439,95.26219512195122,0.8715479979735039,0.04910422428966558,0.00461462413495351,0.36029544556855975,0.9328382453043791,95.26219512195122,8.99390243902439
2,516.0,95.42640687119284,0.7404293426031421,0.9280575539568345,32.48697948150049,21.835610104447316,-1.4120107837039606,11.939922480620154,119.18023255813954,0.7120695633400653,0.06143310956605131,0.00612617879970249,0.15811914442421388,-0.9874200403914003,119.18023255813954,11.939922480620154
3,332.0,67.698484809835,0.687075804359112,0.9651162790697675,24.299668458185618,17.65579261340999,0.7389236315259792,12.47289156626506,205.55722891566265,0.9103115444219726,0.1059573344926096,0.006399636514245798,0.7391939130565506,0.6734926569014281,205.55722891566265,12.47289156626506
4,220.0,60.04163056034261,0.7905063397988843,0.9691629955947136,22.376353042554832,13.70448372255314,-1.479628322466777,7.822727272727272,230.6909090909091,0.7668803131160925,0.118912839737582,0.004013713326181259,0.09104176472859025,-0.9958470751451269,230.6909090909091,7.822727272727272
5,207.0,55.79898987322332,0.8290947771394326,0.971830985915493,22.118635110363495,12.366707715566285,1.4027418246041234,7.7729468599033815,331.15942028985506,0.8354636047378377,0.17070073210817271,0.0039881718111356495,0.16726457709748999,0.9859120453916758,331.15942028985506,7.7729468599033815
6,104.0,38.14213562373095,0.7992666070229938,0.9285714285714286,14.93208953468964,8.973836612515878,-1.5499361252594057,6.461538461538462,578.6730769230769,0.8983243900646511,0.2982850911974623,0.0033153096262383075,0.020858688689215754,-0.9997824338855761,578.6730769230769,6.461538461538462
7,701.0,100.18376618407356,0.5596766106241796,0.9722607489597781,33.34470268657092,27.63312532820563,-0.4199440729310336,16.750356633380886,659.7389443651925,0.8776738805631275,0.34007162080680026,0.008594333829338576,0.9131117437312797,-0.40770938603375534,659.7389443651925,16.750356633380886
8,123.0,42.14213562373095,0.8253583694143443,0.9761904761904762,17.0349007213441,9.618061869192507,1.5021773476080291,6.439024390243903,708.260162601626,0.8703258733924233,0.36508255804207523,0.003303758024753157,0.06856514238379635,0.9976466414767754,708.260162601626,6.439024390243903
9,182.0,54.97056274847714,0.9010751770243188,0.9732620320855615,23.64079922691787,10.2521379466777,1.5131664836945184,6.71978021978022,887.3296703296703,0.7568692934349166,0.4573864280049847,0.0034478092456542942,0.05759794836949965,0.9983398601396343,887.3296703296703,6.71978021978022
10,576.0,99.05382386916237,0.9057385068572367,0.9489291598023064,42.04417668098387,17.819875461462665,-0.8154522050186406,25.67361111111111,680.3732638888889,0.7377171097273423,0.35070786798396336,0.013172709651673222,0.6855392421736733,-0.7280356773125515,680.3732638888889,25.67361111111111
11,667.0,103.9827560572969,0.8598502515821753,0.9460992907801419,41.16316711270179,21.01570348847243,-0.7916993083048584,26.974512743628186,837.6551724137931,0.7751987246308067,0.4317810167081408,0.013840180986982137,0.7026371907892186,-0.7115482964070923,837.6551724137931,26.974512743628186
12,16.0,13.035533905932738,0.8870038767249414,0.8421052631578947,6.958784974236538,3.2133023017356748,-1.2129245319604565,15.25,1118.125,1.183238247413496,0.5763530927835051,0.007824525397639816,0.3502816565540476,-0.9366444154970189,1118.125,15.25
13,107.0,42.48528137423857,0.9028900117325745,0.9385964912280702,18.284693885767368,7.860071344111736,1.4650179555558458,16.794392523364486,1609.607476635514,0.74493202285795,0.8296945755853166,0.00861692792373755,0.10558122140968354,0.9944106826083675,1609.607476635514,16.794392523364486
14,754.0,111.25483399593904,0.7771037887716562,0.9729032258064516,40.52162731091332,25.503196523672045,-1.449287755839092,23.683023872679044,1636.1790450928381,0.7654968885237581,0.8433912603571331,0.01215137192030736,0.12120979277388143,-0.992626911853448,1636.1790450928381,23.683023872679044
15,144.0,47.55634918610405,0.9003159887643601,0.96,20.656824563917546,8.99061136757079,1.5073515068178414,17.493055555555557,1789.4652777777778,0.8001203967876395,0.9224047823596793,0.008975400490279917,0.06340226505000392,0.9979880524267457,1789.4652777777778,17.493055555555557
16,235.0,69.59797974644665,0.8842536847811097,0.8303886925795053,26.850842074161847,12.539527838219328,-0.7432460666082185,27.017021276595745,752.2936170212766,0.6096554487798531,0.38778021495942094,0.013861991419494995,0.736275888500032,-0.6766814730827854,752.2936170212766,27.017021276595745
17,671.0,101.29646455628166,0.5652161773583908,0.9477401129943502,32.56749303619818,26.86631987294391,0.915105096388414,30.533532041728762,878.2280178837556,0.8217577495852848,0.45269485457925546,0.015666255537059394,0.609707276599486,0.7926266692848771,878.2280178837556,30.533532041728762
18,367.0,73.01219330881976,0.7752946887078738,0.9607329842931938,27.440344411730702,17.331312529817456,-0.7267820891080329,29.681198910081743,598.3324250681198,0.8651375021746229,0.3084187758083092,0.015228937357661234,0.7473164675846791,-0.6644682816182856,598.3324250681198,29.681198910081743
19,463.0,82.66904755831214,0.7903490119080065,0.9526748971193416,31.259116214732614,19.15111227402836,-1.0472876947733007,29.47732181425486,1704.829373650108,0.8513438181909038,0.8787780276546948,0.01512433135672389,0.4999219313412268,-0.8660704720541266,1704.829373650108,29.47732181425486
20,381.0,76.52691193458118,0.8398450415599671,0.9501246882793017,30.015502288968563,16.293201677886948,-1.4709200328065695,26.83727034120735,1737.5275590551182,0.8175352026184601,0.8956327623995455,0.013769764156596895,0.09971032788637343,-0.9950165076584367,1737.5275590551182,26.83727034120735
21,549.0,88.91168824543142,0.73341530468044,0.9597902097902098,32.37989832694199,22.011234494029793,-0.7214362575479183,36.45355191256831,802.1985428051001,0.8726990338198424,0.41350440350778356,0.01870372083764408,0.7508579078286625,-0.6604637781522646,802.1985428051001,36.45355191256831
22,603.0,100.32590180780453,0.8024082238765589,0.9136363636363637,36.745459926763274,21.928791601460624,-1.3047400297056955,35.772802653399665,769.1426202321725,0.7528371323645865,0.39646526816091365,0.01835443953483821,0.2629285462450499,-0.964815308527733,769.1426202321725,35.772802653399665
23,495.0,98.66904755831213,0.8474041757662297,0.9252336448598131,35.72234728581697,18.966721770915694,-1.041384638713497,36.86464646464646,1842.8464646464647,0.6389298685480422,0.949920858065188,0.018914646723779613,0.5050256540657906,-0.8631043324740181,1842.8464646464647,36.86464646464646
24,390.0,75.698484809835,0.8187475281741828,0.9605911330049262,29.673557693688323,17.037183300798038,-1.302018401232541,36.11538461538461,502.2769230769231,0.8552638142596509,0.2589056304520222,0.01853021273236768,0.26555343802867204,-0.9640961422758377,502.2769230769231,36.11538461538461
25,680.0,97.7401153701776,0.6856347251020967,0.9659090909090909,34.587780750196444,25.178028207888715,0.33784510886455016,43.16029411764706,631.5014705882353,0.894485041163223,0.3255162219526986,0.022144840491353034,0.9434711044847192,0.33145478575875786,631.5014705882353,43.16029411764706
26,147.0,45.45584412271571,0.776814268647321,0.930379746835443,17.26642270155249,10.87318051723703,0.8512879974616324,35.183673469387756,576.6938775510204,0.8940210501266717,0.2972648853355775,0.01805216699301578,0.6590149514624251,0.7521298383583631,576.6938775510204,35.183673469387756
27,277.0,61.21320343559643,0.6656842969857646,0.9618055555555556,21.832149059845527,16.291880716167036,-0.00011847101088781043,38.42960288808664,375.51624548736464,0.9289651408608639,0.19356507499348694,0.019717600250429266,0.9999999929823098,-0.00011847101061067947,375.51624548736464,38.42960288808664
28,646.0,116.56854249492379,0.9102255229922024,0.8659517426273459,47.36207725675168,19.61324735422486,-0.9477097312977139,42.43962848297214,900.3931888544892,0.5974198511945421,0.4641202004404583,0.02177507874960089,0.5835445023484096,-0.812081162063834,900.3931888544892,42.43962848297214
29,407.0,73.45584412271572,0.38366575429050753,0.969047619047619,23.808925477101155,21.986876726889847,0.8739216909140655,42.7002457002457,393.0958230958231,0.9478760838607391,0.2026267129359913,0.021908797178166087,0.641824134475577,0.766851863403015,393.0958230958231,42.7002457002457
30,494.0,83.25483399593904,0.704396978405194,0.9667318982387475,29.923983955843426,21.24023050528136,-0.2708137820254863,48.473684210526315,90.88866396761134,0.895607856265067,0.04684982678742852,0.02487105398179903,0.9635535160166662,-0.2675156477141481,90.88866396761134,48.473684210526315
31,492.0,88.32590180780451,0.8648082469985718,0.9498069498069498,35.41818014423233,17.783548874854613,0.7364704664714459,48.048780487804876,747.8455284552846,0.7924991520966034,0.38548738580169306,0.024653042836226206,0.7408438758094843,0.67167726749949,747.8455284552846,48.048780487804876
32,728.0,100.91168824543142,0.7261998935195391,0.9719626168224299,36.82623533817852,25.317433229969883,1.0499192359452763,48.417582417582416,1620.7486263736264,0.898376327141361,0.8354374362750652,0.024842269070078204,0.49764110288572505,0.8673830369096914,1620.7486263736264,48.417582417582416
33,586.0,101.29646455628166,0.8020051154236069,0.9127725856697819,36.67989606776742,21.90953150807391,-1.0518898271859018,49.225255972696246,859.6006825938566,0.7176602701296229,0.44309313535765804,0.025256673151716903,0.49593088035008637,-0.8683619993500339,859.6006825938566,49.225255972696246
34,677.0,99.25483399593904,0.6400666800233974,0.9657631954350927,33.73949773240934,25.92270944002519,-0.5310695681841187,49.484490398818316,1815.861152141802,0.8635653297148604,0.9360109031658773,0.02538968209277492,0.8622658747248019,-0.5064558828615502,1815.861152141802,49.484490398818316
35,290.0,62.526911934581186,0.7005590827053086,0.9570957095709571,22.754315960516568,16.23735250787692,-0.0497356532845946,48.796551724137935,722.3103448275862,0.9321244528726526,0.3723249200142197,0.025036712018541782,0.9987634373281203,-0.04971515117665569,722.3103448275862,48.796551724137935
36,894.0,111.39696961966999,0.692654387405642,0.9749182115594329,39.812968923930846,28.715885929296924,0.5950196860417108,55.70022371364653,1786.4742729306488,0.9053169037284843,0.9208630272838396,0.028578873121419462,0.8281374644803999,0.5605250573560242,1786.4742729306488,55.70022371364653
37,842.0,107.74011537017762,0.6290152907856671,0.9711649365628604,37.26892064402992,28.97259532976004,1.3762323729758417,53.033254156769594,1728.750593824228,0.9115218488538137,0.8911085535176433,0.02721049469305777,0.19333873446532296,0.9811320674380933,1728.750593824228,53.033254156769594
38,723.0,104.8111831820431,0.7980948793110553,0.96271637816245,39.1641454110265,23.59764282217232,-0.987721226737936,57.58091286307054,695.0691562932227,0.8270521863340462,0.3582830702542385,0.02954382394205774,0.5505935479593819,-0.8347734692391103,695.0691562932227,57.58091286307054
39,353.0,68.5269119345812,0.6256817979185483,0.9697802197802198,24.072275354860196,18.77826169766606,1.3057117273347583,51.447592067988666,942.1048158640226,0.9446311149581192,0.4856210391051663,0.026396917428419018,0.26199091351673387,0.9650703400450494,942.1048158640226,51.447592067988666
40,972.0,114.32590180780451,0.45357103549274463,0.9739478957915831,37.320550318687076,33.26082561550358,-1.5093023127122986,59.13065843621399,1690.6594650205761,0.9345162494858772,0.8714739510415341,0.03033897303038173,0.061455264666412455,-0.9981098388678379,1690.6594650205761,59.13065843621399
41,497.0,87.49747468305831,0.8434797172380479,0.9613152804642167,34.578389703864985,18.574163250672818,-0.6652081274430093,62.38631790744467,964.9376257545272,0.8157840600767885,0.497390528739447,0.03200939861849393,0.7867883411464257,-0.6172228983406688,964.9376257545272,62.38631790744467
42,717.0,103.49747468305833,0.7300823390698975,0.9650067294751009,36.91325100607511,25.22500918950101,0.7898191566767133,63.70292887029289,1658.3179916317993,0.8411423766629662,0.8548030884699996,0.032684930154075365,0.7039737667886407,0.7102259750765334,1658.3179916317993,63.70292887029289
43,442.0,77.25483399593904,0.6026058753845737,0.9714285714285714,26.730978464511317,21.33236187298972,-0.013373913447047275,64.73529411764706,619.2149321266968,0.9306380520627737,0.3191829547044829,0.033214619865391,0.9999105705525249,-0.013373514770773628,619.2149321266968,64.73529411764706
44,1287.0,148.8528137423857,0.7159643023625923,0.8949930458970793,50.200633035739635,35.04691384386488,-0.03260785269429495,77.83838383838383,907.5485625485626,0.7299184040104738,0.4678085373961663,0.039937600738011204,0.9994684110758085,-0.03260207449838997,907.5485625485626,77.83838383838383
45,993.0,126.08326112068524,0.8415627997916824,0.9566473988439307,49.10323577594874,26.523568765879116,-1.5282888124746006,63.90130916414904,505.8519637462236,0.7849540707493329,0.2607484349207338,0.032786715835889706,0.04249471441834692,-0.9990966916402552,505.8519637462236,63.90130916414904
46,603.0,89.84062043356593,0.4420135620236959,0.9694533762057878,29.303016762766546,26.285051223021984,-0.5884484037003445,65.9983416252073,1757.810945273632,0.9388186127599653,0.9060881161204288,0.033862668868756954,0.8318029262339007,-0.555071069241336,1757.810945273632,65.9983416252073
47,244.0,58.2842712474619,0.49669006356308876,0.9277566539923955,18.96863566267268,16.463409659092424,-0.32476726430698016,62.13934426229508,126.24590163934427,0.9026033665106392,0.06507520703058983,0.031882680483476186,0.9477250153005301,-0.3190882250626148,126.24590163934427,62.13934426229508
48,767.0,103.05382386916239,0.5131158412725212,0.9770700636942675,34.006371656661926,29.188327348114473,-0.9745799531495981,70.73663624511082,865.1994784876141,0.9075634673452279,0.4459791126224815,0.036293810284818276,0.5615156776042495,-0.8274660982811565,865.1994784876141,70.73663624511082
49,758.0,104.46803743153546,0.333744889502461,0.9680715197956578,32.47973255637887,30.6174562085696,-1.3918301734116283,73.78232189973615,145.6174142480211,0.8727948955612149,0.0750605228082583,0.03785650174434897,0.17801233445696502,-0.9840282560888085,145.6174142480211,73.78232189973615
50,498.0,80.18376618407356,0.514507904419595,0.9783889980353635,27.21972708923381,23.340525000308983,0.7214360182392178,69.214859437751,287.65060240963857,0.9733438852288994,0.1482735063967209,0.035513011512442794,0.7508580658833693,0.6604635984654156,287.65060240963857,69.214859437751
51,276.0,70.76955262170048,0.8489015251618269,0.8734177215189873,27.263357907067725,14.410076141960419,-0.8494462171398613,65.93115942028986,657.3659420289855,0.6925099946711718,0.3388484237262812,0.03382819877900967,0.6603990908749281,-0.7509148026051747,657.3659420289855,65.93115942028986
52,679.0,97.74011537017762,0.4615786879246907,0.9686162624821684,31.473519602528018,27.920136264073683,0.9062787833443252,76.83063328424153,721.6082474226804,0.8931696219850415,0.3719630141354023,0.03942054042290484,0.6166794077713004,0.7872143977537747,721.6082474226804,76.83063328424153
53,636.0,102.42640687119285,0.8525790920893,0.9592760180995475,39.96513156021195,20.885706316611397,-0.26896221405811005,84.72641509433963,577.566037735849,0.761803746026408,0.2977144524411593,0.04347173683650058,0.964047187461041,-0.265731105346093,577.566037735849,84.72641509433963
54,473.0,86.08326112068522,0.8589978981462238,0.9594320486815415,34.37273445987106,17.59812206094477,1.0461658830782647,75.54122621564483,1180.46088794926,0.8021093566682629,0.6084849937882784,0.03875896676020771,0.5008931845555088,0.8655091089444645,1180.46088794926,75.54122621564483
55,677.0,101.49747468305833,0.7741692847343205,0.9548660084626234,37.29763492978474,23.60860505098839,1.3264812719375139,80.2983751846381,1155.2968980797637,0.8258250625901172,0.5955138649895689,0.04119978203419092,0.2418917770944887,0.9703032351662393,1155.2968980797637,80.2983751846381
56,685.0,96.66904755831212,0.5054111324250848,0.9675141242937854,31.83571187043449,27.470356497367646,-0.11665639521654715,84.27591240875913,46.67883211678832,0.9211398185160392,0.024061253668447587,0.04324059128207241,0.9932033557742969,-0.1163919845980616,46.67883211678832,84.27591240875913
57,358.0,69.94112549695427,0.7033064345409644,0.9572192513368984,25.34099942158598,18.01458228560505,-0.45170928487563067,81.23463687150839,465.5139664804469,0.919660761642785,0.23995565282497264,0.0416801625815846,0.8997023073083591,-0.43650401856571147,465.5139664804469,81.23463687150839
58,354.0,94.05382386916237,0.9649535515418026,0.8939393939393939,42.378750144485515,11.121062858912588,-0.642431016253629,88.45762711864407,873.5338983050848,0.5028751927564753,0.45027520531189935,0.04538616065605135,0.8006415973620835,-0.5991435826022768,873.5338983050848,88.45762711864407
59,732.0,109.49747468305833,0.8512313020857811,0.9556135770234987,42.34630150690833,22.22294486901042,1.4136810067012835,82.06967213114754,1238.3565573770493,0.7672073213268117,0.6383281223593038,0.042108605505976164,0.1564697129834423,0.987682757224646,1238.3565573770493,82.06967213114754
60,236.0,54.870057685088796,0.36323635018740363,0.959349593495935,17.958390058602678,16.731778663754344,-1.009724915252857,82.9957627118644,986.2415254237288,0.9850335743512547,0.5083719203215097,0.04258376742527676,0.5320936517718864,-0.846685505807238,986.2415254237288,82.9957627118644
61,234.0,55.79898987322332,0.6642334138461672,0.9629629629629629,20.02072158926002,14.965994543502148,-0.33920414299626883,84.44444444444444,763.7649572649573,0.9444371183992948,0.3936932769406996,0.04332706231115672,0.9430197749733579,-0.3327366887032411,763.7649572649573,84.44444444444444
62,387.0,76.28427124746189,0.7670168641737103,0.9416058394160584,28.306387485616835,18.16214078351311,-0.14525326748423698,90.82687338501292,231.2248062015504,0.8357008147957214,0.11918804443378886,0.046601782136999954,0.9894692789029816,-0.14474303474507372,231.2248062015504,90.82687338501292
63,1306.0,137.29646455628165,0.7044215237719987,0.9724497393894267,48.48087817836635,34.410848846235396,-0.45232804702401797,100.51837672281776,816.2113323124042,0.8706314129718654,0.4207274908826826,0.051574333875227175,0.899432042928312,-0.4370606367013656,816.2113323124042,100.51837672281776
64,696.0,97.01219330881976,0.6379251118343684,0.9830508474576272,34.034973233738015,26.210278564120223,-0.11761200700828527,94.40086206896552,1281.6077586206898,0.9293225098578244,0.6606225559900463,0.048435537233948445,0.9930916767446929,-0.11734104814775786,1281.6077586206898,94.40086206896552
65,645.0,93.35533905932736,0.6872427726184444,0.9832317073170732,33.71744171694199,24.49328753884683,-0.053079996848386074,93.5813953488372,1304.7007751937986,0.930017792844396,0.6725261727803086,0.04801508227236388,0.9985915876957142,-0.053055075000914206,1304.7007751937986,93.5813953488372
66,317.0,64.62741699796952,0.5439151735342175,0.9694189602446484,22.001993679130795,18.462757490926563,-1.3936139788473325,87.30914826498423,1687.788643533123,0.9537521480961108,0.8699941461510943,0.044796894953814385,0.1762567372216061,-0.9843442297204742,1687.788643533123,87.30914826498423
67,253.0,59.21320343559643,0.6529191896173192,0.9511278195488722,20.834910594794934,15.780935813471432,0.7940312716896797,89.57707509881423,251.18577075098815,0.9067619151886299,0.12947720141803512,0.04596053109225974,0.7009759772310066,0.7131848844058849,251.18577075098815,89.57707509881423
68,1029.0,128.56854249492378,0.7728948175539634,0.9518963922294172,45.98425286797866,29.17857929548364,-1.2522922471014393,96.79591836734694,368.9922254616132,0.782268418860838,0.1902021780729965,0.04966440141988042,0.31314622864318864,-0.9497049223240595,368.9922254616132,96.79591836734694
69,358.0,67.94112549695429,0.4907522710097327,0.9728260869565217,22.88305978133153,19.937990533039812,0.7850096188598472,94.8463687150838,699.7430167597765,0.9746022656225921,0.3606922766802972,0.04866411940230057,0.7073814702821217,0.7068319853412859,699.7430167597765,94.8463687150838
70,693.0,101.88225099390856,0.6606794872211712,0.9585062240663901,34.62628549468166,25.992848376121138,0.3978811557476488,102.42857142857143,887.1890331890332,0.8389692342806507,0.45731393463352227,0.052554423513889906,0.9218840426505147,0.38746588482903105,887.1890331890332,102.42857142857143
71,301.0,66.2842712474619,0.8087543149968158,0.9647435897435898,25.728931078860494,15.13238409864655,-1.432493913277127,94.35215946843854,953.4551495016611,0.8609053127299157,0.491471726547248,0.048410548726751435,0.13786193709433464,-0.9904514558021497,953.4551495016611,94.35215946843854
72,832.0,105.49747468305833,0.43247248795893994,0.9730994152046784,34.327378720368024,30.95118250595325,0.2223767385980599,103.51802884615384,1111.2103365384614,0.9393967696225954,0.5727888332672482,0.0531134062833011,0.9753760186849122,0.2205484576558402,1111.2103365384614,103.51802884615384
73,259.0,61.4558441227157,0.6450752239509866,0.9628252788104089,21.266292696771327,16.24997982990678,1.3840068354615505,95.77220077220078,1214.8455598455598,0.861753888106393,0.6262090514667834,0.04913914867737341,0.18570519396699448,0.9826055062606157,1214.8455598455598,95.77220077220078
74,635.0,93.01219330881975,0.6319231804429907,0.9679878048780488,32.3465569754469,25.06958529776426,-1.358744786607091,100.06299212598425,117.51968503937007,0.9223671309319909,0.0605771572367887,0.05134068349203912,0.21046592948044932,-0.9776011929861432,117.51968503937007,100.06299212598425
75,276.0,61.11269837220809,0.6625127758882164,0.9484536082474226,21.674769944613416,16.235499727380038,0.015142807422821822,98.76811594202898,779.0289855072464,0.9286584741578974,0.401561332735694,0.05067630371576654,0.9998853498825195,0.015142228710181766,779.0289855072464,98.76811594202898
76,432.0,77.01219330881975,0.678111296010384,0.96,27.459953433135446,20.18194623966374,0.7095202598356346,100.16666666666667,1331.900462962963,0.915323528867829,0.6865466303932799,0.05139387720198393,0.7586744995502336,0.6514698793744824,1331.900462962963,100.16666666666667
77,391.0,76.52691193458118,0.8249924026856124,0.9678217821782178,29.90906307973278,16.90292211458043,0.08235434071322,103.31202046035806,842.854219948849,0.8389928194850864,0.43446093811796344,0.05300770675236432,0.9966107974639591,0.08226128116101465,842.854219948849,103.31202046035806
78,502.0,82.08326112068522,0.4753195969330046,0.9672447013487476,27.048042693397093,23.797225209127358,1.329764944523622,103.10557768924303,496.2430278884462,0.9362770463502733,0.25579537520023,0.052901784345429984,0.2387043205881978,0.9710922959907193,496.2430278884462,103.10557768924303
79,481.0,88.42640687119284,0.8774294128594694,0.9600798403193613,35.911534729841414,17.22697040739989,0.4355116831991294,107.79833679833679,289.4303534303534,0.7730204514340447,0.14919090383007907,0.055309562236191274,0.9066542949682113,0.42187437634406727,289.4303534303534,107.79833679833679
80,411.0,76.18376618407356,0.5939798188461242,0.9558139534883721,25.79973629551714,20.755370322124378,-0.40870430977459105,106.38686131386861,91.30170316301704,0.8898704985247446,0.04706273358918404,0.054585357267249154,0.917636527044975,-0.3974206892360246,91.30170316301704,106.38686131386861
81,99.0,36.798989873223334,0.6949449672261659,0.9166666666666666,13.344026437738593,9.595194704028748,-0.876683259557186,100.38383838383838,342.85858585858585,0.9186990421700137,0.17673122982401332,0.05150530445553534,0.6397039757496441,-0.7686213784498183,342.85858585858585,100.38383838383838
82,438.0,80.42640687119284,0.6868676787825706,0.9501084598698482,28.281161949498255,20.554253381000304,-0.45663698614266807,107.87214611872146,1134.9269406392693,0.8509159048404823,0.5850138869274584,0.05534743259041635,0.8975404312365487,-0.440932165186109,1134.9269406392693,107.87214611872146
83,691.0,96.08326112068524,0.30631962353899306,0.9759887005649718,30.538668120085113,29.070635258453965,1.0328508494241013,111.20839363241679,157.29232995658467,0.9405728569067194,0.08107852059617766,0.05705920658410302,0.5123727258978149,0.8587631744293898,157.29232995658467,111.20839363241679
84,716.0,110.56854249492379,0.7807210637791263,0.926261319534282,38.922489135718784,24.321872745744283,-1.4616278646261167,110.55865921787709,588.0083798882681,0.7359693305842004,0.3030971030351898,0.056725838490444894,0.10895175088101688,-0.9940470391183512,588.0083798882681,110.55865921787709
85,608.0,93.59797974644667,0.7168704986548502,0.9514866979655712,33.68057923140573,23.482313559113482,1.5439219011363299,114.30098684210526,253.7483552631579,0.872128529469058,0.13079812126966903,0.05864596554238341,0.02687119083468119,0.9996389043565312,253.7483552631579,114.30098684210526
86,722.0,106.42640687119285,0.8151866724313228,0.9450261780104712,40.25491496654085,23.315578953544186,1.5547652619117847,112.45706371191136,1210.9792243767313,0.8010290414119136,0.6242160950395522,0.05769987876444913,0.01603037824123828,0.9998715052312687,1210.9792243767313,112.45706371191136
87,532.0,85.25483399593904,0.635811218463869,0.9690346083788707,29.664679173965663,22.896522583476113,0.7605579366704928,114.79323308270676,1363.6447368421052,0.9197789584781333,0.7029096581660336,0.05889852903166073,0.7244515234052271,0.6893257504517335,1363.6447368421052,114.79323308270676
88,310.0,63.698484809834994,0.5577033789522555,0.9627329192546584,21.847472021709557,18.134282777053564,1.3499931774523242,110.58064516129032,1835.0129032258064,0.9600931121004849,0.9458829398071167,0.056737119118158194,0.21901334400707165,0.9757218636203865,1835.0129032258064,110.58064516129032
89,352.0,70.42640687119285,0.7758790981032659,0.9643835616438357,26.722476972097446,16.858719703887186,0.6162540520605884,114.20170454545455,1184.3011363636363,0.8918287418277232,0.6104645032802248,0.0585950254209618,0.8160492688188252,0.5779823447651845,1184.3011363636363,114.20170454545455
90,668.0,107.05382386916239,0.8903784624578072,0.943502824858757,44.0659913220815,20.05976631756517,-0.658809168396746,120.52395209580838,959.9940119760479,0.7324567024685215,0.4948422742144577,0.061838867160496865,0.7907217901126325,-0.6121756697558912,959.9940119760479,120.52395209580838
91,610.0,90.42640687119285,0.6600801093154213,0.9775641025641025,32.204646033554575,24.19197596360357,-0.9418873423116331,118.40163934426229,1262.2393442622952,0.9374522383820573,0.6506388372486057,0.06074994322435213,0.5882628369337976,-0.8086697933536285,1262.2393442622952,118.40163934426229
92,563.0,95.84062043356595,0.8507094699751562,0.9352159468438538,37.73790099419512,19.836406262304955,-0.2742573070861134,124.28241563055062,206.42806394316165,0.7702275095243061,0.10640621852740291,0.06376727328401777,0.9626266081621869,-0.2708320757557409,206.42806394316165,124.28241563055062
93,721.0,101.9827560572969,0.5526513925902048,0.963903743315508,33.31105371771531,27.761849418094386,0.5361039691064298,123.42302357836338,616.375866851595,0.8711473899569949,0.3177195189956675,0.06332633328802637,0.8597052564071735,0.5107904385419484,616.375866851595,123.42302357836338
94,358.0,74.18376618407356,0.8494179338776869,0.9572192513368984,29.48568082985603,15.560205144365872,-0.3315122896391868,121.22346368715084,870.268156424581,0.8174762325713644,0.4485918332085469,0.062197775108851126,0.9455512149920341,-0.32547334733751715,870.268156424581,121.22346368715084
95,347.0,68.52691193458118,0.5795625151194376,0.9532967032967034,23.296140942572823,18.98467248454215,-1.120952972652539,117.0749279538905,1058.270893371758,0.9285750620126558,0.5455004605009062,0.060069229324725755,0.4348244774666218,-0.9005152268539823,1058.270893371758,117.0749279538905
96,670.0,104.91168824543142,0.8351630351675429,0.9370629370629371,40.126803538540415,22.069840610116444,1.2333948484131843,121.54626865671642,1009.9820895522388,0.7649568098083995,0.5206093245114632,0.06236340105526753,0.3310362006143838,0.9436180550852095,1009.9820895522388,121.54626865671642
97,217.0,52.87005768508881,0.45794747706206435,0.9601769911504425,17.669385185714788,15.707716803495185,0.6639723841867714,120.20276497695852,1170.0460829493088,0.9755511144047743,0.6031165376027365,0.061674071306802726,0.7875504692495489,0.6162501589328926,1170.0460829493088,120.20276497695852
98,595.0,90.18376618407356,0.1915542007386468,0.9627831715210357,27.98093324854145,27.462783350902413,0.8768431706886652,125.80336134453782,352.47226890756303,0.9193271661374339,0.18168673655029022,0.06454764563598657,0.6395810564567433,0.7687236644085286,352.47226890756303,125.80336134453782
99,498.0,81.59797974644665,0.49309586142263323,0.9651162790697675,27.04833789674714,23.531377308150454,1.0550651406578104,127.45180722891567,1390.2248995983937,0.9398972827916913,0.7166107729888627,0.06539343623854062,0.4931710632904308,0.8699323550328416,1390.2248995983937,127.45180722891567
100,245.0,58.04163056034261,0.743973208825773,0.9496124031007752,21.63943117320497,14.459672329374765,-1.287676634903513,123.26122448979592,95.19591836734693,0.9138959217363224,0.04907006101409636,0.0632433168239076,0.2793524957473958,-0.9601886185118532,95.19591836734693,123.26122448979592
101,727.0,99.49747468305833,0.6824914089765873,0.9745308310991957,35.593698011295224,26.015206616181857,-0.6847771239920174,132.32049518569463,769.6533700137552,0.9228267151144353,0.3967285412442037,0.06789148034155702,0.7745600354918011,-0.6325003963784844,769.6533700137552,132.32049518569463
102,672.0,100.91168824543142,0.7255478672764563,0.9411764705882353,35.45730643410081,24.40071493916894,-1.2698959939259526,132.05059523809524,120.71279761904762,0.8292704558227948,0.062223091556210114,0.06775299909599551,0.2963802076129741,-0.9550700354085507,120.71279761904762,132.05059523809524
103,584.0,88.42640687119285,0.5306801853117754,0.9733333333333334,29.636857144870323,25.119374580244628,-1.4741915377552106,132.32876712328766,840.8270547945206,0.9385528973752224,0.43341600762604154,0.06789572453734616,0.09645459867757218,-0.9953373852086279,840.8270547945206,132.32876712328766
104,939.0,115.1543289325507,0.1712352819284452,0.9680412371134021,35.01527471079329,34.49810488433518,-1.0999604480677594,137.6283280085197,1783.621938232162,0.8898461355064202,0.9193927516660628,0.0706148424876961,0.4536313700438929,-0.8911894187612983,1783.621938232162,137.6283280085197
105,339.0,70.18376618407356,0.7394528207640075,0.9495798319327731,25.50631338960861,17.171063972901035,-1.0143652432043087,134.27433628318585,883.8731563421829,0.8648409062727849,0.45560471976401185,0.06889396422944374,0.5281590387719372,-0.849145470319134,883.8731563421829,134.27433628318585
106,501.0,89.04772721475248,0.6450162612625037,0.9260628465804066,29.299839438056058,22.390024443628093,-0.7099140891164467,136.07385229540918,1844.3053892215569,0.7939660112691626,0.9506728810420396,0.06981726644197495,0.7584178728070244,-0.6517686170773092,1844.3053892215569,136.07385229540918
107,574.0,88.52691193458118,0.40359276076702305,0.9647058823529412,28.358650768970683,25.94642797800413,1.1745694166063534,138.70383275261324,148.81881533101046,0.9203883783861864,0.07671072955206724,0.07116666636870869,0.38594033278543843,0.9225237446968316,148.81881533101046,138.70383275261324
108,501.0,82.18376618407356,0.35396605843562906,0.9671814671814671,26.225143688072613,24.527282486375213,-1.4674912682189254,136.83832335329342,932.2375249500998,0.9321279076864815,0.4805348066753092,0.07020950402939631,0.10312141244910096,-0.9946687761735071,932.2375249500998,136.83832335329342
109,551.0,93.25483399593904,0.7230548632758604,0.9260504201680673,32.539082870908324,22.477692854102727,1.3710701703952113,137.14882032667876,1354.7332123411977,0.7961937355074319,0.698316088835669,0.07036881494442214,0.19840093838905343,0.9801209454176271,1354.7332123411977,137.14882032667876
110,1000.0,118.56854249492379,0.6454050669469026,0.970873786407767,40.931817851696536,31.26537994900328,0.782914597506577,143.463,1719.305,0.8938628777922052,0.8862396907216495,0.07360851718830169,0.7088607449127763,0.7053484559575528,1719.305,143.463
111,548.0,84.42640687119285,0.4272122316227213,0.9785714285714285,27.846229408518727,25.177206611935603,-1.55084602282109,140.742700729927,690.456204379562,0.9661260887259485,0.35590525998946493,0.07221277615696614,0.019948980581338708,-0.9998009992862407,690.456204379562,140.742700729927
112,603.0,95.25483399593904,0.8228383586157348,0.958664546899841,36.80344685986396,20.91449689693089,-1.3275614075149222,140.18242122719735,276.2553897180763,0.8351281582548247,0.14239968542168882,0.07192530591441629,0.24084357714641347,-0.9705639450068808,276.2553897180763,140.18242122719735
113,871.0,121.29646455628165,0.851424515542711,0.9406047516198704,46.66870115983073,24.47666797738721,-0.6032688802584812,149.3513203214696,553.3593570608496,0.7439294196808706,0.28523678199012864,0.07662971796894283,0.8234854599722664,-0.5673373751254758,553.3593570608496,149.3513203214696
114,325.0,66.2842712474619,0.6504430492920484,0.9701492537313433,23.395553902264314,17.770210584949858,0.010296173969530932,141.39384615384614,601.1138461538461,0.9295489257050584,0.30985249801744646,0.07254686821644235,0.9999469948690585,0.010295992052204939,601.1138461538461,141.39384615384614
115,623.0,95.49747468305831,0.6657165869684958,0.9599383667180277,33.112918625635686,24.70901487755208,1.2424364643554193,143.81861958266452,978.0160513643659,0.8584482823808052,0.5041319852393639,0.07379097977561033,0.3224909536629936,0.9465725459813067,978.0160513643659,143.81861958266452
116,895.0,132.3259018078045,0.9133532977770641,0.9207818930041153,54.40418240751264,22.151640353099886,-1.5694919279590385,142.46256983240224,1018.3385474860336,0.6423077682322178,0.5249167770546564,0.07309521284371587,0.0013043984659619075,-0.9999991492719591,1018.3385474860336,142.46256983240224
117,366.0,72.5269119345812,0.770222592747687,0.9457364341085271,27.128526792866154,17.30190057773223,1.5231076200912486,140.0983606557377,87.76229508196721,0.874364621030231,0.04523829643400372,0.07188217581105065,0.04767063304815793,0.9988631091119483,87.76229508196721,140.0983606557377
118,666.0,95.59797974644667,0.6615045861858938,0.9708454810495627,33.72824966778302,25.29420130874365,0.27850632301785955,148.8153153153153,1199.463963963964,0.915770531238426,0.6182803937958578,0.0763547025732762,0.9614671521371987,0.2749198344266649,1199.463963963964,148.8153153153153
119,349.0,70.5269119345812,0.7232664546771908,0.9509536784741145,25.512122513716353,17.61788262747476,1.244317845690019,144.0888252148997,1332.8710601719197,0.8817095691136037,0.6870469382329483,0.07392961786295521,0.32070952005009706,0.9471775988426017,1332.8710601719197,144.0888252148997
120,586.0,89.59797974644665,0.6743694251395567,0.9701986754966887,31.808794999700336,23.48742723484888,-1.5414690201132435,146.10921501706486,635.9368600682594,0.9172992647887883,0.32780250518982446,0.074966246801983,0.029323102837424474,-0.9995699853636992,635.9368600682594,146.10921501706486
121,1021.0,123.39696961966999,0.7656639172529718,0.9696106362773029,45.15301997467082,29.044266060877863,-0.6777895652225454,154.58667972575907,728.7502448579824,0.8426100160337736,0.375644456112362,0.07931589519023041,0.7789607239692927,-0.6270727154909831,728.7502448579824,154.58667972575907
122,865.0,113.15432893255071,0.667307539249446,0.958980044345898,38.57997362003049,28.733680804650984,-0.3549396919999351,153.7271676300578,1809.942196531792,0.848952955812588,0.9329598951194804,0.07887489360187676,0.9376674495939699,-0.3475338170192074,1809.942196531792,153.7271676300578
123,326.0,69.35533905932738,0.7711106914279342,0.9560117302052786,25.72848511122428,16.381354990350417,0.4690548575990915,148.66564417177915,1147.1625766871166,0.8516627757851023,0.5913209158181013,0.07627790875925046,0.8919959319463607,0.4520434242317251,1147.1625766871166,148.66564417177915
124,283.0,60.526911934581186,0.32776401296089924,0.956081081081081,19.544162416263347,18.46453558405832,1.353278912850816,148.13074204946997,27.65017667844523,0.97073181995481,0.01425266839095115,0.07600345923523344,0.21580620367009562,0.9764362152529479,27.65017667844523,148.13074204946997
125,264.0,65.4558441227157,0.9038938167379834,0.967032967032967,28.14999838764086,12.041356129709127,0.23382019356898498,152.25,1180.625,0.7743136852136029,0.6085695876288659,0.07811698306824012,0.9727883740783465,0.2316954450523511,1180.625,152.25
126,1063.0,135.29646455628165,0.7243086045411783,0.8932773109243698,45.948017628284916,31.68005176401617,-1.566421782995621,153.725305738476,1395.3085606773284,0.729743494816615,0.7192312168439837,0.0788739382957804,0.004374529846948698,-0.9999904316985329,1395.3085606773284,153.725305738476
127,290.0,75.80508652763322,0.8899220367851222,0.7435897435897436,29.876503764939127,13.627051925734685,1.294504111561454,146.65862068965518,1864.2689655172414,0.6341779916514398,0.9609633842872378,0.07524813786026432,0.2727903703941722,0.9620734970989536,1864.2689655172414,146.65862068965518
128,173.0,47.21320343559643,0.4701066957128528,0.9505494505494505,15.81670395141401,13.959974646032446,-1.2790236331827953,146.56069364161849,1101.3988439306358,0.9752793530342705,0.5677313628508432,0.07519789309472473,0.2876504477180133,-0.9577354644825609,1101.3988439306358,146.56069364161849
129,729.0,102.81118318204308,0.7678980488272578,0.9707057256990679,38.20102419444211,24.47050943487577,-0.7857658777144132,154.9506172839506,1289.5404663923182,0.8666758159198812,0.664711580614597,0.07950262559463858,0.7068467201000382,-0.7073667466624496,1289.5404663923182,154.9506172839506
130,1639.0,161.19595949289334,0.6737703389939449,0.9468515309069901,53.958035794167415,39.87179502656219,1.2637409573299627,162.95790115924345,892.9243441122636,0.7926482666747959,0.460270280470239,0.08361103189289043,0.3022530474288265,0.9532277247961201,892.9243441122636,162.95790115924345
131,474.0,89.59797974644665,0.8974454700353931,0.9575757575757575,37.19618344110772,16.40818171159077,-1.2753501237607512,150.7594936708861,1068.1708860759493,0.7419792687882009,0.5506035495236852,0.07735222866643719,0.2911667491857196,-0.9566723180737594,1068.1708860759493,150.7594936708861
132,89.0,34.14213562373095,0.8217287636673376,0.956989247311828,14.086609683978448,8.027660127265138,0.1086885840948473,148.38202247191012,1164.6067415730338,0.959441510325712,0.6003127533881617,0.07613238710718837,0.9940992082166609,0.10847471697592877,1164.6067415730338,148.38202247191012
133,1495.0,150.12489168102783,0.7291240657517678,0.9589480436177037,52.892259429801534,36.19848613456085,-0.4344618628804478,167.30100334448161,1747.256856187291,0.8335768454375221,0.9006478640140676,0.08583940653898492,0.9070966875569803,-0.42092231993938517,1747.256856187291,167.30100334448161
134,911.0,115.25483399593905,0.46083262839266953,0.9559286463798531,36.48384882305631,32.3789438721334,0.9220986124580776,160.64873765093304,1675.3172338090012,0.8618068503927652,0.8635655844376295,0.082426237891705,0.604149164329289,0.7968712488477808,1675.3172338090012,160.64873765093304
135,455.0,79.59797974644665,0.7365121944217932,0.9701492537313433,29.32530103584402,19.836345224809214,0.3292163659113422,157.33186813186813,805.3274725274725,0.9024375760339325,0.4151172538801405,0.08072440642989642,0.9462959841916856,0.3233015779464881,805.3274725274725,157.33186813186813
136,600.0,96.25483399593904,0.607154161658383,0.9448818897637795,31.459680290177598,24.997360403669067,-0.5057723834108193,159.92666666666668,1833.5083333333334,0.813796871040745,0.9451073883161513,0.08205575508807936,0.8748005285683303,-0.4844832661883893,1833.5083333333334,159.92666666666668
137,424.0,83.1126983722081,0.8877825064988647,0.9571106094808126,34.346395514472775,15.80838220198618,-1.3545536829924192,152.41273584905662,837.3396226415094,0.7713313009216065,0.4316183621863451,0.07820048016883356,0.2145612969281184,-0.9767105251099344,837.3396226415094,152.41273584905662
138,625.0,130.8111831820431,0.9475445631619127,0.7754342431761787,54.48226245027013,17.413821560469884,-1.0570195922307712,161.344,164.5984,0.4589867342762019,0.08484453608247422,0.08278296562339661,0.49146988178614465,-0.870894571861091,164.5984,161.344
139,466.0,80.42640687119285,0.5824788031022432,0.9510204081632653,27.106993957590127,22.033808679482807,-0.8293284747280654,158.72103004291844,1428.8197424892703,0.9053123553782295,0.7365050219016858,0.0814371626695323,0.6753711474323563,-0.7374780086320557,1428.8197424892703,158.72103004291844
140,773.0,121.63961030678928,0.8898661921402921,0.8895281933256617,48.16279911241452,21.97290989330152,1.1014453835890539,163.47736093143595,600.8525226390685,0.6565069343231706,0.3097177951747776,0.08387755819981321,0.45230751157002175,0.8918620492976111,600.8525226390685,163.47736093143595
141,1549.0,169.68124086713192,0.7669975013908722,0.8791146424517594,57.45279521663668,36.86459099153198,-1.3805406193729741,168.21691413815364,1865.422207876049,0.6760730416207449,0.9615578391113655,0.08630934537616913,0.1891099945706521,-0.9819559103918505,1865.422207876049,168.21691413815364
142,1083.0,144.3259018078045,0.9222037700325535,0.9466783216783217,60.21821393587695,23.28664155873224,-1.5610325484351384,160.86980609418282,1117.9076638965835,0.6533558153365985,0.5762410638642183,0.08253966449162792,0.009763623228106593,-0.9999523346947391,1117.9076638965835,160.86980609418282
143,295.0,62.8700576850888,0.5834783921426934,0.9546925566343042,21.537806390651713,17.491469916431686,0.9131769926472076,157.8237288135593,1364.915254237288,0.9378732786042022,0.7035645640398392,0.08097677209520744,0.6112344087803362,0.7914496178045403,1364.915254237288,157.8237288135593
144,1062.0,123.1543289325507,0.5767865550906887,0.9707495429616088,41.167581736950815,33.629587370226204,-0.37057528663533046,168.97080979284368,1643.9990583804142,0.8799034419934089,0.8474221950414507,0.08669615689730308,0.9321191588133104,-0.3621517275578933,1643.9990583804142,168.97080979284368
145,672.0,107.39696961966999,0.8158399848405362,0.9180327868852459,39.14452102961485,22.636404293212284,0.8837376780292632,165.20982142857142,1339.8318452380952,0.7321415977362529,0.690634971772214,0.08476645532507512,0.634265926561052,0.7731149554908703,1339.8318452380952,165.20982142857142
146,509.0,85.25483399593905,0.6169119984025305,0.9549718574108818,29.01080668819024,22.83243721258199,-0.4075495098485382,165.84282907662083,1910.6247544204323,0.8800140786943038,0.9848581208352744,0.08509124118862023,0.9180948564625802,-0.39636073788526827,1910.6247544204323,165.84282907662083
147,811.0,115.9827560572969,0.871585050052833,0.958628841607565,46.26012220184894,22.678762493179537,-1.180595153253381,166.1442663378545,941.3020961775586,0.7576068089148358,0.4852072660709065,0.08524590371362468,0.38037447465979435,-0.9248325572920135,941.3020961775586,166.1442663378545
148,829.0,106.91168824543142,0.5573290810158344,0.9684579439252337,35.70151511985732,29.64267143130008,0.5603377755381865,170.13027744270204,1782.2135102533173,0.911410482893175,0.9186667578625347,0.08729106077101181,0.8470756409803002,0.5314723496644144,1782.2135102533173,170.13027744270204
149,628.0,112.91168824543142,0.902827727711857,0.8807854137447405,45.98967472157124,19.775672113460615,-1.4948836345272183,168.61305732484075,1047.5843949044586,0.6190015062182842,0.5399919561363189,0.08651259996143702,0.07583980246160192,-0.9971200150245633,1047.5843949044586,168.61305732484075
150,330.0,69.11269837220809,0.7635699698582411,0.953757225433526,25.6222037006703,16.544899974631964,-1.118247498357198,166.87878787878788,61.86363636363637,0.8681766575995987,0.03188847235238988,0.08562277469409332,0.43725920392556344,-0.8993355261427086,61.86363636363637,166.87878787878788
151,227.0,54.62741699796952,0.6689857551776588,0.9578059071729957,19.725934252089097,14.661798209877576,1.565612957213788,166.01762114537445,39.048458149779734,0.9559042435214915,0.020128071211226665,0.08518092413821161,0.005183346370598064,0.99998656636997,39.048458149779734,166.01762114537445
152,1048.0,127.63961030678928,0.8194274497102614,0.9676823638042474,48.59543459866873,27.85407288496105,-0.5404484236201493,180.5009541984733,561.5229007633587,0.8083514235896263,0.28944479420791686,0.09261208527371642,0.85747804441329,-0.5145205567799598,561.5229007633587,180.5009541984733
153,631.0,91.25483399593904,0.4428313014095302,0.9767801857585139,29.997582283702858,26.895980799189,-1.3799136447163356,172.87004754358162,473.1664025356577,0.9521984374576311,0.24390020749260707,0.08869679196694798,0.18972561883076305,-0.9818371502236427,473.1664025356577,172.87004754358162
154,938.0,125.29646455628165,0.7252175696578037,0.9436619718309859,43.096401076664065,29.672724250357494,-0.12145230253929541,182.60767590618337,1266.0788912579958,0.7508186793111572,0.652617985184534,0.09369300970045324,0.9926337305651539,-0.12115393903751319,1266.0788912579958,182.60767590618337
155,420.0,74.76955262170047,0.49686424450905925,0.9655172413793104,24.85471883930233,21.56962788531225,0.16478913207007156,172.06190476190477,1461.3142857142857,0.9440817236175237,0.7532547864506627,0.0882821471328398,0.9864529689644269,0.16404432334362393,1461.3142857142857,172.06190476190477
156,603.0,95.01219330881976,0.8103503628770297,0.9541139240506329,36.50458302714653,21.389701151078253,-0.2870215181376733,177.82587064676616,1307.1873963515754,0.839399079860467,0.6738079362636987,0.09123954368741209,0.9590913273120959,-0.28309684893110704,1307.1873963515754,177.82587064676616
157,232.0,61.698484809834994,0.8917278637688985,0.9392712550607287,25.76763836592035,11.661711681617362,-1.2866672185180106,168.89655172413794,1011.5,0.7658590547300117,0.5213917525773196,0.08665805629765928,0.2803215833883882,-0.9599061463948582,1011.5,168.89655172413794
158,985.0,131.1543289325507,0.847417075140196,0.9416826003824091,49.933569073902845,26.511118655414755,-1.4396487775235027,175.96243654822334,1204.8629441624366,0.7195829014473365,0.6210633732796065,0.09028344615096118,0.13077192314302846,-0.9914124793028751,1204.8629441624366,175.96243654822334
159,495.0,83.35533905932739,0.5745915968674667,0.953757225433526,27.91885890866716,22.849918785772026,-0.7527343268314141,176.64242424242425,1439.2808080808081,0.895258015701035,0.7418973237529939,0.09063233670724692,0.7298223127954268,-0.6836368858874822,1439.2808080808081,176.64242424242425
160,702.0,99.7401153701776,0.5909868837794098,0.9616438356164384,33.47774460282727,27.005866043406645,0.8819929783545533,179.75071225071224,786.957264957265,0.8867623460139685,0.40564807472023967,0.09222714840980618,0.6356138139429102,0.7720071758247766,786.957264957265,179.75071225071224
161,706.0,97.84062043356595,0.26568558833300254,0.9671232876712329,30.606842294602416,29.50682420035002,-1.2711981642365753,179.88526912181302,1411.385269121813,0.926778967025193,0.7275181799596975,0.09229618733802618,0.29513629284162285,-0.9554551630755385,1411.385269121813,179.88526912181302
162,842.0,108.66904755831213,0.4995378493396991,0.967816091954023,35.26623157737653,30.550856480131497,0.6429183625425288,180.68527315914488,1714.0748218527317,0.8960045895119473,0.8835437226045009,0.09270665631562078,0.8003495118933904,0.5995337011478268,1714.0748218527317,180.68527315914488
163,484.0,85.59797974644667,0.6579746275201889,0.9584158415841584,29.20535197977884,21.992801123644366,0.33230979670635985,178.93595041322314,1244.2169421487604,0.8300957612334415,0.6413489392519384,0.09180910744649724,0.9452913470313163,0.3262273275305418,1244.2169421487604,178.93595041322314
164,314.0,64.76955262170047,0.4268661123146848,0.9691358024691358,21.130498754505044,19.10862351049344,-0.25187858757436954,177.43949044585986,1925.6910828025477,0.9405842830576047,0.9926242694858494,0.09104129833035396,0.9684459422906249,-0.24922370846455155,1925.6910828025477,177.43949044585986
165,442.0,94.32590180780451,0.9407289824929507,0.9404255319148936,41.09231660656265,13.936838350371733,-1.0095920340631217,180.86877828054298,948.9615384615385,0.6242667463367924,0.4891554321966693,0.09280080978991431,0.5322061556512004,-0.8466147930948114,948.9615384615385,180.86877828054298
166,384.0,73.35533905932738,0.7750205699664539,0.9721518987341772,27.863075596155664,17.607680717023378,-0.1398672186338432,182.765625,650.0442708333334,0.8967628959169659,0.33507436640893473,0.09377405079527963,0.9902345162087878,-0.13941163118172067,650.0442708333334,182.765625
167,403.0,74.18376618407356,0.6782754993659486,0.9641148325358851,26.4458307089463,19.43259987552517,1.336125734878672,179.89578163771714,1376.803970223325,0.9202316249336866,0.7096927681563531,0.09230158113787436,0.23252261879972852,0.9725909889293218,1376.803970223325,179.89578163771714
168,54.0,28.72792206135786,0.8459348302163336,0.8709677419354839,11.57383751114721,6.172168823161852,-0.048501542853066695,176.22222222222223,374.8888888888889,0.8222335548166141,0.19324169530355098,0.09041673792828231,0.9988240307266966,-0.048482529254104546,374.8888888888889,176.22222222222223
169,481.0,83.01219330881976,0.655172515855523,0.9543650793650794,28.678279764679925,21.665846754832135,-0.9413313193258086,182.76715176715177,831.3430353430354,0.8771445371251408,0.4285273378056883,0.09377483415451604,0.5887123849695495,-0.8083425807066363,831.3430353430354,182.76715176715177
170,618.0,98.5685424949238,0.7794688529741105,0.944954128440367,36.08033469346335,22.602200391700883,-0.5236625767151577,188.04854368932038,747.1796116504854,0.7993218216965864,0.38514412971674505,0.09648462990729624,0.8659935014634169,-0.5000552523703065,747.1796116504854,188.04854368932038
171,989.0,123.1543289325507,0.818141227259155,0.9658203125,46.93740845756718,26.989823388732926,1.5339981195714356,185.75935288169867,1818.0010111223457,0.8194204370352932,0.937113923258941,0.09531008357193364,0.036789902994254504,0.9993230223694806,1818.0010111223457,185.75935288169867
172,554.0,91.73401871576772,0.6275446350329154,0.9421768707482994,30.612102859787665,23.833989025440065,1.4602371499576083,185.31046931407943,1679.3880866425993,0.8272919329090129,0.8656639621869069,0.0950797687604307,0.11033408087279961,0.9938945570823671,1679.3880866425993,185.31046931407943
173,680.0,95.25483399593904,0.5748389418963463,0.9742120343839542,32.624532188582826,26.695564277071934,-0.7078013431658626,191.45735294117648,1079.45,0.9417697307019581,0.5564175257731959,0.09823363414118855,0.7597932006164635,-0.6501648193319833,1079.45,191.45735294117648
174,428.0,76.18376618407356,0.6024822252424219,0.9574944071588367,26.147554570094794,20.869207867809834,1.2461889027767716,188.96728971962617,674.3364485981308,0.9266777940841623,0.3475961075248097,0.09695602345799187,0.3189367363468795,0.947776006347703,674.3364485981308,188.96728971962617
175,357.0,69.11269837220809,0.5635452405711752,0.970108695652174,23.592749701032183,19.489621414881753,1.1007206953341127,188.03641456582633,1012.3249299719888,0.9392092932213841,0.5218169742123654,0.09647840665255328,0.4529537146957474,0.8915340331940915,1012.3249299719888,188.03641456582633
176,916.0,123.9827560572969,0.848811599169852,0.9423868312757202,47.59912889297661,25.1654424314087,-1.4708994661855554,192.15174672489084,1133.6168122270742,0.7488291900665102,0.5843385630036465,0.09858991622621388,0.09973079199269967,-0.9950144567434731,1133.6168122270742,192.15174672489084
177,550.0,87.84062043356596,0.5720224162813197,0.9548611111111112,29.26751434007043,24.00632704596998,0.5796588023763203,194.16181818181818,1335.2890909090909,0.8957395789705237,0.6882933458294282,0.09962125099118428,0.8366495856877705,0.5477385058296359,1335.2890909090909,194.16181818181818
178,496.0,83.35533905932738,0.5372312692054539,0.9612403100775194,27.729159586954967,23.38774312712476,-0.34847231056839045,196.50806451612902,1037.725806451613,0.8970666177529566,0.5349102095111407,0.1008250715834423,0.9398954578299467,-0.3414623381145203,1037.725806451613,196.50806451612902
179,464.0,80.18376618407358,0.5349352509696184,0.9547325102880658,26.508079408424926,22.396492238790504,0.04660230101655141,196.9073275862069,1659.5431034482758,0.9068906882454,0.8554345894063278,0.10102992692981369,0.9989143092809344,0.046585434566974025,1659.5431034482758,196.9073275862069
180,534.0,91.35533905932738,0.8485297483788576,0.9352014010507881,36.21015439759185,19.16051915315208,0.08499467896042456,200.5131086142322,719.9850187265918,0.8040503650405585,0.3711262983126762,0.1028799941581489,0.9963901262321149,0.08489238097232359,719.9850187265918,200.5131086142322
181,166.0,49.112698372208094,0.5600438006578735,0.9222222222222223,16.27811999518668,13.485820115509169,-1.157318115710154,193.31927710843374,852.1746987951807,0.8648292306928108,0.4392653086573096,0.09918895695661044,0.4017968501885419,-0.9157288305926413,852.1746987951807,193.31927710843374
182,426.0,83.35533905932738,0.87351354388798,0.9466666666666667,33.64872357333645,16.38019340447286,1.434073262708258,195.15258215962442,117.17136150234742,0.7704644741184667,0.06039760902182857,0.10012959577199816,0.13629749686379977,0.9906679526201817,117.17136150234742,195.15258215962442
183,431.0,78.18376618407356,0.6543710287655723,0.9535398230088495,27.26167002398199,20.61455594593302,-1.1420703012219255,197.19953596287704,454.0603248259861,0.8860412890552803,0.23405171382782788,0.10117985426520115,0.4157124653294506,-0.9094960946423631,454.0603248259861,197.19953596287704
184,845.0,106.91168824543142,0.11119870409661947,0.9679266895761741,32.91585456489306,32.71171678428249,-0.4715905383195019,203.42011834319527,989.291124260355,0.9290010350358658,0.5099438784847191,0.10437153326998218,0.89084682775787,-0.45430378544949385,989.291124260355,203.42011834319527
185,578.0,100.91168824543144,0.8913810682638825,0.9292604501607717,40.886436123805225,18.531967899159717,1.2330951571302085,197.81314878892732,1229.1107266435986,0.7132713146809154,0.6335622302286591,0.10149468896302069,0.3313189798497325,0.9435188040475572,1229.1107266435986,197.81314878892732
186,874.0,112.08326112068524,0.6556343944875471,0.9551912568306011,38.56917131452298,29.122752012265995,1.311184891497595,202.05720823798626,1387.5366132723111,0.8742583313981451,0.7152250583877893,0.10367224640225052,0.2567050274597241,0.9664897976062149,1387.5366132723111,202.05720823798626
187,596.0,101.01219330881977,0.8752998041520436,0.9254658385093167,40.11383725963165,19.39827581939292,-1.4523481301565242,196.78020134228188,1433.8187919463087,0.734021061429151,0.7390818515187159,0.10096470053477778,0.11817141998960856,-0.9929932101971491,1433.8187919463087,196.78020134228188
188,376.0,81.84062043356595,0.9108445430047183,0.9423558897243107,34.41071102798639,14.203006636365872,1.1987771837709564,198.23138297872342,91.51063829787235,0.7054396771849595,0.04717043211230534,0.10170927808041222,0.36349719580003315,0.9315952923053618,91.51063829787235,198.23138297872342
189,873.0,134.3259018078045,0.9439461555991303,0.9228329809725159,58.67398656760681,19.368251445303734,-0.25251824905205866,213.815578465063,919.0229095074455,0.6080013980296837,0.473723149230642,0.10970527371219241,0.9682863253679049,-0.24984313499778163,919.0229095074455,213.815578465063
190,977.0,115.39696961966999,0.4767662809708948,0.9750499001996008,37.69700334789473,33.13680055019299,0.10346561039258072,206.28556806550665,1630.6980552712384,0.9219675153488778,0.8405660078717724,0.1058417486226304,0.9946522070237465,0.10328110699827985,1630.6980552712384,206.28556806550665
191,779.0,109.59797974644667,0.7217331875243195,0.95,38.38700959552024,26.57038903797055,1.4390302861308808,204.09627727856227,359.9935815147625,0.814971129816077,0.18556370181173326,0.10471845935277695,0.13138507817672593,0.9913314083758749,359.9935815147625,204.09627727856227
192,460.0,79.01219330881976,0.6834893154882978,0.9766454352441614,28.590346886555842,20.869824379527127,-0.06665085681322727,204.89347826086956,1101.9478260869564,0.925932782536618,0.568014343343792,0.10512749012871707,0.9977796537860935,-0.06660152018162606,1101.9478260869564,204.89347826086956
193,339.0,67.35533905932738,0.6105584113231668,0.9603399433427762,23.36099494510578,18.501235859621563,0.05451028714394101,202.99410029498526,1766.2477876106195,0.938999819729305,0.9104370039229998,0.10415295038223975,0.9985146821383089,0.054483296102861574,1766.2477876106195,202.99410029498526
194,271.0,67.698484809835,0.8802748928931987,0.9312714776632303,27.564990606353774,13.078596448028504,1.337551548337776,197.74169741697418,619.3653136531366,0.7430555076456462,0.31926047095522503,0.10145802843354242,0.23113564959467453,0.9729215340850709,619.3653136531366,197.74169741697418
195,138.0,44.384776310850235,0.8538988958031275,0.9583333333333334,18.41871971123729,9.585818705699074,-0.21553848273742426,200.47826086956522,1857.9202898550725,0.8802800905853884,0.9576908710593157,0.10286211435072612,0.9768613686613792,-0.21387348226700975,1857.9202898550725,200.47826086956522
196,836.0,127.1543289325507,0.9011689894351479,0.8912579957356077,51.80400800315518,22.4553764818451,1.4668357670586107,205.73444976076556,498.44736842105266,0.6497613000269082,0.2569316332067282,0.10555897884082378,0.10377339678462412,0.9946009662773212,498.44736842105266,205.73444976076556
197,185.0,57.556349186104036,0.7985102563868497,0.7872340425531915,20.83022047348993,12.539401208447497,0.001377164924019517,204.72432432432433,1412.2432432432433,0.7017705112142664,0.7279604346614656,0.10504070001248042,0.9999990517085359,0.0013771644887015755,1412.2432432432433,204.72432432432433
198,326.0,70.52691193458118,0.8424541983345946,0.9421965317919075,27.81451801686041,14.985571362279671,-1.4143497027086898,202.72392638036808,412.4907975460123,0.8236026347594123,0.21262412244639808,0.10401432856868552,0.1558092185332683,-0.9877871670658879,412.4907975460123,202.72392638036808
199,431.0,80.66904755831214,0.4508157755867919,0.9189765458422174,25.247562256449754,22.536403671727324,-0.38780406218182023,208.12761020881672,1353.2668213457077,0.8322873148673204,0.6975602171885091,0.10678687029698139,0.9257416992842062,-0.3781564573115078,1353.2668213457077,208.12761020881672
200,703.0,118.12489168102785,0.9331560490492494,0.8910012674271229,51.423198189379434,18.48517624863968,0.8772791741030651,213.77098150782362,1904.475106685633,0.6331146200666778,0.9816881993224912,0.10968239174336769,0.6392458295330989,0.7690024508573039,1904.475106685633,213.77098150782362
201,608.0,97.25483399593904,0.8254570643686788,0.9529780564263323,37.25581974181039,21.029602946201138,1.1513826513203227,208.53947368421052,772.0986842105264,0.8077761932437351,0.39798901247965274,0.10699819070508493,0.40722501656142585,0.9133278633035052,772.0986842105264,208.53947368421052
202,677.0,102.91168824543142,0.7362096639645699,0.9389736477115118,36.19829650768319,24.497324682617478,-0.6923632479643208,214.60856720827178,842.1329394387002,0.803284019407823,0.4340891440405671,0.11011214325719434,0.769739567516519,-0.6383580485898821,842.1329394387002,214.60856720827178
203,292.0,68.5269119345812,0.8372734150874034,0.9419354838709677,26.31871268149372,14.39066268485852,-1.0109199273253795,207.93835616438355,1716.2876712328766,0.7813945766792374,0.8846843666148848,0.1066897671443733,0.5310814726824845,-0.8473207594373003,1716.2876712328766,207.93835616438355
204,391.0,73.11269837220809,0.38635650530075927,0.9559902200488998,23.4827306480476,21.659285516774805,0.18413972947493615,210.5933503836317,1741.5728900255754,0.9191809096818632,0.8977179845492657,0.10805200122300242,0.9830941306731742,0.18310087448167994,1741.5728900255754,210.5933503836317
205,198.0,50.04163056034261,0.49252465164093606,0.9611650485436893,17.033688637426856,14.824393557332831,-0.31038392016653604,207.67676767676767,1793.8232323232323,0.9936012967021167,0.9246511506820785,0.10655555037289259,0.952216381541627,-0.3054242340151982,1793.8232323232323,207.67676767676767
206,512.0,88.42640687119285,0.8306437417353892,0.9588014981273408,34.26379167250642,19.07822487044994,-1.302747891479203,210.83203125,1681.5,0.8228408963289622,0.8667525773195877,0.10817446446895844,0.26485006870048766,-0.9642896043768941,1681.5,210.83203125
207,386.0,75.25483399593904,0.7014617573841545,0.9601990049751243,26.455999967716178,18.85537887607847,-0.3348537805143528,215.1321243523316,900.6036269430052,0.8565019667174479,0.46422867368196147,0.11038077185855906,0.944458371995576,-0.32863107517011564,900.6036269430052,215.1321243523316
208,84.0,33.55634918610404,0.7852528826136086,0.9333333333333333,13.210207425113362,8.179432633024012,-1.3022941770939405,207.5,1503.5833333333333,0.937431925861532,0.7750429553264604,0.1064648537711647,0.2652875534899559,-0.9641693388421526,1503.5833333333333,207.5
209,495.0,82.08326112068524,0.673795259952434,0.9763313609467456,29.32483317602844,21.66864979810958,0.1686597332162053,218.65252525252527,688.2484848484848,0.9232213903254683,0.3547672602311778,0.1121870319407518,0.9858106311142907,0.16786125098438842,688.2484848484848,218.65252525252527
210,416.0,85.7401153701776,0.9088859453343359,0.9411764705882353,35.9303034753937,14.984545070928235,0.9756955592860986,215.89903846153845,1334.5192307692307,0.7111071862862688,0.687896510705789,0.11077426293562774,0.5605922021140175,0.8280920135642877,1334.5192307692307,215.89903846153845
211,778.0,111.7401153701776,0.8503874500813154,0.956949569495695,43.602464667139934,22.941741840073494,1.5094163110732273,215.7223650385604,1822.7133676092544,0.7830170704494445,0.939542972994461,0.11068361469397661,0.06134148138167641,0.9981168381817338,1822.7133676092544,215.7223650385604
212,244.0,56.284271247461895,0.47931616710628194,0.9606299212598425,18.910430853855406,16.596594084603943,-0.836766183233329,213.172131147541,1015.860655737705,0.9678890925374926,0.5236395132668582,0.10937513142511082,0.6698673710339537,-0.7424807776798397,1015.860655737705,213.172131147541
213,642.0,94.5685424949238,0.6544807301054433,0.9668674698795181,33.03499295451376,24.9770539448515,-0.6803839925653695,219.94080996884736,1465.5716510903426,0.902093390335072,0.7554493046857436,0.11284802974286678,0.7773312095838214,-0.629091559796309,1465.5716510903426,219.94080996884736
214,939.0,126.12489168102785,0.833163270684617,0.9214916584887144,47.64942092184508,26.35142068341739,0.6111715738308403,227.82215122470714,1614.3556975505858,0.7417778208098862,0.8321421121394772,0.1168918169444367,0.8189762989559006,0.5738273448943464,1614.3556975505858,227.82215122470714
215,415.0,75.11269837220809,0.700786669062136,0.9741784037558685,27.30631697219862,19.47953198109033,-1.132196243891588,215.0987951807229,1072.7975903614458,0.9243389051563993,0.5529884486399206,0.11036367120611745,0.424672470786925,-0.9053470564130246,1072.7975903614458,215.0987951807229
216,713.0,117.39696961967,0.9072639569886745,0.9025316455696203,48.451532420066656,20.37685704740373,-0.5098483105637539,225.382889200561,1227.6942496493689,0.6501081652497145,0.6328320874481282,0.11564027152414623,0.872818548936047,-0.48804485514466117,1227.6942496493689,225.382889200561
217,505.0,107.05382386916237,0.9480854289381977,0.8782608695652174,46.255437432814254,14.709957785825043,0.974595118544095,222.53663366336633,1321.7445544554455,0.5537284951296457,0.6813116260079616,0.11417990439372311,0.5615031286898655,0.8274746137927691,1321.7445544554455,222.53663366336633
218,749.0,101.74011537017762,0.49305257903480487,0.9652061855670103,33.31036403041334,28.980000516605976,-0.04798947165169092,225.23631508678238,663.8251001335113,0.9093000818437831,0.3421778866667584,0.11556506674539886,0.9988487262783372,-0.047971053898610484,663.8251001335113,225.23631508678238
219,320.0,65.35533905932738,0.5770922146132241,0.960960960960961,22.41897434431385,18.309105367248222,-0.6079527442000626,220.80625,754.28125,0.9414509503269208,0.3888047680412371,0.11329207285787583,0.820819105579647,-0.5711882315974555,754.28125,220.80625
220,612.0,104.42640687119284,0.8978680343075812,0.9444444444444444,42.6484621756753,18.776611770859727,-1.1642241176716104,220.4983660130719,941.7058823529412,0.7052459750747189,0.48541540327471194,0.1131341026234335,0.3954632939736613,-0.9184817815936805,941.7058823529412,220.4983660130719
221,386.0,72.2842712474619,0.643887747773924,0.9722921914357683,25.522768856274844,19.527980137857547,0.050249222391279706,222.32642487046633,1124.6917098445597,0.9283453252650099,0.5797379947652369,0.11407204970265075,0.9987377734499272,0.05022807864414039,1124.6917098445597,222.32642487046633
222,232.0,57.45584412271572,0.7617548126279333,0.943089430894309,21.40735448052597,13.86908475128503,-0.38319773555514147,219.48706896551724,1434.6293103448277,0.8831397440622892,0.7394996445076432,0.11261522266060402,0.9274737839928029,-0.37388819185161715,1434.6293103448277,219.48706896551724
223,556.0,89.25483399593905,0.7066449728259597,0.9569707401032702,31.69175589771029,22.42408146865843,-0.32485317828055704,226.28956834532374,1536.1402877697842,0.8770435569400387,0.7918248906029816,0.11610547375337288,0.9476975976655481,-0.3191696467068086,1536.1402877697842,226.28956834532374
224,364.0,82.87005768508881,0.9237632410949489,0.9706666666666667,35.65306434014997,13.65384241777723,-0.0017206799679631694,228.34615384615384,1933.956043956044,0.6660640064371972,0.9968845587402289,0.11716067411295733,0.9999985196305892,-0.001720679118882422,1933.956043956044,228.34615384615384
225,364.0,72.28427124746189,0.6555320911481309,0.9479166666666666,24.986674766397336,18.869120157492027,-0.32577915918484046,224.6346153846154,454.6263736263736,0.8754344518043102,0.2343434915599864,0.11525634447645736,0.9474016464125201,-0.32004705962537183,454.6263736263736,224.6346153846154
226,377.0,71.35533905932738,0.6184691659686558,0.9666666666666667,24.796514623432657,19.485326036342585,-1.3272668832300942,221.6445623342175,1656.0610079575597,0.9304611959678379,0.8536396948234843,0.11372219719559647,0.24112942134812942,-0.9704929686300238,1656.0610079575597,221.6445623342175
227,700.0,101.9827560572969,0.8026548952288617,0.9668508287292817,38.73938844530144,23.10586521586761,-0.7555434930351534,228.45285714285714,1408.777142857143,0.8457741650067911,0.7261737849779087,0.11721542182804369,0.7278989860224131,-0.6856843779375048,1408.777142857143,228.45285714285714
228,499.0,82.28427124746189,0.5882562944274298,0.9803536345776032,28.21910095418314,22.82006883966073,-1.5168128677197037,223.65931863727454,514.5350701402806,0.9261402421415045,0.2652242629589075,0.11475593567843742,0.05395724300472815,-0.9985432468988655,514.5350701402806,223.65931863727454
229,714.0,103.84062043356595,0.7252215607644352,0.9558232931726908,36.724238344292615,25.28520983429663,0.2780341563979105,232.63305322128852,1590.829131652661,0.8320961779319455,0.8200150163158046,0.11936021201707979,0.9615968529259791,0.274465831102622,1590.829131652661,232.63305322128852
230,383.0,77.698484809835,0.7876349589031735,0.945679012345679,28.462883262217048,17.537182608239835,-1.179774276466495,226.48302872062663,433.8981723237598,0.7972298265685482,0.22365885171327826,0.11620473510550366,0.3811335199970583,-0.9245200051565418,433.8981723237598,226.48302872062663
231,303.0,64.87005768508881,0.6357686427692402,0.946875,22.419583289536387,17.30522066596933,0.11551419344194233,227.3828382838284,471.63366336633663,0.9048236099121999,0.24311013575584361,0.11666641266486834,0.9933356509979069,0.11525747028529018,471.63366336633663,227.3828382838284
232,198.0,50.04163056034261,0.4349643958038502,0.9565217391304348,16.738946440966327,15.072545023353161,1.3815367392754263,224.28787878787878,1207.171717171717,0.9936012967021167,0.622253462459648,0.11507843960383723,0.18813175508409405,0.9821437994148201,1207.171717171717,224.28787878787878
233,484.0,94.66904755831214,0.79431647409694,0.8832116788321168,33.09878233832577,20.107648902961948,0.46043522572809414,232.86776859504133,889.5185950413223,0.6786396187993265,0.45851473971202183,0.1194806406336795,0.8958591950277618,0.444338050007211,889.5185950413223,232.86776859504133
234,1117.0,126.22539674441617,0.5256494385309801,0.9670995670995671,41.27763465624218,35.1149366369142,1.139520519334749,235.0572963294539,1298.762757385855,0.8809870981133306,0.6694653388586881,0.12060405147740066,0.41803012813200735,0.9084331631847978,1298.762757385855,235.0572963294539
235,571.0,87.84062043356595,0.6927076366713439,0.9744027303754266,31.78442122026634,22.923512713846204,-0.5759510914467358,235.2521891418564,1493.2714535901926,0.9299405447130347,0.7697275533970065,0.12070404778956204,0.8386746863246427,-0.5446326932146676,1493.2714535901926,235.2521891418564
236,207.0,53.698484809835,0.7317523203495268,0.9539170506912442,19.822585033051723,13.510492030733197,0.8230436430797666,230.06280193236714,774.1400966183575,0.9021030400678826,0.3990412869166791,0.11804145814898262,0.6799927038130946,0.7332188777990901,774.1400966183575,230.06280193236714
237,672.0,97.49747468305833,0.5784188710582093,0.9655172413793104,32.60402311866219,26.596403061055668,0.360474120795463,239.78720238095238,1447.0565476190477,0.8883669703379743,0.7459054369170349,0.12303088885631215,0.9357296979541219,0.3527179218110243,1447.0565476190477,239.78720238095238
238,485.0,114.42640687119284,0.947809638510107,0.8056478405315615,48.057282416359826,15.322428945036805,1.4195696321288978,234.09072164948455,497.56082474226804,0.4654779157920469,0.25647465192900415,0.12010811782939176,0.1506509399408733,0.9885870190807339,497.56082474226804,234.09072164948455
239,374.0,75.35533905932738,0.8351509772574183,0.949238578680203,29.648476628732098,16.307277884143524,1.211157586346658,234.35026737967914,972.1524064171123,0.8276627500049848,0.5011094878438723,0.12024128649547416,0.3519361086280432,0.936024025035549,972.1524064171123,234.35026737967914
240,283.0,61.698484809834994,0.7066176237767932,0.9658703071672355,22.591593797379787,15.985712378049222,1.2388522404879785,233.47703180212014,1813.6466431095407,0.9342160021060056,0.9348694036647117,0.11979324361319658,0.32588160284664686,0.9454105885413492,1813.6466431095407,233.47703180212014
241,641.0,93.25483399593904,0.5704268707029004,0.9697428139183056,31.641320440981026,25.98854774468328,1.383552636022941,240.02340093603743,1564.0655226209049,0.9262435289659962,0.8062193415571675,0.12315207846897765,0.18615147366574353,0.982521057714323,1564.0655226209049,240.02340093603743
242,452.0,82.42640687119284,0.8202440038834595,0.9576271186440678,31.798951253578153,18.189438572969898,0.5000777702253024,242.9513274336283,644.3141592920354,0.8360178722598546,0.3321207006659976,0.12465434963244142,0.8775452742043565,0.4794937869478612,644.3141592920354,242.9513274336283
243,244.0,57.45584412271571,0.6754635192108078,0.9494163424124513,20.611215471084744,15.198574364090252,-1.3314656105534808,236.52868852459017,1350.6024590163934,0.9288193859965458,0.6961868345445327,0.12135899872990773,0.2370524725066602,-0.9714968477964708,1350.6024590163934,236.52868852459017
244,727.0,106.08326112068522,0.7772160782205259,0.9490861618798956,39.24065221529288,24.691544480067456,-0.8739273847744162,246.22283356258598,1420.133425034388,0.8118028112473937,0.7320275386775196,0.12633290588126525,0.6418197681177531,-0.7668555178475758,1420.133425034388,246.22283356258598
245,191.0,56.8700576850888,0.9072065051360593,0.9271844660194175,24.079845233788262,10.130043653302861,-1.2209017276520513,236.19895287958116,1671.303664921466,0.7421230037649865,0.861496734495601,0.12118981676735821,0.34279879486182857,-0.9394088493522286,1671.303664921466,236.19895287958116
246,593.0,91.74011537017762,0.6796701923750731,0.9626623376623377,32.24189638815461,23.6500063719321,-0.5618601193448539,245.4974704890388,1696.4114671163575,0.8854132024388357,0.874438900575442,0.12596073396051247,0.8462655760911888,-0.5327612736705328,1696.4114671163575,245.4974704890388
247,1249.0,166.26702730475878,0.754440270772476,0.8195538057742782,53.61183425840335,35.189130262981664,1.5370311716510923,249.67413931144915,596.240192153723,0.5677537850610817,0.30734030523387784,0.1281037143722161,0.03375873964775914,0.9994300113051413,596.240192153723,249.67413931144915
248,662.0,108.32590180780453,0.8953841015998338,0.9118457300275482,44.33241355160665,19.74098584355586,-0.29895555526180784,253.01510574018127,1514.7069486404835,0.7089297913010364,0.7807767776497337,0.1298179095639719,0.9556446225229341,-0.2945222494871969,1514.7069486404835,253.01510574018127
249,625.0,96.32590180780451,0.7313621692184494,0.9541984732824428,34.48064921336898,23.515433115819867,0.8248088016317736,247.2704,1861.7152,0.8464546871406782,0.9596470103092783,0.12687039507439712,0.678697397557393,0.7344180298364291,1861.7152,247.2704
250,331.0,71.59797974644665,0.8561570813200721,0.9594202898550724,28.823394013407647,14.893498470243072,0.9101069216401445,245.05438066465257,763.4924471299094,0.8114024626697536,0.3935528077989223,0.12573339182383406,0.6136613309459811,0.7895693578790954,763.4924471299094,245.05438066465257
251,542.0,94.5269119345812,0.8289417768504964,0.928082191780822,36.288346236466246,20.2973385209277,0.04323060935753147,254.35977859778598,817.5258302583026,0.762251363556616,0.42140506714345494,0.13050783919845355,0.999065702728778,0.043217145105304174,817.5258302583026,254.35977859778598
252,323.0,75.69848480983501,0.8979395371435388,0.9047619047619048,31.262017485463524,13.759002669732473,1.4604107282469894,244.5015479876161,425.47058823529414,0.7083338769381209,0.21931473620375988,0.12544974242566245,0.11016156069447139,0.9939136937105547,425.47058823529414,244.5015479876161
253,1156.0,133.46803743153546,0.394069650204149,0.9398373983739837,40.646174335536486,37.357109444496366,-0.028004552808445483,258.0856401384083,1153.6548442906574,0.8154796900216628,0.5946674455106481,0.13241951777240035,0.9996078981376575,-0.028000892500321388,1153.6548442906574,258.0856401384083
254,445.0,77.59797974644667,0.6219796350885084,0.9632034632034632,26.936127742801386,21.091888171213355,0.2993394022764343,250.4629213483146,1470.588764044944,0.9286863148015003,0.7580354453839917,0.128508425525046,0.9555315006378672,0.2948890491163509,1470.588764044944,250.4629213483146
255,518.0,83.01219330881975,0.5350758317170567,0.9682242990654205,27.980640425746294,23.638157879899094,1.3262834806210033,248.3899613899614,1910.027027027027,0.944617193827075,0.9845500139314572,0.12744482369931318,0.24208368991596227,0.9702553720936938,1910.027027027027,248.3899613899614
256,546.0,88.42640687119285,0.6233045163545459,0.9578947368421052,30.185254902646896,23.604241686299886,0.46528979297845996,253.75457875457874,561.2673992673992,0.8774826746008073,0.2893130924058759,0.1301973210644324,0.8936915782977451,0.44868180582645123,561.2673992673992,253.75457875457874
257,735.0,104.08326112068522,0.7788597482322664,0.9658344283837057,38.90323579494475,24.40003668906583,-1.0754225768808057,252.33469387755102,1188.4326530612245,0.8525805504986873,0.6125941510624868,0.1294688013738076,0.47536050631465043,-0.8797911053405116,1188.4326530612245,252.33469387755102
258,99.0,35.55634918610404,0.48859571524235734,0.9339622641509434,12.069383308118372,10.530661274778986,0.06856515868739566,245.65656565656565,950.3737373737374,0.9840354255218148,0.489883369780277,0.12604236308700137,0.9976503302420685,0.06851144844397711,950.3737373737374,245.65656565656565
259,700.0,100.32590180780453,0.2967957370788594,0.957592339261286,30.821170352465103,29.432398865914507,0.2697380482161325,257.5357142857143,1535.1885714285713,0.8739402863270489,0.7913343151693667,0.1321373598182218,0.963840734074375,0.26647896603478866,1535.1885714285713,257.5357142857143
260,710.0,101.49747468305833,0.7255085974976891,0.9699453551912568,36.55779065208489,25.15955053860997,-0.6097649632233101,258.45915492957744,1714.3225352112677,0.8660794600280401,0.8836714099027153,0.13261116209829524,0.8197826401259172,-0.5726747968508662,1714.3225352112677,258.45915492957744
261,238.0,58.04163056034262,0.5622604051378074,0.9482071713147411,19.36905129837512,16.01743529005653,-0.5597744503346946,250.60084033613447,975.0336134453781,0.8877846096867129,0.502594646105865,0.12857918950032554,0.8473748983304993,-0.5309950863043612,975.0336134453781,250.60084033613447
262,585.0,90.32590180780451,0.4603503365120085,0.9605911330049262,29.08022807871249,25.81560404017774,-0.4239611072422627,257.25299145299147,1327.9384615384615,0.9010338724168516,0.6845043616177636,0.13199229936018034,0.9114665983098266,-0.41137408786348384,1327.9384615384615,257.25299145299147
263,674.0,96.66904755831213,0.627501550410137,0.9642346208869814,33.28185429340458,25.91376136784672,0.2119185737101376,260.2952522255193,1391.652818991098,0.9063477922332996,0.7173468139129371,0.13355323356876309,0.9776291692573372,0.21033593943310921,1391.652818991098,260.2952522255193
264,416.0,76.18376618407356,0.31503359751759796,0.9454545454545454,23.801516406177885,22.589555554919883,0.4208769631323016,256.54086538461536,1026.875,0.9006961736892793,0.5293170103092784,0.1316269191301259,0.9127309983619525,0.4085610414970981,1026.875,256.54086538461536
265,696.0,113.7401153701776,0.9135881423165831,0.9329758713136729,47.53558765921112,19.329907406584955,-1.0876430112724507,257.57327586206895,1062.8649425287356,0.67607017096915,0.5478685270766678,0.13215663204826525,0.4645738499392325,-0.8855343798817974,1062.8649425287356,257.57327586206895
266,425.0,76.5269119345812,0.6232338839961876,0.9725400457665904,26.435584934291057,20.67356592546669,1.42373071726305,253.9670588235294,1124.0823529411764,0.9119487168316152,0.5794238932686476,0.13030634111007153,0.146536052832123,0.9892053301617321,1124.0823529411764,253.9670588235294
267,613.0,92.9116882454314,0.6721539561393678,0.9653543307086614,32.530925758916084,24.086268679799,0.4388842546543959,260.4176182707993,1843.6443719412725,0.892338509360458,0.950332150485192,0.13361601758378622,0.9052263399399771,0.42492972769491305,1843.6443719412725,260.4176182707993
268,241.0,62.870057685088796,0.8182932409951246,0.9717741935483871,23.957744830036585,13.770935313861328,0.35076308396751815,254.59751037344398,1933.4647302904564,0.76619478014784,0.9966313042734312,0.13062981548150024,0.939110779556397,0.3436145278083804,1933.4647302904564,254.59751037344398
269,625.0,93.15432893255071,0.7316065512759077,0.9780907668231612,34.23791900969916,23.340917619607005,-0.8587753588691819,262.016,1352.6896,0.9050733936256511,0.697262680412371,0.1344361210877373,0.6533650638601285,-0.7570429930506261,1352.6896,262.016
270,502.0,84.1126983722081,0.5178284526809434,0.9507575757575758,27.493365248825842,23.52014724238015,-0.20968103393484908,260.25099601593627,1619.3784860557769,0.8916418618501281,0.8347311783792665,0.1335305264319837,0.9780973566049017,-0.20814793057463646,1619.3784860557769,260.25099601593627
271,420.0,78.18376618407356,0.7876918310867684,0.9722222222222222,29.803972951637494,18.36131751477981,-1.284838987683131,255.99761904761905,1746.8119047619048,0.8634277062719669,0.9004185076092293,0.13134818832612574,0.2820760439489745,-0.9593920499097833,1746.8119047619048,255.99761904761905
272,382.0,71.11269837220809,0.4127007926532587,0.9670886075949368,23.222146509971118,21.152278818521722,-0.9278570504992458,259.6544502617801,1789.7329842931938,0.9492462943164981,0.9225427754088628,0.13322444856941,0.5995504393288151,-0.8003369732185468,1789.7329842931938,259.6544502617801
273,227.0,57.35533905932738,0.6184128038659129,0.9380165289256198,19.385961436233547,15.234524172222933,0.9796094202323873,258.8546255506608,1439.0484581497797,0.8671376003828724,0.7417775557473091,0.13281407160115996,0.5573468797403338,0.830279745413384,1439.0484581497797,258.8546255506608
274,691.0,103.9827560572969,0.8545090985984953,0.96105702364395,41.3078641628481,21.456809316770485,-0.5305689229375522,269.0520984081042,91.34298118668596,0.8030919321137744,0.04708401092097214,0.13804622801852448,0.8625193213829615,-0.5060241300976422,91.34298118668596,269.0520984081042
275,258.0,60.627416997969526,0.5324207076162346,0.9520295202952029,19.94120989807514,16.879832995225236,-0.551879744305627,260.5,1495.7945736434108,0.8820464137589291,0.7710281307440262,0.133658286300667,0.851540498124804,-0.5242888326613114,1495.7945736434108,260.5
276,479.0,81.94112549695429,0.2996844254334964,0.958,25.392699661435287,24.225610243645786,-1.212067820431366,262.25678496868477,1641.5114822546973,0.8964819043500625,0.846139939306545,0.1345596639141533,0.3510839619798873,-0.9363439814728907,1641.5114822546973,262.25678496868477
277,508.0,88.5269119345812,0.8101370969689864,0.9548872180451128,33.444811510647384,19.606701889242363,-1.391930577684838,261.25787401574803,1593.3188976377953,0.8145597495125131,0.8212984008442243,0.1340471390537445,0.17791353291798775,-0.9840461243278387,1593.3188976377953,261.25787401574803
278,326.0,65.35533905932738,0.39379395691028735,0.9702380952380952,21.336447252409627,19.612435382713553,0.20375274624668765,263.2730061349693,412.62883435582825,0.9591031556455505,0.21269527544114858,0.13508107036170822,0.9793141228238592,0.20234586439493937,412.62883435582825,263.2730061349693
279,544.0,86.32590180780451,0.5518844182148241,0.9696969696969697,28.961167286051317,24.15131437890407,0.03107874196117641,266.72242647058823,865.0845588235294,0.9173319414297059,0.4459198756822316,0.13685091147798267,0.9995170947703046,0.03107373910442756,865.0845588235294,266.72242647058823
280,383.0,77.01219330881975,0.8551964699094825,0.9503722084367245,30.79765027976325,15.962544184935043,-0.5641886298256812,265.63707571801564,1218.8903394255874,0.8115021100842094,0.6282939893946327,0.13629403577117272,0.8450227427942314,-0.5347303658485407,1218.8903394255874,265.63707571801564
281,540.0,95.15432893255071,0.8110545135896986,0.9278350515463918,35.45118964374914,20.737902862151365,0.9424857341987327,268.7462962962963,1894.562962962963,0.7494566582690618,0.9765788468881252,0.1378893259601315,0.5877788301985185,0.8090216602603796,1894.562962962963,268.7462962962963
282,832.0,105.74011537017762,0.2505976550784983,0.970828471411902,33.09094531883588,32.03505712876273,0.8796043877467894,270.08653846153845,724.0240384615385,0.9350904691068805,0.3732082672482157,0.13857698227888068,0.6374560080751838,0.7704867537919463,724.0240384615385,270.08653846153845
283,809.0,111.84062043356596,0.7448007741534869,0.9528857479387515,39.56504881671023,26.401238770546218,-0.17245533017573017,274.2694684796044,1557.5859085290483,0.8127542522092631,0.8028793342933239,0.14072317520759592,0.9851663979306045,-0.17160177268442728,1557.5859085290483,274.2694684796044
284,644.0,100.18376618407358,0.8394639335268413,0.9569093610698366,38.99757147139612,21.191881163906718,-1.5678874465207822,265.8447204968944,657.5652173913044,0.8063081014017885,0.33895114298520845,0.13640057490861693,0.0029088761718268487,-0.9999957692107587,657.5652173913044,265.8447204968944
285,727.0,103.25483399593904,0.7218873941785221,0.9616402116402116,36.843957065654884,25.496406695420642,-1.0685192777861865,269.3314993122421,764.1829436038514,0.8568868720448923,0.3939087338164183,0.13818958404938025,0.4814225924812595,-0.8764886122754951,764.1829436038514,269.3314993122421
286,580.0,97.59797974644665,0.8736904764248257,0.9666666666666667,39.45262998554088,19.193003061906307,-1.264735763267991,267.87931034482756,1082.598275862069,0.7651669472529431,0.5580403483825097,0.1374444896587109,0.3013046214236473,-0.9535279361973369,1082.598275862069,267.87931034482756
287,421.0,80.29036790187178,0.6835229610826631,0.9112554112554112,27.44617555007224,20.033759785775928,-0.34377787290180256,271.7933491686461,627.8669833729216,0.8206633978423089,0.32364277493449567,0.13945271891669886,0.9414880690348689,-0.3370463111576716,627.8669833729216,271.7933491686461
288,941.0,126.22539674441617,0.12654432163601784,0.8996175908221797,36.43723975793905,36.14431911877847,-0.7608127392287451,279.15196599362383,887.7513283740701,0.7421744488134683,0.4576037775124073,0.14322830476840628,0.7242758579251736,-0.6895103201742188,887.7513283740701,279.15196599362383
289,506.0,97.49747468305833,0.8295675652428954,0.8955752212389381,35.808818075466775,19.995871494777024,-1.212212475731977,270.59486166007906,1193.1561264822135,0.6689191770699627,0.6150289311763987,0.13883779459213907,0.35094851118700104,-0.9363947578322016,1193.1561264822135,270.59486166007906
290,354.0,69.69848480983501,0.5920915083460134,0.959349593495935,23.76556436433163,19.151972884126565,0.8433382553870554,269.26271186440675,1414.949152542373,0.915727912234924,0.7293552332692644,0.1381542903357654,0.6649733024691824,0.7468671280778323,1414.949152542373,269.26271186440675
291,121.0,39.55634918610404,0.7496795433604055,0.9603174603174603,15.259576848096492,10.098803432843404,1.367055494606191,265.43801652892563,345.2809917355372,0.9717685293107984,0.17797989264718414,0.1361919017593256,0.2023341967753367,0.9793165335147157,345.2809917355372,265.43801652892563
292,976.0,116.22539674441619,0.5760977149439941,0.9701789264413518,39.102128914517095,31.96133062482254,0.7855330291136652,278.18340163934425,1458.2110655737704,0.9079409559900257,0.7516551884400878,0.14273135025107453,0.7070114102936518,0.7072021392180466,1458.2110655737704,278.18340163934425
293,457.0,78.52691193458118,0.5267488204257611,0.9641350210970464,26.259585125309435,22.321198494841536,1.413169653192402,272.2407002188184,530.343544857768,0.931298762173383,0.27337296126689076,0.13968224741858307,0.15697474754796187,0.9876026167605337,530.343544857768,272.2407002188184
294,717.0,101.74011537017762,0.5880186590444394,0.9446640316205533,33.928092573827804,27.44264820961498,1.2707392582184334,278.2287308228731,1314.4002789400279,0.8704514802162783,0.6775259169793958,0.14275460791322375,0.2955747258735594,0.9553196226524242,1314.4002789400279,278.2287308228731
295,346.0,69.11269837220809,0.6023502527437959,0.9453551912568307,23.661172787958087,18.88710301216344,-1.1058724127552928,271.8699421965318,375.54624277456645,0.9102700713013975,0.19358053751266313,0.13949201754568075,0.4483547928754818,-0.8938556816989999,375.54624277456645,271.8699421965318
296,533.0,86.18376618407356,0.7608407369683573,0.970856102003643,32.39951197828241,21.02529560143102,-1.4728309217144113,272.98499061913697,949.9455909943715,0.9017499685540236,0.4896626757702946,0.14006413064091172,0.09780878099001054,-0.9952052262529816,949.9455909943715,272.98499061913697
297,371.0,72.52691193458118,0.6998430145898766,0.961139896373057,25.966777781079543,18.54798330238496,-1.0586424306422095,276.3477088948787,1369.7142857142858,0.886309492902229,0.706038291605302,0.1417894863493477,0.49005591407446364,-0.871691000917551,1369.7142857142858,276.3477088948787
298,342.0,72.59797974644665,0.7035179639475091,0.936986301369863,25.124932802103558,17.855723819796715,1.140004333781969,276.5,1801.3391812865498,0.8154304020297258,0.9285253511786339,0.14186762442278092,0.4175905661349747,0.908635305870882,1801.3391812865498,276.5
299,509.0,87.49747468305833,0.611707169709229,0.9478584729981379,28.971145547338192,22.918617824573023,-0.30610247330271584,281.14145383104125,1602.0392927308449,0.835481059515262,0.8257934498612602,0.1442490784151058,0.953515307750804,-0.30134458330106023,1602.0392927308449,281.14145383104125
300,1117.0,134.53910524340094,0.31865680108426125,0.9402356902356902,39.97281088641947,37.889034711799475,-1.347405485216591,284.727842435094,567.9507609668756,0.7754717244116981,0.2927581242097297,0.14608919570810364,0.22153747580716815,-0.9751518583343768,567.9507609668756,284.727842435094
301,209.0,52.04163056034262,0.5505243031721325,0.9631336405529954,17.943845538354438,14.979865648030716,-1.2802107375015188,277.54545454545456,693.5693779904307,0.9697378778461256,0.35750998865486117,0.1424040300387145,0.28651331339808367,-0.9580762606628198,693.5693779904307,277.54545454545456
302,376.0,73.94112549695429,0.7170024007924292,0.9494949494949495,26.559208862333374,18.513646245662482,-0.5302445354080177,283.28723404255317,444.93617021276594,0.8642225520579154,0.22934854134678656,0.14535004312085847,0.8626834239172538,-0.5057443129669416,444.93617021276594,283.28723404255317
303,692.0,97.94112549695427,0.47370374915214253,0.9678321678321679,31.781147128655252,27.989155900707452,1.3666234739941452,284.2774566473988,1530.3945086705203,0.9065375077218495,0.7888631487992372,0.14585811013206712,0.20275726280836145,0.9792290295832028,1530.3945086705203,284.2774566473988
304,815.0,129.39696961967,0.8825357622871343,0.8791801510248112,48.780472169361076,22.93878704910243,-0.9678972703200127,286.6834355828221,1622.7754601226993,0.6116729308963971,0.8364821959395358,0.14709257854429045,0.5670327918266123,-0.8236952185082282,1622.7754601226993,286.6834355828221
305,624.0,97.32590180780453,0.7383117231641088,0.9411764705882353,34.53756629599531,23.294194362755295,-1.351363580539986,285.4791666666667,1397.4134615384614,0.827823175591235,0.7203162172878668,0.1464746878741235,0.21767600651698651,-0.9760210838843681,1397.4134615384614,285.4791666666667
306,945.0,121.29646455628165,0.7398458781376228,0.9402985074626866,42.64532552548195,28.690768336836406,-0.006688899951899824,294.10370370370373,1503.931216931217,0.807133526519429,0.7752222767686686,0.1508997966668567,0.9999776293921245,-0.006688850073572789,1503.931216931217,294.10370370370373
307,573.0,94.18376618407356,0.8469518394575551,0.943986820428336,37.30191448419902,19.832294587129525,1.372272362925656,283.10122164048863,1123.3752181500872,0.8117314640835404,0.579059390799014,0.14525460320189257,0.19722250122222956,0.980358753218253,1123.3752181500872,283.10122164048863
308,267.0,64.79898987322333,0.6782595654205371,0.902027027027027,22.086637919772247,16.229756319812598,-1.039730841626781,281.73408239700376,1581.318352059925,0.7990696829210243,0.8151125526082088,0.14455314643253142,0.5064523622119632,-0.862267942585089,1581.318352059925,281.73408239700376
309,120.0,40.970562748477136,0.7255681212554634,0.96,15.214768957280208,10.470048552308326,-1.263168658950118,279.68333333333334,841.7166666666667,0.8983534740877455,0.4338745704467354,0.1435009406533265,0.30279852858379197,-0.9530545897730572,841.7166666666667,279.68333333333334
310,336.0,69.59797974644665,0.6968819022088482,0.9572649572649573,24.807056218372743,17.791270926747334,0.6017828347327459,288.1904761904762,1790.6279761904761,0.8716775778299177,0.9230041114383898,0.14786581641378974,0.824327639565658,0.566113012258251,1790.6279761904761,288.1904761904762
311,622.0,94.32590180780451,0.775076484516513,0.9643410852713178,35.48008943014487,22.41871275747858,0.8626014609824576,290.4790996784566,153.4614147909968,0.8784930231255313,0.07910382205721485,0.1490400716667299,0.6504637648131384,0.759537287211838,153.4614147909968,290.4790996784566
312,1066.0,144.12489168102783,0.857018158384153,0.8480509148766905,54.20220410415128,27.929648220427197,-0.7890656566086856,298.3864915572233,589.8864915572233,0.6448951056199151,0.30406520183362024,0.15309722501653325,0.7045087222136442,-0.709695329225787,589.8864915572233,298.3864915572233
313,485.0,91.49747468305831,0.8613703115841167,0.9344894026974951,35.31725180736332,17.940370872632062,0.3273695432824339,294.07216494845363,619.1030927835052,0.7280033656067548,0.3191253055585078,0.1508836146477443,0.946891450731519,0.3215533867518101,619.1030927835052,294.07216494845363
314,599.0,101.49747468305833,0.8396499515617086,0.9062027231467473,38.42565067647321,20.870044482117574,-1.4207162873344032,288.3823038397329,645.5475792988314,0.730678305009572,0.3327564841746553,0.14796424004090966,0.1495172726984703,-0.9887591138213652,645.5475792988314,288.3823038397329
315,443.0,93.74011537017762,0.9160674580440041,0.886,38.86174564727105,15.584500620011472,-0.7644597315300885,291.6546275395034,1478.884875846501,0.633523344749755,0.7623117916734541,0.14964321577193607,0.7217564080408225,-0.6921471573675715,1478.884875846501,291.6546275395034
316,805.0,106.32590180780451,0.5991549592468729,0.9675480769230769,35.842895760450034,28.69700816355117,-0.02824419465961867,294.3652173913043,1698.663354037267,0.8948033361023677,0.8755996670295191,0.15103397505967384,0.999601159249159,-0.028240439581164973,1698.663354037267,294.3652173913043
317,578.0,87.94112549695429,0.4289120827654175,0.9681742043551089,28.674162197254716,25.90269654153526,-1.0168278968594506,290.78892733564015,809.5276816608997,0.9391904401946033,0.41728231013448436,0.14919903916656754,0.5260662881369083,-0.850443566902505,809.5276816608997,290.78892733564015
318,394.0,74.18376618407356,0.6863101350011939,0.9539951573849879,26.349678399065382,19.164358556750937,1.1194721064669972,289.26142131979697,405.7208121827411,0.8996805464612221,0.2091344392694542,0.1484153008310913,0.43615754275096436,0.8998703228251506,405.7208121827411,289.26142131979697
319,555.0,91.49747468305833,0.6865081961394468,0.9438775510204082,31.366218430087546,22.807069499378155,1.1645822051789734,293.5279279279279,852.5423423423423,0.8330760163128843,0.43945481564038263,0.1506043755402401,0.395134371774492,0.9186233331689205,852.5423423423423,293.5279279279279
320,376.0,79.01219330881976,0.8445493317351279,0.9215686274509803,30.39051112847177,16.273442677084574,-1.0993870166874298,290.70478723404256,1009.6515957446809,0.7568494048560183,0.5204389668787015,0.1491558682575898,0.4541423314120854,-0.8909291457908399,1009.6515957446809,290.70478723404256
321,499.0,87.01219330881976,0.7902255132379183,0.9504761904761905,32.709525818744325,20.04492580138575,-0.48878738811804406,294.66132264529057,1671.11623246493,0.8282285129102183,0.8614001198272835,0.15118590181903058,0.8829028963110112,-0.46955561511457605,1671.11623246493,294.66132264529057
322,71.0,31.071067811865476,0.4917346896439898,0.9102564102564102,10.394759975680282,9.051186110523235,-1.0210793291619364,286.6901408450704,375.7887323943662,0.9241784876929461,0.19370553216204445,0.14709601890460255,0.5224459415450786,-0.852672409641051,375.7887323943662,286.6901408450704
323,491.0,88.42640687119285,0.7305246402920818,0.9246704331450094,30.884236541603602,21.09042317797143,-0.5327555185901994,297.7372708757637,1340.4541751527495,0.7890915626904697,0.6909557603880152,0.15276412051091007,0.8614107901635599,-0.5079088998922852,1340.4541751527495,297.7372708757637
324,663.0,103.49747468305831,0.8486654974130982,0.9364406779661016,40.27028022785167,21.3001566029068,-1.539427423052765,294.4886877828054,1748.6365007541478,0.7777927416004836,0.9013590210072927,0.15109732569666773,0.031363759452562694,-0.9995080362823512,1748.6365007541478,294.4886877828054
325,526.0,85.59797974644665,0.6439045936539272,0.9616087751371115,29.654740425679872,22.68901368551399,-1.0147924514930213,295.68821292775664,56.78326996197718,0.902128864480972,0.02926972678452432,0.15171278241547287,0.5277962286033889,-0.8493710267439308,56.78326996197718,295.68821292775664
326,667.0,97.01219330881975,0.7549022755071619,0.9723032069970845,36.089281282489374,23.66869653009195,-0.23926519529339282,300.3133433283358,1160.3298350824587,0.8906007386137486,0.5981081624136385,0.1540858611227993,0.9715123776138741,-0.23698881860340426,1160.3298350824587,300.3133433283358
327,704.0,100.66904755831213,0.577706849601638,0.9552238805970149,33.41781154125934,27.277098980023776,1.4392563807462013,297.51278409090907,1365.9602272727273,0.8729524812255535,0.7041032099343955,0.15264894001585894,0.1311609401270815,0.9913610884965075,1365.9602272727273,297.51278409090907
328,564.0,95.15432893255071,0.843217895202368,0.9447236180904522,36.84488399710356,19.80677544503925,0.8119793749134391,299.4432624113475,1425.0709219858156,0.7827658430810202,0.734572640198874,0.15363943684522705,0.6880634473236698,0.7256505305290334,1425.0709219858156,299.4432624113475
329,430.0,83.25483399593904,0.7071966212255961,0.9168443496801706,28.248552193688454,19.972204641344515,0.6269516833573769,300.6767441860465,334.4372093023256,0.779577688651779,0.1723903140733637,0.1542723161549751,0.8098196511138038,0.5866789008221764,334.4372093023256,300.6767441860465
330,775.0,118.81118318204308,0.9137750443720455,0.9439707673568819,49.516129125270474,20.114471220872975,-1.142748745333419,300.3316129032258,676.963870967742,0.6899171247022656,0.3489504489524443,0.15409523494265048,0.4150953274335542,-0.9097779229805648,676.963870967742,300.3316129032258
331,675.0,108.42640687119284,0.8314297955785049,0.9133964817320703,40.12862237816603,22.29665916206116,-1.3743591779667814,299.6474074074074,1577.9851851851852,0.7215119108277281,0.8133944253531883,0.15374418030138912,0.19517624588335078,-0.9807681851706253,1577.9851851851852,299.6474074074074
332,704.0,97.25483399593904,0.6128511594076828,0.9750692520775623,33.745443283715424,26.665594116764172,1.4799524090213727,303.3125,198.19460227272728,0.9353198027032721,0.10216216611996251,0.1556246793227296,0.09071901930559835,0.9958765282585138,198.19460227272728,303.3125
333,331.0,79.698484809835,0.9309540552150566,0.9220055710306406,34.31383117807219,12.529226741367752,-1.3151962981945364,299.00906344410873,1038.9788519637461,0.6548438121289769,0.5355561092596629,0.15341665646183106,0.2528259888439683,-0.9675117670421738,1038.9788519637461,299.00906344410873
334,780.0,104.08326112068524,0.5516089202828552,0.9605911330049262,34.58040084621613,28.843611618986188,-0.7963314226905676,307.95897435897433,722.2897435897436,0.9047793597128923,0.37231430081945543,0.15800870926576416,0.6993336914277263,-0.7147953469588829,722.2897435897436,307.95897435897433
335,719.0,119.39696961966999,0.6517738053646299,0.850887573964497,37.54188026911448,28.47226558548639,0.3162795514244741,309.50069541029205,1123.413073713491,0.6337998702499609,0.5790789039760263,0.15879974110327966,0.9503991745686854,0.31103281013288864,1123.413073713491,309.50069541029205
336,934.0,117.49747468305833,0.6152710860773428,0.9443882709807887,39.425725354347435,31.07991447402806,-1.216999170947966,309.91434689507497,1534.0289079229121,0.8501580569848982,0.7907365504757279,0.15901197890973576,0.34646227145827,-0.9380639074476621,1534.0289079229121,309.91434689507497
337,790.0,102.32590180780451,0.4944508242713676,0.9765142150803461,34.03055821461757,29.579551914291514,0.7047863073660758,310.4632911392405,122.5379746835443,0.9481254269283015,0.06316390447605377,0.1592936332166447,0.761750014427592,0.6478710639622388,122.5379746835443,310.4632911392405
338,436.0,95.7401153701776,0.9068288476197909,0.8149532710280374,39.22351824476817,16.5326753043731,-1.0402726612122477,311.26376146788994,413.95871559633025,0.5977346888071988,0.21338078123522178,0.15970434144068238,0.5059850942363904,-0.8625422218132809,413.95871559633025,311.26376146788994
339,153.0,47.4558441227157,0.8340846403733834,0.9386503067484663,19.058796156453568,10.513527339253397,-0.7075087988317031,303.39869281045753,1013.9607843137255,0.8537326467667523,0.5226601980998585,0.15566890344302592,0.7599833701355341,-0.649942518317917,1013.9607843137255,303.39869281045753
340,189.0,52.87005768508881,0.6682237734220151,0.949748743718593,18.39654078260438,13.686296749554096,0.32527183167897594,306.4021164021164,1682.6507936507937,0.8496735512557712,0.8673457699230895,0.15720991092976727,0.9475638931603911,0.31956637554461653,1682.6507936507937,306.4021164021164
341,766.0,101.49747468305833,0.4976339617871022,0.975796178343949,33.557419871581025,29.10727424389225,-0.9638767355966387,312.2976501305483,529.892950391645,0.93438995264997,0.2731406960781675,0.16023481279145627,0.570339895180857,-0.8214087922375126,529.892950391645,312.2976501305483
342,833.0,113.25483399593905,0.641229984526537,0.9245283018867925,37.80782152095378,29.011784653737955,-0.021894496760691044,314.2160864345738,1390.0708283313325,0.816096226490434,0.7165313548099652,0.16121913105929903,0.9997603250804212,-0.02189274754549025,1390.0708283313325,314.2160864345738
343,313.0,67.35533905932738,0.4502687715403077,0.9601226993865031,21.614577019774753,19.29950601888501,0.041394206884114354,308.49201277955274,1409.6453674121406,0.8669821344403319,0.7266213234083199,0.158282202554927,0.999143382145187,0.041382386536746245,1409.6453674121406,308.49201277955274
344,716.0,98.91168824543142,0.4947566193123376,0.9688768606224628,32.55339690987072,28.28992996236464,-0.0217672018557963,314.77932960893855,23.04050279329609,0.9196607616427849,0.011876547831595922,0.16150812191325734,0.9997631038155758,-0.021765482972960333,23.04050279329609,314.77932960893855
345,612.0,91.84062043356595,0.5114733761963038,0.9652996845425867,30.290120109167503,26.028273692144992,0.5209494684313282,310.94117647058823,776.9493464052288,0.911783372934815,0.40048935381712825,0.1595388283584342,0.8673470165782384,0.4977038806688461,776.9493464052288,310.94117647058823
346,333.0,66.2842712474619,0.7267057025843571,0.9765395894428153,24.875737251929035,17.088360896309137,1.3795285052835238,308.5765765765766,1779.6126126126126,0.952430130030106,0.9173260889755734,0.15832559085509318,0.1901037489533389,0.9817640065891018,1779.6126126126126,308.5765765765766
347,268.0,76.25483399593904,0.9237884157204075,0.8170731707317073,31.688496796623404,12.133631064287746,-0.9252916277886221,310.98880597014926,64.74626865671642,0.5791751210554479,0.03337436528696723,0.1595632662750894,0.6016016667862514,-0.7987962409275623,64.74626865671642,310.98880597014926
348,438.0,78.76955262170047,0.6724074368444387,0.9668874172185431,27.83173946380028,20.60053087922746,-1.2523321517962978,314.24657534246575,1060.203196347032,0.8870890466064344,0.5464964929623876,0.1612347744189152,0.3131083307087431,-0.9497174175726084,1060.203196347032,314.24657534246575
349,491.0,84.66904755831213,0.62104053865904,0.9515503875968992,28.44744736824499,22.296496035198768,-0.9324608353245141,314.6700610997963,1633.6883910386966,0.8606805868253151,0.8421074180611838,0.16145205802965434,0.5958595194570602,-0.8030886831928348,1633.6883910386966,314.6700610997963
350,224.0,59.597979746446654,0.7023024609059776,0.9218106995884774,20.34019098270151,14.479748284382044,1.2040823672358558,312.79464285714283,1354.1785714285713,0.7924918521947272,0.6980301914580265,0.16048981162500914,0.3585498197455628,0.9335105927414131,1354.1785714285713,312.79464285714283
351,690.0,95.01219330881976,0.4397891678695988,0.9801136363636364,31.311625229105697,28.12100335275756,-1.1719252126649002,317.1811594202899,1746.0376811594203,0.9605064097905842,0.9000194232780517,0.16274046147782958,0.38837832165386277,-0.9215000158813502,1746.0376811594203,317.1811594202899
352,1452.0,163.6812408671319,0.7329430373211689,0.9103448275862069,54.094574216757536,36.79999868679799,-0.5643598997305264,332.530303030303,72.47865013774104,0.6810494755801604,0.03736012893697992,0.1706158558390472,0.8449311471821157,-0.5348750849698589,72.47865013774104,332.530303030303
353,814.0,113.49747468305831,0.6943690043814945,0.9487179487179487,39.09434556108919,28.133038763820153,0.2737709568342164,325.7432432432432,328.34643734643737,0.7940756371331141,0.16925074090022546,0.1671335265486112,0.9627582135570653,0.270363870049991,328.34643734643737,325.7432432432432
354,446.0,80.42640687119285,0.5206336844140417,0.9311064718162839,26.27503660294489,22.433105032480007,0.6070518918714085,315.8565022421525,1476.5156950672647,0.8664577478512668,0.7610905644676622,0.16206080156087865,0.8213333286969243,0.5704485631252217,1476.5156950672647,315.8565022421525
355,252.0,70.87005768508881,0.930965200560588,0.9163636363636364,31.03075578902999,11.329574791335338,-0.27774967153973396,321.1825396825397,1933.9325396825398,0.6304996245382732,0.9968724431353297,0.1647935041983272,0.9616748953861591,-0.2741922602555002,1933.9325396825398,321.1825396825397
356,422.0,90.18376618407356,0.9135439068858995,0.9234135667396062,37.32393947121499,15.1811438476123,-1.2480189815710587,315.2535545023697,1030.3767772511849,0.6520269985041969,0.5311220501294768,0.16175143894426358,0.3172016984546668,-0.9483580982400449,1030.3767772511849,315.2535545023697
357,323.0,65.11269837220809,0.3594646534105167,0.9641791044776119,21.060162743173237,19.652474127411452,-0.23697579373187533,317.5479876160991,1811.5820433436531,0.9573726119236072,0.9338051769812645,0.16292867502108727,0.9720523936895785,-0.23476401752048937,1811.5820433436531,317.5479876160991
358,1117.0,131.39696961967,0.8357219759690764,0.9670995670995671,51.31788538262773,28.181359566466323,-0.28396266120255054,332.66696508504924,1280.4932855863922,0.8130033564075295,0.6600480853538104,0.17068597490253937,0.9599527918051493,-0.2801618059363192,1280.4932855863922,332.66696508504924
359,259.0,67.35533905932738,0.885604607555231,0.925,26.859190264844933,12.474481328347183,-0.057865342679731466,321.3088803088803,1593.6100386100386,0.7174069419170798,0.8214484735103291,0.16485832750583904,0.998326268163157,-0.05783305538724838,1593.6100386100386,321.3088803088803
360,584.0,93.01219330881976,0.327129846978014,0.9404186795491143,28.6209588595557,27.04621648194334,-0.29999538672952475,323.013698630137,491.53938356164383,0.8482872511248543,0.2533708162688886,0.16573304188308724,0.9553378524300844,-0.2955157994325757,491.53938356164383,323.013698630137
361,584.0,92.76955262170047,0.6505951921698057,0.9589490968801314,31.508548647498202,23.928370538782648,-0.8785436895216541,322.63527397260276,1314.7260273972602,0.8527304799789815,0.6776938285552887,0.165538878385122,0.6382729032594749,-0.7698101720325089,1314.7260273972602,322.63527397260276
362,846.0,124.32590180780451,0.8886304669640618,0.9195652173913044,49.32641212992181,22.62227212418435,-1.1528567280393478,322.7482269503546,1564.5390070921985,0.687791795383428,0.8064634057176281,0.1655968327092635,0.40587825927888005,-0.9139271517165611,1564.5390070921985,322.7482269503546
363,617.0,96.74011537017762,0.5814317093310449,0.9376899696048632,31.38713001600335,25.536418668483762,0.33040325420501315,326.48946515397085,1338.64829821718,0.8284796133862778,0.690024895988237,0.167516400797317,0.9459115948982811,0.32442449759071856,1338.64829821718,326.48946515397085
364,344.0,68.8700576850888,0.6311494530884689,0.9608938547486033,23.929935687268046,18.561523721394604,0.2025198307212522,322.41279069767444,349.9767441860465,0.9113966188898323,0.1804003836010549,0.16542472585822188,0.9795628538002247,0.20113829932352406,349.9767441860465,322.41279069767444
365,715.0,103.9827560572969,0.6475284172096647,0.9309895833333334,35.16921032347264,26.800390893332384,0.7281260689385213,329.97202797202794,1514.6405594405594,0.830985139596742,0.7807425564126594,0.1693032467788753,0.7464227609530695,0.6654720594669599,1514.6405594405594,329.97202797202794
366,644.0,130.08326112068522,0.9580242707469587,0.875,56.42050624274075,16.175031645235507,-1.5334719063599127,323.9254658385093,1447.6847826086957,0.4782477103993788,0.7462292693859256,0.16620085471447374,0.03731575485336772,-0.9993035246809266,1447.6847826086957,323.9254658385093
367,487.0,85.35533905932738,0.8269120664483766,0.960552268244576,33.49466923243434,18.835099206956208,0.0243881802069643,331.62833675564684,1658.2443531827516,0.8399964324110053,0.854765130506573,0.17015307170633495,0.9997026230731046,0.02438576266500627,1658.2443531827516,331.62833675564684
368,395.0,80.18376618407356,0.8001246697858259,0.9316037735849056,29.65412481029905,17.78754452113161,-0.8564465386181771,327.5822784810127,1001.2962025316456,0.7720297884847696,0.5161320631606421,0.1680771054289444,0.6551263075891625,-0.7555193717599769,1001.2962025316456,327.5822784810127
369,443.0,77.94112549695427,0.5822847393994203,0.9588744588744589,26.389032679909242,21.45388565648157,0.23913518469380748,329.6004514672686,1697.058690744921,0.9163897956606736,0.8747725210025367,0.16911259695601263,0.9715431804615706,0.23686250969415984,1697.058690744921,329.6004514672686
370,613.0,94.76955262170047,0.798135187985757,0.9668769716088328,36.131184196583014,21.768258021845188,0.17380228081942342,335.58564437194127,1677.1876019575857,0.8576946036240501,0.8645296917307143,0.17218350147354605,0.9849343652005612,0.17292858713054798,1677.1876019575857,335.58564437194127
371,351.0,73.25483399593905,0.7488155069909803,0.9460916442048517,26.29664888692221,17.428853433430856,1.3519076583329723,330.75498575498574,1621.8490028490028,0.8219481142722074,0.8360046406438159,0.16970496960235287,0.2171449429276628,0.9761393720985452,1621.8490028490028,330.75498575498574
372,330.0,69.35533905932738,0.7770374919377901,0.953757225433526,25.963249275923246,16.342679318073515,0.5370011933207652,333.3242424242424,903.4030303030303,0.8621126257947354,0.4656716651046548,0.1710232131473794,0.8592466168825554,0.5115615812156763,903.4030303030303,333.3242424242424
373,206.0,52.04163056034262,0.3045546422878236,0.944954128440367,16.608704707666657,15.819705965874284,-1.0884589476552868,329.4514563106796,952.5631067961165,0.9558181953890041,0.49101191071964767,0.16903614997982533,0.46385115565508844,-0.8859131477732108,952.5631067961165,329.4514563106796
374,307.0,65.76955262170047,0.6436569112476521,0.953416149068323,22.716838253952037,17.385518240067366,0.002306674229341357,335.11726384364823,1491.9315960912052,0.8918636510114052,0.7690369052016521,0.1719431830906353,0.9999973396281795,0.0023066721838039543,1491.9315960912052,335.11726384364823
375,639.0,97.74011537017762,0.7732560898015908,0.9609022556390977,35.967291462532444,22.806638572145648,-1.1913792243166006,339.2018779342723,1415.1236306729265,0.840552854857793,0.7294451704499622,0.17403893172615306,0.3703790901153315,-0.9288806864206722,1415.1236306729265,339.2018779342723
376,715.0,117.15432893255071,0.9229780667894936,0.9202059202059202,49.413086096692034,19.01675237924831,-0.47659927411520897,348.4489510489511,171.25874125874125,0.6546350049757265,0.08827770167976354,0.17878345359104725,0.888560175132653,-0.45876008454117845,171.25874125874125,348.4489510489511
377,598.0,91.59797974644665,0.7692602854869464,0.9771241830065359,34.5399720431106,22.068815388855526,-1.4552307293210134,340.2842809364549,877.071906354515,0.8956519128478467,0.4520989208012964,0.1745942949904848,0.11530853159052293,-0.9933297249868431,877.071906354515,340.2842809364549
378,995.0,125.9827560572969,0.7763794188202973,0.9476190476190476,45.219835650384006,28.500516587382496,-1.1521344260978232,346.01608040201006,1567.16783919598,0.7877904919242552,0.8078184738123608,0.1775351874817907,0.40653828470015896,-0.9136337466802835,1567.16783919598,346.01608040201006
379,707.0,100.32590180780451,0.7618666980676708,0.9751724137931035,37.35594712460044,24.196711276658135,-0.8420987068429981,344.6732673267327,1836.6463932107497,0.8826796891903197,0.9467249449539947,0.17684621207118148,0.6658985694341005,-0.7460422878266475,1836.6463932107497,344.6732673267327
380,613.0,91.84062043356595,0.6679312838309395,0.9699367088607594,32.4832962247008,24.174814558945826,0.45882991215097424,346.64600326264275,291.394779771615,0.9132732150474535,0.15020349472763658,0.17785839059140213,0.8965713422973867,0.44289934315943874,291.394779771615,346.64600326264275
381,408.0,84.18376618407356,0.8510100476156311,0.9444444444444444,32.259213651909526,16.940906894547958,0.5530698885583591,345.8651960784314,1641.5343137254902,0.7234580022558182,0.8461517081059228,0.17745777120494172,0.8509159158517823,0.5253019171392034,1641.5343137254902,345.8651960784314
382,391.0,73.35533905932736,0.653387842400492,0.9559902200488998,25.70157681286651,19.45669335406021,0.43018984633254703,344.5652173913044,41.32480818414322,0.9131101362071192,0.0213014475175996,0.17679077341780625,0.9088865919020699,0.41704335872980924,41.32480818414322,344.5652173913044
383,540.0,94.76955262170047,0.8763956430379136,0.9424083769633508,38.13024880344461,18.363215750976273,-1.5105397478327112,341.8740740740741,831.7277777777778,0.7555547894893753,0.42872565864833906,0.17540999182866807,0.060220121761425854,-0.998185121575672,831.7277777777778,341.8740740740741
384,352.0,76.42640687119284,0.793134464232162,0.9214659685863874,28.02278079856241,17.067178463234253,-1.287768642571387,342.90625,1322.9630681818182,0.7572959660050087,0.6819397258669166,0.17593958440225757,0.2792641498495951,-0.9602143170192698,1322.9630681818182,342.90625
385,830.0,106.8111831820431,0.6459162069451824,0.9753231492361927,37.270494982254334,28.452605729543194,1.1027203191305057,347.7096385542169,1471.1072289156627,0.9142279711734023,0.758302695317352,0.17840412445059872,0.4511700776493653,0.8924379872203254,1471.1072289156627,347.7096385542169
386,214.0,53.62741699796952,0.5878436905880157,0.9511111111111111,18.400373578313836,14.885433627014761,-0.350348927873617,341.88317757009344,1876.981308411215,0.9350823909428733,0.9675161383562964,0.17541466268347533,0.9392530090623596,-0.3432255598980108,1876.981308411215,341.88317757009344
387,484.0,90.8700576850888,0.801402495816998,0.9361702127659575,33.69938073870896,20.15645686792546,0.4256277935998388,351.0,16.607438016528924,0.7365693077144998,0.008560535060066456,0.18009235505387378,0.9107797010917028,0.41289264473868803,16.607438016528924,351.0
388,779.0,110.42640687119285,0.5508666986253697,0.9307048984468339,35.055956186431835,29.2574641408693,0.22837421348783216,351.4801026957638,146.7625160462131,0.8027890491363431,0.07565078146712016,0.18033868788905275,0.9740357508365808,0.22639424924723311,146.7625160462131,351.4801026957638
389,271.0,60.8700576850888,0.5351191396736005,0.9442508710801394,20.45139884965498,17.276863215080603,0.020465906197919107,344.6752767527675,464.9261992619926,0.9191189668376287,0.23965268003195497,0.1768472430747909,0.9997905806515678,0.02046447752572527,464.9261992619926,344.6752767527675
390,524.0,86.08326112068522,0.6911184267483985,0.9579524680073126,30.496425468434087,22.041033224150546,-0.9861351051230279,347.9351145038168,1533.1240458015268,0.8885947207064899,0.790270126701818,0.17851981246989063,0.5519169070608607,-0.8338991112241175,1533.1240458015268,347.9351145038168
391,439.0,90.76955262170047,0.8252555292733141,0.9222689075630253,32.99050256161669,18.631700273644135,-1.1734112723041985,349.626423690205,1927.3872437357631,0.6695669280694582,0.9934985792452388,0.17938759553114675,0.387008489334605,-0.9220761515097041,1927.3872437357631,349.626423690205
392,574.0,88.66904755831213,0.42295395097871785,0.9647058823529412,28.526735747917197,25.849535170370135,-1.4201944185387012,348.88327526132406,1439.4076655052265,0.9174399960981333,0.7419627141779518,0.17900629823567166,0.15003325484272484,-0.9886809507830613,1439.4076655052265,348.88327526132406
393,771.0,106.08326112068524,0.522195178633024,0.9506781750924784,34.17020320341244,29.1412379001881,-0.8861016015050465,352.15693904020753,261.19974059662775,0.860935306013398,0.13463904154465348,0.18068596153935737,0.6324365714896861,-0.7746121500740684,261.19974059662775,352.15693904020753
394,582.0,93.84062043356593,0.762130729144671,0.9371980676328503,34.684463810731735,22.455525259387215,-1.0311687639056353,349.5412371134021,1743.9621993127148,0.830521936087713,0.8989495872745953,0.1793438876928692,0.513816513459608,-0.8579001051965272,1743.9621993127148,349.5412371134021
395,440.0,86.76955262170047,0.8270355908104803,0.8961303462321792,32.97570366246524,18.537277413786782,0.021462941674884693,352.4977272727273,239.8590909090909,0.7343918083960524,0.12363870665417057,0.1808608144036569,0.9997696799090974,0.021461293867356283,239.8590909090909,352.4977272727273
396,231.0,61.69848480983499,0.8852008043119677,0.9352226720647774,25.671704019247873,11.94271113131837,-0.838874908989223,348.1125541125541,974.5584415584416,0.7625579381147963,0.5023497121435266,0.17861085382891437,0.6683001944979567,-0.7438916924082384,974.5584415584416,348.1125541125541
397,732.0,105.05382386916237,0.8065611332239072,0.9581151832460733,39.954650950262746,23.619219480832523,-0.753609828446736,356.4139344262295,197.16120218579235,0.8334838998767985,0.10162948566277956,0.1828701561961157,0.7292235079684937,-0.6842755844147329,197.16120218579235,356.4139344262295
398,857.0,122.56854249492379,0.8877904282347208,0.9366120218579235,49.127829676527526,22.610981832117886,-1.350242304930784,352.26954492415405,611.7351225204201,0.7168571848109951,0.31532738274248456,0.1807437377753484,0.21877025808554745,-0.9757763955831187,611.7351225204201,352.26954492415405
399,135.0,43.79898987322333,0.8024128332831194,0.9246575342465754,17.063013533993978,10.182683322498203,-0.1666289591475979,348.14814814814815,1810.1851851851852,0.8843322095211714,0.9330851470026728,0.178629116545997,0.9861494863934332,-0.16585894756077485,1810.1851851851852,348.14814814814815
400,543.0,95.49747468305831,0.839753356389522,0.9543057996485061,36.47091976528414,19.80254408966089,-1.0331433348221684,354.5930018416206,117.29281767955801,0.7482141530221142,0.060460215298741245,0.18193586549082638,0.5121215282963218,-0.8589129992353356,117.29281767955801,354.5930018416206
401,716.0,101.01219330881975,0.6289155153065676,0.950863213811421,34.559444843695324,26.86905768375888,0.14687168034737233,356.5223463687151,1058.159217877095,0.8818105368846854,0.5454428958129356,0.1829257805893869,0.9892337291774973,0.14634421429486694,1058.159217877095,356.5223463687151
402,439.0,77.59797974644667,0.7298696606274875,0.9712389380530974,28.668626273172137,19.59748118656122,0.38819827926888595,354.9635535307517,1506.738041002278,0.9161647015682217,0.7766690933001432,0.18212598949756373,0.9255925516175901,0.3785213711140214,1506.738041002278,354.9635535307517
403,104.0,38.384776310850235,0.8277247898505427,0.9285714285714286,15.479772520196235,8.686230898382734,-0.6372695981723089,348.4519230769231,659.8365384615385,0.8870031766070385,0.34012192704203015,0.17878497848995542,0.8037233495350175,-0.5950031742875093,659.8365384615385,348.4519230769231
404,96.0,34.14213562373095,0.4658879413885884,0.9411764705882353,11.76258170723642,10.408046669259129,-1.103772539152925,348.0729166666667,1242.0625,1.0349032021490827,0.6402384020618557,0.1785905165041902,0.45023078694344165,-0.8929122232830555,1242.0625,348.0729166666667
405,543.0,89.01219330881976,0.5731186514172607,0.9493006993006993,29.59192377721449,24.2497647448128,0.326951158786817,360.69244935543276,1303.364640883978,0.8612132218978416,0.6718374437546278,0.18506539217826207,0.947025900804541,0.32115719391809955,1303.364640883978,360.69244935543276
406,697.0,132.42640687119285,0.9602820518008842,0.8701622971285893,58.533921059837816,16.332787130994355,1.5699706069085244,354.4117647058824,1346.3601147776183,0.4994516487704904,0.6940000591637208,0.18184287568285395,0.0008257197925410717,0.999999659093354,1346.3601147776183,354.4117647058824
407,292.0,62.284271247461895,0.5804020063163805,0.954248366013072,21.472304306112747,17.485543703570855,1.5013530406228475,354.3013698630137,1606.736301369863,0.9458797778584518,0.828214588334981,0.18178623389585105,0.06938748609158915,0.9975897838159178,1606.736301369863,354.3013698630137
408,581.0,90.42640687119284,0.6728654102010373,0.9635157545605307,31.688814024833697,23.442273033925524,-1.5043268995193892,359.22719449225474,1863.2736660929431,0.8928848368852056,0.960450343346878,0.1843135938903308,0.06642049238513609,-0.9977917208472498,1863.2736660929431,359.22719449225474
409,582.0,125.74011537017762,0.9532556642917123,0.7698412698412699,55.00722803698336,16.621254624370028,-1.4944663400409472,358.2938144329897,838.4003436426117,0.46257817639630977,0.4321651255889751,0.1838346918588967,0.07625588853077606,-0.9970882806774843,838.4003436426117,358.2938144329897
410,473.0,97.25483399593904,0.8143171301143395,0.8211805555555556,34.65456903959747,20.11421198346011,-0.3539171954943106,366.81606765327695,1012.3276955602537,0.6284179924412611,0.5218183997733267,0.18820732049937247,0.9380223114803419,-0.34657487382249247,1012.3276955602537,366.81606765327695
411,219.0,57.941125496954285,0.8476755032333988,0.9439655172413793,23.202638717115434,12.309349540827881,-0.9122967996323292,360.47945205479454,1757.3013698630136,0.8197475451050675,0.9058254483829967,0.18495610674950977,0.6119308003418258,-0.7909113070332302,1757.3013698630136,360.47945205479454
412,545.0,86.42640687119285,0.47325181159237856,0.9697508896797153,28.402429688928883,25.02047271598829,0.946205651426349,368.82018348623853,218.11559633027522,0.9168820080000978,0.11243071975787383,0.18923559953116395,0.5847652767541741,0.8112025462870627,218.11559633027522,368.82018348623853
413,475.0,91.01219330881975,0.8745399354258112,0.9152215799614644,35.657024322214184,17.29199889843013,1.489733429731736,364.96,1639.7852631578946,0.7206166833668816,0.8452501356483993,0.18725500256541816,0.08097414623404553,0.9967162021566959,1639.7852631578946,364.96
414,855.0,106.5685424949238,0.3916213910526762,0.9749144811858609,34.41407129089211,31.665297285839806,-1.1951436149452708,370.80584795321636,1696.9415204678362,0.9460583572917941,0.8747121239524929,0.19025441146906946,0.3668798043718663,-0.9302683532960052,1696.9415204678362,370.80584795321636
415,713.0,101.08326112068522,0.5206903485281963,0.9583333333333334,32.825725149071864,28.024818632570224,0.23619380034426535,372.07012622720896,681.5245441795231,0.8768814941357277,0.35130131143274385,0.19090309195854743,0.9722356803685751,0.23400380727298825,681.5245441795231,372.07012622720896
416,924.0,125.15432893255071,0.8471787913878802,0.9515962924819773,47.78958753920648,25.390985883942818,-1.4927723954662042,370.5194805194805,1544.491341991342,0.7412933145911762,0.7961295577274959,0.19010748102590072,0.07794479060047838,-0.9969576769443362,1544.491341991342,370.5194805194805
417,640.0,93.7401153701776,0.4960003023795228,0.9653092006033183,30.732960509926173,26.686116431026804,-0.632216600399462,373.9859375,1487.7859375,0.9152481730019039,0.7668999677835052,0.1918860633658286,0.8067196258287707,-0.5909343832463028,1487.7859375,373.9859375
418,783.0,104.32590180780451,0.6851685573166456,0.9714640198511166,37.07373731636482,27.003937354573644,-0.8264188083988309,376.97318007662835,793.2694763729246,0.9040393431513596,0.40890179194480647,0.19341876863859844,0.6775141004373695,-0.7355097849169254,793.2694763729246,376.97318007662835
419,271.0,59.698484809834994,0.5090354589437268,0.9575971731448764,20.03470210000864,17.24478067458694,-0.12346120639046614,370.77121771217713,1790.9630996309963,0.9555480658566864,0.923176855479895,0.19023664325919812,0.9923883411314818,-0.12314779895030918,1790.9630996309963,370.77121771217713
420,201.0,51.69848480983499,0.6058907092160875,0.9481132075471698,17.971657680552234,14.29731438373465,1.4356137977066576,369.0049751243781,633.0895522388059,0.9450402191614042,0.32633482074165254,0.18933041309614065,0.13477117708079972,0.990876748051066,633.0895522388059,369.0049751243781
421,1128.0,140.12489168102783,0.8880016063798897,0.9494949494949495,56.23184749383208,25.857672406945593,-0.41481044016347096,390.47163120567376,1113.6072695035461,0.7219188534687171,0.5740243657234774,0.2003446029787962,0.9151927326700621,-0.4030164538426494,1113.6072695035461,390.47163120567376
422,320.0,67.698484809835,0.5040992863737972,0.935672514619883,22.035844547140414,19.03116257206222,0.45815236596530606,372.35,1827.759375,0.8774087175151541,0.9421440077319588,0.19104669061056953,0.896871221241047,0.44229177305212547,1827.759375,372.35
423,733.0,100.91168824543144,0.6295441750747496,0.9695767195767195,34.74046898639178,26.992117763921748,-1.080060704663607,378.29604365620736,136.43519781718962,0.9045464942233754,0.07032742155525239,0.19409750828948555,0.4712748243533546,-0.8819864170896935,136.43519781718962,378.29604365620736
424,853.0,116.81118318204308,0.8335231466462988,0.9562780269058296,44.60258481215015,24.642238434313082,0.6793955196726802,382.862837045721,618.3083235638921,0.785579332658499,0.3187156307030372,0.19644065523125756,0.7779526696795981,0.6283228817561765,618.3083235638921,382.862837045721
425,1056.0,123.49747468305833,0.46419689054921687,0.9582577132486388,39.09760173108592,34.62999854307218,-1.3905596631170771,381.0672348484849,723.7878787878788,0.8700768789211878,0.37308653545766945,0.19551936113313745,0.17926240847668937,-0.9838012954388384,723.7878787878788,381.0672348484849
426,394.0,72.52691193458118,0.3827773522382621,0.9609756097560975,23.465371840349857,21.678263764152437,0.3717406555080953,376.0507614213198,1033.0329949238578,0.9412559035134184,0.5324912344968339,0.1929454907241251,0.9316964856100539,0.3632377440490934,1033.0329949238578,376.0507614213198
427,312.0,85.11269837220809,0.9551158295547316,0.8666666666666667,37.58607325562219,11.134220130155665,1.439911169988318,372.2435897435897,541.8846153846154,0.5412223706610955,0.2793219666931007,0.1909920932496612,0.13051177948010992,0.9914467587404455,541.8846153846154,372.2435897435897
428,1059.0,129.29646455628165,0.5484636658041452,0.9338624338624338,41.42667039210419,34.63992076559981,-0.46797076107937136,388.90084985835693,1273.3361661945232,0.7960356622395122,0.6563588485538779,0.19953866077904409,0.8924854663874753,-0.45107614910027183,1273.3361661945232,388.90084985835693
429,205.0,54.142135623730944,0.6865405314227474,0.9403669724770642,19.16320109902726,13.933401282115172,-0.4979014981683603,376.6390243902439,1770.4926829268293,0.8788058924829831,0.9126250942921801,0.1932473188251636,0.8785867042140427,-0.4775828757171955,1770.4926829268293,376.6390243902439
430,412.0,77.59797974644667,0.7829390662860595,0.9603729603729604,29.15985637030768,18.140299973461833,-1.391250807870272,377.44174757281553,1921.4029126213593,0.8598174420184678,0.9904138724852367,0.1936591829516755,0.1785824166121657,-0.98392495673042,1921.4029126213593,377.44174757281553
431,802.0,139.58073580374355,0.9522206286200172,0.8930957683741648,59.50682456271726,18.17403835905544,-0.7860204402286665,394.9364089775561,757.2593516209477,0.5172890263970882,0.39033987196956066,0.2026354073768887,0.7066666281418871,-0.7075466604193507,757.2593516209477,394.9364089775561
432,177.0,50.970562748477136,0.6794067897202865,0.946524064171123,17.99356342405366,13.202989914886748,0.05756456117761805,377.180790960452,1758.2824858757062,0.8561389848033456,0.9063311782864465,0.19352529038504462,0.998343618117121,0.05753277470117452,1758.2824858757062,377.180790960452
433,354.0,82.0477272147525,0.7138857092491819,0.7712418300653595,26.627051859590434,18.645918777502672,-0.43494162360201094,383.3785310734463,640.8050847457627,0.660815187063099,0.3303118993534859,0.19670524939632955,0.906894641175412,-0.4213574608421225,640.8050847457627,383.3785310734463
434,272.0,63.94112549695428,0.8482400033134881,0.9645390070921985,25.746942603813388,13.635890403988004,0.9643646866048973,380.68382352941177,1453.6544117647059,0.8360229798030151,0.7493063978168587,0.19532263906075514,0.5699390200505217,0.821686992366224,1453.6544117647059,380.68382352941177
435,916.0,114.32590180780453,0.7267518406679071,0.9744680851063829,41.30227117808867,28.370534644575017,-1.480387253833194,384.8569868995633,477.4192139737991,0.8806758071286658,0.24609237833700986,0.1974638208822798,0.09028595900068823,-0.995915882796999,477.4192139737991,384.8569868995633
436,571.0,115.94112549695427,0.9581033679396953,0.861236802413273,52.942163339642995,15.163834896957066,-0.05551839548048406,397.01926444833623,854.2101576182137,0.5337906328241241,0.4403145142361926,0.20370408642808427,0.9984592496961935,-0.05548987922238006,854.2101576182137,397.01926444833623
437,307.0,64.76955262170047,0.6523749033127448,0.9684542586750788,22.861759761868186,17.326845909774256,-0.796645395726432,380.8241042345277,1253.8241042345278,0.9196158436263842,0.6463010846569731,0.19539461479452422,0.6991092304964759,-0.7150148836455262,1253.8241042345278,380.8241042345277
438,804.0,115.1543289325507,0.8860470029145254,0.9698431845597105,47.1780761391077,21.87153977730806,-1.1619686627976331,384.77487562189054,1359.8805970149253,0.7619129850342512,0.7009693799046007,0.1974216909296514,0.3975338805525979,-0.9175874965434048,1359.8805970149253,384.77487562189054
439,328.0,76.84062043356595,0.784936545517103,0.8608923884514436,26.984008389142442,16.71864833119264,-0.10334741793839579,386.765243902439,1747.6920731707316,0.6980748345841298,0.9008722026653256,0.19844291631731092,0.99466440712385,-0.10316354589175451,1747.6920731707316,386.765243902439
440,241.0,56.87005768508881,0.7255859697947792,0.9563492063492064,21.125462817153128,14.53709701742829,-1.4554319206790869,381.15767634854774,1647.3070539419086,0.9363960413997997,0.8491273473927364,0.1955657651865304,0.11510867990175909,-0.9933529039627731,1647.3070539419086,381.15767634854774
441,579.0,109.32590180780453,0.5531106563216371,0.8271428571428572,32.736945001963676,27.27340413976566,-1.0961051180898649,390.87737478411054,665.8963730569948,0.6087546489538534,0.34324555312216226,0.2005527833679377,0.4570638195281214,-0.8894339013543192,665.8963730569948,390.87737478411054
442,810.0,109.84062043356595,0.8248524776274994,0.9712230215827338,42.81978236669658,24.20807942149476,1.5352464021542267,386.67530864197533,1591.8679012345679,0.8436628548298424,0.8205504645539009,0.1983967720071705,0.03554243713162726,0.9993681679755185,1591.8679012345679,386.67530864197533
443,866.0,147.29646455628165,0.9304959230576926,0.8224121557454891,60.04624858708642,21.995075864625075,-1.3381876290400219,390.92609699769054,538.5866050808314,0.5015833482314392,0.27762196138187184,0.2005777819382712,0.23051674626518956,-0.9730683581800973,538.5866050808314,390.92609699769054
444,148.0,46.62741699796952,0.7784649356174932,0.9367088607594937,17.350695091890657,10.890824740990885,-1.307978800044734,382.88513513513516,1806.331081081081,0.8554386414163334,0.9310984954026191,0.19645209601597494,0.25980235749335173,-0.9656618119408558,1806.331081081081,382.88513513513516
445,275.0,59.4558441227157,0.5312187791878237,0.9683098591549296,20.36862866989126,17.257008661012655,0.08507106630023666,387.92,1162.88,0.9775825913229333,0.5994226804123712,0.19903540277065163,0.9963836386219874,0.08496849231573286,1162.88,387.92
446,460.0,78.18376618407356,0.43604238494406783,0.9663865546218487,25.570796196472198,23.0118276489756,0.9966296137542553,390.4782608695652,1190.25,0.9456589163931066,0.6135309278350516,0.20034800455082874,0.5431353139520707,0.8396451814535624,1190.25,390.4782608695652
447,585.0,92.32590180780451,0.5862329475990694,0.9512195121951219,30.596546063151653,24.787563467892703,-0.1520632399683597,392.7196581196581,1839.7726495726495,0.8624195906220916,0.9483364173054895,0.20149802879407805,0.9884606468487759,-0.15147788495783693,1839.7726495726495,392.7196581196581
448,278.0,61.698484809834994,0.7274074925220059,0.9553264604810997,22.72808315320772,15.596141486805983,-0.6819588552124138,389.7158273381295,576.4064748201439,0.9177104190299278,0.2971167395980123,0.19995681238487917,0.7763395132289989,-0.6303149690427486,576.4064748201439,389.7158273381295
449,361.0,73.52691193458118,0.7316744755473209,0.9425587467362925,26.107011262755588,17.795954134362834,0.07362619797966342,393.7617728531856,1327.8947368421052,0.8391206584459409,0.6844818231144872,0.2020327208071758,0.9972908156500313,0.07355969698207895,1327.8947368421052,393.7617728531856
450,716.0,100.08326112068524,0.6401133445517564,0.9741496598639455,34.700941638212335,26.66005632810673,-1.3974775268494206,395.05167597765364,1053.6382681564246,0.8982557177256508,0.5431125093589817,0.20269454898802136,0.17245237001007915,-0.9850178577456892,1053.6382681564246,395.05167597765364
451,798.0,110.91168824543142,0.8227946214284231,0.9602888086642599,42.616233725963774,24.220459862290625,-1.3695072481615351,395.57142857142856,162.11779448621553,0.815188648395055,0.08356587344650285,0.20296122553690538,0.19993254826318207,-0.979809663222909,162.11779448621553,395.57142857142856
452,678.0,112.91168824543144,0.920548194359018,0.9390581717451524,47.35939959914042,18.49995528314729,-1.1573362019156488,394.5693215339233,384.57227138643066,0.6682850656305678,0.19823312958063435,0.20244706081781597,0.40178028806301913,-0.9157360974232682,384.57227138643066,394.5693215339233
453,491.0,91.84062043356593,0.8555347832499023,0.9334600760456274,36.00457667887922,18.641201709246705,1.368907028635789,395.09572301425663,445.5947046843177,0.7315124773055462,0.2296879921053184,0.2027171488015683,0.20052061310505476,0.9796894833160009,445.5947046843177,395.09572301425663
454,294.0,63.698484809834994,0.7453642513425952,0.9639344262295082,23.848849174725085,15.899012568077948,0.8428832678563212,394.3503401360544,1560.6700680272108,0.9105399192178792,0.804469107230521,0.20233470504671852,0.6653130488585737,0.7465644962215315,1560.6700680272108,394.3503401360544
455,183.0,53.21320343559642,0.8402394604560326,0.9384615384615385,21.021436144014096,11.39814852218946,-1.3315209681771025,391.7704918032787,17.224043715846996,0.8121236264730207,0.008878373049405667,0.20101102709249805,0.23699869238661794,-0.971509968969456,17.224043715846996,391.7704918032787
456,333.0,70.87005768508881,0.7196642967571754,0.9353932584269663,25.309018457494858,17.572613057395117,-0.286697237804739,399.04804804804803,210.67567567567568,0.833160218139861,0.10859570911117303,0.20474502208724887,0.959183079622976,-0.2827858195967113,210.67567567567568,399.04804804804803
457,260.0,61.8700576850888,0.5684005418122784,0.9252669039145908,20.334929972372322,16.730603940856838,-0.6254982755382479,397.41923076923075,1816.5269230769231,0.853536642333863,0.9363540840602697,0.20390930260093934,0.8106714791863238,-0.5855012833750732,1816.5269230769231,397.41923076923075
458,788.0,109.7401153701776,0.740193763718176,0.9437125748502994,38.75965185801328,26.061742966770865,-0.28010107894466296,407.8972081218274,1297.4327411167512,0.822252602318632,0.6687797634622429,0.2092853812836467,0.9610274996639808,-0.27645278962165903,1297.4327411167512,407.8972081218274
459,460.0,97.39696961966999,0.8981312047860661,0.8863198458574181,39.18120883307473,17.22905789112279,0.5531123136530881,407.76521739130436,1085.0304347826086,0.609364018443783,0.5592940385477364,0.20921765900015615,0.8508936291024162,0.5253380168547864,1085.0304347826086,407.76521739130436
460,258.0,58.04163056034261,0.6460663901004947,0.9662921348314607,20.798884228012078,15.875397711544133,0.12188428133349567,403.9573643410853,229.6705426356589,0.9623883583998823,0.11838687764724685,0.20726391192462046,0.9925813020187395,0.12158272444218292,229.6705426356589,403.9573643410853
461,670.0,97.98275605729688,0.5985260600189861,0.9571428571428572,33.04653364471241,26.473688356901977,1.427326978979415,407.2805970149254,1145.2328358208956,0.8769712671321873,0.5903262040313895,0.2089690082169961,0.14297767166018718,0.9897259142846729,1145.2328358208956,407.2805970149254
462,716.0,164.02438661763952,0.9730458960700041,0.683206106870229,76.43260304351455,17.626240585760893,-1.0663812016115015,411.02932960893855,1595.2597765363128,0.334430625883491,0.8222988538846973,0.2108924215540988,0.4832954900928442,-0.8754572915087963,1595.2597765363128,411.02932960893855
463,64.0,32.31370849898476,0.8386546244038291,0.8888888888888888,12.887746229466568,7.019486065579891,0.12823126473540905,402.359375,1827.640625,0.7702225549293512,0.9420827963917526,0.206444009748589,0.9917896310619577,0.12788013027044381,1827.640625,402.359375
464,446.0,80.76955262170048,0.7584528392554115,0.9570815450643777,29.956279087551373,19.523343665621795,-0.4200439365599202,410.9641255605381,90.43946188340807,0.8591111746295806,0.046618279321344366,0.21085896642408317,0.913071023839412,-0.407800570652921,90.43946188340807,410.9641255605381
465,528.0,86.87005768508881,0.7205496335619954,0.9705882352941176,31.32001985990535,21.717407139697166,-1.433540742013473,405.6155303030303,113.58143939393939,0.8792321634357297,0.05854713370821618,0.20811468973988215,0.13682502869979155,-0.9905952309199259,113.58143939393939,405.6155303030303
466,469.0,81.59797974644665,0.554198527687157,0.9455645161290323,26.878045708135772,22.372869220087544,0.8890284932422639,407.40511727078894,493.08742004264394,0.8851643084925767,0.2541687732178577,0.20903289752221085,0.630166659881412,0.7764599028758052,493.08742004264394,407.40511727078894
467,215.0,54.04163056034261,0.7357810150725468,0.947136563876652,20.155226961713026,13.64951342001529,1.56427399954958,402.52093023255816,1006.8279069767442,0.9251058675629368,0.5189834572045073,0.20652690109418068,0.0065222810012965735,0.9999787296990572,1006.8279069767442,402.52093023255816
468,357.0,76.08326112068524,0.8490446603403609,0.9296875,29.832577272862824,15.761179477160931,0.8633850475017394,408.06722689075633,1756.3081232492998,0.7749966791446025,0.9053134655924225,0.20937261513122438,0.64986840199998,0.7600467486161574,1756.3081232492998,408.06722689075633
469,468.0,81.84062043356595,0.6786643629987137,0.9473684210526315,28.76274298809991,21.12475507349784,-0.3394345465720786,412.6474358974359,1172.3504273504273,0.8780472577727687,0.6043043439950656,0.2117226454065859,0.9429430862206727,-0.332953954997734,1172.3504273504273,412.6474358974359
470,468.0,89.01219330881975,0.6880031368655364,0.8948374760994264,29.59509642942274,21.477389724512786,0.7474352663835859,414.258547008547,1860.017094017094,0.7422611194257643,0.9587716979469557,0.21254928014804875,0.7334346823276994,0.6797599331814627,1860.017094017094,414.258547008547
471,522.0,84.42640687119285,0.4474276046475178,0.9666666666666667,27.373536473698042,24.480705366141976,-0.20839607353680467,415.2241379310345,1389.1590038314175,0.9202879896258122,0.716061342181143,0.2130447090461952,0.9783640108995034,-0.20689094271290948,1389.1590038314175,415.2241379310345
472,899.0,122.91168824543142,0.4030572276365392,0.9192229038854806,36.523295489714954,33.42519878101913,1.2602176986510738,417.4794215795328,393.1968854282536,0.7477960863008177,0.2026788069217802,0.21420185817318257,0.30560963235011696,0.9521568949573522,393.1968854282536,417.4794215795328
473,225.0,54.2842712474619,0.6723417980133615,0.9615384615384616,19.696479610274363,14.58013868413007,1.26993908654345,410.2311111111111,1636.1155555555556,0.9594986285412676,0.8433585337915235,0.21048286870759933,0.29633905087008283,0.9550828063206972,1636.1155555555556,410.2311111111111
474,116.0,45.04163056034262,0.8490244843350105,0.8656716417910447,16.992262805407965,8.977921591080403,0.9561534559912034,409.7758620689655,653.1120689655172,0.7185212967977822,0.33665570565232844,0.21024928787530298,0.576666791853932,0.8169794435436512,653.1120689655172,409.7758620689655
475,314.0,67.11269837220809,0.6713343574135309,0.9573170731707317,23.45702872719499,17.385285367854408,-0.816898776533114,414.35350318471336,1612.9235668789809,0.8760524545253602,0.8314039004530829,0.21259800060785702,0.6844853695996443,-0.7290265967741083,1612.9235668789809,414.35350318471336
476,492.0,87.35533905932738,0.8510925077017449,0.9647058823529412,34.676321910275014,18.20561533943343,-1.5291506148713183,414.4634146341463,1023.0487804878048,0.8102071273979039,0.5273447322102087,0.21265439437359995,0.04163367482103663,-0.9991329426662381,1023.0487804878048,414.4634146341463
477,523.0,89.15432893255071,0.822192162975032,0.9561243144424132,34.513983723284284,19.645705373718457,0.7339985355682289,420.87954110898664,1326.6271510516253,0.8268499073552891,0.6838284283771264,0.21594640385273814,0.7425019504723442,0.6698439023718619,1326.6271510516253,420.87954110898664
478,595.0,94.18376618407358,0.8373264094907703,0.9738134206219312,37.27710758081626,20.379517242671966,-0.22762062397327565,424.0689075630252,49.825210084033614,0.8428974190745313,0.025683097981460627,0.21758281557877127,0.9742060825767679,-0.2256601619037523,49.825210084033614,424.0689075630252
479,573.0,95.35533905932738,0.8809042232667191,0.9695431472081218,39.31947566614006,18.609694304743876,-1.5330507980092116,415.2443280977312,462.7940663176265,0.7919075007800693,0.23855364243176624,0.21305506829026744,0.03773656659141533,-0.9992877221010432,462.7940663176265,415.2443280977312
480,76.0,30.727922061357855,0.3651011240635979,0.926829268292683,10.210514310808973,9.505660727925024,-0.7317755049395721,412.7631578947368,1772.0657894736842,1.011479467121017,0.9134359739555074,0.2117820204693365,0.7439891980857507,-0.6681916440151894,1772.0657894736842,412.7631578947368
481,339.0,67.94112549695429,0.7304184382645301,0.9685714285714285,25.147823226491827,17.175961515555688,-0.08501734418334812,424.3038348082596,1734.9498525073745,0.9228775643744656,0.8943040476842137,0.21770335290316037,0.9963882018714468,-0.08491496435484641,1734.9498525073745,424.3038348082596
482,147.0,43.79898987322333,0.67842054542103,0.9483870967741935,15.974917644727878,11.736353137015584,-0.12669850629178453,421.15646258503403,1361.4897959183672,0.9629395170341646,0.701798863875447,0.21608848772962239,0.9919844753051662,-0.12635980671690739,1361.4897959183672,421.15646258503403
483,367.0,87.14823227814082,0.9155357979194181,0.8398169336384439,36.101570443321634,14.521369375337706,0.10632410142215926,434.8174386920981,35.5858310626703,0.6072377518567245,0.018343211887974383,0.22309771097593542,0.9943529156735313,0.10612388558447651,35.5858310626703,434.8174386920981
484,430.0,84.76955262170047,0.8481011199555931,0.9052631578947369,33.14486619727167,17.56129026051519,0.3488361326801666,431.74651162790695,683.9581395348837,0.7519665762871215,0.35255574202829054,0.22152206856229192,0.9397711640783935,0.3418042702582009,683.9581395348837,431.74651162790695
485,616.0,94.66904755831214,0.7854941655991582,0.9640062597809077,35.61475562049321,22.040870401593192,0.09911688995531948,432.9172077922078,1829.2337662337663,0.8637231511991429,0.9429040032132816,0.2221227336029799,0.9950919411660356,0.09895467965897861,1829.2337662337663,432.9172077922078
486,93.0,40.9350288425444,0.5659689798586093,0.7560975609756098,13.28288542978957,10.95076322761326,0.04053493673040543,422.98924731182797,1411.3010752688172,0.6974331900692419,0.7274747810664006,0.21702885957507848,0.9991785719341156,0.04052383727759995,1411.3010752688172,422.98924731182797
487,514.0,89.84062043356595,0.8347644552947455,0.9413919413919414,34.816191143899964,19.17004600997228,-1.1079377335330876,430.23929961089493,1617.6848249027237,0.8002533448733365,0.8338581571663524,0.2207487427454566,0.4465077392366219,-0.8947797711178996,1617.6848249027237,430.23929961089493
488,730.0,124.66904755831213,0.9427376899278616,0.906832298136646,54.64209040693637,18.22505386409073,-1.4335692017071304,428.27671232876713,788.417808219178,0.5902220646465126,0.40640093207174127,0.21974177133338488,0.1367968366075738,-0.9905991245171585,788.417808219178,428.27671232876713
489,240.0,58.2842712474619,0.7096688638950867,0.9448818897637795,20.982060157265074,14.7826037550606,1.1386826285386584,426.64166666666665,1564.3,0.8878065900104647,0.806340206185567,0.21890285616555497,0.41879114908792564,0.9080825807412093,1564.3,426.64166666666665
490,266.0,66.76955262170048,0.8163981876717189,0.9140893470790378,24.75796396318489,14.297461583991335,1.4078334987288288,426.19172932330827,186.24812030075188,0.7497812367257685,0.09600418572203705,0.2186720006789678,0.16224248776260788,0.9867509185020301,186.24812030075188,426.19172932330827
491,153.0,43.79898987322333,0.49797951039264055,0.9622641509433962,15.002982324484075,13.010418172506562,-0.8534824345354471,426.2091503267974,586.2941176470588,1.002243170790661,0.3022134627046695,0.21868093911072212,0.6573628644250595,-0.7535741930791426,586.2941176470588,426.2091503267974
492,400.0,74.76955262170047,0.6404304553983022,0.954653937947494,25.87553072557416,19.872825910520824,-1.4083958953939413,430.135,1258.4525,0.8991254510643083,0.6486868556701031,0.22069522832221652,0.16168751670816134,-0.9868420070815531,1258.4525,430.135
493,673.0,96.32590180780453,0.5869335159566237,0.9669540229885057,32.57257468588846,26.371900823053434,-0.13884329802872525,439.13521545319463,1466.738484398217,0.9114624071130819,0.75605076515372,0.22531309156141335,0.9903767435380796,-0.1383976367533385,1466.738484398217,439.13521545319463
494,580.0,93.25483399593904,0.7642954214285743,0.9492635024549918,34.10700265856116,21.994455654053024,-1.251769967932596,435.0534482758621,1529.6810344827586,0.8380986689551915,0.7884953785993601,0.22321880363050903,0.31364219700880314,-0.9495412430513438,1529.6810344827586,435.0534482758621
495,462.0,91.94112549695427,0.915954221565261,0.9565217391304348,38.61527718160981,15.49564551194032,1.5014018286416124,432.4264069264069,149.0064935064935,0.6868030384862122,0.07680747087963583,0.22187091171185577,0.06933881557993542,0.997593167906623,149.0064935064935,432.4264069264069
496,339.0,67.698484809835,0.5366207090285531,0.9549295774647887,22.741201838588555,19.18956208587526,0.25816671175956113,435.02949852507373,879.1120943952802,0.9295048601176163,0.45315056412127847,0.2232065154053739,0.9668596566314379,0.25530844948520215,879.1120943952802,435.02949852507373
497,788.0,106.5685424949238,0.6347216465200144,0.9598051157125457,36.19549425758483,27.969737237198558,0.8092699296314031,443.0558375634518,208.46700507614213,0.8719227901122031,0.10745721911141347,0.22732469859592191,0.6900270297568659,0.723783599016251,208.46700507614213,443.0558375634518
498,1093.0,132.12489168102786,0.8053789659224698,0.9562554680664916,49.103952607180716,29.106871524525157,-0.6816221510299023,447.6770356816102,1436.8371454711803,0.7867934529674944,0.7406377038511238,0.22969575971349934,0.776551698904674,-0.6300535365572234,1436.8371454711803,447.6770356816102
499,1325.0,150.02438661763952,0.7956000298315137,0.937057991513437,53.74733546422428,32.56133143349397,-0.5059872011349991,455.31924528301886,1398.9607547169812,0.7397790405108641,0.7211137910912274,0.23361685237712615,0.8746964327919262,-0.4846711776669614,1398.9607547169812,455.31924528301886
500,759.0,109.1543289325507,0.8266423559893693,0.9595448798988622,41.98077779145467,23.623744700692146,-0.9022755100175163,441.2292490118577,1757.8260869565217,0.8005154383463486,0.9060959211116092,0.22638750590654577,0.6198258922483905,-0.784739360105307,1757.8260869565217,441.2292490118577
501,228.0,55.79898987322333,0.6284540475103298,0.95,19.50456740728752,15.171563661829438,1.0372671492550443,435.88157894736844,15.87280701754386,0.9202207820300817,0.008181859287393742,0.22364370392373958,0.5085751859889764,0.8610175841388362,15.87280701754386,435.88157894736844
502,561.0,89.59797974644667,0.7298472892629024,0.9672413793103448,32.53381191419865,22.240446355015536,0.8404706453199084,440.7433155080214,1700.2459893048128,0.8781653371100855,0.8764154584045427,0.2261381813791798,0.6671122891309816,0.7449571757426204,1700.2459893048128,440.7433155080214
503,781.0,135.39696961967,0.8984466980718533,0.7912867274569402,53.5661252358973,23.51995360766342,1.5195604604141004,446.16773367477595,1007.6914212548015,0.5353564127963558,0.5194285676571142,0.22892136155709386,0.05121345265787194,0.9986877301072943,1007.6914212548015,446.16773367477595
504,587.0,93.25483399593904,0.7722842433761354,0.9498381877022654,34.48748174635546,21.909108846344918,1.0791946229914247,442.62691652470187,1165.2197614991483,0.8482136528908576,0.600628743040798,0.22710462623124775,0.47203851977779937,0.8815779238649208,1165.2197614991483,442.62691652470187
505,519.0,91.59797974644667,0.8315088787689005,0.9351351351351351,34.92193719872452,19.39953639275376,1.006801513024644,444.4797687861272,393.20616570327553,0.7773300046288166,0.20268359056869872,0.22805529440027048,0.5345665768313272,0.8451263662523117,393.20616570327553,444.4797687861272
506,576.0,93.7401153701776,0.6602090755312962,0.9536423841059603,32.048071216882285,24.070725283863418,0.07561238573376039,448.9392361111111,1201.5989583333333,0.8237233557017135,0.6193809063573883,0.23034337409497746,0.9971427452502887,0.07554035739072161,1201.5989583333333,448.9392361111111
507,145.0,49.112698372208094,0.912241997724617,0.9235668789808917,21.334631545780685,8.739768661630116,-0.9042266075873162,441.1310344827586,322.848275862069,0.7554231231955274,0.1664166370423036,0.22633711363917836,0.6182936103908256,-0.785947206464835,322.848275862069,441.1310344827586
508,181.0,50.62741699796952,0.7612595910336031,0.9378238341968912,18.98802485597929,12.31273248654249,-1.486782509509761,439.64088397790056,463.7900552486188,0.8873948383276458,0.23906703878794783,0.22557254180497718,0.08391501940354155,-0.9964729145935193,463.7900552486188,439.64088397790056
509,606.0,97.04772721475248,0.7589431657516842,0.9366306027820711,34.65156735298146,22.563606186337875,-0.8711811186727402,446.8333333333333,1784.572607260726,0.8085590644814541,0.9198827872477969,0.22926286984778518,0.6439233344904771,-0.7650900203888854,1784.572607260726,446.8333333333333
510,405.0,74.76955262170048,0.7726877837049595,0.9806295399515739,28.57087019627173,18.136395679944084,0.7724828694862961,446.883950617284,953.4716049382716,0.9103645192026117,0.49148020873106785,0.22928884074770856,0.716180045614864,0.6979155695806559,953.4716049382716,446.883950617284
511,793.0,115.7401153701776,0.7451052749229351,0.9094036697247706,40.91227782152022,27.286315695271494,-1.4687788348209099,450.0605296343001,804.5435056746533,0.7439011489463735,0.41471314725497593,0.23091869144910215,0.1018406250279691,-0.9948007273288015,804.5435056746533,450.0605296343001
512,466.0,88.76955262170046,0.8668741662922814,0.9173228346456693,35.189305022787345,17.54281902106531,-0.48436798430007644,452.02789699570815,930.637339055794,0.7431350040086796,0.47970996858546083,0.23192811544161526,0.8849694234025437,-0.46564913791670376,930.637339055794,452.02789699570815
513,421.0,80.1126983722081,0.6845241655006225,0.913232104121475,27.66989344041469,20.171080301925873,-0.1233646150360537,450.541567695962,1546.3277909738717,0.8243074783465532,0.7970761809143668,0.23116550420521395,0.9924002315147199,-0.12305194224200754,1546.3277909738717,450.541567695962
514,578.0,99.74011537017762,0.8131306133988067,0.9218500797448166,36.126188017076835,21.028377421995106,0.38118613032298687,455.7352941176471,1808.3235294117646,0.730126262102669,0.932125530624621,0.23383032022454955,0.9282240223920373,0.3720217255139097,1808.3235294117646,455.7352941176471
515,53.0,25.899494936611667,0.7331255840691434,0.9298245614035088,10.065509465512623,6.845485410040009,-1.4304683046972921,441.2830188679245,1266.132075471698,0.9928945881806723,0.6526453997276794,0.22641509433962262,0.13986791985925617,-0.9901701697154104,1266.132075471698,441.2830188679245
516,419.0,80.2842712474619,0.6690736449088307,0.945823927765237,27.524226848221623,20.455898320083516,-1.4482513347134074,448.51073985680193,1565.8854415274463,0.8168888116052327,0.8071574440863125,0.23012351968024727,0.12223850699118897,-0.9925007543617108,1565.8854415274463,448.51073985680193
517,779.0,118.8111831820431,0.864223323494373,0.8842224744608399,45.68958189510298,22.986811761795874,1.1890878388971915,455.46213093709883,528.3273427471116,0.6934779872813739,0.27233368182840806,0.2336901646675725,0.3725065395865459,0.9280295673981822,528.3273427471116,455.46213093709883
518,708.0,100.91168824543142,0.7366507432653236,0.9645776566757494,36.68814602804308,24.811216464712132,-0.9479806236155888,454.43502824858757,1862.2005649717514,0.8736956588133017,0.9598971984390471,0.23316317508906495,0.5833244943917859,-0.8122392099883922,1862.2005649717514,454.43502824858757
519,615.0,92.08326112068524,0.6822867711797032,0.9700315457413249,32.79229062838734,23.97394023618449,1.548618576982151,452.47642276422766,1665.5577235772357,0.9114305825588519,0.8585349090604307,0.23215824667225637,0.022175931826852947,0.9997540837864133,1665.5577235772357,452.47642276422766
520,512.0,83.59797974644665,0.6820005963745689,0.9678638941398866,29.870718979485453,21.845998603241426,-0.27945892487107205,458.435546875,723.78515625,0.9206366511368027,0.3730851320876289,0.2352157757183171,0.9612048267912572,-0.2758356049410397,723.78515625,458.435546875
521,542.0,93.32590180780451,0.6087278514288886,0.9442508710801394,30.112884477287878,23.89093330982859,-0.37538321608503694,459.64944649446494,419.16051660516604,0.781996411534835,0.2160621219614258,0.2358386077447229,0.9303671920664504,-0.3666290876708895,419.16051660516604,459.64944649446494
522,572.0,106.91168824543142,0.8723389484113486,0.8486646884272997,41.68200387693325,20.378397730250583,-0.25772922009986143,464.99825174825173,20.632867132867133,0.6288622391012015,0.01063549852209646,0.2385829921745776,0.9669712594172143,-0.2548854320299347,20.632867132867133,464.99825174825173
523,594.0,105.01219330881975,0.9166796860608675,0.9152542372881356,44.55873312943752,17.80668407436535,-1.4694841779116457,456.25589225589226,1307.3905723905723,0.6768880551675528,0.6739126661807073,0.23409743060846191,0.10113892393316408,-0.9948723124429796,1307.3905723905723,456.25589225589226
524,60.0,35.071067811865476,0.9654164718043343,0.9230769230769231,17.458825757963055,4.551735058411752,0.07063435971065794,454.06666666666666,1937.5,0.6130037569851486,0.9987113402061856,0.23297417479049085,0.997506430618495,0.07057563938604994,1937.5,454.06666666666666
525,707.0,104.32590180780451,0.7760485599598058,0.9541160593792173,37.96075388616313,23.940828544360436,-0.7943384580856631,463.7340876944837,441.7227722772277,0.8162909522452251,0.2276921506583648,0.23793437028962736,0.7007568634668749,-0.7134001810373106,441.7227722772277,463.7340876944837
526,445.0,82.5269119345812,0.6983342777870691,0.9348739495798319,28.60821726314686,20.476954501606667,-1.1784575414817773,458.80898876404495,1611.6606741573034,0.8210671669802259,0.8307529248233523,0.23540738263932529,0.3823505370772587,-0.9240173519998052,1611.6606741573034,458.80898876404495
527,190.0,52.21320343559642,0.6418217680296417,0.9359605911330049,17.961000765578106,13.773462479471815,-1.5498350799751035,457.08947368421053,570.4157894736842,0.8757956553215462,0.2940287574606619,0.2345251275957981,0.020959711882831005,-0.9997803211094869,570.4157894736842,457.08947368421053
528,562.0,88.66904755831213,0.4584331679471386,0.9656357388316151,28.630395128368466,25.444659131371512,1.0108005995558995,464.3950177935943,1581.7918149466193,0.8982600658661165,0.8153566056425873,0.23827348270579493,0.5311825777974367,0.8472573806373539,1581.7918149466193,464.3950177935943
529,377.0,80.80508652763321,0.7759022281216565,0.8177874186550976,28.776529374613233,18.153765012418457,0.8927631472455702,462.7586206896552,595.2572944297082,0.7255608065830305,0.30683365692253,0.23743387413527717,0.6272624628737278,0.7788079369585195,595.2572944297082,462.7586206896552
530,378.0,80.91168824543142,0.8741951183218277,0.9242053789731052,32.048788616560394,15.56208441007533,-0.8033218546770263,467.55555555555554,552.5820105820105,0.7255696996676029,0.2848360879288714,0.239895102901773,0.6943199170663795,-0.7196664871764809,552.5820105820105,467.55555555555554
531,528.0,91.15432893255071,0.8480723215166909,0.9565217391304348,36.17223401189411,19.166961212137817,-0.8585643063976252,469.6003787878788,775.5473484848485,0.7985262369071148,0.39976667447672604,0.24094426823390397,0.6535248251022328,-0.7569050818795551,775.5473484848485,469.6003787878788
532,980.0,119.9827560572969,0.7489876651759877,0.958904109589041,43.60222539876082,28.890134293145636,0.0866515805530123,475.88673469387754,855.0642857142857,0.8554571733871276,0.44075478645066274,0.24416969455817217,0.9962481002692457,0.08654318407545988,855.0642857142857,475.88673469387754
533,833.0,112.5685424949238,0.6359098944564864,0.9476678043230944,37.39885861789683,28.863066904332918,0.9434006497023076,471.15606242497,395.85234093637456,0.8260774734464458,0.20404759842081163,0.24174246404564906,0.5870383978359762,0.8095590895457663,395.85234093637456,471.15606242497
534,793.0,122.88225099390857,0.8310173502225909,0.8572972972972973,45.107495688976464,25.09088639262481,-0.6498982423545001,475.750315258512,1826.5245901639344,0.6599404289976951,0.941507520703059,0.24409969997871317,0.7961453767711139,-0.6051053949899813,1826.5245901639344,475.750315258512
535,712.0,111.74011537017762,0.8353719465550286,0.9368421052631579,41.43799423379483,22.777848070046147,1.3879275657433696,469.07162921348316,654.4073033707865,0.7165914577892087,0.3373233522529827,0.24067297548152036,0.18185124533378783,0.9833260520145648,654.4073033707865,469.07162921348316
536,1344.0,141.88225099390857,0.45458299656431767,0.9593147751605996,44.60676572036093,39.73144177211329,0.8179424130455849,477.04315476190476,1493.0029761904761,0.8389826748739672,0.7695891629847815,0.24476303476752426,0.6837241581999182,0.7297405535488715,1493.0029761904761,477.04315476190476
537,454.0,89.25483399593905,0.8554499937336456,0.8937007874015748,34.65279327358051,17.946176397742356,-0.9433410445500621,469.8832599118943,1679.011013215859,0.7161470770697438,0.8654695944411644,0.24108940990861688,0.5870866506859245,-0.8095240975946197,1679.011013215859,469.8832599118943
538,287.0,73.59797974644667,0.9158778559237745,0.896875,31.27237810199938,12.554516271142482,0.569172213953861,471.3379790940767,1230.8850174216027,0.6658248108656413,0.6344768131039189,0.24183580251107065,0.8423473865434689,0.5389349500481369,1230.8850174216027,471.3379790940767
539,362.0,69.94112549695427,0.49458817658407556,0.9627659574468085,23.166428374242532,20.13457896830959,0.9495240201461667,467.7099447513812,1244.7127071823204,0.9299363008790172,0.6416044882383095,0.23997431747120637,0.582070192950205,0.813138543225514,1244.7127071823204,467.7099447513812
540,911.0,123.63961030678927,0.7774919749721279,0.9353182751540041,44.00023596618892,27.671434219783972,1.0614081188735058,475.78265642151484,1449.9626783754115,0.7488812995366052,0.7474034424615523,0.24411629370011023,0.48764321737997046,0.873043007270152,1449.9626783754115,475.78265642151484
541,923.0,116.22539674441619,0.7408878971975834,0.9695378151260504,42.00960694967218,28.214858113516502,1.3536468777630444,475.5872156013001,1785.1343445287107,0.8586367852241739,0.9201723425405726,0.24401601621410984,0.21544689480207838,0.9765155582581069,1785.1343445287107,475.5872156013001
542,278.0,63.698484809834994,0.6571158489643147,0.9619377162629758,22.247737808048704,16.770113382816984,1.5445236589005502,471.7841726618705,583.7086330935252,0.8609867263352736,0.3008807387080027,0.2420647371276914,0.026269645533676503,0.9996548933124546,583.7086330935252,471.7841726618705
543,76.0,35.31370849898476,0.9002287634226759,0.9382716049382716,15.31118835859655,6.666755387073069,-0.03198202549218613,470.2105263157895,1936.8026315789473,0.7658378043378217,0.998351871947911,0.24125732494396587,0.9994886186138069,-0.031976573635461476,1936.8026315789473,470.2105263157895
544,542.0,92.42640687119285,0.7900195657977845,0.9559082892416225,34.08129954608707,20.894618695277902,1.0188859357699949,476.30258302583024,371.29151291512915,0.797291273558111,0.1913873777913037,0.24438305953095446,0.5243149293376927,0.8515244299922407,371.29151291512915,476.30258302583024
545,553.0,99.59797974644665,0.9003354914573799,0.9080459770114943,41.39755879903894,18.016073135928732,1.5315904523468105,473.83001808318267,138.71790235081374,0.7005416111231975,0.07150407337670811,0.24311442692826202,0.039195831324516095,0.9992315481442627,138.71790235081374,473.83001808318267
546,253.0,57.698484809834994,0.6603898454738283,0.9583333333333334,20.722204097767396,15.560778288836895,-0.619358508834822,475.10671936758894,1537.5454545454545,0.9549960343224814,0.7925492033739456,0.24376948146105126,0.8142510180991842,-0.5805129451824842,1537.5454545454545,475.10671936758894
547,204.0,51.79898987322333,0.30498219347743105,0.9577464788732394,16.661256883115204,15.867482170527763,0.0783137110595529,475.20588235294116,613.9362745098039,0.9554268678719678,0.316461997170002,0.24382036036579843,0.9969350482657997,0.07823368545113801,613.9362745098039,475.20588235294116
548,177.0,49.21320343559643,0.7623856692216626,0.9619565217391305,18.848177084224957,12.197087650295275,0.7468946055209147,475.11299435028246,1717.4632768361582,0.9183745909279489,0.8852903488846177,0.24377270105196638,0.7338020947050055,0.6793632944209941,1717.4632768361582,475.11299435028246
549,627.0,100.66904755831213,0.8036681488237641,0.935820895522388,37.34541456817594,22.223424584380894,-0.6119546611423019,482.51993620414675,947.8979266347687,0.7774733035915086,0.48860717867771586,0.24757308168504194,0.8185266909804109,-0.5744684988340606,947.8979266347687,482.51993620414675
550,482.0,80.76955262170047,0.6051836731281414,0.9717741935483871,27.82533373034452,22.151355174435867,-0.7146936869851659,481.5850622406639,1866.8070539419086,0.928456471236453,0.9622716772896436,0.24709341315580496,0.7552940299315818,-0.6553860910560361,1866.8070539419086,481.5850622406639
551,438.0,86.18376618407356,0.8377935016820204,0.906832298136646,32.49827311046164,17.743641913474775,0.8281080090206958,483.365296803653,1890.6027397260275,0.7410253024890475,0.9745374947041379,0.24800682237232066,0.6762707108334443,0.7366531922613436,1890.6027397260275,483.365296803653
552,572.0,106.22539674441619,0.9321703896947806,0.933115823817292,45.53937256746778,16.486156372000007,0.9382796683283817,487.1520979020979,1921.0524475524476,0.6370142816258557,0.9902332203878595,0.2499497680359661,0.591176419371908,0.806542274886202,1921.0524475524476,487.1520979020979
553,958.0,120.08326112068522,0.6498887739750452,0.958958958958959,40.73386351415642,30.95893096820401,-1.5686379832211796,488.1972860125261,824.8601252609603,0.8348537954150188,0.4251856315778146,0.2504860369484485,0.0021583418979625145,-0.9999976707774131,824.8601252609603,488.1972860125261
554,943.0,113.63961030678928,0.4783698400721882,0.9751809720785936,37.12129932163909,32.59838336759485,-1.5193692653241493,490.84835630965006,692.9713679745494,0.9176183404293348,0.35720173606935535,0.25184625772686,0.05140439591103127,-0.9986779200928706,692.9713679745494,490.84835630965006
555,452.0,82.18376618407358,0.6675969986271675,0.9338842975206612,28.09867473633332,20.920104891173892,-0.06159249432628097,488.2411504424779,1657.6305309734514,0.8409617051383023,0.8544487273059028,0.2505085430695115,0.9981037818983942,-0.061553558468400084,1657.6305309734514,488.2411504424779
556,998.0,157.74011537017762,0.9636459024495958,0.8839681133746679,70.81735960876011,18.921170632052537,-1.5177991646637548,488.3677354709419,621.1392785571143,0.5040296640264154,0.32017488585418263,0.25057349177575267,0.052972356767178486,-0.9985959790718821,621.1392785571143,488.3677354709419
557,1033.0,119.29646455628165,0.4730954448603042,0.972693032015066,38.70900702043238,34.103067968558896,0.8335836633679765,497.5788964181994,1433.406582768635,0.9121264278947449,0.738869372561152,0.2552995876953306,0.6722269345192903,0.740345154982997,1433.406582768635,497.5788964181994
558,566.0,92.76955262170047,0.8393699222512364,0.956081081081081,36.501756693082065,19.840917029283,1.5150625612906166,490.0618374558304,1610.8021201413428,0.8264476912125062,0.8303103712068778,0.25144270777620853,0.05570491612615593,0.9984472756832871,1610.8021201413428,490.0618374558304
559,603.0,92.42640687119285,0.7471039663956102,0.9741518578352181,34.149976571629054,22.6997353497407,1.5006732189906922,494.2155887230514,134.80265339966832,0.8870233172611457,0.06948590381426202,0.2535739295654445,0.07006565312043518,0.997542382183738,134.80265339966832,494.2155887230514
560,391.0,71.35533905932738,0.5725598939186505,0.9750623441396509,24.676631138912107,20.231454263629804,0.8009404772647046,495.89769820971867,1560.4245524296675,0.9650141316271211,0.8043425527987977,0.2544369924113487,0.6960317442347889,0.7180110103734325,1560.4245524296675,495.89769820971867
561,752.0,103.25483399593904,0.7260792107036796,0.9703225806451613,37.53978852887775,25.81277405411418,1.463902869197576,498.28590425531917,1690.0226063829787,0.8863534082225021,0.871145673393288,0.25566234184469944,0.10669000932581629,0.994292332219281,1690.0226063829787,498.28590425531917
562,492.0,99.01219330881975,0.9340224138288002,0.9283018867924528,42.40828700537388,15.148850969680518,-1.3953779657068741,494.1260162601626,344.6077235772358,0.6306633663512544,0.17763284720476072,0.25352797140080174,0.174520093611074,-0.9846536126608088,344.6077235772358,494.1260162601626
563,325.0,73.21320343559643,0.8731908585855367,0.9615384615384616,29.841491940358324,14.544099198486728,-0.18980555806063976,499.82153846153847,13.821538461538461,0.7619288276355596,0.007124504361617764,0.2564502506216206,0.9820409386431987,-0.18866794859961042,13.821538461538461,499.82153846153847
564,408.0,76.76955262170047,0.7697666560677634,0.9577464788732394,28.607145557503404,18.2606671585162,-1.0997608871254982,497.46813725490193,449.8137254901961,0.8699454232107492,0.23186274509803922,0.2552427589814787,0.45380920761001664,-0.8910988739126365,449.8137254901961,497.46813725490193
565,729.0,111.15432893255071,0.7451447413752916,0.8988902589395807,38.21547996255274,25.48600972374696,1.2427930708695083,503.8257887517147,1813.80109739369,0.7414547131992616,0.934949019275098,0.25850476590647237,0.3221533792288955,0.9466874881667147,1813.80109739369,503.8257887517147
566,437.0,81.84062043356595,0.7659797310895156,0.9438444924406048,29.64073229512025,19.054981144481697,-1.3843600612005624,499.4233409610984,184.86727688787187,0.8198860077920939,0.09529241076694427,0.25624594200158973,0.18535810083303383,-0.9826710408145601,184.86727688787187,499.4233409610984
567,156.0,51.45584412271571,0.9048084804453322,0.9230769230769231,21.77834562255393,9.273628059985345,1.239201731177005,495.5897435897436,566.224358974359,0.7403976781543302,0.2918682262754428,0.2542789859362461,0.32555117075317197,0.9455244233869579,566.224358974359,495.5897435897436
568,617.0,106.81118318204307,0.9172934927439581,0.9434250764525994,45.06631043006937,17.94593719045384,-0.5110052129430398,509.41491085899514,30.217179902755266,0.6796128412216741,0.015575865929255292,0.2613724529805003,0.8722533447076866,-0.4890542941701399,30.217179902755266,509.41491085899514
569,454.0,91.88225099390857,0.9296744865752227,0.9322381930184805,40.50179345498584,14.920134484922114,-0.7694731990993663,507.8303964757709,715.784140969163,0.6757755338537842,0.36896089740678506,0.2605594645847978,0.7182772946476619,-0.6957569460620827,715.784140969163,507.8303964757709
570,305.0,65.59797974644665,0.4907435086551846,0.9472049689440993,21.34810818575358,18.600693871414265,0.24802472531185124,502.7344262295082,379.2950819672131,0.8906945081972242,0.19551292884907892,0.25794480565906014,0.9693992219642465,0.24548960966833894,379.2950819672131,502.7344262295082
571,1116.0,134.95331880577405,0.6582314013934385,0.9370277078085643,44.66395433453996,33.62372438748343,0.7455567625495748,511.85483870967744,1480.7302867383512,0.770028713844489,0.7632630344012119,0.2626243400254887,0.7347103191541753,0.6783809747688757,1480.7302867383512,511.85483870967744
572,518.0,90.08326112068522,0.8694079706998252,0.9664179104477612,36.61899099700399,18.093257075618947,-0.5976928190971901,510.1660231660232,919.7760617760617,0.8021423097871795,0.47411137204951637,0.26175783641150496,0.8266361494211396,-0.5627367736963628,919.7760617760617,510.1660231660232
573,357.0,72.76955262170048,0.6364964656050793,0.9345549738219895,24.734711150256633,19.077378569395066,1.4470478444620263,504.86834733893556,1543.5406162464985,0.8471858048112043,0.7956394929105662,0.2590396856536355,0.12343288316077947,0.9923529227823221,1543.5406162464985,504.86834733893556
574,382.0,69.698484809835,0.28103901901514067,0.9769820971867008,22.559932406116832,21.650684616999264,-1.4876576532292065,507.34293193717275,74.84293193717278,0.98815836856989,0.03857883089544989,0.2603093545085545,0.08304293036778235,-0.9965459706987589,74.84293193717278,507.34293193717275
575,352.0,71.698484809835,0.6578713104315069,0.9287598944591029,24.876649972375855,18.735360345282793,0.4823100011904254,507.00284090909093,406.7386363636364,0.8604637357248607,0.2096590909090909,0.2601348593684407,0.8859258467345589,0.4638269009961097,406.7386363636364,507.00284090909093
576,618.0,98.22539674441619,0.6937091581112007,0.9420731707317073,33.48098990418722,24.11485826094996,-0.5485079428596666,515.794498381877,163.0663430420712,0.8049163623014414,0.08405481600106762,0.2646457149214351,0.8533034520226473,-0.5214146322901128,163.0663430420712,515.794498381877
577,221.0,56.11269837220809,0.6794674908787095,0.9324894514767933,19.67415474812812,14.435037800452356,1.5173526510094448,506.5972850678733,326.1085972850679,0.8820228376934321,0.16809721509539582,0.2599267753041936,0.05341823821148967,0.9985722266448134,326.1085972850679,506.5972850678733
578,720.0,113.84062043356595,0.8978571491840402,0.9278350515463918,46.29626520221235,20.38363831710302,-1.5697010171453292,511.2680555555556,782.8972222222222,0.698148569451657,0.4035552691867125,0.2623232711932045,0.0010953094305597092,-0.9999994001484458,782.8972222222222,511.2680555555556
579,625.0,98.76955262170047,0.696349699603667,0.9356287425149701,33.697013943970184,24.18443625267869,-0.9541461335783147,514.1952,851.1744,0.8050886574719651,0.4387496907216495,0.263825141097999,0.5783055701066744,-0.8158202422002009,851.1744,514.1952
580,390.0,78.52691193458118,0.8549299125316003,0.9466019417475728,31.278360266739995,16.225446858856706,-1.5420366750578314,508.5,1865.9384615384615,0.7947626197978542,0.9618239492466296,0.2609030271934325,0.02875568729882123,-0.9995864697203402,1865.9384615384615,508.5
581,588.0,97.49747468305833,0.8272585020015615,0.937799043062201,37.09608076750897,20.841374849670064,-0.5022125044892748,520.5136054421769,933.8367346938776,0.7773210990457274,0.48135914159478227,0.2670670115147136,0.876519683639627,-0.48136601894222686,933.8367346938776,520.5136054421769
582,69.0,28.727922061357855,0.5043436593677244,0.9583333333333334,10.101363540989045,8.722557968837442,0.4918637148960257,510.5507246376812,429.1159420289855,1.0506317644878962,0.22119378455102345,0.2619552204400622,0.881454214277962,0.47226948676748176,429.1159420289855,510.5507246376812
583,298.0,62.2842712474619,0.5900522052795997,0.9644012944983819,21.729743235727174,17.54383619058044,-0.4141826990483263,517.506711409396,1834.5167785234898,0.9653156637048582,0.9456272054244793,0.26552422340143456,0.9154455423316851,-0.402441870367693,1834.5167785234898,517.506711409396
584,382.0,77.94112549695429,0.80865157087087,0.9526184538653366,29.269623146450705,17.218964727671292,-1.4248879901610456,521.5026178010471,184.4738219895288,0.7902051962581879,0.09508959896367464,0.26757445756852083,0.1453911744420719,-0.9893742499147403,184.4738219895288,521.5026178010471
585,186.0,54.2842712474619,0.8117087855941388,0.9029126213592233,20.342656495665096,11.881380083788404,-1.0562998115808535,519.752688172043,1751.1774193548388,0.7931855329274478,0.9026687728633189,0.26667659731762083,0.49209660748158074,-0.8705405957823673,1751.1774193548388,519.752688172043
586,347.0,72.42640687119284,0.8313355546878316,0.9585635359116023,28.553970939564316,15.869463615952517,-0.5176523703167977,526.0,1606.0893371757925,0.8312764146891941,0.8278811016370065,0.2698819907644946,0.8689832777336688,-0.49484145240596955,1606.0893371757925,526.0
587,342.0,78.18376618407356,0.901524126152447,0.9447513812154696,32.17042423225697,13.921070397404444,1.074580721106383,525.7631578947369,375.87134502923976,0.7030768465357444,0.1937481159944535,0.269760470956766,0.4761009950004693,0.8793906086373467,375.87134502923976,525.7631578947369
588,1085.0,141.74011537017762,0.8325360965165434,0.875,53.179231055669526,29.459741207021896,1.0653113137926187,532.3115207373272,1545.1391705069125,0.6786627903016136,0.7964634899520168,0.2731203287518354,0.48423185440182426,0.8749397185992704,1545.1391705069125,532.3115207373272
589,273.0,60.526911934581186,0.5635698624794596,0.9578947368421052,20.592625388550573,17.01091721403989,-0.30650648786662116,526.5054945054945,1671.3846153846155,0.9364303422178908,0.8615384615384616,0.2701413517216493,0.9533934823336219,-0.30172979276791656,1671.3846153846155,526.5054945054945
590,547.0,90.08326112068524,0.8117472974852785,0.9630281690140845,34.604301762628495,20.209218126283194,-0.6949105199074473,532.8647166361974,1621.5612431444242,0.8470498908370406,0.8358563108991878,0.2734041645131849,0.7681110004656079,-0.640316711451234,1621.5612431444242,532.8647166361974
591,327.0,73.94112549695429,0.8495136881313403,0.9263456090651558,29.17128914355921,15.389797174244523,0.4870009696173149,532.1926605504588,397.8929663608563,0.7515978045822829,0.20509946719631766,0.2730593435353816,0.8837403099031333,0.4679776326410417,397.8929663608563,532.1926605504588
592,875.0,119.88225099390857,0.804604381279762,0.9418729817007535,44.61422658710377,26.492429244202082,-0.9348206820002158,540.6411428571429,1500.2422857142858,0.7650822723851525,0.7733207658321061,0.2773941215275233,0.5939626959235065,-0.8044925828441678,1500.2422857142858,540.6411428571429
593,395.0,76.5269119345812,0.8032815682898353,0.9518072289156626,29.255988257366546,17.424850937863614,-0.12798808385393798,537.6632911392405,70.94683544303797,0.8475758662317365,0.03657053373352473,0.27586623455066217,0.9918206997387508,-0.1276389422148856,70.94683544303797,537.6632911392405
594,292.0,61.4558441227157,0.356210268019851,0.9668874172185431,20.020295795317235,18.707081000403942,-0.6433421530830828,533.5239726027397,133.8527397260274,0.9715526460504508,0.06899625759073577,0.27374241795933285,0.8000953633189521,-0.5998728278522989,133.8527397260274,533.5239726027397
595,184.0,50.04163056034262,0.7704647537573729,0.9533678756476683,19.193812386168926,12.235721392456236,0.4530111917996642,532.8695652173913,749.445652173913,0.9233466595615627,0.3863121918422232,0.273406652240837,0.8991332573844166,0.4376749769695413,749.445652173913,532.8695652173913
596,667.0,96.08326112068524,0.5118059075810607,0.9680696661828737,31.739200419815653,27.267182232888405,-1.0303356747935246,538.4062968515742,269.5547226386807,0.9079046245394816,0.13894573331890758,0.27624745862061273,0.5145310423099076,-0.8574717525956642,269.5547226386807,538.4062968515742
597,973.0,124.46803743153546,0.8417094500821867,0.9624134520276953,48.21864867075082,26.03473055345923,0.532760542991075,547.5632065775951,738.3021582733813,0.7892362432754827,0.38056812282133057,0.28094571912652394,0.8614082382147655,0.5079132279590025,738.3021582733813,547.5632065775951
598,325.0,67.4558441227157,0.5379489816498466,0.9475218658892128,22.27286345175268,18.775520473323635,0.2302028849065123,535.7507692307693,234.71384615384616,0.8975405163667534,0.12098651863600318,0.2748849508623752,0.973620121767976,0.2281750610573201,234.71384615384616,535.7507692307693
599,269.0,58.8700576850888,0.39981948386774857,0.9607142857142857,19.363145133648096,17.74814074391827,-0.305177713064147,535.631970260223,782.3457249070632,0.9753785964992026,0.4032709922201357,0.27482399705501437,0.9537935714855338,-0.3004626815311179,782.3457249070632,535.631970260223
600,188.0,54.62741699796952,0.7717374129332359,0.8995215311004785,19.689349199951327,12.521270766533995,1.415793970166621,534.3191489361702,151.5531914893617,0.7916739990398257,0.07812020179864004,0.2741504099210725,0.15438242766662488,0.9880111669549891,151.5531914893617,534.3191489361702
601,325.0,68.28427124746189,0.8167378545087844,0.9643916913946587,26.806648326926556,15.467674810919945,1.2757282870047189,535.636923076923,1413.323076923077,0.8758946372355519,0.7285170499603489,0.27482653826419856,0.29080495006762025,0.9567823582279142,1413.323076923077,535.636923076923
602,72.0,35.69238815542512,0.9302504032824428,0.935064935064935,16.14882492023069,5.925412679647836,-0.02540810266864355,535.9583333333334,1937.0694444444443,0.7102171346516732,0.9984894043528063,0.2749914486061228,0.9996772315241327,-0.025405368964959055,1937.0694444444443,535.9583333333334
603,37.0,26.9350288425444,0.9103781126192975,0.6981132075471698,12.810636567209654,5.300751199364832,0.9589100535805892,532.918918918919,162.2972972972973,0.6408799697404488,0.08365840066870994,0.27343197481730064,0.5744125201463315,0.8185659757766263,162.2972972972973,532.918918918919
604,241.0,61.35533905932738,0.8156363389358906,0.9233716475095786,23.46772520442576,13.57760247339637,-0.3670846231825356,539.8132780082988,1679.207468879668,0.8044928446520392,0.8655708602472516,0.2769693576235499,0.9333776272408463,-0.3588958135256634,1679.207468879668,539.8132780082988
605,647.0,102.66904755831214,0.6422791543867753,0.9203413940256046,34.28016540688821,26.274745816689347,-1.4138510354717422,544.4775888717156,340.4281298299845,0.7713208627386439,0.17547841743813636,0.2793625391850773,0.15630177623768463,-0.9877093473005836,340.4281298299845,544.4775888717156
606,90.0,34.142135623730944,0.7665233882773324,0.9375,13.379834530965702,8.592749069183457,-0.17448818569095784,536.8222222222222,421.1777777777778,0.9702217520147653,0.2171019473081329,0.2754346958554244,0.9848155209607147,-0.17360411767834363,421.1777777777778,536.8222222222222
607,354.0,72.45584412271572,0.780011907193726,0.946524064171123,27.04792096813062,16.925633391018295,-0.2388637749940466,543.8248587570622,364.03389830508473,0.8473567340692636,0.1876463393325179,0.27902763404672254,0.9716074314599203,-0.23659881473045521,364.03389830508473,543.8248587570622
608,59.0,27.556349186104047,0.7165472207197834,0.9076923076923077,10.436640893166702,7.279959742579534,-0.4273052573045221,539.5932203389831,1866.050847457627,0.976379195376609,0.9618818801327974,0.27685644963518885,0.9100858075769123,-0.4144198629977567,1866.050847457627,539.5932203389831
609,516.0,89.49747468305833,0.84312031097788,0.9555555555555556,35.2292646819089,18.94365522393829,-0.9140061574714455,549.8003875968992,204.46511627906978,0.8095394237826565,0.10539438983457206,0.2820935800907641,0.610577956556104,-0.7919561597511394,204.46511627906978,549.8003875968992
610,516.0,83.94112549695427,0.5668822459267473,0.9681050656660413,28.379887925255666,23.379318587961674,-0.12644146586145266,550.3294573643411,1655.8953488372092,0.9202588223331203,0.8535543035243347,0.282365037128959,0.9920169221138044,-0.1261048224290177,1655.8953488372092,550.3294573643411
611,430.0,84.66904755831214,0.8216030065536649,0.893970893970894,32.369370821598764,18.452486256739235,1.3559067344783233,547.6697674418605,1759.9441860465117,0.7537528560791962,0.9071877247662432,0.2810003937618576,0.2132395613002172,0.9769999434475373,1759.9441860465117,547.6697674418605
612,370.0,76.90559159102155,0.8392592759167649,0.9203980099502488,29.837616045792803,16.22364963537132,-1.368078468455484,548.4891891891892,137.68378378378378,0.7861325043816301,0.0709710225689607,0.2814208256486348,0.20133227587721972,-0.9795230036554012,137.68378378378378,548.4891891891892
613,504.0,86.18376618407356,0.7495637948222551,0.9545454545454546,31.390604640071654,20.77844914561964,-0.5910725643544656,554.9503968253969,1807.3075396825398,0.8526866494394519,0.9316018245786287,0.2847359655338106,0.8303434682585239,-0.5572519400777405,1807.3075396825398,554.9503968253969
614,455.0,79.35533905932738,0.46538827931983545,0.9722222222222222,26.080208423180377,23.083765431363233,-1.1508102194958203,555.5076923076923,18.353846153846153,0.9079646858608857,0.009460745440126882,0.2850219047243162,0.4077477677486558,-0.9130946051182146,18.353846153846153,555.5076923076923
615,702.0,103.25483399593904,0.8219466463388663,0.9538043478260869,39.82576502243043,22.683341624388536,0.348739051485949,561.994301994302,308.35612535612535,0.8274203358672825,0.1589464563691368,0.2883500779857886,0.9398043424165287,0.34171303454073293,308.35612535612535,561.994301994302
616,887.0,135.39696961967,0.9149113903046344,0.8594961240310077,55.0240050033252,22.210700349295312,-1.5140949023128154,557.9278466741827,1383.9797068771138,0.6080168222155795,0.7133916014830484,0.28626364631820556,0.056671046365518826,-0.9983929048745475,1383.9797068771138,557.9278466741827
617,547.0,103.7401153701776,0.9173158174253199,0.9431034482758621,42.80790552845522,17.044412088086496,-0.8859574364066649,563.2303473491774,225.80438756855577,0.6387100313366932,0.11639401421059575,0.2889842726265661,0.6325482369539757,-0.7745209667442302,225.80438756855577,563.2303473491774
618,331.0,69.698484809835,0.7838646225947657,0.9594202898550724,26.28106232613397,16.318746345523373,-1.37727632015288,554.5528700906344,383.4531722054381,0.8562314659597738,0.19765627433270003,0.2845320010726703,0.19231437924650951,-0.981333368196063,383.4531722054381,554.5528700906344
619,584.0,89.59797974644665,0.6416038336809168,0.9652892561983472,31.196832852516664,23.92909988927472,1.4360813916691777,558.2962328767123,1726.472602739726,0.9141685505744921,0.8899343313091371,0.28645265924921104,0.13430783437923152,0.990939657912812,1726.472602739726,558.2962328767123
620,346.0,69.94112549695429,0.574819332121274,0.9558011049723757,23.554092215186646,19.273850882562083,-0.7024641271379006,558.2485549132948,1688.742774566474,0.8888341439340879,0.8704859662713784,0.28642819646654427,0.7632524325750252,-0.6461003979013685,1688.742774566474,558.2485549132948
621,549.0,93.84062043356595,0.8636932399348866,0.953125,37.34605344544849,18.82307734764807,-0.4011132664699782,567.2786885245902,911.6029143897996,0.7834304861033579,0.46989840947927813,0.2910614102229811,0.9206268969451015,-0.3904434871031063,911.6029143897996,567.2786885245902
622,757.0,115.9827560572969,0.689482898179568,0.8969194312796208,38.87186190719629,28.15496587175891,1.0881860564415509,568.9154557463672,284.09379128137385,0.7071619659044768,0.14644009859864632,0.29190120869490366,0.4640928962948401,0.8857865338831172,284.09379128137385,568.9154557463672
623,415.0,80.42640687119284,0.7763360996613056,0.9496567505720824,29.332942623504934,18.489116148000416,-0.8891322613905152,564.4481927710843,1454.8819277108435,0.8062331061844751,0.7499391379952801,0.28960912917962256,0.6300860846824805,-0.7765252899226799,1454.8819277108435,564.4481927710843
624,615.0,95.49747468305833,0.7665169123136095,0.9594383775351014,35.186345316705484,22.59751973449245,-0.8046649167100529,569.0195121951219,705.7447154471545,0.8474248694449359,0.3637859357975023,0.29195459835562954,0.6933527344091295,-0.72059835254279,705.7447154471545,569.0195121951219
625,334.0,68.18376618407356,0.7113543313509877,0.9570200573065902,24.624342148339352,17.306814093418414,1.0534794385470696,564.6377245508982,1508.6377245508982,0.9028058374672967,0.7776483116241744,0.28970637483370865,0.4945498962567613,0.8691492392635609,1508.6377245508982,564.6377245508982
626,568.0,101.84062043356596,0.8982790778953484,0.9250814332247557,41.12576625157069,18.071707036476738,1.3902229160867958,567.2429577464789,1905.6989436619717,0.6882023112348506,0.9823190431247277,0.29104307734555096,0.17959369047100435,0.9837408735754579,1905.6989436619717,567.2429577464789
627,511.0,82.42640687119285,0.5331847704022211,0.9733333333333334,27.829836568064216,23.544008850823268,-0.4216998226646415,571.8434442270059,1568.0234833659492,0.9451440989486406,0.8082595275082213,0.2934035116608547,0.91239450104829,-0.4093119524969213,1568.0234833659492,571.8434442270059
628,814.0,109.25483399593904,0.7769939286708637,0.9667458432304038,40.771081393840255,25.66572555711506,0.3210731010181874,578.8771498771499,627.6302211302211,0.8569449936415134,0.3235207325413511,0.2970123909066957,0.9488973099067676,0.31558500479537993,627.6302211302211,578.8771498771499
629,503.0,82.76955262170047,0.6576188346302428,0.9691714836223507,29.194222985795292,21.993492026056852,-1.3772025205422624,573.4095427435387,110.21669980119285,0.9226492509184179,0.05681273185628497,0.2942070511767772,0.19238680074319375,-0.9813191727974129,110.21669980119285,573.4095427435387
630,224.0,54.284271247461895,0.6521554439751336,0.9531914893617022,19.464456947251357,14.755718104145474,-0.7946127248413759,571.7723214285714,755.2991071428571,0.9552341901921956,0.3893294366715758,0.293367019717071,0.7005611751598949,-0.7135923485146032,755.2991071428571,571.7723214285714
631,481.0,83.01219330881975,0.734668309765831,0.962,30.156371562320814,20.458880694346558,1.2729991996265466,574.9147609147609,1376.5862785862787,0.8771445371251411,0.7095805559723086,0.29497935398397174,0.2934150065388295,0.9559851640783024,1376.5862785862787,574.9147609147609
632,777.0,114.08326112068522,0.8676778473921493,0.9487179487179487,45.28026004191317,22.51003523484466,1.2882162551336396,575.926640926641,1320.9253539253539,0.7502172200138145,0.6808893576934814,0.295498533056255,0.27883431789693086,0.960339222963924,1320.9253539253539,575.926640926641
633,250.0,59.94112549695428,0.7673659000518199,0.9578544061302682,22.5212216563582,14.440820444323181,-0.8882290336421701,573.916,1747.468,0.8743797398687458,0.9007567010309279,0.29446690610569526,0.6307872067577514,-0.7759558620119793,1747.468,573.916
634,541.0,90.91168824543144,0.7799250375914386,0.9376083188908145,33.57804870914212,21.015592030550344,-0.7898292595764216,581.9704251386322,1820.2273567467653,0.8225601838750497,0.9382615240962707,0.2985994998145881,0.7039665914109176,-0.7102330872166505,1820.2273567467653,581.9704251386322
635,522.0,91.84062043356595,0.6338345291608108,0.9078260869565218,30.62682190064902,23.688887324015848,-1.3628770129321475,581.3869731800767,1849.4118773946361,0.7776975827973421,0.9533050914405341,0.2983001401642261,0.2064244747105027,-0.9784625369632161,1849.4118773946361,581.3869731800767
636,629.0,98.76955262170047,0.8019393098740878,0.9430284857571214,37.23285955383471,22.2431154474105,1.421649962812443,583.0063593004769,1894.7138314785373,0.8102412248797858,0.9766566141641945,0.29913102067751507,0.14859402752350837,0.9888982834368472,1894.7138314785373,583.0063593004769
637,995.0,135.63961030678928,0.5377421528143922,0.9020852221214869,40.22000356315878,33.90986108567925,-1.4260174237427727,586.3849246231156,664.0311557788945,0.6796101837450979,0.3422841009169559,0.30086450724633945,0.1442736494449412,-0.9895378285219005,664.0311557788945,586.3849246231156
638,589.0,97.25483399593905,0.8450388104067,0.9639934533551555,38.30263134264985,20.480607484959936,0.1877558019700164,593.9762308998302,1490.6451612903227,0.7825331872048682,0.7683737944795478,0.30475948224721916,0.9824255986273485,0.18665460926989189,1490.6451612903227,593.9762308998302
639,561.0,86.42640687119285,0.6145637617136223,0.9790575916230366,30.1401158058071,23.776547302995574,-0.858576047657691,588.536541889483,20.98573975044563,0.9437996449322108,0.010817391623941047,0.30196846684940126,0.653515938037775,-0.7569127550323136,20.98573975044563,588.536541889483
640,387.0,82.18376618407356,0.9012409465785329,0.9393203883495146,34.02403929944233,14.743239146929659,-0.34794015966478037,592.3359173126615,1266.7751937984497,0.7200269466560247,0.6529769040198194,0.3039178641932589,0.9400770342311978,-0.34096212357250966,1266.7751937984497,592.3359173126615
641,865.0,130.8528137423857,0.9205165430667989,0.9453551912568307,54.67648146448647,21.362297505882268,-0.7667338301583815,599.1907514450867,1416.394219653179,0.6348335053725588,0.7301001132232882,0.3074349673910142,0.7201805322066532,-0.6937867114831053,1416.394219653179,599.1907514450867
642,462.0,81.94112549695427,0.8190720640149689,0.964509394572025,32.087949598932184,18.408556440326294,-1.3503305516698696,587.2510822510823,787.9848484848485,0.8646652188094551,0.4061777569509528,0.3013089185485286,0.21868414814883694,-0.9757956975455556,787.9848484848485,587.2510822510823
643,411.0,75.84062043356595,0.7231601183116256,0.958041958041958,27.756731387099414,19.171030906578558,1.119815588429459,588.0705596107056,1548.3138686131388,0.897941267938133,0.7980999322748138,0.30172937896906393,0.4358484278036947,0.9000200819876452,1548.3138686131388,588.0705596107056
644,814.0,109.39696961966999,0.5411160497531036,0.9509345794392523,35.59809724947295,29.936146188132565,0.04691065120672535,595.8980343980344,1736.6535626535626,0.8547196434364875,0.8951822487904962,0.3057455281672829,0.9988998971652481,0.04689344776465945,1736.6535626535626,595.8980343980344
645,277.0,63.45584412271571,0.7765719432682535,0.9651567944250871,23.752301231024372,14.964628716442007,0.36357148726252875,590.1768953068593,1705.2093862815884,0.8644629442365664,0.8789739104544271,0.30281010533958913,0.9346327144960115,0.3556145230355715,1705.2093862815884,590.1768953068593
646,403.0,73.94112549695427,0.6543522686193224,0.9664268585131894,26.146478985853022,19.771702356172707,-0.10653573964295239,593.1811414392059,146.34987593052108,0.9262810863812235,0.07543808037655726,0.3043515348584946,0.9943304335344706,-0.10633432628813565,146.34987593052108,593.1811414392059
647,451.0,88.32590180780451,0.910561441370853,0.9616204690831557,37.41905951650385,15.468057148411448,-0.9298209581952797,592.7073170731708,240.68957871396896,0.7264575560885532,0.1240667931515304,0.30410842333153965,0.5979774961853737,-0.8015128907608857,240.68957871396896,592.7073170731708
648,302.0,69.59797974644665,0.8775664410833659,0.949685534591195,28.4311270877773,13.63144735606201,-0.9880962915638374,590.5860927152318,277.5298013245033,0.7834721086447474,0.143056598620878,0.30302005783234054,0.5502804150738211,-0.8349799187921726,277.5298013245033,590.5860927152318
649,396.0,78.42640687119285,0.7618410285288699,0.9339622641509434,28.56918231002691,18.506088858541972,-0.39990943453262057,594.8308080808081,695.0353535353536,0.8090594104371975,0.3582656461522441,0.3051979518115998,0.9210962580796952,-0.38933492439233286,695.0353535353536,594.8308080808081
650,568.0,87.84062043356595,0.5235680824303174,0.9676320272572402,29.191899122000237,24.871026301245116,1.2729285172604292,597.0792253521126,734.4753521126761,0.9250546924641047,0.3785955423261217,0.3063515779128336,0.2934825770991932,0.9559644224233537,734.4753521126761,597.0792253521126
651,265.0,58.87005768508881,0.6456351366388832,0.9671532846715328,21.02712669728969,16.057281978924088,-0.8330099737155325,594.7509433962264,1392.4037735849056,0.9608748255475414,0.7177339039097451,0.3051569745491156,0.6726515522290434,-0.7399593835365956,1392.4037735849056,594.7509433962264
652,245.0,60.52691193458119,0.7680172052258616,0.9386973180076629,22.457962073772578,14.38273489957496,-1.0081191453587344,593.6163265306122,1465.9632653061224,0.8403862045545173,0.7556511676835682,0.30457482120606066,0.5334525472818394,-0.8458299946197917,1465.9632653061224,593.6163265306122
653,399.0,82.52691193458118,0.8903971621561161,0.9214780600461894,34.02025210324186,15.485490120004535,-1.324965039551336,599.4636591478696,1336.812030075188,0.736192808146315,0.6890783660181381,0.30757499186653137,0.24336270367056875,-0.9699353558161239,1336.812030075188,599.4636591478696
654,458.0,83.59797974644667,0.7106634516901704,0.9346938775510204,29.265517105722292,20.589231595120843,0.5155503333392989,604.9323144104803,1870.6768558951965,0.8235382543372178,0.9642664205645343,0.31038086937428444,0.8700215321721809,0.49301372552574096,1870.6768558951965,604.9323144104803
655,551.0,101.15432893255071,0.8388994929839673,0.8503086419753086,38.63166300656396,21.026687202717476,0.40839186176226816,609.6442831215971,1792.0036297640654,0.6766942969005237,0.9237132112185904,0.3127985033974331,0.9177606555557986,0.3971339561329286,1792.0036297640654,609.6442831215971
656,277.0,70.42640687119285,0.9125553073784992,0.9326599326599326,29.439132881724202,12.039230879256332,-0.8541466556026885,603.6570397111914,248.21660649819495,0.7018084133132936,0.12794670438051287,0.3097265467989694,0.6568621795962595,-0.7540106610758572,248.21660649819495,603.6570397111914
657,627.0,97.39696961966999,0.7509056432030318,0.9557926829268293,35.04356918371441,23.143106196927288,-1.0616503710713792,609.6985645933014,1529.1483253588517,0.8305896512266346,0.7882207862674493,0.31282635433211975,0.4874317064857441,-0.8731611142924285,1529.1483253588517,609.6985645933014
658,170.0,49.21320343559642,0.4055099009749797,0.9392265193370166,15.684974559103114,14.337488622513469,0.579345747145222,604.6411764705882,127.98235294117647,0.8820546918517024,0.06597028502122498,0.31023149126248756,0.8368210170921675,0.5474765614643519,127.98235294117647,604.6411764705882
659,243.0,55.45584412271572,0.5553232850388348,0.9798387096774194,19.357021801374977,16.097968398393768,-0.1983629536606522,606.4691358024692,1665.19341563786,0.9929365491729241,0.8583471214628144,0.3111693872767928,0.980390495346625,-0.19706465089913794,1665.19341563786,606.4691358024692
660,896.0,113.11269837220809,0.6253277645479248,0.9624060150375939,38.602161973206215,30.12366862826853,1.3025174938216064,612.28125,1695.2377232142858,0.8800252797553877,0.8738338779455082,0.3141514879425346,0.2650722317350865,0.9642285579482598,1695.2377232142858,612.28125
661,662.0,119.63961030678928,0.9382136496401712,0.865359477124183,52.15883358670226,18.049906894640355,-0.8056341221343133,615.2643504531723,1759.8383685800604,0.5811896530521786,0.9071331796804435,0.3156820679595548,0.6926540010328809,-0.7212700152183936,1759.8383685800604,615.2643504531723
662,204.0,54.526911934581186,0.6524920443954222,0.9272727272727272,18.7024687503857,14.172648042244989,0.017295896966766033,610.6960784313726,653.9166666666666,0.862220265360945,0.33707044673539516,0.3133381623557581,0.9998504297027518,0.017295034640683757,653.9166666666666,610.6960784313726
663,205.0,52.62741699796952,0.7131295279757747,0.9534883720930233,19.38578402032968,13.590060630290692,-1.4949155793205067,606.0536585365853,780.4634146341464,0.9301213539838207,0.402300729192859,0.3109562126919371,0.07580794963014756,-0.9971224372026101,780.4634146341464,606.0536585365853
664,92.0,53.42031021678297,0.9556127806933317,0.5542168674698795,25.60977542389098,7.545294111521638,0.15181363810430246,613.1304347826087,1714.5978260869565,0.4051211156609408,0.883813312415957,0.31458719075557146,0.9884984252197442,0.1512311586217794,1714.5978260869565,613.1304347826087
665,695.0,105.32590180780451,0.8233422118836545,0.9494535519125683,39.69891826037341,22.53093218569043,-1.119698933939966,614.8374100719425,208.35827338129496,0.7872710762167171,0.10740117184602833,0.31546301183783604,0.4359534162210828,-0.8999692321880606,208.35827338129496,614.8374100719425
666,794.0,115.25483399593905,0.730983551557492,0.9211136890951276,39.26299156297193,26.7928723303387,-0.9469878826043251,620.7329974811083,1308.8841309823677,0.7511247411765702,0.6746825417434885,0.31848794124223107,0.584130549990805,-0.8116597196901172,1308.8841309823677,620.7329974811083
667,108.0,40.72792206135786,0.6902593456401421,0.9,14.15618503397686,10.242878219893479,-0.30745091810186526,611.824074074074,188.2685185185185,0.8181804793387764,0.09704562810232913,0.3139169184577086,0.9531080944479229,-0.30263007170115996,188.2685185185185,611.824074074074
668,459.0,100.5685424949238,0.9511747211823692,0.8709677419354839,45.39846722176314,14.012371292378761,-0.5590030369728942,622.6209150326797,155.10239651416123,0.5702932579728698,0.07994968892482537,0.3194566008377012,0.8477842628671882,-0.5303412520582745,155.10239651416123,622.6209150326797
669,335.0,78.76955262170048,0.9237168956525588,0.9203296703296703,33.82364422431854,12.95702081247145,-1.272563029328301,615.9164179104478,49.27462686567164,0.6784813484318616,0.025399292198799817,0.3160166330992549,0.29383195094944337,-0.9558570942359762,49.27462686567164,615.9164179104478
670,524.0,104.08326112068524,0.9111624944521887,0.8506493506493507,42.98640284934285,17.712427645501972,-1.3150016233585728,617.0095419847328,82.65648854961832,0.6078261339609687,0.042606437396710474,0.31657749717020667,0.2530143342464838,-0.9674625298510576,82.65648854961832,617.0095419847328
671,712.0,97.01219330881975,0.4736110027821963,0.9766803840877915,32.116505554307814,28.286102765752734,0.5885044822873913,622.1769662921348,276.4691011235955,0.9506862457166253,0.1425098459399977,0.3192288180052,0.8317717973247132,0.5551177147013201,276.4691011235955,622.1769662921348
672,482.0,87.25483399593904,0.7018870880142118,0.9469548133595285,30.13017533901138,21.461369115504905,-0.6568183951582574,620.2531120331951,1337.4917012448134,0.7955691042669519,0.6894287119818626,0.3182417198733684,0.7919389253631288,-0.610600309936617,1337.4917012448134,620.2531120331951
673,332.0,70.76955262170048,0.4394703008369961,0.9171270718232044,21.9982718476752,19.760104327745953,-0.0028391356903470677,620.0692771084338,122.89156626506023,0.8330192689522793,0.0633461681778661,0.31814739718236723,0.9999959696569731,-0.0028391318761157988,122.89156626506023,620.0692771084338
674,601.0,91.1543289325507,0.47413988891550046,0.9677938808373591,29.712163160534548,26.160059935787412,-0.4932225966547978,622.0865224625624,1469.9983361064892,0.9089285386007125,0.7577311010858192,0.31918241275657383,0.880811642255916,-0.4734668424150062,1469.9983361064892,622.0865224625624
675,85.0,32.384776310850235,0.6517379550806844,0.9659090909090909,11.97279969965802,9.0807007535431,0.9960871673503983,613.7058823529412,1857.6235294117646,1.018467058087852,0.9575379017586415,0.31488244348534694,0.5435906965306642,0.8393504361381529,1857.6235294117646,613.7058823529412
676,186.0,49.4558441227157,0.6609355621324134,0.9489795918367347,17.818250048594823,13.371574924557823,0.015902127106755946,624.5215053763441,140.59139784946237,0.9556251489695977,0.07246979270590843,0.3204317626353741,0.9998735638411805,0.015901456899817118,140.59139784946237,624.5215053763441
677,524.0,105.01219330881976,0.9354776174917728,0.9003436426116839,45.51169004369338,16.08319166214637,0.16536215730163398,633.9942748091603,621.2003816793894,0.5971201025383799,0.3202063823089636,0.3252920855870499,0.9863588054783846,0.16460955882103012,621.2003816793894,633.9942748091603
678,468.0,82.18376618407356,0.7753438439249364,0.9609856262833676,30.759836533734827,19.426046515262676,-0.4123926818373516,632.9764957264957,1854.6153846153845,0.8707302610724019,0.9559873116574147,0.3247698797980994,0.9161644532040166,-0.40080256322207486,1854.6153846153845,632.9764957264957
679,932.0,147.53910524340094,0.9552400637950116,0.8961538461538462,65.14886128648858,19.273101227879867,-1.1805949318964946,637.725321888412,1372.3304721030042,0.538036186345509,0.7073868412902083,0.3272064247759939,0.38037467937784036,-0.9248324730934815,1372.3304721030042,637.725321888412
680,732.0,98.91168824543144,0.44465143905412624,0.9747003994673769,32.287344858996136,28.91989388486059,-0.9688057233123523,634.6871584699453,1626.344262295082,0.9402118401152488,0.8383217846881866,0.32564759285271694,0.5662842695611738,-0.8242100011814755,1626.344262295082,634.6871584699453
681,473.0,79.01219330881976,0.5902880987674366,0.9732510288065843,27.36624908992086,22.08983489019226,-0.6695008180107771,633.5877378435518,641.4101479915433,0.9521004481300442,0.3306237876245069,0.3250834981239363,0.7841315532308828,-0.620594640024971,641.4101479915433,633.5877378435518
682,157.0,44.627416997969526,0.7074061731525279,0.9691358024691358,16.83119395680924,11.89641012358712,-0.17171402113959883,632.108280254777,861.3057324840764,0.990617542730835,0.44397202705364763,0.32432441264996253,0.9852933371699514,-0.17087141284749902,861.3057324840764,632.108280254777
683,593.0,91.25483399593904,0.27747925159164105,0.9533762057877814,28.278924467699614,27.16845719929005,-0.010980422581012263,637.7588532883642,696.1534569983137,0.8948552668975835,0.3588419881434607,0.3272236291884886,0.9999397157656791,-0.010980201931336201,696.1534569983137,637.7588532883642
684,931.0,123.53910524340094,0.856676832053385,0.9442190669371197,48.43791739227501,24.986867903091746,-0.5862097419955832,645.0601503759399,1503.7722878625134,0.7665679223652934,0.7751403545683059,0.3309698052211082,0.8330434572086227,-0.5532075545416075,1503.7722878625134,645.0601503759399
685,40.0,25.035533905932738,0.9451965675876361,0.9302325581395349,12.62205727366405,4.121124868327144,0.06531471100562299,632.075,9.275,0.8019663394263284,0.004780927835051547,0.32430733709594667,0.9978677524408847,0.06526828202563187,9.275,632.075
686,241.0,56.526911934581186,0.5394809278769505,0.964,19.25533471726444,16.2129498504162,0.2833777271929895,637.792531120332,132.6265560165975,0.9477993038957918,0.06836420413226675,0.3272409087328538,0.9601165037414154,0.27960024900446834,132.6265560165975,637.792531120332
687,396.0,73.35533905932738,0.6449972254693451,0.9588377723970944,25.705705248319163,19.64391209313456,-0.28832765457707404,639.5429292929293,587.5757575757576,0.9247867364143711,0.30287410184317404,0.32813900938580265,0.9587207462058225,-0.28434931122573687,587.5757575757576,639.5429292929293
688,545.0,97.39696961966999,0.8948196193913264,0.9332191780821918,40.20390684952408,17.94814475445499,-0.772671838820453,643.0623853211009,21.7651376146789,0.7219638914170907,0.011219143100349948,0.3299447846696259,0.7160481481879843,-0.6980508931851305,21.7651376146789,643.0623853211009
689,466.0,85.01219330881975,0.801285331805488,0.9395161290322581,32.112810679419646,19.212529092017636,-0.5461295485871437,644.744635193133,176.43776824034336,0.8102766773264379,0.09094730321667184,0.3308079195449631,0.8545411669635224,-0.5193836674026447,176.43776824034336,644.744635193133
690,525.0,99.1126983722081,0.9338074397650913,0.9528130671506352,43.41873186662161,15.534180167614418,1.4792571284103402,636.4685714285714,1679.2761904761905,0.6715998140851024,0.8656062837506137,0.32656160668474676,0.09141141096341938,0.9958132123775406,1679.2761904761905,636.4685714285714
691,250.0,63.112698372208094,0.8266174908071472,0.9259259259259259,24.615416032829522,13.852674454079954,-0.8410957044368257,638.612,249.5,0.7887082346583083,0.1286082474226804,0.3276613648024628,0.6666465165668775,-0.7453740148068271,249.5,638.612
692,548.0,91.25483399593904,0.7069508988762833,0.9530434782608695,31.923989781918042,22.57864494579762,-1.2075803107047804,642.4324817518249,1312.2682481751824,0.8269488807080537,0.6764269320490631,0.32962159145809383,0.3552822655880897,-0.9347590661548002,1312.2682481751824,642.4324817518249
693,863.0,113.39696961967,0.4895922854055958,0.9567627494456763,35.81065520839716,31.225154026341396,-1.0083130668884706,647.5573580533024,1815.6500579374276,0.8433692499523493,0.9359020917203236,0.3322510816076462,0.5332885126060233,-0.8459334266491988,1815.6500579374276,647.5573580533024
694,764.0,106.5685424949238,0.6445029669836856,0.955,35.98946337345351,27.5176087819989,0.2370982830013614,651.6282722513089,1460.663612565445,0.8453667660478722,0.7529193879203324,0.334339801052493,0.9720236303244898,0.2348830817466417,1460.663612565445,651.6282722513089
695,428.0,86.56854249492379,0.9107869759742797,0.9448123620309051,36.72164476620261,15.161507729328276,-0.9207398913844542,643.7780373831775,1569.5093457943926,0.7176842604484654,0.809025435976491,0.3303119740293369,0.6052313320881875,-0.7960496433381263,1569.5093457943926,643.7780373831775
696,206.0,54.870057685088796,0.7687993105992471,0.9321266968325792,20.39014267023302,13.039294885746001,-0.09467912295617448,644.9563106796116,868.4708737864078,0.8598174420184681,0.44766539885897305,0.3309165267725047,0.9955212789936754,-0.09453773358187077,868.4708737864078,644.9563106796116
697,457.0,99.74011537017762,0.8942211411750854,0.7947826086956522,39.13380500600662,17.517287390224983,-1.4340156810401088,650.8008752735229,105.52954048140043,0.5772797608666431,0.05439667035123734,0.33391527720550174,0.13635454095110475,-0.9906601027405987,105.52954048140043,650.8008752735229
698,520.0,95.7401153701776,0.8853467610334012,0.9154929577464789,38.7453895090807,18.013944272127716,-0.6479283554095849,658.998076923077,1527.746153846154,0.7128945829810629,0.7874980174464711,0.33812112720527293,0.7973358205156068,-0.6035359055787021,1527.746153846154,658.998076923077
699,111.0,42.2842712474619,0.8873451880497285,0.9327731092436975,17.77415106453867,8.195763345151294,-0.9870139354646763,651.918918918919,532.2612612612612,0.7801446644264411,0.2743614748769388,0.3344889271005228,0.5511838381798768,-0.8343838304577212,532.2612612612612,651.918918918919
700,478.0,81.59797974644665,0.6654646059738883,0.9637096774193549,28.650919998914173,21.385889197189076,-0.5013406822834889,661.63179916318,601.3744769874477,0.9021504039647157,0.3099868438079627,0.33947244697956896,0.876939016061017,-0.48060166677814947,601.3744769874477,661.63179916318
701,1108.0,139.0538238691624,0.4069101283909314,0.9210307564422278,41.512456998004374,37.920309257969414,-0.2764377280296766,671.0821299638989,651.2328519855596,0.7200849799393391,0.33568703710595854,0.34432125703637706,0.9620337924240524,-0.2729303615103955,651.2328519855596,671.0821299638989
702,914.0,136.95331880577405,0.9244594357294134,0.9251012145748988,55.99357159685069,21.3492519828855,0.8794315404110332,669.8610503282275,1309.153172866521,0.6123658139587532,0.6748212231270726,0.3436947410611737,0.637589175134767,0.7703765597102287,1309.153172866521,669.8610503282275
703,213.0,57.11269837220809,0.8418840739736188,0.9383259911894273,22.75722519715527,12.281128103083667,-1.0694523388760395,656.1596244131456,1592.8967136150234,0.8205860098479856,0.8210807802139296,0.3366647636804236,0.4806045656161509,-0.876937427362358,1592.8967136150234,656.1596244131456
704,680.0,102.08326112068524,0.6110586276440537,0.9483960948396095,33.800926187808365,26.75631771442509,0.3745009498491162,663.8382352941177,1615.7602941176472,0.8199921708910176,0.832866130988478,0.3406045332448013,0.9306902943936829,0.3658081135259304,1615.7602941176472,663.8382352941177
705,831.0,115.05382386916237,0.8550991288113712,0.9685314685314685,45.37414725835444,23.52488641545271,-0.9155257757543951,665.1311672683514,34.76774969915764,0.7888760538377995,0.01792152046348332,0.34126791547888735,0.6093737809743347,-0.7928830904118486,34.76774969915764,665.1311672683514
706,268.0,59.11269837220809,0.5690421904076436,0.9640287769784173,20.40326954064883,16.777778452249773,0.485815278355717,661.1119402985074,202.6902985074627,0.9637914941588404,0.10447953531312511,0.3392057159048268,0.8842945655535974,0.4669294607672281,202.6902985074627,661.1119402985074
707,611.0,99.84062043356593,0.8688369660034683,0.9443585780525502,39.994642329060014,19.80127941988425,1.2077361074291737,667.6726677577741,808.2356792144026,0.7702585574369332,0.4166163294919601,0.34257191778233664,0.3551366288762594,0.9348144066232644,808.2356792144026,667.6726677577741
708,880.0,115.84062043356596,0.7966610478868674,0.9606986899563319,43.3470368067493,26.200089885183154,1.3676646533164174,672.4034090909091,1575.9840909090908,0.8240826796625124,0.8123629334582942,0.34499918373058447,0.20173760007525962,0.9794396054458256,1575.9840909090908,672.4034090909091
709,125.0,44.21320343559643,0.8264589755986353,0.8928571428571429,17.209545292257875,9.688921448423697,-0.7853222340224753,666.224,615.936,0.8035555628212521,0.31749278350515464,0.3418286300667009,0.7071604693240999,-0.7070530889723337,615.936,666.224
710,290.0,89.25483399593904,0.9529149353937986,0.7474226804123711,39.87372699821054,12.091218790828366,-0.665114581410304,676.6137931034483,1438.5275862068966,0.4574507761018189,0.7415090650551013,0.34715946285451427,0.7868460764572387,-0.6171492947122675,1438.5275862068966,676.6137931034483
711,655.0,94.91168824543142,0.7478261239930787,0.9805389221556886,35.47142608320751,23.54928952297677,-0.9691971861940438,674.1679389312977,141.62442748091604,0.9137171301180108,0.07300228220665775,0.34590453511097885,0.5659615785576302,-0.8244316172955495,141.62442748091604,674.1679389312977
712,529.0,85.59797974644667,0.752507709521277,0.9724264705882353,32.00216931471324,21.07609874669957,-1.2583874536695472,671.1909262759924,176.42533081285444,0.9072740861415094,0.09094089217157446,0.344377078643403,0.30735179989087635,-0.9515959600081532,176.42533081285444,671.1909262759924
713,554.0,89.84062043356595,0.7495854274697178,0.9634782608695652,32.74194349643929,21.67214163447741,-1.1864634369847233,672.2761732851985,1669.7220216606497,0.8625298697662033,0.8606814544642525,0.3449339011211896,0.37494077654634284,-0.9270487657522798,1669.7220216606497,672.2761732851985
714,366.0,72.76955262170047,0.7255697502368385,0.9506493506493506,26.42403996972787,18.18366691518431,1.2645653727344908,676.1311475409836,1726.0218579234972,0.8685434301425797,0.8897019886203594,0.34691182531605114,0.30146708918273857,0.9534765829005382,1726.0218579234972,676.1311475409836
715,809.0,126.22539674441619,0.9109734370777215,0.9039106145251397,51.705365501605705,21.32665487992959,-1.1648808354674172,680.5587144622991,1788.7181705809642,0.6380649618385714,0.922019675557198,0.34918353743576147,0.3948600254085628,-0.918741291297147,1788.7181705809642,680.5587144622991
716,866.0,113.49747468305831,0.7388518368988306,0.9600886917960089,40.91399954545249,27.570631454005518,1.2203073516275642,680.2020785219399,479.3995381062356,0.8448028277116423,0.2471131639722864,0.3490005533719548,0.34335709637373063,0.9392049320408197,479.3995381062356,680.2020785219399
717,309.0,70.52691193458118,0.8360348065597026,0.944954128440367,27.3976335801311,15.03243521851868,-1.3552491948624643,675.6569579288026,1544.1132686084143,0.7806540311063142,0.7959346745404198,0.34666852638727685,0.21388193132348324,-0.9768595187913852,1544.1132686084143,675.6569579288026
718,626.0,124.32590180780451,0.945209947621028,0.8056628056628057,54.23240371284179,17.70487857480225,-1.2488948930860755,685.8099041533546,1674.5047923322684,0.5089334088770993,0.8631468001712723,0.3518778369180886,0.3163708991003863,-0.9486355750246842,1674.5047923322684,685.8099041533546
719,482.0,80.52691193458118,0.5929354335100054,0.9659318637274549,27.648382589368524,22.26386023782988,0.2651512199799377,684.6929460580913,778.3547717842324,0.9340600816407234,0.4012137998887796,0.351304744001073,0.9650528839325884,0.26205520642298674,778.3547717842324,684.6929460580913
720,570.0,87.84062043356595,0.48850178394040733,0.9644670050761421,28.87619673189503,25.196297839413567,-0.45583145164659233,685.1052631578947,1258.9315789473685,0.9283119272967247,0.6489338035811177,0.35151629715643645,0.8978953260670074,-0.440209022428008,1258.9315789473685,685.1052631578947
721,592.0,92.18376618407355,0.6048692277176749,0.9579288025889967,30.965084070781234,24.658264968078768,-0.9723651109983773,688.1570945945946,1503.2736486486488,0.8754325212509391,0.7748833240456953,0.35308214191615933,0.5633470056347847,-0.8262204011293366,1503.2736486486488,688.1570945945946
722,874.0,120.81118318204308,0.8439180356207209,0.926829268292683,46.42578334366893,24.906139002229846,0.33109306113938747,700.4610983981694,1240.6384439359267,0.7525008958756461,0.6395043525442922,0.3593951248836169,0.945687579599656,0.3250769167304015,1240.6384439359267,700.4610983981694
723,640.0,105.15432893255071,0.8862971537798793,0.935672514619883,42.18220456245375,19.535296008156777,-1.138643403287918,691.1796875,208.7671875,0.7273367399856168,0.10761195231958763,0.35463298486403283,0.4188267685326588,-0.9080661528547855,208.7671875,691.1796875
724,341.0,76.18376618407356,0.8766317941856678,0.9291553133514986,30.60048445141819,14.723784804153418,-1.1760104253198675,691.5278592375366,597.4046920821114,0.7383110462212601,0.3079405629289234,0.354811626083908,0.38461056778731817,-0.9230789300738679,597.4046920821114,691.5278592375366
725,748.0,111.63961030678927,0.8927087804987228,0.9577464788732394,46.167274993448515,20.804545400914577,-0.9710147614833591,697.4171122994652,1364.066844919786,0.7541796994904044,0.7031272396493743,0.35783330543841213,0.5644621779979548,-0.8254589327215529,1364.066844919786,697.4171122994652
726,375.0,77.698484809835,0.8606226802600967,0.9375,31.01733118273391,15.795363935540012,-1.3877500462375305,692.0186666666667,22.464,0.7805775064313463,0.011579381443298968,0.3550634513425689,0.1820258020223483,-0.9832937543776635,22.464,692.0186666666667
727,109.0,38.384776310850235,0.7168875535048195,0.9316239316239316,14.323332421225924,9.986067074079928,-1.1058740184119582,691.7247706422019,422.5045871559633,0.9296475600977614,0.21778586966802232,0.3549126581027203,0.4483533576495706,-0.8938564016017093,422.5045871559633,691.7247706422019
728,159.0,45.798989873223334,0.48610684548775324,0.9464285714285714,15.326926652160289,13.394191772339024,0.10009749721867849,693.8616352201258,89.81132075471699,0.9525662484468735,0.0462944952343902,0.3560090483428044,0.9949944270684776,0.09993042631086894,89.81132075471699,693.8616352201258
729,218.0,56.2842712474619,0.6781677970352977,0.919831223628692,19.95952753206382,14.66839840679374,1.3279390332208456,694.4495412844037,714.5642201834862,0.8647533695621856,0.36833207225952896,0.35631069332191057,0.24047705008795905,0.9706548245287783,714.5642201834862,694.4495412844037
730,719.0,104.32590180780451,0.7217909231649957,0.9535809018567639,37.07375399825785,25.659159030990978,-1.1127560345957381,699.6550764951321,1546.0834492350486,0.8301459613356674,0.7969502315644581,0.3589815682376255,0.4421912545391127,-0.8969207849130968,1546.0834492350486,699.6550764951321
731,279.0,62.8700576850888,0.7508885737558444,0.9457627118644067,23.446086725099747,15.484473581970597,-0.16092204260486973,698.6774193548387,239.4910394265233,0.8870055753578726,0.1234489893951151,0.35847994836061503,0.9870799655704017,-0.16022840437804634,239.4910394265233,698.6774193548387
732,460.0,83.25483399593904,0.7578347470646986,0.9426229508196722,30.223214018374,19.71903161277189,1.335287354034248,700.0760869565217,459.53913043478263,0.8339668297205078,0.23687584043030033,0.35919758181453143,0.23333793864075617,0.972395704634118,459.53913043478263,700.0760869565217
733,563.0,87.01219330881975,0.582372729852674,0.9690189328743546,29.802391371729858,24.227016398931323,0.9383047995216935,700.8507992895204,1624.0230905861456,0.9344542139648357,0.8371253044258482,0.3595950740325913,0.5911561498153992,0.8065571316003803,1624.0230905861456,700.8507992895204
734,455.0,78.5269119345812,0.6180593279877347,0.9660297239915074,27.198106701449724,21.381287238514552,-0.751196132929117,701.6021978021978,661.9032967032967,0.9272230564308296,0.34118726634190555,0.3599806043110302,0.7308730150756119,-0.6825134693427556,661.9032967032967,701.6021978021978
735,211.0,56.8700576850888,0.8416690493701526,0.9336283185840708,22.551117383960094,12.177461634623418,-1.1923237950252914,697.7962085308056,1290.436018957346,0.8198322188189119,0.6651732056481166,0.3580278135099054,0.36950153152888054,-0.9292301212282196,1290.436018957346,697.7962085308056
736,255.0,61.04163056034261,0.6207921408085655,0.9272727272727272,20.644553349289563,16.184817889574152,0.8091217362411827,704.1921568627452,879.0941176470589,0.8599986950903493,0.4531412977562159,0.3613094699141843,0.6901342821248588,0.7236813336241344,879.0941176470589,704.1921568627452
737,608.0,96.66904755831213,0.7628509220537936,0.9529780564263323,35.279344646459805,22.810721533312442,0.6334738348932112,710.1957236842105,1661.6776315789473,0.8175956345368638,0.8565348616386326,0.36438980178769137,0.8059760453683369,0.5919481516927108,1661.6776315789473,710.1957236842105
738,282.0,62.52691193458119,0.7637902293121028,0.9757785467128027,23.701528530056525,15.298496452485283,1.247041951663451,705.1099290780141,102.83687943262412,0.9064106748623723,0.05300870073846604,0.36178036381632334,0.31812812113398664,0.9480477300978889,102.83687943262412,705.1099290780141
739,181.0,50.04163056034261,0.6761941965588044,0.923469387755102,17.855720813354015,13.154727837041087,0.6167793291181295,708.0055248618785,783.878453038674,0.9082920944600157,0.4040610582673577,0.36326604661974266,0.8157455553869005,0.5784109169669235,783.878453038674,708.0055248618785
740,418.0,88.66904755831214,0.9194175605378303,0.9186813186813186,37.286535950615566,14.664152720494835,-1.1736944946963452,712.8397129186603,692.9784688995215,0.6681009030819157,0.35720539633995957,0.3657463893887431,0.3867473212027963,-0.9221857239962356,692.9784688995215,712.8397129186603
741,383.0,72.18376618407356,0.6794877028358582,0.9598997493734336,25.807017100181348,18.93427027710283,-0.9835171578600955,715.2950391644908,174.85117493472586,0.9236970630919404,0.09012947161583808,0.36700617709825084,0.5540981171419609,-0.8324513658945691,174.85117493472586,715.2950391644908
742,297.0,64.8700576850888,0.7562044791539879,0.9519230769230769,24.319908331240367,15.913376388640824,-0.2484049917727809,715.5521885521886,197.8181818181818,0.8869063107060182,0.10196813495782568,0.3671381162402199,0.9693058004126187,-0.2458582219216037,197.8181818181818,715.5521885521886
743,439.0,91.49747468305833,0.9364045076184566,0.9461206896551724,40.414685966815306,14.18242246951927,-1.0824615560241275,716.0432801822324,566.4806378132118,0.6589556237141553,0.29200032876969684,0.367390087317718,0.4691559498642317,-0.8831153348838364,566.4806378132118,716.0432801822324
744,370.0,68.5269119345812,0.5731277183709459,0.9814323607427056,23.975162603747425,19.64683196277564,1.1291315339715013,716.3891891891892,223.85945945945946,0.9901232649702665,0.11539147394817498,0.3675675675675676,0.42744509819316223,0.904041308807644,223.85945945945946,716.3891891891892
745,938.0,147.15432893255073,0.9468746053612919,0.866112650046168,63.90140834714165,20.55088384509575,-1.4664458552854713,719.5490405117271,1359.367803837953,0.5443354481584555,0.700705053524718,0.3691888355627127,0.10416119551272858,-0.9945604282040177,1359.367803837953,719.5490405117271
746,851.0,111.74011537017762,0.7468049221253622,0.9626696832579186,40.50312509773204,26.9363264153048,-1.2024176125514727,722.3572267920094,1426.3360752056403,0.8564878238463717,0.7352247810338353,0.37062966998050767,0.36010338831609195,-0.9329124019559767,1426.3360752056403,722.3572267920094
747,556.0,96.5269119345812,0.8751024523521651,0.9407783417935702,38.487604583607975,18.625602856842782,0.008836496231093286,726.5953237410072,461.89028776978415,0.7498731965500594,0.23808777720091967,0.3728041681585465,0.9999609584212223,0.008836381233872731,461.89028776978415,726.5953237410072
748,737.0,108.81118318204308,0.8612439493656865,0.9621409921671018,43.16238225280468,21.934766779857434,0.6416405528161804,726.3880597014926,635.8059701492538,0.7822224685019953,0.32773503615940913,0.37269782437223836,0.8011149482751816,0.5985105175768034,635.8059701492538,726.3880597014926
749,868.0,122.32590180780451,0.8686315822456617,0.9051094890510949,48.567648501312206,24.06325668167163,1.5201139549465368,723.6601382488479,390.7327188940092,0.7289416020404421,0.2014086179866027,0.3712981725237804,0.05066067664309116,0.9987159234947964,390.7327188940092,723.6601382488479
750,398.0,75.94112549695429,0.6467725870378132,0.9544364508393285,25.910208484497037,19.76127319632635,0.5325753591757235,722.0603015075377,876.927135678392,0.8672391544613947,0.4520242967414392,0.3704773224769306,0.861502280753493,0.5077537003868408,876.927135678392,722.0603015075377
751,778.0,113.7401153701776,0.7844626054376181,0.9384800965018094,41.19185843714814,25.546206969426898,1.1376251251201552,725.6889460154241,608.7287917737789,0.7557221163994235,0.3137777277184427,0.3723391205825675,0.41975121517248465,0.9076391999915068,608.7287917737789,725.6889460154241
752,508.0,83.01219330881976,0.5663893192798997,0.9603024574669187,28.04119609163513,23.109810092133344,-1.4796408242692471,724.5157480314961,490.62598425196853,0.9263813406643899,0.252899991882458,0.37173717189917704,0.09102931483805195,-0.9958482132534631,490.62598425196853,724.5157480314961
753,413.0,74.76955262170047,0.7130791264259045,0.9672131147540983,27.404331773764536,19.212726505823074,-0.976282936423003,725.6077481840193,31.83535108958838,0.9283470282238983,0.016409974788447617,0.3722974593042685,0.5601057031204779,-0.8284211497372065,31.83535108958838,725.6077481840193
754,333.0,68.18376618407356,0.7381005620568012,0.9568965517241379,25.16235500614876,16.97680727869974,-0.944287498876082,726.7507507507507,1281.930930930931,0.9001028259778736,0.6607891396551191,0.3728839152133149,0.586320210267141,-0.8100793856359361,1281.930930930931,726.7507507507507
755,729.0,106.5685424949238,0.7900497284457293,0.9479843953185956,39.41082799511971,24.160522799977446,-0.551763414283315,735.7201646090535,1564.3017832647463,0.806639230954056,0.8063411253941991,0.3774859746583138,0.8516014828944579,-0.5241897693888734,1564.3017832647463,735.7201646090535
756,1087.0,131.9827560572969,0.7497247294373457,0.9362618432385874,46.692822166956255,30.898966868900576,-0.7577646398784004,736.9107635694572,775.8840846366145,0.7841606082457245,0.3999402498126879,0.3780968514979257,0.726374186041536,-0.6872994557341771,775.8840846366145,736.9107635694572
757,772.0,112.22539674441619,0.7405954072116586,0.9093050647820966,39.39185561319083,26.46940545955119,-0.8555997968023243,735.901554404145,1202.059585492228,0.7702733378951689,0.619618343037231,0.37757904279330173,0.6557658025039756,-0.7549643781439735,1202.059585492228,735.901554404145
758,693.0,121.39696961966999,0.8472305694623251,0.8492647058823529,43.78920160529373,23.261933523895117,-1.120140581109912,732.6810966810967,95.03607503607503,0.5909182555793441,0.04898766754436858,0.3759266786460219,0.43555590485272877,-0.9001616820038058,95.03607503607503,732.6810966810967
759,881.0,114.81118318204308,0.26595081712502555,0.9483315392895587,34.77948115541827,33.526953750730115,0.03198591911700773,738.3893303064699,859.5085130533485,0.8398802856942479,0.44304562528523117,0.3788554798904412,0.9994884941014498,0.031980465268913426,859.5085130533485,738.3893303064699
760,252.0,64.73401871576773,0.8392103268816704,0.9264705882352942,24.639997568660103,13.39940256892744,-0.5251821245071412,732.952380952381,756.297619047619,0.7556927691989819,0.38984413352970054,0.3760658701654084,0.8652326441008866,-0.5013705930568609,756.297619047619,732.952380952381
761,414.0,78.18376618407356,0.4870828140971799,0.9345372460496614,24.960008410165457,21.79896781037538,-0.6460176133291188,734.4420289855072,177.8985507246377,0.8510930247537958,0.09170028387867922,0.37683018418958814,0.7984875657554549,-0.6020113016662795,177.8985507246377,734.4420289855072
762,269.0,58.87005768508881,0.5873412744349168,0.96415770609319,20.581510956778835,16.657427257797522,1.1938891731664276,731.7955390334572,663.2862453531599,0.9753785964992023,0.34190012647070095,0.37547231351126586,0.3680464828882879,0.9298073921160023,663.2862453531599,731.7955390334572
763,616.0,99.15432893255071,0.8139986530148491,0.9305135951661632,37.05358264280176,21.523194496662338,-0.9564448262273607,739.3636363636364,1458.5194805194806,0.7873488852821673,0.7518141652162271,0.37935538038154765,0.5764287238853701,-0.817147432401206,1458.5194805194806,739.3636363636364
764,582.0,88.08326112068522,0.1849156884750168,0.9732441471571907,27.569158493979387,27.09371149776857,-0.700911807545956,738.0103092783505,1623.9914089347078,0.9426404635507174,0.8371089736776844,0.37866101040448974,0.7642544668752219,-0.6449148082198689,1623.9914089347078,738.0103092783505
765,347.0,73.01219330881976,0.7793426406925348,0.9480874316939891,27.03751689420061,16.941653898561984,1.099870809241206,736.7262247838617,220.86743515850145,0.8179910442904472,0.11384919338067086,0.3780021676674508,0.4537112533950295,0.8911487521972475,220.86743515850145,736.7262247838617
766,556.0,91.25483399593904,0.6985188819506696,0.934453781512605,31.871443634011044,22.80693809190366,1.179044473780959,739.9172661870504,1489.1474820143885,0.8390211271417478,0.7676017948527776,0.37963943878247836,0.3818081356216286,0.9242416067095963,1489.1474820143885,739.9172661870504
767,733.0,103.01219330881975,0.7260332820890363,0.9695767195767195,37.02664879267261,25.461729093492885,1.33234877544141,743.7612551159618,595.237380627558,0.8680336681625942,0.3068233920760608,0.3816117265859219,0.23619438826537476,0.9717058253154323,595.237380627558,743.7612551159618
768,818.0,109.84062043356595,0.7561676582810368,0.9691943127962085,40.27127074622697,26.352630706264435,-0.10798573026638567,753.257946210269,1240.5819070904645,0.8519953274701373,0.6394752098404456,0.38648432335057414,0.9941752045362654,-0.1077759838056462,1240.5819070904645,753.257946210269
769,780.0,106.8111831820431,0.6847045566841387,0.9547123623011016,37.293565040500404,27.18032364451758,1.5557536167007295,746.8448717948718,46.3974358974359,0.8591539970063298,0.023916204070843248,0.38319387983318204,0.01504214278200606,0.9998868605699975,46.3974358974359,746.8448717948718
770,611.0,91.84062043356595,0.6466065373674639,0.9698412698412698,32.13099999080653,24.51028805658496,0.8091330038875986,748.0703764320785,1272.849427168576,0.9102935308221763,0.6561079521487505,0.3838226662042476,0.6901261278956642,0.7236891097672655,1272.849427168576,748.0703764320785
771,372.0,75.21320343559643,0.7068460012297205,0.9514066496163683,26.585725097666682,18.805876967617838,-0.3895294372099114,747.7930107526881,15.696236559139784,0.8263511414777116,0.008090843587185455,0.3836803544138985,0.9250878599710912,-0.3797531452590048,15.696236559139784,747.7930107526881
772,462.0,79.59797974644665,0.6104950137885927,0.964509394572025,27.422268120698813,21.718987527674905,1.3551126158472833,748.2813852813853,1516.7012987012988,0.9163212310498392,0.7818047931449994,0.3839309313911674,0.2140153478392569,0.9768302978968465,1516.7012987012988,748.2813852813853
773,163.0,45.21320343559643,0.5814899085965055,0.9702380952380952,15.991149403126508,13.009657421831205,1.5138064138871863,745.1901840490798,272.9325153374233,1.001998130205084,0.1406868635759914,0.3823448866336992,0.0569590688005701,0.9983765143879196,272.9325153374233,745.1901840490798
774,193.0,52.2842712474619,0.7085871252085801,0.9507389162561576,18.94531172284749,13.368253974604269,0.31872062937409734,746.6787564766839,388.6269430051814,0.8872071943998814,0.20032316649751616,0.3831086487822904,0.9496370883411639,0.31335187959691013,388.6269430051814,746.6787564766839
775,762.0,121.15432893255071,0.898232974614091,0.8964705882352941,48.10006527686977,21.14092388719293,-0.9794943650261104,754.6771653543307,185.36614173228347,0.6523594569683514,0.09554955759396055,0.38721250146451036,0.5574424040585036,-0.830215614257812,185.36614173228347,754.6771653543307
776,159.0,45.798989873223334,0.68195143612487,0.9520958083832335,16.647287829857085,12.175783969467904,1.5008679610532663,745.4591194968554,308.50314465408803,0.9525662484468735,0.1590222395124165,0.38248287301018746,0.06987138833205014,0.9975560079978226,308.50314465408803,745.4591194968554
777,557.0,93.49747468305833,0.30511829994479045,0.9206611570247933,27.801305138167837,26.475584777755017,0.7013442790123309,754.1579892280072,373.2746858168761,0.8006916458720837,0.19240963186436913,0.3869461206916404,0.7639754881612633,0.6452452661498258,373.2746858168761,754.1579892280072
778,311.0,65.698484809835,0.5266490454798547,0.948170731707317,21.788023748677496,18.52162444028991,-0.3540456311405848,749.4887459807074,804.6398713826367,0.9054397272792898,0.4147628203003282,0.38455040840467286,0.937977791175888,-0.34669534646545563,804.6398713826367,749.4887459807074
779,199.0,57.698484809834994,0.9100231076542747,0.9386792452830188,24.868379281738104,10.3093738258203,-1.0792487136938846,752.0150753768844,508.19095477386935,0.7511628886568135,0.2619541003989017,0.3858466266684887,0.4719908339181014,-0.8816034554703691,508.19095477386935,752.0150753768844
780,246.0,58.526911934581186,0.7805177826232135,0.9609375,22.459761490906693,14.040351073798604,-0.7985010342817064,754.150406504065,1302.80081300813,0.9024720307194067,0.671546810828933,0.38694223012009493,0.6977812184181666,-0.716310945904681,1302.80081300813,754.150406504065
781,272.0,58.526911934581186,0.29025565146361126,0.974910394265233,19.053539019067735,18.23326778070925,0.8808711478232574,755.9007352941177,1430.75,0.9978552534783686,0.7375,0.3878402951739957,0.6364794750203338,0.7712936392048364,1430.75,755.9007352941177
782,1163.0,142.46803743153546,0.8743443024468454,0.9230158730158731,55.985182135403406,27.169952135033245,1.5681122604964135,763.1186586414445,288.74290627687014,0.7200368036053499,0.14883654962725265,0.3915436935051024,0.002684063075720553,0.9999963978962152,288.74290627687014,763.1186586414445
783,801.0,107.88225099390857,0.8081285816341984,0.9756394640682094,41.766554200434314,24.600755544259073,-0.6799466849307425,767.3420724094882,1201.609238451935,0.8648531688002229,0.6193862053875954,0.3937106579833187,0.7776062417894123,-0.6287515667814642,1201.609238451935,767.3420724094882
784,362.0,78.66904755831213,0.8749620724811883,0.9118387909319899,31.60416812338966,15.302468363922955,-0.7987338454626811,762.4475138121547,1312.2044198895028,0.7350394526408501,0.6763940308708777,0.3911993400780681,0.6976144343121761,-0.7164733777603342,1312.2044198895028,762.4475138121547
785,499.0,84.76955262170046,0.6062994480788947,0.9344569288389513,28.75299238079278,22.865427006573736,0.39637162092376904,762.12625250501,241.9438877755511,0.8726309803890087,0.1247133442142016,0.39103450615957414,0.9224678853283402,0.3860738278333046,241.9438877755511,762.12625250501
786,108.0,36.97056274847714,0.6839454065718193,0.9557522123893806,13.76826970664156,10.04440977193387,-1.1454665616744637,757.4722222222222,218.17592592592592,0.9929365491729241,0.11246181748759068,0.38864659939570145,0.41262118811655274,-0.9109027144087806,218.17592592592592,757.4722222222222
787,706.0,98.08326112068524,0.6530182424534123,0.9751381215469613,34.5538281581707,26.16907148570454,-0.8599606107026943,766.3130311614731,1401.3456090651557,0.9221992633501261,0.7223430974562658,0.39318267376165883,0.6524673185439311,-0.757816863253974,1401.3456090651557,766.3130311614731
788,465.0,79.59797974644667,0.6815859992706339,0.9748427672955975,28.62492624887577,20.945946771593686,0.5660700827137534,765.2107526881721,1611.0236559139785,0.9222713689137988,0.8304245649041126,0.3926171127184054,0.8440151777638625,0.5363192889541039,1611.0236559139785,765.2107526881721
789,253.0,56.87005768508881,0.47735946424244335,0.9656488549618321,19.18050544854808,16.85406568409933,-0.6918230112498711,762.7470355731225,1565.699604743083,0.9830215704321549,0.8070616519294243,0.3913530197912378,0.7700843196281163,-0.637942113880955,1565.699604743083,762.7470355731225
790,523.0,103.39696961966999,0.7260837946518264,0.8210361067503925,34.9054997492836,24.001238977423792,-0.0015174320670758603,778.5697896749522,391.9961759082218,0.614746311718177,0.20205988448877413,0.39947141594404934,0.9999988487001819,-0.0015174314847360613,391.9961759082218,778.5697896749522
791,131.0,48.2842712474619,0.8963912616197163,0.9097222222222222,19.5710855514339,8.675151758210562,-0.552506795002216,770.0152671755725,1581.854961832061,0.7061058306329678,0.8153891555835366,0.3950822304646344,0.8512115750589184,-0.5248226886156079,1581.854961832061,770.0152671755725
792,429.0,81.35533905932736,0.7827409380614151,0.9470198675496688,30.250686357820822,18.82644420783407,-1.305920364710117,772.1958041958042,1540.3240093240092,0.8145074057675478,0.7939814481051594,0.3962010283200637,0.2617895580732373,-0.9651249801366759,1540.3240093240092,772.1958041958042
793,249.0,61.21320343559642,0.772053437587195,0.9688715953307393,22.844614870747527,14.51906907809143,-0.08568142035206489,773.4979919678715,13.473895582329318,0.8350625273442425,0.00694530700120068,0.3968691595525251,0.9963315921692215,-0.08557662324223851,13.473895582329318,773.4979919678715
794,319.0,81.698484809835,0.9497005381096099,0.9354838709677419,36.43466723808434,11.409863075113122,-1.4222001340239243,769.8996865203761,355.2131661442006,0.6005823194116132,0.183099570177423,0.3950229279222043,0.1480499416954843,-0.9889798859248674,355.2131661442006,769.8996865203761
795,383.0,70.52691193458118,0.4317708546772778,0.9696202531645569,23.255852441026356,20.976391245481636,1.4455352237758212,772.8590078328982,539.9660574412533,0.9676067764198003,0.27833301929961507,0.3965413072513588,0.12493379493888056,0.9921650804589778,539.9660574412533,772.8590078328982
796,1270.0,143.53910524340094,0.8158287166058606,0.9449404761904762,53.877486577134626,31.157006480339284,-0.45102506185877395,790.0669291338583,459.76377952755905,0.7745921931236698,0.23699163893173147,0.40537041002250296,0.900000762778689,-0.43588831940966033,459.76377952755905,790.0669291338583
797,290.0,85.84062043356595,0.9493173032884877,0.7837837837837838,37.37318963964453,11.74711690638173,-1.1349236716920983,776.1758620689656,220.78275862068966,0.49456361938819565,0.11380554568076787,0.3982431308717114,0.4222016255785179,-0.9065019511059295,220.78275862068966,776.1758620689656
798,503.0,99.84062043356595,0.879863370370553,0.8355481727574751,39.58396743785203,18.811359596398958,0.8577498092111419,783.0556660039762,86.21669980119285,0.63410810865921,0.04444159783566642,0.4017730456664834,0.6541411053176698,0.7563725367395204,86.21669980119285,783.0556660039762
799,702.0,106.18376618407356,0.8858640350342051,0.970954356846473,43.9555192090601,20.392940915454083,1.5232775992440069,781.434472934473,692.7364672364672,0.7824033945204087,0.3570806532146738,0.4009412380371847,0.04750084645529546,0.9988711976956941,692.7364672364672,781.434472934473
800,441.0,85.94112549695429,0.8072744875119845,0.9463519313304721,31.83142325542569,18.786147197615705,-1.4014140992430162,781.5918367346939,275.3492063492063,0.7503197524347393,0.1419325805923744,0.40102197882744683,0.16857344970782975,-0.9856890950262166,275.3492063492063,781.5918367346939
801,778.0,103.7401153701776,0.5984328280155976,0.9737171464330413,35.38517916054602,28.3496495787938,-0.5785924759483488,792.1259640102828,767.8329048843187,0.9084394961242183,0.39579015715686533,0.4064268671166151,0.8372331779644496,-0.546846053030968,767.8329048843187,792.1259640102828
802,825.0,112.8111831820431,0.7316048264188522,0.9615384615384616,40.16342809876629,27.38057215788514,-1.204339999337118,788.9854545454546,1429.121212121212,0.8146283203893583,0.7366604186191814,0.40481552311208546,0.35830930555341833,-0.9336029357033038,1429.121212121212,788.9854545454546
803,352.0,82.42640687119285,0.908064144405829,0.9002557544757033,34.30639109334679,14.368584309795144,-1.155928707311075,786.2215909090909,1553.059659090909,0.6510581660076741,0.8005462160262418,0.40339742991744015,0.40306878328223866,-0.915169686967054,1553.059659090909,786.2215909090909
804,463.0,86.01219330881976,0.6688958828426878,0.9204771371769384,28.9663556198488,21.532317271599865,-0.09336485283974139,793.6328293736501,1344.1036717062634,0.7864494452564761,0.6928369441784863,0.4072000150711391,0.9956446672912432,-0.09322926844349673,1344.1036717062634,793.6328293736501
805,188.0,48.62741699796952,0.5823870180051448,0.9641025641025641,17.167141888572317,13.955369749856766,-1.4378450718341784,786.5106382978723,236.6595744680851,0.9990916074330408,0.1219894713753016,0.403545735401679,0.13255992577916156,-0.9911749926614488,236.6595744680851,786.5106382978723
806,363.0,71.11269837220809,0.6863876985025943,0.9603174603174603,25.374439230744326,18.453200937013712,1.5488858414198425,788.6473829201102,1660.2011019283746,0.9020324733949969,0.8557737638806054,0.4046420640944639,0.021908732324984463,0.9997599749179361,1660.2011019283746,788.6473829201102
807,891.0,119.7401153701776,0.7726960360752512,0.946865037194474,43.245798795286525,27.451404225389442,-1.4616713843915208,797.2356902356902,130.54208754208753,0.7809230171704233,0.06728973584643687,0.4090485840101027,0.10890849008391183,-0.9940517797316408,130.54208754208753,797.2356902356902
808,663.0,98.08326112068522,0.4872870295238379,0.9471428571428572,31.292949094186252,27.326313157925632,0.6129534329451898,797.870286576169,1311.1146304675717,0.866031319548348,0.675832283746171,0.4093741850057306,0.8179525198789037,0.5752857335479055,1311.1146304675717,797.870286576169
809,241.0,56.04163056034262,0.5972850541723573,0.964,19.576928497249543,15.701264962039161,0.44595753810496447,794.311203319502,42.70124481327801,0.9642849330295332,0.022010950934679387,0.4075480776395598,0.9021980718436974,0.43132196693597075,42.70124481327801,794.311203319502
810,575.0,95.01219330881976,0.7881722005965082,0.9519867549668874,35.26885178485228,21.706383300972682,0.172422446278664,801.9269565217392,1381.4,0.80042200815882,0.7120618556701032,0.4114555959577933,0.9851720403329777,0.17156937648122966,1381.4,801.9269565217392
811,207.0,52.87005768508881,0.7311236170085447,0.9539170506912442,19.67345621556997,13.42211737552748,-1.5514021735581083,795.8405797101449,213.82125603864733,0.9305948418515588,0.11021714228796255,0.4083327756337326,0.019392937462232234,-0.9998119393048804,213.82125603864733,795.8405797101449
812,414.0,76.62741699796952,0.6311452451528741,0.9741176470588235,26.49450286120766,20.550849805582622,-0.21131216506639125,802.1111111111111,16.234299516908212,0.8860165464231936,0.008368195627272274,0.41155008266347415,0.9777565390287956,-0.2097430580172594,16.234299516908212,802.1111111111111
813,387.0,78.5269119345812,0.7780939284917606,0.9393203883495146,28.781045920391477,18.07875479569888,-1.2506632804505755,803.0568475452196,1599.470284237726,0.7886490611840243,0.8244692186792402,0.4120353245485991,0.31469285013389797,-0.9491935577502641,1599.470284237726,803.0568475452196
814,688.0,102.08326112068522,0.8037482487327329,0.9622377622377623,38.69750324731277,23.023835677950043,0.32180212752719345,813.1061046511628,585.7921511627907,0.8296391376073826,0.301954717094222,0.41719143388977054,0.9486669879330122,0.316276692163849,585.7921511627907,813.1061046511628
815,776.0,102.32590180780453,0.5535589436666888,0.9748743718592965,34.47467898922294,28.710857404598247,-1.4570584048268187,812.9806701030927,287.6868556701031,0.9313232041726098,0.14829219364438304,0.4171270754761892,0.1134928556055896,-0.9935388123905824,287.6868556701031,812.9806701030927
816,327.0,73.35533905932738,0.862042805104854,0.9342857142857143,29.486317426945998,14.94471179939855,-1.0100645107186446,808.8776758409786,1664.3761467889908,0.7636496535542913,0.8579258488603045,0.4150218962755149,0.5318060905368214,-0.8468661535732445,1664.3761467889908,808.8776758409786
817,677.0,94.08326112068524,0.3862456327607367,0.9797395079594791,30.612864556863176,28.237182660126106,-1.2631302084113687,814.0118168389955,834.9187592319055,0.9611115749719892,0.4303704944494358,0.41765613998922296,0.302835173822382,-0.9530429463019847,834.9187592319055,814.0118168389955
818,284.0,63.73401871576773,0.6573078304595663,0.9530201342281879,22.10934840127307,16.662095719419263,-1.1648029941261129,811.1619718309859,341.63380281690144,0.8785886669864231,0.17609989835922754,0.41619393116007486,0.3949315402666342,-0.91871055207972,341.63380281690144,811.1619718309859
819,374.0,73.45584412271572,0.6229289755156598,0.9444444444444444,24.991233953956776,19.55010245332724,-0.7118792865556435,813.0802139037434,1644.0320855614973,0.8710212662504089,0.8474392193615965,0.417178149771033,0.7571355551094276,-0.6532577984143312,1644.0320855614973,813.0802139037434
820,1092.0,123.63961030678928,0.5896339344418016,0.9706666666666667,41.71676134808018,33.69340232015926,0.8295402201899169,822.2399267399268,69.4478021978022,0.8976711076772478,0.03579783618443413,0.42187784850688903,0.6752149746714622,0.7376209988736876,69.4478021978022,822.2399267399268
821,723.0,100.91168824543142,0.6954067108402651,0.9717741935483871,35.97817314993238,25.85450467103,1.185282830760838,817.9419087136929,739.8077455048409,0.8922061600593462,0.3813441987138355,0.41967260580487065,0.376034994532763,0.9266054623661275,739.8077455048409,817.9419087136929
822,663.0,94.42640687119284,0.6013732096324734,0.9707174231332357,32.53581609410044,25.995084010950904,1.5259423359137008,817.1734539969834,1479.5339366515836,0.9344078194533548,0.7626463590987544,0.41927832426730804,0.04483895224915376,0.9989942283923356,1479.5339366515836,817.1734539969834
823,435.0,85.74011537017762,0.8919233173859175,0.9560439560439561,35.3579698671575,15.988403097016791,-0.7712320698619947,821.6666666666666,1671.8459770114941,0.7435856395060739,0.8617762768100485,0.4215837181460578,0.717052437687807,-0.6970192261379694,1671.8459770114941,821.6666666666666
824,482.0,91.9827560572969,0.850529397197415,0.9060150375939849,34.87753566547736,18.34305544531026,0.6315037839455769,824.3858921161826,1375.8132780082988,0.715886324262424,0.7091821020661334,0.42297890821764117,0.807140648594588,0.5903591901430075,1375.8132780082988,824.3858921161826
825,766.0,126.81118318204308,0.9181800111647855,0.8436123348017621,53.25080225416138,21.096020728537667,0.9262865585496307,828.3015665796345,1209.0548302872062,0.5985818226862821,0.6232241393233021,0.4249879766955539,0.6008066222066168,0.79939439747391,1209.0548302872062,828.3015665796345
826,962.0,136.02438661763952,0.8359551882466971,0.8982259570494865,49.761694620341245,27.309103905663004,-0.5043347899894849,830.506237006237,131.74428274428274,0.6533582565206117,0.06790942409499111,0.4261191570067917,0.8754961143206786,-0.4832251585021139,131.74428274428274,830.506237006237
827,519.0,84.42640687119284,0.4911868836755198,0.9664804469273743,27.72935245997046,24.153769336865334,-1.5558080734841435,823.4797687861271,166.17341040462426,0.9149989781911815,0.08565639711578571,0.42251399116784355,0.01498769213752438,-0.9998876782341058,166.17341040462426,823.4797687861271
828,260.0,69.69848480983501,0.925673207161171,0.8996539792387543,30.21321791985058,11.430388034530045,-1.3124111737620257,820.3038461538462,199.56923076923076,0.672568523110396,0.10287073750991275,0.4208844772467143,0.2555196454468047,-0.9668038636614663,199.56923076923076,820.3038461538462
829,34.0,23.27817459305202,0.9296743585442431,0.7555555555555555,11.867301050821494,4.371704752996454,1.343345885132139,816.3529411764706,1335.764705882353,0.7884804663288265,0.6885385081867799,0.41885733256873814,0.2254943659947121,0.9742444718368397,1335.764705882353,816.3529411764706
830,502.0,89.01219330881976,0.8273819209083811,0.9279112754158965,34.698586523429846,19.488103859441782,-1.1486303768593116,827.7689243027888,499.3764940239044,0.7961860725464392,0.2574105639298476,0.42471468666125645,0.4097371999737667,-0.9122036104717288,499.3764940239044,827.7689243027888
831,491.0,81.01219330881976,0.5475942784302769,0.9665354330708661,27.363333116335852,22.896104554832664,1.2058374541652768,828.2016293279022,36.069246435845216,0.9401357668990078,0.018592395070023308,0.4249367005273998,0.3569108761211331,0.934138440760493,36.069246435845216,828.2016293279022
832,575.0,89.01219330881975,0.6475529192164925,0.96964586846543,31.056791231922258,23.66591106114685,0.2785226522873613,832.1773913043478,536.5965217391305,0.9119661189525949,0.2765961452263559,0.42697659892475515,0.961462662768946,0.27493553444625546,536.5965217391305,832.1773913043478
833,547.0,96.32590180780453,0.8766202877519236,0.9302721088435374,38.409785312989676,18.482127409141956,-0.8250400825685426,832.329067641682,900.1316270566728,0.7408171421855213,0.4639853747714808,0.4270544215708989,0.678527522516929,-0.7345749799625891,900.1316270566728,832.329067641682
834,1394.0,157.88225099390854,0.5841356573042323,0.882837238758708,48.832678015207726,39.6353382588785,0.08732097465137856,843.7991391678622,350.0459110473458,0.7027583563433314,0.1804360366223432,0.4329395275361017,0.9961899455732686,0.08721004723498472,350.0459110473458,843.7991391678622
835,503.0,89.01219330881976,0.7927471766375715,0.9490566037735849,33.06265586031907,20.15336117410293,-0.6351912707462456,831.8489065606362,462.5149105367793,0.7977721005794002,0.2384097476993708,0.42680805877918737,0.8049582242417556,-0.5933314901684889,462.5149105367793,831.8489065606362
836,525.0,85.01219330881976,0.22349967962323058,0.9597806215722121,26.461684053636944,25.79230936972741,1.0951982074322082,831.9542857142857,659.9657142857143,0.912865355357038,0.3401885125184094,0.4268621270981455,0.4578702685374676,0.8890190195881229,659.9657142857143,831.9542857142857
837,351.0,77.25483399593904,0.8529270091884762,0.9261213720316622,29.97678647604491,15.64878747437043,-0.9688656419106312,833.8831908831909,1678.4586894586894,0.7390361001674968,0.8651848914735513,0.4278518167692103,0.5662348830366974,-0.8242439306615594,1678.4586894586894,833.8831908831909
838,574.0,93.25483399593902,0.7137923384380842,0.940983606557377,32.799956440674244,22.97169244361182,0.43112432979460624,838.8588850174216,1812.7369337979094,0.8294286827246208,0.9344004813391286,0.43040476399046773,0.9084964749902721,0.41789251600172245,1812.7369337979094,838.8588850174216
839,1391.0,149.53910524340094,0.675782820296717,0.950786056049214,50.19158945448578,36.99626041438683,-0.9520719158732506,846.4442846872753,1400.9266714593819,0.781677189019033,0.7221271502367947,0.43429670840804274,0.57999651363934,-0.8146189564245426,1400.9266714593819,846.4442846872753
840,281.0,63.21320343559642,0.5303922804341805,0.95578231292517,20.895710110898225,17.714387128676908,0.6832033397017943,831.1245551601423,1643.2811387900356,0.8836913113758663,0.8470521333969255,0.4264364059313198,0.7755544950544878,0.6312806231786133,1643.2811387900356,831.1245551601423
841,480.0,84.76955262170046,0.7962207713346008,0.96,31.99781586948804,19.358876491852097,-1.4725866785000743,835.8020833333334,309.9458333333333,0.8394045502739962,0.15976589347079037,0.42883636907815975,0.09805185019359977,-0.9951813074378014,309.9458333333333,835.8020833333334
842,394.0,84.32590180780453,0.9101802738466239,0.9314420803782506,35.063894528742736,14.523898077052896,-0.885714816837392,839.7284263959391,1464.4847715736041,0.6962802829152759,0.7548890575121671,0.4308509114396814,0.6327361322782361,-0.7743674753691419,1464.4847715736041,839.7284263959391
843,302.0,69.84062043356595,0.8087764245857159,0.9235474006116208,26.09548412536086,15.347177633900683,0.778047095748303,840.7450331125827,1368.9139072847681,0.7780376785809071,0.7056257254045196,0.4313725157068152,0.7122856188541129,0.7018897329165127,1368.9139072847681,840.7450331125827
844,719.0,103.25483399593904,0.7692416334923294,0.9651006711409396,38.234689600349995,24.430360305126143,1.4606919735149573,845.894297635605,188.04728789986092,0.8474575804680572,0.09693159170095923,0.4340145190536711,0.10988202281820278,0.9939446368190634,188.04728789986092,845.894297635605
845,232.0,58.8700576850888,0.8088325787645085,0.9469387755102041,22.653376471238914,13.321068731357155,-0.6785074817455374,841.7327586206897,1481.0387931034484,0.8412187151963383,0.7634220583007466,0.4318793014985581,0.7785103374046155,-0.6276317826195164,1481.0387931034484,841.7327586206897
846,461.0,85.15432893255071,0.8309970096073155,0.9369918699186992,32.79993939081186,18.24584803109293,-0.6479563470781475,848.58568329718,226.64425162689804,0.798909026040864,0.11682693382829795,0.43539542498572603,0.7973189262262048,-0.6035582241022748,226.64425162689804,848.58568329718
847,226.0,64.07716446627535,0.9121609092784173,0.9338842975206612,26.923505729123843,11.03412101114287,1.234306610661545,840.0486725663717,1328.5398230088495,0.691690375655779,0.6848143417571388,0.4310152245081435,0.33017570781718103,0.9439194891342289,1328.5398230088495,840.0486725663717
848,481.0,82.32590180780451,0.7182218247990619,0.969758064516129,29.987671219091848,20.865847663039702,-0.9211179696477338,846.4719334719334,1175.2702702702702,0.8918297321971221,0.6058094176650878,0.434310894546913,0.6049303197718771,-0.7962784112486628,1175.2702702702702,846.4719334719334
849,496.0,90.91168824543144,0.7865287747491511,0.9219330855018587,32.926773495930206,20.334048511673103,-0.8095473807818121,850.2782258064516,277.69354838709677,0.7541402055490289,0.14314100432324575,0.4362638408447674,0.6898261886084044,-0.7239750199488945,277.69354838709677,850.2782258064516
850,669.0,98.42640687119285,0.6392960068676002,0.9584527220630372,33.666908922022614,25.888531109352204,0.7088731621138146,850.8340807174887,785.3288490284006,0.8677861600717482,0.40480868506618584,0.4365490409017387,0.7590959053536376,0.650978806471717,785.3288490284006,850.8340807174887
851,385.0,78.42640687119284,0.8259948019460754,0.9482758620689655,29.633960382500433,16.704003620785656,1.4210237174984641,846.2883116883116,844.1610389610389,0.7865855379250535,0.43513455616548397,0.43421668121514195,0.14921329126099397,0.9888050332148708,844.1610389610389,846.2883116883116
852,581.0,99.9827560572969,0.7869790776624424,0.9092331768388107,35.27681908778974,21.765080717690708,1.2875346458124608,853.8399311531841,1326.5851979345955,0.7303579960055303,0.6838068030590698,0.43809129356243415,0.27948882924011964,0.9601489438258979,1326.5851979345955,853.8399311531841
853,275.0,60.04163056034262,0.7278470911920826,0.9821428571428571,22.628607995869388,15.51732950753154,-0.10305484114082103,850.1527272727272,1432.7163636363637,0.9586003913951153,0.7385135895032803,0.43619944960119406,0.9946945478110784,-0.10287252575354777,1432.7163636363637,850.1527272727272
854,510.0,85.35533905932738,0.71859193082406,0.9586466165413534,30.79072267791268,21.41285319652865,-1.4173703603244456,850.5078431372549,1530.5666666666666,0.8796677218267202,0.7889518900343643,0.4363816537389712,0.15282474541169408,-0.9882533061871591,1530.5666666666666,850.5078431372549
855,838.0,129.39696961967,0.8843830800818345,0.8905419766206164,50.79317632368015,23.708313849533422,0.3151930208029889,859.8150357995227,1630.9582338902148,0.6289348663695469,0.8407001205619664,0.44115702195973455,0.9507365601784443,0.30999998893557934,1630.9582338902148,859.8150357995227
856,225.0,59.698484809834994,0.751932633995383,0.9453781512605042,21.785532409125445,14.361893333404224,-0.8032604988138579,851.2,1197.9688888888888,0.7933517151946659,0.6175097365406643,0.43673678809645977,0.6943640715179678,-0.7196238852240736,1197.9688888888888,851.2
857,1023.0,126.8111831820431,0.7865810205211916,0.9445983379501385,46.29063160399669,28.583867097521033,-1.0308454345633624,857.6500488758553,1666.3333333333333,0.7994114942664055,0.85893470790378,0.4400462026043383,0.5140938708738563,-0.8577339284008385,1666.3333333333333,857.6500488758553
858,429.0,76.52691193458118,0.35699045821872927,0.9618834080717489,24.49098509953457,22.8772258575921,-0.35231323752176463,854.3403263403263,810.6013986013986,0.9205317635782662,0.41783577247494774,0.4383480381428047,0.9385769961580245,-0.34506988028945634,810.6013986013986,854.3403263403263
859,64.0,35.55634918610404,0.8889594553281094,0.6530612244897959,15.54934232344991,7.121379575487418,1.200432424082207,847.984375,890.875,0.6361441134686479,0.4592139175257732,0.43508690354027707,0.3619546844641597,0.9321956910404867,890.875,847.984375
860,611.0,93.74011537017762,0.5982925266101475,0.9667721518987342,31.41140591691755,25.169261048625504,0.5012992388739125,856.2291325695581,1893.4713584288052,0.8737759901627548,0.9760161641385594,0.43931715370423713,0.8769589330796347,0.4805653230226135,1893.4713584288052,856.2291325695581
861,663.0,102.91168824543142,0.7879063492220683,0.9567099567099567,38.18906098977664,23.51663600076223,1.3278666521216214,856.6003016591252,552.6093514328809,0.7866725330389759,0.28485018115096955,0.4395075944890329,0.24054730652113196,0.9706374159929281,552.6093514328809,856.6003016591252
862,763.0,114.81118318204308,0.7854711682324741,0.9350490196078431,40.311195190898125,24.948528159786388,1.138241534592541,858.3774574049803,1733.0222804718217,0.7273878070201035,0.8933104538514545,0.44041942401486933,0.419191658063064,0.9078977661666203,1733.0222804718217,858.3774574049803
863,363.0,70.42640687119285,0.6333392484929463,0.9654255319148937,24.59430686808016,19.032901441340666,0.8888975762619035,856.8980716253443,244.23140495867767,0.9196983900098398,0.12589247678282353,0.43966037538498937,0.6302683062666833,0.776377396705833,244.23140495867767,856.8980716253443
864,382.0,72.52691193458118,0.5036851599118393,0.9646464646464646,24.021284018144673,20.751682089853556,-1.476558811005902,853.5916230366493,311.869109947644,0.9125882110206239,0.16075727316888866,0.4379638907319904,0.09409809504604902,-0.9955629304613067,311.869109947644,853.5916230366493
865,238.0,56.8700576850888,0.7373219284721613,0.952,21.195250074269946,14.318271899836267,-1.3073420350269198,853.1722689075631,667.936974789916,0.924739659141711,0.3442974096855237,0.43774872699207956,0.26041720444169236,-0.9654961831259479,667.936974789916,853.1722689075631
866,519.0,91.49747468305833,0.8671510098600362,0.9488117001828154,36.644567595646286,18.250654854558967,-1.173059892754355,859.73795761079,499.33718689788054,0.7790386530925891,0.2573903025246807,0.4411174744026629,0.3873324641394746,-0.9219401077204759,499.33718689788054,859.73795761079
867,539.0,86.08326112068522,0.6349401196120753,0.9676840215439856,29.89187569291398,23.09330793594767,-0.15591270263143883,864.2690166975881,451.07235621521335,0.9140315924824391,0.2325115238222749,0.44344228665858804,0.9878702161512734,-0.15528179558865357,451.07235621521335,864.2690166975881
868,272.0,66.8700576850888,0.8846278086085076,0.9411764705882353,27.611419391513373,12.875144174923236,1.3842908348725762,854.8161764705883,874.4816176470588,0.7643906609692825,0.4507637204366282,0.43859218905622793,0.18542612709660913,0.9826582067992676,874.4816176470588,854.8161764705883
869,595.0,92.66904755831214,0.6307578663582325,0.9722222222222222,31.86124094913305,24.723676587816385,-0.8439062774157305,864.4672268907563,1870.781512605042,0.8706777191826042,0.9643203673221866,0.44354398506452347,0.6645489582342632,-0.7472447270538318,1870.781512605042,864.4672268907563
870,546.0,85.01219330881975,0.5861552584740809,0.9767441860465116,29.366268048642286,23.792513637295063,-0.11424666612013076,865.8663003663004,154.36813186813185,0.94937996957132,0.0795712019938824,0.4442618267656749,0.9934809449923248,-0.11399829795728218,154.36813186813185,865.8663003663004
871,193.0,51.21320343559642,0.712475339053173,0.9601990049751243,18.84912046611738,13.226374123477383,-0.01744696871252392,860.1243523316062,1457.4145077720207,0.9247051759943195,0.7512445916350622,0.4413157272096492,0.9998478055020563,-0.017446083592661712,1457.4145077720207,860.1243523316062
872,793.0,103.15432893255071,0.5494972297508236,0.9742014742014742,34.78326811790482,29.061265319522594,-0.4793613952625811,869.3808322824716,1576.766708701135,0.9365007620501197,0.8127663446913067,0.44606507556822556,0.8872896362630233,-0.4612126422597626,1576.766708701135,869.3808322824716
873,302.0,69.35533905932738,0.8545833246152377,0.934984520123839,27.65283179549913,14.360510963070624,-0.4931592442889228,869.0596026490066,257.25165562913907,0.7889636757273033,0.13260394620058716,0.44590025790097826,0.8808416357329477,-0.47341103996348155,257.25165562913907,869.0596026490066
874,176.0,47.45584412271571,0.65249576441547,0.967032967032967,17.201608485843625,13.035247678071876,-1.1955629985944791,862.6647727272727,1230.4147727272727,0.9820715413787474,0.6342344189315839,0.4426191753346705,0.36648963278265967,-0.930422134873645,1230.4147727272727,862.6647727272727
875,153.0,58.04163056034261,0.9020100797725917,0.827027027027027,23.545908603858134,10.165121244714088,0.6527625249668908,863.6143790849674,183.86928104575162,0.5707186776557442,0.09477797992049053,0.44310640281424696,0.79440892044763,0.6073832950561211,183.86928104575162,863.6143790849674
876,449.0,79.35533905932739,0.7121913135041917,0.961456102783726,28.62530076010539,20.09454383943708,-0.2559536418599822,871.1559020044543,860.9510022271714,0.8959915251682146,0.4437891764057585,0.44697583478935576,0.967422303932039,-0.25316809801952855,860.9510022271714,871.1559020044543
877,581.0,90.66904755831214,0.6946019986679128,0.9635157545605307,32.166711593259286,23.140546836515515,1.4258506304532959,872.8623063683305,1312.1359724612737,0.8881123085331954,0.6763587486913782,0.4478513629391126,0.14443869570681037,0.9895137508809645,1312.1359724612737,872.8623063683305
878,326.0,68.04163056034261,0.5705121193585246,0.9449275362318841,22.64058626238017,18.594468587899463,0.7444212726135842,873.8128834355829,840.5245398773006,0.8848670815363119,0.43326007210170137,0.44833908847387527,0.7354801401135711,0.6775462814439482,840.5245398773006,873.8128834355829
879,241.0,57.35533905932737,0.6798841427332638,0.9525691699604744,20.559785354021887,15.076892404392936,-0.6158209898236379,872.8713692946058,924.4605809128631,0.9206174523888648,0.4765260726354964,0.44785601297824823,0.816299494616021,-0.5776288904561724,924.4605809128631,872.8713692946058
880,368.0,74.04163056034263,0.7565356309628417,0.983957219251337,27.40639602830321,17.922480503586318,0.176141282850874,875.4864130434783,1932.0625,0.8435401024772572,0.9959085051546391,0.4491977491244116,0.9845271910002781,0.17523187547105104,1932.0625,875.4864130434783
881,570.0,100.8111831820431,0.9031618124926639,0.945273631840796,41.67043297492595,17.889129031462215,-0.8612350665572245,880.3122807017544,506.1070175438596,0.7048022727430713,0.2608799059504431,0.4516738228331218,0.6515009847863997,-0.7586477883855929,506.1070175438596,880.3122807017544
882,879.0,112.5685424949238,0.6543733935368922,0.9691289966923925,38.86076951613781,29.38540957320393,0.6545623113003392,880.9488054607508,771.8043230944255,0.871695197070139,0.39783727994558016,0.452000413268728,0.7933144742475969,0.608812076875335,771.8043230944255,880.9488054607508
883,822.0,124.81118318204308,0.8726416823855996,0.8810289389067524,48.40543421067087,23.639327636392448,-0.8337582985060175,884.5340632603406,1388.7384428223845,0.6630933631518133,0.7158445581558683,0.4538399503644642,0.6720976339910116,-0.7404625381365921,1388.7384428223845,884.5340632603406
884,343.0,69.35533905932738,0.5998260687082013,0.9527777777777777,23.718114959512423,18.977585258798907,1.017130016749589,876.7930029154519,1838.9241982507288,0.8960746383260433,0.9478990712632622,0.4498681390022842,0.5258093282150899,0.8506024631765393,1838.9241982507288,876.7930029154519
885,948.0,116.12489168102785,0.6966640421633723,0.9743062692702981,41.21525710529876,29.567723539558234,1.0495699765957973,884.2900843881856,219.55696202531647,0.8834206720978705,0.11317369176562704,0.45371476879845335,0.4979440141631349,0.8672091782027584,219.55696202531647,884.2900843881856
886,580.0,95.7401153701776,0.8179871222547962,0.9555189456342669,36.57864063844436,21.04137038861074,0.80018694041955,880.9931034482759,1621.1120689655172,0.7951516502481086,0.835624777817277,0.4520231418410856,0.6965725943255398,0.7174863210086915,1621.1120689655172,880.9931034482759
887,435.0,86.25483399593904,0.8812535454551366,0.9436008676789588,34.48999091085735,16.301481349169684,-1.0438277702448187,879.1241379310345,1209.5701149425288,0.7347375463867694,0.6234897499703757,0.45106420622423526,0.5029154715330845,-0.864335599459293,1209.5701149425288,879.1241379310345
888,632.0,97.15432893255071,0.7668515330937334,0.9634146341463414,35.54656563158344,22.814657748647683,-0.4697656430938235,885.6772151898734,281.65664556962025,0.8414002362242126,0.14518383792248465,0.45442648290911924,0.891674400739175,-0.45267732775834163,281.65664556962025,885.6772151898734
889,507.0,87.01219330881975,0.7705978193306451,0.9548022598870056,32.082053982433976,20.44659048111036,0.056895801206420626,884.3293885601578,701.7692307692307,0.8415067255420456,0.36173671689135606,0.45373493512578644,0.9983818704814639,0.056865109636168476,701.7692307692307,884.3293885601578
890,353.0,71.94112549695427,0.728944156184013,0.9566395663956639,25.98903270422361,17.7913943532524,-1.3496441348088462,879.8753541076487,481.60056657223794,0.857097273406824,0.2482477147279577,0.4514496429490245,0.21935389919745202,-0.9756453591889186,481.60056657223794,879.8753541076487
891,466.0,78.18376618407356,0.5106314806875867,0.9708333333333333,26.280241832810056,22.595743536553293,-1.1526030076627445,883.9613733905579,528.4742489270386,0.9579935979112775,0.27240940666342195,0.45354611256570443,0.4061101281535043,-0.9138241427162801,528.4742489270386,883.9613733905579
892,793.0,122.46803743153548,0.9084853665473559,0.9519807923169268,49.932059294911845,20.86743969021755,0.9745299068201613,889.3833543505675,1291.9079445145019,0.6644121027014267,0.6659319301621144,0.4563280422527283,0.5615570885419887,0.8274379954463326,1291.9079445145019,889.3833543505675
893,1043.0,124.95331880577405,0.8015376982635245,0.9657407407407408,47.537524603511514,28.424789184032317,0.8698242128591955,892.5656759348035,46.00479386385427,0.8394572440416164,0.023713811270027974,0.4579608393713717,0.6449608964748522,0.764215573001725,46.00479386385427,892.5656759348035
894,818.0,106.46803743153546,0.7008632477156703,0.9784688995215312,38.29951441285739,27.318877663873543,0.7391070601322269,891.7408312958436,633.3948655256723,0.9068274762188514,0.32649219872457336,0.45753762508765705,0.7390703628023908,0.6736282348797016,633.3948655256723,891.7408312958436
895,643.0,107.9827560572969,0.8983399465763459,0.9400584795321637,43.738022466432795,19.214155602905198,0.5630303331036033,896.6298600311042,1268.5660964230171,0.6929661509083428,0.6539000497025862,0.46004610571118737,0.8456415522228257,0.5337512202835418,1268.5660964230171,896.6298600311042
896,702.0,107.88225099390857,0.739772906904965,0.9164490861618799,37.4902400239727,25.225556607069105,1.327674801273704,893.4017094017094,1604.3390313390314,0.7579612041170493,0.8269788821335213,0.4583897944595738,0.24073351970438608,0.9705912489254876,1604.3390313390314,893.4017094017094
897,523.0,100.18376618407356,0.9010175749000596,0.9273049645390071,40.3338149883592,17.496106466819285,1.5206895108699734,884.3231357552581,1356.2217973231357,0.6548123245856142,0.6990834006820287,0.4537317269139344,0.050085851418184654,0.9987449161260925,1356.2217973231357,884.3231357552581
898,822.0,110.08326112068522,0.7621603591920424,0.9569266589057043,40.46335305887735,26.195500595912126,1.3034095363935672,890.801703163017,1881.7980535279805,0.8523914958848043,0.9699989966639075,0.4570557738137594,0.2642119934620948,0.9644646299946857,1881.7980535279805,890.801703163017
899,232.0,58.384776310850235,0.7407163860001809,0.9666666666666667,21.363956111366512,14.352687251956043,-1.3605813224525845,885.3275862068965,657.4870689655172,0.8552608799394663,0.3389108602915037,0.45424709400046,0.20867017591983666,-0.9779860723351762,657.4870689655172,885.3275862068965
900,288.0,61.698484809834994,0.6770577145609022,0.9696969696969697,22.341987728800458,16.442137302650654,0.3545083579187638,889.3402777777778,744.7465277777778,0.9507215851820835,0.38388996277205045,0.45630594036828004,0.9378172655428753,0.3471293367747591,744.7465277777778,889.3402777777778
901,217.0,59.112698372208094,0.5673856728183325,0.9156118143459916,19.034509450416802,15.674008366133855,-1.1496904115860247,889.2857142857143,843.7603686635945,0.7803834113151802,0.43492802508432704,0.45627794473356303,0.408770002444506,-0.9126374335416658,843.7603686635945,889.2857142857143
902,656.0,96.91168824543144,0.553062454450078,0.9521044992743106,31.946871591652172,26.616210115193645,-0.7147719374425048,899.4954268292682,719.6829268292682,0.8777308943520199,0.370970580839829,0.4615163811335394,0.7552427433578921,-0.6554451911527348,719.6829268292682,899.4954268292682
903,145.0,41.798989873223334,0.44966046525598047,0.9666666666666667,14.364752616758018,12.83059081330396,1.1544345218039374,890.9586206896552,566.4758620689655,1.042908706365909,0.2919978670458585,0.4571362856283505,0.40443576611260684,0.9145664060574873,566.4758620689655,890.9586206896552
904,519.0,84.08326112068524,0.29880729611669465,0.9575645756457565,26.375816168774307,25.17079666266288,0.1248917252295993,899.1522157996146,1336.670520231214,0.9224824816301858,0.6890054227995948,0.4613402851716853,0.9922111605414569,0.12456730268001874,1336.670520231214,899.1522157996146
905,610.0,94.32590180780451,0.49901188339937597,0.9546165884194053,30.505740429962824,26.436126461271307,-1.4729207919110539,899.916393442623,1693.3295081967212,0.8615446046729488,0.8728502619570728,0.4617323722127363,0.09771934130576415,-0.9952140123283874,1693.3295081967212,899.916393442623
906,403.0,81.11269837220809,0.8708587825302405,0.9460093896713615,32.634039606398574,16.040717043330694,1.5148461858497704,894.4739454094292,1831.032258064516,0.7697278699433868,0.943831060857998,0.45893994120545367,0.0559209542899022,0.9984351991347794,1831.032258064516,894.4739454094292
907,319.0,67.01219330881975,0.6184092820062631,0.9522388059701492,22.994398456277526,18.070290487531356,0.9107602982079455,897.1379310344828,258.8244514106583,0.8926739920263362,0.13341466567559707,0.4603067886272359,0.6131453138792999,0.789970141250829,258.8244514106583,897.1379310344828
908,780.0,108.81118318204308,0.7646329908207562,0.9547123623011016,39.733933523180326,25.60716809811153,-1.1059987108163472,901.9487179487179,297.4089743589744,0.8278609571662906,0.15330359503039917,0.46277512465301074,0.4482418970604224,-0.8939123009108185,297.4089743589744,901.9487179487179
909,652.0,95.25483399593904,0.6909902716686195,0.9702380952380952,33.96250216623567,24.550272091345583,-0.023004601054722032,903.2024539877301,425.56134969325154,0.9029909770848187,0.21936152046043894,0.46341839609426894,0.9997354058343253,-0.02300257205785544,425.56134969325154,903.2024539877301
910,331.0,82.01219330881976,0.8777263661393713,0.8422391857506362,31.05008258391192,14.878026278801554,-0.880223779290818,897.3776435045318,1210.5287009063445,0.618416408756623,0.6239838664465693,0.4604297811721558,0.6369786528469306,-0.7708814408307606,1210.5287009063445,897.3776435045318
911,424.0,78.18376618407356,0.517594202033796,0.9506726457399103,25.549756175722205,21.86104150264667,0.37271077367564065,899.1580188679245,469.10849056603774,0.8716508272840808,0.24180850029177203,0.46134326263105413,0.9313436637073096,0.36414142866782667,469.10849056603774,899.1580188679245
912,265.0,67.94112549695429,0.8233470996048367,0.9265734265734266,25.304427450011943,14.361227983407648,1.498931419455768,896.0037735849056,665.1207547169811,0.7214234647764997,0.342845749854114,0.45972487100303006,0.07180306481436255,0.9974188287190414,665.1207547169811,896.0037735849056
913,583.0,94.66904755831214,0.8161187285047322,0.9636363636363636,36.165339175999016,20.899380362123075,0.12001786450143556,905.8181818181819,171.54888507718695,0.8174522680991888,0.08842726034906544,0.46476048323149405,0.9928064970965447,0.11972994330111636,171.54888507718695,905.8181818181819
914,498.0,82.91168824543142,0.5608096091201857,0.9688715953307393,27.83685474976832,23.047378978242854,1.4009545883973038,900.0502008032129,859.0923694779117,0.9103485192370702,0.44283111828758337,0.46180102657938066,0.16902636672439522,0.9856115296362712,859.0923694779117,900.0502008032129
915,639.0,103.01219330881975,0.82047944543574,0.9301310043668122,38.33300274606272,21.91405870517009,-1.360624237085969,901.8043818466354,371.24256651017214,0.7567169358197786,0.19136214768565574,0.46270106816143425,0.2086282058139498,-0.9779950264387095,371.24256651017214,901.8043818466354
916,580.0,89.25483399593904,0.6882984496151903,0.9731543624161074,31.949111888134123,23.176768471147884,1.1044949521279122,905.8258620689655,597.5620689655173,0.9149015522036378,0.3080216850337718,0.46476442384246563,0.44958561814059345,0.8932372428202602,597.5620689655173,905.8258620689655
917,162.0,45.21320343559643,0.31562167998451757,0.9529411764705882,14.747903680940151,13.994066230991173,-0.7547083007342338,901.358024691358,1165.3703703703704,0.9958509024124148,0.6007063764795724,0.46247204961075317,0.7284714103975855,-0.6850762032309636,1165.3703703703704,901.358024691358
918,483.0,81.35533905932736,0.7206324387384659,0.9737903225806451,29.837124450458,20.68659477373687,-1.1164600449797981,906.5300207039337,507.5217391304348,0.9170328134865398,0.26160914388166745,0.46512571611284437,0.43886602487406784,-0.8985525094346095,507.5217391304348,906.5300207039337
919,387.0,72.76955262170047,0.7115139602608052,0.9626865671641791,26.514962759375123,18.631320870017657,-0.9994798265598641,906.1498708010336,885.6692506459948,0.9183778892491212,0.4565305415701004,0.4649306674197196,0.5407399436077349,-0.8411898200686356,885.6692506459948,906.1498708010336
920,413.0,79.35533905932738,0.6905262938601674,0.9301801801801802,27.41604655483033,19.8302263686967,-1.55227144778031,909.271186440678,655.8958837772398,0.8241525610121886,0.33809066174084523,0.46653216338669984,0.018523819498783945,-0.999828419335626,655.8958837772398,909.271186440678
921,700.0,97.49747468305831,0.24033930248523672,0.9695290858725761,30.390559147389283,29.499779667369022,0.33577796637961765,914.94,1802.86,0.9253822607687232,0.9293092783505155,0.469440738840431,0.944154252504118,0.32950378977849426,1802.86,914.94
922,311.0,69.94112549695429,0.7890006411078192,0.9367469879518072,25.689191884762632,15.783243569449075,-0.8810800179099927,910.3569131832797,236.65594855305466,0.798923175617056,0.12198760234693538,0.4670892320078398,0.6363183609684323,-0.7714265639025194,236.65594855305466,910.3569131832797
923,74.0,34.72792206135786,0.9000619749985274,0.9024390243902439,14.937593386741677,6.509234207097337,-1.484570749789479,902.4324324324324,1770.054054054054,0.7710525671237108,0.9123989969350793,0.4630233106374717,0.0861187710104115,-0.9962848775725025,1770.054054054054,902.4324324324324
924,725.0,105.53300858899107,0.6780750509031914,0.9628154050464808,36.02295197594764,26.476605663613917,0.7802330860206501,914.9862068965517,1831.5958620689655,0.8180337685562776,0.9441215783860647,0.4694644468427664,0.7107495941008913,0.7034451041022449,1831.5958620689655,914.9862068965517
925,151.0,46.526911934581186,0.5963536332722285,0.949685534591195,15.737455505874417,12.632799158938592,-0.8799866865268218,908.0529801324503,841.0264900662252,0.8765533502165122,0.4335188093124872,0.465907121668779,0.6371614053535045,-0.7707303961359946,841.0264900662252,908.0529801324503
926,213.0,55.94112549695428,0.7156069740537744,0.9342105263157895,20.227296881608357,14.128830705440558,-0.8759212422364628,908.0046948356808,1149.8215962441313,0.8553169286909093,0.5926915444557378,0.4658823472733098,0.6402894927678457,-0.768133689829508,1149.8215962441313,908.0046948356808
927,756.0,107.25483399593904,0.76614953432075,0.9485570890840652,39.29613211946546,25.254144459491638,-1.3917870084560617,914.5925925925926,105.16269841269842,0.8258437938701078,0.054207576501390936,0.4692624897858351,0.17805480982706465,-0.9840205712775764,105.16269841269842,914.5925925925926
928,71.0,28.727922061357855,0.6934637279761979,0.9861111111111112,11.203419139792516,8.071968699729833,1.3965500945083043,905.6901408450705,1235.7605633802816,1.0810848591107336,0.6369899811238565,0.46469478750388427,0.17336583313118176,0.9848574962413249,1235.7605633802816,905.6901408450705
929,636.0,109.15432893255071,0.8727043526668996,0.9151079136690647,42.22250055596432,20.61509483427012,-0.5896468309593998,918.8490566037735,1551.1289308176101,0.6707876400372563,0.7995509952668094,0.4714464118028597,0.8311371167638301,-0.5560675256994491,1551.1289308176101,918.8490566037735
930,215.0,58.87005768508881,0.8788891072165285,0.9307359307359307,24.102567566429904,11.497554744353586,0.7116832375742093,911.060465116279,1577.7488372093023,0.7795776886517789,0.8132725964996403,0.4674502129893684,0.757263611084271,0.6531093502068471,1577.7488372093023,911.060465116279
931,677.0,121.1543289325507,0.53586640214112,0.8196125907990315,35.24032020824595,29.753500627540955,-0.5172911384540597,921.645494830133,1766.6765140324962,0.5795897012697822,0.9106579969239671,0.4728812184864715,0.8691619735332502,-0.4945275156791436,1766.6765140324962,921.645494830133
932,966.0,123.05382386916239,0.7272623337710503,0.9621513944223108,43.21426107945812,29.660522865863445,-0.5673603241727184,921.6749482401656,1126.2815734989647,0.8016720876465638,0.5805575121128684,0.4728963305490844,0.8433224940483527,-0.5374078256148361,1126.2815734989647,921.6749482401656
933,412.0,74.18376618407356,0.47109151005847943,0.9603729603729604,24.4064317209608,21.528531303186174,1.065114724742593,917.8932038834952,920.3082524271845,0.940782703406151,0.4743856971274147,0.470955979416878,0.4844038486117097,0.8748445070126255,920.3082524271845,917.8932038834952
934,356.0,73.25483399593904,0.7987196300467027,0.9393139841688655,27.804167306293873,16.729861332484173,-0.7007856367458178,918.1966292134831,1515.5898876404494,0.8336567768686779,0.7812319008455925,0.47111166198742077,0.7643358302092695,-0.6448183764893077,1515.5898876404494,918.1966292134831
935,200.0,56.2842712474619,0.730399981723589,0.91324200913242,19.7651917166116,13.500014681680469,0.3127818933768019,918.37,1158.855,0.7933517151946659,0.59734793814433,0.47120061570035915,0.9514812453606476,0.3077067430638321,1158.855,918.37
936,318.0,77.35533905932738,0.8828903668062243,0.8760330578512396,31.075235024815278,14.592283179794716,0.6231603233132282,920.2735849056604,1729.1037735849056,0.6678153479430048,0.891290604940673,0.4721773139587791,0.8120381363949978,0.583604373732873,1729.1037735849056,920.2735849056604
937,421.0,81.01219330881976,0.7974107430135874,0.9503386004514672,30.072455679570375,18.146829795584,-1.2740132801774815,920.6009501187649,362.7648456057007,0.806104191170025,0.18699218845654675,0.47234527969151613,0.29244540987509005,-0.9562822189306829,362.7648456057007,920.6009501187649
938,625.0,96.42640687119285,0.6987074645009964,0.9600614439324117,33.72825743598982,24.129448048631325,0.914439822390253,924.7664,483.1968,0.844691090444701,0.24907051546391754,0.47448250384812724,0.6102344555489008,0.7922208715130754,483.1968,924.7664
939,433.0,77.35533905932738,0.6035016266816196,0.9579646017699115,26.3183898283653,20.98527780360524,0.8346445249258982,924.0230946882217,833.8937644341802,0.9093208982997518,0.4298421466155568,0.47410112605860527,0.6714411526808763,0.7410578779599986,833.8937644341802,924.0230946882217
940,468.0,85.01219330881976,0.7851370696326533,0.9512195121951219,31.25769667583388,19.358580285722667,0.35562361613302834,928.0149572649573,1231.715811965812,0.8137542596325597,0.6349050577143361,0.476149285410445,0.9374295435499672,0.34817502908695225,1231.715811965812,928.0149572649573
941,464.0,88.66904755831213,0.7787658104380225,0.9317269076305221,31.5845503285696,19.813454719312077,-1.2054306634008436,924.3900862068965,727.6961206896551,0.7416239689713133,0.3751010931389975,0.4742894234001521,0.357290845470478,-0.933993175426347,727.6961206896551,924.3900862068965
942,351.0,69.94112549695429,0.5953953519071666,0.9590163934426229,23.919965908640215,19.218086835434637,0.41435274770257857,924.031339031339,1349.4729344729344,0.9016785679793782,0.6956046053984198,0.4741053560961206,0.915377094397783,0.4025975348308434,1349.4729344729344,924.031339031339
943,416.0,77.84062043356595,0.6954207778316829,0.9476082004555809,27.40797270064564,19.695445116275927,-0.5542439322265581,928.9783653846154,380.0048076923077,0.8627612221121134,0.195878766851705,0.47664359434818643,0.8502986021617036,-0.5263005673204741,380.0048076923077,928.9783653846154
944,365.0,70.52691193458118,0.6846130386187822,0.958005249343832,25.261705743792824,18.413426744200386,0.1698956969731688,927.5342465753424,439.4356164383562,0.92213178431652,0.22651320434966815,0.4759026406235723,0.9856024077794746,0.16907954867251737,439.4356164383562,927.5342465753424
945,53.0,25.071067811865476,0.47131685888303504,0.9464285714285714,8.818001722759341,7.777159677668009,0.5125303679479198,918.2452830188679,1361.811320754717,1.0595954152819045,0.7019645983271736,0.471136625458629,0.8715064469193496,0.49038404641465533,1361.811320754717,918.2452830188679
946,517.0,106.56854249492379,0.9527893674537418,0.9365942028985508,47.054878944129236,14.287369316006673,-1.1669471533373696,926.4990328820116,1856.3384912959382,0.5720610183857985,0.9568755109772877,0.47537148942124763,0.39296077225081216,-0.919555235683015,1856.3384912959382,926.4990328820116
947,537.0,96.08326112068522,0.7985627769183403,0.9258620689655173,34.816426830553695,20.956408782436185,-0.05387465443465845,930.2905027932961,141.67970204841714,0.7309516992169444,0.07303077425176141,0.47731683057634483,0.9985491117866813,-0.0538485965465205,141.67970204841714,930.2905027932961
948,165.0,46.72792206135786,0.7004275710666347,0.9705882352941176,17.237718791433853,12.302964785414858,-0.2558066801552751,923.0,1274.521212121212,0.949600359828753,0.656969696969697,0.47357619291944586,0.9674594995000985,-0.25302592125515305,1274.521212121212,923.0
949,641.0,98.18376618407356,0.6265301658648602,0.9496296296296296,32.69840552337351,25.48504478417202,-0.719629145188537,932.198127925117,684.1216848673947,0.8355809296665311,0.35264004374607977,0.4782956018086798,0.7520502134143378,-0.6591058158622553,684.1216848673947,932.198127925117
950,369.0,72.52691193458118,0.7510294589802567,0.9609375,26.859919295630537,17.73476390479792,-1.562873161841624,928.2791327913279,1377.2655826558266,0.8815315441534299,0.709930712709189,0.47628482954916773,0.007923082055382029,-0.9999686118927652,1377.2655826558266,928.2791327913279
951,267.0,74.76955262170048,0.8788166915110819,0.8754098360655738,28.692040133553558,13.690680554788354,-0.70901485752066,936.3670411985019,664.2771535580524,0.6001662385854255,0.3424109038959033,0.4804346029751164,0.759003657026708,-0.6510863603394587,664.2771535580524,936.3670411985019
952,579.0,91.59797974644667,0.7704438907574961,0.973109243697479,34.17061711217508,21.78403537220839,-0.8785211229322344,938.0932642487047,409.2901554404145,0.867194745048333,0.2109743069280487,0.48132029976844776,0.6382902750870362,-0.7697957681939513,409.2901554404145,938.0932642487047
953,449.0,79.01219330881975,0.7451393931522255,0.9676724137931034,29.300230907471676,19.540580455899605,1.2270393959434631,934.9710467706013,794.0378619153674,0.9037909116498731,0.40929786696668424,0.479718341082915,0.3370265943932003,0.9414951272692393,794.0378619153674,934.9710467706013
954,602.0,103.88225099390857,0.868760388452342,0.8971684053651267,40.071684866928635,19.84480708431512,-0.8389615432530527,941.2308970099667,546.968438538206,0.7010090939608905,0.28194249409185873,0.48293016778346165,0.6682357454809345,-0.7439495873118955,546.968438538206,941.2308970099667
955,995.0,146.2670273047588,0.8408966773305425,0.8712784588441331,51.45944367334129,27.849629276988953,-0.4482048705839922,948.9286432160804,1671.9045226130654,0.5844401920501017,0.8618064549551884,0.4868797553699746,0.901226470518215,-0.43334841506261557,1671.9045226130654,948.9286432160804
956,180.0,47.21320343559642,0.6809857974957888,0.9836065573770492,17.6812560831161,12.947924114653494,-1.300244841962072,932.95,330.8833333333333,1.0147415233882588,0.17055841924398624,0.4786813750641355,0.2672629011323019,-0.9636236514730974,330.8833333333333,932.95
957,204.0,52.284271247461895,0.4731181673249761,0.9488372093023256,17.276072922145744,15.220202593264444,-1.2826001519885153,935.9460784313726,738.3529411764706,0.9377734075522065,0.38059429957550034,0.4802186138693548,0.2842232563844672,-0.958758124101282,738.3529411764706,935.9460784313726
958,974.0,127.05382386916237,0.8324400901122587,0.9338446788111218,47.72906868797368,26.447395615722673,0.636247676460452,949.458932238193,121.3788501026694,0.7582166905706516,0.06256641757869556,0.48715183798778505,0.8043309764178636,0.5941815214012349,121.3788501026694,949.458932238193
959,555.0,99.94112549695429,0.9202340272354007,0.9602076124567474,42.81932018209667,16.758134879060595,-1.4384791347205022,937.6792792792793,209.0144144144144,0.698255515997176,0.10773938887340949,0.48110789085647987,0.13193143189766052,-0.9912588447410863,209.0144144144144,937.6792792792793
960,617.0,99.01219330881975,0.7563258537032433,0.9565891472868217,35.63416682847454,23.311696627907445,-1.4367813936877643,943.419773095624,353.13128038897895,0.790892880160008,0.18202643319019535,0.48405324427687224,0.13361414176943642,-0.991033430878705,353.13128038897895,943.419773095624
961,600.0,107.05382386916237,0.9212200238393622,0.9302325581395349,44.677895323379815,17.381577173221988,0.996527369995713,944.78,593.8983333333333,0.6578952417381929,0.30613316151202746,0.4847511544381734,0.5432211595922046,0.839589644869028,593.8983333333333,944.78
962,563.0,93.49747468305831,0.8174693835475267,0.959114139693356,35.78047016452387,20.60855089292179,-0.25817812484384584,947.7939609236234,1100.0053285968029,0.8093166905313883,0.5670130559777334,0.4862975684574774,0.9668567427116146,-0.2553194843193265,1100.0053285968029,947.7939609236234
963,850.0,148.8111831820431,0.9407989845671144,0.8228460793804453,60.65558395076702,20.560119961305883,0.7137320472965961,955.9317647058823,518.58,0.48234485483990786,0.2673092783505155,0.4904729423837262,0.7559239258815548,0.654659467417846,518.58,955.9317647058823
964,651.0,107.39696961967,0.9038604981290701,0.9573529411764706,44.66386247800807,19.108419759216957,-0.9840349828651547,944.4086021505376,1145.7281105990783,0.7092621728069947,0.5905815003088032,0.4845605962804195,0.5536669787397787,-0.8327381801341677,1145.7281105990783,944.4086021505376
965,485.0,83.35533905932738,0.5733254646723225,0.9623015873015873,27.82835720443189,22.80054443923761,1.2327543910393461,943.519587628866,1518.9835051546393,0.8771719951818224,0.7829811882240408,0.48410445748017755,0.33164047982138734,0.943405846994728,1518.9835051546393,943.519587628866
966,645.0,104.91168824543142,0.8569839678813971,0.9402332361516035,40.366088742858466,20.802384057364414,-0.7039788654910264,951.8232558139534,624.9953488372093,0.73641364526331,0.3221625509470151,0.48836493371675394,0.7622728842812624,-0.6472557839753347,624.9953488372093,951.8232558139534
967,446.0,82.76955262170047,0.7750594793413338,0.9214876033057852,30.387042344494574,19.20121604353943,0.05720104521092849,948.6255605381166,1499.9730941704036,0.818094564432633,0.7731820073043317,0.486724248608577,0.9983644662363843,0.05716985706243776,1499.9730941704036,948.6255605381166
968,501.0,83.25483399593904,0.7600015264026911,0.9747081712062257,31.377465513983136,20.392882783401728,-0.8106703939731451,949.311377245509,53.852295409181636,0.9082986558477704,0.027758915159371976,0.4870761299361257,0.6890127202916211,-0.7247492471719721,53.852295409181636,949.311377245509
969,170.0,47.45584412271571,0.744961745699616,0.9659090909090909,18.02965898511033,12.027715067817438,0.49454444519606106,945.2294117647059,1204.2882352941176,0.9485918297408357,0.620767131594906,0.48498174025895635,0.8801850214694482,0.4746307280200335,1204.2882352941176,945.2294117647059
970,682.0,98.08326112068524,0.7340053644626282,0.9728958630527818,35.86678386549718,24.35869923710313,0.13369609043108185,953.9457478005866,1724.8870967741937,0.8908497133212265,0.8891170601928833,0.4894539496154882,0.9910759823939511,0.13329815123198305,1724.8870967741937,953.9457478005866
971,402.0,73.59797974644667,0.5912458910430234,0.9617224880382775,25.22283702048967,20.341999859154818,1.1405979540904876,949.4004975124378,1868.9626865671642,0.9326187246271351,0.9633828281274042,0.48712185608642267,0.41705110821971275,0.9088830360022732,1868.9626865671642,949.4004975124378
972,578.0,96.66904755831213,0.8438045747640235,0.9218500797448166,37.48291800256297,20.11522949733801,1.0758758629580791,955.3269896193772,869.1937716262976,0.7772537446748475,0.4480380266114936,0.4901626421854167,0.47496166043359817,0.8800064892477552,869.1937716262976,955.3269896193772
973,627.0,101.9827560572969,0.8126948937551285,0.9372197309417041,38.13124225371452,22.218673051828024,0.8188265814615852,958.6251993620415,1325.792663476874,0.7575720020846544,0.6833982801427185,0.4918548996213656,0.6830786774827041,0.7303447955373406,1325.792663476874,958.6251993620415
974,768.0,107.15432893255071,0.7900809956414425,0.9660377358490566,40.23868754536664,24.666414595586357,-1.5005370674842757,957.2890625,1233.4296875,0.8405269491223335,0.6357884987113402,0.4911693496664956,0.07020146936865247,-0.9975328333937095,1233.4296875,957.2890625
975,638.0,98.81118318204308,0.7881075475855323,0.9522388059701492,36.83564039541919,22.673720379627884,0.6887476022633648,961.2711598746082,464.5391849529781,0.8211421462409554,0.23945318812009178,0.4932124986529544,0.7720426076653616,0.6355707765066521,464.5391849529781,961.2711598746082
976,235.0,55.698484809834994,0.7262704980906788,0.9670781893004116,20.89990873048723,14.366785821470675,0.662899377391924,955.9914893617022,312.2425531914894,0.9518992052626122,0.16094976968633473,0.49050358612709194,0.7882112563599784,0.6154047573324605,312.2425531914894,955.9914893617022
977,654.0,103.84062043356596,0.8714977321841165,0.956140350877193,41.41502716938592,20.30991001815248,0.14037346637190334,967.8516819571865,443.99847094801225,0.7621721293662357,0.2288651912103156,0.4965888568276996,0.990163812496856,0.13991291727960942,443.99847094801225,967.8516819571865
978,645.0,96.25483399593904,0.6620535403531148,0.9626865671641791,33.21595374736151,24.893913864851818,-0.3989765228296322,963.6868217054264,1748.1116279069768,0.874831636368801,0.901088467993287,0.4944519352003214,0.9214590723081832,-0.38847545361443675,1748.1116279069768,963.6868217054264
979,504.0,95.49747468305831,0.9077271448222187,0.9247706422018349,39.907327041383496,16.743557937698593,-0.3992917688943818,968.5734126984127,1117.265873015873,0.6944750149597525,0.5759102438226149,0.49695916505819016,0.9213365611648695,-0.3887659206526374,1117.265873015873,968.5734126984127
980,405.0,74.76955262170047,0.7337866850339413,0.9712230215827338,27.605288101395985,18.754478933223595,-1.1247632316600569,961.3061728395062,1292.8320987654322,0.910364519202612,0.666408298332697,0.4932304632321735,0.4313901331113942,-0.9021654798617234,1292.8320987654322,961.3061728395062
981,935.0,117.9827560572969,0.715943498657372,0.9511698880976602,41.56874338022129,29.02156008176154,-0.5753686093781836,969.460962566845,1888.3561497326202,0.8440815371114316,0.9733794586250619,0.4974145523688276,0.838991782809431,-0.5441440878832118,1888.3561497326202,969.460962566845
982,113.0,39.79898987322333,0.7418995957507528,0.9338842975206612,14.729496971704153,9.876289619920056,0.3062458070072246,958.4247787610619,208.34513274336283,0.8964874381699725,0.10739439832132104,0.49175206709136066,0.9534721051207218,0.30148125108646345,208.34513274336283,958.4247787610619
983,632.0,93.25483399593904,0.6905305199753313,0.9663608562691132,33.38609072816666,24.148268148235953,1.4355719677844254,965.1613924050633,1182.623417721519,0.9132385496201397,0.6095996998564531,0.495208513291464,0.13481262526019291,0.9908711097163216,1182.623417721519,965.1613924050633
984,310.0,72.0416305603426,0.8963420048039369,0.9337349397590361,30.21592916611281,13.396633884911207,1.5448755714139646,964.4516129032259,797.2483870967742,0.7505929657344932,0.41095277685400733,0.4948443370462934,0.02591785284823686,0.9996640760294115,797.2483870967742,964.4516129032259
985,428.0,75.59797974644667,0.15401970655102393,0.963963963963964,23.569510152684376,23.2882734782627,-0.209116875548988,969.7733644859813,649.9836448598131,0.9410945396339657,0.33504311590712016,0.4975748406803393,0.9782146293473963,-0.20759609565388243,649.9836448598131,969.7733644859813
986,222.0,54.284271247461895,0.5577138328647583,0.961038961038961,18.56609900454236,15.41048044189357,1.2520467997988143,967.3603603603603,1834.1036036036037,0.946705313494051,0.9454142286616514,0.4963367677580094,0.3133793217196723,0.9496280328204924,1834.1036036036037,967.3603603603603
987,585.0,89.84062043356595,0.6197782574231563,0.9605911330049262,30.85946915437989,24.2178010720158,0.6875631297274072,973.757264957265,1155.3504273504273,0.910794176558175,0.5955414573971275,0.49961891480619036,0.7727948820405124,0.6346558676101486,1155.3504273504273,973.757264957265
988,341.0,67.94112549695427,0.6958306927402488,0.9605633802816902,24.59409785491605,17.663625024497705,0.5001298864710164,972.9882697947214,547.6363636363636,0.9283222697690056,0.28228678537956886,0.499224355974716,0.8775202835965971,0.47953952066179883,547.6363636363636,972.9882697947214
989,153.0,49.21320343559643,0.8906346536364969,0.9444444444444444,20.861714687400596,9.48623053772832,-1.303882572510191,968.3006535947712,840.7581699346405,0.793849222666532,0.4333804999663095,0.49681921682646035,0.26375573731545976,-0.9645895038995491,840.7581699346405,968.3006535947712
990,132.0,44.14213562373095,0.822789866646778,0.9705882352941176,17.605885451742612,10.006229301024058,0.23081007155044972,969.9469696969697,1935.219696969697,0.8512891804007785,0.9975359262730397,0.4976639146726371,0.9734813974519395,0.22876618809391158,1935.219696969697,969.9469696969697
991,423.0,76.5269119345812,0.6287678225900388,0.9527027027027027,26.462846758784767,20.577326979758745,1.3334107230341874,973.4609929078014,110.54373522458629,0.9076571934582899,0.056981306816797056,0.4994669024668042,0.23516235461519078,0.9719561034181735,110.54373522458629,973.4609929078014
992,489.0,85.25483399593904,0.6337382048144574,0.9588235294117647,29.19630435893222,22.584731133503595,0.6210922863832131,980.239263803681,1773.1738241308794,0.8454359223605398,0.9140071258406595,0.5029447223210266,0.8132433144798217,0.5819238021028817,1773.1738241308794,980.239263803681
993,312.0,63.941125496954285,0.505022640522154,0.9629629629629629,21.48699172613508,18.545553538645233,1.5557160996652764,975.8237179487179,192.42948717948718,0.9589675356563994,0.09919045730901402,0.5006791780137085,0.015079655562208319,0.9998862955297093,192.42948717948718,975.8237179487179
994,803.0,113.01219330881975,0.7211959143671364,0.9283236994219654,39.43935268327779,27.32086833652633,0.8278735661221909,984.3125778331258,595.747198007472,0.7900867924922207,0.307086184539934,0.5050346730801056,0.6764433953563556,0.7364946251526655,595.747198007472,984.3125778331258
995,617.0,93.49747468305833,0.76059784572448,0.970125786163522,34.83743151550014,22.61727289101275,-0.59809311968876,982.645056726094,735.8508914100486,0.8869420924651268,0.379304583201056,0.504179095293019,0.8264108193334265,-0.5630676315405234,735.8508914100486,982.645056726094
996,708.0,115.49747468305833,0.9123684611820952,0.9147286821705426,47.66643329897843,19.513207458450506,1.2976166849063948,980.9053672316384,1255.7627118644068,0.6669574752470635,0.6473003669404159,0.5032864890875518,0.26979452949556404,0.9629179154290708,1255.7627118644068,980.9053672316384
997,881.0,137.74011537017762,0.945687865361705,0.9263932702418507,60.19696707913128,19.568594411836045,-1.4167553811675275,980.9648127128263,236.03745743473326,0.5835322828793181,0.12166879249213054,0.5033169895909833,0.15343247165933602,-0.9881591352816139,236.03745743473326,980.9648127128263
998,569.0,97.49747468305833,0.7090439423469027,0.8946540880503144,33.62986130870557,23.71457755702656,-0.009189174319174634,985.9314586994727,569.8769771528998,0.7522035805391478,0.2937510191509793,0.5058652943558095,0.9999577798347596,-0.009189044995991236,569.8769771528998,985.9314586994727
999,916.0,124.22539674441617,0.8150374515124621,0.9290060851926978,46.42928919894226,26.901514504210088,1.019907274612546,985.7827510917031,1703.0862445414848,0.7459067766699999,0.8778795074956107,0.505788994916215,0.5234449610480747,0.8520594889756111,1703.0862445414848,985.7827510917031
1000,523.0,86.42640687119285,0.7147890943950906,0.9561243144424132,30.932340050678583,21.632225232847123,0.8478340516392568,986.2103250478011,519.604206500956,0.8798702572184425,0.2678372198458536,0.5060083761148287,0.661608831075118,0.7498491545927193,519.604206500956,986.2103250478011
1001,562.0,103.01219330881976,0.9284435386823963,0.922824302134647,44.59083147755415,16.564314294123104,-1.4212666029011922,982.1761565836299,811.5106761565836,0.6655319529432168,0.41830447224566164,0.5039385103045818,0.14897312055334974,-0.9888412457784096,811.5106761565836,982.1761565836299
1002,506.0,82.18376618407356,0.4476978194347674,0.9674952198852772,26.868483237686064,24.025392403972432,0.194508146298695,988.3833992094861,493.7845849802371,0.9414305814158875,0.2545281365877511,0.507123344899685,0.98114285566559,0.19328397961644728,493.7845849802371,988.3833992094861
1003,389.0,71.59797974644667,0.6227540822497568,0.9773869346733668,25.259984747662998,19.76385748576069,0.8964327952008811,984.8688946015424,1316.0642673521852,0.9535817461587129,0.6783836429650439,0.505320110108539,0.624400294882062,0.7811045203755986,1316.0642673521852,984.8688946015424
1004,533.0,85.84062043356595,0.642202203379023,0.9655797101449275,29.823628709642186,22.860863476381425,0.9015837470094815,987.204502814259,1665.7542213883678,0.9089738245996837,0.8586361965919421,0.5065184724547249,0.6203685975608503,0.7843103997527916,1665.7542213883678,987.204502814259
1005,531.0,92.32590180780453,0.8507908557858042,0.9332161687170475,36.51401937185349,19.188279415119805,-1.0003730036384972,990.0922787193973,75.64971751412429,0.7828116284108214,0.038994699749548604,0.5080001430063609,0.5399883965498021,-0.8416724609915508,75.64971751412429,990.0922787193973
1006,1026.0,143.39696961967,0.9224574536468154,0.911190053285968,59.749911324159044,23.0693661878283,1.4445059953447064,987.7046783625731,306.55750487329436,0.627014057424508,0.1580193324089146,0.5067751043420078,0.12595489309588384,0.9920359695621951,306.55750487329436,987.7046783625731
1007,1010.0,120.22539674441617,0.5583709305820134,0.9683604985618408,39.71706056087432,32.94893218402387,1.2979365984198759,993.7118811881188,1136.7108910891088,0.8780895322958178,0.5859334490150045,0.5098573017896967,0.2694864652412858,0.9630041770686965,1136.7108910891088,993.7118811881188
1008,381.0,71.698484809835,0.5502757780718356,0.9596977329974811,24.160288611350456,20.173429654729347,-1.0747866877161028,987.9317585301837,624.8188976377953,0.9313542139521931,0.32207159672051305,0.5068916154593042,0.4759198598008331,-0.8794886508916163,624.8188976377953,987.9317585301837
1009,503.0,85.84062043356593,0.7498864361679716,0.9544592030360531,31.373429920118664,20.755612571001333,-0.38365268744924846,993.5069582504971,885.0616302186879,0.8578120708698708,0.45621733516427215,0.509752159184452,0.9273035868727749,-0.37431010909790563,885.0616302186879,993.5069582504971
1010,658.0,100.98275605729691,0.7238067569466218,0.9413447782546495,35.001539931599474,24.151158390847737,-0.7187565436670026,993.726443768997,172.96352583586625,0.8108514893654222,0.0891564566164259,0.5098647736115941,0.7526250637610601,-0.6584493248524598,172.96352583586625,993.726443768997
1011,580.0,90.08326112068522,0.5641558222114599,0.9602649006622517,30.03795194231349,24.80138592787926,-1.262704025781458,991.5103448275862,703.6793103448276,0.898151620997228,0.3627212939921792,0.508727729516463,0.30324131665713605,-0.95291379666371,703.6793103448276,991.5103448275862
1012,167.0,45.21320343559643,0.41845851388346217,0.9653179190751445,15.293677638090033,13.890267260091342,0.2786805024748012,987.0179640718563,1378.6467065868264,1.026587041375761,0.7106426322612508,0.5064227624791464,0.9614192521652504,0.2750872980819192,1378.6467065868264,987.0179640718563
1013,236.0,56.87005768508881,0.6717941441633566,0.9554655870445344,20.20637078545925,14.967624544554097,-1.3256162771750282,987.542372881356,151.25,0.9169687376363183,0.0779639175257732,0.5066918280561088,0.24273099371263065,-0.9700936370739058,151.25,987.542372881356
1014,98.0,43.79898987322333,0.30319654125136747,0.8235294117647058,12.020170305698707,11.454357380047375,-0.4348331544527967,987.1224489795918,1543.1734693877552,0.6419596780227763,0.7954502419524512,0.5064763719751626,0.906940340125555,-0.4212590882734077,1543.1734693877552,987.1224489795918
1015,366.0,78.18376618407356,0.8291671622123705,0.9265822784810127,29.304112408076993,16.38102025349347,-0.3478220277735391,995.1994535519126,106.89890710382514,0.7524155726084282,0.05510252943496141,0.5106205508219152,0.9401173061721483,-0.34085106811571403,106.89890710382514,995.1994535519126
1016,651.0,97.7401153701776,0.7906664814312978,0.96875,36.92899180743644,22.609668251089907,-0.4634979680876793,1000.9047619047619,645.8033794162826,0.8563378849959679,0.3328883399053003,0.5135478511568814,0.8944941024362725,-0.44707974759177727,645.8033794162826,1000.9047619047619
1017,569.0,103.15432893255071,0.8668630609557689,0.8946540880503144,39.66342588074883,19.774055025953583,1.0960111672480806,995.8629173989456,1596.6432337434094,0.6719658683562649,0.8230119761563965,0.5109609632626709,0.45714738057454574,0.8893909558983785,1596.6432337434094,995.8629173989456
1018,1041.0,132.5685424949238,0.4487964227307622,0.9123575810692375,39.73057628204225,35.5045948053015,0.7822336501588638,1000.0557156580211,1840.519692603266,0.7443541781992045,0.9487214910326114,0.5131122194243309,0.709340885690394,0.7048655956194538,1840.519692603266,1000.0557156580211
1019,377.0,74.87005768508881,0.7162334653058975,0.9641943734015346,26.56811208767163,18.54084256639432,0.2808975139903324,997.1909814323608,1931.2148541114059,0.8451521074506321,0.9954715742842298,0.5116423711813036,0.9608070182030545,0.2772180978431158,1931.2148541114059,997.1909814323608
1020,538.0,87.59797974644665,0.5761800683462622,0.9590017825311943,29.11906993067589,23.79967922476115,0.8257398256062176,998.5483271375465,544.6635687732341,0.8810569050414634,0.2807544168934197,0.512338803046458,0.6780133427137875,0.7350495949948385,544.6635687732341,998.5483271375465
1021,354.0,76.87005768508881,0.8832279352137079,0.9365079365079365,31.2496699501732,14.654343203376312,-0.25122724313865313,999.4830508474577,779.0141242937854,0.7528331113147163,0.4015536723163842,0.5128183944830466,0.9686080673235218,-0.24859286376682643,779.0141242937854,999.4830508474577
1022,917.0,115.08326112068524,0.6218738491315765,0.9552083333333333,38.82181267395316,30.402038332672486,0.10198108122858524,1006.4198473282443,675.1504907306434,0.8700713727509104,0.34801571687146565,0.5163775512202382,0.9948044347624454,0.10180440352446188,675.1504907306434,1006.4198473282443
1023,413.0,73.35533905932738,0.44968854006634335,0.971764705882353,24.34863470548002,21.747845821599714,-1.2919242959762027,998.9975786924939,1169.0581113801452,0.9644871771190284,0.6026072739072913,0.512569306666236,0.27527143207241883,-0.9613665475170227,1169.0581113801452,998.9975786924939
1024,286.0,64.38477631085024,0.8544629975361537,0.9761092150170648,26.600987631280393,13.819539139865222,-0.04045521143995788,1000.5104895104895,1362.062937062937,0.8669808698887876,0.7020942974551222,0.5133455564445816,0.9991817995333587,-0.04044417734704069,1362.062937062937,1000.5104895104895
1025,202.0,50.62741699796952,0.6710833877882162,0.9711538461538461,18.623978259485295,13.807479947802648,0.6028779174482505,998.3069306930693,443.01485148514854,0.9903522505093063,0.22835817086863328,0.5122149464818211,0.8237072048454782,0.5670153795847599,443.01485148514854,998.3069306930693
1026,454.0,91.01219330881976,0.9157728543884212,0.9380165289256198,38.23776230780279,15.35997533699579,-1.3214693435719382,999.1057268722467,829.0594713656387,0.6887578405232927,0.4273502429719787,0.5126247957271661,0.24675180895745022,-0.9690787092781608,829.0594713656387,999.1057268722467
1027,831.0,108.8111831820431,0.6957161370828046,0.969661610268378,38.52648858986806,27.674224842252375,1.1908773249968985,1004.5379061371841,1569.0385078219012,0.8819903274425478,0.8087827359906707,0.515411957997529,0.37084524803056995,0.9286946764212365,1569.0385078219012,1004.5379061371841
1028,450.0,95.59797974644665,0.9131117190988673,0.847457627118644,39.5649286028554,16.130994931821792,1.5332870700524033,1000.8,129.08444444444444,0.618763872458396,0.06653837342497136,0.5134940995382247,0.03750046178846284,0.999296610304294,129.08444444444444,1000.8
1029,353.0,69.94112549695429,0.6502265693482325,0.9592391304347826,24.467202000641876,18.588720757947325,0.39732055795991394,1006.5467422096317,90.03399433427762,0.9068163375974944,0.04640927543004001,0.5164426589069429,0.9221011102968056,0.3869490178168156,90.03399433427762,1006.5467422096317
1030,705.0,105.01219330881976,0.8513686590009142,0.9578804347826086,41.99252579172485,22.027928058740695,1.4681471690806367,1005.7929078014184,1647.5375886524823,0.8033772371938126,0.8492461797177744,0.5160558788103737,0.10246898620674813,0.9947361996357432,1647.5375886524823,1005.7929078014184
1031,202.0,66.66904755831214,0.953354804090833,0.8451882845188284,30.179869328896597,9.109853297421928,-0.7805212074223846,1005.480198019802,1881.509900990099,0.5711007518239544,0.969850464427886,0.5158954325396624,0.7105468870131957,-0.7036498570708708,1881.509900990099,1005.480198019802
1032,318.0,71.01219330881975,0.8924154991298154,0.9636363636363636,30.01787342279928,13.544501473990534,-0.920387620125779,1008.4905660377359,183.4937106918239,0.7924486515466662,0.0945843869545484,0.5174400030978634,0.6055117199391116,-0.7958363883464861,183.4937106918239,1008.4905660377359
1033,509.0,93.01219330881975,0.8914171868105133,0.9549718574108818,38.161059203281134,17.29396718950421,1.2681533666253226,1008.4047151277014,1216.819253438114,0.7393462514084777,0.6272264192979968,0.5173959544010782,0.29804408787216097,0.954552105274747,1216.819253438114,1008.4047151277014
1034,642.0,94.42640687119284,0.3485984589282406,0.9582089552238806,29.62045701850259,27.762429927781113,-0.5896900220460835,1015.1448598130842,565.5404984423676,0.9048111916878641,0.2915157208465812,0.5208542123207205,0.8311130988279025,-0.5561034228960304,565.5404984423676,1015.1448598130842
1035,292.0,62.2842712474619,0.6482965884762859,0.9605263157894737,22.149911688139362,16.86467473237906,1.2111888761023815,1010.6883561643835,846.4349315068494,0.9458797778584516,0.43630666572518007,0.5185676532398068,0.3519068204926719,0.9360350365722099,846.4349315068494,1010.6883561643835
1036,436.0,76.08326112068524,0.38448008434138903,0.9732142857142857,24.61940571105162,22.72699290706072,-1.1703534836715654,1014.3279816513761,1892.6467889908256,0.9464945437172175,0.9755911283457864,0.5204350855060934,0.3898261896382604,-0.9208884524588823,1892.6467889908256,1014.3279816513761
1037,652.0,101.25483399593904,0.7519728991757435,0.9462989840348331,36.26871410852871,23.908119533250797,-1.3782589261723934,1016.8558282208589,35.91717791411043,0.7991456278862223,0.018514009234077543,0.5217320822067003,0.1913500224857771,-0.9815218636865368,35.91717791411043,1016.8558282208589
1038,1051.0,133.88225099390854,0.7703896354450462,0.9219298245614035,47.07151389723627,30.011544022055684,-0.9725829721861464,1022.3929590865843,370.9714557564225,0.7368287596674509,0.19122239987444456,0.5245730934256461,0.5631669909090501,-0.8263431129684847,370.9714557564225,1022.3929590865843
1039,281.0,70.87005768508882,0.9047759696747651,0.8836477987421384,29.670217028839428,12.636184379376296,0.11191283334840886,1019.1067615658363,792.4128113879003,0.7030571210129155,0.4084602120556187,0.522886999264154,0.9937442920819355,0.11167937121318762,792.4128113879003,1019.1067615658363
1040,284.0,73.4558441227157,0.9257368841694835,0.9281045751633987,31.49451829779409,11.910226701878162,-0.11609461337801805,1019.4366197183099,400.306338028169,0.6614172182222359,0.2063434732103964,0.5230562440832786,0.9932685859470487,-0.11583400265358339,400.306338028169,1019.4366197183099
1041,1007.0,132.22539674441617,0.7237550680611436,0.8975044563279857,45.030949002070265,31.073919559306923,0.6551340715717179,1031.2293942403178,168.97815292949355,0.7237849976599537,0.08710214068530595,0.5291069236738418,0.7929662500371324,0.609265563036389,168.97815292949355,1031.2293942403178
1042,868.0,113.39696961966999,0.7437779186705387,0.9612403100775194,41.029654117567304,27.425321043444384,0.6039754512001104,1025.581797235023,272.4527649769585,0.8482555144364303,0.14043956957575182,0.5262092340867229,0.8230843903427978,0.5679190843544746,272.4527649769585,1025.581797235023
1043,177.0,50.72792206135786,0.6619969194797322,0.946524064171123,17.783087875951594,13.328540962146025,0.7276424980353362,1017.1016949152543,5.807909604519774,0.8643487027576955,0.002993767837381327,0.5218582323834039,0.7467444765933157,0.6651110333450913,5.807909604519774,1017.1016949152543
1044,707.0,108.22539674441619,0.8772824357854174,0.9528301886792453,43.567090567978326,20.911092839142295,-0.6860349119658686,1027.1852899575672,813.3338048090524,0.7585267562352377,0.4192442292830167,0.527031959957705,0.7737638716207914,-0.6334741281018534,813.3338048090524,1027.1852899575672
1045,1403.0,145.29646455628165,0.6815857915411928,0.9669193659545141,49.91037522358112,36.52132865364978,0.553803849393773,1029.1674982181041,1307.3848895224519,0.8351364540722332,0.6739097368672432,0.5280489985726547,0.8505301356588935,0.5259263145499228,1307.3848895224519,1029.1674982181041
1046,459.0,79.59797974644667,0.5379886196421789,0.9602510460251046,26.712181853562942,22.517089824551604,1.2329549307371324,1021.9956427015251,297.3529411764706,0.9103710931858788,0.15327471194663433,0.5243692368914957,0.3314512828305543,0.9434723351057941,297.3529411764706,1021.9956427015251
1047,564.0,91.49747468305831,0.7109294545215714,0.9559322033898305,32.3888918367266,22.777919913621176,0.9950992481123013,1023.7251773049645,483.3031914893617,0.8465853571179582,0.24912535643781533,0.5252566327885914,0.5444196415711433,0.8388130029223128,483.3031914893617,1023.7251773049645
1048,510.0,90.66904755831213,0.8730069662159341,0.9532710280373832,36.68806980687975,17.893055508264514,-1.083757518932475,1025.035294117647,330.33725490196076,0.7795822329637347,0.17027693551647463,0.5259288322820149,0.468011071488481,-0.8837226018181293,330.33725490196076,1025.035294117647
1049,383.0,75.01219330881976,0.8414371215905526,0.9671717171717171,30.065756757244184,16.246183227351413,0.8069128529493108,1024.5535248041776,535.4856396866841,0.8553520679718064,0.2760235256116928,0.5256816443325694,0.6917311247924578,0.7221551432991121,535.4856396866841,1024.5535248041776
1050,561.0,87.01219330881976,0.1580309141380783,0.9639175257731959,26.97765713504347,26.6386603463531,0.27970821777676746,1026.5311942959001,1680.2513368983957,0.9311346608068787,0.8661089365455648,0.5266963541795281,0.961136033064544,0.27607521791162587,1680.2513368983957,1026.5311942959001
1051,257.0,62.04163056034261,0.7592197819158755,0.9448529411764706,22.767872479607842,14.818112989530118,-1.3113246322528527,1021.3307392996109,1021.7315175097276,0.8390282442740314,0.5266657306751173,0.5240280858386921,0.25656996693949635,-0.9665256603239594,1021.7315175097276,1021.3307392996109
1052,280.0,63.941125496954285,0.8090772015125339,0.9459459459459459,24.71735760667462,14.526449777830985,-0.9567061339136369,1024.4285714285713,229.275,0.8606118909736917,0.11818298969072165,0.5256175328007036,0.5762151773031244,-0.817298029757523,229.275,1024.4285714285713
1053,430.0,86.08326112068524,0.8946763344491401,0.9368191721132898,35.48426418996858,15.851351701496943,-0.9325282479723198,1028.7790697674418,206.3674418604651,0.7291903242438751,0.10637497003116758,0.5278497022921713,0.5958053797686129,-0.803128849835927,206.3674418604651,1028.7790697674418
1054,174.0,47.21320343559642,0.6017632769174945,0.9508196721311475,16.65963601457791,13.305626480846382,-1.1834979282006615,1023.5402298850574,707.2471264367816,0.9809168059419834,0.3645603744519493,0.5251617392945395,0.3776882951161376,-0.9259328008728632,707.2471264367816,1023.5402298850574
1055,263.0,60.62741699796952,0.4774030370751109,0.9392857142857143,19.77566578934287,17.376569764521346,1.2676344983836434,1025.1102661596958,1004.5019011406844,0.8991403365061954,0.517784485124064,0.5259672992096951,0.2985393345020448,0.9543973311755833,1004.5019011406844,1025.1102661596958
1056,716.0,111.7401153701776,0.8793288794697993,0.927461139896373,44.62148547385744,21.249420494359747,1.3196203185725568,1029.6438547486034,966.0153631284916,0.7206172524958898,0.4979460634682946,0.5282934093117514,0.2485432368872982,0.9686208026867812,966.0153631284916,1029.6438547486034
1057,469.0,80.18376618407358,0.6222017393880018,0.9630390143737166,27.650906394503313,21.646704091785175,1.488986133135887,1029.6311300639659,1168.818763326226,0.9166632172135616,0.602483898621766,0.5282868804843335,0.08171896617952422,0.9966554121493295,1168.818763326226,1029.6311300639659
1058,1026.0,122.32590180780453,0.6748408414464292,0.9651928504233303,42.34102202651079,31.24612052850604,1.3841584021399351,1034.6803118908383,1219.0974658869395,0.8616291286791401,0.6284007556118245,0.5308775330378852,0.18555626158176589,0.9826336416934845,1219.0974658869395,1034.6803118908383
1059,698.0,109.84062043356596,0.8957518862214643,0.9381720430107527,45.136846831319765,20.065781006462238,1.5290318085022994,1030.458452722063,1070.9283667621776,0.727008237865716,0.5520249313207101,0.5287113661991087,0.04175237788401409,0.9991279892691579,1070.9283667621776,1030.458452722063
1060,262.0,67.11269837220809,0.8575540748904188,0.888135593220339,26.72100434697207,13.745119671300504,-1.4040490412730577,1027.1145038167938,1766.3435114503816,0.7309737040944089,0.9104863461084441,0.5269956407474571,0.1659756338925807,-0.9861298540019747,1766.3435114503816,1027.1145038167938
1061,668.0,97.84062043356595,0.5268626300397277,0.9597701149425287,32.340376404780244,27.487717509088387,1.4598036498064468,1035.0778443113772,625.5898203592815,0.8768956798481997,0.32246897956663995,0.5310815004163044,0.11076492393291748,0.9938466338556141,625.5898203592815,1035.0778443113772
1062,500.0,91.01219330881975,0.7922283774711866,0.9208103130755064,33.21885660248966,20.27096717039494,0.65015035257876,1035.704,1148.21,0.7585438772282963,0.5918608247422681,0.5314027706516162,0.7959927982145713,0.6053060921472184,1148.21,1035.704
1063,271.0,62.970562748477136,0.7307949171787131,0.9609929078014184,22.70195768901222,15.49629028491199,0.5650053693177673,1033.339483394834,7.498154981549815,0.8588236708834137,0.003865028341005059,0.5301895758824187,0.8445857255935248,0.5354203508680437,7.498154981549815,1033.339483394834
1064,365.0,75.01219330881976,0.778204063531991,0.9311224489795918,27.49839137911629,17.269305828648402,0.5217346841860122,1036.682191780822,672.9287671232877,0.8151527540723483,0.3468704985171586,0.5319046648439313,0.8669559443027648,0.49838478170797046,672.9287671232877,1036.682191780822
1065,997.0,116.08326112068524,0.5382982388505396,0.9755381604696673,38.904800818123014,32.78719270145016,1.501681811228437,1042.1574724172517,1911.3640922768304,0.9297492183378706,0.9852392228231085,0.5347139417225509,0.06905950415009217,0.9976125424665346,1911.3640922768304,1042.1574724172517
1066,563.0,111.35533905932738,0.9555373514570767,0.9321192052980133,50.11470647881301,14.777328009203206,1.4197529470914907,1036.8525754884547,896.0603907637656,0.5705532317259231,0.4618867993627658,0.5319920859355848,0.15046971461820027,0.9886146190415744,896.0603907637656,1036.8525754884547
1067,571.0,100.32590180780451,0.8705685522295822,0.9209677419354839,39.08304289934221,19.23069979433722,-1.0624642466382688,1042.0385288966725,1023.3134851138353,0.7128855764182073,0.5274811778937295,0.5346529137489341,0.4867209006315446,-0.873557533816988,1023.3134851138353,1042.0385288966725
1068,1280.0,133.29646455628165,0.46034942037009663,0.9763539282990084,43.10585386051957,38.26669610672288,-0.3075164061285209,1050.16328125,1345.24921875,0.9052792631051139,0.6934274323453608,0.5388215912006157,0.9530882737579461,-0.30269248822046824,1345.24921875,1050.16328125
1069,826.0,118.5685424949238,0.8148497339329355,0.9429223744292238,43.76527594853305,25.369515742730325,1.1662846412558892,1044.5096852300242,1640.4019370460048,0.7383307370563613,0.8455680087866004,0.535920823617252,0.3935699024198627,0.9192946926362731,1640.4019370460048,1044.5096852300242
1070,630.0,91.84062043356595,0.43253361201864693,0.973724884080371,29.928707342957654,26.984255556828163,0.05532710964200335,1044.525396825397,1820.104761904762,0.9386005309623096,0.9381983308787433,0.5359288849796803,0.9984698458572553,0.05529888709358296,1820.104761904762,1044.525396825397
1071,644.0,95.25483399593904,0.6237031917463149,0.9669669669669669,32.697788921444904,25.558594954912866,0.6245796454314984,1046.6475155279504,470.55434782608694,0.8919113331942075,0.24255378753922008,0.5370177093524631,0.8112089961619086,0.5847563292055835,470.55434782608694,1046.6475155279504
1072,144.0,43.45584412271571,0.7557096724357888,0.96,16.78072831558956,10.989812753585229,-0.7820587061108148,1040.2569444444443,125.90972222222223,0.9582437056935951,0.06490191867124857,0.533738811926344,0.7094641868755552,-0.7047414898677438,125.90972222222223,1040.2569444444443
1073,532.0,91.84062043356595,0.7812857364929249,0.9382716049382716,33.131720093504896,20.679942749433263,-0.9009865124177595,1047.4906015037593,992.4492481203008,0.7925960039237281,0.5115717773815983,0.5374502829675523,0.6208369041950105,-0.7839397543112323,992.4492481203008,1047.4906015037593
1074,816.0,105.49747468305833,0.6476462554179263,0.9760765550239234,36.95419497518089,28.156922102374455,0.44465254031577534,1053.9154411764705,1484.751225490196,0.921331447129853,0.7653356832423691,0.5407467630459059,0.9027601776669896,0.43014423350623376,1484.751225490196,1053.9154411764705
1075,533.0,91.49747468305833,0.8560658639428566,0.9638336347197106,36.440175929178025,18.834715278543122,-0.6786707690488902,1053.0,859.1801125703565,0.8000531832338149,0.44287634668575077,0.5402770651616213,0.7784078427251777,-0.627758895105386,859.1801125703565,1053.0
1076,461.0,78.18376618407356,0.46893665184767797,0.9664570230607966,25.825864075029514,22.81022447235517,1.2562287717302132,1051.295010845987,69.85032537960954,0.9477146966461351,0.036005322360623475,0.539402263132882,0.3094052751926642,0.9509302685701785,69.85032537960954,1051.295010845987
1077,755.0,104.91168824543142,0.7047693557337867,0.949685534591195,37.04634913599692,26.282032469507538,1.3837243743321699,1056.7509933774834,801.8039735099338,0.8620035692617039,0.41330101727316176,0.5422016384697196,0.1859827344161593,0.9825530125642526,801.8039735099338,1056.7509933774834
1078,853.0,120.5685424949238,0.8569403495194682,0.9404630650496141,46.43258588759943,23.93207896355554,1.530828058781026,1056.5076201641266,219.84759671746775,0.7373791838175259,0.11332350346261225,0.542076767657325,0.039957627562581526,0.9992013750989187,219.84759671746775,1056.5076201641266
1079,334.0,71.97665940288702,0.6594078083745044,0.9329608938547486,24.31580419452738,18.28026746572314,-0.07156585150733534,1054.3233532934132,386.47005988023955,0.8101640320985092,0.19921137107228842,0.5409560560766615,0.9974402572422225,-0.0715047776905081,386.47005988023955,1054.3233532934132
1080,490.0,96.18376618407356,0.883414979416542,0.8718861209964412,38.14154359492066,17.872802322495215,-0.059755934084836274,1060.4102040816326,966.3918367346939,0.6655832550833677,0.49814012202819274,0.5440791195903708,0.9982151453746871,-0.05972037796759404,966.3918367346939,1060.4102040816326
1081,194.0,54.62741699796952,0.8538027628535478,0.9326923076923077,21.804395598401683,11.351294678742617,-1.5618574035146624,1052.1494845360826,421.8814432989691,0.8169401904985434,0.21746466149431395,0.5398406795977848,0.008938804237568298,-0.9999600480913237,421.8814432989691,1052.1494845360826
1082,84.0,39.55634918610404,0.937354068368987,0.8936170212765957,17.92832639153403,6.245837569796724,0.11984867561396112,1055.142857142857,1760.0,0.6746161691083228,0.9072164948453608,0.5413765300886901,0.9928267398628694,0.11956196976156896,1760.0,1055.142857142857
1083,561.0,88.08326112068524,0.5277798897282056,0.9672413793103448,29.21412424146515,24.813927304721815,-1.3472341549872455,1060.0196078431372,1230.549019607843,0.9086276633195057,0.6343036183545583,0.5438787110534311,0.22170454554637517,-0.9751138879556969,1230.549019607843,1060.0196078431372
1084,473.0,81.01219330881976,0.7416921857328438,0.971252566735113,30.01446973830294,20.13191782805348,-1.1338642630928957,1059.2875264270613,318.25792811839324,0.9056705045686979,0.1640504784115429,0.5435030920610884,0.42316174443281834,-0.9060541584522275,318.25792811839324,1059.2875264270613
1085,279.0,61.941125496954285,0.7487576196078538,0.9587628865979382,23.16786519997667,15.356677971993859,-0.9484200714016311,1057.888888888889,697.921146953405,0.9138099498385436,0.359753168532683,0.5427854740322673,0.5829675013565416,-0.8124954722102213,697.921146953405,1057.888888888889
1086,695.0,103.9827560572969,0.8472854097606345,0.9639389736477115,41.01610917015513,21.785208762196934,-1.0498489981200423,1061.9079136690648,1067.9338129496402,0.8077408000276023,0.5504813468812578,0.5448475698661184,0.4977020247563129,-0.8673480815413536,1067.9338129496402,1061.9079136690648
1087,483.0,96.81118318204308,0.8940408512250416,0.902803738317757,38.3580597888261,17.183852372906756,0.6874511294689514,1065.2836438923396,23.302277432712216,0.6475986562968603,0.012011483212738256,0.5465796017918623,0.7728659588145748,0.6345693104032277,23.302277432712216,1065.2836438923396
1088,268.0,70.42640687119285,0.9212835876601397,0.9337979094076655,30.203439539909482,11.745859056903866,0.7366292843320204,1063.0858208955224,46.18283582089552,0.679005973891562,0.02380558547468841,0.5454519347847729,0.7407371921201177,0.6717949182674754,46.18283582089552,1063.0858208955224
1089,556.0,89.01219330881976,0.7480689073056999,0.9407783417935702,33.052880779060736,21.93458774495789,-1.2856459433261567,1061.570143884892,497.4982014388489,0.8818315863263351,0.2564423718756953,0.5446742657182617,0.2813017653636791,-0.9596193603733084,497.4982014388489,1061.570143884892
1090,555.0,89.25483399593904,0.7631795264279375,0.9635416666666666,33.153641490775755,21.423436010190372,-1.148883977951263,1063.3765765765766,1779.1837837837838,0.8754661404707225,0.9171050431875174,0.5456011167658166,0.40950585096872927,-0.9123074909384319,1779.1837837837838,1063.3765765765766
1091,325.0,71.698484809835,0.8698585394529551,0.9587020648967551,29.080778002934302,14.345584083498142,0.046862703074045865,1066.9138461538462,5.972307692307692,0.7944622559959652,0.003078509119746233,0.5474160318901212,0.9989021444702553,0.04684555232597044,5.972307692307692,1066.9138461538462
1092,359.0,71.11269837220809,0.4671210887893367,0.9522546419098143,22.871794902221282,20.223089061475306,0.7825888620221556,1063.1281337047353,371.50974930362116,0.8920927216220491,0.19149987077506245,0.5454736447946308,0.7090904643233603,0.7051175174434976,371.50974930362116,1063.1281337047353
1093,264.0,59.94112549695428,0.7613293374375238,0.967032967032967,22.78475093003219,14.772843237661904,0.8691817074861043,1062.3674242424242,635.7348484848485,0.9233450053013957,0.32769837550765385,0.5450833372203305,0.6454517759287565,0.763801024449702,635.7348484848485,1062.3674242424242
1094,548.0,89.74011537017762,0.780051880944306,0.9614035087719298,33.700866203829854,21.087132159501518,-0.8598281402687771,1066.7755474452554,1118.2773722627737,0.8551005296780475,0.5764316351869968,0.5473450730863291,0.6525677011474587,-0.7577304239761797,1118.2773722627737,1066.7755474452554
1095,388.0,87.7401153701776,0.9426658103117792,0.9304556354916067,38.782508925272246,12.94320378648579,-0.9620848489882824,1069.1520618556701,1359.1932989690722,0.6333520598800081,0.7006151025613774,0.5485644237330273,0.5718108501681386,-0.8203854896510485,1359.1932989690722,1069.1520618556701
1096,835.0,109.49747468305833,0.5175566822757879,0.9575688073394495,35.57589805347048,30.440478879169298,1.4145995042869417,1071.6910179640718,1650.2550898203592,0.8751613569779887,0.8506469535156491,0.5498671205562194,0.1555624628812123,0.9878260576348102,1650.2550898203592,1071.6910179640718
1097,612.0,106.08326112068524,0.8912374115027083,0.9147982062780269,42.792949694665666,19.408189137880743,1.2967516909620758,1068.5212418300653,269.0,0.6833883362907907,0.138659793814433,0.5482407603027528,0.2706273466253332,0.9626841845893864,269.0,1068.5212418300653
1098,662.0,97.35533905932738,0.6407047557603953,0.9622093023255814,33.283551192210616,25.554689592862534,-0.6583514124785786,1073.679758308157,985.0725075528701,0.8777044620146498,0.5077693337901392,0.5508875106763248,0.7910019342945243,-0.6118136480516931,985.0725075528701,1073.679758308157
1099,188.0,50.627416997969526,0.7446028498916728,0.9447236180904522,18.951524986637438,12.65028979754928,-0.595140120107563,1067.962765957447,736.2553191489362,0.9217139757215324,0.37951305110769906,0.5479542154732924,0.8280699521630901,-0.5606247892526852,736.2553191489362,1067.962765957447
1100,379.0,75.59797974644667,0.8301347674397943,0.9643765903307888,29.662655873908836,16.53879325019689,-0.7299525983799062,1073.796833773087,334.12664907651714,0.8333524077599836,0.1722302314827408,0.5509475801811632,0.7452060122087778,-0.6668343117805883,334.12664907651714,1073.796833773087
1101,720.0,113.01219330881975,0.9179031207836283,0.9625668449197861,48.2335356208518,19.13928700197892,-1.5546711841445158,1069.8708333333334,1561.5472222222222,0.7084215324961382,0.8049212485681558,0.5489332136138191,0.01612444384892802,-0.999869992704333,1561.5472222222222,1069.8708333333334
1102,378.0,73.4558441227157,0.6744636896931795,0.949748743718593,25.712813754713423,18.983976592527487,0.0937800821655037,1073.111111111111,1698.1084656084656,0.880337001718328,0.8753136420662194,0.5505957471067784,0.9956058699338465,0.09364268125843453,1698.1084656084656,1073.111111111111
1103,452.0,86.0477272147525,0.6524178188301389,0.9224489795918367,28.05550822498214,21.26213284207417,-1.2982013442086,1071.5619469026549,1868.8429203539822,0.7671309262290077,0.9633210929659702,0.54980089630716,0.26923150449966343,-0.9630754887260125,1868.8429203539822,1071.5619469026549
1104,250.0,57.21320343559643,0.4890677008214242,0.9615384615384616,19.153991062294903,16.7069887886934,-0.6226948765461661,1070.684,1847.904,0.9597482799836016,0.9525278350515464,0.5493504361210877,0.8123096851939364,-0.5832263500049769,1847.904,1070.684
1105,872.0,115.15432893255071,0.8150140945991275,0.9614112458654906,43.938055702161094,25.459516739676562,0.20466075456569335,1083.809633027523,190.35206422018348,0.8263533867535656,0.09811962073205334,0.5560849835954453,0.9791299874089302,0.20323500622822882,190.35206422018348,1083.809633027523
1106,824.0,108.08326112068524,0.6750381188708747,0.9682726204465335,37.866714565917576,27.93741270336803,0.4257521634026364,1080.3871359223301,909.9441747572815,0.8863805056649531,0.46904338905014514,0.55432895634804,0.9107283426711316,0.4130059150369325,909.9441747572815,1080.3871359223301
1107,155.0,44.384776310850235,0.7058640415454818,0.9748427672955975,16.737645390985893,11.856066599641743,0.8370137557559032,1071.2387096774194,618.7161290322581,0.9887203915995304,0.31892583970734956,0.5496350485774343,0.6696835326679315,0.7426465956788597,618.7161290322581,1071.2387096774194
1108,330.0,73.2842712474619,0.8175247955060855,0.9375,27.303056992606137,15.723650335357945,-1.528335252195869,1073.9,792.0666666666667,0.7721510331842136,0.4082817869415808,0.5510005130836326,0.04244831660066048,-0.9990986640055977,792.0666666666667,1073.9
1109,750.0,108.5685424949238,0.6665039003182075,0.9146341463414634,36.50091959011799,27.21149188135546,-1.1414447648789452,1080.884,1793.176,0.7995821904510563,0.9243175257731958,0.5545838891739353,0.41628130682009445,-0.9092358734630714,1793.176,1080.884
1110,478.0,85.45584412271572,0.839234928998151,0.9775051124744376,33.71784851186613,18.33472103372438,-0.10439388676902873,1080.3661087866108,1922.1610878661088,0.822534691101473,0.9908046844670664,0.5543181676688613,0.9945559050813595,-0.10420437451373088,1922.1610878661088,1080.3661087866108
1111,351.0,67.11269837220809,0.34826365183089847,0.9722991689750693,21.838549407205416,20.471382465551677,1.4902272997632815,1075.5071225071224,1426.6809116809118,0.9792815654089218,0.7354025317942844,0.5518251013376718,0.08048188811674999,0.9967560713058953,1426.6809116809118,1075.5071225071224
1112,244.0,59.21320343559643,0.8294768694112689,0.9568627450980393,23.598871946562507,13.180939108287303,-1.5195364831850202,1074.094262295082,678.7827868852459,0.8745055624744099,0.34988803447693084,0.5511001858876767,0.05123739840763252,-0.9986865018635315,678.7827868852459,1074.094262295082
1113,344.0,68.18376618407356,0.6269455481425183,0.9745042492917847,23.85753868342131,18.58652752268224,-0.8042052932185088,1080.8052325581396,1884.8459302325582,0.929835952361527,0.9715700671301847,0.5545434748887325,0.6936838650915822,-0.7202795952347975,1884.8459302325582,1080.8052325581396
1114,592.0,90.91168824543142,0.694910737796075,0.9641693811074918,32.44746193208054,23.332840294873687,-0.5863358413775464,1085.481418918919,299.8564189189189,0.9001028259778735,0.1545651643911953,0.5569427495735859,0.8329736914549479,-0.55331259640814,299.8564189189189,1085.481418918919
1115,497.0,86.66904755831214,0.6999495102939927,0.935969868173258,30.001709311457525,21.426990652103637,0.03574647523770899,1084.0643863179075,835.2736418511066,0.8314539576454247,0.43055342363459104,0.5562156933391008,0.9993611627844611,0.035738862853899815,835.2736418511066,1084.0643863179075
1116,515.0,90.08326112068522,0.8214424272600276,0.9397810218978102,34.647972191702294,19.75944232367173,-0.4702522112267071,1085.6019417475727,69.15728155339806,0.7974966979544352,0.03564808327494746,0.5570045878643267,0.8914540368343922,-0.4531111345041811,69.15728155339806,1085.6019417475727
1117,1079.0,127.63961030678927,0.7455070163932581,0.9565602836879432,45.74504660595676,30.488971932115465,-1.1266157013393796,1090.0379981464318,253.56441149212233,0.8322625821118387,0.13070330489284657,0.5592806557960143,0.4297181596816148,-0.9029630685913163,253.56441149212233,1090.0379981464318
1118,470.0,81.35533905932738,0.7694114627448274,0.9650924024640657,30.69885996002802,19.609003458116135,0.03161687697473328,1088.0617021276596,883.4893617021277,0.8923507708875229,0.45540688747532354,0.5582666506555463,0.9995002281793766,0.03161160972450067,883.4893617021277,1088.0617021276596
1119,606.0,107.25483399593905,0.9080573667497435,0.8820960698689956,44.011597895358165,18.434073692306484,-1.4798975812636233,1088.0082508250825,788.9207920792079,0.6619858982609592,0.4066602021026845,0.5582392256670511,0.09077362084625627,-0.9958715528412588,788.9207920792079,1088.0082508250825
1120,452.0,79.84062043356595,0.6370713925162222,0.9475890985324947,27.391242885916505,21.113301514586283,-1.2245928762671887,1090.3716814159293,1048.1061946902655,0.8910467541740906,0.540260925098075,0.5594518632200766,0.33932896982052935,-0.9406677682585591,1048.1061946902655,1090.3716814159293
1121,762.0,106.32590180780451,0.7806348457742588,0.9596977329974811,39.62098918429642,24.762618616468288,0.14017438017823985,1101.2795275590552,408.51181102362204,0.8470063877142909,0.21057309846578456,0.5650485005433838,0.9901916476040916,0.1397157865636322,408.51181102362204,1101.2795275590552
1122,449.0,83.84062043356595,0.8582928987314445,0.9573560767590619,33.50324815378761,17.192530556658635,-1.0713351219255571,1092.347438752784,438.5011135857461,0.8026888642574002,0.22603150184832274,0.5604655919716696,0.4789526318273199,-0.8778407466423985,438.5011135857461,1092.347438752784
1123,471.0,82.18376618407356,0.7777063160604613,0.9631901840490797,30.949436677978348,19.45567567536063,-1.2800185689609256,1092.1167728237792,589.9129511677282,0.8763118653100456,0.3040788408081073,0.5603472410588913,0.28669742022345013,-0.9580211841275841,589.9129511677282,1092.1167728237792
1124,780.0,130.8111831820431,0.9072917341216507,0.8306709265175719,51.42955385213907,21.626216628556623,0.7021103695867164,1103.6102564102564,1702.4217948717949,0.5728154443767,0.8775370076658736,0.5662443593690387,0.7634809477064535,0.6458303511675925,1702.4217948717949,1103.6102564102564
1125,866.0,112.81118318204308,0.30556547777570187,0.9485213581599123,34.6778589417538,33.01925391269318,1.0330141225010452,1100.7066974595843,1003.5889145496536,0.8551128793420417,0.5173138734792029,0.5647545907950664,0.5122325061631416,0.8588468196540213,1003.5889145496536,1100.7066974595843
1126,248.0,56.2842712474619,0.49277649662117723,0.9763779527559056,19.19014140269434,16.69841513910574,0.7090121229657982,1094.350806451613,932.1612903225806,0.9837561268413856,0.480495510475557,0.5614934871480826,0.7590054374552423,0.6510842847998839,932.1612903225806,1094.350806451613
1127,339.0,74.76955262170046,0.7082155422157177,0.901595744680851,25.828832882306916,18.235059902204213,0.023675655210177185,1099.716814159292,733.2477876106195,0.7620088197770014,0.37796277711887605,0.5642466978754704,0.9997197447666621,0.023673443426759155,733.2477876106195,1099.716814159292
1128,465.0,80.08326112068524,0.6145596664549408,0.9647302904564315,27.4924608740089,21.687987010002935,-0.13768564551863835,1101.5935483870967,820.9634408602151,0.9111278398992841,0.4231770313712449,0.5652096194905576,0.9905362962426267,-0.13725103214890277,820.9634408602151,1101.5935483870967
1129,196.0,53.04163056034261,0.543059737263159,0.9245283018867925,17.307969566081965,14.533399311198014,-1.2153807378686052,1094.5510204081634,759.8061224489796,0.8754517249215359,0.3916526404376184,0.5615962136522131,0.34798001070520873,-0.9375019531444203,759.8061224489796,1094.5510204081634
1130,280.0,68.8700576850888,0.8894513086885453,0.9333333333333333,28.453123956326436,13.003929640901406,-1.40268724695134,1096.3214285714287,1559.5214285714285,0.7418344572359099,0.8038770250368188,0.5625045811038628,0.16731838561363443,-0.9859029150152905,1559.5214285714285,1096.3214285714287
1131,321.0,65.35533905932738,0.5510524256630586,0.9668674698795181,22.2641316667954,18.578763869513903,0.5810447728566867,1099.9906542056074,1752.8504672897195,0.9443929845466924,0.903531168706041,0.5643872007211941,0.8358896329648794,0.5488975510073253,1752.8504672897195,1099.9906542056074
1132,569.0,97.32590180780453,0.6795391375448269,0.9252032520325203,32.141437768177205,23.5802205479832,0.3208217065631695,1107.1142355008787,564.140597539543,0.7548579918452127,0.2907941224430634,0.5680421936895222,0.9489766162414622,0.31534644730344513,564.140597539543,1107.1142355008787
1133,450.0,81.01219330881975,0.40997595661594605,0.9433962264150944,25.384314783889607,23.1529403511308,-0.982588330532557,1101.16,701.9044444444445,0.8616315582577467,0.3618064146620848,0.5649871729091842,0.5548710815924709,-0.8319363454089511,701.9044444444445,1101.16
1134,187.0,57.00609665440988,0.7316215900542713,0.8237885462555066,19.639871079977954,13.38871559843099,-0.06996162441652551,1100.4545454545455,721.0267379679144,0.7231174816576675,0.37166326699377034,0.5646252157283456,0.9975536836163159,-0.06990456568435997,721.0267379679144,1100.4545454545455
1135,747.0,115.9827560572969,0.855225039642086,0.8757327080890973,44.631362187859146,23.130507843738844,-1.4375492836070936,1105.330655957162,1059.9986613119142,0.6978203283099658,0.5463910625319146,0.5671270682181436,0.13285309786981803,-0.9911357396373075,1059.9986613119142,1105.330655957162
1136,459.0,79.11269837220809,0.5323158474568669,0.95625,26.35026723654563,22.306708790212216,-1.535335405770694,1101.751633986928,1797.640522875817,0.9215738738711909,0.9266188262246479,0.5652907306243858,0.03545348960983526,-0.9993713274226379,1797.640522875817,1101.751633986928
1137,758.0,107.74011537017762,0.7797575640831068,0.949874686716792,39.53826105360874,24.754176838481694,0.6912656305698167,1108.7427440633246,1405.5910290237466,0.820586177471723,0.7245314582596633,0.5688777547785144,0.7704397765966897,0.6375127846856429,1405.5910290237466,1108.7427440633246
1138,784.0,113.05382386916237,0.8294484530997704,0.9423076923076923,43.04091192920226,24.04193310290852,0.7948615593098863,1108.466836734694,1674.0497448979593,0.7708243301393161,0.8629122396381234,0.5687361912440708,0.7003835871000708,0.7137666501881673,1674.0497448979593,1108.466836734694
1139,238.0,57.526911934581186,0.6064934694628992,0.937007874015748,19.720591712699203,15.679615047350959,0.8726636306974815,1105.873949579832,842.6260504201681,0.9037424828562998,0.43434332495884953,0.5674058232836491,0.6427883721300125,0.7660438033522943,842.6260504201681,1105.873949579832
1140,312.0,70.76955262170047,0.8817640834646873,0.9541284403669725,29.117453616805154,13.734431604802355,-1.1416400171164192,1105.4935897435898,127.9198717948718,0.7828373852804553,0.06593807824477928,0.5672106668771626,0.4161037685475003,-0.9093171359875323,127.9198717948718,1105.4935897435898
1141,401.0,73.11269837220809,0.5231237687894607,0.9662650602409638,24.504989741111416,20.884542262948372,-1.142824210004101,1106.9102244389028,451.3017456359102,0.942689372845082,0.2326297657917063,0.5679375189527465,0.41502667016030126,-0.9098092454221668,451.3017456359102,1106.9102244389028
1142,1160.0,138.71067811865476,0.6856030593465972,0.9228321400159109,46.450697741969,33.8149736281445,-1.4300900863619912,1114.251724137931,611.346551724138,0.7576141256984039,0.3151270885175969,0.5717043222872914,0.14024241035959137,-0.990117198283381,611.346551724138,1114.251724137931
1143,694.0,117.88225099390857,0.9243770429924394,0.895483870967742,49.7514030020296,18.979171215639976,0.5629527873425384,1121.6224783861671,181.53025936599423,0.6275849120166853,0.09357229864226506,0.5754861356522151,0.8456829398248131,0.5336856427610372,181.53025936599423,1121.6224783861671
1144,420.0,76.76955262170047,0.49439391109178277,0.9610983981693364,25.149021909500167,21.86048492837866,-1.1439875122021748,1108.8690476190477,1340.0690476190475,0.8955320533051832,0.6907572410407461,0.5689425590656991,0.4139680064820321,-0.9102914311413088,1340.0690476190475,1108.8690476190477
1145,125.0,43.8700576850888,0.5506122706511012,0.8865248226950354,14.43228996292226,12.047514533136425,-0.8928418705691648,1104.4,1279.32,0.8161753348969176,0.6594432989690722,0.5666495638789123,0.6272011505808657,-0.7788573147310348,1279.32,1104.4
1146,374.0,79.35533905932736,0.8495343785230971,0.918918918918919,30.719214138168716,16.205407158598515,-1.0715225941542958,1109.3101604278074,1918.1871657754011,0.7463270165098274,0.988756271018248,0.5691688868280181,0.4787880526504377,-0.8779305215329979,1918.1871657754011,1109.3101604278074
1147,639.0,92.42640687119285,0.5418012620570166,0.9740853658536586,31.161513805131314,26.19145890510094,-1.4159266032020243,1113.0219092331768,1368.1424100156494,0.9399799332170349,0.7052280463998193,0.571073324388495,0.1542513833890124,-0.9880316344746133,1368.1424100156494,1113.0219092331768
1148,483.0,79.84062043356595,0.5114230232104795,0.971830985915493,26.83583700277164,23.060815491068855,0.6100941298722349,1114.1801242236024,321.46997929606624,0.9521583678453225,0.16570617489487952,0.5716675855431516,0.8195940902735143,0.5729446109256379,321.46997929606624,1114.1801242236024
1149,314.0,71.94112549695429,0.8746892517723316,0.9373134328358209,28.883996810075306,13.999615072202344,-0.06602636352992311,1119.1082802547771,1270.6082802547771,0.7624038069397807,0.654952721780813,0.5741961417418046,0.9978210514224356,-0.0659784005430952,1270.6082802547771,1119.1082802547771
1150,598.0,97.01219330881975,0.8198063143020458,0.9447077409162717,36.799102092225525,21.072671155844922,-0.18221764427090237,1122.3160535117056,1254.6822742474917,0.7984696277226712,0.6467434403337586,0.5758419976971296,0.9834442499615746,-0.18121094673754104,1254.6822742474917,1122.3160535117056
1151,237.0,56.8700576850888,0.5469324758825764,0.9442231075697212,19.084483526984634,15.977085393994125,0.44716204854339725,1114.84388185654,48.9789029535865,0.9208541983890147,0.02524685719257036,0.5720081487206465,0.9016778856829439,0.43240836077755923,48.9789029535865,1114.84388185654
1152,314.0,65.35533905932738,0.41323960049619524,0.9515151515151515,21.053246708587,19.171556626020507,-1.0142966144618146,1116.0668789808917,715.5350318471337,0.923798745008291,0.36883249064285245,0.5726356485279075,0.5282173133139246,-0.8491092214287977,715.5350318471337,1116.0668789808917
1153,391.0,73.59797974644667,0.7044935131892448,0.9630541871921182,26.546249378566472,18.840149975758987,1.23447961592972,1115.455242966752,1654.4066496163682,0.9070993067890792,0.8527869327919424,0.572321828099924,0.3300123998324271,0.9439765971446762,1654.4066496163682,1115.455242966752
1154,120.0,40.970562748477136,0.7863273367020712,0.9375,15.794873113780396,9.758232136544425,1.4375524804275521,1112.1916666666666,198.33333333333334,0.8983534740877455,0.10223367697594503,0.5706473405165041,0.1328499293861295,0.9911361643397442,198.33333333333334,1112.1916666666666
1155,270.0,64.5269119345812,0.7944178508143221,0.9540636042402827,24.027905320619503,14.593867651736604,-1.5408285994179922,1114.351851851852,1535.8962962962962,0.8148766342743592,0.7916991218022146,0.5717556961784771,0.029963242085376398,-0.9995510012619332,1535.8962962962962,1114.351851851852
1156,25.0,16.48528137423857,0.7627481560333397,0.9259259259259259,6.991546284970336,4.5214024975794285,1.289779118626891,1111.16,96.04,1.155998164076126,0.049505154639175264,0.5701180092355054,0.2773330988629779,0.9607738299282812,96.04,1111.16
1157,455.0,80.76955262170047,0.6926424406551974,0.9578947368421052,28.6863940404291,20.69095432947029,-0.6770678566221618,1119.975824175824,738.8879120879121,0.876447498781299,0.3808700577772743,0.5746412643282832,0.7794130848358217,-0.6265103695763607,738.8879120879121,1119.975824175824
1158,539.0,85.59797974644665,0.5820638561090735,0.9607843137254902,29.07596057697618,23.642916117131158,1.4217323765525265,1120.5751391465676,1569.0964749536179,0.9244248250099694,0.8088126159554732,0.5749487630305632,0.14851252821287336,0.9889105262680848,1569.0964749536179,1120.5751391465676
1159,600.0,103.1543289325507,0.8679174183964614,0.9302325581395349,40.48677994622876,20.110128587551877,-0.3577369791853341,1128.5,918.0433333333333,0.7085756081085397,0.4732182130584192,0.5790148794253464,0.9366916304338967,-0.3501553790463433,918.0433333333333,1128.5
1160,631.0,97.84062043356595,0.7256502987463412,0.9488721804511279,34.74846711169056,23.909158564147134,1.496091904547139,1122.079239302694,1832.475435816165,0.8283251107548114,0.9445749669155489,0.5757204922025111,0.07463495717445313,0.9972109221060345,1832.475435816165,1122.079239302694
1161,828.0,111.7401153701776,0.739744243785751,0.9409090909090909,40.242147306288786,27.07846379505933,0.5511124988759585,1127.5700483091787,810.9903381642512,0.8333395042829562,0.4180362567856965,0.5785377364336474,0.8519425056597585,0.523635337854668,810.9903381642512,1127.5700483091787
1162,675.0,94.42640687119284,0.3554521735971549,0.9754335260115607,30.340945540212655,28.35951401159997,-0.18027293192065136,1125.9896296296297,1084.7807407407408,0.9513201781764926,0.5591653302787324,0.5777268494764647,0.9837947932592396,-0.17929808910306325,1084.7807407407408,1125.9896296296297
1163,110.0,47.112698372208094,0.8953629095580264,0.8870967741935484,18.32881433747607,8.162503648316358,-0.3425187818438127,1119.7818181818182,1427.4272727272728,0.6227684331866705,0.7357872539831303,0.5745417230281263,0.9419116946439847,-0.3358606251004974,1427.4272727272728,1119.7818181818182
1164,191.0,50.87005768508881,0.7933487741641895,0.9695431472081218,20.01799652073449,12.18630328787312,-0.8274447574588522,1121.497382198953,896.8324607329843,0.927510363856676,0.46228477357370323,0.5754219508460507,0.6767591484312988,-0.7362044926612057,896.8324607329843,1121.497382198953
1165,96.0,34.384776310850235,0.6792178257964268,0.9795918367346939,13.032350243581996,9.564920712672917,-0.6716848578762753,1119.6770833333333,1510.6770833333333,1.0203488756762968,0.7786995274914089,0.5744879852916025,0.7827742807094804,-0.6223057331085385,1510.6770833333333,1119.6770833333333
1166,258.0,58.526911934581186,0.6286226524949242,0.9591078066914498,20.601067752630485,16.021665893976223,-0.8505362998096538,1123.8565891472867,491.06201550387595,0.9464950566081582,0.25312475025972986,0.5766324213172328,0.6595801394546785,-0.7516342459181505,491.06201550387595,1123.8565891472867
1167,248.0,68.5269119345812,0.8688361404499589,0.8378378378378378,27.15666038817193,13.445255730567162,0.0876789616420841,1129.3870967741937,1872.8467741935483,0.663650188412503,0.9653849351513135,0.5794700342607458,0.9961586616783625,0.08756666467996643,1872.8467741935483,1129.3870967741937
1168,886.0,114.46803743153546,0.7935943889412794,0.9714912280701754,43.21046245799416,26.291283141021495,-0.7127992625238092,1135.2404063205418,940.8848758465011,0.8497185751856542,0.4849922040445882,0.5824732715857064,0.7565342533156387,-0.6539540683871834,940.8848758465011,1135.2404063205418
1169,169.0,51.698484809834994,0.8906343149429443,0.9548022598870056,21.88351236860717,9.950876486702958,-0.4410694289772002,1126.585798816568,1521.9289940828403,0.7945860549168025,0.7844994814860001,0.5780327341285624,0.9042956339279256,-0.42690678895853973,1521.9289940828403,1126.585798816568
1170,302.0,63.11269837220809,0.6849798995753228,0.967948717948718,22.985549956964277,16.746397448506386,0.9331109433637199,1126.8245033112582,145.3046357615894,0.9527595474672367,0.07489929678432443,0.5781552094978236,0.5953372991675305,0.8034758865205043,145.3046357615894,1126.8245033112582
1171,542.0,86.66904755831214,0.5728391922235824,0.9730700179533214,29.131304809158536,23.87799176874457,1.1990289949684116,1128.9557195571956,543.8616236162362,0.9067365091424953,0.2803410431011527,0.5792487016712138,0.3632625981519384,0.931686795432834,543.8616236162362,1128.9557195571956
1172,248.0,65.4558441227157,0.8308933385783991,0.915129151291513,24.826551113519336,13.814280557481784,-0.3514500219548002,1129.407258064516,571.116935483871,0.7273855830794451,0.2943901729298304,0.5794803786888231,0.9388745161272554,-0.3442595575533265,571.116935483871,1129.407258064516
1173,760.0,112.91168824543142,0.6890511145424728,0.927960927960928,37.75227567052163,27.359555299464844,0.6281379322375824,1139.4657894736843,588.6723684210526,0.7491101030667134,0.303439365165491,0.5846412465231833,0.8091231343043492,0.5876391354679383,588.6723684210526,1139.4657894736843
1174,221.0,59.11269837220809,0.5262810286624447,0.9404255319148936,18.57104428931331,15.791157585679596,0.5785166405398237,1127.8009049773755,1436.8190045248869,0.7947683589891931,0.7406283528478799,0.5786561852115831,0.8372746458507739,0.5467825595384888,1436.8190045248869,1127.8009049773755
1175,158.0,47.627416997969526,0.6343968322062769,0.9239766081871345,16.419525834836794,12.692417298934508,0.10568054187850318,1128.1708860759493,43.91139240506329,0.8752918673582902,0.022634738353125405,0.5788460164576446,0.994421006793182,0.10548393834340043,43.91139240506329,1128.1708860759493
1176,359.0,69.35533905932738,0.7146745334326756,0.9782016348773842,25.662401855163083,17.9497505844128,-0.9070266295887154,1130.6657381615598,297.5041782729805,0.9378740383645758,0.15335266921287655,0.5801260842286095,0.6160905200489127,-0.787675358955617,297.5041782729805,1130.6657381615598
1177,559.0,92.08326112068524,0.7145356660160527,0.9442567567567568,32.571889251957636,22.787261642061598,0.9102840823057626,1134.6100178890877,701.0626118067978,0.8284385295128426,0.36137248031278235,0.5821498295993267,0.6135214406835622,0.7896780621377083,701.0626118067978,1134.6100178890877
1178,436.0,80.18376618407356,0.7019504620884919,0.9376344086021505,28.49843991442029,20.29732333828865,0.3705896200196377,1132.7706422018348,1640.6926605504586,0.852164526023695,0.8457178662631231,0.5812060760399358,0.932113967857672,0.36216508794281493,1640.6926605504586,1132.7706422018348
1179,670.0,105.84062043356593,0.8156466737858283,0.950354609929078,38.89512689655842,22.502789146756847,-1.3509662608167483,1133.7283582089551,78.02089552238806,0.7515881302461471,0.040216956454839206,0.5816974644478989,0.21806378175221713,-0.97593451987719,78.02089552238806,1133.7283582089551
1180,283.0,60.2842712474619,0.5255832725694309,0.9658703071672355,20.608798279772646,17.532773573152063,-0.506571220597054,1133.6325088339222,353.8904593639576,0.9785618242455327,0.182417762558741,0.5816482857023716,0.8744132262373916,-0.4851819347225494,353.8904593639576,1133.6325088339222
1181,1010.0,120.46803743153546,0.7525545848108348,0.9758454106280193,44.327914117085385,29.191255763155652,0.9140895205183089,1141.9277227722773,779.9019801980198,0.8745558866190545,0.4020113299989793,0.5859044242033234,0.6105119345561469,0.7920070566380776,779.9019801980198,1141.9277227722773
1182,531.0,90.66904755831214,0.8410120511730595,0.9550359712230215,35.38258260686586,19.142556964773664,-1.1885937817937213,1134.924670433145,1049.2862523540489,0.8116826778504763,0.5408692022443551,0.5823112726696484,0.3729649937048859,-0.9278454146412076,1049.2862523540489,1134.924670433145
1183,447.0,80.42640687119284,0.6607040588673946,0.9654427645788337,27.996117362086352,21.01518711300424,-1.0259228633696416,1137.3131991051455,104.1565995525727,0.8684004782276153,0.05368896884153232,0.5835367876373245,0.5183098814761326,-0.8551928827838766,104.1565995525727,1137.3131991051455
1184,812.0,107.84062043356593,0.5549497297838737,0.9586776859504132,35.489777744964606,29.523374173125106,-0.7575195735771684,1140.5233990147783,239.97536945812809,0.8774070863750444,0.1236986440505815,0.5851838886684342,0.7265425981631998,-0.6871214252621346,239.97536945812809,1140.5233990147783
1185,44.0,24.142135623730947,0.7577800749659299,0.9166666666666666,9.324559101394886,6.0843684728453225,0.8311477208544703,1128.6363636363637,388.27272727272725,0.9486612686366591,0.20014058106841612,0.5790848453752507,0.6740283765389773,0.7387054538990697,388.27272727272725,1128.6363636363637
1186,432.0,83.01219330881975,0.7956798587330234,0.9250535331905781,30.640220423318986,18.559314492005615,0.6726881394041039,1139.5277777777778,1595.912037037037,0.7877888566279853,0.822635070637648,0.5846730517074283,0.7821495390075153,0.6230907627547783,1595.912037037037,1139.5277777777778
1187,333.0,67.94112549695429,0.5955668397751636,0.940677966101695,23.09784411081755,18.554631150389937,-1.0410761583811297,1135.7597597597598,1772.7957957957958,0.9065434481908468,0.9138122658741216,0.5827397433349204,0.5052918807437676,-0.862948500928315,1772.7957957957958,1135.7597597597598
1188,456.0,96.08326112068524,0.8435445323790479,0.8428835489833642,35.965574519883376,19.31564393780419,1.4817057870484376,1136.1995614035088,1407.4758771929824,0.6206964149775167,0.7255030294809187,0.5829653983599327,0.0889727327277173,0.9960340620837032,1407.4758771929824,1136.1995614035088
1189,251.0,57.45584412271571,0.7066604930799425,0.9766536964980544,21.32229028412774,15.086645932762107,1.4739079950020069,1135.4422310756972,1667.8565737051792,0.9554658437915288,0.8597198833531852,0.5825768245642367,0.09673681549905355,0.9953099961957089,1667.8565737051792,1135.4422310756972
1190,1228.0,184.12489168102786,0.9136817186712091,0.7713567839195979,69.81183149011821,28.373654627104017,-1.3232439979262156,1146.9771986970684,1689.7581433224755,0.4551800530550236,0.8710093522280802,0.5884952276537037,0.24503164154936957,-0.9695150822135885,1689.7581433224755,1146.9771986970684
1191,539.0,85.59797974644667,0.46152416826804976,0.9676840215439856,28.015552996776968,24.85337129415063,0.527041877740892,1143.1799628942485,329.4192949907236,0.924424825009969,0.1698037603044967,0.5865469281140321,0.8642987227747416,0.5029788442966069,329.4192949907236,1143.1799628942485
1192,849.0,125.53910524340097,0.898415284264401,0.932967032967033,50.03413198653025,21.972332658386527,-0.6802946850084107,1156.552414605418,543.7031802120141,0.6769545261838716,0.28025937124330624,0.5934081142151966,0.7773873891141211,-0.6290221357363588,543.7031802120141,1156.552414605418
1193,672.0,98.91168824543144,0.4772840903860215,0.9572649572649573,31.763404910439846,27.912061965513185,1.224885570620138,1149.4151785714287,1496.5699404761904,0.8631452958435073,0.7714278043691702,0.5897461152239244,0.3390536271455362,0.9407670476369034,1496.5699404761904,1149.4151785714287
1194,737.0,101.25483399593904,0.724865087670985,0.9787516600265604,37.01224524264011,25.4973971248858,-1.0887929409289518,1148.663500678426,1373.3215739484397,0.9033287235462362,0.7078977185301235,0.5893604416000134,0.46355524075653454,-0.8860680215238282,1373.3215739484397,1148.663500678426
1195,826.0,108.5685424949238,0.601584655882645,0.9638273045507585,36.457804799662455,29.122824495711225,1.2706917501616835,1149.8498789346247,1810.1380145278451,0.88060651908343,0.933060832230848,0.5899691528653795,0.2956201109188312,0.9553055793934933,1810.1380145278451,1149.8498789346247
1196,354.0,68.76955262170047,0.7328602798121151,0.9752066115702479,25.77411812161743,17.53617300611769,0.8024203562204231,1146.5762711864406,898.4378531073446,0.9406341197640863,0.463112295416157,0.5882895183101285,0.694968413069267,0.719040266491373,898.4378531073446,1146.5762711864406
1197,771.0,114.32590180780453,0.8843883139945699,0.9589552238805971,46.447289188258516,21.679359180648646,0.3398024547104356,1156.8261997405966,390.89494163424126,0.7412675188823159,0.20149223795579446,0.5935485888869146,0.942820525937005,0.333300848891612,390.89494163424126,1156.8261997405966
1198,589.0,100.42640687119284,0.8945451141023391,0.9577235772357724,41.19218795394087,18.41198825638338,-1.203597091731502,1148.848896434635,450.9202037351443,0.7338871945927459,0.23243309470883727,0.5894555651280836,0.3590027873336323,-0.933336487386346,450.9202037351443,1148.848896434635
1199,841.0,115.63961030678927,0.766800458337596,0.9201312910284464,41.82870548956418,26.84924155709419,-1.0360158876178114,1154.3067776456598,1306.0047562425684,0.7903011626850662,0.6731983279600868,0.5922559146463109,0.5096521458531,-0.8603805496565635,1306.0047562425684,1154.3067776456598
1200,344.0,74.52691193458118,0.7887184849475782,0.91005291005291,27.383867404674813,16.83435696683169,0.24832971694725853,1154.5668604651162,1260.828488372093,0.7782910815149864,0.6499115919443779,0.5923893588841027,0.9693243046011712,0.2457852569001156,1260.828488372093,1154.5668604651162
1201,515.0,84.18376618407358,0.5707806176307385,0.9644194756554307,28.344763190650447,23.273958869774624,-1.0257390321181574,1152.2990291262136,477.8970873786408,0.9131884097101625,0.2463387048343509,0.5912257717425415,0.518467083895286,-0.8550975867800812,477.8970873786408,1152.2990291262136
1202,895.0,123.7401153701776,0.5307960746759394,0.907707910750507,38.389315670229664,32.53492865806385,0.6354085841802298,1155.059217877095,988.5374301675978,0.734533937393084,0.5095553763750504,0.5926419794135942,0.8048292663320232,0.5935064043929579,988.5374301675978,1155.059217877095
1203,698.0,99.25483399593904,0.6927706769932569,0.9627586206896551,35.16357327236982,25.35849042187448,-1.4124785116265866,1153.3151862464183,515.2836676217765,0.8903524374312742,0.26561013794936933,0.5917471453291012,0.15765728322098632,-0.9874938891190049,515.2836676217765,1153.3151862464183
1204,636.0,93.49747468305833,0.7034846364352951,0.9739663093415007,33.80868812676269,24.028188489080904,-1.25730336817148,1154.2405660377358,721.0078616352201,0.9142547338862572,0.37165353692537123,0.5922219425539947,0.30838323046281807,-0.9512622052669372,721.0078616352201,1154.2405660377358
1205,1062.0,134.12489168102783,0.8427764490753195,0.9448398576512456,51.11048622702316,27.510921616252933,0.45401830226733,1165.704331450094,1081.8983050847457,0.7418491651594256,0.5576795387034772,0.5981038129554099,0.8986920144256105,0.4385802813711969,1081.8983050847457,1165.704331450094
1206,284.0,61.94112549695428,0.47016962832767156,0.9466666666666667,20.296254872615403,17.912988875697216,1.3861171777213177,1152.1021126760563,1547.387323943662,0.9301864722370841,0.7976223319297228,0.5911247371349699,0.1836311480586077,0.9829952194505718,1547.387323943662,1152.1021126760563
1207,261.0,58.04163056034262,0.5066066994658616,0.9702602230483272,19.660859466644357,16.95114622234728,0.32189165808896064,1152.0383141762452,1778.7318007662834,0.9735789207068574,0.9168720622506615,0.5910920031689303,0.9486386677010016,0.31636162558450226,1778.7318007662834,1152.0383141762452
1208,547.0,116.81118318204308,0.8184412096314865,0.8225563909774436,37.76537080757159,21.69961487181899,-1.4465073853421246,1154.925045703839,688.1042047531993,0.5037654102745591,0.35469288904804086,0.5925731378675418,0.12396919129481943,-0.9922860674269837,688.1042047531993,1154.925045703839
1209,421.0,74.18376618407356,0.5574306095342513,0.9700460829493087,25.420719916198383,21.104879912588654,-0.8948110469849855,1154.646080760095,1452.4916864608076,0.9613337818786155,0.748707054876705,0.5924300055208286,0.6256662280819228,-0.7800908735767514,1452.4916864608076,1154.646080760095
1210,513.0,87.84062043356596,0.7060626971207811,0.957089552238806,30.93808224488462,21.908782085521615,1.4172416873725528,1154.8810916179336,1583.0740740740741,0.8354807345670521,0.8160175639557083,0.5925505857454765,0.15295190561632918,0.9882336335949782,1583.0740740740741,1154.8810916179336
1211,448.0,85.35533905932738,0.7239997486815256,0.9105691056910569,29.65996639982191,20.45945178630477,-0.037862931539645095,1158.7433035714287,289.28348214285717,0.772727724271315,0.1491151969808542,0.5945322234845709,0.999283284837416,-0.03785388546164978,289.28348214285717,1158.7433035714287
1212,544.0,84.18376618407356,0.5216296224871636,0.9801801801801802,28.518318137959906,24.33103178189792,1.2765186289133643,1158.6966911764705,1419.4577205882354,0.9646106696744244,0.7316792374166161,0.59450830742764,0.2900486741269384,0.9570118947208572,1419.4577205882354,1158.6966911764705
1213,497.0,83.59797974644665,0.687940341326965,0.9669260700389105,29.65553426082978,21.52301525361297,-1.4249013176029777,1157.3762575452715,637.2917505030181,0.8936648742480292,0.3285009023211433,0.5938308145434948,0.14537798860129522,-0.9893761875193083,637.2917505030181,1157.3762575452715
1214,499.0,82.18376618407356,0.5942124798284019,0.9727095516569201,28.316357587875256,22.775075930445208,-1.3908584265613315,1158.6172344689378,1335.1743486973949,0.9284068381947191,0.6882342003594819,0.5944675394915022,0.17896847661712972,-0.9838548085857709,1335.1743486973949,1158.6172344689378
1215,389.0,77.11269837220809,0.7555581130334745,0.9511002444987775,28.027435263925636,18.360257888972566,-1.4429412503135748,1157.9922879177377,1741.7275064267353,0.8220678510426659,0.8977976837251213,0.5941468896448115,0.12750702162086822,-0.9918376678859174,1741.7275064267353,1157.9922879177377
1216,645.0,99.25483399593905,0.7809009968074015,0.947136563876652,36.63056645815321,22.881459575943406,1.190361061284554,1162.4108527131782,756.5565891472868,0.8227468798612776,0.3899776232717973,0.5964139829210765,0.37132464995019476,0.9285030987236205,756.5565891472868,1162.4108527131782
1217,406.0,75.01219330881975,0.7557020249275198,0.9620853080568721,28.133487469463923,18.42505996355762,-0.6848642449136368,1163.2241379310344,88.01477832512315,0.9067178579544479,0.045368442435630485,0.5968312662550203,0.774504928534937,-0.6325678743621843,88.01477832512315,1163.2241379310344
1218,392.0,75.11269837220809,0.6146571893176337,0.944578313253012,25.541685943903005,20.147137772956388,-0.5224740362731972,1161.892857142857,306.30102040816325,0.8731104839067674,0.15788712392173362,0.5961482078721688,0.8665872255507171,-0.49902563111759163,306.30102040816325,1161.892857142857
1219,498.0,82.66904755831214,0.5144841419574994,0.9576923076923077,27.253113949638816,23.369542314471495,-1.2442841053570677,1162.991967871486,957.7630522088353,0.9157002623306049,0.4936922949530079,0.5967121435974787,0.32074147795509056,-0.9471667774574782,957.7630522088353,1162.991967871486
1220,98.0,36.384776310850235,0.6482313472045818,0.9333333333333333,13.05261800516426,9.938830424988456,-0.2998037367282593,1157.8673469387754,1565.8673469387754,0.9302432366554405,0.8071481169787502,0.594082784473461,0.9553944704884256,-0.29533270350596263,1565.8673469387754,1157.8673469387754
1221,377.0,76.52691193458118,0.7071127236280629,0.940149625935162,26.88634355236847,19.01135607532413,-1.537877830089413,1161.2334217506632,63.45623342175066,0.8089521558718096,0.032709398671005495,0.5958098623656558,0.032912551796624265,-0.9994582352125748,63.45623342175066,1161.2334217506632
1222,1348.0,149.29646455628165,0.5979109156835182,0.9374130737134909,47.758613777205895,38.281516700834395,0.9739331648081524,1176.3345697329378,1243.3657270029673,0.7599774556015972,0.6409101685582306,0.6035580142293164,0.5620507555413732,0.8271027434335904,1243.3657270029673,1176.3345697329378
1223,224.0,54.04163056034261,0.680494569889527,0.9613733905579399,19.73782280232579,14.46295131423271,1.3557421513201,1160.7544642857142,149.9375,0.9638312294609201,0.07728737113402062,0.5955641171296635,0.2134003561476922,0.9769648345749391,149.9375,1160.7544642857142
1224,683.0,104.15432893255071,0.8334872672008673,0.9633286318758815,39.997568235616676,22.10020292336369,0.543975012662747,1173.112737920937,263.34699853587114,0.7911811243465887,0.1357458755339542,0.6019049450594853,0.855658213467741,0.5175413236884508,263.34699853587114,1173.112737920937
1225,553.0,87.59797974644667,0.6469540118701292,0.9735915492957746,30.74981668332526,23.447627584405183,-0.6997644814904553,1174.9150090415912,425.2730560578662,0.9056216886392734,0.21921291549374547,0.6028296608730587,0.7649938912601029,-0.6440375348803251,425.2730560578662,1174.9150090415912
1226,549.0,86.76955262170047,0.6664238681416269,0.9716814159292035,30.713699538757563,22.899307776498485,0.9765466933528612,1174.3934426229507,1398.8852459016393,0.9163206882032563,0.7210748690214636,0.6025620536803236,0.5598871818212894,0.8285688526804603,1398.8852459016393,1174.3934426229507
1227,364.0,78.52691193458118,0.8783314915093986,0.914572864321608,31.956490307076,15.276866655133846,-1.4491712534295564,1170.9313186813188,1599.9807692307693,0.741778445144664,0.8247323552735925,0.6007856945517285,0.12132543537804173,-0.9926127838841935,1599.9807692307693,1170.9313186813188
1228,297.0,63.94112549695427,0.57390318630779,0.9488817891373802,21.543848119119566,17.642756058746805,-1.5359585521069772,1171.888888888889,320.8855218855219,0.9128633272113806,0.16540490818841333,0.6012770081523289,0.03483072818537312,-0.9993932260997553,320.8855218855219,1171.888888888889
1229,66.0,28.727922061357855,0.7006809901603125,0.9295774647887324,10.865148445116736,7.7520085462784225,-0.7027613116669139,1167.7272727272727,1285.060606060606,1.0049521225536397,0.6624023742580444,0.5991417510145063,0.7630603878306961,-0.6463271961813672,1285.060606060606,1167.7272727272727
1230,894.0,115.15432893255071,0.641526584553157,0.9612903225806452,38.97954681854658,29.90124164852581,1.0178198672029592,1179.2829977628635,1750.6118568232662,0.8472017520156969,0.9023772457851887,0.6050708043934651,0.5252224146521164,0.8509649905530782,1750.6118568232662,1179.2829977628635
1231,20.0,20.035533905932738,0.7853286168220488,0.4444444444444444,11.013978685044755,6.818524292350935,-0.2257265457762772,1169.95,940.6,0.6260918056349847,0.4848453608247423,0.6002821959979477,0.9746317528164675,-0.22381453572523,940.6,1169.95
1232,351.0,79.25483399593904,0.9208439286898248,0.9435483870967742,34.104033664393924,13.29823194327713,-1.0298274621927679,1175.7179487179487,490.5783475783476,0.7022074927248261,0.25287543689605546,0.6032416360789886,0.5149667537940613,-0.857210150713818,490.5783475783476,1175.7179487179487
1233,803.0,109.74011537017762,0.7999446678933751,0.9628297362110312,41.456338083352016,24.876861044932834,1.1558244910225877,1182.0759651307596,63.968866749688665,0.8379046188602302,0.03297364265447869,0.6065038302364082,0.40316415668130595,0.9151276756646863,63.968866749688665,1182.0759651307596
1234,393.0,82.59797974644665,0.8821365492673061,0.9492753623188406,32.97545342482723,15.531232323253874,-1.3394250989567384,1176.1145038167938,1546.5776081424935,0.7238749771038456,0.7972049526507698,0.6034451020096427,0.2293124272535677,-0.9733528706009333,1546.5776081424935,1176.1145038167938
1235,439.0,86.08326112068524,0.8592750258550101,0.9261603375527426,33.46450815965084,17.117559773466947,1.0344683919813749,1182.1958997722095,1109.872437357631,0.7444524473094446,0.5720991945142428,0.6065653667379217,0.5109829702251936,0.8595908353047041,1109.872437357631,1182.1958997722095
1236,554.0,90.91168824543142,0.8094033939485957,0.9618055555555556,34.865922487362084,20.475119355317396,-0.8095880823657271,1183.9530685920577,674.5162454873646,0.8423259553914559,0.3476887863336931,0.6074669412991573,0.6897967211069961,-0.7240030963677138,674.5162454873646,1183.9530685920577
1237,320.0,70.8700576850888,0.8035173197087622,0.927536231884058,26.681634800937204,15.88308028530413,-1.0733212731736912,1179.33125,1136.8125,0.8006344438581252,0.585985824742268,0.6050955618265778,0.47720816379393177,-0.8787902869333639,1136.8125,1179.33125
1238,390.0,78.52691193458118,0.864522722693296,0.948905109489051,31.55745719791848,15.860580264058878,-1.4161268418056399,1179.3641025641025,112.68717948717949,0.7947626197978542,0.05808617499339149,0.6051124179395088,0.1540535382231263,-0.9880625017482122,112.68717948717949,1179.3641025641025
1239,785.0,116.5685424949238,0.8361883894007472,0.9257075471698113,43.628466652279975,23.92769743160575,0.8431978506500665,1191.2547770700637,564.2152866242038,0.7259668470398072,0.2908326219712391,0.6112133284094734,0.665078159597049,0.7467737553148224,564.2152866242038,1191.2547770700637
1240,175.0,47.21320343559643,0.6174394048507241,0.9562841530054644,16.84212246357928,13.248324218378244,1.2575579199357676,1178.0742857142857,599.4057142857143,0.9865542588496955,0.3089720176730486,0.6044506340247746,0.30814107500168986,0.9513406739422019,599.4057142857143,1178.0742857142857
1241,249.0,58.8700576850888,0.6118947680689998,0.9431818181818182,20.238224838576187,16.007205039728785,-1.5475759469825068,1179.9076305220883,1635.1566265060242,0.9028597417408974,0.8428642404670228,0.6053912932386292,0.023218293184543572,-0.9997304190938658,1635.1566265060242,1179.9076305220883
1242,485.0,85.84062043356595,0.7164491796485811,0.958498023715415,30.398081007870633,21.20689552161055,-1.320284844668889,1185.7278350515464,1195.4247422680412,0.8271150186319824,0.6161983207567223,0.6083775449212655,0.24789950825612142,-0.9687857522725926,1195.4247422680412,1185.7278350515464
1243,337.0,73.84062043356595,0.8845896977461167,0.9439775910364145,30.513051729044275,14.230374870617167,-0.7846350969010671,1187.2284866468842,1341.005934718101,0.7766924627456868,0.6912401725351035,0.6091475046931166,0.7076461447645807,-0.706567005881131,1341.005934718101,1187.2284866468842
1244,312.0,82.94112549695427,0.9462406255895935,0.9069767441860465,36.3404726600553,11.754818874184245,-1.3177197124486835,1182.2596153846155,1562.7211538461538,0.5699340567825023,0.805526367961935,0.6065980581757904,0.25038375350155667,-0.9681466706974061,1562.7211538461538,1182.2596153846155
1245,339.0,77.21320343559643,0.8948252819042872,0.9287671232876712,31.84656668360238,14.216833670306038,1.4898957572679845,1185.5014749262536,1160.1710914454277,0.7145397939217074,0.5980263357966122,0.6082614032458972,0.08081235068247732,0.996729333358446,1160.1710914454277,1185.5014749262536
1246,406.0,75.18376618407356,0.584982330639468,0.9508196721311475,25.374994941394917,20.58028906587416,-1.0878979565089852,1189.7241379310344,724.7733990147783,0.902584234677171,0.373594535574628,0.6104279825197714,0.4643480720717694,-0.8856527919920034,724.7733990147783,1189.7241379310344
1247,219.0,63.834523779156065,0.8747899007164655,0.7906137184115524,25.327266358338996,12.271122747440492,-0.15848143532444436,1190.3652968036529,37.538812785388124,0.6753715052694013,0.019349903497622743,0.6107569506432288,0.98746807999145,-0.15781885501421936,37.538812785388124,1190.3652968036529
1248,677.0,100.32590180780451,0.7963356038548813,0.9616477272727273,37.791256050592246,22.858231272130972,0.5830840791576368,1196.4327917282128,1042.6602658788775,0.845225105490589,0.5374537452983904,0.6138700829800989,0.83476852537056,0.5506010434522084,1042.6602658788775,1196.4327917282128
1249,1067.0,143.88225099390854,0.8592098095701479,0.9198275862068965,53.732482583002295,27.490795414373704,1.1906654799871617,1198.8791002811622,1391.7610121836926,0.6476790302585561,0.7174025835998415,0.6151252438589853,0.37104197904041375,0.9286160938675213,1391.7610121836926,1198.8791002811622
1250,389.0,73.11269837220809,0.7112977281163673,0.9676616915422885,26.65663840811827,18.73670713330824,0.9116837343995532,1191.3778920308482,1600.0771208226222,0.9144792170492194,0.8247820210425888,0.6112764966807841,0.6124155655392238,0.7905360049265768,1600.0771208226222,1191.3778920308482
1251,104.0,36.97056274847714,0.7837844097227538,0.9541284403669725,14.605283615800468,9.07036324071966,-0.8268975318358139,1189.2115384615386,1319.5192307692307,0.9561611214257788,0.6801645519429025,0.6101649761218771,0.6771619170436205,-0.7358340425026617,1319.5192307692307,1189.2115384615386
1252,738.0,102.32590180780451,0.7357307649733508,0.9736147757255936,37.372982062527235,25.311753754759913,0.3249647178797217,1203.0989159891599,639.9539295392954,0.8857171709785905,0.32987315955633784,0.6172903622314827,0.9476619917159709,0.3192753505313544,639.9539295392954,1203.0989159891599
1253,348.0,67.11269837220809,0.46533752676541634,0.96398891966759,22.371983794638613,19.802188190155203,0.6762987828974256,1197.037356321839,918.2557471264367,0.9709116374994438,0.4733277047043488,0.6141802751779575,0.7798946869504094,0.6259107582287773,918.2557471264367,1197.037356321839
1254,500.0,83.94112549695427,0.7220394113093656,0.9671179883945842,30.451411938417348,21.067868021155192,0.2519685410936662,1201.522,942.638,0.8917236650514732,0.4858958762886598,0.6164812724474089,0.9684235198228307,0.24931082257687795,942.638,1201.522
1255,593.0,104.42640687119285,0.8944426686248412,0.9488,41.99350239432448,18.77876521780315,1.5435956898957552,1195.8330522765598,1561.4300168634063,0.6833510836916799,0.8048608334347456,0.613562366483612,0.027197282846282138,0.9996300854845153,1561.4300168634063,1195.8330522765598
1256,312.0,66.87005768508881,0.6830920034480004,0.9570552147239264,23.625138888909927,17.254202773075804,1.5505802181460668,1196.4551282051282,542.474358974359,0.8768010522882942,0.27962595823420566,0.6138815434608149,0.02021473165319364,0.9997956614349701,542.474358974359,1196.4551282051282
1257,434.0,80.18376618407356,0.8168591761775406,0.9601769911504425,30.981297525869557,17.871163063982532,0.3147252397481302,1202.3870967741937,618.1451612903226,0.8482555144364303,0.3186315264383106,0.6169251394428905,0.9508814682753216,0.30955521848382483,618.1451612903226,1202.3870967741937
1258,712.0,100.66904755831213,0.7236509109766336,0.964769647696477,36.4076602999737,25.127335911807936,1.282982636191326,1200.2612359550562,1514.8581460674156,0.8828723957849349,0.78085471446774,0.6158343950513372,0.2838565257665216,0.958866764873911,1514.8581460674156,1200.2612359550562
1259,217.0,55.62741699796952,0.49819922838452696,0.9156118143459916,17.9859404812647,15.594936073583945,-0.48816564802325646,1198.2811059907833,272.6405529953917,0.881235144878809,0.1405363675233978,0.6148184227761844,0.8831946671970563,-0.4690065882636202,272.6405529953917,1198.2811059907833
1260,559.0,96.7401153701776,0.7792905015742767,0.8915470494417863,35.00353103150697,21.93541214163415,-1.0278393933250658,1201.6153846153845,1211.7817531305902,0.7505998442186864,0.6246297696549434,0.6165291865651024,0.5166699278036075,-0.8561846679913248,1211.7817531305902,1201.6153846153845
1261,92.0,34.384776310850235,0.663760915704056,0.9292929292929293,12.528240473684269,9.370432507538851,-0.8631413003562156,1193.9673913043478,1365.195652173913,0.9778343391897846,0.703709099058718,0.6126051263747295,0.6500536419183767,-0.7598883224715688,1365.195652173913,1193.9673913043478
1262,488.0,89.35533905932738,0.872530233675804,0.9549902152641878,36.02249189000332,17.599152977704037,1.5572552691518395,1198.7704918032787,1173.329918032787,0.7680485469171798,0.6048092360993748,0.6150695186266181,0.013540643831582991,0.9999083212798192,1173.329918032787,1198.7704918032787
1263,376.0,73.45584412271572,0.8097117609027596,0.9740932642487047,28.72939506647184,16.859207638615562,1.5524898401386624,1200.026595744681,747.625,0.8756791339843683,0.3853737113402062,0.6157140049998363,0.018305464172324266,0.9998324409527007,747.625,1200.026595744681
1264,779.0,113.35533905932738,0.6868717187096561,0.9273809523809524,37.694474678990055,27.395540351698546,-1.0042158477928378,1210.7843388960205,1110.9460847240052,0.7618392803720037,0.5726526209917553,0.6212336269348488,0.5367500012926466,-0.8437413324664994,1110.9460847240052,1210.7843388960205
1265,329.0,73.35533905932738,0.7685502444682304,0.94,26.267024019778766,16.80536446886132,-1.0941699330666221,1204.787234042553,1136.0699088145896,0.7683202936371921,0.5856030457807163,0.6181566105913562,0.4587841817806076,-0.8885477334099156,1136.0699088145896,1204.787234042553
1266,334.0,72.52691193458118,0.8013567369916446,0.9277777777777778,26.988919193922058,16.144413682722455,-1.0464954448706723,1204.62874251497,1235.9550898203593,0.7979174410494462,0.6370902524847213,0.6180752911826425,0.5006079186261351,-0.8656741371952895,1235.9550898203593,1204.62874251497
1267,531.0,104.32590180780453,0.9182469331272516,0.8536977491961415,43.96077442092441,17.408831330504576,1.1799683865190715,1206.864406779661,1761.9435028248588,0.6130841522520712,0.9082183004251849,0.6192223739249159,0.38095405419106604,0.9245939695863208,1761.9435028248588,1206.864406779661
1268,261.0,59.2842712474619,0.5288037475017028,0.9490909090909091,19.86985793043768,16.86442526388309,-0.2953318658026778,1208.2413793103449,527.7854406130268,0.9331928444150619,0.2720543508314571,0.6199288759929937,0.9567056030203944,-0.2910573640184758,527.7854406130268,1208.2413793103449
1269,514.0,85.69848480983498,0.5864260518936871,0.9500924214417745,28.72869628384508,23.270323537417294,-0.870606624795129,1209.9513618677042,1304.0408560311284,0.8794814749916825,0.6721860082634683,0.6208062400552613,0.6443627677375732,-0.7647199641395367,1304.0408560311284,1209.9513618677042
1270,417.0,77.59797974644665,0.6911182932588377,0.954233409610984,27.38469872170098,19.792062567698004,-0.8636717786653296,1211.9064748201438,1587.726618705036,0.8702521197128669,0.8184157828376474,0.621809376511105,0.6496504461999653,-0.7602330548931597,1587.726618705036,1211.9064748201438
1271,763.0,113.49747468305833,0.8668368117841379,0.956140350877193,44.2916843456158,22.083477672239376,-1.4627214131535806,1214.7955439056357,554.0314547837484,0.7443239694503266,0.2855832241153342,0.6232917105724144,0.10786464727693372,-0.994165588756633,554.0314547837484,1214.7955439056357
1272,428.0,87.25483399593904,0.9080804922119284,0.9596412556053812,36.156703669741695,15.142271216937608,-0.6350216305310996,1219.5630841121495,1082.233644859813,0.7064389556561316,0.5578523942576356,0.6257378574202922,0.8050588655404535,-0.5931949283454117,1082.233644859813,1219.5630841121495
1273,353.0,72.28427124746192,0.8063036941439173,0.9566395663956639,27.750194452248795,16.41428934504377,1.2222747719778895,1213.2096317280452,907.900849858357,0.8489790150739596,0.46799012879296753,0.6224780049913008,0.3415086221460783,0.9398786416340608,907.900849858357,1213.2096317280452
1274,409.0,74.28427124746189,0.656238834294116,0.964622641509434,26.327771528193942,19.865705315030034,-1.3148412987168236,1214.5501222493888,1361.7017114914424,0.9314068717202478,0.701908098706929,0.6231657887375006,0.25316943907758443,-0.967421952984912,1361.7017114914424,1214.5501222493888
1275,222.0,55.45584412271571,0.699117269094462,0.940677966101695,20.131988743464607,14.394513354225378,-1.2041332076914455,1211.8873873873874,1625.7252252252251,0.9071272177629185,0.8380026934150645,0.6217995830617689,0.3585023591783693,-0.933528820371146,1625.7252252252251,1211.8873873873874
1276,692.0,109.49747468305833,0.8154948794720823,0.8975356679636836,40.5060606514777,23.4434613698075,0.26150574262397264,1225.0953757225434,88.96965317919076,0.7252834239865488,0.04586064596865503,0.6285763856965333,0.9660017856071353,0.2585353944894705,88.96965317919076,1225.0953757225434
1277,581.0,93.59797974644665,0.8392926071441692,0.9651162790697675,36.92923178228206,20.077683960818092,0.05409488041829212,1227.3080895008607,1440.7969018932874,0.8333991375353995,0.742678815408911,0.6297116929198875,0.9985372287120772,0.054068501699278126,1440.7969018932874,1227.3080895008607
1278,310.0,81.35533905932738,0.9482459241117716,0.9198813056379822,36.078191503656015,11.456156209619197,-1.3020984235332187,1218.683870967742,1555.316129032258,0.5885717850534725,0.8017093448619886,0.6252867475463016,0.2654762879871302,-0.964117389386051,1555.316129032258,1218.683870967742
1279,271.0,60.76955262170047,0.6183455314232521,0.9575971731448764,21.016010597194565,16.51661635112655,0.7729398117175011,1218.90036900369,1720.9151291512915,0.9221616912009721,0.8870696542016966,0.6253978291450436,0.715861063760569,0.6982427496161965,1720.9151291512915,1218.90036900369
1280,458.0,81.1126983722081,0.7359894424311633,0.9744680851063829,29.418122451128948,19.91586337626454,0.5950762215018518,1222.0655021834061,1756.5917030567687,0.8747775792408711,0.9054596407509117,0.6270218071746568,0.8281057736149081,0.5605718755928223,1756.5917030567687,1222.0655021834061
1281,395.0,73.35533905932738,0.605374060857425,0.9587378640776699,25.220816753226146,20.074284815966205,-0.4540757256596221,1223.6632911392405,747.6126582278481,0.9224514163729206,0.38536734960198354,0.6278416065362958,0.8986668281763813,-0.43863188659216534,747.6126582278481,1223.6632911392405
1282,429.0,79.84062043356596,0.696602792363947,0.955456570155902,27.778637999003525,19.929978337477635,1.2026303876457602,1223.7762237762238,659.9090909090909,0.8457058795147894,0.3401593252108716,0.6278995504239219,0.3599048796417779,0.932989001869817,659.9090909090909,1223.7762237762238
1283,652.0,111.29646455628165,0.9144783253734422,0.9131652661064426,46.0644990088915,18.639303387870417,-0.9704476158509715,1229.1641104294479,1140.3895705521472,0.6614464992201077,0.5878296755423439,0.6306639868801682,0.564930242620462,-0.8251386677236657,1140.3895705521472,1229.1641104294479
1284,304.0,64.2842712474619,0.684273521629928,0.9620253164556962,23.16523662752271,16.892679955844873,1.187857606966307,1223.8223684210527,1684.733552631579,0.9244299293826808,0.8684193570265871,0.6279232264859173,0.3736479490163649,0.9275705958016695,1684.733552631579,1223.8223684210527
1285,603.0,111.84062043356595,0.8875687086440192,0.8421787709497207,44.01276122133673,20.275594626197815,-1.3560930444840003,1231.1077943615257,1190.1542288557214,0.6057982868753842,0.6134815612658358,0.6316612592927274,0.2130575327353364,-0.977039655154657,1190.1542288557214,1231.1077943615257
1286,691.0,106.5685424949238,0.8486373042538052,0.9570637119113573,41.38494775820191,21.89160959402726,-1.0385115711389765,1231.0231548480463,798.5426917510854,0.7645921928521985,0.4116199442015904,0.6316178321436872,0.507503323355256,-0.8616497993868335,798.5426917510854,1231.0231548480463
1287,955.0,116.66904755831213,0.7274981239830308,0.9725050916496945,42.1924504038326,28.948648233324256,1.240557304971947,1234.1340314136125,471.5130890052356,0.8816616097129729,0.24304798402331731,0.6332139719926181,0.3242691439017319,0.9459648631493867,471.5130890052356,1234.1340314136125
1288,731.0,119.25483399593904,0.93191917663101,0.9035846724351051,51.47220376393666,18.66721971716833,1.4153949522679077,1230.343365253078,590.0574555403557,0.6459148309785112,0.30415332759812147,0.6312690432288753,0.1547766495058863,0.9879494869515,590.0574555403557,1230.343365253078
1289,411.0,75.59797974644665,0.718074197159434,0.9625292740046838,27.454691589139408,19.107547157318507,0.7516767243490334,1232.8345498783456,116.94890510948905,0.9037146163307478,0.060282940778087137,0.6325472292859649,0.730544920566716,0.6828646418099055,116.94890510948905,1232.8345498783456
1290,493.0,85.15432893255071,0.3910085626564036,0.948076923076923,26.47286743479104,24.36528410623339,-1.144925927004857,1232.7444219066938,683.1663286004057,0.854364750191206,0.3521475920620648,0.6325009860988681,0.4131135933789457,-0.9106795039779555,683.1663286004057,1232.7444219066938
1291,443.0,83.01219330881975,0.8260897526817512,0.9486081370449678,31.972351049518878,18.017653008041428,1.2681255039419363,1231.9097065462754,944.3860045146727,0.8078482951069386,0.4867969095436457,0.6320727073095307,0.29807068413955234,0.9545438005961692,944.3860045146727,1231.9097065462754
1292,533.0,88.01219330881975,0.7062776381402653,0.9586330935251799,31.07093872802559,21.996203552126236,0.8827761767049914,1235.1013133208255,1711.6941838649157,0.8646719787581343,0.8823165896210905,0.6337102685073502,0.6350089843154542,0.7725047506900236,1711.6941838649157,1235.1013133208255
1293,842.0,110.91168824543142,0.738384028046733,0.9633867276887872,40.07599835994744,27.026470871416215,-0.38296025859589233,1240.7137767220902,1465.7517814726841,0.8601363934193438,0.7555421553982907,0.6365899316172858,0.9275625476702845,-0.373667927656912,1465.7517814726841,1240.7137767220902
1294,321.0,69.35533905932738,0.5722536663805795,0.9331395348837209,22.516092840397313,18.464922391778558,-1.4812886882841538,1232.943925233645,1733.747663551402,0.8386004632730609,0.8936843626553619,0.6326033479905823,0.08938816955279663,-0.995996865027195,1733.747663551402,1232.943925233645
1295,445.0,80.76955262170047,0.8110115296061088,0.9632034632034632,31.314290532431475,18.31980468781107,-1.5432332503948027,1232.8831460674157,1588.0157303370786,0.8571849163905012,0.8185648094521024,0.632572163195185,0.02755958648131998,-0.9996201624582103,1588.0157303370786,1232.8831460674157
1296,592.0,91.84062043356593,0.6871354977267679,0.9673202614379085,32.406174626532845,23.544035010378117,-1.3622470649763851,1236.902027027027,888.3952702702703,0.8819865306820435,0.4579357063248816,0.6346341852370585,0.20704081418651815,-0.9783323061521497,888.3952702702703,1236.902027027027
1297,402.0,75.01219330881976,0.6921478397528873,0.9640287769784173,26.771354419839703,19.322379085495438,-0.9279151611503627,1235.9502487562188,1248.134328358209,0.8977846770879013,0.6433682104939221,0.6341458433844119,0.5995039302139193,-0.8003718121336258,1248.134328358209,1235.9502487562188
1298,230.0,57.698484809834994,0.7219922980324474,0.9387755102040817,20.7590423504362,14.363204078207238,-0.4209682892845564,1235.104347826087,1613.2652173913043,0.8681782130204376,0.8315800089645898,0.633711825462333,0.9126936822478222,-0.40864439600331154,1613.2652173913043,1235.104347826087
1299,470.0,79.01219330881976,0.6653355848627943,0.9771309771309772,28.3474546302872,21.16263385676866,-1.4948704154090953,1237.5872340425533,1310.1787234042554,0.9460617560700227,0.6753498574248739,0.6349857537416898,0.07585298350223667,-0.9971190124021352,1310.1787234042554,1237.5872340425533
1300,597.0,102.91168824543142,0.8713830013018593,0.891044776119403,40.332837314834904,19.7874258420089,0.10710735625343216,1248.7252931323283,1424.3031825795645,0.7083612401572679,0.7341768982368889,0.6407005095599426,0.9942694886240927,0.10690268467716367,1424.3031825795645,1248.7252931323283
1301,342.0,75.11269837220809,0.8762100926360179,0.9318801089918256,30.521914787506603,14.709405768065249,0.23457838031197686,1245.2309941520468,1157.9736842105262,0.761744350755394,0.5968936516549105,0.6389076419456372,0.972612426078034,0.23243293363592188,1157.9736842105262,1245.2309941520468
1302,584.0,92.76955262170046,0.8061740536364999,0.9573770491803278,35.725451834322186,21.13798017968689,1.5474502157567214,1239.9195205479452,1370.650684931507,0.8527304799789819,0.7065209716141788,0.6361824117742151,0.023343990331738677,0.999727491927371,1370.650684931507,1239.9195205479452
1303,271.0,64.5269119345812,0.8173751286964751,0.9475524475524476,24.717708757754902,14.24001551094633,0.4308774294236982,1241.7822878228783,533.4354243542435,0.8178946958827827,0.2749667135846616,0.637138167174386,0.9085996251155459,0.4176681951500371,533.4354243542435,1241.7822878228783
1304,540.0,88.32590180780451,0.6359517291691937,0.9608540925266904,30.068286520613086,23.2045637931618,-0.6419451094852643,1244.3185185185184,700.6925925925926,0.8698161425450525,0.3611817487590684,0.6384394656328981,0.8009326307547406,-0.5987544747158808,700.6925925925926,1244.3185185185184
1305,346.0,69.59797974644665,0.47662576715290333,0.9505494505494505,22.495345025422914,19.77579942231441,-0.11524710069675036,1243.8959537572255,1625.8063583815028,0.8976203628843795,0.8380445146296406,0.6382226545701516,0.9933664000001287,-0.11499215343137312,1625.8063583815028,1243.8959537572255
1306,674.0,94.9116882454314,0.5009142116889402,0.9768115942028985,31.563381782130577,27.318010337156522,-0.07070211167685334,1249.4436201780416,149.15727002967358,0.9402219018313579,0.07688519073694515,0.6410690714099752,0.9975016466907234,-0.07064322224598248,149.15727002967358,1249.4436201780416
1307,202.0,56.526911934581186,0.8819342305504543,0.9439252336448598,23.44099956651618,11.049442051657996,0.8609886308890218,1243.6930693069307,448.16336633663366,0.7944209933068462,0.23101204450341942,0.6381185578793898,0.651687922876166,0.7584872122701531,448.16336633663366,1243.6930693069307
1308,486.0,88.18376618407358,0.8141140873578592,0.9604743083003953,33.11692311556036,19.23116157578726,0.590493117358198,1247.767489711934,1772.3230452674898,0.7853601257071516,0.9135685800347886,0.6402090763016594,0.8306662268057288,0.5567707065249874,1772.3230452674898,1247.767489711934
1309,193.0,51.11269837220809,0.4175716514820629,0.946078431372549,16.595745092306675,15.07962417755918,0.0008228825686303497,1243.4922279792745,560.9844559585492,0.9283453252650101,0.28916724533945837,0.6380155094814133,0.9999996614321582,0.0008228824757631558,560.9844559585492,1243.4922279792745
1310,437.0,78.56244584051393,0.42723671903519983,0.9646799116997793,25.090911126344484,22.685691478095887,-0.19016667404399923,1249.329519450801,1142.2608695652175,0.8897363003738415,0.5887942626624832,0.6410105281943566,0.98197274360149,-0.1890225669695617,1142.2608695652175,1249.329519450801
1311,493.0,89.7401153701776,0.8496078466924974,0.9426386233269598,34.80984851630431,18.35923376744044,-0.7705863080285856,1249.4523326572007,1814.9837728194725,0.7692783962249591,0.9355586457832332,0.6410735416404314,0.7175023965614958,-0.6965560357419279,1814.9837728194725,1249.4523326572007
1312,313.0,71.59797974644665,0.8861827210080656,0.9542682926829268,29.592543010365034,13.711288467358314,-0.6285180669319561,1248.182108626198,1258.8658146964856,0.7672778574490419,0.6488999044827245,0.6404218104803479,0.808899693826455,-0.5879466687782722,1258.8658146964856,1248.182108626198
1313,594.0,92.76955262170047,0.812231366732691,0.972176759410802,36.147451099986164,21.0860884041663,1.5645246244124158,1249.013468013468,66.53703703703704,0.8673320292936901,0.034297441771668574,0.6408483673747911,0.0062716612671093,0.9999803329390787,66.53703703703704,1249.013468013468
1314,330.0,68.04163056034263,0.7535255857260375,0.9705882352941176,25.409986306854424,16.704997160642606,-0.3455482879504059,1252.3757575757577,1790.4333333333334,0.8957243463404378,0.9229037800687285,0.6425735031173718,0.9408898819999058,-0.33871260671873926,1790.4333333333334,1252.3757575757577
1315,204.0,53.21320343559643,0.7813465469859721,0.9532710280373832,20.412489108812256,12.739381524680525,-1.304031807252782,1248.0441176470588,1565.3039215686274,0.9053181409863179,0.8068576915302204,0.6403510095675007,0.26361178411262065,-0.9646288546777777,1565.3039215686274,1248.0441176470588
1316,596.0,100.32590180780451,0.8386073756931435,0.9155145929339478,37.93559050084592,20.66489435316733,1.501971484105149,1253.9697986577182,1599.971476510067,0.7440977295013163,0.8247275652113748,0.643391379506269,0.06877051996170878,0.9976325052764651,1599.971476510067,1253.9697986577182
1317,182.0,52.87005768508881,0.5998115199274334,0.91,17.533846982245514,14.029555563181113,1.252809811792719,1250.021978021978,98.58791208791209,0.8182041604685204,0.050818511385521695,0.6413658173535033,0.31265465298846207,0.9498668685477267,98.58791208791209,1250.021978021978
1318,207.0,56.42031021678297,0.6776829600501365,0.9282511210762332,19.24879125746351,14.154679577245936,1.5478016999254731,1250.9082125603866,548.8212560386473,0.8171640835910191,0.28289755465909655,0.6418205297898341,0.022992600510524114,0.9997356352165123,548.8212560386473,1250.9082125603866
1319,569.0,89.01219330881976,0.6489689088960688,0.964406779661017,31.015752277957514,23.59724734882917,-1.5227220715062513,1254.3286467486819,934.4042179261863,0.9024499507548285,0.48165165872483834,0.6435754985883437,0.04805573975387587,-0.9988446555279293,934.4042179261863,1254.3286467486819
1320,458.0,85.94112549695429,0.853104592219153,0.9581589958158996,33.83247665165545,17.651754005738685,-0.06659923176929729,1260.1353711790393,960.829694323144,0.7792436431181645,0.49527303831089897,0.6465548338527651,0.9977830907628833,-0.06655000967443843,960.829694323144,1260.1353711790393
1321,1123.0,129.29646455628165,0.7303559306464881,0.9565587734241908,46.17020551450326,31.53733322846427,1.0304777193981103,1263.46749777382,1106.9483526268923,0.8441435776156488,0.5705919343437589,0.6482644934704054,0.514409237883515,0.8575448303034082,1106.9483526268923,1263.46749777382
1322,1102.0,123.49747468305833,0.42097251279181647,0.9717813051146384,39.56707016715655,35.89023665706216,-0.3399957041798975,1265.3430127041743,1493.2241379310344,0.9079779550863152,0.7697031638819765,0.6492267894839273,0.9427560981202018,-0.3334830422332934,1493.2241379310344,1265.3430127041743
1323,639.0,101.39696961966997,0.8703062021485315,0.9537313432835821,41.05025805291425,20.217704868327708,-0.8253384939056383,1264.2003129890454,1183.0093896713615,0.7810175101252645,0.609798654469774,0.6486404889630812,0.6783082868070056,-0.7347774275581314,1183.0093896713615,1264.2003129890454
1324,584.0,99.25483399593904,0.8606844421072068,0.9449838187702265,38.736063163787506,19.722031705920802,-1.368676667990734,1259.7191780821918,1354.0633561643835,0.7449367098278855,0.6979708021465895,0.6463412919867583,0.20074628968397282,-0.9796432652645137,1354.0633561643835,1259.7191780821918
1325,101.0,35.55634918610404,0.7351889173485955,0.9619047619047619,13.76013434385038,9.327475888818032,-0.057955372872627475,1256.4554455445545,14.92079207920792,1.00391492906771,0.007691129937736041,0.6446667242404077,0.998321057396097,-0.05792293465924179,14.92079207920792,1256.4554455445545
1326,431.0,85.49747468305833,0.8416111758180989,0.9389978213507625,32.77144071499394,17.69932780422871,0.8468463208773509,1262.5893271461716,685.6125290023202,0.7409357665963306,0.3534085201042888,0.6478139184947007,0.6623491572947171,0.7491952975232681,685.6125290023202,1262.5893271461716
1327,1090.0,130.3259018078045,0.7186546607984932,0.9478260869565217,45.29261091165895,31.494993935488722,0.9846883165902083,1267.234862385321,832.9302752293578,0.8064452429131935,0.4293455026955453,0.650197466590724,0.5531228046762873,0.8330997316930535,832.9302752293578,1267.234862385321
1328,216.0,59.35533905932738,0.8875903734492027,0.935064935064935,24.49024853067218,11.281031757919724,-0.9667253536172784,1259.3333333333333,1547.4305555555557,0.7704492466044726,0.7976446162657503,0.6461433213613819,0.5679977044120023,-0.823030137833783,1547.4305555555557,1259.3333333333333
1329,957.0,135.88225099390857,0.8395616167013774,0.8828413284132841,49.05430563875315,26.649461688030478,1.3372737545103188,1268.4190177638454,485.7533960292581,0.6513228828218021,0.25038834846868974,0.6508050373339381,0.23140591226966656,0.9728572884892436,485.7533960292581,1268.4190177638454
1330,663.0,101.9827560572969,0.8375823904317123,0.9553314121037464,39.522139318316796,21.591380557010005,-0.6475395571521394,1270.262443438914,760.8582202111614,0.8010689591421465,0.3921949588717327,0.6517508688757897,0.7975704139538207,-0.603225857192421,760.8582202111614,1270.262443438914
1331,713.0,119.63961030678928,0.890363145342514,0.9106002554278416,45.64596599051497,20.780371483411272,-0.928052481188814,1267.1472650771389,787.6844319775596,0.6259640825169235,0.4060229030812163,0.6501525218456331,0.5993940174738865,-0.8004541284898931,787.6844319775596,1267.1472650771389
1332,745.0,102.91168824543144,0.7524033552693808,0.9713168187744459,37.955724234255975,25.001536419917656,1.1365771108383151,1267.573154362416,274.81879194630875,0.8839683817707946,0.1416591711063447,0.6503710386672222,0.42070220332922686,0.907198796358292,274.81879194630875,1267.573154362416
1333,319.0,84.18376618407356,0.9221410077638772,0.7935323383084577,35.22824965673122,13.628186764976414,0.4754926559972079,1267.0815047021943,1229.1849529780563,0.5656448596068776,0.6336004912258022,0.6501187812735733,0.8890673031834403,0.4577765070535235,1229.1849529780563,1267.0815047021943
1334,701.0,98.91168824543142,0.6620829028478152,0.9709141274238227,34.68187575068679,25.991659081157497,1.2930436208131941,1271.2168330955778,1210.7475035663338,0.9003941255748494,0.6240966513228524,0.6522405505877772,0.2741951784009005,0.9616740633612296,1210.7475035663338,1271.2168330955778
1335,68.0,31.31370849898476,0.8490410856727731,0.9444444444444444,12.996363075943494,6.86632725060781,-0.08700108980028184,1265.0294117647059,2.3970588235294117,0.8714646356056385,0.0012355973317161916,0.6490658859747079,0.9962177917775425,-0.08689137670607415,2.3970588235294117,1265.0294117647059
1336,306.0,65.35533905932738,0.7748137323813669,0.9652996845425867,24.867382581904497,15.72090044620453,0.6633353867866129,1271.388888888889,668.7418300653595,0.900262471250118,0.3447122835388451,0.6523288295992247,0.7879428591916157,0.615748366338833,668.7418300653595,1271.388888888889
1337,528.0,84.18376618407358,0.4283500331630556,0.9652650822669104,27.395690522588545,24.755098997452144,0.5553265439216509,1273.9261363636363,66.89393939393939,0.9362397676251764,0.03448141205873165,0.6536306497504547,0.8497283248283155,0.5272208019269201,66.89393939393939,1273.9261363636363
1338,263.0,62.87005768508881,0.7272589214544902,0.9563636363636364,22.50962687574998,15.449779842353408,-0.44058706160582195,1270.9011406844106,519.722433460076,0.8361378721115429,0.26789816157735874,0.6520785739786612,0.9045014546205785,-0.42647053660160095,519.722433460076,1270.9011406844106
1339,960.0,128.8111831820431,0.7678362841521728,0.935672514619883,44.38081279430525,28.432395161254348,-1.2808136735533153,1279.16875,1366.5979166666666,0.7270662044939713,0.7044319158075601,0.6563205489994869,0.2859356026367987,-0.9582488357126925,1366.5979166666666,1279.16875
1340,637.0,95.25483399593904,0.7221722608739837,0.9578947368421052,34.46204583797533,23.837853862717406,-0.34737825094971736,1279.4709576138148,1826.7315541601256,0.8822166447899226,0.9416142031753225,0.6564756067797921,0.94026847539924,-0.3404338322940139,1826.7315541601256,1279.4709576138148
1341,693.0,97.25483399593904,0.5510786007641044,0.9678770949720671,32.59529326213152,27.199251314121693,0.5777571283280922,1279.5555555555557,878.0764790764791,0.9207054307860335,0.45261674179199957,0.6565190125990537,0.8376896923473661,0.5461464815733734,878.0764790764791,1279.5555555555557
1342,1279.0,135.9827560572969,0.7175150229585586,0.9718844984802432,48.64929073122109,33.88632434489102,-0.2257248641342146,1288.2142298670838,1735.2470680218921,0.8691860156811078,0.8944572515576763,0.660961636668591,0.9746321291910268,-0.22381289674316246,1735.2470680218921,1288.2142298670838
1343,361.0,73.59797974644665,0.8521389650333205,0.967828418230563,29.798755646080526,15.59415275258783,-0.8057324510697756,1275.5595567867035,1577.2326869806095,0.8375008945034723,0.8130065396807266,0.6544687310347376,0.6925830759717277,-0.721338119662021,1577.2326869806095,1275.5595567867035
1344,568.0,103.63961030678927,0.9087367467463632,0.9088,42.65955494986424,17.804808648100707,-0.6538343950480162,1283.2676056338028,1595.9542253521126,0.664517858861566,0.8226568171918106,0.6584236047377131,0.7937574282402134,-0.6082344491341167,1595.9542253521126,1283.2676056338028
1345,310.0,71.1126983722081,0.8803893796375661,0.9538461538461539,29.08061824360379,13.791528508281896,0.29775050375730466,1278.0548387096774,343.9516129032258,0.7703307624034406,0.17729464582640506,0.6557490193482183,0.9559988430477213,0.29337043493068327,343.9516129032258,1278.0548387096774
1346,781.0,109.63961030678928,0.7836647601908826,0.9582822085889571,40.30276723517808,25.035433571121402,-0.9230527859972149,1282.8181818181818,941.1241997439181,0.8164431157078113,0.4851155668783083,0.6581930127338028,0.6033885359619967,-0.7974473491520542,941.1241997439181,1282.8181818181818
1347,750.0,102.32590180780451,0.3612940963408529,0.9578544061302682,32.199754137561285,30.024722445429028,-1.3118732065446086,1280.3706666666667,1767.5186666666666,0.9001190761977546,0.9110920962199313,0.6569372327689413,0.25603971723123264,-0.966666262574706,1767.5186666666666,1280.3706666666667
1348,484.0,87.94112549695429,0.8914538406713363,0.968,36.90934425443369,16.724049093442563,-1.444625088577231,1275.1260330578511,1661.495867768595,0.7864501263913288,0.856441168952884,0.6542462971051057,0.1258367474325457,-0.9920509629024095,1661.495867768595,1275.1260330578511
1349,478.0,84.52691193458118,0.6386069494763041,0.9598393574297188,28.64373370848516,22.042300676735117,1.4113684776048225,1277.326359832636,915.3410041841004,0.8407129839722428,0.47182525988871155,0.6553752487596901,0.15875333767837066,0.9873182758239499,915.3410041841004,1277.326359832636
1350,501.0,87.25483399593904,0.8052042873007018,0.9616122840690979,33.12899230758308,19.645410194315964,0.8372086316068333,1281.2395209580839,44.007984031936125,0.8269297121114998,0.022684527851513467,0.6573830276850097,0.6695387960654233,0.7427770867247209,44.007984031936125,1281.2395209580839
1351,747.0,129.81118318204307,0.8904930566174046,0.8318485523385301,50.00306053115782,22.751234076271516,-0.5861634496936153,1289.6666666666667,686.8420348058902,0.5570654825333575,0.3540422859824176,0.6617068582178895,0.8330690655671826,-0.5531689904495922,686.8420348058902,1289.6666666666667
1352,1099.0,126.66904755831214,0.6437197381476782,0.9751552795031055,43.29859851145484,33.13474295743412,-0.2245060894348582,1290.4858962693359,14.146496815286625,0.8607292194726911,0.007292008667673518,0.6621271915183868,0.9749041827545086,-0.22262487382986593,14.146496815286625,1290.4858962693359
1353,957.0,167.0365799264593,0.97659238163352,0.9114285714285715,77.51410898764598,16.673160541890926,0.7478190409967185,1294.7450365726227,1636.9477533960292,0.4310211917081568,0.8437875017505305,0.6643124866970871,0.7331737537175109,0.6800413567274969,1636.9477533960292,1294.7450365726227
1354,619.0,94.08326112068522,0.6718526844618038,0.958204334365325,32.82962869858087,24.31640690973661,1.096602405276432,1285.092084006462,655.4394184168013,0.8787711446198843,0.33785537031793883,0.6593597147288158,0.4566214589492157,0.8896610833497719,655.4394184168013,1285.092084006462
1355,245.0,62.112698372208094,0.7325195711380726,0.928030303030303,22.039428008260547,15.003251833802034,-0.025313459245597365,1283.8612244897959,898.4122448979592,0.7980225339919212,0.4630990953082264,0.6587281808567449,0.9996796314979685,-0.025310755976184787,898.4122448979592,1283.8612244897959
1356,1377.0,189.82337649086287,0.9455464481634347,0.8255395683453237,81.10650329634144,26.399128286148024,-0.3959851858758847,1306.7291212781408,1529.1764705882354,0.480224613806298,0.7882352941176471,0.6704613244115654,0.9226170089057651,-0.38571732509414114,1529.1764705882354,1306.7291212781408
1357,317.0,71.94112549695427,0.6646624123359016,0.8980169971671388,23.84855577680894,17.818300902793457,-1.3884453127471061,1281.7192429022082,1419.7665615141955,0.7696879197449382,0.7318384337702039,0.6576291651627543,0.18134210686570684,-0.9834200731516042,1419.7665615141955,1281.7192429022082
1358,520.0,85.49747468305833,0.6932130320321432,0.9701492537313433,30.554071587956138,22.021319939623485,-0.31432162093584265,1290.3288461538461,1099.2096153846153,0.893936423735712,0.5666028945281522,0.6620466116746261,0.9510063331283838,-0.3091713996308608,1099.2096153846153,1290.3288461538461
1359,410.0,82.08326112068522,0.8858098433383719,0.951276102088167,33.85829713954012,15.711888756689254,0.8336052025474108,1290.4512195121952,554.4292682926829,0.7646884243099841,0.28578828262509426,0.6621093994418652,0.6722109879362198,0.7403596340278226,554.4292682926829,1290.4512195121952
1360,433.0,77.84062043356595,0.7417252006830989,0.9686800894854586,28.741750807236837,19.277204470582998,-1.0736083422214127,1289.64896073903,1398.4803695150115,0.898018291284964,0.7208661698530987,0.6616977735962185,0.4769558706435425,-0.8789272424146725,1398.4803695150115,1289.64896073903
1361,638.0,98.18376618407355,0.8118760680490411,0.953662182361734,37.44733499709224,21.8628705752829,1.4783189076864915,1290.1050156739811,498.3573667711599,0.8316702544886847,0.25688524060369067,0.6619317679189232,0.09234566318646878,0.9957270100236567,498.3573667711599,1290.1050156739811
1362,812.0,121.39696961966999,0.876865171504171,0.9133858267716536,47.9670417634245,23.059502213592683,-0.7343631093738962,1296.6009852216748,773.4778325123152,0.6923890671434739,0.3986999136661419,0.6652647435719214,0.7422576935925895,-0.6701145546118287,773.4778325123152,1296.6009852216748
1363,367.0,70.52691193458118,0.6234258133800277,0.9657894736842105,24.62643318022471,19.25497732064806,-0.039154574287276665,1291.8882833787466,1004.866485013624,0.9271845612168845,0.5179724149554763,0.6628467333908397,0.9992335575818698,-0.03914457053385689,1004.866485013624,1291.8882833787466
1364,103.0,35.55634918610404,0.38031169667022924,0.944954128440367,11.951471717213666,11.053418708450538,-1.4385154367642874,1284.7184466019417,1464.5728155339805,1.0237944326136053,0.7549344409968971,0.6591680074920173,0.13189544708875195,-0.9912636334685432,1464.5728155339805,1284.7184466019417
1365,424.0,87.42640687119285,0.8700279919778149,0.9157667386609071,33.910974313850495,16.71818920449385,0.3107604686191602,1295.0117924528302,1479.4669811320755,0.6970925817859946,0.7626118459443688,0.6644493547731299,0.9521013070148542,0.3057827679588999,1479.4669811320755,1295.0117924528302
1366,510.0,82.42640687119285,0.47212388324054677,0.9714285714285714,27.172296336424562,23.953254464980766,-0.9203550836048671,1291.5529411764705,1790.535294117647,0.9432945018861189,0.9229563371740449,0.662674674795521,0.605537613365894,-0.7958166866805051,1790.535294117647,1291.5529411764705
1367,746.0,105.1543289325507,0.7893335174988392,0.9625806451612903,39.381296233923045,24.17872397379006,1.1775067523245206,1294.7439678284181,1200.289544235925,0.8478018875457348,0.6187059506370747,0.6643119383419283,0.3832289098018557,0.9236533996538318,1200.289544235925,1294.7439678284181
1368,221.0,57.698484809834994,0.8088572200123431,0.9364406779661016,21.955977242886675,12.910226594448682,-0.20051165151380224,1291.7285067873304,1228.9954751131222,0.8342060220761597,0.6335028222232588,0.6627647546369063,0.9799648000973544,-0.19917075731681122,1228.9954751131222,1291.7285067873304
1369,799.0,113.39696961966999,0.8010264310527733,0.9511904761904761,41.856414370992205,25.056462678387856,0.7184945918921692,1298.4067584480601,1662.7959949937422,0.780825064556115,0.8571113376256403,0.666191256258625,0.7527975199062817,0.6582521507924994,1662.7959949937422,1298.4067584480601
1370,535.0,86.42640687119285,0.694858054622372,0.963963963963964,30.846144282213686,22.182909469581965,-0.8978114649896394,1296.056074766355,588.0448598130841,0.9000584849175273,0.30311590712014647,0.6649851589360467,0.6233228166108895,-0.7819646195911087,588.0448598130841,1296.056074766355
1371,1217.0,178.50966799187808,0.6892173253795596,0.7322503008423586,54.24455800659088,39.30314814685578,-0.9539151628816628,1308.4527526705012,803.94905505341,0.4799289607895807,0.4144067294089742,0.6713456914676764,0.5784939852491153,-0.8156866488000134,803.94905505341,1308.4527526705012
1372,245.0,57.35533905932738,0.719575211841374,0.9683794466403162,21.247492456551292,14.754567105856543,-0.413732382684199,1295.2081632653062,1898.1102040816327,0.9358974101048623,0.9784073216915632,0.664550109422938,0.9156266756661648,-0.4020295894688944,1898.1102040816327,1295.2081632653062
1373,510.0,82.42640687119284,0.548171248153475,0.9695817490494296,27.895838713358465,23.33113432236376,-1.0227575208035886,1298.1313725490197,726.4725490196079,0.9432945018861191,0.3744703860925814,0.6660499602611697,0.5210142588166394,-0.8535479729398623,726.4725490196079,1298.1313725490197
1374,410.0,75.69848480983498,0.6965411685066782,0.9624413145539906,27.23779615849525,19.543577141444338,-1.2784170967749238,1297.1926829268293,1268.3634146341462,0.8991234970421974,0.6537955745536836,0.6655683339799021,0.2882312961993699,-0.9575608178550494,1268.3634146341462,1297.1926829268293
1375,628.0,105.88225099390857,0.914309235014236,0.9544072948328267,44.712221027190864,18.109201480892754,-0.9095904188021334,1301.5589171974523,1436.5143312101911,0.7039197924124628,0.7404713047475212,0.6678085773203962,0.6140690638871951,-0.7892522947554249,1436.5143312101911,1301.5589171974523
1376,236.0,56.87005768508881,0.6083118911320021,0.959349593495935,19.53620299562346,15.505846819337204,1.2564559086597495,1297.6525423728813,1174.3601694915253,0.9169687376363183,0.6053402935523327,0.6658042803349827,0.3091892758318229,0.9510005214039543,1174.3601694915253,1297.6525423728813
1377,282.0,66.76955262170047,0.7867967871189313,0.94,24.491856418806467,15.116670914733566,-1.3854730550627103,1301.0283687943263,1600.290780141844,0.7948808599874692,0.8248921547122907,0.6675363616184332,0.1842642794152461,-0.9828767345560582,1600.290780141844,1301.0283687943263
1378,176.0,55.35533905932738,0.9004944770447277,0.9072164948453608,23.238995066006847,10.105882464595803,-0.7622929770767314,1302.875,1234.1363636363637,0.7217777687839639,0.6361527647610122,0.6684838378655721,0.7232544255436446,-0.6905816649256862,1234.1363636363637,1302.875
1379,371.0,79.59797974644667,0.8689969407068447,0.9392405063291139,31.602006004007325,15.637224288201509,-1.0894054810989748,1302.8814016172507,1329.1455525606468,0.7358337158430525,0.6851265734848695,0.6684871224306058,0.46301240156969303,-0.8863518014832854,1329.1455525606468,1302.8814016172507
1380,337.0,69.1126983722081,0.5802055526077932,0.9546742209631728,23.319684960306088,18.99318575404534,0.6155268031752247,1305.0385756676558,1376.2522255192878,0.8865925260941353,0.7094083636697359,0.6695939331286074,0.8164693899972402,0.5773887210515414,1376.2522255192878,1305.0385756676558
1381,293.0,63.35533905932737,0.3000700811711354,0.9543973941368078,19.95987022130378,19.040062697097888,0.24806081230940033,1304.0819112627987,1878.4436860068258,0.9172992647887883,0.9682699412406318,0.6691030842805534,0.9693903623500956,0.24552459221583142,1878.4436860068258,1304.0819112627987
1382,612.0,96.66904755831214,0.7975971552855662,0.9607535321821036,36.28209384326628,21.885014283964427,-1.142529383525601,1308.6176470588234,606.9346405228758,0.8229745531851325,0.31285290748601846,0.6714302960794374,0.4152948879747406,-0.9096868450307763,606.9346405228758,1308.6176470588234
1383,416.0,85.9827560572969,0.8249399316866345,0.9122807017543859,31.468702770755364,17.786753005096667,-0.6637778856348167,1310.8653846153845,1455.233173076923,0.7070994040767564,0.7501201923076923,0.6725835734301614,0.7876703141159538,-0.6160969698517228,1455.233173076923,1310.8653846153845
1384,254.0,60.35533905932738,0.7672298260665587,0.9442379182156134,22.51972101092805,14.443524677046286,-0.9992569932675858,1305.9212598425197,1907.1968503937007,0.8762180444862233,0.983091159996753,0.6700468239315135,0.5409273752780873,-0.8410693043232284,1907.1968503937007,1305.9212598425197
1385,440.0,84.18376618407358,0.8734598815817959,0.9482758620689655,33.99142793951193,16.550294502532918,-0.04666769363041856,1314.6704545454545,145.78863636363636,0.7801998063543136,0.07514878163074039,0.674535892532301,0.9989112608018264,-0.04665075608503647,145.78863636363636,1314.6704545454545
1386,257.0,69.69848480983501,0.915840867956476,0.889273356401384,29.88614944604444,12.000526611701474,-1.2195772892084262,1304.7548638132296,1108.852140077821,0.6648081170745069,0.5715732680813511,0.6694483652197176,0.34404268303443225,-0.9389540096567399,1108.852140077821,1304.7548638132296
1387,877.0,109.74011537017762,0.626928944313256,0.9744444444444444,38.03506567812072,29.63222354949877,-0.5635393486015804,1316.3055872291905,1560.1197263397949,0.9151212337987819,0.8041854259483479,0.6753748523495077,0.8453697550398713,-0.5341815957741599,1560.1197263397949,1316.3055872291905
1388,1302.0,162.81118318204307,0.9288062960683507,0.8923920493488691,69.13313341911905,25.6183611101508,1.5359076067823656,1311.942396313364,489.0698924731183,0.6172376134892085,0.2520978827181022,0.673136170504548,0.034881642552469075,0.9993914503400766,489.0698924731183,1311.942396313364
1389,227.0,54.2842712474619,0.4135751276544859,0.9537815126050421,17.817875052216095,16.222640629176638,-1.0699516934141995,1308.0837004405287,1351.920704845815,0.9680275052394122,0.6968663427040284,0.6711563368088911,0.4801666030297504,-0.877177310088941,1351.920704845815,1308.0837004405287
1390,1019.0,120.81118318204308,0.7250963837627478,0.9714013346043852,43.45144791911962,29.92272640629906,-1.4348345178483013,1317.6516192345437,558.0677134445535,0.8773437218504386,0.28766376981678016,0.6760654793404534,0.13554330637279344,-0.9907714227295472,558.0677134445535,1317.6516192345437
1391,467.0,81.84062043356595,0.6128161154000681,0.9491869918699187,27.738338345995107,21.919543479562126,1.0212811309940062,1316.0642398286939,1590.7922912205568,0.8761710884185533,0.8199960264023488,0.6752510209485346,0.5222738600537867,0.8527778228263898,1590.7922912205568,1316.0642398286939
1392,426.0,76.5269119345812,0.6547583524174911,0.9616252821670429,26.839158029715485,20.286062942867495,-0.43737291571795917,1316.9906103286385,41.30281690140845,0.9140944785182779,0.021290111804849715,0.6757263264898093,0.9058675187041226,-0.4235611391013533,41.30281690140845,1316.9906103286385
1393,320.0,67.11269837220809,0.6496822179698298,0.9495548961424333,23.222144230254838,17.653611134814373,-1.2982049031296103,1311.990625,226.54375,0.8927923103443162,0.11677512886597938,0.6731609158542842,0.26922807698836704,-0.9630764468935713,226.54375,1311.990625
1394,308.0,67.94112549695429,0.7408871517759558,0.9476923076923077,24.45289735678452,16.423288009215216,0.4540540839790328,1314.801948051948,1180.564935064935,0.8384846307591015,0.6085386263221315,0.6746033596982802,0.8986763206971157,0.43861243782899595,1180.564935064935,1314.801948051948
1395,503.0,107.39696961967,0.9564065677996504,0.9314814814814815,47.62241251434329,13.90757723115658,0.4543240451552517,1325.600397614314,1644.1948310139164,0.5480167018769867,0.84752310877006,0.6801438674265337,0.8985578796216014,0.4388550295597987,1644.1948310139164,1325.600397614314
1396,641.0,98.66904755831213,0.8243768663617024,0.9639097744360903,38.017413287035374,21.519427010211995,1.3388434321053901,1315.198127925117,1850.5616224648986,0.8273819105844344,0.9538977435386076,0.6748066331067815,0.2298785555287742,0.9732193225106067,1850.5616224648986,1315.198127925117
1397,512.0,84.66904755831214,0.6122055272095496,0.9606003752345216,28.802760343782523,22.774304400235067,1.5264605343365594,1318.009765625,201.689453125,0.8974917728198801,0.1039636356314433,0.6762492383914828,0.04432126901843167,0.9990173297358739,201.689453125,1318.009765625
1398,902.0,112.81118318204308,0.6148912126179198,0.9678111587982833,38.180949156351694,30.109952499848042,0.04314876428120365,1326.3813747228382,1801.4212860310422,0.8906602969590319,0.9285676732118774,0.6805445739983778,0.9990692364931348,0.043135376351951575,1801.4212860310422,1326.3813747228382
1399,834.0,114.18376618407356,0.8577944462279998,0.9630484988452656,45.7026882057445,23.49085666048021,1.523331989664507,1318.9952038369304,664.4352517985611,0.8038355103116007,0.34249239783430985,0.6767548506089945,0.04744651736059279,0.9988737798092164,664.4352517985611,1318.9952038369304
1400,679.0,102.91168824543142,0.7759842251411395,0.9496503496503497,37.80847859752392,23.84778538565941,-1.1280866008549428,1321.6494845360826,1225.0088365243005,0.8056570888890869,0.6314478538785054,0.6781167185921408,0.4283895273630908,-0.9035941637956875,1225.0088365243005,1321.6494845360826
1401,491.0,83.35533905932738,0.5811542225990043,0.9627450980392157,27.995732469873033,22.782743544957658,-0.9636554007550858,1321.6578411405296,1264.0285132382892,0.8880236074933503,0.6515610892980872,0.6781210062291071,0.5705216875940301,-0.8212825360281685,1264.0285132382892,1321.6578411405296
1402,500.0,94.18376618407356,0.5239807572982641,0.9057971014492754,28.5768251351949,24.33974217596589,1.2956114451351688,1323.23,127.824,0.7083171588861609,0.06588865979381443,0.6789276552077989,0.2717248670820967,0.962374977131688,127.824,1323.23
1403,514.0,84.18376618407356,0.5386711731251429,0.9607476635514018,28.03831664192268,23.622732996108635,0.6453026614390398,1322.1517509727626,1075.4591439688716,0.9114152283320848,0.5543603834891091,0.6783744232800218,0.798917770760834,0.6014402676596732,1075.4591439688716,1322.1517509727626
1404,472.0,83.59797974644667,0.7530894353582649,0.9383697813121272,30.614191787554642,20.141632663143824,-1.0280721395400898,1322.6271186440679,1148.8135593220338,0.8487119127667397,0.5921719377948628,0.678618326651651,0.5164706400703584,-0.8563048977702477,1148.8135593220338,1322.6271186440679
1405,693.0,100.5685424949238,0.8103475447714265,0.9746835443037974,38.92506014712674,22.80812086370036,-0.6575608176965143,1328.6046176046177,72.33044733044733,0.8610309973315876,0.03728373573734398,0.6816852835323847,0.7914853837179265,-0.6111880949109584,72.33044733044733,1328.6046176046177
1406,752.0,119.74011537017762,0.9123270804365005,0.9181929181929182,50.08555934765998,20.508143629011695,-0.47439609042120473,1335.1675531914893,1192.910904255319,0.6590955206645995,0.6149025279666593,0.6850526183640273,0.8895687505098455,-0.45680131142144526,1192.910904255319,1335.1675531914893
1407,945.0,135.88225099390854,0.8935344744206066,0.8693652253909844,54.07454676372968,24.27917902422886,0.7110240490924815,1336.651851851852,1112.2878306878306,0.6431558247299929,0.5733442426225931,0.6858141877125972,0.7576939686873909,0.6526100288953205,1112.2878306878306,1336.651851851852
1408,707.0,107.7401153701776,0.8143562994313144,0.9364238410596026,40.22169691247933,23.343274981978222,-0.34484176247275555,1333.171145685997,1685.980198019802,0.7653752341325968,0.869061957742166,0.6840282943488953,0.9411289562303714,-0.3380477595617691,1685.980198019802,1333.171145685997
1409,310.0,65.698484809835,0.668374073320263,0.9567901234567902,23.095050182484787,17.178682959515736,-1.5167408789216754,1322.467741935484,882.7935483870967,0.9025283455195493,0.4550482208180911,0.6785365530710539,0.054029126792975904,-0.9985393599943813,882.7935483870967,1322.467741935484
1410,338.0,67.94112549695427,0.7449062876819936,0.9712643678160919,25.460347863394066,16.986357647849935,-1.2805711421893469,1322.2396449704142,1332.7100591715975,0.9201552116771962,0.6869639480265967,0.6784195202516236,0.2861679996220918,-0.9581794591788589,1332.7100591715975,1322.2396449704142
1411,1643.0,183.5391052434009,0.8834708003855039,0.8597592883307169,70.072550827753,32.82802495187716,-1.1770136597672352,1332.3043213633598,246.8709677419355,0.612900826636699,0.12725307615563686,0.6835835409765828,0.38368430981109086,-0.9234643200496633,246.8709677419355,1332.3043213633598
1412,418.0,76.04163056034261,0.24602698416912558,0.9675925925925926,23.70077370796125,22.972282536127548,-0.5446066837095033,1325.2822966507176,292.0645933014354,0.908412923493125,0.1505487594337296,0.6799806550285878,0.8553311269124436,-0.5180817149202327,292.0645933014354,1325.2822966507176
1413,922.0,130.71067811865476,0.8921582989363218,0.9183266932270916,52.242084772453566,23.59894552975483,0.4965797568783984,1337.6203904555314,620.6377440347071,0.6781388876573601,0.3199163629044882,0.6863111290177175,0.8792171775910697,0.4764211945629555,620.6377440347071,1337.6203904555314
1414,592.0,91.01219330881976,0.592982482640789,0.9689034369885434,30.932648160221028,24.907443410664087,0.07161936945461811,1329.1486486486488,766.0168918918919,0.8981159506383024,0.39485406798551126,0.6819644169567207,0.9974364290248818,0.07155815854318646,766.0168918918919,1329.1486486486488
1415,386.0,73.11269837220809,0.6385012710844045,0.9601990049751243,25.469458185245212,19.601823973816096,0.8191122751374612,1325.1632124352332,1378.240932642487,0.9074266781002536,0.7104334704342716,0.6799195548667178,0.6828699947195086,0.7305399169872775,1378.240932642487,1325.1632124352332
1416,673.0,102.81118318204308,0.4877683013908581,0.9412587412587412,32.30842702563959,28.20438863738292,-1.2344068989520356,1329.6537890044576,845.1381872213967,0.8000998959040879,0.4356382408357715,0.6822235962054682,0.3300810420850028,-0.9439525971446229,845.1381872213967,1329.6537890044576
1417,778.0,102.32590180780453,0.5034224258120104,0.974937343358396,33.92076288597094,29.308910481514104,0.8716574250464107,1332.1336760925449,699.8997429305913,0.9337235217091373,0.3607730633662842,0.6834959856811416,0.6435588442083918,0.765396638378533,699.8997429305913,1332.1336760925449
1418,936.0,120.12489168102785,0.8095086215128845,0.9551020408163265,45.46750193556443,26.69433366297744,1.012027488076297,1333.8643162393162,945.0630341880342,0.8151165191357038,0.4871458939113578,0.684383948814426,0.5301426879214112,0.8479084446114812,945.0630341880342,1333.8643162393162
1419,597.0,96.66904755831213,0.8023827582492912,0.9476190476190476,36.031527517201184,21.503967882631297,-1.3387736916922273,1329.5142378559465,1434.8023450586265,0.8028036082541246,0.7395888376590859,0.6821519947952521,0.2299464276873361,-0.9732032883184442,1434.8023450586265,1329.5142378559465
1420,820.0,113.59797974644665,0.8096598003929405,0.9436133486766398,42.86693420654971,25.15858168730077,0.04517409341159741,1338.5939024390243,1756.621951219512,0.798513937253282,0.9054752325873774,0.6868106220826189,0.9989798241492193,0.04515873052683188,1756.621951219512,1338.5939024390243
1421,83.0,32.97056274847714,0.8231754589904375,0.9540229885057471,13.64857807334042,7.749486236339529,0.9187501110145976,1324.7710843373493,1614.0963855421687,0.9594784761831847,0.8320084461557571,0.6797183603577985,0.6068140968733278,0.7948437908393117,1614.0963855421687,1324.7710843373493
1422,486.0,85.1126983722081,0.4816698987047571,0.9455252918287937,27.004320513245844,23.66531002365817,-0.02371751593761746,1334.1316872427983,595.4506172839506,0.843057923529783,0.30693330787832507,0.684521132500153,0.9997187529031848,-0.023715292401757543,595.4506172839506,1334.1316872427983
1423,372.0,76.2842712474619,0.7903376193167023,0.914004914004914,28.34555074319182,17.366512956207067,0.3818004614058274,1334.1182795698924,445.3279569892473,0.8033093103462745,0.22955049329342644,0.6845142532426334,0.9279953027398266,0.37259189214584043,445.3279569892473,1334.1182795698924
1424,332.0,75.35533905932736,0.891107637975787,0.9352112676056338,30.787324547807813,13.971041522757957,-0.3358121462684931,1334.7951807228915,802.7620481927711,0.7347166657798263,0.4137948702024593,0.684861560145147,0.9441429895496904,-0.329536060673446,802.7620481927711,1334.7951807228915
1425,338.0,92.66904755831214,0.9443645503984752,0.6926229508196722,37.560788015125205,12.353765216178573,-1.2291649534768743,1341.5591715976332,126.75739644970415,0.49460347745163064,0.06533886414933203,0.68833205315425,0.3350246324977479,-0.9422093693122293,126.75739644970415,1341.5591715976332
1426,441.0,76.76955262170048,0.618517414880398,0.9649890590809628,26.735649406188305,21.00810040314633,1.1216080871187717,1337.5374149659865,1590.5941043083901,0.9403086559704419,0.819893868200201,0.6862685556521224,0.4342344436487584,0.9007998933997791,1590.5941043083901,1337.5374149659865
1427,500.0,81.59797974644665,0.5419564279573086,0.9727626459143969,27.548834331337076,23.15222181529332,-0.2865227930119564,1341.534,1306.204,0.9436719706743888,0.673301030927835,0.6883191380194972,0.9592323955419839,-0.28261849080126894,1306.204,1341.534
1428,670.0,129.29646455628165,0.8749832541529483,0.7494407158836689,48.665901283938425,23.561751027415593,1.2269211363150327,1342.389552238806,535.610447761194,0.5036297390939312,0.2760878596707185,0.6887581078700903,0.33713793290014493,0.9414552640459436,535.610447761194,1342.389552238806
1429,663.0,105.39696961966999,0.8595390805572973,0.9484978540772532,41.0102738516916,20.95912162411156,1.217907280514322,1345.3725490196077,827.6259426847662,0.7500101555878429,0.4266113106622506,0.690288634694514,0.3456102639098514,0.9383781463142473,827.6259426847662,1345.3725490196077
1430,304.0,63.35533905932738,0.5808046645998948,0.9620253164556962,21.86212767889851,17.796711139088593,-1.2541614963489127,1339.345394736842,1356.6611842105262,0.9517371211460464,0.6993098887683125,0.6871962004806783,0.31137044738479425,-0.9502886111573647,1356.6611842105262,1339.345394736842
1431,629.0,97.84062043356595,0.7852969308381202,0.9515885022692889,36.40001481507749,22.53595236206503,-1.281608792764469,1344.6661367249603,166.14785373608902,0.8256996745876012,0.08564322357530361,0.6899261861082403,0.28517359027242006,-0.9584758856701289,166.14785373608902,1344.6661367249603
1432,404.0,76.08326112068522,0.5542513280756677,0.9596199524940617,25.316286544737824,21.071995028308802,-0.834151012724509,1345.5940594059407,1558.720297029703,0.8770270542700828,0.8034640706338675,0.6904022880481995,0.6718067920045537,-0.7407264233281747,1558.720297029703,1345.5940594059407
1433,784.0,106.5685424949238,0.7520103363580087,0.9679012345679012,38.975957832006024,25.691053797579496,-1.1814645181163594,1348.8227040816328,269.78061224489795,0.8674967861014813,0.1390621712602567,0.6920588527868818,0.3795703140890204,-0.9251628919613899,269.78061224489795,1348.8227040816328
1434,53.0,26.72792206135785,0.4776602695649789,0.8833333333333333,8.862036258077525,7.785694365284687,-0.5292553812938408,1338.566037735849,865.9622641509434,0.9322992635626207,0.4463723011087337,0.6867963251594915,0.8631832608677172,-0.504890738831457,865.9622641509434,1338.566037735849
1435,542.0,89.49747468305831,0.8149634608573254,0.9644128113879004,34.53534611155488,20.013659394405007,-0.7654805668690983,1349.7638376383763,1621.638376383764,0.8503301699422481,0.8358960703009092,0.6925417330109679,0.721049463812634,-0.6928835910421843,1621.638376383764,1349.7638376383763
1436,436.0,78.42640687119285,0.7240512722453426,0.9667405764966741,28.541158664229062,19.686154382158108,-0.49728146974062726,1351.9426605504586,1274.4793577981652,0.8907825832086316,0.6569481225763738,0.6936596513855612,0.8788826502747683,-0.47703803521941446,1274.4793577981652,1351.9426605504586
1437,435.0,76.698484809835,0.3993051905861064,0.9623893805309734,24.704350602626775,22.64939492278813,-0.4108894930842952,1349.3471264367815,1488.9057471264368,0.9292349843970419,0.7674771892404314,0.6923279253138951,0.9167658998107499,-0.3994249428167779,1488.9057471264368,1349.3471264367815
1438,719.0,103.9827560572969,0.6803025329510844,0.9612299465240641,35.60009606008326,26.0924288903537,-1.4548735197101197,1357.6119610570236,521.3504867872044,0.8356340075105699,0.26873736432330125,0.6965684766839526,0.11566335115091908,-0.9932884722982237,521.3504867872044,1357.6119610570236
1439,884.0,116.32590180780453,0.8223196146234294,0.9587852494577006,44.70938672532441,25.440798097972916,-1.3463237038180236,1359.5893665158371,125.21380090497738,0.820935947065289,0.06454319634277185,0.6975830510599472,0.22259224711532996,-0.9749116326745455,125.21380090497738,1359.5893665158371
1440,740.0,112.7401153701776,0.8767323605410349,0.9536082474226805,44.46989822090267,21.38906727681244,0.3959509770575913,1364.2054054054054,1101.0905405405406,0.7316184246034696,0.5675724435775983,0.6999514650617781,0.9226302032998062,0.3856857632308437,1101.0905405405406,1364.2054054054054
1441,260.0,61.112698372208094,0.7833942318590831,0.9558823529411765,23.289795688720822,14.475193110774347,-1.3346767544114462,1352.4807692307693,1662.3384615384616,0.8748232002936711,0.8568754956383823,0.6939357461420058,0.23393163955641333,-0.9722530473155887,1662.3384615384616,1352.4807692307693
1442,548.0,86.66904755831214,0.5231598086196875,0.9614035087719298,28.750733461488323,24.502369851631983,-1.1155896534211671,1358.279197080292,1718.5802919708028,0.9167741826754381,0.8858661298818571,0.6969108245665941,0.439647951056144,-0.8981701838360782,1718.5802919708028,1358.279197080292
1443,607.0,107.7401153701776,0.9097076319863313,0.9183055975794251,44.47696649084046,18.469031512608538,-0.5991327903235316,1363.0807248764415,869.9522240527183,0.6571184824872507,0.44842898147047333,0.6993744098904267,0.8258249679170885,-0.5639265221327506,869.9522240527183,1363.0807248764415
1444,580.0,89.01219330881976,0.5841875691017853,0.9634551495016611,30.24853704196251,24.55027775031665,-1.5350015430216168,1358.9913793103449,1891.0344827586207,0.9198962591173998,0.9747600426590828,0.6972762336122857,0.03578714048645931,-0.9993594351262225,1891.0344827586207,1358.9913793103449
1445,1237.0,131.88225099390857,0.6392817603248264,0.9709576138147566,45.37702854750591,34.89369077758181,-1.139875858955875,1367.1309620048505,196.13096200485043,0.8937310806013549,0.10109843402311879,0.7014525202692922,0.41770729945122886,-0.9085816484967993,196.13096200485043,1367.1309620048505
1446,476.0,80.66904755831214,0.4933529847020178,0.9616161616161616,26.53223021678468,23.07850851219787,-0.2865477771436572,1361.0714285714287,1573.5294117647059,0.919185062359268,0.8110976349302608,0.6983434728432164,0.9592253342650097,-0.28264245630156215,1573.5294117647059,1361.0714285714287
1447,435.0,75.84062043356595,0.4084353574624934,0.9666666666666667,24.67454331736393,22.522608472243434,-1.031951425109215,1359.1402298850576,1803.1011494252873,0.9503757945330604,0.9294335821779831,0.6973526064058787,0.51314491102793,-0.8583019866493016,1803.1011494252873,1359.1402298850576
1448,363.0,72.18376618407356,0.6792794326469026,0.952755905511811,25.364666916248577,18.61461480915383,-1.004100731251967,1358.4683195592286,897.0440771349862,0.8754622295101161,0.4623938541932919,0.6970078602150993,0.5368471263195587,-0.8436795380726214,897.0440771349862,1358.4683195592286
1449,776.0,105.49747468305833,0.5293998324648722,0.9580246913580247,34.46843779568938,29.2420730908351,-1.4624601347251167,1361.881443298969,1367.403350515464,0.8761681408979975,0.7048470878945691,0.6987590781421084,0.10812439761487505,-0.9941373721173651,1367.403350515464,1361.881443298969
1450,1564.0,176.02438661763952,0.8736630802160981,0.908246225319396,66.41896313989157,32.314912425448256,1.067576866264876,1378.3874680306906,1528.3561381074169,0.6343090876068113,0.7878124423234107,0.7072280492717755,0.4822483915403078,0.8760345249228401,1528.3561381074169,1378.3874680306906
1451,772.0,113.01219330881976,0.8925738551854545,0.965,47.068554576956046,21.223268830715117,-1.5322979786215227,1361.6515544041451,723.6826424870467,0.7595853098430813,0.3730322899417766,0.6986411259128502,0.038488838998080345,-0.999259030118107,723.6826424870467,1361.6515544041451
1452,25.0,20.27817459305202,0.9381208500932358,0.6410256410256411,11.271558154894548,3.9034314084956354,0.044936095997238426,1358.56,2.44,0.7639978857998877,0.0012577319587628866,0.6970548999486916,0.9989905435177272,0.04492097463497432,2.44,1358.56
1453,606.0,91.25483399593904,0.5396525623750112,0.9711538461538461,30.39638866220126,25.590349575481728,-0.3945946687335756,1368.3894389438944,1050.6303630363036,0.9144726673523367,0.5415620428022183,0.7020982241887607,0.9231524633282092,-0.3844340378414213,1050.6303630363036,1368.3894389438944
1454,648.0,99.25483399593904,0.8313929556128741,0.9671641791044776,38.69952243380967,21.50474183002177,-0.1957210567342868,1372.9490740740741,1420.067901234568,0.8265736095350511,0.7319937635229732,0.7044376983448303,0.9809076978622486,-0.19447387555809,1420.067901234568,1372.9490740740741
1455,175.0,48.87005768508881,0.8126736369718154,0.9668508287292817,19.616866984648592,11.431123246916545,0.9261981500614477,1361.5714285714287,1081.5485714285714,0.9207934247268468,0.557499263622975,0.6986000146595324,0.600877293108697,0.7993412779447618,1081.5485714285714,1361.5714285714287
1456,668.0,110.81118318204308,0.9134077873705873,0.939521800281294,46.03828583875618,18.739686969310437,-1.0725671686722011,1370.5763473053892,51.13622754491018,0.683626898353685,0.02635888017778875,0.7032202910751099,0.4778707277545284,-0.8784301722706008,51.13622754491018,1370.5763473053892
1457,969.0,132.22539674441617,0.8669067832216113,0.905607476635514,51.24929349768069,25.54625015053075,-1.530312697994501,1368.8379772961816,812.0557275541796,0.6964723562388234,0.4185854265743194,0.702328361875927,0.04047257144004679,-0.9991806498131508,812.0557275541796,1368.8379772961816
1458,726.0,130.12489168102783,0.9249213487391905,0.8231292517006803,52.79224479604343,20.069421532344823,-1.0304353574338656,1372.01652892562,762.1363636363636,0.5387976870525979,0.3928537956888472,0.7039592246924679,0.5144455647053807,-0.8575230381482248,762.1363636363636,1372.01652892562
1459,476.0,85.84062043356593,0.7228804935912968,0.9444444444444444,30.024912777961195,20.746406343779753,1.2092347652322972,1369.6974789915967,1486.638655462185,0.8117664925130387,0.7663085852897861,0.702769358128064,0.3537352636817661,0.9353455849192808,1486.638655462185,1369.6974789915967
1460,1119.0,130.71067811865476,0.797115389824291,0.9721980886185926,48.94101951805783,29.551909372510117,0.6249330583751148,1377.4691689008043,1185.9848078641644,0.8230340729811128,0.6113323751877136,0.7067568850183706,0.8110022850503189,0.5850429844405977,1185.9848078641644,1377.4691689008043
1461,780.0,105.63961030678928,0.4823072624838115,0.9629629629629629,33.98193229041728,29.768244540171445,1.3294336966360383,1375.3435897435897,498.49102564102566,0.8783161851333637,0.2569541369283637,0.7056662851429398,0.23902597975807577,0.9710131724135836,498.49102564102566,1375.3435897435897
1462,269.0,59.94112549695428,0.663623378421839,0.9607142857142857,21.43838376407715,16.037344204936787,-0.9122626661354026,1367.6802973977694,1598.185873605948,0.9408326000987706,0.8238071513432722,0.7017343752682245,0.6119577965540094,-0.7908904192343978,1598.185873605948,1367.6802973977694
1463,659.0,96.8111831820431,0.6339124492694119,0.9734121122599705,33.383365014613574,25.818855217221394,-1.3760859152524645,1371.4871016691957,1746.3657056145676,0.8835766345748052,0.9001885080487462,0.7036875842325273,0.19348242676019373,-0.9811037409647291,1746.3657056145676,1371.4871016691957
1464,524.0,86.18376618407356,0.7297704586075258,0.9614678899082569,31.325904300317802,21.41727765150057,0.2726100464974452,1374.8377862595419,1835.3778625954199,0.8865234212426049,0.9460710631935154,0.7054067656539466,0.9630714329372791,0.2692460121527072,1835.3778625954199,1374.8377862595419
1465,707.0,103.1543289325507,0.7976211020092295,0.9698216735253772,38.93356895337293,23.48312600810464,-0.8255861418242063,1377.144271570014,1338.094766619519,0.8349382582212292,0.6897395704224325,0.7065901855156563,0.678126299908169,-0.7349453866600266,1338.094766619519,1377.144271570014
1466,462.0,81.35533905932738,0.7186759876062125,0.9545454545454546,29.272605148442736,20.35456290665322,1.4409213545186568,1371.926406926407,1656.7683982683982,0.8771618215958205,0.854004329004329,0.7039129845697317,0.12951016888026334,0.9915780938265053,1656.7683982683982,1371.926406926407
1467,351.0,70.28427124746189,0.6737389843630636,0.9538043478260869,24.88129601324223,18.3865165008269,-0.22596521435533568,1376.1880341880342,1634.1225071225072,0.8928956109659757,0.8423311892384058,0.7060995557660514,0.9745783075609371,-0.22404714332403253,1634.1225071225072,1376.1880341880342
1468,1171.0,165.68124086713192,0.9116740644038109,0.8200280112044818,66.20164942028553,27.203191408726454,-0.8865307277004966,1386.1784799316824,250.16567036720753,0.5360682453332696,0.12895137647794203,0.7112254899598165,0.6321041069036051,-0.7748834738433875,250.16567036720753,1386.1784799316824
1469,251.0,56.8700576850888,0.5844623842231126,0.9653846153846154,19.860767493005483,16.115439930465268,-0.5188420510351384,1374.7569721115538,679.1274900398406,0.9752506489267625,0.35006571651538176,0.7053653012373288,0.8683939595845594,-0.495874914627722,679.1274900398406,1374.7569721115538
1470,536.0,96.52691193458118,0.8940197781256081,0.950354609929078,39.74021591150612,17.804709387554322,-0.09165729867748221,1386.8619402985075,85.95708955223881,0.7228993405590501,0.044307778119710726,0.7115761622875872,0.9958024097185126,-0.09152901615773862,85.95708955223881,1386.8619402985075
1471,430.0,76.18376618407356,0.6253494854356294,0.9641255605381166,26.509198408770807,20.68631537127995,0.34953936484978765,1379.846511627907,1078.5813953488373,0.9310080641499762,0.5559697914169265,0.707976660660804,0.9395305639645615,0.34246506300122515,1078.5813953488373,1379.846511627907
1472,405.0,78.18376618407358,0.8176537413050322,0.9597156398104265,30.17723552135266,17.373345572113262,-0.5489872172493481,1383.3950617283951,1312.8320987654322,0.832591002476539,0.6767175766832124,0.7097973636369396,0.8530534533489719,-0.5218235388801404,1312.8320987654322,1383.3950617283951
1473,197.0,54.17766952966368,0.7510970742275792,0.933649289099526,19.871898644052838,13.119264118340094,1.4177398625061952,1377.2944162436547,909.9086294416244,0.8434036003750878,0.4690250667224868,0.7066672222902282,0.15245957323452264,0.9883097077986976,909.9086294416244,1377.2944162436547
1474,826.0,108.1543289325507,0.5439645244656957,0.9560185185185185,35.509404889670236,29.796233345115382,-0.7261941015789166,1387.4104116222761,1125.496368038741,0.8873645961975641,0.5801527670302788,0.711857573946781,0.7477070374406425,-0.6640287540172772,1125.496368038741,1387.4104116222761
1475,598.0,89.35533905932738,0.5917317816851723,0.9771241830065359,30.857705373917636,24.875473648201684,-0.09406947221672655,1386.5418060200668,318.7324414715719,0.9411742439681835,0.1642950729234907,0.7114119066290748,0.9955787289845949,-0.09393079576698284,318.7324414715719,1386.5418060200668
1476,30.0,22.52081528017131,0.8813339736470808,0.6818181818181818,10.782663250043672,5.094741942275376,-0.30426635126046214,1376.2,3.066666666666667,0.743297893239085,0.0015807560137457047,0.7061056952283222,0.9540670055579419,-0.29959330584260724,3.066666666666667,1376.2
1477,109.0,49.2842712474619,0.9443888227258893,0.8195488721804511,21.565835198822434,7.091512693229341,-0.9103088312041959,1381.2844036697247,1497.7431192660551,0.5639228386079477,0.7720325357041521,0.7087144195329527,0.613501896833516,-0.7896932458756868,1497.7431192660551,1381.2844036697247
1478,763.0,106.91168824543142,0.7116698808273457,0.9490049751243781,37.69329036193046,26.480065809110158,0.5518494809738556,1392.005242463958,117.30537352555702,0.8388494553045748,0.060466687384307743,0.7142151064463612,0.8515563644617387,0.5242630619686137,117.30537352555702,1392.005242463958
1479,1274.0,140.4680374315355,0.8036500322586978,0.9586155003762227,52.64969690380251,31.331950333180227,1.415454128739966,1392.8131868131868,453.4701726844584,0.811379933275256,0.2337475116930198,0.7146296494680281,0.1547181858697081,0.9879586443577415,453.4701726844584,1392.8131868131868
1480,542.0,94.32590180780451,0.8435366073887376,0.9492119089316988,36.69569163318765,19.708216840871536,-1.0258337443759429,1389.8837638376383,1219.470479704797,0.7655035667749807,0.6285930307756686,0.7131266104862177,0.5183860933469046,-0.8551466881328222,1219.470479704797,1389.8837638376383
1481,878.0,144.81727983645297,0.8925686190909405,0.7996357012750456,53.56764158074121,24.154270331858573,1.0849488532111033,1400.497722095672,1517.0227790432803,0.5260943146849094,0.7819705046614847,0.7185724587458554,0.46695793059045393,0.8842795321948149,1517.0227790432803,1400.497722095672
1482,810.0,107.74011537017762,0.6592252779307738,0.9665871121718377,37.280887728660666,28.033195713170443,-1.1838481764455686,1395.320987654321,1875.653086419753,0.8768796883273029,0.9668314878452335,0.7159163610335152,0.37736396561812535,-0.9260650287387826,1875.653086419753,1395.320987654321
1483,467.0,92.66904755831213,0.8883905727937873,0.8778195488721805,37.30841455707038,17.1278616115315,1.2288593356385789,1392.2419700214132,1478.3447537473232,0.6833722602660105,0.7620333782202697,0.7143365674814844,0.33531257283790683,0.9421069358076202,1478.3447537473232,1392.2419700214132
1484,635.0,104.81118318204308,0.752903574790176,0.918958031837916,35.662690058589476,23.470716287087484,1.2581189174152525,1394.5842519685038,911.415748031496,0.7263874665589479,0.469801931974998,0.7155383540115463,0.3076073268206743,0.9515133905974413,911.415748031496,1394.5842519685038
1485,979.0,121.22539674441619,0.7362237917240655,0.9616895874263262,43.05894181274485,29.139628777102047,-1.1114412487616425,1398.738508682329,1359.3789581205313,0.8371539438395712,0.700710803154913,0.7176698351371621,0.44337013074215814,-0.8963386230469385,1359.3789581205313,1398.738508682329
1486,492.0,82.42640687119284,0.3691054522227993,0.9590643274853801,26.204188672562914,24.35384596358638,1.4092920853849489,1397.4044715447155,790.3841463414634,0.9100017547607266,0.40741450842343474,0.7169853625165292,0.1608030539669083,0.9869865135020415,790.3841463414634,1397.4044715447155
1487,611.0,94.08326112068524,0.7467385471951574,0.9637223974763407,34.31780946820758,22.825382174367146,-1.4775930967385174,1396.79705400982,1272.7430441898528,0.8674138438816623,0.6560531155617798,0.7166737065212005,0.09306834836416611,-0.9956597222609571,1272.7430441898528,1396.79705400982
1488,51.0,24.242640687119284,0.5062442602466999,0.9807692307692307,8.75632105942181,7.551364920956669,-1.2195391798417194,1388.235294117647,1801.686274509804,1.0904862423644641,0.9287042652112392,0.7122808076540006,0.34407846572726775,-0.9389408977261399,1801.686274509804,1388.235294117647
1489,656.0,102.81118318204308,0.8216637067705614,0.9521044992743106,38.88088526523949,22.16103886332257,-0.6385458156836292,1401.3841463414635,1042.0777439024391,0.7798893487564363,0.5371534762383707,0.7190272685179392,0.8029633417462977,-0.596028415271972,1042.0777439024391,1401.3841463414635
1490,926.0,112.08326112068522,0.5118820767681705,0.9726890756302521,37.112659751546595,31.88184284743363,-0.07172683327297001,1405.257019438445,1159.3110151187905,0.9262737012296139,0.5975829974839126,0.7210143763152617,0.9974287333525119,-0.07166534645701275,1159.3110151187905,1405.257019438445
1491,373.0,71.11269837220809,0.5470126493708729,0.9539641943734015,23.881355673093534,19.991664117666403,0.13434983625650235,1399.0697050938338,1102.4584450402144,0.9268818528273659,0.5682775489898012,0.7178397665950917,0.990988627505449,0.13394603448727532,1102.4584450402144,1399.0697050938338
1492,621.0,97.84062043356595,0.8062594405131246,0.9480916030534351,37.117323049570984,21.95720145749107,1.5618593327811368,1400.098228663446,174.4814814814815,0.8151979299187605,0.0899389079801451,0.7183674852044362,0.008936875048155189,0.9999600653347981,174.4814814814815,1400.098228663446
1493,203.0,51.45584412271571,0.4897271911572337,0.9485981308411215,17.242555843146377,15.033365860745167,1.05447328583653,1399.0738916256157,287.7733990147783,0.9634662093931349,0.1483368036158651,0.7178419146360265,0.493685850541917,0.8696403170131339,287.7733990147783,1399.0738916256157
1494,286.0,62.87005768508881,0.6668621955108777,0.9565217391304348,22.154034120724113,16.50876662959057,1.3277083562467002,1400.3146853146852,766.6503496503497,0.9092601955281416,0.39518059260327304,0.7184785455693613,0.2407009514057189,0.9705993261858272,766.6503496503497,1400.3146853146852
1495,698.0,97.49747468305833,0.5318701278500049,0.9735006973500697,32.490590888522455,27.51387506374233,0.9518955394214845,1406.888252148997,1805.1275071633238,0.9227383114522412,0.9304780964759402,0.7218513351200601,0.5801401842182156,0.8145166460271115,1805.1275071633238,1406.888252148997
1496,200.0,50.87005768508881,0.6887296132564033,0.970873786407767,18.81815102101207,13.643503661097554,0.698144416012592,1402.015,334.695,0.9712150406876188,0.17252319587628864,0.7193509492047204,0.7660362698744858,0.6427973500542639,334.695,1402.015
1497,114.0,41.3492424049175,0.7952428799730011,0.9344262295081968,15.729158785486193,9.536447216858186,0.771834898014904,1400.8245614035088,670.359649122807,0.8378757122906029,0.3455462108880448,0.7187401546452072,0.7166321246115582,0.6974513588593286,670.359649122807,1400.8245614035088
1498,876.0,112.81118318204308,0.6060678677576847,0.9658213891951488,37.822508335800464,30.08451242403021,-1.003129545098163,1411.7511415525114,1444.6415525114155,0.864987162013428,0.7446605940780492,0.7243464040803035,0.5376662428986092,-0.8431577617784787,1444.6415525114155,1411.7511415525114
1499,355.0,72.2842712474619,0.8170085466371956,0.9594594594594594,28.176950676977853,16.247549921094226,-0.001415108189599556,1410.2929577464788,840.3042253521127,0.853789094479478,0.43314650791346015,0.7235982338360589,0.999998998734573,-0.0014151077172998893,840.3042253521127,1410.2929577464788
1500,468.0,79.01219330881975,0.5576510650171335,0.9669421487603306,26.836060699155748,22.275955759057446,-0.19982070153115788,1411.4978632478633,54.598290598290596,0.9420359613633421,0.028143448762005464,0.7242164511276876,0.9801021831943071,-0.19849360316582754,54.598290598290596,1411.4978632478633
1501,632.0,95.66904755831214,0.5374235315867238,0.9546827794561934,31.072845299057338,26.204118391432065,-0.31885189757826443,1414.6962025316457,1329.76582278481,0.8677288593115723,0.6854463004045412,0.7258574666658008,0.9495959470210146,-0.3134765340520125,1329.76582278481,1414.6962025316457
1502,137.0,41.21320343559643,0.47776642785205387,0.9647887323943662,14.18734414954107,12.463396037250572,-0.2872083114168369,1405.2846715328467,347.86861313868616,1.0135791902619473,0.1793137181127248,0.7210285641523072,0.9590384299914934,-0.28327599580524193,347.86861313868616,1405.2846715328467
1503,135.0,44.62741699796952,0.7801851829116654,0.9246575342465754,16.761924030702698,10.485398504649082,1.3659905584322278,1404.5555555555557,746.6888888888889,0.8518048934309731,0.38489117983963345,0.7206544666780685,0.20337699144802324,0.9791005052340391,746.6888888888889,1404.5555555555557
1504,501.0,81.35533905932736,0.6067847506623608,0.9804305283757339,28.412888123217932,22.584444243042373,-1.4269007655297792,1410.0299401197606,1233.9900199600797,0.9512079493928705,0.6360773298763298,0.723463283796696,0.14339949315702485,-0.9896648853840923,1233.9900199600797,1410.0299401197606
1505,262.0,58.870057685088796,0.5021550911343754,0.9597069597069597,19.77987088127121,17.105188891455327,-1.4245971156405286,1410.4809160305344,396.13358778625957,0.9499969973337961,0.20419257102384514,0.7236946721552254,0.14567895204794234,-0.989331917472702,396.13358778625957,1410.4809160305344
1506,320.0,67.59797974644665,0.652011218420792,0.9411764705882353,23.276440722925617,17.648414263670546,-1.0555285099780132,1413.48125,732.546875,0.8800197297186079,0.37760148195876286,0.7252340944073884,0.4927679103962254,-0.870160781972928,732.546875,1413.48125
1507,686.0,100.9116882454314,0.8035938892824723,0.9675599435825106,38.41997656507785,22.866725116215086,-0.3945117734141582,1422.8090379008747,210.25510204081633,0.8465469236524366,0.10837891857774037,0.7300200297079912,0.9231843279387516,-0.38435751150234543,210.25510204081633,1422.8090379008747
1508,897.0,128.66904755831214,0.7573679528370961,0.9218910585817061,43.611534234049586,28.477823739707542,1.5286326033580957,1418.7904124860647,510.60535117056855,0.6808542216304418,0.2631986346240044,0.7279581387819727,0.042151231579525716,0.999111241892678,510.60535117056855,1418.7904124860647
1509,361.0,73.8700576850888,0.5942424335149412,0.9256410256410257,24.15636658630553,19.428626861763124,-0.9419279751521458,1415.124653739612,664.1024930747923,0.8313428952443237,0.3423208727189651,0.7260772979679898,0.5882299778974467,-0.8086936954760865,664.1024930747923,1415.124653739612
1510,548.0,88.42640687119287,0.6282561043088322,0.9530434782608695,30.06435822778781,23.39026908260918,-0.7731156509266454,1418.0748175182482,902.8704379562043,0.8806968968520922,0.46539713296711566,0.7275909787163921,0.7157382742413115,-0.6983686152642236,902.8704379562043,1418.0748175182482
1511,457.0,84.76955262170047,0.6062639950686195,0.9307535641547862,27.614651863165893,21.960923543510347,1.5023953729446695,1418.1509846827134,1469.7986870897155,0.7991830822400338,0.7576281892215029,0.7276300588418232,0.06834762851103982,0.997661566703317,1469.7986870897155,1418.1509846827134
1512,446.0,79.84062043356595,0.7543079201834023,0.9591397849462365,29.470526542923444,19.348013678450453,0.3875930817395769,1418.9910313901346,1736.542600896861,0.8792186999151426,0.8951250520086912,0.7280610730580475,0.9258214622965621,0.3779611355034474,1736.542600896861,1418.9910313901346
1513,282.0,67.35533905932738,0.8618414074871498,0.9337748344370861,26.694894749809023,13.539059767573365,0.34301901789509914,1420.0709219858156,10.205673758865249,0.7811148942880946,0.005260656576734664,0.7286151472477248,0.9417435672079535,0.3363317612454089,10.205673758865249,1420.0709219858156
1514,769.0,109.25483399593904,0.7787585647554073,0.9624530663329162,39.95380684716052,25.063972272697413,-1.077167312885544,1426.1599479843953,1622.5110533159948,0.8095708846564174,0.8363459037711314,0.7317393268262675,0.4738247803521384,-0.8806191444229724,1622.5110533159948,1426.1599479843953
1515,223.0,58.04163056034261,0.8443362065577638,0.9253112033195021,23.149862395297813,12.404014487099586,1.2990023733819471,1420.1614349775784,141.47085201793723,0.8318317981518363,0.07292311959687486,0.7286615879823388,0.2684599666436702,0.9632908420148504,141.47085201793723,1420.1614349775784
1516,413.0,80.94112549695427,0.6783706514577755,0.9157427937915743,27.222909488955406,20.001211999571147,-0.5870151407650346,1427.8498789346247,483.0871670702179,0.792175556550057,0.2490140036444422,0.7326064027371086,0.8325976343891532,-0.5538783072206257,483.0871670702179,1427.8498789346247
1517,259.0,61.24873734152916,0.6767444591678868,0.9487179487179487,21.329220342342524,15.702955847285114,-0.9630963427503699,1424.5791505791506,466.4864864864865,0.8675916189706069,0.240456951797158,0.7309282455511291,0.5709807429889214,-0.8209634529842478,466.4864864864865,1424.5791505791506
1518,771.0,102.66904755831213,0.12842007666977953,0.9685929648241206,31.57136471815395,31.3099494490687,-1.3007949408704615,1431.4150453955901,1390.3644617380025,0.9191474268492962,0.7166827122360838,0.734435631295839,0.26673277240221005,-0.9637705266953492,1390.3644617380025,1431.4150453955901
1519,94.0,34.97056274847714,0.7253777642920636,0.94,13.276585327785979,9.138950785709719,-1.2535675322258224,1422.3617021276596,543.8085106382979,0.9659006882058297,0.28031366527747315,0.7297905090444636,0.3119348297685002,-0.9501035006657416,543.8085106382979,1422.3617021276596
1520,277.0,65.698484809835,0.827583803330627,0.9389830508474576,25.421202857055523,14.269993552675148,-1.325488147103029,1428.129963898917,28.866425992779785,0.8064527474481135,0.014879601027206075,0.7327501097480333,0.24285528988735905,-0.9700625279711235,28.866425992779785,1428.129963898917
1521,575.0,97.35533905932738,0.8692653345443647,0.9535655058043118,38.879959814930224,19.220145160427347,1.5614033016995743,1431.2486956521739,1027.7373913043477,0.7623565946501867,0.5297615419094576,0.7343502799651995,0.009392886973187657,0.999955885864126,1027.7373913043477,1431.2486956521739
1522,1164.0,158.33809511662426,0.9349017207281178,0.8851711026615969,66.75220845615678,23.69080666739796,-0.9119473055868509,1443.635738831615,647.6701030927835,0.5834343738549101,0.33385056860452755,0.7407058690772781,0.6122071817560318,-0.7906973925632593,647.6701030927835,1443.635738831615
1523,411.0,75.35533905932736,0.6797370548388009,0.9625292740046838,26.745708602084747,19.616797391618586,0.7732127120267154,1434.4452554744526,1712.6569343065694,0.9095438242033392,0.882812852735345,0.7359903824907401,0.715670486443932,0.698438082318759,1712.6569343065694,1434.4452554744526
1524,72.0,37.071067811865476,0.9539034518057249,0.96,17.718193230226902,5.31747169240716,0.030617658989182374,1432.4166666666667,1.7222222222222223,0.6583732375990098,0.0008877434135166095,0.7349495467761246,0.9995313160943547,0.030612875505041975,1.7222222222222223,1432.4166666666667
1525,495.0,85.84062043356595,0.8058436120005557,0.9611650485436893,32.88649397240457,19.473027915889116,1.2746768209725863,1435.5111111111112,581.630303030303,0.8441689365419203,0.2998094345517026,0.7365372555726584,0.2918108132778948,0.9564760578572229,581.630303030303,1435.5111111111112
1526,200.0,53.21320343559643,0.7741468630855922,0.9478672985781991,20.366888902282323,12.892363493250148,1.5235476977269802,1431.205,1804.595,0.887566804888547,0.9302036082474227,0.7343278604412519,0.04723105113072335,0.9988839911666855,1804.595,1431.205
1527,610.0,94.66904755831213,0.7812197103766486,0.9636650868878357,35.303505318678134,22.03843097075938,-1.2778747936578088,1437.388524590164,1346.1475409836066,0.855310263362788,0.6938904850430963,0.7375005257004433,0.2887505420069119,-0.9574043683265262,1346.1475409836066,1437.388524590164
1528,788.0,109.1543289325507,0.8173517309279179,0.9680589680589681,42.24537807800828,24.339209903514654,-0.35047964177840596,1444.4467005076142,1533.7829949238578,0.8311016672159718,0.7906097911978649,0.7411219602399252,0.9392081366852326,-0.3433483303938631,1533.7829949238578,1444.4467005076142
1529,720.0,98.66904755831213,0.5780813793632182,0.9703504043126685,33.57533599190797,27.396773004410225,1.2787489078682488,1440.2513888888889,389.59583333333336,0.9293525360698796,0.20082259450171822,0.7389694145145659,0.2879135510363713,0.9576564034817638,389.59583333333336,1440.2513888888889
1530,233.0,55.21320343559643,0.6497969070983001,0.9588477366255144,19.78508263446024,15.038797090498113,0.058401033811678,1437.0858369098712,800.2875536480686,0.9604613527536222,0.41251935755055086,0.7373452216058857,0.9982951442673945,0.05836784159228393,800.2875536480686,1437.0858369098712
1531,501.0,95.59797974644665,0.8819592498155412,0.8867256637168142,38.15772321398998,17.984714235410106,-1.4608938304199544,1437.9481037924152,1566.2614770459081,0.6888904446703477,0.8073512768277877,0.7377876366302797,0.10968138599280057,-0.9939667970142153,1566.2614770459081,1437.9481037924152
1532,568.0,93.7401153701776,0.5862629655090652,0.9372937293729373,30.63909021812663,24.821364745482278,-0.3255802323601412,1442.0140845070423,252.53169014084506,0.8122827535391898,0.13017097429940466,0.7398738247855527,0.947465293612193,-0.319858589692947,252.53169014084506,1442.0140845070423
1533,224.0,63.18376618407357,0.82827085960769,0.9142857142857143,23.591878334921645,13.219188225626425,0.2600936761384214,1442.34375,350.5,0.705093747989542,0.1806701030927835,0.740042970754233,0.9663658915810421,0.2571710784454144,350.5,1442.34375
1534,332.0,67.35533905932738,0.7117148173596061,0.967930029154519,24.7069415379608,17.35584860595052,-0.7866166346517237,1439.5843373493976,522.8042168674699,0.9196104429207355,0.26948670972549993,0.7386271612875308,0.7062446672023404,-0.7079678453491058,522.8042168674699,1439.5843373493976
1535,339.0,74.18376618407356,0.8613367687070865,0.9237057220708447,29.617140694675857,15.04652686481106,-0.9428701876488673,1442.1681415929204,429.80825958702064,0.7740906224628281,0.22155064927166013,0.7399528689548078,0.5874677555994954,-0.8092475740654966,429.80825958702064,1442.1681415929204
1536,482.0,81.59797974644667,0.5079961783209649,0.9737373737373738,27.212763378488834,23.439967432634123,-1.1293357528573653,1441.740663900415,57.57676348547718,0.9096997797301105,0.02967874406467896,0.7397335371474679,0.42726046697221143,-0.9041285823170772,57.57676348547718,1441.740663900415
1537,570.0,92.76955262170048,0.7556656146351937,0.9644670050761421,33.5011232885226,21.941815844971558,-1.0244275470568451,1444.7754385964913,1301.6649122807019,0.8322883109383894,0.6709612949900525,0.7412906303727508,0.5195880854050011,-0.8544168897588373,1301.6649122807019,1444.7754385964913
1538,662.0,97.84062043356595,0.590594709954984,0.9552669552669553,32.564304680787835,26.278362625392543,-1.0978185735285022,1445.9697885196374,160.8429003021148,0.8690193713465691,0.08290871149593547,0.7419034317699524,0.45553914396484546,-0.8902157538011647,160.8429003021148,1445.9697885196374
1539,203.0,51.45584412271571,0.6356380836233151,0.9575471698113207,18.309800160572344,14.13493123618173,-0.4576400068438755,1441.0098522167489,780.0886699507389,0.9634662093931349,0.4021075618302778,0.7393585696340426,0.8970977157357214,-0.4418321948678602,780.0886699507389,1441.0098522167489
1540,379.0,73.94112549695429,0.7051614531415428,0.959493670886076,26.27319290287157,18.628922620131867,0.6093633553845101,1445.4089709762534,336.54881266490764,0.8711179447605051,0.17347876941490084,0.7416156854675492,0.8200125646963319,0.572345519542299,336.54881266490764,1445.4089709762534
1541,243.0,60.2842712474619,0.7077844002588384,0.9239543726235742,21.62451204277513,15.276171867915375,-1.063508279820142,1444.6913580246915,9.45679012345679,0.840249198910475,0.004874634084256077,0.741247490007538,0.4858086124814964,-0.8740652104041227,9.45679012345679,1444.6913580246915
1542,643.0,97.49747468305833,0.7171302848668025,0.9540059347181009,34.51025954992677,24.051550355972697,0.9856791616982384,1450.900466562986,221.87247278382583,0.8500297052489844,0.11436725401228136,0.7444332819717732,0.5522970604969295,0.8336473816707224,221.87247278382583,1450.900466562986
1543,349.0,73.49747468305833,0.763122325253681,0.9407008086253369,26.619297039609542,17.202828922799345,-0.7562856798510892,1447.0659025787966,486.12320916905446,0.8118774076831574,0.2505789737984817,0.742465829953205,0.7273898796855441,-0.6862244260670481,486.12320916905446,1447.0659025787966
1544,509.0,83.01219330881976,0.40791044152976047,0.9585687382297552,26.714100785514894,24.39056025284163,-0.7085262874708756,1448.500982318271,549.9783889980354,0.9282049259806583,0.2834940149474409,0.7432021458790513,0.7593216677221899,-0.6507154561923301,549.9783889980354,1448.500982318271
1545,145.0,41.798989873223334,0.45762693306595065,0.9731543624161074,14.42206335991158,12.823295462415956,0.967715716412464,1441.8,1067.1862068965518,1.042908706365909,0.5500959829363669,0.7397639815289893,0.5671823275661233,0.8235922579144821,1067.1862068965518,1441.8
1546,329.0,70.18376618407356,0.6964793149337303,0.9426934097421203,24.525521006956495,17.59894659092502,0.6986727799149682,1447.4954407294833,287.2218844984802,0.8393293751142957,0.14805251778272177,0.7426862189479134,0.765696532047414,0.6432020062239884,287.2218844984802,1447.4954407294833
1547,580.0,100.5685424949238,0.6544938183403742,0.8978328173374613,32.61518488429212,24.65927649189554,0.9203753988434346,1454.653448275862,319.7706896551724,0.7206320035387026,0.1648302523995734,0.7463588754622176,0.6055214460350937,0.795828988157361,319.7706896551724,1454.653448275862
1548,344.0,69.59797974644667,0.6512473148677197,0.9373297002724795,24.245248398450894,18.39888395088809,-1.2630497292840628,1447.0058139534883,463.19767441860466,0.8924318058734868,0.23876168784464158,0.742434999463052,0.3029118729061876,-0.9530185713051271,463.19767441860466,1447.0058139534883
1549,698.0,106.91168824543142,0.8202178503566039,0.9220607661822986,40.29478715697189,23.050684958126325,-0.6406051087375739,1453.932664756447,884.6704871060172,0.7673878372248928,0.4560157150031016,0.7459890532357347,0.8017342428804208,-0.5976806871507213,884.6704871060172,1453.932664756447
1550,407.0,80.18376618407356,0.7827217779231902,0.9465116279069767,29.235282749785092,18.19521463084463,-0.8202777269301448,1449.8230958230959,1277.4889434889435,0.7954838580083576,0.6584994554066719,0.7438805006788588,0.6820181220928183,-0.7313352727285793,1277.4889434889435,1449.8230958230959
1551,104.0,41.21320343559643,0.9054222702006729,0.9203539823008849,17.810171573543766,7.560633117425966,-0.42379118215895606,1446.5096153846155,268.5769230769231,0.7694323780090696,0.13844171292624902,0.7421804080988278,0.911536487926554,-0.41121920088746267,268.5769230769231,1446.5096153846155
1552,973.0,132.71067811865476,0.8998365323224292,0.9059590316573557,54.25137231123435,23.665927042555225,-0.5873364736203429,1460.4840698869475,1210.677286742035,0.6942421338602616,0.6240604570835232,0.7493504719789367,0.8324196121094113,-0.554145819595905,1210.677286742035,1460.4840698869475
1553,677.0,107.39696961966999,0.8776489911417569,0.9468531468531468,42.69673901072261,20.464714406693112,0.5116130663513554,1459.5819793205317,1088.2658788774004,0.7375890798622666,0.5609617932357734,0.7488876240741569,0.8719559102638376,0.48958440595668734,1088.2658788774004,1459.5819793205317
1554,577.0,92.66904755831213,0.6779609548182043,0.9412724306688418,32.15715864065336,23.6386602494846,-0.24793595711045815,1457.0987868284228,1655.5909878682842,0.8443378890224584,0.8533974164269506,0.7476135386497809,0.969421009815996,-0.2454035568758826,1655.5909878682842,1457.0987868284228
1555,709.0,103.59797974644665,0.7086438253461838,0.9529569892473119,36.3140279341919,25.621957547020603,-1.4343120644433955,1455.2891396332864,1482.3441466854724,0.8301441780897368,0.764094920971893,0.7466850382931177,0.13606091975374854,-0.99070047245157,1482.3441466854724,1455.2891396332864
1556,706.0,98.32590180780453,0.5469915475158603,0.9697802197802198,32.92436826445622,27.56224404585215,-1.3826796534871808,1457.14447592068,1161.7464589235128,0.9176534220887607,0.5988383808884087,0.7476369809752078,0.18700912634832423,-0.9823581763605557,1161.7464589235128,1457.14447592068
1557,479.0,81.69848480983498,0.5664939135104986,0.9657258064516129,27.381600657590866,22.564244027516878,1.2956463020126385,1455.2881002087684,1619.0041753653445,0.9018148307152439,0.8345382347244044,0.7466845049814101,0.27169132153037256,0.9623844480274397,1619.0041753653445,1455.2881002087684
1558,653.0,100.91168824543142,0.7486234441662882,0.9301994301994302,36.10106394483674,23.93484037663881,1.402738966397858,1459.0260336906586,1245.4134762633996,0.8058238209111385,0.6419657094141236,0.7486023774708356,0.16726739503679208,0.9859115673109864,1245.4134762633996,1459.0260336906586
1559,548.0,87.94112549695427,0.5431349855375145,0.9630931458699473,29.13075504878473,24.459504297327516,-0.4214194176139641,1457.9251824817518,1557.9178832116788,0.8904435315339841,0.803050455263752,0.7480375487335822,0.9125092383161512,-0.40905609638248597,1557.9178832116788,1457.9251824817518
1560,389.0,73.25483399593904,0.5363852194386013,0.9628712871287128,24.354096297661858,20.554206519545055,1.286131360201878,1458.146529562982,361.52185089974296,0.9109339500053811,0.18635146953594997,0.7481511182980924,0.28083591680867576,0.9597557959346902,361.52185089974296,1458.146529562982
1561,681.0,100.08326112068524,0.7997770995698519,0.9659574468085106,38.20603726889533,22.934972825599633,1.2837634133150337,1457.5624082232011,1119.1189427312775,0.8543465695128046,0.5768654343975657,0.7478514151991796,0.283107778086592,0.9590881012643588,1119.1189427312775,1457.5624082232011
1562,274.0,65.35533905932738,0.8448227188102895,0.9480968858131488,25.7213406223261,13.762108867454485,-0.6957656816423251,1457.7007299270074,654.2518248175182,0.806117376217426,0.33724320866882385,0.7479223858014404,0.7675631453221304,-0.6409733363746093,654.2518248175182,1457.7007299270074
1563,648.0,94.91168824543144,0.6016280315192913,0.9700598802395209,32.310055714842846,25.808509471835006,0.7960352521756463,1461.1296296296296,793.3101851851852,0.9039522142236197,0.40892277586865217,0.749681698116793,0.6995453620588861,0.7145881935925767,793.3101851851852,1461.1296296296296
1564,287.0,71.698484809835,0.9002471686642602,0.8830769230769231,30.172743731334876,13.13658459508499,0.2014727010223956,1459.6620209059233,1052.6480836236933,0.7015712845256677,0.5426021049606666,0.7489286921015512,0.9797729346127474,0.2001124598827497,1052.6480836236933,1459.6620209059233
1565,487.0,91.39696961966999,0.9039206398752482,0.9474708171206225,38.33008977473107,16.393787767411492,-0.6287331419047474,1465.0308008213553,27.913757700205338,0.7326140317394415,0.01438853489701306,0.7516833252033635,0.8087732225049046,-0.5881206292581753,27.913757700205338,1465.0308008213553
1566,427.0,86.42640687119284,0.8983845410451708,0.9384615384615385,35.85207963076584,15.746583417951793,-1.2719920949540258,1458.4004683840749,178.08196721311475,0.718364435625765,0.09179482846036843,0.748281410150885,0.2943776347021689,-0.9556891796955517,178.08196721311475,1458.4004683840749
1567,849.0,111.1543289325507,0.7466227106162945,0.9658703071672355,40.496314339144575,26.940080752897277,-0.6754848249438479,1466.2626619552414,1359.5818610129563,0.8635048717505807,0.7008153922747198,0.752315372988836,0.7804038935832,-0.6252757494739274,1359.5818610129563,1466.2626619552414
1568,281.0,64.4558441227157,0.7220734414920911,0.9461279461279462,23.025302542850575,15.929282143468113,-0.6667022141677156,1460.2633451957295,7.935943060498221,0.8499464870109823,0.004090692299225887,0.7492372217525549,0.7858652787791961,-0.6183977390072642,7.935943060498221,1460.2633451957295
1569,208.0,52.941125496954285,0.41953651389722774,0.9585253456221198,17.23556571651916,15.645385897296888,-0.8503444201655374,1460.485576923077,473.0,0.9325816358075942,0.24381443298969072,0.7493512452145085,0.6597243506232621,-0.7515076720797434,473.0,1460.485576923077
1570,713.0,110.22539674441619,0.8699910099110598,0.9332460732984293,43.826383901787764,21.609369238458775,-0.7477505348165027,1470.3688639551192,487.6479663394109,0.7374558965079685,0.2513649311027891,0.7544221980272546,0.7332203390327849,-0.6799911281984845,487.6479663394109,1470.3688639551192
1571,748.0,103.84062043356595,0.7116865389840469,0.9651612903225807,37.0356161203403,26.017415418082447,-1.1238322785361858,1464.572192513369,1022.3181818181819,0.8717198054525145,0.5269681349578257,0.7514480207867464,0.43222981982457204,-0.9017634849861786,1022.3181818181819,1464.572192513369
1572,366.0,77.94112549695429,0.649497532128444,0.9336734693877551,26.0196441793579,19.784392912026295,1.4626056535710878,1462.6775956284152,1899.5874316939892,0.7571075964149129,0.9791687792237057,0.750475934134641,0.10797973074745154,0.9941530957290773,1899.5874316939892,1462.6775956284152
1573,247.0,57.45584412271571,0.7274530902764401,0.9573643410852714,21.41192746144341,14.69195284840996,-1.3262022266413398,1459.7975708502024,1318.0,0.9402392964801098,0.6793814432989691,0.748998240559365,0.24216252622700446,-0.9702356986275836,1318.0,1459.7975708502024
1574,356.0,76.52691193458118,0.850001775679083,0.9442970822281167,29.586844552775283,15.585752720421542,0.7092432513874151,1464.4662921348315,1918.935393258427,0.7638911604518945,0.989141955287849,0.7513936850358294,0.7588549331003298,0.6512596951365054,1918.935393258427,1464.4662921348315
1575,919.0,120.66904755831214,0.8598670428022344,0.962303664921466,48.066054280317786,24.538587799930028,0.03864341690694098,1477.4211099020674,534.2720348204571,0.7931103286080506,0.2753979560930191,0.7580405899959299,0.9992534360763248,0.038633799834579007,534.2720348204571,1477.4211099020674
1576,249.0,59.698484809834994,0.6890637740251648,0.9576923076923077,21.329150617223917,15.457250540839638,-0.32512199590814667,1469.3534136546184,917.437751004016,0.8779758981487635,0.472906057218565,0.7539011870983162,0.9476117649976589,-0.3194243929915524,917.437751004016,1469.3534136546184
1577,1141.0,130.5685424949238,0.7069120976980141,0.971063829787234,45.92217714079559,32.480820691954094,-1.1513998638480072,1474.6932515337423,1419.7957931638914,0.8410433785468431,0.7318535016308718,0.7566409705150038,0.40720929581997,-0.91333487254008,1419.7957931638914,1474.6932515337423
1578,155.0,49.55634918610404,0.8783319838724332,0.950920245398773,20.479957434221873,9.79046771940323,-1.355554550174131,1465.5870967741935,820.6709677419354,0.7931273994909782,0.4230262720319255,0.7519687515516642,0.21358363211392842,-0.9769247832320676,820.6709677419354,1465.5870967741935
1579,337.0,77.11269837220809,0.8120762196813156,0.8708010335917312,28.074008869506645,16.3826266258275,0.15471562873576108,1474.860534124629,837.8902077151336,0.7121770329084277,0.43190216892532657,0.7567268004744121,0.988055392088885,0.15409913096471237,837.8902077151336,1474.860534124629
1580,540.0,98.9116882454314,0.7060712037041326,0.907563025210084,32.68668499011574,23.146776704742706,0.46249389913714817,1478.4074074074074,855.7351851851852,0.6935988984456758,0.44110061092019853,0.7585466431028257,0.8949425503597438,0.44618138862529616,855.7351851851852,1478.4074074074074
1581,123.0,43.79898987322333,0.8376113347753437,0.8978102189781022,17.11492321053717,9.349311750835856,0.916179020742095,1468.8943089430895,1611.2357723577236,0.8057249020081785,0.8305339032771771,0.7536656279851666,0.6088557040877965,0.7932809915784907,1611.2357723577236,1468.8943089430895
1582,56.0,38.935028842544405,0.9504401268878748,0.6363636363636364,18.201951252582923,5.659125841724367,-1.003199896859864,1466.8035714285713,1841.1964285714287,0.4642125629142867,0.9490703240058911,0.7525929047863372,0.5376069239341703,-0.8431955854592926,1841.1964285714287,1466.8035714285713
1583,627.0,92.66904755831213,0.5469766102673886,0.9646153846153847,31.131797403688843,26.061918472871504,-1.075601567224568,1478.207336523126,176.23923444976077,0.9175040839117529,0.09084496621121689,0.7584439900067348,0.47520302458841596,-0.8798761761873208,176.23923444976077,1478.207336523126
1584,600.0,98.08326112068524,0.6309106525922964,0.9331259720062208,32.620063752356494,25.30845569530245,-1.5619689030281592,1479.83,1318.2333333333333,0.7837387507224868,0.6795017182130584,0.7592765520779887,0.0088273091233567,-0.9999610385478229,1318.2333333333333,1479.83
1585,419.0,83.49747468305833,0.8522089677007465,0.9373601789709173,32.63250612834888,17.073378206118775,1.10968437496552,1480.7828162291169,103.72792362768496,0.7552264739068746,0.0534680018699407,0.7597654264900549,0.4449441995171607,0.8955582947614483,103.72792362768496,1480.7828162291169
1586,420.0,75.35533905932738,0.6244917831259389,0.963302752293578,26.183942952083704,20.45048103507413,1.2380928668572455,1477.695238095238,1240.3404761904762,0.9294608422515872,0.6393507609229259,0.7581812406850887,0.32659942868926956,0.9451628500844935,1240.3404761904762,1477.695238095238
1587,550.0,93.84062043356593,0.8287399787283855,0.9450171821305842,35.65045783889578,19.95120302533423,1.2700895756426758,1479.4927272727273,454.8381818181818,0.7848574997392478,0.2344526710402999,0.7591035029618919,0.29619531796382537,0.9551273913024945,454.8381818181818,1479.4927272727273
1588,839.0,126.08326112068524,0.7970898615935227,0.9040948275862069,44.56326751686409,26.910006195248627,-0.01646345371285746,1496.010727056019,587.5625744934446,0.6632189983471201,0.3028673064399199,0.7675786182945198,0.9998644804069596,-0.01646270999928905,587.5625744934446,1496.010727056019
1589,521.0,85.94112549695429,0.7701887142162451,0.9756554307116105,32.50297848239861,20.73092213509453,-0.11529854331646612,1484.071017274472,56.05374280230326,0.8864321791802703,0.02889368185685735,0.7614525486272304,0.9933604831881178,-0.11504325464914986,56.05374280230326,1484.071017274472
1590,589.0,96.76955262170047,0.8588663875528024,0.9424,38.89049476037323,19.919699584042995,-1.464046982732073,1479.3989813242783,1158.578947368421,0.790401384484733,0.5972056429734129,0.7590554034501171,0.10654671723608587,-0.9943076973684823,1158.578947368421,1479.3989813242783
1591,256.0,59.798989873223334,0.7310685152458462,0.9696969696969697,22.147740544320598,15.11149322381255,1.3841796792293009,1478.9140625,148.48828125,0.8996262796989589,0.07654035115979381,0.7588065995382247,0.18553535395595738,0.982637589568218,148.48828125,1478.9140625
1592,426.0,77.35533905932738,0.6615081174174073,0.9594594594594594,27.01500321074344,20.25957759937984,1.0280623385981666,1483.0610328638497,1527.4413145539907,0.8946205604519498,0.7873408837907169,0.7609343421569265,0.5164790326401241,0.8562998358303717,1527.4413145539907,1483.0610328638497
1593,486.0,81.01219330881975,0.6637359413097877,0.9700598802395209,28.79782957376934,21.539825559928087,0.9427492264117605,1487.0617283950617,302.5246913580247,0.9305620829183665,0.15594056255568284,0.7629870335531358,0.5875656388891386,0.8091765073188905,302.5246913580247,1487.0617283950617
1594,271.0,63.45584412271571,0.7429065730206944,0.9508771929824561,22.959574927187486,15.369027363505724,0.8470846896456464,1483.760147601476,1921.771217712177,0.8457381151195288,0.9906037204701944,0.7612930464861345,0.6621705537188948,0.7493531595900643,1921.771217712177,1483.760147601476
1595,547.0,86.76955262170048,0.7032040375637955,0.9715808170515098,31.378915435000938,22.31003553607965,1.0239621942542898,1488.3546617915904,1828.45155393053,0.9129825436196376,0.9425008009951186,0.7636504165169782,0.5199856344256123,0.8541750054824793,1828.45155393053,1488.3546617915904
1596,151.0,46.970562748477136,0.807155965823763,0.9263803680981595,18.20785414332807,10.74879271147151,-1.5653283532205782,1481.7483443708609,130.41721854304635,0.8600729410225582,0.06722537038301359,0.7602608231764294,0.005467946326777024,-0.9999850506697425,130.41721854304635,1481.7483443708609
1597,497.0,81.01219330881976,0.5650013664773375,0.9726027397260274,27.710106456649,22.86333085940815,-0.13244419878854197,1489.8953722334004,201.14084507042253,0.9516241876757777,0.1036808479744446,0.7644409298272963,0.9912420805686211,-0.13205732736198872,201.14084507042253,1489.8953722334004
1598,519.0,92.42640687119284,0.8887058764709248,0.9488117001828154,38.10587611722291,17.470697087082236,-0.32358718797097885,1493.9961464354528,561.6512524084778,0.7634578800307376,0.28951095484973083,0.7665449699514894,0.948100903785178,-0.3179696152806565,561.6512524084778,1493.9961464354528
1599,627.0,92.76955262170047,0.5811069178607291,0.9646153846153847,31.405758301397007,25.55886108621693,-1.2811283643897138,1488.671451355662,1614.1515151515152,0.9155171420322286,0.8320368634801625,0.7638129560572919,0.2856340363560402,-0.958338769577312,1614.1515151515152,1488.671451355662
1600,52.0,28.384776310850235,0.917928978492897,0.9629629629629629,13.046776399390057,5.176239938782323,-0.7206722916846096,1486.2692307692307,7.365384615384615,0.8110399656987515,0.003796590007930214,0.7625804159924221,0.7513622604432552,-0.6598899556604888,7.365384615384615,1486.2692307692307
1601,199.0,51.698484809834994,0.6894847852955223,0.9567307692307693,18.824101037098664,13.634299510888004,0.5962375085865083,1489.2060301507538,21.42713567839196,0.9356368338961165,0.011044915298140185,0.7640872396874058,0.8274542304955143,0.5615331659261779,21.42713567839196,1489.2060301507538
1602,153.0,45.798989873223334,0.3607909047152068,0.9329268292682927,14.723745055232701,13.73205267986704,0.19924007492475082,1489.7254901960785,1590.9607843137255,0.916620352279067,0.8200828785122296,0.7643537661344681,0.9802172686454558,0.19792449633444134,1590.9607843137255,1489.7254901960785
1603,501.0,94.18376618407356,0.8713497086608479,0.9329608938547486,37.11471209379262,18.210797283176294,-1.4665817429275112,1493.385229540918,427.5349301397206,0.7097337932039333,0.22037882996892813,0.7662315184920052,0.10402604607999796,-0.994574573240721,427.5349301397206,1493.385229540918
1604,489.0,80.76955262170047,0.382657093385924,0.9644970414201184,26.0376139306975,24.05590264393791,0.6795093453373576,1498.764826175869,627.4355828220858,0.9419402789100114,0.3234204035165391,0.7689917014755614,0.7778811453704175,0.628411428665335,627.4355828220858,1498.764826175869
1605,437.0,79.59797974644665,0.7774162428032344,0.9646799116997793,29.889731616249808,18.800236920701327,-0.2703086111855007,1500.938215102975,491.48283752860414,0.8667367488501725,0.2533416688291774,0.7701068317614033,0.9636885341671243,-0.2670288544611223,491.48283752860414,1500.938215102975
1606,785.0,106.91168824543142,0.7725884589932823,0.967940813810111,39.79871310624269,25.26848700763385,-1.2910331322208666,1500.596178343949,968.5949044585988,0.8630364645007748,0.49927572394773134,0.7699313382985885,0.2761280576752193,-0.9611208538807754,968.5949044585988,1500.596178343949
1607,130.0,47.213203435596434,0.887792266091343,0.896551724137931,19.150180558127555,8.813763039170045,-1.5243926070274283,1492.4538461538461,1390.946153846154,0.7328688780026308,0.7169825535289454,0.7657536409203931,0.04638706799847685,-0.9989235405788096,1390.946153846154,1492.4538461538461
1608,216.0,55.21320343559643,0.7491908369591471,0.9473684210526315,20.49032648734374,13.571853863310379,-1.1373294668953526,1496.773148148148,107.7824074074074,0.8903847733681648,0.05555794196258114,0.7679698040780647,0.42001954781718454,-0.9075150574240892,107.7824074074074,1496.773148148148
1609,137.0,41.79898987322333,0.5981223199375589,0.9513888888888888,14.802242196298636,11.862588287926751,0.9110210594801945,1495.85401459854,138.45255474452554,0.9853689156698592,0.07136729626006472,0.7674982116975577,0.6129392994167135,0.7901299989435588,138.45255474452554,1495.85401459854
1610,467.0,79.94112549695429,0.6109977639252241,0.9708939708939709,27.497014222056645,21.767525203531278,0.7102995827784432,1503.8565310492506,1525.0278372591006,0.918303474936379,0.7860968233294333,0.7716041719082867,0.7581665637897947,0.6520609339250244,1525.0278372591006,1503.8565310492506
1611,148.0,49.17766952966369,0.8455936768176973,0.9367088607594937,19.683370242620892,10.507515736418089,-0.2876862576788324,1499.6013513513512,3.945945945945946,0.7690165582643684,0.0020339927556422403,0.7694209088513859,0.9589029297555068,-0.28373433226577566,3.945945945945946,1499.6013513513512
1612,291.0,63.941125496954285,0.6984433489779742,0.9540983606557377,22.93170715974706,16.411428151718237,-0.33563767244070075,1502.9931271477662,123.51546391752578,0.8944216438333724,0.06366776490594113,0.7711611734980842,0.9442004705969167,-0.3293713274171889,123.51546391752578,1502.9931271477662
1613,296.0,63.112698372208094,0.7404119666230914,0.9673202614379085,23.695230756086016,15.926828621827735,-1.5652074084603036,1499.6013513513512,457.56081081081084,0.9338305498354371,0.23585608804680971,0.7694209088513859,0.005588889238722024,-0.9999843820365782,457.56081081081084,1499.6013513513512
1614,378.0,71.94112549695427,0.562124624280193,0.9667519181585678,24.35688537211129,20.144423955569028,-0.1393396160242097,1503.8095238095239,402.8174603174603,0.9177982134498003,0.20763786614302077,0.7715800532629676,0.9903079323227284,-0.13888916148743333,402.8174603174603,1503.8095238095239
1615,479.0,81.94112549695429,0.7586010708152088,0.9696356275303644,30.747598849795345,20.03376350342172,-1.514804778627913,1502.8517745302713,1490.858037578288,0.8964819043500625,0.7684835245248908,0.771088647783618,0.05596229666975124,-0.9984328827474818,1490.858037578288,1502.8517745302713
1616,336.0,67.11269837220809,0.38280567569494384,0.9572649572649573,21.567424175811247,19.924609497477775,0.3317833876417664,1504.2708333333333,380.1666666666667,0.937431925861532,0.19596219931271477,0.7718167436292115,0.9454629450725285,0.32572967241990863,380.1666666666667,1504.2708333333333
1617,761.0,110.08326112068525,0.8368596863318927,0.9572327044025157,42.22673556687737,23.115651937778857,-0.10429413191544135,1516.6596583442838,1077.3140604467806,0.7891361658982186,0.5553165260034951,0.7781732469698737,0.9945662950250368,-0.1041051622167291,1077.3140604467806,1516.6596583442838
1618,444.0,80.42640687119285,0.7985688714837852,0.9652173913043478,30.71962374011254,18.49024736833817,-1.1386393438608764,1505.9887387387387,1355.9054054054054,0.8625722870985706,0.698920312064642,0.7726981727751353,0.41883045475750436,-0.9080644526505935,1355.9054054054054,1505.9887387387387
1619,255.0,58.8700576850888,0.4478165674333126,0.9375,19.076141337215127,17.056463474410837,0.2660694028321597,1506.4549019607844,1593.3960784313726,0.924615398168389,0.8213381847584396,0.772937353494502,0.964811862570931,0.26294119084390516,1593.3960784313726,1506.4549019607844
1620,122.0,44.8700576850888,0.908765142103459,0.9457364341085271,19.32827761948813,8.065843710435528,-1.005529660692717,1504.77868852459,718.7377049180328,0.7614763840928601,0.37048335305053237,0.7720773158155927,0.5356410201216081,-0.8444457931466549,718.7377049180328,1504.77868852459
1621,489.0,88.66904755831214,0.5165410988172057,0.914018691588785,27.902696977521018,23.892030208411416,0.6433112589351936,1512.2290388548058,430.64212678936605,0.7815821569546811,0.22198047772647733,0.7758999686274016,0.8001138954969828,0.5998481093015492,430.64212678936605,1512.2290388548058
1622,682.0,100.66904755831213,0.3130109348057395,0.9472222222222222,30.69669388269053,29.154170344535103,-1.27281662177015,1515.299120234604,832.4677419354839,0.8456727161872549,0.4291070834718989,0.7774751771342248,0.29358954336941745,-0.9559315770619449,832.4677419354839,1515.299120234604
1623,529.0,85.59797974644667,0.6874273984674969,0.9688644688644689,30.529629045151307,22.172237874122004,-0.9032156056061149,1514.4536862003781,1264.6332703213611,0.9072740861415094,0.6518728197532789,0.7770413987687933,0.6190878884516656,-0.785321708838141,1264.6332703213611,1514.4536862003781
1624,839.0,118.5685424949238,0.7463848232466375,0.9119565217391304,41.217119798809684,27.43059539285745,1.5255476245211077,1519.4135876042908,1391.0071513706794,0.7499509544676599,0.7170139955518966,0.7795862429986099,0.04523326314910714,0.998976452127318,1391.0071513706794,1519.4135876042908
1625,869.0,108.56854249492379,0.3931460738010344,0.9698660714285714,34.72702587501437,31.930667789150334,0.8357910861371146,1520.8515535097813,1120.2186421173762,0.9264492313359576,0.5774322897512248,0.7803240397690001,0.6705910433098058,0.7418272390743454,1120.2186421173762,1520.8515535097813
1626,570.0,91.11269837220809,0.6738687767755748,0.9515859766277128,31.728299963918154,23.44248769154365,0.05879933416600473,1520.3456140350877,1560.5666666666666,0.8628333085257959,0.8044158075601374,0.7800644505054324,0.9982718171496685,0.058765458261625256,1560.5666666666666,1520.3456140350877
1627,498.0,85.84062043356595,0.7248415712069423,0.9431818181818182,30.646451775664225,21.11281855113045,0.9386859491345666,1518.8975903614457,112.00602409638554,0.8492851119149015,0.057735063967209045,0.7793214932588228,0.5908486879442607,0.8067823919462705,112.00602409638554,1518.8975903614457
1628,620.0,100.5685424949238,0.8042356720317296,0.9267563527653214,37.49350196887395,22.28278232523375,-0.7518753977695429,1520.098387096774,1752.0483870967741,0.7703307624034407,0.9031177253076156,0.7799376024098379,0.7304092390957592,-0.6830097681904367,1752.0483870967741,1520.098387096774
1629,137.0,41.55634918610405,0.6626307570901182,0.9647887323943662,15.287926800251086,11.449835389852092,0.501433397430363,1513.5182481751824,301.24817518248176,0.9969093228892462,0.15528256452705244,0.7765614408287237,0.8768944532378306,0.48068297024205703,301.24817518248176,1513.5182481751824
1630,734.0,116.66904755831213,0.8933852044063786,0.905055487053021,47.47713976201644,21.331076637847605,-1.5095344693471027,1519.232970027248,665.0258855585831,0.6776331115490285,0.34279684822607376,0.7794935710760637,0.06122354519101951,-0.9981240792177309,665.0258855585831,1519.232970027248
1631,423.0,74.87005768508881,0.3923437586459716,0.9635535307517085,24.320801247970365,22.370726916722237,0.4368025232918534,1521.1536643026004,135.5271867612293,0.9482741152562795,0.06985937461919037,0.7804790478720371,0.9061089673958872,0.4230443702553659,135.5271867612293,1521.1536643026004
1632,221.0,55.45584412271571,0.7740980787707717,0.9484978540772532,21.102209498021097,13.359084759526292,-1.151255548376981,1517.10407239819,759.4841628959276,0.9030410591243467,0.3914866819051173,0.7784012685470446,0.4073410999313828,-0.9132760964279593,759.4841628959276,1517.10407239819
1633,609.0,96.42640687119285,0.8057536018158752,0.9590551181102362,36.444683273845826,21.584396610988325,-0.15904155135748552,1526.5615763546798,1034.8144499178982,0.8230669985293166,0.5334095102669578,0.783253759032673,0.9873795282259008,-0.15837192693276672,1034.8144499178982,1526.5615763546798
1634,719.0,101.59797974644667,0.5327884631814945,0.9599465954606141,33.21532376548316,28.10841653486489,0.552497194226925,1525.7482614742698,1797.1766342141864,0.8753235439709998,0.926379708357828,0.7828364604793585,0.8512166137243892,0.524814516300363,1797.1766342141864,1525.7482614742698
1635,399.0,74.76955262170047,0.5341014547164615,0.9568345323741008,24.64747109485073,20.837474629050185,0.16276844409832528,1523.328320802005,389.1979949874687,0.8968776374366474,0.20061752318941686,0.7815948285284787,0.9867824371980849,0.16205067613992727,389.1979949874687,1523.328320802005
1636,200.0,52.04163056034262,0.5093655868357038,0.9433962264150944,17.34016694096944,14.92208465527892,0.9257364964896664,1520.075,447.3,0.9279788304747614,0.23056701030927837,0.7799256028732684,0.6012462478209335,0.7990637956266374,447.3,1520.075
1637,556.0,99.49747468305831,0.5483733355582551,0.9011345218800648,29.867159958215083,24.97592360582362,1.0540555163527778,1526.7428057553957,413.58093525179856,0.7057656858371749,0.21318604909886524,0.7833467448719321,0.49404911663581125,0.8694339942464722,413.58093525179856,1526.7428057553957
1638,525.0,101.7401153701776,0.9321901803187624,0.9242957746478874,43.54813479166725,15.763069433991543,0.48045017361251097,1532.2819047619048,792.9771428571429,0.63735987045125,0.4087511045655376,0.7861887659117007,0.886786952109125,0.462178430445438,792.9771428571429,1532.2819047619048
1639,462.0,90.66904755831213,0.8368483779081072,0.8850574712643678,34.45054978572218,18.859427696640367,-0.3378018397463889,1529.004329004329,34.68181818181818,0.7062097875083244,0.017877225866916587,0.7845070954357768,0.9434854453578138,-0.33141396228579134,34.68181818181818,1529.004329004329
1640,194.0,49.798989873223334,0.618032567067258,0.9748743718592965,17.847497026322472,14.030854324121417,1.290380536716455,1522.0103092783504,177.33505154639175,0.9830384995146493,0.09140982038473802,0.780918578388071,0.27675522198030805,0.960940449302989,177.33505154639175,1522.0103092783504
1641,547.0,87.84062043356595,0.644721425340972,0.9546247818499127,30.384612806984723,23.226533127100204,-0.6227971213638147,1530.4405850091407,1241.601462522852,0.8908537267215937,0.6400007538777588,0.7852440148841153,0.8122500490762924,-0.5833094014119442,1241.601462522852,1530.4405850091407
1642,532.0,86.76955262170046,0.6160107980315154,0.9585585585585585,29.50992040432991,23.24607706450758,0.1612878041870345,1531.545112781955,1057.7875939849623,0.8879464592425002,0.5452513371056507,0.7858107300061339,0.9870212941504796,0.1605894295821257,1057.7875939849623,1531.545112781955
1643,872.0,111.9827560572969,0.703244456459488,0.9656699889258029,39.665450433025036,28.200077557348934,0.6518712596474772,1535.3543577981652,1720.5607798165138,0.8738241539207957,0.8868869999054195,0.7877651912766368,0.7949499445215564,0.6066750247910115,1720.5607798165138,1535.3543577981652
1644,495.0,87.25483399593904,0.7413301606147927,0.94106463878327,30.894754023201333,20.73472117399709,-0.9461795142980775,1530.6626262626262,1350.6686868686868,0.8170263622658531,0.6962209726127252,0.7853579406170478,0.5847864790594373,-0.8111872619249308,1350.6686868686868,1530.6626262626262
1645,532.0,102.56854249492382,0.9153722657572982,0.8807947019867549,42.584667327370205,17.14494960737395,0.6623942091586663,1538.890977443609,1107.2274436090227,0.6354671835902771,0.570735795674754,0.7895797729315592,0.7885220387069941,0.6150064995374973,1107.2274436090227,1538.890977443609
1646,252.0,59.798989873223334,0.36534068640056766,0.9618320610687023,19.063774469624814,17.745969732499585,0.22529061998393612,1529.642857142857,946.7261904761905,0.8855696190786627,0.4880031909671085,0.7848347137726306,0.9747292267369345,0.2233896473537162,946.7261904761905,1529.642857142857
1647,556.0,97.7401153701776,0.8578895031547658,0.952054794520548,37.95314441342484,19.501624161734075,-1.0780467224618304,1536.4514388489208,298.2140287769784,0.7313730630687529,0.15371857153452495,0.7883280856074504,0.4730501723244507,-0.8810354899002693,298.2140287769784,1536.4514388489208
1648,235.0,57.04163056034262,0.48797678213644013,0.9288537549407114,18.613840446169668,16.24721365466486,0.5112767803320358,1532.5021276595744,962.8297872340426,0.9075986960270085,0.49630401403816626,0.7863017586760258,0.872120501347735,0.4892911516969987,962.8297872340426,1532.5021276595744
1649,716.0,105.7401153701776,0.5612629795333446,0.9310793237971391,33.78410210366753,27.960990547728468,1.5220314143389304,1538.5949720670392,607.7150837988827,0.804717278702556,0.3132551978344756,0.7894278974176702,0.048745587457942295,0.998811227261378,607.7150837988827,1538.5949720670392
1650,175.0,50.8700576850888,0.7730387379948334,0.9562841530054644,18.844929265885273,11.954447048236352,1.5436342649440151,1531.1885714285713,1637.9085714285713,0.8498131606016667,0.8442827687776141,0.7856277944733563,0.02715872204726686,0.9996311338772714,1637.9085714285713,1531.1885714285713
1651,542.0,88.18376618407356,0.7734799264765332,0.9644128113879004,33.15172546982396,21.012253075636355,1.4864199273231848,1536.5959409594095,716.1162361623616,0.8758542965705274,0.36913208049606266,0.7884022272752229,0.08427631720788309,0.9964424230018893,716.1162361623616,1536.5959409594095
1652,609.0,93.35533905932738,0.5769155807816528,0.9575471698113207,31.112328334059466,25.412667342706303,-1.548666304335006,1539.2660098522167,1323.6190476190477,0.8781098230112202,0.6822778595974472,0.7897721959221224,0.022128216185688714,-0.9997551410462661,1323.6190476190477,1539.2660098522167
1653,934.0,123.74011537017762,0.7805818471736079,0.9330669330669331,44.993879389807255,28.123585462391326,0.06188285581560111,1551.684154175589,70.20877944325481,0.7665415614806037,0.0361900924965231,0.7961437425221082,0.9980858670407734,0.06184336677015193,70.20877944325481,1551.684154175589
1654,380.0,73.01219330881975,0.7172118613751994,0.9644670050761421,26.45837551664417,18.43765610928292,0.3247865847063684,1540.2394736842105,87.73157894736842,0.8957826997993373,0.04522246337493217,0.7902716642812778,0.9477188502116999,0.31910653542886525,87.73157894736842,1540.2394736842105
1655,426.0,78.18376618407356,0.7287880669017083,0.9551569506726457,28.258834469378268,19.349935453216457,-0.3792759202401871,1541.544600938967,631.7887323943662,0.8757623877901378,0.32566429504864236,0.7909413037141955,0.9289329681119677,-0.37024794497024555,631.7887323943662,1541.544600938967
1656,381.0,95.39696961966999,0.9609615303950485,0.8410596026490066,44.355788833717675,12.272449005484505,-0.7560252716430085,1544.3832020997374,484.994750656168,0.5260968257472814,0.24999729415266392,0.7923977435093573,0.7275685534936185,-0.6860349845067695,484.994750656168,1544.3832020997374
1657,336.0,71.84062043356595,0.8399837443467489,0.9572649572649573,28.4334454515565,15.428316302360937,0.680244011915841,1543.1488095238096,564.8095238095239,0.8181048978421585,0.29113892979872363,0.7917643968824062,0.7774192626129469,0.6289827423056549,564.8095238095239,1543.1488095238096
1658,1041.0,142.3259018078045,0.9288202417587211,0.9278074866310161,61.086287728368056,22.634341560924707,0.23560154517299234,1558.8895292987513,1017.416906820365,0.6457920658104506,0.5244417045465799,0.7998407025647775,0.9723740998117313,0.23342795465694585,1017.416906820365,1558.8895292987513
1659,320.0,65.11269837220809,0.4504837057470147,0.960960960960961,21.404336341919336,19.10946292447779,0.12003883234388382,1542.278125,132.853125,0.9484806062401062,0.06848099226804125,0.7913176629040534,0.9928039863997136,0.1197507602850079,132.853125,1542.278125
1660,183.0,49.112698372208094,0.4922595627335114,0.9581151832460733,16.604933080622548,14.453738441603523,-1.0422402916386766,1538.4972677595629,1605.448087431694,0.9533960796191829,0.827550560531801,0.7893777669366664,0.5042869515338738,-0.8635361431420646,1605.448087431694,1538.4972677595629
1661,260.0,60.2842712474619,0.7713296216434004,0.9629629629629629,22.900219007615554,14.574520774069244,-0.34424879900408684,1544.05,448.74615384615385,0.8990320646778744,0.23131245043616178,0.7922267829656233,0.9413292407375741,-0.3374896450743671,448.74615384615385,1544.05
1662,826.0,107.15432893255071,0.4351251170054971,0.9615832363213038,34.365523249245314,30.941686084925294,1.3558464542022224,1549.6973365617434,760.1501210653753,0.9040042447591764,0.3918299593120491,0.7951243389234189,0.21329845473909761,0.9769870875328461,760.1501210653753,1549.6973365617434
1663,208.0,52.8700576850888,0.5096337838474376,0.9497716894977168,17.60870095434396,15.150375328485339,0.15687809255077081,1542.5576923076924,47.74519230769231,0.9350904691068808,0.024610923869944488,0.7914611043138493,0.987719848357973,0.15623540302922012,47.74519230769231,1542.5576923076924
1664,96.0,47.21320343559642,0.9616646780259779,0.8571428571428571,21.749106073365574,5.964215884808652,-1.3238706652832484,1540.3645833333333,1129.9166666666667,0.5411954791404047,0.5824312714776633,0.790335855994527,0.2444240300215331,-0.9696684451646514,1129.9166666666667,1540.3645833333333
1665,265.0,63.426406871192846,0.7640230910174237,0.9498207885304659,23.142794285645937,14.93147398286262,1.1299371622317134,1547.9547169811322,1618.1094339622641,0.8277811254174451,0.8340770278156001,0.794230229338703,0.4267166383313604,0.9043853772431214,1618.1094339622641,1547.9547169811322
1666,617.0,99.25483399593904,0.5018338763287236,0.9278195488721804,31.24878094710654,27.029071272543995,-1.4683468525119932,1554.0437601296596,541.1021069692058,0.7870307362393928,0.2789186118397968,0.7973544177166032,0.10227035182753326,-0.9947566411625873,541.1021069692058,1554.0437601296596
1667,397.0,76.52691193458118,0.6701396344712635,0.9232558139534883,26.415276499136937,19.60634408844341,0.30904088269373553,1555.1410579345088,326.86146095717885,0.8518673896050621,0.16848528915318498,0.7979174232603945,0.9526257188298407,0.30414509666264444,326.86146095717885,1555.1410579345088
1668,352.0,69.698484809835,0.5629349838411039,0.9565217391304348,23.50255809919816,19.42489205072308,1.1960745689496075,1551.0511363636363,1660.627840909091,0.910554308210998,0.8559937324273665,0.7958189514436307,0.36601360846552167,0.9306094983493601,1660.627840909091,1551.0511363636363
1669,824.0,115.49747468305833,0.8117254565661922,0.9515011547344111,43.31618003553474,25.298346987632073,1.4700120866544377,1555.986650485437,390.6759708737864,0.7762329937903676,0.20137936642978682,0.7983512829581513,0.10061370807277449,0.994925565933375,390.6759708737864,1555.986650485437
1670,806.0,109.7401153701776,0.790666745908747,0.9710843373493976,41.16405333316417,25.202558341655788,-0.20613670664340078,1565.6302729528536,996.9528535980149,0.84103502216855,0.5138932235041314,0.8032992678054662,0.9788289559030376,-0.20467993327575898,996.9528535980149,1565.6302729528536
1671,301.0,66.2842712474619,0.7082162805103229,0.9376947040498442,23.498423571534406,16.589782197265745,-0.4774466838980015,1554.7275747508306,1050.6777408637874,0.8609053127299157,0.541586464362777,0.7977052718064805,0.8881710983565904,-0.45951289431750214,1050.6777408637874,1554.7275747508306
1672,220.0,58.8700576850888,0.8669355140946754,0.9482758620689655,23.790241832815493,11.857539923621925,-1.4807677445078418,1550.4545454545455,823.4772727272727,0.7977074023413553,0.4244728209934396,0.7955128504127992,0.08990701576820218,-0.995950163670681,823.4772727272727,1550.4545454545455
1673,598.0,97.84062043356595,0.7822242741837537,0.940251572327044,35.65459513212517,22.212703596386802,0.09291393984092414,1563.9782608695652,1682.2826086956522,0.7850054139958434,0.8671559838637383,0.8024516474446205,0.9956866043603342,0.09278030985822029,1682.2826086956522,1563.9782608695652
1674,521.0,85.1126983722081,0.5505625204860574,0.9666048237476809,28.370872084382995,23.68383189781996,-0.8142813072533088,1559.696737044146,293.10940499040305,0.9037719715206111,0.15108732216000156,0.8002548676470733,0.6863912273888968,-0.7272324820602857,293.10940499040305,1559.696737044146
1675,356.0,72.76955262170047,0.6703961871454336,0.9417989417989417,24.882585230710294,18.46296127675035,0.45834896395323954,1559.120786516854,1066.8904494382023,0.844812735329941,0.5499435306382486,0.799959356858314,0.8967842502365645,0.44246808758106254,1066.8904494382023,1559.120786516854
1676,582.0,89.1543289325507,0.3208735848716863,0.9683860232945092,28.155091106465314,26.666307085509477,1.2428422641911394,1561.3367697594501,1743.1769759450171,0.920127430364777,0.898544832961349,0.8010963415902771,0.32210680813702186,0.9467033348160234,1743.1769759450171,1561.3367697594501
1677,948.0,119.84062043356595,0.7992897008420988,0.9527638190954774,45.23260228231668,27.18234686534345,-0.004605632473214535,1567.759493670886,1186.3259493670887,0.8294879928252903,0.6115082213232416,0.8043917361061499,0.9999893940935084,-0.004605616190900575,1186.3259493670887,1567.759493670886
1678,495.0,81.84062043356595,0.6756613242716955,0.9649122807017544,29.276725129731854,21.583157890380694,-0.49698596022699193,1562.478787878788,642.4787878787879,0.9287038303365823,0.3311746329272103,0.8016822923954786,0.879023581175893,-0.47677829620978807,642.4787878787879,1562.478787878788
1679,811.0,105.98275605729688,0.5588213198488182,0.9677804295942721,35.410279817763254,29.36532323673057,0.8264581646949719,1566.2466091245376,849.0184956843403,0.9073196156241724,0.43763839983728886,0.8036154998073564,0.6774851529717603,0.7355364487928729,849.0184956843403,1566.2466091245376
1680,1160.0,129.15432893255073,0.6404893556740865,0.9690893901420217,44.08112305452468,33.85284990034836,0.7555942581083749,1570.246551724138,699.9103448275862,0.8738762146665133,0.36077852826164236,0.8056678048866793,0.7278641762668436,0.6857213288992761,699.9103448275862,1570.246551724138
1681,278.0,62.526911934581186,0.7845936424887258,0.9553264604810997,23.941618104244593,14.844050673987262,-0.784185990510281,1560.478417266187,1592.679856115108,0.8935537858572324,0.8209689979974782,0.8006559349749549,0.7079633971468814,-0.7062491262297229,1592.679856115108,1560.478417266187
1682,390.0,74.42640687119285,0.6003028012598745,0.9558823529411765,25.033562532388302,20.021162638072102,-0.9968533742109024,1562.851282051282,1274.1923076923076,0.8847495806187561,0.6568001586042823,0.8018734130586362,0.542947420967364,-0.8397666926384304,1274.1923076923076,1562.851282051282
1683,220.0,58.2842712474619,0.8762893748639572,0.9523809523809523,24.146839564586795,11.633588740194922,1.265823882333752,1559.1909090909091,1317.6136363636363,0.8138227075095928,0.6791822867853795,0.7999953356033397,0.3002668913284938,0.9538552269458518,1317.6136363636363,1559.1909090909091
1684,458.0,92.08326112068524,0.8758363269862124,0.8790786948176583,36.60565471262209,17.666191164362594,-0.5609128927871748,1568.816593886463,245.0174672489083,0.6787564338405758,0.12629766353036512,0.8049341169248142,0.8467698419921956,-0.5319594295550291,245.0174672489083,1568.816593886463
1685,584.0,88.18376618407356,0.4789931367856888,0.9733333333333334,29.177207773205723,25.61229701566845,1.2053620099351332,1567.8510273972602,615.7174657534247,0.943724924718059,0.31738013698630135,0.8044387005629863,0.3573549664968613,0.9339686439704639,615.7174657534247,1567.8510273972602
1686,403.0,73.59797974644667,0.6699815363318431,0.9641148325358851,26.29973816242308,19.524340748681166,0.5206057684693817,1567.9776674937966,1100.605459057072,0.934938671703322,0.5673224015758104,0.8045036775237541,0.8675180261500118,0.4974057441413272,1100.605459057072,1567.9776674937966
1687,181.0,49.11269837220809,0.5866558257118059,0.9526315789473684,16.963082892144463,13.737321431319229,1.3636860721104067,1563.6298342541436,266.9171270718232,0.9429764503337278,0.13758614797516658,0.8022728754510742,0.20563277314042638,0.9786292263214798,266.9171270718232,1563.6298342541436
1688,662.0,97.49747468305833,0.644040436466373,0.9622093023255814,33.5094678188891,25.634456323441807,1.0134251622292234,1569.4320241691844,1396.225075528701,0.8751472237555639,0.7197036471797428,0.8052498841299047,0.5289570707752363,0.8486485829110195,1396.225075528701,1569.4320241691844
1689,493.0,101.1543289325507,0.8733857264699436,0.8819320214669052,37.75065448150092,18.3856683830899,0.29607001121993615,1574.079107505071,969.5233265720082,0.6054633182794162,0.4997542920474269,0.8076342265290257,0.9564904997458414,0.2917634725183233,969.5233265720082,1574.079107505071
1690,237.0,58.04163056034261,0.7796420567401302,0.9518072289156626,22.110098898067903,13.845905734031462,0.08158052543229061,1567.9071729957807,1204.0675105485232,0.8840544222510547,0.620653355952847,0.8044675079506315,0.9966741541136784,0.08149006394514285,1204.0675105485232,1567.9071729957807
1691,743.0,109.6396103067893,0.8289896528903865,0.92643391521197,42.07167072520902,23.529168362868884,-0.985413234147704,1576.2234185733512,745.6056527590848,0.7767186107181863,0.3843328107005592,0.8087344374414321,0.5525187307720106,-0.8335004811912746,745.6056527590848,1576.2234185733512
1692,152.0,44.2842712474619,0.3058649168316091,0.9620253164556962,14.360199119417572,13.671985422966317,0.5540238546983836,1571.3947368421052,256.75,0.9739898868533604,0.13234536082474227,0.8062569198779401,0.8504144084969698,0.5261134229619587,256.75,1571.3947368421052
1693,303.0,67.94112549695429,0.8007101534323507,0.9619047619047619,25.595499098486062,15.333033889532613,-1.2916694252003074,1571.3894389438944,1290.2772277227723,0.8248728672727524,0.6650913544962744,0.8062542016130808,0.2755164473669577,-0.9612963576495495,1290.2772277227723,1571.3894389438944
1694,458.0,82.76955262170048,0.4104616396486523,0.9346938775510204,25.75237030620067,23.48301647751228,-1.3498737581759417,1578.0152838427948,515.259825327511,0.8401060773770085,0.2655978481069644,0.8096538141830656,0.21912986244402816,-0.9756957022480223,515.259825327511,1578.0152838427948
1695,125.0,40.38477631085023,0.5465210120290703,0.9328358208955224,13.806613176953617,11.562284574510814,1.4096821798101666,1572.032,1719.392,0.9631291195398893,0.8862845360824743,0.8065838891739353,0.16041802380499645,0.9870491667786867,1719.392,1572.032
1696,856.0,118.22539674441617,0.8760252882693372,0.9650507328072153,47.869962473858905,23.086015596180538,-0.47026870921911684,1588.5233644859813,20.94158878504673,0.769594700559671,0.010794633394353985,0.815045338371463,0.891446561289015,-0.453125841644449,20.94158878504673,1588.5233644859813
1697,349.0,67.94112549695427,0.34649130656245064,0.9640883977900553,21.77998386965868,20.430783198571575,-1.1794526089324826,1577.3982808022922,322.32378223495704,0.9501010913471641,0.16614627950255517,0.8093372400216995,0.38143088834419064,-0.9243973590491059,322.32378223495704,1577.3982808022922
1698,278.0,75.91168824543142,0.9181304713065843,0.8580246913580247,31.91704544866749,12.6480303612496,-0.7835283983423944,1581.5827338129495,47.76618705035971,0.6062299102035636,0.024621745902247274,0.8114842143729859,0.7084276679359942,-0.7057834223774094,47.76618705035971,1581.5827338129495
1699,388.0,79.35533905932738,0.8628517384433967,0.9509803921568627,31.866504816208447,16.1071510335123,-1.3580798950785598,1577.5335051546392,574.8324742268042,0.7742643914593926,0.2963053990859815,0.809406621423622,0.21111588166259013,-0.9774610398935741,574.8324742268042,1577.5335051546392
1700,849.0,125.46803743153546,0.6801534112759282,0.8890052356020942,40.74795830424411,29.871097796184102,-1.286610544626818,1588.8021201413428,879.5641931684335,0.6777216267630245,0.45338360472599665,0.8151883633357326,0.2803759845546684,-0.9598902579383751,879.5641931684335,1588.8021201413428
1701,505.0,85.59797974644667,0.5965316226870466,0.9546313799621928,28.542077576299988,22.907573862426567,-0.038541591856495194,1586.7722772277227,951.8930693069307,0.8661123128572066,0.4906665305705828,0.8141468841599399,0.9992573647846349,-0.038532050602934034,951.8930693069307,1586.7722772277227
1702,98.0,34.970562748477136,0.6802538018412151,0.9514563106796117,13.045911598043483,9.562348540487871,-0.6045100153142567,1577.7448979591836,1045.3367346938776,1.0070028451507589,0.5388333683989059,0.8095150836116899,0.8227806835932242,-0.5683589945675768,1045.3367346938776,1577.7448979591836
1703,192.0,53.55634918610404,0.8632848691989555,0.9411764705882353,22.09371601532527,11.151073727361346,1.5066808988956377,1583.296875,1226.2083333333333,0.8411804366798085,0.6320661512027491,0.8123637121600821,0.06407150943758945,0.9979453099636216,1226.2083333333333,1583.296875
1704,661.0,95.84062043356595,0.6605904409894462,0.969208211143695,33.58099269034061,25.210811879174884,-0.5458317085984881,1593.3857791225416,1874.5658093797276,0.904299083118235,0.9662710357627462,0.8175401637365529,0.8546958222842423,-0.5191291278380195,1874.5658093797276,1593.3857791225416
1705,465.0,82.42640687119285,0.7742715283290127,0.9587628865979382,30.722628040741004,19.4429238488412,-1.1166093202316705,1590.3827956989248,404.93548387096774,0.8600626340726377,0.20872963086132357,0.8159993820928296,0.4387318883327517,-0.8986180112594995,404.93548387096774,1590.3827956989248
1706,32.0,18.485281374238568,0.5801558665354443,0.9411764705882353,7.0611366942846026,5.751334504671721,0.9386179729022633,1585.5625,1706.0,1.1768136879086513,0.8793814432989691,0.8135261672652643,0.5909035286064241,0.8067422264146565,1706.0,1585.5625
1707,192.0,50.38477631085023,0.7049360017882894,0.964824120603015,18.627690950049143,13.212079437541307,0.20442285066111252,1593.1510416666667,902.9895833333334,0.9504131204785019,0.4654585481099657,0.8174197237899778,0.9791783101014728,0.20300206163195472,902.9895833333334,1593.1510416666667
1708,604.0,90.08326112068522,0.4021742445945726,0.9741935483870968,29.212227466086496,26.745638923134482,-0.3263154108027582,1598.478476821192,144.06953642384107,0.9353165156591823,0.07426264764115519,0.8201531435716737,0.9472298844470599,-0.32055505924943617,144.06953642384107,1598.478476821192
1709,316.0,66.87005768508881,0.7344597583397383,0.948948948948949,24.432245565043363,16.580998190352318,-1.341033200847093,1592.759493670886,234.77215189873417,0.8880420914201954,0.1210165731436774,0.8172188269219528,0.22774688083704125,-0.9737203696488015,234.77215189873417,1592.759493670886
1710,541.0,94.35533905932738,0.7244086813745189,0.8956953642384106,32.49471899418613,22.400909543959582,0.5016568072084805,1598.1756007393715,498.82624768946397,0.7636145061788984,0.2571269317986928,0.8199977428113758,0.8767870420792504,0.48087886503975064,498.82624768946397,1598.1756007393715
1711,780.0,110.22539674441619,0.7854673390130883,0.9523809523809523,40.52311865163232,25.079884153061823,0.39185115487198907,1603.8666666666666,803.348717948718,0.8067539961798252,0.4140972772931536,0.8229177355909013,0.9242036878954641,0.3818999126478343,803.348717948718,1603.8666666666666
1712,177.0,54.18376618407356,0.9173350022521762,0.9725274725274725,23.961089149487286,9.539297306870088,-0.8273486251566824,1594.5819209039548,106.89265536723164,0.7576083512893976,0.055099306890325585,0.8181538845069034,0.6768299183368295,-0.7361394308445655,106.89265536723164,1594.5819209039548
1713,467.0,89.9827560572969,0.8409829132975285,0.9321357285429142,34.20206192679864,18.505425021643553,0.8399309932739744,1602.8458244111348,861.7237687366166,0.724783274471004,0.4441875096580498,0.8223939581380887,0.667514209635829,0.7445970587735722,861.7237687366166,1602.8458244111348
1714,248.0,61.21320343559643,0.8359544607026669,0.9575289575289575,24.208941777066944,13.285838565964433,1.4671838116869425,1594.657258064516,931.1653225806451,0.8317088625757915,0.4799821250415697,0.8181925387709165,0.10342722498266813,0.9946370238093817,931.1653225806451,1594.657258064516
1715,793.0,108.42640687119285,0.7596598485636108,0.9554216867469879,39.84793761298967,25.913935668315577,-1.4301192680316452,1599.6040353089534,1031.296343001261,0.8476428819057604,0.5315960530934335,0.8207306492093142,0.14021351702688328,-0.990121290369494,1031.296343001261,1599.6040353089534
1716,616.0,96.91168824543144,0.7513349428102598,0.9506172839506173,34.73241892837006,22.920654670331757,-1.2088383650966799,1599.823051948052,1282.547077922078,0.8242107178671407,0.6611067411969475,0.8208430230621098,0.35410600699701394,-0.9352052907295973,1282.547077922078,1599.823051948052
1717,593.0,93.25483399593904,0.7102342112656248,0.9579967689822294,32.94852997057784,23.194626969886105,-1.4144987712480044,1599.4553119730185,1378.762225969646,0.8568836391214285,0.710702178334869,0.8206543416998556,0.15566196881251362,-0.9878103823433989,1378.762225969646,1599.4553119730185
1718,742.0,101.15432893255071,0.5746754908137943,0.9724770642201835,34.16565116255187,27.960532687041628,-0.4900003517706355,1602.921832884097,1558.8854447439353,0.9112652782217581,0.8035491983216161,0.822432956841507,0.8823326930576991,-0.47062619854991933,1558.8854447439353,1602.921832884097
1719,1013.0,124.36753236814714,0.8047828062931343,0.969377990430622,46.86743090082926,27.819072921407905,-0.8798213267073423,1608.19842053307,1094.4639684106614,0.8230103078867934,0.5641566847477636,0.8251402876003437,0.6372888444808669,-0.7706250247041304,1094.4639684106614,1608.19842053307
1720,556.0,92.08326112068524,0.6393330343379318,0.9455782312925171,31.192838885596252,23.9851081095103,-0.8206186617659826,1606.5053956834533,1330.3453237410072,0.8239925266710921,0.6857450122376325,0.824271624260366,0.6817687447887779,-0.7315677539566203,1330.3453237410072,1606.5053956834533
1721,352.0,85.35533905932738,0.8945703465942964,0.836104513064133,34.462350583927204,15.402160806839683,-1.2048890379845953,1598.3295454545455,1589.215909090909,0.6071432119274617,0.819183458294283,0.8200767293250618,0.35779666748107863,-0.9337995206356846,1589.215909090909,1598.3295454545455
1722,537.0,97.29036790187179,0.8038867020250708,0.9132653061224489,34.50400302586178,20.522375671469426,-1.1379715429153394,1604.072625698324,603.6610800744879,0.7129260080514499,0.31116550519303504,0.8230234097990374,0.4194367676221069,-0.9077845548183328,603.6610800744879,1604.072625698324
1723,112.0,36.14213562373095,0.3816124607009116,0.9824561403508771,12.416061447043452,11.476443921442595,0.004318074463231532,1598.3392857142858,353.98214285714283,1.0774577868360737,0.18246502209131074,0.8200817268929121,0.999990677130951,0.004318061044275604,353.98214285714283,1598.3392857142858
1724,754.0,102.91168824543144,0.31489185092906796,0.9629629629629629,32.07219602220227,30.44060510483821,0.2927975012766815,1609.5809018567638,474.42175066312996,0.894647194436482,0.24454729415625256,0.8258496161399507,0.9574401752290451,0.28863179114119664,474.42175066312996,1609.5809018567638
1725,727.0,113.84062043356595,0.9115345651988216,0.9478487614080835,47.56328167811355,19.559137399043582,0.16406062448672232,1615.67537826685,773.7592847317744,0.7049361249879925,0.39884499212978064,0.8289765922354284,0.9865722147206418,0.163325641407612,773.7592847317744,1615.67537826685
1726,157.0,46.04163056034262,0.7390332842511931,0.9515151515151515,17.27607836439593,11.638356938111524,-0.5431291542460015,1602.656050955414,962.171974522293,0.930696594873104,0.4959649353207696,0.8222965884840503,0.8560956739985575,-0.5168173729287316,962.171974522293,1602.656050955414
1727,913.0,124.32590180780451,0.8858097246296701,0.9480789200415368,50.52691308205786,23.44694483450567,-1.2913749672681478,1608.2836801752464,1691.094194961665,0.7422623040012646,0.8716980386400335,0.8251840329272686,0.27579949675614124,-0.9612151879725264,1691.094194961665,1608.2836801752464
1728,218.0,58.04163056034261,0.8811882940715633,0.9478260869565217,24.282572927524004,11.479962022585935,-1.467338988943053,1599.908256880734,1743.1100917431193,0.8131808609735439,0.8985103565686182,0.8208867403184884,0.10327287869384404,-0.994653061386877,1743.1100917431193,1599.908256880734
1729,165.0,48.627416997969526,0.8237060112988223,0.953757225433526,19.29156617365407,10.938648165800293,-0.7719068656765328,1603.1333333333334,1777.1151515151514,0.8768623150343174,0.9160387378944079,0.8225414742603044,0.7165819288123624,-0.6975029313913701,1777.1151515151514,1603.1333333333334
1730,541.0,90.52691193458118,0.5368747505007184,0.9327586206896552,29.17230858256413,24.61156702825694,0.006510233897253255,1610.8170055452865,178.84842883548984,0.8295674769958995,0.09218991177087105,0.8264838407107679,0.9999788085021486,0.006510187909985737,178.84842883548984,1610.8170055452865
1731,900.0,109.49747468305833,0.38145192845084797,0.9771986970684039,35.22574713520511,32.56228179284603,-0.6515958497959762,1614.6344444444444,430.32444444444445,0.9432876901559161,0.22181672394043528,0.8284425061284989,0.7951169986492217,-0.6064560647392798,430.32444444444445,1614.6344444444444
1732,829.0,129.98275605729688,0.9314153971836038,0.8971861471861472,55.588933550026184,20.232031893597206,0.08453647660518321,1622.4487334137516,1131.9915560916768,0.61658493895582,0.5835008021091117,0.8324518898993082,0.9964289195239054,0.08443582377416815,1131.9915560916768,1622.4487334137516
1733,825.0,104.9116882454314,0.41661587604505795,0.9763313609467456,33.99397395217206,30.90333093907595,-0.29829089221620153,1614.2787878787879,1912.1660606060607,0.9419244299879549,0.9856526085598251,0.8282600245658224,0.9558401694729812,-0.2938870028120714,1912.1660606060607,1614.2787878787879
1734,88.0,34.72792206135785,0.6887612417215835,0.9361702127659575,12.738086503612461,9.23496294828724,-0.39445472578267393,1604.715909090909,624.4318181818181,0.9169273771200888,0.3218720712277413,0.8233534679789168,0.9232062531221936,-0.38430484539760895,624.4318181818181,1604.715909090909
1735,283.0,63.698484809834994,0.7529271183148691,0.9464882943143813,23.520504607090434,15.478936014018089,-1.1440540317955947,1608.946996466431,1791.26148409894,0.8764720991110879,0.9233306619066701,0.8255243696595337,0.4139074533503091,-0.9103189661108142,1791.26148409894,1608.946996466431
1736,108.0,40.79898987322333,0.7403114292084436,0.907563025210084,14.917253018718718,10.02833331601337,-0.538929501333313,1608.7314814814815,67.32407407407408,0.815332582662672,0.03470313096601756,0.825413792448169,0.8582585716992198,-0.5132175212371604,67.32407407407408,1608.7314814814815
1737,301.0,66.8700576850888,0.7141325245491381,0.9435736677115988,23.835711104737157,16.6852486828278,-1.0966794383716485,1611.9601328903655,115.99335548172758,0.8458881946755662,0.059790389423570914,0.827070360641542,0.4565529242475212,-0.8896962556743943,115.99335548172758,1611.9601328903655
1738,376.0,70.42640687119285,0.45608800385088655,0.9740932642487047,23.29640958492305,20.73228278393252,-0.20790061853637465,1614.1037234042553,1359.5079787234042,0.9526352469523408,0.7007773086203114,0.8281702018492845,0.9784663959651485,-0.20640618199795577,1359.5079787234042,1614.1037234042553
1739,207.0,61.248737341529164,0.6769721310096166,0.8697478991596639,20.03235050433429,14.743983264106408,1.071797030155864,1610.7246376811595,160.768115942029,0.6934033402583613,0.08287016285671597,0.8264364482715031,0.47854709888148855,0.8780618851493959,160.768115942029,1610.7246376811595
1740,454.0,82.42640687119285,0.7988288879558156,0.9537815126050421,31.126856393083077,18.724619319850383,-0.21123903332717225,1618.6387665198238,215.87444933920705,0.839717066384898,0.11127548935010673,0.8304970582451635,0.97777187528876,-0.20967155242021193,215.87444933920705,1618.6387665198238
1741,661.0,96.74011537017762,0.49503358481551624,0.9510791366906475,31.306538102163827,27.201431979164823,0.9764552865260882,1619.5128593040847,1536.0665658093797,0.887560817582382,0.7917868895924638,0.8309455409461697,0.5599629163317835,0.8285176717084579,1536.0665658093797,1619.5128593040847
1742,622.0,109.25483399593904,0.9070296707718489,0.9120234604105572,45.13476316809527,19.004746344724026,1.5593946054030128,1614.967845659164,1613.1897106109325,0.6548154619717707,0.8315410879437797,0.8286135688348711,0.011401474357616624,0.9999350010788064,1613.1897106109325,1614.967845659164
1743,742.0,101.25483399593904,0.4285816607250311,0.9623865110246433,32.540249499957355,29.400214648118208,-0.9221751554964877,1622.667115902965,370.50134770889485,0.9094571409380016,0.1909800761386056,0.832563938380177,0.6040881676129344,-0.796917489926057,370.50134770889485,1622.667115902965
1744,377.0,79.9411254969543,0.8295304641954266,0.908433734939759,30.407745742133997,16.981554263950493,-1.357614176165431,1618.7931034482758,1387.7559681697612,0.7413285011799031,0.7153381279225574,0.830576245997063,0.2115710808443644,-0.9773626132354089,1387.7559681697612,1618.7931034482758
1745,453.0,85.84062043356595,0.7256156479059402,0.9244897959183673,30.3291117830071,20.869468903509688,-0.07356087093836158,1624.4348785871964,1815.2693156732892,0.7725424813201816,0.9357058328212831,0.8334709484798339,0.9972956189593605,-0.07349454676685888,1815.2693156732892,1624.4348785871964
1746,156.0,47.45584412271571,0.6097025614304651,0.9341317365269461,16.04845042891612,12.720488018349291,-1.234279525422591,1618.2051282051282,1750.9358974358975,0.8704725025857081,0.9025442770288131,0.8302745655234111,0.3302012739809844,-0.9439105459000524,1750.9358974358975,1618.2051282051282
1747,228.0,59.21320343559642,0.8033788050901857,0.9344262295081968,22.47302678673753,13.381975041966053,-1.3537209199951734,1618.2938596491229,498.3421052631579,0.8171609354269077,0.2568773738469886,0.8303200921750246,0.21537459081993518,-0.9765315077503365,498.3421052631579,1618.2938596491229
1748,627.0,97.6335136523794,0.4842105126615887,0.9372197309417041,30.40310343113673,26.601241856500913,-0.5647254794368953,1628.2280701754387,55.92663476874003,0.8265698630259287,0.02882816225192785,0.8354171729991989,0.8447355512480652,-0.5351839389010355,55.92663476874003,1628.2280701754387
1749,769.0,104.32590180780451,0.5425351162073143,0.9624530663329162,34.248755854323946,28.770089338046652,-0.9958777305178061,1629.2912873862158,151.02080624187255,0.8878751658791769,0.07784577641333637,0.8359626923479814,0.5437664755041853,-0.839236569816733,151.02080624187255,1629.2912873862158
1750,344.0,72.66904755831214,0.7353509287023877,0.9529085872576177,25.949431460709256,17.585579754530297,-0.6770426246282999,1624.6220930232557,536.3866279069767,0.818595532887595,0.2764879525293695,0.8335670051427685,0.7794288926935117,-0.6264907032307553,536.3866279069767,1624.6220930232557
1751,412.0,73.35533905932738,0.6068875168482162,0.9716981132075472,25.724883954216754,20.445822221775188,-0.9782781413064751,1623.8009708737864,1027.7864077669904,0.9621518570775779,0.5297868081273146,0.8331457008074841,0.5584517194476548,-0.8295370257233596,1027.7864077669904,1623.8009708737864
1752,441.0,85.59797974644665,0.8903605366984986,0.9524838012958964,35.30170285293572,16.07131549062768,-1.4366347123354293,1622.3492063492063,1300.7369614512472,0.7563475840990658,0.6704829698202305,0.832400824191486,0.13375950645538348,-0.9910138215145197,1300.7369614512472,1622.3492063492063
1753,155.0,56.94112549695428,0.6409312399683674,0.8757062146892656,16.72901422566007,12.841162830926104,0.6936465587017163,1623.425806451613,1071.5225806451613,0.6007440359100087,0.552331227136681,0.832953210082921,0.7689197221665744,0.6393453377192001,1071.5225806451613,1623.425806451613
1754,686.0,101.84062043356595,0.5927828691123994,0.9449035812672176,33.533357591023794,27.006502742075092,-1.3295421673713532,1628.142857142857,253.29008746355686,0.8311739181463162,0.13056190075441076,0.8353734515868944,0.23892065183929218,-0.9710390940248944,253.29008746355686,1628.142857142857
1755,462.0,79.35533905932738,0.6953052229490444,0.9726315789473684,28.654038339112297,20.594075118940204,1.0238307253367294,1626.8181818181818,343.7077922077922,0.9219333733356686,0.17716896505556298,0.8346937823592518,0.5200979273949311,0.8541066361523583,343.7077922077922,1626.8181818181818
1756,837.0,113.15432893255071,0.587593462344275,0.9457627118644067,37.06835380877586,29.99409213366399,-1.4746869450311104,1632.4982078853047,972.6152927120669,0.8214723977053596,0.5013480890268386,0.8376081107672164,0.09596148947878758,-0.9953850473746391,972.6152927120669,1632.4982078853047
1757,350.0,73.45584412271572,0.8587359417269665,0.9615384615384616,29.624787501137355,15.180285220970228,-0.0793259013372046,1631.3285714285714,1833.6028571428571,0.8151268534428959,0.9451561119293078,0.8370079894451367,0.9968553502090536,-0.07924273316579371,1833.6028571428571,1631.3285714285714
1758,701.0,99.25483399593904,0.6348359716624247,0.9695712309820194,34.2109768843496,26.433006497661385,-1.4251588874574446,1631.7203994293866,115.91155492154066,0.8941791671050476,0.059748224186361165,0.8372090299791619,0.14512315030113063,-0.98941359968755,115.91155492154066,1631.7203994293866
1759,528.0,99.7401153701776,0.9140181267389048,0.9150779896013865,41.377968078885566,16.785938778473646,-0.849769925359314,1633.4640151515152,1488.6969696969697,0.6669665508481131,0.7673695720087473,0.8381036506677861,0.6601559789848382,-0.7511285398722178,1488.6969696969697,1633.4640151515152
1760,287.0,73.94112549695429,0.8993149850241275,0.8830769230769231,30.106353277436195,13.165551926564456,1.4725202609719306,1625.7770034843206,456.29616724738673,0.6596592352144195,0.23520420992133337,0.8341595707974965,0.09811794745977857,0.9951747928812708,456.29616724738673,1625.7770034843206
1761,464.0,85.45584412271572,0.5831299147420509,0.9567010309278351,27.850896915898385,22.625481435393397,-0.5939370911380722,1632.114224137931,9.217672413793103,0.798443716885112,0.004751377532883043,0.8374110949912421,0.8287438006389598,-0.5596281916616532,9.217672413793103,1632.114224137931
1762,1916.0,192.50966799187808,0.8120108895459615,0.9067676289635589,68.00499016176526,39.690587757293244,-1.3551607589983345,1642.7870563674321,814.0668058455115,0.6496811687141949,0.4196220648688203,0.8428871505220278,0.2139683199026735,-0.9768406001380303,814.0668058455115,1642.7870563674321
1763,284.0,61.21320343559643,0.3990671158691209,0.9627118644067797,20.034660198396224,18.370215049662928,0.1158698064305722,1632.718309859155,1458.1161971830986,0.9524407942400194,0.7516062872077828,0.8377210414875089,0.9932946011363912,0.11561070604964471,1458.1161971830986,1632.718309859155
1764,246.0,60.87005768508881,0.6483809739829289,0.9283018867924528,20.85151366763499,15.874591810925416,-1.3429434857733624,1631.6504065040651,642.4837398373984,0.8343293942511314,0.331177185483195,0.8371731177547794,0.22588638307827585,-0.9741536541736188,642.4837398373984,1631.6504065040651
1765,910.0,115.15432893255073,0.674797622302977,0.9691160809371672,40.07377397888726,29.57455838382335,0.6870169309694092,1643.9362637362638,761.1164835164835,0.862364199479065,0.3923280842868472,0.8434767900134755,0.7731414149947841,0.63423367335696,761.1164835164835,1643.9362637362638
1766,599.0,98.18376618407356,0.8697053760262209,0.9553429027113237,39.62231859466006,19.556436517289423,-1.2959927324613694,1635.5125208681136,1226.914858096828,0.7808314771766803,0.6324303392251691,0.8391547054223261,0.27135790595747106,-0.9624785124221612,1226.914858096828,1635.5125208681136
1767,893.0,137.36753236814715,0.9276354661199335,0.8832838773491593,57.44586062493077,21.45527467419028,-0.8384643962893152,1649.9619260918253,1493.575587905935,0.5946934146604682,0.7698843236628531,0.8465684587438816,0.6686055151652694,-0.7436172840181867,1493.575587905935,1649.9619260918253
1768,875.0,120.46803743153546,0.8512472943431493,0.9378349410503751,46.80693550495913,24.56262985450234,-1.1611287758001982,1641.9645714285714,1578.5691428571429,0.7576598027640323,0.8136954344624447,0.8424651469618119,0.3983044100571346,-0.9172532894075867,1578.5691428571429,1641.9645714285714
1769,407.0,75.18376618407358,0.657454297152868,0.9667458432304038,26.324797065933243,19.835587804839726,-1.4992311675714294,1636.127764127764,661.3931203931204,0.904807348555686,0.3409242888624332,0.83947037666894,0.07150408717869147,-0.9974403067435876,661.3931203931204,1636.127764127764
1770,426.0,85.42640687119285,0.7731983501449059,0.908315565031983,30.068342986150157,19.06826854257977,0.29986149506983395,1643.8826291079813,526.5046948356808,0.7335592257277463,0.27139417259571175,0.8434492709635615,0.9553774109676574,0.2953878850134782,526.5046948356808,1643.8826291079813
1771,641.0,94.08326112068524,0.645079857461729,0.9668174962292609,32.750733616405796,25.02533205217389,0.3531332311446287,1646.5741029641185,1009.2511700468019,0.9100037216499928,0.5202325618797948,0.8448302221468027,0.9382937255437936,0.3458393913439418,1009.2511700468019,1646.5741029641185
1772,595.0,104.18376618407356,0.9142226858602199,0.950479233226837,43.84329212285777,17.765834347749898,1.4798166685199274,1639.1764705882354,1318.90756302521,0.6888532694273393,0.6798492592913454,0.8410346180545076,0.0908541992487357,0.9958642048386271,1318.90756302521,1639.1764705882354
1773,186.0,51.45584412271571,0.837371154049924,0.9587628865979382,20.91646201266451,11.433664991930954,-1.0880043512848896,1637.9408602150538,1388.4193548387098,0.8827818470301629,0.7156800798137679,0.8404006465957177,0.4642538406134393,-0.8857021911882522,1388.4193548387098,1637.9408602150538
1774,381.0,76.76955262170047,0.5776116972825902,0.9384236453201971,25.37117299061175,20.7107843542607,-1.523561264795561,1640.6430446194227,1797.7926509186352,0.8123755054982731,0.9266972427415645,0.8417870931859531,0.04721749919876455,-0.9988846318616653,1797.7926509186352,1640.6430446194227
1775,869.0,111.15432893255071,0.718671546266676,0.9698660714285714,39.95499689754756,27.78269520092171,0.4916338622854157,1649.2324510932106,1857.9539700805524,0.8838465648424669,0.9577082320002848,0.8461941770616781,0.8815627433668586,0.47206686974145756,1857.9539700805524,1649.2324510932106
1776,109.0,45.45584412271572,0.9071240025311348,0.8449612403100775,19.249321020584958,8.101335665994966,-1.126775612305439,1637.5871559633028,909.4495412844037,0.6629135677810012,0.46878842334247617,0.840219166733352,0.4295737604913431,-0.9030317736920037,909.4495412844037,1637.5871559633028
1777,442.0,88.22539674441617,0.8927724694273617,0.9404255319148936,36.082640609969935,16.255512640121342,0.6029210945966759,1652.0203619909503,681.7285067873303,0.7135836542787594,0.3514064467975929,0.8476246085125451,0.8236827219704773,0.5670509443844578,681.7285067873303,1652.0203619909503
1778,550.0,86.76955262170048,0.3280013555965214,0.9615384615384616,27.335297659278798,25.823033879428873,-1.4892729936741376,1648.949090909091,930.1327272727273,0.9179897604950653,0.4794498594189316,0.8460487895890667,0.08143306171318103,-0.9966788130887589,930.1327272727273,1648.949090909091
1779,137.0,43.698484809835,0.7085586970355406,0.9448275862068966,15.815713094163966,11.160387646025688,-0.9454813475981488,1645.021897810219,241.1094890510949,0.9015663088660066,0.1242832417789149,0.8440338110878496,0.5853526804239081,-0.8107787858106218,241.1094890510949,1645.021897810219
1780,462.0,85.11269837220809,0.843805767148699,0.9467213114754098,33.38200956166989,17.91441203823154,-1.5392802308018232,1646.6471861471862,1672.6406926406926,0.8014254334789299,0.8621859240415941,0.8448677199318554,0.03151087894996952,-0.999503408952566,1672.6406926406926,1646.6471861471862
1781,633.0,92.42640687119285,0.5735071331070885,0.9708588957055214,31.401135491738486,25.72382798590152,-1.4217306586540297,1651.1184834123223,1767.2322274881517,0.93115383055772,0.910944447158841,0.8471618693752295,0.14851422706056075,-0.9889102711371767,1767.2322274881517,1651.1184834123223
1782,404.0,77.59797974644665,0.7451298273657196,0.9417249417249417,28.302831122652833,18.875708302256157,1.3231348579227609,1651.2574257425742,1633.8564356435643,0.8431219577074298,0.842194038991528,0.8472331584107615,0.2451374529692296,0.9694883336852274,1633.8564356435643,1651.2574257425742
1783,435.0,88.84062043356595,0.8927327251364883,0.9138655462184874,35.69814382670477,16.085105149036238,-0.8314300068435887,1654.2574712643677,165.37241379310345,0.6925895831186186,0.08524351226448632,0.848772432665145,0.6738198234869224,-0.7388956932314958,165.37241379310345,1654.2574712643677
1784,180.0,48.62741699796952,0.4942077322703793,0.9473684210526315,16.281161375507878,14.153927398707413,-0.6030792764763806,1651.9666666666667,1377.1277777777777,0.9565770709465284,0.7098596792668957,0.8475970583205062,0.8235930144816888,-0.5671812289709215,1377.1277777777777,1651.9666666666667
1785,546.0,88.42640687119284,0.6931852813405796,0.9595782073813708,31.15196397701079,22.453072011209162,-0.7652880044237657,1657.1959706959708,362.96153846153845,0.8774826746008076,0.18709357652656622,0.8502801286279994,0.7211828738020679,-0.6927447311489208,362.96153846153845,1657.1959706959708
1786,992.0,146.12489168102786,0.9162312168508799,0.8648648648648649,60.274396158024814,24.148931913908104,-0.4368799651935531,1667.3155241935483,552.28125,0.5838121535491531,0.28468105670103094,0.8554723058971515,0.9060762033183039,-0.423114539788327,552.28125,1667.3155241935483
1787,519.0,92.5269119345812,0.8144032464291704,0.9628942486085343,34.50444327916686,20.02290650038562,0.43223779876034274,1661.5857418111752,711.2928709055876,0.7618002064470706,0.36664580974514827,0.8525324483382121,0.9080306015559659,0.4189038393687873,711.2928709055876,1661.5857418111752
1788,204.0,52.62741699796951,0.7138575820744881,0.9444444444444444,19.276074074971906,13.498859371044974,0.8143202428910364,1652.4558823529412,1448.063725490196,0.9255841766473144,0.7464246007681423,0.8478480668819606,0.6863629116081597,0.7272592065892116,1448.063725490196,1652.4558823529412
1789,706.0,108.7401153701776,0.2275222510766431,0.926509186351706,31.86510417903326,31.029374324226314,0.09587737787953388,1658.8909348441925,439.37677053824365,0.750300068662244,0.2264828714114658,0.8511497869903502,0.9954072840240379,0.0957305537009396,439.37677053824365,1658.8909348441925
1790,592.0,90.32590180780451,0.5938657293823566,0.9689034369885434,30.81300015673151,24.791035739622433,-1.2868645818629858,1659.2043918918919,643.7989864864865,0.9118154743090191,0.33185514767344665,0.8513106166710579,0.28013212764211953,-0.9599614529045941,643.7989864864865,1659.2043918918919
1791,372.0,73.59797974644665,0.7151243769467747,0.93,26.36833912249692,18.431395967637442,1.1551631609956046,1656.263440860215,1280.4408602150538,0.8630203123415282,0.6600210619665225,0.8498016628323319,0.40376926988421996,0.9148608510025795,1280.4408602150538,1656.263440860215
1792,228.0,56.2842712474619,0.6323249665654536,0.9743589743589743,19.730321227841454,15.28514412006879,-1.4356689764284405,1657.0438596491229,516.4078947368421,0.9044209553219189,0.2661896364622897,0.8502020829395192,0.13471650156325735,-0.9908841830438898,516.4078947368421,1657.0438596491229
1793,720.0,97.84062043356596,0.5258109275796602,0.9782608695652174,32.883030526331346,27.97035425203992,0.7228077409845713,1663.8986111111112,270.40833333333336,0.9451570201956639,0.13938573883161515,0.8537191437204265,0.7499513868110915,0.6614929458581705,270.40833333333336,1663.8986111111112
1794,218.0,53.45584412271571,0.6998036567272111,0.9688888888888889,19.74958818617167,14.107826912604654,-0.004161400288075352,1659.5275229357799,1712.5550458715597,0.9586850917766567,0.8827603329234844,0.8514764099208721,0.9999913413863165,-0.004161388277415926,1712.5550458715597,1659.5275229357799
1795,368.0,76.42640687119285,0.6023868975998767,0.934010152284264,25.074777976353438,20.014794362384233,0.5663445262580432,1664.4347826086957,419.20652173913044,0.791718509914327,0.21608583594800537,0.853994244540121,0.8438679566138799,0.5365509032704305,419.20652173913044,1664.4347826086957
1796,183.0,53.69848480983499,0.8407989555308687,0.9195979899497487,20.952844681986242,11.342770098517835,0.02845551158765797,1661.5846994535518,944.8415300546449,0.7975113832484184,0.4870317165230128,0.8525319135215761,0.9995951692477478,0.028451671595293725,944.8415300546449,1661.5846994535518
1797,615.0,98.91168824543144,0.74308906378402,0.9461538461538461,35.05327818305696,23.457391940315546,0.9497111255208355,1667.780487804878,1747.850406504065,0.7899320787853525,0.9009538177856005,0.8557108711158943,0.5819180401706257,0.8132474374530658,1747.850406504065,1667.780487804878
1798,1087.0,128.8111831820431,0.7807032919639711,0.9543459174714662,47.42469365048648,29.63578061103968,-1.1924474557505527,1670.4535418583257,1107.4342226310948,0.8232510044634863,0.5708423827995334,0.8570823713998592,0.36938661943324363,-0.9292758069505953,1107.4342226310948,1670.4535418583257
1799,286.0,62.04163056034261,0.6307964221273719,0.9727891156462585,21.784054202850918,16.90330136368721,-1.5243965775705335,1661.8496503496503,1832.1538461538462,0.9337045831220739,0.9444091990483743,0.8526678554898155,0.04638310172913455,-0.9989237247527885,1832.1538461538462,1661.8496503496503
1800,643.0,112.42640687119285,0.9224964707301223,0.9133522727272727,47.12509968574814,18.190548610469772,1.5368428938608656,1662.6205287713842,1329.3965785381026,0.6392697807033109,0.6852559683186096,0.8530633805907564,0.033946909522313384,0.9994236375701167,1329.3965785381026,1662.6205287713842
1801,856.0,114.5685424949238,0.777279366180889,0.9596412556053812,42.08608049617678,26.47869382484802,-0.2281472710046015,1680.0630841121495,319.9474299065421,0.8195073487429233,0.16492135562192892,0.862012870247383,0.9740871042264247,-0.22617319332710117,319.9474299065421,1680.0630841121495
1802,291.0,65.11269837220809,0.7554863108526342,0.9356913183279743,23.900821053536873,15.658967870967135,1.2007373978747828,1668.429553264605,1627.2199312714777,0.8625245512995966,0.8387731604492152,0.856043895979787,0.36167037238072325,0.9323060343803364,1627.2199312714777,1668.429553264605
1803,91.0,33.31370849898476,0.6779463332470215,0.9680851063829787,12.568452936985311,9.239213024313436,-0.5868275656897983,1666.1868131868132,478.6703296703297,1.0303986803634004,0.2467372833352215,0.854893182753624,0.8327015135064649,-0.553722122913689,478.6703296703297,1666.1868131868132
1804,711.0,100.42640687119285,0.7018537879781145,0.9595141700404858,35.891727175404036,25.56643233511134,0.4485066423226291,1677.0070323488046,1572.9521800281293,0.8858977849837729,0.8108000927980048,0.8604448601071343,0.9010956571799241,0.4336203600057089,1572.9521800281293,1677.0070323488046
1805,183.0,48.8700576850888,0.67919530282949,0.9631578947368421,17.89553503395673,13.134563725000922,0.7903656584272198,1668.6830601092897,1776.8415300546449,0.9628868384286459,0.9158976959044561,0.856173966192555,0.7035855219434612,0.7106105918937229,1776.8415300546449,1668.6830601092897
1806,1709.0,157.29646455628168,0.6828913825252587,0.9743443557582668,55.019083074515926,40.192536397885725,0.35030635257540993,1688.1380924517262,760.3990637799883,0.8679885653802611,0.391958280298963,0.8661560248597877,0.9392676211416489,0.3431855706099952,760.3990637799883,1688.1380924517262
1807,661.0,116.35533905932738,0.9261205577045344,0.9270687237026648,48.737360925582415,18.38508094779645,0.285232812166271,1682.6838124054464,517.3207261724659,0.6135340799046657,0.2666601681301371,0.8633575230402496,0.9595961697751404,0.28138086458193967,517.3207261724659,1682.6838124054464
1808,325.0,68.2842712474619,0.7586667273586185,0.9502923976608187,25.258750488837517,16.455543752558125,-1.190358823514708,1672.2892307692307,1402.5292307692307,0.8758946372355516,0.7229532117367169,0.858024233334649,0.3713267277255014,-0.9285022677821909,1402.5292307692307,1672.2892307692307
1809,533.0,83.698484809835,0.3743006879374043,0.9779816513761468,27.113672662543884,25.142709022137588,-1.312758020196176,1679.202626641651,158.5422138836773,0.9560968359103967,0.08172279066168933,0.8615713836026943,0.2551842976110752,-0.9668924315831323,158.5422138836773,1679.202626641651
1810,954.0,139.53910524340094,0.8920846792596459,0.8907563025210085,53.84840342919966,24.33238439915376,-1.4470855849691064,1682.7662473794549,405.335429769392,0.6156960551462952,0.20893578854092373,0.8633998190761698,0.1233954311703745,-0.992357580495195,405.335429769392,1682.7662473794549
1811,560.0,92.08326112068524,0.7249280430331115,0.9395973154362416,32.4797916151379,22.37287953478574,-0.8496114627547113,1681.4464285714287,1484.0517857142856,0.8299205304600927,0.7649751472754049,0.8627226416477315,0.6602749964807703,-0.7510239204062138,1484.0517857142856,1681.4464285714287
1812,334.0,66.52691193458118,0.5590591296964587,0.9542857142857143,22.652255382226084,18.78161440741857,1.0312235818015105,1677.7904191616767,1898.7664670658683,0.9483346116414906,0.9787456015803445,0.8608468030588388,0.5137694844089838,0.8579282702476513,1898.7664670658683,1677.7904191616767
1813,591.0,106.76955262170048,0.9299489031709675,0.8847305389221557,46.56193907208431,17.120302480243563,1.5086578557402432,1677.5600676818951,1277.554991539763,0.6514821169968686,0.6585335007936923,0.8607286134848102,0.06209849070447545,0.9980700263269237,1277.554991539763,1677.5600676818951
1814,298.0,63.112698372208094,0.6190768608411124,0.9612903225806452,22.095967255711397,17.352634848429982,-0.5337881195470726,1679.244966442953,662.4865771812081,0.9401402157127036,0.34148792638206604,0.8615931074617511,0.8608858637947966,-0.5087981225577458,662.4865771812081,1679.244966442953
1815,441.0,82.2842712474619,0.8067517907189682,0.9504310344827587,31.05576399768315,18.350555001484928,-1.374444105962542,1679.0045351473923,1376.267573696145,0.8184926789266599,0.7094162751011057,0.8614697460992264,0.19509295050329842,-0.9807847575609633,1376.267573696145,1679.0045351473923
1816,794.0,118.08326112068524,0.8208945391349732,0.931924882629108,43.32641673816769,24.74284207509334,0.4348983137726494,1691.0793450881613,713.6360201511335,0.7155725779022176,0.3678536186346049,0.8676651334469786,0.9069128892445857,0.4213181829947978,713.6360201511335,1691.0793450881613
1817,164.0,50.38477631085023,0.8520919800910891,0.9590643274853801,20.30368714449263,10.626788814589819,-0.10307743708818991,1681.4878048780488,1926.0,0.811811207075387,0.9927835051546392,0.8627438711534371,0.994692223054967,-0.10289500179293415,1926.0,1681.4878048780488
1818,479.0,83.59797974644667,0.7019318709579943,0.9560878243512974,29.725398771871443,21.171739698186304,-0.33465428391079466,1688.9060542797495,463.0605427974948,0.8612987419815008,0.23869100144200764,0.8665500535042326,0.9445239139842616,-0.32844265239437354,463.0605427974948,1688.9060542797495
1819,570.0,113.91778489984131,0.9421423104200741,0.9076433121019108,48.96774544794489,16.4146330022283,0.8856451063362304,1690.322807017544,946.2245614035088,0.5519524385552738,0.48774461928015916,0.8672769661454818,0.6327901122855759,0.7743233651347532,946.2245614035088,1690.322807017544
1820,208.0,56.62741699796952,0.8548555464345358,0.9585253456221198,23.039742157972505,11.954540381462365,1.317326940020414,1678.985576923077,1795.3942307692307,0.8151165191357039,0.9254609436954797,0.8614600189446264,0.2507639954971772,0.9680482521869929,1795.3942307692307,1678.985576923077
1821,959.0,121.53910524340094,0.6658292056533192,0.9448275862068966,41.01838735578213,30.603990853612416,1.3720206527312169,1689.7299270072992,1237.002085505735,0.8158238578060262,0.6376299409823377,0.8669727691161104,0.1974692612642026,0.9803090792478514,1237.002085505735,1689.7299270072992
1822,1401.0,143.29646455628165,0.7530061489606522,0.9756267409470752,52.17816322643326,34.33393475534528,-0.10596309948442402,1703.157744468237,799.536045681656,0.8573873039831598,0.41213198231013193,0.8738623624772894,0.9943911618078072,-0.1057649153477629,799.536045681656,1703.157744468237
1823,1345.0,143.19595949289334,0.7697871225085618,0.9634670487106017,52.531264823380916,33.53074320738711,-0.7869447275704886,1700.1011152416356,887.5598513011153,0.8242721391924606,0.4575050779902656,0.8722940560500952,0.7060123499578951,-0.7081995211145873,887.5598513011153,1700.1011152416356
1824,68.0,37.42031021678297,0.8074174373106194,0.7727272727272727,12.963279542288413,7.648083151746582,-1.1056389689965274,1684.3970588235295,232.69117647058823,0.6102446908267224,0.11994390539721043,0.8642365617360336,0.44856344568694745,-0.8937509917160669,232.69117647058823,1684.3970588235295
1825,411.0,78.52691193458118,0.8372471287559735,0.9625292740046838,30.947187543574422,16.922686342311007,1.4029917144935269,1691.0389294403892,1783.698296836983,0.8375575300946618,0.9194321117716407,0.8676443968396045,0.16701820242565502,0.9859538123352954,1783.698296836983,1691.0389294403892
1826,358.0,70.18376618407356,0.6854629685960962,0.9649595687331537,25.09121780873428,18.269103648868658,-1.4877128343159831,1692.3938547486034,1271.463687150838,0.9133128154739145,0.6553936531705351,0.8683395868386883,0.08298793975169337,-0.996550551580686,1271.463687150838,1692.3938547486034
1827,418.0,77.01219330881976,0.6664823162696016,0.9587155963302753,26.924638059337532,20.0728787687095,1.103683531818445,1695.5263157894738,1386.3205741626793,0.885660266358223,0.7145982341044739,0.8699468013286166,0.45031026089682274,0.8928721459039001,1386.3205741626793,1695.5263157894738
1828,346.0,74.5269119345812,0.8102183151860687,0.9129287598944591,27.854033295711254,16.326034752437792,-0.3396058951580568,1697.592485549133,1634.4161849710983,0.782816029663329,0.8424825695727312,0.8710069192145372,0.9428860211890033,-0.33311552207360484,1634.4161849710983,1697.592485549133
1829,288.0,61.94112549695428,0.4997258760690034,0.96,20.61946036277942,17.86023864368829,0.2101931725910549,1696.1354166666667,1187.2569444444443,0.9432876901559162,0.6119881156930126,0.8702593210193262,0.9779906277374848,0.20864882472144533,1187.2569444444443,1696.1354166666667
1830,477.0,80.76955262170047,0.5530512535143234,0.9616935483870968,27.064280828050396,22.54853067090546,-0.7949016753755979,1699.2054507337525,977.5303983228512,0.9188251800410542,0.5038816486200264,0.8718345052507709,0.7003549530266735,-0.7137947462478312,977.5303983228512,1699.2054507337525
1831,305.0,75.59797974644667,0.935933170422121,0.9472049689440993,33.28349317065302,11.72170256665199,1.1326437335588242,1695.3245901639343,1068.6688524590163,0.6706398004400924,0.5508602332262971,0.8698432992118699,0.4242672948277447,0.9055370023028035,1068.6688524590163,1695.3245901639343
1832,158.0,45.79898987322333,0.7224752990048335,0.9575757575757575,17.078680769144714,11.808144086807836,-1.36420772113792,1692.6455696202531,1302.4493670886077,0.9465752657522394,0.6713656531384575,0.8684687376194218,0.2051222442012136,-0.9787363613015804,1302.4493670886077,1692.6455696202531
1833,295.0,68.8700576850888,0.8687005754237422,0.9455128205128205,27.739854254643706,13.740592054790012,1.5028948942631273,1692.8745762711865,1326.0745762711865,0.781575588873548,0.6835435960160755,0.8685862371837796,0.06784926678348767,0.9976955833303779,1326.0745762711865,1692.8745762711865
1834,300.0,67.698484809835,0.8261747203752716,0.9463722397476341,26.191852652950733,14.756856378025539,-1.3271207220948027,1694.19,1911.7666666666667,0.822570672670457,0.985446735395189,0.8692611595690097,0.24127126712607855,-0.9704577145138146,1911.7666666666667,1694.19
1835,469.0,81.59797974644665,0.767010460946587,0.9630390143737166,30.59821173791766,19.6328711794372,-0.6296169583593287,1700.9317697228146,1108.9680170575693,0.8851643084925767,0.5716329984832832,0.8727202512687607,0.8082531160040484,-0.588835206547423,1108.9680170575693,1700.9317697228146
1836,283.0,65.94112549695429,0.7218655677028468,0.933993399339934,23.336468674945262,16.149613661094868,-0.8597922451574189,1698.4911660777386,1500.416961130742,0.8178687010838592,0.7734108047065681,0.8714680174847299,0.6525948995449975,-0.757706999497731,1500.416961130742,1698.4911660777386
1837,359.0,84.18376618407356,0.9412621465481366,0.9447368421052632,36.883353784228625,12.454650160326562,1.1859043461897787,1697.618384401114,1728.4651810584958,0.636572114729997,0.8909614335353071,0.8710202074915927,0.3754590223507733,0.9268389949367698,1728.4651810584958,1697.618384401114
1838,1030.0,121.1543289325507,0.5416298127321808,0.96171802054155,39.65546260576575,33.33506085101466,0.7152365171749153,1708.3398058252428,1020.4368932038835,0.8817982161120763,0.5259983985587029,0.8765211933428645,0.754938155313677,0.6557959908779425,1020.4368932038835,1708.3398058252428
1839,812.0,122.95331880577405,0.6667526018785733,0.8826086956521739,38.36690763188174,28.59405518738785,0.6957012959424722,1707.5233990147783,182.29433497536945,0.6749714159601327,0.09396615204915951,0.8761023083708457,0.7676044132479779,0.6409239149557673,182.29433497536945,1707.5233990147783
1840,117.0,41.798989873223334,0.8307918887617416,0.936,16.591253885412375,9.234412867237047,1.1986655472606493,1696.5042735042734,671.8205128205128,0.8415194389297336,0.34629923341263547,0.8704485754254866,0.36360119358218845,0.9315547069418993,671.8205128205128,1696.5042735042734
1841,410.0,74.2842712474619,0.6483608148191,0.9715639810426541,26.254824452328258,19.98866972927751,-0.572789804916927,1704.0585365853658,399.5853658536585,0.9336841501352114,0.20597183806889613,0.8743245441689922,0.8403922327118745,-0.541978685187481,399.5853658536585,1704.0585365853658
1842,589.0,94.66904755831213,0.797399379144497,0.9546191247974068,35.57625323576936,21.468558627749687,0.6150478780148534,1711.1918505942276,699.9966044142615,0.8258651559355444,0.36082299196611417,0.8779845308333646,0.816745822335987,0.5769976271153222,699.9966044142615,1711.1918505942276
1843,450.0,79.01219330881975,0.660810084334136,0.9594882729211087,27.688160527735022,20.781436128863433,-0.8308166900069957,1709.1422222222222,377.66,0.9058038090032136,0.19467010309278351,0.8769329000627102,0.674272873896456,-0.7384822892442404,377.66,1709.1422222222222
1844,787.0,103.59797974644665,0.6130408919479516,0.9752168525402726,35.66870799929478,28.180104793810774,-0.0471077323566365,1714.430749682338,1844.9860228716645,0.9214717463422043,0.9510237231297239,0.8796463569432211,0.9988906359515739,-0.047090311193070784,1844.9860228716645,1714.430749682338
1845,834.0,118.81118318204308,0.8254252431869527,0.9381327334083239,43.628445959585086,24.628756931622696,-0.4510024458834107,1717.8980815347722,661.5155875299761,0.7424398477441154,0.340987416252565,0.8814253881656091,0.9000106205880137,-0.4358679649031096,661.5155875299761,1717.8980815347722
1846,119.0,48.384776310850235,0.8461354410730304,0.8040540540540541,18.804316714814824,10.02209777134768,1.0058940735436055,1702.8319327731092,1662.218487394958,0.6387624091930949,0.85681365329637,0.8736951938291991,0.5353332576638312,0.8446409315437123,1662.218487394958,1702.8319327731092
1847,352.0,71.1126983722081,0.7830706828027049,0.9643835616438357,26.931708170449113,16.749710463177472,-1.392055503368964,1706.1136363636363,1890.2982954545455,0.8746981560193905,0.9743805646672915,0.8753789822286486,0.17779059889471704,-0.9840683426188741,1890.2982954545455,1706.1136363636363
1848,304.0,70.76955262170048,0.6872983877123345,0.9047619047619048,23.7957731267273,17.284659383377615,1.4083173527643147,1707.891447368421,1351.0690789473683,0.7627646318117255,0.6964273602821486,0.876291147957117,0.16176502537562312,0.9868293046749392,1351.0690789473683,1707.891447368421
1849,525.0,90.76955262170047,0.5612022255564147,0.9528130671506352,29.057838615450407,24.050554644690838,-0.12889597154869026,1714.3771428571429,1329.824761904762,0.8007349367573247,0.6854766813942073,0.8796188521586161,0.9917044091705923,-0.1285393512960387,1329.824761904762,1714.3771428571429
1850,636.0,103.84062043356595,0.8869467465921916,0.9352941176470588,42.14350881303444,19.46489412553166,-1.3590302779562102,1711.5361635220127,1542.1163522012578,0.7411949147965229,0.7949053361862154,0.8781611921611148,0.21018682422370902,-0.9776612393476339,1542.1163522012578,1711.5361635220127
1851,417.0,85.84062043356595,0.8553834612560084,0.9025974025974026,32.703082688484294,16.940043235082516,1.0629107315154336,1713.0263788968825,1679.9496402877699,0.7111483768444055,0.8659534228287473,0.8789257972790572,0.486330821902721,0.873774760260002,1679.9496402877699,1713.0263788968825
1852,588.0,114.5685424949238,0.8249289967872755,0.786096256684492,40.157447898875375,22.698449946991246,1.209423225205744,1713.7380952380952,1718.2721088435374,0.5629326180617278,0.8857072725997616,0.8792909672848103,0.3535589821968759,0.9354122332468766,1718.2721088435374,1713.7380952380952
1853,259.0,59.52691193458118,0.5377604765141137,0.9452554744525548,19.849373063929423,16.73496004860904,1.128037565060376,1711.0,1654.6911196911196,0.9185079538443969,0.8529335668510926,0.8778860954335557,0.42843383530582746,0.9035731562884873,1654.6911196911196,1711.0
1854,416.0,80.5269119345812,0.7480188361718548,0.930648769574944,28.6022042305726,18.98263932768366,0.8293630128918463,1715.9302884615386,1062.8173076923076,0.8061597385114956,0.547843973037272,0.8804157457473261,0.6753456758932943,0.7375013342714909,1062.8173076923076,1715.9302884615386
1855,443.0,83.94112549695427,0.8409892568908017,0.9465811965811965,32.781049866364256,17.736246627149338,1.2169130209172598,1716.2076749435666,1492.625282167043,0.7900671672356052,0.7693944753438366,0.8805580682111681,0.3465430844069093,0.9380340562313,1492.625282167043,1716.2076749435666
1856,852.0,126.08326112068522,0.872594460835007,0.8958990536277602,49.56417744357175,24.20939438267056,-1.522265813535838,1720.81220657277,1259.8544600938967,0.6734953356278265,0.6494095155123178,0.8829205780260493,0.04851146557143982,-0.998822625748992,1259.8544600938967,1720.81220657277
1857,388.0,73.1126983722081,0.4416077516356807,0.9509803921568627,23.625841695607676,21.197299421902827,1.2024572301565164,1719.7190721649486,1871.6855670103093,0.9121283707328971,0.9647863747475821,0.8823597086531291,0.3600664282784196,0.9329266676576577,1871.6855670103093,1719.7190721649486
1858,273.0,61.18376618407356,0.5795169129118789,0.9512195121951219,20.878215082937295,17.014914596653714,0.9929290251782256,1720.7362637362637,1362.8315018315018,0.9164316885192353,0.7024904648615988,0.8828816129996222,0.5462387692867963,0.8376295165095641,1362.8315018315018,1720.7362637362637
1859,342.0,76.62741699796952,0.8398700314074259,0.9447513812154696,29.142724339454688,15.818308103159186,0.15798630463594532,1725.154970760234,487.5175438596491,0.7319267122626383,0.2512977030204377,0.885148779251018,0.9875460999055294,0.15732990993888654,487.5175438596491,1725.154970760234
1860,755.0,104.9116882454314,0.6416976211368768,0.9593392630241423,35.8499317648493,27.495382366966467,-1.3913566809419808,1723.2887417218542,1171.41059602649,0.8620035692617041,0.6038198948590155,0.8841912476766824,0.17847824445398563,-0.9839438582849244,1171.41059602649,1723.2887417218542
1861,622.0,91.84062043356595,0.6010545136041539,0.9688473520249221,31.497087483490827,25.172725168653983,1.1308074168398952,1725.0948553054661,958.3697749196142,0.9266817940612008,0.4940050386183578,0.8851179349951084,0.42592943130314925,0.9047563868521603,958.3697749196142,1725.0948553054661
1862,591.0,101.25483399593904,0.8805694001728969,0.9162790697674419,40.407383655940876,19.14975493253687,-1.4258439242187642,1722.7038917089678,1113.6395939086294,0.7243789357066831,0.5740410277879533,0.8838911707075259,0.1444453316148481,-0.9895127822189447,1113.6395939086294,1722.7038917089678
1863,114.0,44.3492424049175,0.6731365455696696,0.8769230769230769,14.844599136422332,10.977851462800775,1.504388563582894,1720.421052631579,1344.7894736842106,0.7283536560418353,0.6931904503526859,0.8827198833409846,0.06635896436685575,0.9977958147076778,1344.7894736842106,1720.421052631579
1864,688.0,100.91168824543142,0.7798020696501441,0.9622377622377623,37.48687069021217,23.467761084803296,-0.40737255107661474,1732.9026162790697,834.5247093023256,0.8490149904852422,0.4301673759290338,0.8891239693581681,0.918164981596831,-0.39619826674190656,834.5247093023256,1732.9026162790697
1865,296.0,65.35533905932738,0.8173377556704711,0.9548387096774194,25.685966143065286,14.799196106086987,1.0466906298995922,1724.8682432432433,636.5337837837837,0.8708421290524018,0.32811019782669265,0.8850016640550248,0.5004389424598253,0.8657718318758653,636.5337837837837,1724.8682432432433
1866,749.0,108.42640687119285,0.7957837921348385,0.9409547738693468,40.222708489585926,24.358101673915595,-0.5187193209250792,1733.5981308411215,1221.6942590120161,0.8006109943851382,0.6297393087690805,0.8894808264962142,0.8684548118270844,-0.4957683328071525,1221.6942590120161,1733.5981308411215
1867,614.0,102.91168824543142,0.8406348219278627,0.9191616766467066,39.37951536149268,21.32803772124935,0.8150891287118912,1733.358306188925,1780.8192182410423,0.7285323307480108,0.9179480506397125,0.8893577763924706,0.6858035294873654,0.7277867262754056,1780.8192182410423,1733.358306188925
1868,227.0,54.62741699796952,0.5980662353181534,0.9578059071729957,19.059485458146497,15.275161310708313,0.7314795757531376,1724.8722466960353,1048.9779735682819,0.9559042435214915,0.5407102956537535,0.8850037181611263,0.7441869029153746,0.6679714466421621,1048.9779735682819,1724.8722466960353
1869,719.0,107.32590180780451,0.6310293305465228,0.9217948717948717,35.3171543201247,27.397599360109687,1.3640647233051177,1731.4951321279555,1551.9276773296244,0.7843856895547886,0.7999627202730023,0.8884018122770423,0.2052621992820787,0.9787070192585134,1551.9276773296244,1731.4951321279555
1870,199.0,52.2842712474619,0.7137389433725495,0.9476190476190476,19.13437768990857,13.401944344942423,1.1048702597918094,1726.6683417085428,1612.819095477387,0.9147887652102404,0.831350049215148,0.8859252651146962,0.4492503477021745,0.8934059128355237,1612.819095477387,1726.6683417085428
1871,240.0,63.73401871576773,0.8517353237541165,0.9230769230769231,24.572155080047683,12.875127841862735,1.0162126105081506,1726.2625,1670.2333333333333,0.7424692960448646,0.8609450171821306,0.8857170343766034,0.5265894548447854,0.8501197245366512,1670.2333333333333,1726.2625
1872,366.0,82.25483399593904,0.828407473714141,0.9219143576826196,29.619179705101566,16.590470579113994,1.0143951329237324,1733.9180327868853,1323.5437158469945,0.6797795398775924,0.6822390287871105,0.8896449629486328,0.5281336578161557,0.8491612564653004,1323.5437158469945,1733.9180327868853
1873,43.0,40.65685424949238,0.9960870886559077,0.5972222222222222,27.569113187728973,2.43647827444273,1.136522586232317,1727.4883720930231,1328.1627906976744,0.32689687874364964,0.6846199952049868,0.886346009283234,0.4207516673607762,0.9071758563879039,1328.1627906976744,1727.4883720930231
1874,496.0,88.66904755831213,0.783895685071536,0.9447619047619048,32.22474907570998,20.008106530211247,0.7198118650229598,1739.203629032258,462.9233870967742,0.7927704495900245,0.2386203026272032,0.8923569158708353,0.75192976915529,0.6592432193493327,462.9233870967742,1739.203629032258
1875,426.0,84.52691193458118,0.840296966553785,0.9301310043668122,32.17287737559082,17.44176543034408,1.3514031719801594,1734.2300469483569,1351.544600938967,0.7492546677242164,0.6966724747108077,0.8898050523080333,0.21763736426604438,0.9760297012260073,1351.544600938967,1734.2300469483569
1876,306.0,67.18376618407356,0.7213230291329767,0.9357798165137615,24.034036324455563,16.645944541903187,0.6649377829825324,1735.3660130718954,987.4019607843137,0.8519274243359966,0.5089700828785122,0.8903878979332455,0.7869551751841828,0.6170101719184475,987.4019607843137,1735.3660130718954
1877,271.0,58.2842712474619,0.2214216249449363,0.9713261648745519,18.81352769311895,18.346541514372344,-0.04718720911648051,1734.2324723247232,1494.5055350553505,1.0024816078868164,0.7703636778635827,0.8898062967289498,0.9988868902114502,-0.04716969963544688,1494.5055350553505,1734.2324723247232
1878,171.0,50.04163056034262,0.5891875250312577,0.9193548387096774,16.658642843054533,13.46012218774872,1.4035032465757837,1732.9181286549708,1063.1461988304093,0.8581102107881915,0.5480135045517573,0.8891319285043462,0.16651383358960262,0.9860391185055967,1063.1461988304093,1732.9181286549708
1879,1667.0,169.6812408671319,0.8469452081228648,0.9312849162011173,64.2291207452446,34.14935051730092,0.3022704454653242,1756.0353929214157,353.59628074385125,0.7275750551205824,0.1822661240947687,0.9009930184306905,0.9546630648471632,0.2976884825058252,353.59628074385125,1756.0353929214157
1880,288.0,71.01219330881976,0.8478976830859156,0.8674698795180723,27.266554786257654,14.45563394467122,0.9891053756807878,1736.5277777777778,1662.84375,0.7176893447969804,0.8571359536082475,0.8909839803888034,0.5494375700810854,0.8355347728152266,1662.84375,1736.5277777777778
1881,227.0,55.04163056034261,0.5970132386691555,0.9497907949790795,18.998198091081772,15.240950740764013,-1.1488873052177297,1736.2995594713657,1876.3656387665199,0.9415711414396621,0.9671987828693401,0.8908668853111164,0.40950281547634054,-0.9123088534684678,1876.3656387665199,1736.2995594713657
1882,705.0,98.08326112068522,0.5306061849214667,0.9710743801652892,32.65202808435043,27.676462199699046,0.3940842604506513,1743.7460992907802,589.0340425531915,0.9208930320989223,0.3036257951305111,0.8946875830122012,0.9233485613885668,0.38396280312246917,589.0340425531915,1743.7460992907802
1883,167.0,51.45584412271571,0.8608848560653207,0.9175824175824175,20.663549934873156,10.513610645109177,0.5135424039085328,1737.5389221556886,1744.0299401197606,0.7926052067421356,0.8989845052163714,0.8915027820193374,0.8710097144088568,0.4912657909985202,1744.0299401197606,1737.5389221556886
1884,475.0,83.49747468305833,0.6971067745227765,0.95,29.34045025058403,21.03614412629894,-1.3493675469967852,1743.6968421052632,760.978947368421,0.8561636637369103,0.39225718936516546,0.894662309956523,0.2196237424188806,-0.9755846512558124,760.978947368421,1743.6968421052632
1885,847.0,115.1543289325507,0.6754714699341865,0.9495515695067265,39.05242684713543,28.796717597739157,-0.6377151490280925,1747.7615112160568,384.6115702479339,0.8026620625920532,0.19825338672573914,0.8967478251493365,0.8034581655944948,-0.5953612148431651,384.6115702479339,1747.7615112160568
1886,554.0,91.08326112068524,0.42676164984163867,0.9310924369747899,28.25119223519656,25.549365115192,1.5329044075565026,1747.2707581227437,971.2364620938628,0.8391555776867919,0.5006373515947746,0.896496027769494,0.03788285236856738,0.9992821871205457,971.2364620938628,1747.2707581227437
1887,280.0,64.45584412271572,0.7421200495373045,0.9364548494983278,23.35961979804975,15.657181948359401,-0.22676353564095217,1742.925,1110.232142857143,0.8469217664166369,0.5722846097201767,0.894266290405336,0.9743991354188543,-0.22482509845430812,1110.232142857143,1742.925
1888,440.0,96.32590180780453,0.9372736530009756,0.918580375782881,40.61742552581694,14.159009625396479,-0.9003434825065093,1744.9522727272727,1679.0681818181818,0.5959040997470373,0.8654990627928771,0.8953064508605811,0.6213408725167762,-0.7835403755647129,1679.0681818181818,1744.9522727272727
1889,101.0,37.798989873223334,0.6240918608090626,0.926605504587156,13.020912196891116,10.173902466580634,1.1049967938624228,1738.6930693069307,645.3960396039604,0.8883228832058928,0.3326783709298765,0.8920949560322887,0.44913729781917033,0.8934627511584878,645.3960396039604,1738.6930693069307
1890,238.0,56.2842712474619,0.6837101658570494,0.9635627530364372,20.469077898783695,14.937384581065952,-1.215153077343131,1740.6176470588234,1013.890756302521,0.9440885410816523,0.5226241011868665,0.8930824253765128,0.3481934338728684,-0.9374227075379711,1013.890756302521,1740.6176470588234
1891,768.0,111.15432893255071,0.8495267985915583,0.9576059850374065,43.22281439111684,22.801999750683258,0.9584413401850755,1747.62109375,1306.7838541666667,0.7811210147284402,0.6735999248281788,0.896675779245767,0.5747961298732539,0.8182966510274434,1306.7838541666667,1747.62109375
1892,709.0,109.7401153701776,0.7894202237060185,0.8952020202020202,39.190833854252894,24.057417471398367,0.9457226758519979,1751.7433004231311,1737.9407616361073,0.7398186485328809,0.8958457534206739,0.8987908160200775,0.585156999551897,0.8109200243398983,1737.9407616361073,1751.7433004231311
1893,802.0,121.29646455628166,0.9087991730232596,0.9435294117647058,49.906551783874285,20.822701396944943,0.7505413937050449,1754.4463840399003,501.29800498753116,0.684995860601674,0.2584010334987274,0.9001777239814779,0.7313197267264427,0.6820347918550498,501.29800498753116,1754.4463840399003
1894,62.0,31.79898987322333,0.9202837356138339,0.9253731343283582,14.315611690213727,5.601006554362244,-1.1031965532233488,1740.1129032258063,1253.516129032258,0.7705040125117666,0.6461423345527103,0.8928234495771197,0.4507450171077278,-0.8926527485828709,1253.516129032258,1740.1129032258063
1895,584.0,109.63961030678928,0.9295098685801122,0.9329073482428115,45.24853678874536,16.687535480535484,0.9800318930081733,1750.4828767123288,557.0239726027397,0.6105029187879151,0.2871257590735772,0.8981441132438834,0.5569960594235052,0.8305151351942281,557.0239726027397,1750.4828767123288
1896,375.0,71.35533905932738,0.5667074245564819,0.959079283887468,24.12088079894637,19.87365456898818,0.4840245866742706,1749.0053333333333,893.5813333333333,0.9255250623022261,0.46060893470790376,0.8973860099196169,0.8851292740291697,0.46534521406864715,893.5813333333333,1749.0053333333333
1897,545.0,88.52691193458118,0.7375746173487269,0.9680284191829485,32.24922774973057,21.77679539869343,-1.5023913691483581,1746.3467889908256,918.8899082568807,0.873887920244724,0.4736545918849901,0.8960219543308495,0.06835162294419277,-0.9976612930453376,918.8899082568807,1746.3467889908256
1898,601.0,94.66904755831214,0.38467922916924496,0.9420062695924765,29.022474275134897,26.78920412588076,0.17445901056975688,1752.261231281198,1274.5074875207986,0.8426909316082547,0.6569626224334013,0.8990565578661868,0.9848205854627567,0.17357538549227827,1274.5074875207986,1752.261231281198
1899,88.0,41.79898987322333,0.8971786372326829,0.8301886792452831,17.11439748801693,7.558879203989625,1.536539619014606,1740.340909090909,1443.4204545454545,0.6329376976565518,0.7440311621368322,0.892940435654648,0.03425000800655524,0.9994132963651979,1443.4204545454545,1740.340909090909
1900,158.0,46.62741699796952,0.7130636980082006,0.9294117647058824,17.01060371057874,11.9261215548777,-1.2476670273521488,1743.1772151898733,1589.9810126582279,0.9132385496201397,0.8195778415764061,0.8943956978911612,0.3175354574353207,-0.9482463990289347,1589.9810126582279,1743.1772151898733
1901,214.0,53.94112549695428,0.4308474438470839,0.9596412556053812,17.547799901990743,15.83556943271275,-1.188514025513742,1744.747663551402,1894.785046728972,0.9242375936242084,0.9766933230561712,0.8952014692413556,0.3730389940172479,-0.9278156653897366,1894.785046728972,1744.747663551402
1902,979.0,121.15432893255071,0.7074148470866553,0.9616895874263262,42.51775474644333,30.05148872262606,-0.1643951088570166,1756.8212461695607,617.6976506639428,0.8381363626929345,0.3184008508577025,0.9013962268699645,0.9865175296585937,-0.16365562525102995,617.6976506639428,1756.8212461695607
1903,232.0,58.941125496954285,0.7815441469582703,0.9317269076305221,22.075771953594774,13.771968986008144,0.9871238427978003,1745.8146551724137,1655.0431034482758,0.8391913520914754,0.8531150017774618,0.8957489251782523,0.5510921299494079,0.8344444045637941,1655.0431034482758,1745.8146551724137
1904,318.0,72.87005768508881,0.876496012288603,0.9464285714285714,29.92695857200367,14.407110778706663,0.24641413172902732,1751.1603773584907,1924.0786163522012,0.7525558868729662,0.9917931012124748,0.8984917277365267,0.9697933484671052,0.24392798377586766,1924.0786163522012,1751.1603773584907
1905,503.0,83.01219330881976,0.5947218512074134,0.9691714836223507,28.3559359990083,22.79623127271522,1.4694866284099815,1752.8489065606361,1375.4155069582505,0.9172634140830475,0.7089770654423971,0.899358084433369,0.10113648599991444,0.9948725602807573,1375.4155069582505,1752.8489065606361
1906,832.0,117.05382386916237,0.8810357566844351,0.9607390300230947,47.58924018531236,22.51207462458088,1.0533138917084235,1756.3233173076924,1872.3774038461538,0.7630657820716936,0.9651429916732751,0.9011407477207247,0.49469377438821904,0.8690673561822109,1872.3774038461538,1756.3233173076924
1907,675.0,99.84062043356595,0.24618838344534746,0.9414225941422594,30.407456803577308,29.471576012939217,0.9640246234161526,1757.371851851852,1144.6237037037038,0.850940304860769,0.590012218403971,0.9016787336335823,0.5702184125891893,0.8214931295782486,1144.6237037037038,1757.371851851852
1908,555.0,96.81118318204308,0.9013663099530976,0.9652173913043478,40.50596466603185,17.54141071655358,-0.8160573412987491,1756.945945945946,1172.9891891891891,0.7441351019560197,0.6046336026748398,0.9014602082842207,0.6850985558802308,-0.728450388654452,1172.9891891891891,1756.945945945946
1909,721.0,107.25483399593904,0.8266137239533722,0.9499341238471674,40.80988252884143,22.966565932773467,-1.1842438661098316,1759.375866851595,648.5686546463246,0.7876102848946397,0.33431373950841475,0.9027069609294998,0.37699750172538393,-0.926214275258603,648.5686546463246,1759.375866851595
1910,519.0,89.59797974644665,0.7819914591668442,0.9234875444839857,33.27648051524631,20.740869076017763,-1.1552023311472148,1756.204238921002,779.1984585741811,0.8124203386098655,0.4016486899866913,0.9010796505495136,0.4037334343362413,-0.9148766660042565,779.1984585741811,1756.204238921002
1911,486.0,87.59797974644667,0.8102373096445635,0.9382239382239382,32.76340179980141,19.20269385863726,1.3589423883808658,1756.045267489712,423.25925925925924,0.7958989885690541,0.21817487590683465,0.9009980849100626,0.21027274964295317,0.9776427623409237,423.25925925925924,1756.045267489712
1912,459.0,93.8111831820431,0.9031730388419925,0.9161676646706587,37.68368875784351,16.176728533129207,0.949312512908808,1760.5686274509803,1910.6492374727668,0.6554103911595173,0.9848707409653437,0.9033189468706928,0.5822421646162445,0.8130154129799693,1910.6492374727668,1760.5686274509803
1913,381.0,73.35533905932738,0.7532905019028469,0.9621212121212122,27.24259406055451,17.917125429624985,-0.7765623315293712,1761.5748031496064,988.1706036745406,0.8897569357926145,0.5093662905538869,0.9038351991532101,0.7133269741067724,-0.7008313834380393,988.1706036745406,1761.5748031496064
1914,290.0,64.5269119345812,0.767071932718778,0.9602649006622517,24.126621678334935,15.47870203728683,0.8514309152402713,1759.3724137931035,1720.7137931034483,0.8752378664428303,0.8869658727337363,0.9027051892217053,0.6589074520066928,0.7522240156296846,1720.7137931034483,1759.3724137931035
1915,314.0,68.5269119345812,0.819631260644887,0.9486404833836858,26.546093269990035,15.20802947351339,-1.191943372583634,1758.93949044586,1230.9713375796177,0.8402667708126046,0.6345213080307308,0.9024830633380503,0.36985500477457484,-0.9290894873171256,1230.9713375796177,1758.93949044586
1916,477.0,86.18376618407358,0.673429326581135,0.93713163064833,29.05590407358385,21.47962385093388,1.3221824465876815,1761.9182389937107,1533.4171907756813,0.8070070075051954,0.7904212323585986,0.9040114104636792,0.24606069332733216,0.9692544223263945,1533.4171907756813,1761.9182389937107
1917,552.0,90.32590180780451,0.8138357257585371,0.965034965034965,34.8334390476289,20.241537636658453,0.8893733975964809,1767.2119565217392,539.7155797101449,0.8502063206394908,0.278203907067085,0.9067275302830884,0.629898818003343,0.77667720391292,539.7155797101449,1767.2119565217392
1918,220.0,58.18376618407356,0.7946197466872289,0.9361702127659575,22.03255103333405,13.37612591710722,0.5089970521469377,1764.1363636363637,1514.7863636363636,0.8166366864574387,0.7808177132146205,0.9051494939129624,0.8732336849366102,0.4873016842696411,1514.7863636363636,1764.1363636363637
1919,550.0,88.66904755831214,0.7864466730941815,0.9666080843585237,33.740436291068676,20.840056555476128,1.0048987534537162,1767.5854545454545,452.14181818181817,0.8790801356340996,0.23306279287722587,0.9069191660058771,0.5361736804457755,0.8441076853087119,452.14181818181817,1767.5854545454545
1920,436.0,77.35533905932738,0.5322430071724845,0.956140350877193,25.674334167941943,21.735676311262097,0.5567712103207686,1767.6628440366972,912.5091743119266,0.9156210430916669,0.47036555376903433,0.9069588732871714,0.8489657801985222,0.5284478252882819,912.5091743119266,1767.6628440366972
1921,363.0,72.76955262170047,0.7577079640713197,0.9502617801047121,26.80458224878679,17.492503640546005,-0.4810787936146225,1766.831955922865,1028.32782369146,0.8614242216987882,0.5300658885007525,0.9065325581954157,0.8864962423095993,-0.462735791106502,1028.32782369146,1766.831955922865
1922,555.0,85.59797974644667,0.5217968595176335,0.9736842105263158,28.822885610951438,24.58793248181299,-1.4301292864838766,1768.0396396396397,1415.5081081081082,0.9518660071995043,0.7296433546949012,0.907152200943889,0.14020359753699604,-0.9901226950422276,1415.5081081081082,1768.0396396396397
1923,752.0,101.7401153701776,0.6005904933224364,0.9728331177231565,34.81480293908271,27.836412058411483,-0.8348746897711701,1774.8789893617022,315.72473404255317,0.912942138246362,0.1627447082693573,0.9106613593441263,0.6712705694254792,-0.7412124004785624,315.72473404255317,1774.8789893617022
1924,494.0,85.35533905932738,0.5168485298465021,0.946360153256705,27.560235960051568,23.593680373703496,-1.5485759502966008,1769.5546558704452,753.8947368421053,0.8520703031027447,0.3886055344546935,0.9079295309750873,0.022218548009649935,-0.9997531375916471,753.8947368421053,1769.5546558704452
1925,650.0,94.2842712474619,0.696825530610024,0.9803921568627451,34.121550584382874,24.473363830840473,0.04679825270878315,1773.2523076923078,948.5107692307693,0.9188502195187386,0.48892307692307696,0.9098267356040574,0.9989051616085669,0.046781172620647495,948.5107692307693,1773.2523076923078
1926,810.0,114.32590180780451,0.8447657922167281,0.9518213866039953,44.12852391538023,23.614770754302537,-1.2616539549198154,1771.6271604938272,1245.5617283950617,0.7787635412382309,0.6420421280386915,0.908992899175899,0.30424177630045596,-0.9525948464869749,1245.5617283950617,1771.6271604938272
1927,156.0,48.384776310850235,0.8573055413070212,0.9629629629629629,19.829367869857712,10.208315904354189,1.4792191284330773,1763.6474358974358,1340.8653846153845,0.8373692086901076,0.6911677240285488,0.9048986330925787,0.0914492517768397,0.995809738027027,1340.8653846153845,1763.6474358974358
1928,291.0,63.698484809835,0.48949466278268294,0.9540983606557377,20.756400065230512,18.09971147780715,1.0494176011665408,1770.1855670103093,413.446735395189,0.9012486955523904,0.21311687391504588,0.9082532411545969,0.49807614975270775,0.8671332937025993,413.446735395189,1770.1855670103093
1929,116.0,39.21320343559643,0.5646551167231416,0.9133858267716536,13.445063747256656,11.096573656773305,1.0365558467682225,1767.3706896551723,1055.7413793103449,0.9479888041486355,0.5441965872733736,0.9068089736558093,0.5091875012290128,0.8606556155583684,1055.7413793103449,1767.3706896551723
1930,739.0,111.84062043356595,0.8891609195182338,0.9634941329856584,45.7330328223773,20.927190922567746,-1.4442170304582709,1771.384303112314,1843.4803788903923,0.7424294096200811,0.9502476179847383,0.9088682930283807,0.12624155139451765,-0.9919995316034708,1843.4803788903923,1771.384303112314
1931,440.0,90.9827560572969,0.8795896943363352,0.918580375782881,35.14518014686074,16.71972502784329,1.0751687811878958,1774.9,1716.5318181818182,0.6679506299161526,0.8848102155576382,0.9106721395587482,0.47558377819592845,0.8796704325580609,1716.5318181818182,1774.9
1932,755.0,110.18376618407358,0.8629929910586467,0.9593392630241423,44.18629767765217,22.323619789020867,0.00861008111893977,1782.8079470198675,1495.5086092715233,0.7814866975865223,0.7708807264286203,0.914729577742364,0.9999629334805528,0.008609974736763807,1495.5086092715233,1782.8079470198675
1933,366.0,77.01219330881976,0.8531319401388489,0.9506493506493506,30.171543970673618,15.740349984518142,1.04680105186676,1774.3743169398906,1752.2131147540983,0.7754824341796881,0.9032026364711847,0.910402420184654,0.5003433391802966,0.8658270860500442,1752.2131147540983,1774.3743169398906
1934,426.0,84.08326112068524,0.8710224530655989,0.9551569506726457,33.50609146034464,16.459639749076935,-0.814213215788787,1778.7723004694835,1270.3098591549297,0.7571821525519444,0.6547988964716133,0.9126589535502737,0.6864407441224014,-0.7271857429905264,1270.3098591549297,1778.7723004694835
1935,431.0,79.84062043356595,0.7680445098033835,0.9472527472527472,29.395969232853595,18.825074749294252,1.0303546016162086,1778.3433874709976,435.3109048723898,0.8496485642677724,0.22438706436721123,0.9124388853109274,0.5145148130019319,0.8574814908798831,435.3109048723898,1778.3433874709976
1936,151.0,54.248737341529164,0.6670758547250385,0.7704081632653061,17.100652968416465,12.739812057062025,-1.333539080800098,1774.9470198675497,631.3046357615895,0.644774038872902,0.3254147607018502,0.9106962646831963,0.23503759456430137,-0.971986280325719,631.3046357615895,1774.9470198675497
1937,970.0,118.46803743153546,0.7131838713654395,0.9690309690309691,42.23614911494532,29.606569432408136,0.8647788749130437,1785.6020618556702,1187.8237113402063,0.8685187737119403,0.6122802635774259,0.9161631923323089,0.6488083970835098,0.7609518144231779,1187.8237113402063,1785.6020618556702
1938,395.0,82.18376618407356,0.6673205469370885,0.8977272727272727,26.724552330231205,19.903661609519165,-0.020447138171365408,1783.0329113924051,1906.192405063291,0.7349112246230742,0.9825734046717995,0.9148450032798384,0.9997909645533428,-0.02044571342595637,1906.192405063291,1783.0329113924051
1939,544.0,86.32590180780451,0.4812811581483194,0.9696969696969697,28.35435721018116,24.854473479394645,0.1329606919410263,1785.7113970588234,1038.891544117647,0.9173319414297059,0.535511105215282,0.9162192904355174,0.9911737416519043,0.1325692794721464,1038.891544117647,1785.7113970588234
1940,385.0,72.52691193458118,0.64916606878506,0.9649122807017544,25.453434684803284,19.36107131278558,-1.5630916170173366,1783.296103896104,1884.1896103896104,0.9197551341438226,0.9712317579327888,0.9149800430457178,0.007704633549246202,-0.9999703188704512,1884.1896103896104,1783.296103896104
1941,660.0,99.01219330881975,0.7981799200802098,0.9649122807017544,37.72246899965632,22.72473717510076,-1.2223954391985195,1786.3,827.2818181818182,0.8460118329102193,0.42643392689784443,0.9165212929707542,0.34139520711665655,-0.939919843687628,827.2818181818182,1786.3
1942,838.0,115.63961030678928,0.4062111847485811,0.9290465631929047,34.9225788204876,31.911527035260367,0.05629709363443162,1795.9749403341289,1337.8627684964201,0.7874820146612191,0.6896199837610413,0.921485346502888,0.9984157371157879,0.056267360694614174,1337.8627684964201,1795.9749403341289
1943,532.0,87.84062043356595,0.7475795189945647,0.9637681159420289,32.041556383505586,21.28111464970378,-0.728820418750331,1790.2312030075188,1377.7236842105262,0.8664244654769431,0.7101668475311991,0.9185383288904663,0.7459605106576594,-0.6659901775096716,1377.7236842105262,1790.2312030075188
1944,442.0,80.18376618407356,0.8058288732263726,0.9650655021834061,30.939736371431877,18.320917986951073,-1.1310719040760144,1787.5226244343892,706.8552036199095,0.863891560785489,0.36435835238139663,0.9171486015568954,0.42569011989219263,-0.9048690081034771,706.8552036199095,1787.5226244343892
1945,462.0,91.94112549695429,0.9044318150823275,0.9166666666666666,37.605415410154656,16.043154777784274,1.5274708152802348,1784.7748917748918,902.0995670995671,0.6868030384862119,0.46499977685544697,0.9157387849024586,0.043311958400849934,0.9990615968294863,902.0995670995671,1784.7748917748918
1946,794.0,114.08326112068522,0.8472502168124274,0.928654970760234,44.20118375749104,23.479403791073572,-1.3420666421349836,1788.8904282115868,1777.5,0.7666312389845158,0.9162371134020618,0.9178503992876279,0.22674047656637913,-0.973955212669685,1777.5,1788.8904282115868
1947,1109.0,134.12489168102786,0.7243269138137821,0.9319327731092437,46.821984938286576,32.28173056935712,0.7996710007786234,1799.7980162308386,1475.5311091073038,0.7746805312258028,0.7605830459315999,0.9234469041718002,0.6969426812323268,0.7171268361152686,1475.5311091073038,1799.7980162308386
1948,219.0,55.698484809834994,0.598365284186274,0.9439655172413793,18.896436818597614,15.140267944976957,1.3738086348530476,1785.7716894977168,1736.3972602739725,0.8870890466064344,0.8950501341618415,0.9162502254990851,0.19571617144785233,0.9806605836036212,1736.3972602739725,1785.7716894977168
1949,804.0,104.08326112068522,0.5205942717353688,0.9757281553398058,34.71118642960076,29.636556604028577,0.42306405320212825,1797.75,1097.5410447761194,0.9326187246271355,0.5657428065856286,0.922396100564392,0.9118352563165851,0.4105562876611045,1097.5410447761194,1797.75
1950,404.0,75.35533905932738,0.7077329862250293,0.957345971563981,27.016907074582882,19.08690508002289,-0.9286500322598342,1791.1980198019803,1406.5074257425742,0.8940528101658124,0.7250038277023578,0.9190343867634584,0.5989155982685764,-0.8008121540976967,1406.5074257425742,1791.1980198019803
1951,455.0,77.01219330881976,0.5342880560482092,0.9763948497854077,26.186381724807614,22.13541326659416,0.6542938130916258,1794.967032967033,1859.479120879121,0.9640560315621806,0.9584943922057324,0.9209682057296219,0.793477910602186,0.6085990514175892,1859.479120879121,1794.967032967033
1952,456.0,84.32590180780451,0.8478872314780175,0.9519832985386222,33.23494735280251,17.62039187479022,-0.8535715662959035,1797.3026315789473,68.8092105263158,0.8058472309882383,0.03546866521975041,0.9221665631497934,0.6572956944194848,-0.7536327819950558,68.8092105263158,1797.3026315789473
1953,364.0,71.11269837220809,0.5567196235595219,0.9553805774278216,23.73158512912607,19.713838776134036,0.08290752209006304,1795.8131868131868,145.8489010989011,0.9045174113382337,0.07517984592726862,0.9214023534187721,0.9965651395712568,0.08281257507964286,145.8489010989011,1795.8131868131868
1954,134.0,43.21320343559642,0.620460534129918,0.9241379310344827,14.926774431785892,11.706138825173655,-1.1558727589493316,1790.9328358208954,1011.776119402985,0.9017408372257846,0.5215340821664871,0.9188983252031274,0.40311998489606826,-0.9151471344966303,1011.776119402985,1790.9328358208954
1955,99.0,42.384776310850235,0.9070746027143576,0.868421052631579,18.1940107977219,7.659131087735808,1.4682675780399606,1790.4646464646464,925.8787878787879,0.6925087539760468,0.47725710715401437,0.9186581049074636,0.1023492103136237,0.9947485306087049,925.8787878787879,1790.4646464646464
1956,556.0,97.01219330881975,0.8868392763407804,0.9488054607508533,39.367951194367876,18.19106499780596,-0.23000837187599263,1806.63309352518,109.37949640287769,0.7423898210933197,0.05638118371282355,0.9269538704593021,0.9736644863716974,-0.2279856749415162,109.37949640287769,1806.63309352518
1957,312.0,68.18376618407356,0.8195026360647326,0.9570552147239264,26.495511913759575,15.183926444132592,0.6855988400282654,1798.4839743589744,188.19551282051282,0.8433395846999896,0.09700799629923341,0.9227726907947534,0.7740400383335211,0.6331366511714839,188.19551282051282,1798.4839743589744
1958,230.0,58.8700576850888,0.8619032363554626,0.9583333333333334,24.126322371130236,12.233801521079013,-1.307599192571645,1794.2782608695652,662.0391304347826,0.8339668297205078,0.3412572837292694,0.9206148080397974,0.26016891120583946,-0.9655631194499756,662.0391304347826,1794.2782608695652
1959,219.0,61.21320343559642,0.8443661813462173,0.8975409836065574,23.63405755806168,12.662336503287806,-1.3839402569083523,1795.4840182648402,1073.2922374429224,0.7344525842907194,0.5532434213623312,0.9212334624242382,0.18577061400832942,-0.9825931400996896,1073.2922374429224,1795.4840182648402
1960,497.0,95.9827560572969,0.9192706106298127,0.9576107899807321,40.49123766558231,15.938409912265953,1.0214845418969496,1801.374245472837,1523.698189134809,0.6779221444739918,0.7854114376983551,0.9242556415971457,0.5221003849432314,0.852884041380849,1523.698189134809,1801.374245472837
1961,308.0,67.45584412271572,0.8186341111748102,0.9565217391304348,26.2364498738198,15.067997508656731,-1.5003267553246646,1797.0876623376623,411.4707792207792,0.8505922432029536,0.21209833980452536,0.9220562659505707,0.07041126109903215,-0.9975180471101482,411.4707792207792,1797.0876623376623
1962,678.0,104.66904755831213,0.8222357252022617,0.9186991869918699,39.98727844315848,22.758643238317926,-1.0710251417628625,1802.2935103244838,1219.9778761061948,0.7776837302843139,0.6288545753124716,0.9247273013465797,0.4792247220296978,-0.87769223865519,1219.9778761061948,1802.2935103244838
1963,229.0,57.4558441227157,0.6788542566111155,0.9541666666666667,20.32249872738564,14.922262934932258,-0.9256769240814605,1799.0174672489084,161.6986899563319,0.8717198335787255,0.08334984018367624,0.9230464172647042,0.601293848908648,-0.7990279765218637,161.6986899563319,1799.0174672489084
1964,448.0,76.76955262170047,0.39162825121531186,0.9696969696969697,24.91929058147597,22.928825647292154,0.034697909305775,1804.5066964285713,944.8482142857143,0.9552341901921952,0.48703516200294555,0.9258628509125558,0.9993980879376199,0.03469094732966284,944.8482142857143,1804.5066964285713
1965,433.0,77.35533905932738,0.6933998911641435,0.9643652561247216,27.692656204467376,19.95402583592221,-0.205531185671793,1805.2193995381062,1164.311778290993,0.9093208982997518,0.6001607104592748,0.9262285272129842,0.978952714440953,-0.20408719432803674,1164.311778290993,1805.2193995381062
1966,545.0,98.08326112068522,0.835289072389154,0.8790322580645161,37.194670742697326,20.450040124585435,-0.3612162933998113,1808.8183486238531,1794.9211009174312,0.7118960319062589,0.9252170623285728,0.9280750890835573,0.9354676626901371,-0.35341229755209685,1794.9211009174312,1808.8183486238531
1967,311.0,66.52691193458118,0.6970246892611751,0.948170731707317,23.59070663635807,16.915648421142528,-1.0093287394427257,1803.967845659164,1015.0385852090033,0.8830301323967172,0.5232157655716512,0.9255863754023417,0.5324290463218496,-0.8464746367333198,1015.0385852090033,1803.967845659164
1968,189.0,50.62741699796952,0.6989504048854823,0.9545454545454546,18.386700333434806,13.149619081973885,0.024097665282585536,1803.6243386243386,131.95767195767195,0.926616709634945,0.06801941853488244,0.9254101275650788,0.9997096653140903,0.02409533310808222,131.95767195767195,1803.6243386243386
1969,325.0,67.1126983722081,0.7129816266874446,0.9502923976608187,24.373783225386468,17.09047550012377,1.331956272600339,1804.2584615384615,433.9876923076923,0.9067421901934455,0.22370499603489294,0.9257354856533923,0.23657576735882932,0.9716130434996131,433.9876923076923,1804.2584615384615
1970,185.0,49.4558441227157,0.7196897035104846,0.9585492227979274,18.447069347954113,12.807723737234966,-0.9834272275293515,1803.9513513513514,287.2108108108108,0.9504873793514816,0.14804680969629425,0.9255779124429715,0.5541729775278987,-0.8324015323014867,287.2108108108108,1803.9513513513514
1971,738.0,114.08326112068522,0.7920183658035009,0.8775267538644471,40.572647162041754,24.769490048396204,0.3517606581693535,1815.9864498644986,1775.5840108401085,0.7125615294339707,0.9152494901237672,0.9317529245071824,0.938767531344912,0.344551189364628,1775.5840108401085,1815.9864498644986
1972,555.0,87.25483399593904,0.6499697806494242,0.9753954305799648,30.63397398142006,23.28059653257957,0.015650396980458704,1816.0468468468468,1267.1081081081081,0.9160598607223202,0.6531485093340763,0.9317839132102858,0.9998775350368698,0.01564975810014617,1267.1081081081081,1816.0468468468468
1973,515.0,83.59797974644665,0.6449931258929026,0.9680451127819549,29.383795731133727,22.454755016243855,0.6142182614494697,1813.2757281553397,897.6601941747573,0.9260310065145575,0.46271144029626665,0.9303620975655925,0.817224228002506,0.5763198427658968,897.6601941747573,1813.2757281553397
1974,358.0,68.2842712474619,0.6109104206116831,0.9728260869565217,24.020294357170158,19.016860488917555,-1.4226400023764978,1810.7932960893854,465.2374301675978,0.9648316311702385,0.23981310833381328,0.9290884023034301,0.14761490643370284,-0.9890449127307461,465.2374301675978,1810.7932960893854
1975,272.0,64.52691193458118,0.5659022859136517,0.8976897689768977,21.193999813430228,17.473866149364238,-0.13480403434013985,1813.0073529411766,960.8382352941177,0.8209127574912067,0.49527744087325654,0.9302243986358012,0.9909276872569226,-0.13439612579106047,960.8382352941177,1813.0073529411766
1976,562.0,92.08326112068522,0.7468999879280631,0.9606837606837607,33.25292631746815,22.111080914668214,0.609456716859491,1820.747330960854,1811.8220640569396,0.8328845323545934,0.9339288989984225,0.9341956546746301,0.819959126100742,0.5724220746303443,1811.8220640569396,1820.747330960854
1977,857.0,125.05382386916237,0.8839269177225153,0.9427942794279428,49.35400871440245,23.079171676056287,0.8596131801694532,1824.5554259043174,1562.5402567094516,0.6886471173378131,0.8054331220151812,0.9361495258616302,0.6527305678765295,0.7575901304528612,1562.5402567094516,1824.5554259043174
1978,536.0,87.25483399593904,0.6435167131069112,0.9657657657657658,30.14935049248815,23.07727948420066,-1.050970880799686,1819.1716417910447,228.59141791044777,0.8846992528777722,0.1178306277888906,0.9333871943514852,0.49672864896151475,-0.8679058988743354,228.59141791044777,1819.1716417910447
1979,699.0,108.5685424949238,0.8787008379155076,0.9407806191117093,43.75786377148697,20.88881611694082,-1.1731821236429856,1820.0758226037196,392.1444921316166,0.7452106015003844,0.2021363361503178,0.9338511147274088,0.3872197716876753,-0.9219874448245727,392.1444921316166,1820.0758226037196
1980,257.0,58.2842712474619,0.6631218236993915,0.9734848484848485,21.073963329887654,15.77410363977358,-0.9336236491362232,1818.1089494163425,51.39299610894942,0.9506928901362061,0.026491235107705884,0.9328419442875026,0.5949252742131668,-0.8037810137732717,51.39299610894942,1818.1089494163425
1981,345.0,73.11269837220809,0.773937094176453,0.9426229508196722,27.009450708064346,17.104071859997948,-1.3753444478422308,1816.2666666666667,312.2173913043478,0.8110419791310558,0.1609367996414164,0.9318966991619634,0.19420982995772765,-0.980960010371366,312.2173913043478,1816.2666666666667
1982,440.0,78.18376618407356,0.4953916051807313,0.962800875273523,25.751123601164785,22.369222441032168,1.0470467311651621,1818.7136363636364,673.2,0.9045433113325367,0.3470103092783505,0.9331521992630254,0.5001306082914572,0.8659499839194046,673.2,1818.7136363636364
1983,468.0,79.59797974644665,0.6047181491419501,0.9669421487603306,27.405900521156223,21.82714313509082,0.9824247192845555,1821.9358974358975,589.9679487179487,0.9282215067777592,0.30410719006079834,0.9348054886792702,0.5550071883090215,0.8318455511243144,589.9679487179487,1821.9358974358975
1984,412.0,77.94112549695429,0.7323434019798534,0.9471264367816092,27.956826107190388,19.03679508486368,-1.2008300212211493,1820.9514563106795,1017.8567961165048,0.8522631959643282,0.5246684516064458,0.9343003880506309,0.3615840175247044,-0.932339529501294,1017.8567961165048,1820.9514563106795
1985,209.0,51.798989873223334,0.5232656635279138,0.954337899543379,17.669852490799233,15.05771131792158,-1.247469869219765,1817.9138755980862,1232.1435406698565,0.9788441930649081,0.635125536427761,0.9327418551042002,0.31772240575166916,-0.9481837759017878,1232.1435406698565,1817.9138755980862
1986,128.0,40.62741699796952,0.6567935210285195,0.9481481481481482,14.754347914428791,11.125818037114879,-1.3545176285059195,1817.1796875,274.9765625,0.9744990279308023,0.14174049613402062,0.9323651552077988,0.21459651158509555,-0.976702788577727,274.9765625,1817.1796875
1987,626.0,94.66904755831214,0.5428469215400312,0.9601226993865031,31.116142661513543,26.132321793051112,-0.7832078404777031,1827.5159744408945,250.09424920127796,0.8777446309264016,0.12891456144395771,0.937668534859361,0.7086538759608586,-0.705556294058562,250.09424920127796,1827.5159744408945
1988,1201.0,132.81118318204307,0.5327830522813443,0.9524187153053132,43.002821454784765,36.3912178610943,1.3828743103633179,1832.104079933389,1467.2048293089092,0.8556252255246106,0.7562911491283038,0.9400226166923493,0.1868179000326644,0.9823945603612559,1467.2048293089092,1832.104079933389
1989,318.0,66.2842712474619,0.6321497681775746,0.9636363636363636,23.050452870111357,17.860556364117407,1.2386695276787003,1822.937106918239,155.38679245283018,0.9095278719206418,0.08009628476950009,0.9353191928774955,0.3260543360306285,0.9453510300177527,155.38679245283018,1822.937106918239
1990,413.0,81.94112549695429,0.47523645982661394,0.9137168141592921,25.49893162985593,22.435441986755094,1.3945876785288216,1828.6561743341404,174.57869249394673,0.7729583016629975,0.08998901674945708,0.9382535527625143,0.17529819815638953,0.9845153841982984,174.57869249394673,1828.6561743341404
1991,623.0,96.5685424949238,0.7755889913369829,0.9396681749622926,35.634471036771735,22.49384080538154,0.7133353281614475,1831.808988764045,365.34349919743175,0.8395113215349981,0.18832139133888234,0.9398712102432247,0.7561835823265249,0.6543595264224581,365.34349919743175,1831.808988764045
1992,645.0,97.84062043356593,0.8003832983005513,0.9641255605381166,37.06194438408526,22.21821297501993,-1.3372156639845565,1828.5302325581395,984.6713178294574,0.8467031639252828,0.5075625349636378,0.9381889340985836,0.23146242567057415,-0.972843844356685,984.6713178294574,1828.5302325581395
1993,530.0,87.01219330881975,0.7183041342979029,0.9601449275362319,31.362313166586908,21.819678197186004,0.30058543946130106,1832.3584905660377,1417.3622641509435,0.8796815868585487,0.7305991052324451,0.940153150623929,0.9551633162291924,0.29607944766574373,1417.3622641509435,1832.3584905660377
1994,462.0,93.1543289325507,0.9237136272411642,0.9486652977412731,39.38775388728222,15.088807195214304,0.8548474958827335,1830.2359307359307,1530.1450216450216,0.6690302525680815,0.7887345472397019,0.9390640999158187,0.6563335772788309,0.7544708313356938,1530.1450216450216,1830.2359307359307
1995,782.0,110.8111831820431,0.7734568888804235,0.9455864570737605,40.241715290664644,25.507167384159576,0.9421431116643272,1834.0217391304348,1507.7800511508951,0.8002937642403916,0.7772062119334511,0.9410065362393201,0.5880559847449855,0.80882022650624,1507.7800511508951,1834.0217391304348
1996,268.0,68.18376618407356,0.9128641492771961,0.9436619718309859,28.990484650455745,11.835755293296174,1.087648365679869,1829.6007462686566,535.570895522388,0.7244070791653757,0.2760674719187567,0.9387381971619583,0.46456910842072013,0.8855368673867718,535.570895522388,1829.6007462686566
1997,483.0,80.18376618407358,0.5971607057910798,0.971830985915493,27.715560584656206,22.231250324062117,1.2413165500832244,1831.9585921325051,1174.2277432712215,0.9440262983244142,0.6052720326140317,0.9399479692829683,0.3235508313099703,0.9462107902357841,1174.2277432712215,1831.9585921325051
1998,155.0,43.21320343559643,0.32469640866342225,0.96875,14.435941724742978,13.653777750997081,-0.8618080963752788,1828.6709677419356,1705.2709677419355,1.0430584311193773,0.8790056534752244,0.9382611430179248,0.6510661500415831,-0.7590209932999421,1705.2709677419355,1828.6709677419356
1999,547.0,91.84062043356593,0.8082139264228743,0.9463667820069204,34.57748544741727,20.362300675425196,-1.495166889928747,1835.0694698354662,413.7787934186472,0.814943635613307,0.2132880378446635,0.9415441097154778,0.07555735979269976,-0.9971414570566989,413.7787934186472,1835.0694698354662
2000,398.0,95.59797974644665,0.9378359721552005,0.8805309734513275,40.724098829144815,14.134471113473056,-1.2451104597676432,1836.5577889447236,17.487437185929647,0.5472622694187592,0.00901414287934518,0.9423077418905713,0.3199586730890516,-0.9474315001703782,17.487437185929647,1836.5577889447236
2001,390.0,74.76955262170047,0.7772579944128343,0.9653465346534653,28.359352638381473,17.843194684932524,-0.8083582418515488,1837.0435897435898,269.7846153846154,0.8766473147877005,0.13906423473433782,0.9425569983291893,0.6906866075614845,-0.723154209097346,269.7846153846154,1837.0435897435898
2002,557.0,87.84062043356593,0.6952962190854771,0.9703832752613241,31.489864441180078,22.632498975820543,1.3416164678546207,1839.245960502693,460.2836624775583,0.9071399008846945,0.23725961983379296,0.9436869987186726,0.22717890316328054,0.9738530412529032,460.2836624775583,1839.245960502693
2003,138.0,43.21320343559642,0.7867598271921428,0.9517241379310345,16.87829229229055,10.418281940529914,-0.459308016754375,1837.4492753623188,958.731884057971,0.9286584741578976,0.4941916928133871,0.9427651489801533,0.896359487619711,-0.44332794740928433,958.731884057971,1837.4492753623188
2004,591.0,91.25483399593904,0.7154503305023857,0.967266775777414,32.88606574289237,22.976297049265632,-0.9868634479472416,1841.9373942470388,1848.6700507614214,0.89183720528916,0.9529227065780522,0.9450679293212103,0.5513093962894458,-0.8343008747226428,1848.6700507614214,1841.9373942470388
2005,452.0,77.59797974644665,0.667949733417494,0.9699570815450643,27.81748570105748,20.701950663121234,-1.1847001493402354,1843.2389380530974,69.92035398230088,0.9432948635736591,0.03604141957850561,0.9457357301452527,0.37657484645410616,-0.9263861964742709,69.92035398230088,1843.2389380530974
2006,432.0,79.01219330881975,0.6869654214519746,0.9536423841059603,27.74438792742446,20.161572195696156,-1.0552980325447119,1843.8703703703704,142.87962962962962,0.869571656643085,0.07364929362352042,0.9460597077323604,0.4929684497301604,-0.8700471869793283,142.87962962962962,1843.8703703703704
2007,243.0,60.62741699796952,0.867439837643555,0.9529411764705882,25.046816186124765,12.461845191219476,1.496873661501124,1839.2510288065844,774.8518518518518,0.8307646455171311,0.3994081710576556,0.9436895991824445,0.073855357874563,0.997268963777185,774.8518518518518,1839.2510288065844
2008,404.0,79.84062043356595,0.8594421988333667,0.9528301886792453,31.854776948133043,16.2852108959943,-0.9999470462311422,1845.2425742574258,34.23267326732673,0.7964223201025058,0.01764570786975605,0.9467637630874427,0.5403468641706177,-0.8414423725847066,34.23267326732673,1845.2425742574258
2009,600.0,90.66904755831214,0.5980416927502096,0.9693053311793215,30.984179234770238,24.832734968917972,0.17378504436320508,1850.98,346.1533333333333,0.9171555681926287,0.1784295532646048,0.9497075423293997,0.9849373457302723,0.17291161032679694,346.1533333333333,1850.98
2010,1491.0,147.88225099390857,0.7339847018453957,0.970703125,53.11095338420734,36.071153840464994,1.2070257398586817,1853.9000670690812,1784.2582159624412,0.8567525432967764,0.919720729877547,0.9512057809487333,0.35580060105441397,0.9345618932362467,1784.2582159624412,1853.9000670690812
2011,407.0,75.25483399593904,0.733046635201112,0.9644549763033176,27.7135779785733,18.850176614232637,0.9216440445404448,1850.4201474201475,498.6928746928747,0.9030992239740967,0.2570581828313787,0.9494202911339905,0.6045113340027528,0.7965965397001246,498.6928746928747,1850.4201474201475
2012,387.0,79.9411254969543,0.8847367508782363,0.9626865671641791,32.69099717818464,15.236981717786191,1.5267856919876346,1847.485788113695,1249.7906976744187,0.760992387152845,0.6442220091105251,0.947914719401588,0.04399642855284695,0.9990316883235457,1249.7906976744187,1847.485788113695
2013,290.0,69.01219330881976,0.9044745106050266,0.9634551495016611,29.419335281472602,12.548160750933167,-0.6452142277557313,1854.2344827586207,944.4275862068965,0.7651669472529429,0.48681834340561675,0.9513773641655314,0.7989709552149492,-0.6013696140668496,944.4275862068965,1854.2344827586207
2014,266.0,60.526911934581186,0.6389881477501264,0.9466192170818505,21.115483584178282,16.242380068875125,-0.7966826819487445,1852.8947368421052,246.3609022556391,0.9124193078020474,0.12699015580187584,0.9506899624638816,0.6990825698066011,-0.7150409502906799,246.3609022556391,1852.8947368421052
2015,171.0,49.94112549695428,0.485137723609145,0.9293478260869565,16.076387005858162,14.05779977810987,-0.5182846307164267,1850.766081871345,1529.7309941520468,0.8615675298800494,0.7885211310062097,0.9495977844388636,0.8686702354106398,-0.49539077717658775,1529.7309941520468,1850.766081871345
2016,769.0,117.84062043356595,0.8207575438449869,0.9231692677070829,43.31535797117703,24.74505424014436,-1.272851421323908,1858.7334200260077,1913.9375812743824,0.6958989208158067,0.9865657635434961,0.9536856952416664,0.2935562771993495,-0.9559417932682192,1913.9375812743824,1858.7334200260077
2017,630.0,99.39696961967,0.6677035804424408,0.930576070901034,33.881238580427066,25.22211722027941,-0.7385548479528389,1861.9888888888888,41.20793650793651,0.8013165739438239,0.021241204385534285,0.9553560230317542,0.7394422358137418,-0.6732200085371607,41.20793650793651,1861.9888888888888
2018,432.0,86.76955262170048,0.906638632795008,0.9452954048140044,36.285035359618924,15.308947948101421,-1.3775421755689996,1853.4699074074074,759.3518518518518,0.7210392300615784,0.3914184803360061,0.9509850730669099,0.19205347966232508,-0.9813844613349005,759.3518518518518,1853.4699074074074
2019,854.0,106.5685424949238,0.4362812733048096,0.9793577981651376,34.82172137645451,31.33294500129862,0.7889018843482731,1866.391100702576,1546.4332552693209,0.9449518562891137,0.7971305439532582,0.9576147258607368,0.7046249411734574,0.7095799407228911,1546.4332552693209,1866.391100702576
2020,686.0,105.05382386916237,0.8738975548699756,0.9648382559774965,42.46089516734798,20.640671492613965,-0.9969071268973668,1867.5874635568514,1000.362973760933,0.7811064963326282,0.5156510174025427,0.9582285600599545,0.5429022804672702,-0.8397958763077118,1000.362973760933,1867.5874635568514
2021,582.0,93.59797974644667,0.7968657145481203,0.9603960396039604,35.159506630390425,21.24184320135692,0.9873215682990163,1864.8659793814434,1435.1443298969073,0.834833559458868,0.7397651185035604,0.9568322110730854,0.5509271282397773,0.8345533532192366,1435.1443298969073,1864.8659793814434
2022,350.0,73.84062043356595,0.7606444751745473,0.9358288770053476,26.54929675070656,17.23497207572688,-1.062201787931034,1865.0714285714287,872.3314285714285,0.8066538930593187,0.44965537555228274,0.9569376236898044,0.48695015664615265,-0.8734297595927719,872.3314285714285,1865.0714285714287
2023,527.0,92.56854249492379,0.8729357259347926,0.9616788321167883,37.31839817363,18.205229614733515,-1.041100276727393,1869.7666034155598,79.69829222011386,0.7728471820219104,0.04108159392789374,0.959346641054674,0.5052710677060541,-0.8629606874818714,79.69829222011386,1869.7666034155598
2024,796.0,111.59797974644667,0.8659468299909452,0.961352657004831,45.18873677388677,22.60051717831127,-1.4764411022962323,1869.0201005025126,1488.144472361809,0.8031751562455537,0.7670847795679427,0.9589636226282774,0.0942152808218375,-0.9955518473990504,1488.144472361809,1869.0201005025126
2025,528.0,84.66904755831214,0.6381717202240484,0.9688073394495413,29.65904404315189,22.83432167775315,-0.5815493926313112,1871.6666666666667,277.9223484848485,0.9255383907205015,0.14325894251796314,0.9603215324097828,0.8356125419922208,-0.5493192875416801,277.9223484848485,1871.6666666666667
2026,461.0,78.76955262170047,0.7024786295180363,0.9725738396624473,28.772999798371536,20.477883132739464,-0.38977980499689274,1872.5553145336225,487.8763557483731,0.9336713481405622,0.2514826576022542,0.9607774830854913,0.9249927530233899,-0.3799847455546208,487.8763557483731,1872.5553145336225
2027,362.0,87.59797974644665,0.8473659286515748,0.8044444444444444,33.000802561125624,17.52373636974201,-0.720626836377967,1875.232044198895,300.3563535911602,0.5928301108271556,0.15482286267585577,0.9621508692657235,0.7513922551673031,-0.6598558015768251,300.3563535911602,1875.232044198895
2028,768.0,117.39696961966999,0.8782610193659511,0.897196261682243,46.71120256239852,22.336434613674655,0.9530010645226007,1881.140625,702.7838541666666,0.7002567614470979,0.36225971864261164,0.9651824653668548,0.5792393612846822,0.8151575076870196,702.7838541666666,1881.140625
2029,740.0,101.25483399593904,0.5595775219684616,0.9660574412532638,33.81725531204903,28.026997704975905,0.3431540935150187,1880.0905405405406,820.5148648648649,0.9070057739812952,0.42294580663137366,0.9646436842178249,0.9416981283956879,0.3364589647729103,820.5148648648649,1880.0905405405406
2030,387.0,72.18376618407356,0.47084503423789664,0.9675,23.825680421061275,21.01939489950582,-0.45626318563492496,1876.108527131783,1598.5943152454781,0.9333440298083056,0.824017688270865,0.9626005783128696,0.897705189194703,-0.4405966333199817,1598.5943152454781,1876.108527131783
2031,453.0,81.25483399593904,0.7845342614440527,0.9577167019027484,30.686968379780144,19.0285432728904,1.1434688000144138,1875.4172185430464,1863.9977924944812,0.8622032415090888,0.9608236043785986,0.9622458791908909,0.41444013002900754,0.9100765784380671,1863.9977924944812,1875.4172185430464
2032,665.0,94.91168824543142,0.5061558725990366,0.9693877551020408,31.375683188941256,27.05970749324995,-0.6682230721703668,1880.4646616541354,771.6857142857143,0.9276670099671408,0.3977761413843888,0.9648356396378325,0.7849238751349864,-0.619592212865104,771.6857142857143,1880.4646616541354
2033,222.0,55.11269837220809,0.7422063093174807,0.9652173913043478,20.632610212734416,13.827386642429635,0.6572111579124873,1873.6801801801803,856.8693693693693,0.9184583956508783,0.44168524194297387,0.9613546332376502,0.7916990432265598,0.6109113069457381,856.8693693693693,1873.6801801801803
2034,169.0,46.627416997969526,0.5108839454560482,0.9388888888888889,15.842663658336953,13.61914094650824,-0.20600543900239685,1873.526627218935,149.34319526627218,0.9768184486443263,0.07698102848776917,0.961275847726493,0.9788558153217669,-0.20455144294470046,149.34319526627218,1873.526627218935
2035,656.0,98.81118318204308,0.8066211603137757,0.9618768328445748,37.79281081920544,22.338150617034977,-0.8171915715935142,1882.1112804878048,1016.0030487804878,0.8443091660408568,0.5237129117425194,0.965680492810572,0.6842718848761535,-0.7292269794570385,1016.0030487804878,1882.1112804878048
2036,313.0,66.18376618407356,0.2884423606559569,0.9427710843373494,20.478981601600236,19.608568788999946,1.5342555501936177,1877.035143769968,1840.5527156549522,0.8979481240914975,0.9487385132242021,0.9630760101436471,0.03653264543064338,0.9993324601041632,1840.5527156549522,1877.035143769968
2037,219.0,57.11269837220809,0.835368830280329,0.948051948051948,22.68318394269078,12.46871569431166,-0.6130159607090188,1877.566210045662,110.63470319634703,0.8437011087169429,0.057028197523890226,0.9633484915575485,0.8179165469494625,-0.5753368771652551,110.63470319634703,1877.566210045662
2038,163.0,47.21320343559643,0.755359518981971,0.9421965317919075,17.862883567068867,11.70573714720365,0.3117862547978117,1875.7300613496932,385.85276073619633,0.918904823957145,0.1988931756372146,0.962406393714568,0.951787138414618,0.30675925927103287,385.85276073619633,1875.7300613496932
2039,587.0,92.08326112068522,0.44786926784620745,0.9607201309328969,29.35329290121783,26.244751423877513,-0.3101784322758536,1885.7887563884158,461.5161839863714,0.8699345560358476,0.23789494019916052,0.9675673455045746,0.952279122418998,-0.30522855863254816,461.5161839863714,1885.7887563884158
2040,1077.0,138.36753236814712,0.8560154581849857,0.9324675324675324,53.17527968536565,27.48897280914374,0.8841946617802908,1889.414113277623,1661.08356545961,0.7068986880213406,0.8562286419894898,0.9694274567868769,0.6339125593728218,0.7734047239766504,1661.08356545961,1889.414113277623
2041,641.0,107.39696961966997,0.8949856643650027,0.9567164179104478,43.26602564428524,19.300753420773912,-0.5432128089825412,1891.3978159126366,740.4134165366614,0.6983672085549675,0.3816564002766296,0.9704452621409115,0.8560524367819083,-0.5168889875783356,740.4134165366614,1891.3978159126366
2042,368.0,88.91168824543142,0.9264090221054744,0.863849765258216,36.90590432490181,13.895762741946754,-0.72194777595701,1887.8152173913043,790.6195652173913,0.5849785873327905,0.40753585835948003,0.9686070894773239,0.7505199702309417,-0.6608477693724526,790.6195652173913,1887.8152173913043
2043,301.0,69.11269837220809,0.8039913229355407,0.9290123456790124,26.115544086355513,15.52937399246697,-0.7474820625394979,1884.4318936877075,1154.637873754153,0.7918823452650886,0.5951741617289448,0.9668711614611122,0.7334028713728281,-0.6797942543608992,1154.637873754153,1884.4318936877075
2044,547.0,85.35533905932738,0.35785784748586635,0.968141592920354,27.36276887687669,25.550698963279704,1.0445188177205655,1885.2961608775138,1178.0877513711152,0.9434867526259136,0.6072617275108841,0.9673146028104227,0.502318054563634,0.8646829315184879,1178.0877513711152,1885.2961608775138
2045,656.0,99.35533905932738,0.5288395397889404,0.9479768786127167,31.88495258404573,27.061455239671893,-0.9731828285886553,1887.278963414634,931.5106707317074,0.8350861556793725,0.4801601395524265,0.9683319463389605,0.5626712024102543,-0.8266807836028358,931.5106707317074,1887.278963414634
2046,484.0,82.2842712474619,0.6496520292710917,0.9622266401590457,28.667926963311498,21.794266910734503,-0.2487936755280366,1887.219008264463,436.59504132231405,0.8983003551031824,0.22504899037232684,0.9683011843327157,0.969210166099102,-0.2462349567590901,436.59504132231405,1887.219008264463
2047,368.0,73.94112549695429,0.7877926634900647,0.9435897435897436,27.961001388446686,17.222313625366397,-0.22547736617913486,1890.7554347826087,132.0570652173913,0.8458348381843427,0.06807065217391305,0.9701156668971825,0.9746874925740645,-0.22357167043183923,132.0570652173913,1890.7554347826087
2048,581.0,89.59797974644665,0.7370124494146211,0.9731993299832495,33.09813232071472,22.370338127234884,-1.1990026501180988,1889.3717728055078,523.039586919105,0.9094724792530479,0.26960803449438403,0.9694057325836366,0.3632871431750383,-0.9316772250107433,523.039586919105,1889.3717728055078
2049,494.0,86.18376618407358,0.7980111323898541,0.9555125725338491,32.54275478187155,19.6116538425868,-1.2631422685937153,1888.4554655870445,885.2732793522267,0.8357682635378753,0.456326432655787,0.9689355903473804,0.3028236799286424,-0.9530465984800928,885.2732793522267,1888.4554655870445
2050,480.0,84.42640687119285,0.7416846521356769,0.9467455621301775,30.392624396612938,20.385814622966716,-1.3068260171210027,1894.4,1850.9041666666667,0.8462418295409767,0.9540743127147766,0.9719856336582864,0.2609153830669428,-0.9653616746479169,1850.9041666666667,1894.4
2051,150.0,46.970562748477136,0.7797859113052009,0.9316770186335404,17.87784140154961,11.19235593007492,-1.3290319662143508,1890.4333333333334,1690.3466666666666,0.8543770937310181,0.8713127147766323,0.9699504019155123,0.23941604599091879,-0.9709170700539126,1690.3466666666666,1890.4333333333334
2052,301.0,70.76955262170047,0.8630085920094629,0.9347826086956522,28.18723715087682,14.239888967126106,-0.8851660149532468,1895.9601328903655,328.77740863787375,0.7552373492609521,0.16947289105045038,0.9727861123090639,0.6331610113015653,-0.7740201119916582,328.77740863787375,1895.9601328903655
2053,1109.0,148.36753236814712,0.9276619896124833,0.9157720891824938,63.22625645446966,23.610011046888584,1.116435464693166,1907.945897204689,972.6753832281335,0.6330873896100859,0.5013790635196564,0.9789358118033293,0.43888811141972217,0.8985417217104776,972.6753832281335,1907.945897204689
2054,374.0,72.04163056034261,0.6616940217229982,0.9689119170984456,25.490656358956894,19.1122308800939,-0.6209370400624178,1899.5080213903743,1921.0989304812833,0.9055540941441946,0.9902571806604553,0.9746064758288221,0.8133336462085592,-0.5817975420583095,1921.0989304812833,1899.5080213903743
2055,180.0,52.2842712474619,0.7567948657642328,0.9326424870466321,18.909608698744524,12.360312137819019,-0.7897723404389125,1898.6555555555556,355.53333333333336,0.8274471243107702,0.18326460481099657,0.9741690895615985,0.7040070161252991,-0.7101930168949514,355.53333333333336,1898.6555555555556
2056,514.0,91.25483399593905,0.5889120809455348,0.9178571428571428,29.0842307349712,23.50579108810149,-1.4122787952113456,1905.068093385214,808.8871595330739,0.7756418333648529,0.4169521440892134,0.9774592577656306,0.1578544988150723,-0.987462382677863,808.8871595330739,1905.068093385214
2057,292.0,65.11269837220809,0.7870503811416771,0.954248366013072,24.699538497389888,15.236866781966645,-1.3140532524202881,1899.7945205479452,68.68493150684931,0.8654885531940969,0.03540460386950996,0.9747534738573347,0.2539317336746592,-0.9672221433739935,68.68493150684931,1899.7945205479452
2058,374.0,71.35533905932738,0.4799248511742817,0.961439588688946,23.422311510728175,20.54861878224119,0.9107931222731928,1902.788770053476,756.9572192513369,0.9230569954694202,0.3901841336347098,0.9762897742706392,0.6131193835175375,0.7899902667470498,756.9572192513369,1902.788770053476
2059,193.0,55.21320343559642,0.8980798651819654,0.9554455445544554,23.647217829086983,10.400812992197404,1.3961566305309039,1898.0984455958549,1776.0051813471503,0.7955752836113698,0.9154665883232733,0.9738832455596997,0.17375332564910656,0.9847892067980211,1776.0051813471503,1898.0984455958549
2060,210.0,52.04163056034261,0.5093133127322709,0.9502262443438914,17.631229730659484,15.173104303133865,-0.43865522213451597,1901.8190476190475,381.73809523809524,0.9743777719984997,0.19677221404025527,0.9757922255613378,0.9053236389232032,-0.42472239028199293,381.73809523809524,1901.8190476190475
2061,835.0,116.08326112068522,0.7969070325747875,0.9340044742729307,42.66109963848482,25.771654025898204,1.3348978009613788,1907.194011976048,1451.8526946107784,0.7786766271937032,0.7483776776344219,0.9785500317988958,0.2337167206612585,0.9723047333441031,1451.8526946107784,1907.194011976048
2062,118.0,40.04163056034261,0.7257040037360796,0.959349593495935,15.008995925822992,10.326294989790933,-1.3960657532132743,1901.2627118644068,1038.0254237288136,0.9248437428655102,0.535064651406605,0.9755067787913837,0.17384281993304057,-0.9847734124953458,1038.0254237288136,1901.2627118644068
2063,349.0,72.84062043356595,0.7391648407376128,0.9432432432432433,26.01710942442484,17.52316227980953,1.3994523488972639,1906.2435530085959,21.808022922636102,0.8265859486732479,0.011241248929193867,0.9780623668592078,0.17050680001616386,0.9853564995209845,21.808022922636102,1906.2435530085959
2064,368.0,70.18376618407356,0.48449708955834314,0.9658792650918635,23.177084197748183,20.275148067254463,0.9310455207344974,1908.6766304347825,46.81521739130435,0.9388243466324037,0.024131555356342448,0.9793107390635107,0.5969955454204089,0.8022445504633787,46.81521739130435,1908.6766304347825
2065,337.0,77.66904755831213,0.8807155091960666,0.8915343915343915,30.776270893397882,14.577046510163022,-1.157641048879507,1906.673590504451,888.6617210682492,0.7020108199448319,0.4580730520970357,0.9782830120597492,0.40150111002929134,-0.9158585363718825,888.6617210682492,1906.673590504451
2066,548.0,97.25483399593904,0.8615753508593225,0.949740034662045,37.83027671622492,19.20377211239367,1.1828301853878094,1910.0383211678832,599.485401459854,0.7280614373315244,0.3090130935360072,0.9800094002913715,0.3783064958412446,0.925680395819377,599.485401459854,1910.0383211678832
2067,1095.0,130.25483399593904,0.4976691297894683,0.9521739130434783,40.710189387964384,35.31067306859964,-0.6323961532713581,1917.3972602739725,665.9780821917808,0.8110288135348095,0.3432876712328767,0.9837851515002425,0.8066135088597155,-0.5910792225455211,665.9780821917808,1917.3972602739725
2068,387.0,76.2842712474619,0.8472920586678083,0.9602977667493796,30.544231887546292,16.222874220087846,-1.5656858681475403,1906.5400516795867,1871.4056847545219,0.8357008147957211,0.964642105543568,0.9782144954743903,0.005110436402591546,-0.9999869416346271,1871.4056847545219,1906.5400516795867
2069,352.0,69.35533905932738,0.7046966133475443,0.9591280653950953,25.19456941679046,17.875767752154673,-0.7858250221370151,1910.7102272727273,338.1818181818182,0.9195868008477177,0.17432052483598875,0.9803541443164326,0.7068048820659665,-0.707408551466347,338.1818181818182,1910.7102272727273
2070,573.0,97.11269837220809,0.8532594828279217,0.9502487562189055,37.9415913289102,19.786030768957392,-0.28862691817935865,1917.6858638743456,691.7294938917976,0.7635059797922085,0.3565615947895864,0.9839332292839126,0.9586356078770147,-0.2846362087125711,691.7294938917976,1917.6858638743456
2071,238.0,56.8700576850888,0.5876568631313462,0.9444444444444444,19.40747260779288,15.702785188173682,1.5568050329117247,1907.873949579832,1483.7689075630253,0.924739659141711,0.7648293337953739,0.9788988966546085,0.013990837406975523,0.9999021234444158,1483.7689075630253,1907.873949579832
2072,300.0,65.00609665440989,0.6063663390879129,0.9463722397476341,22.143837448603207,17.608456830134976,1.3357579939130388,1909.2166666666667,931.76,0.8921193108973668,0.4802886597938144,0.9795878228151189,0.23288026461868808,0.972505415075479,931.76,1909.2166666666667
2073,478.0,81.35533905932736,0.6820890813182968,0.9598393574297188,28.883339309337938,21.121493315246365,-1.4338235436383522,1912.9079497907949,362.989539748954,0.9075397201792256,0.1871080101798732,0.9814817597695202,0.13654488129121276,-0.9906338856475527,362.989539748954,1912.9079497907949
2074,436.0,84.25483399593904,0.7969051179457154,0.9316239316239316,30.54173184330737,18.45039729224788,1.005629391837897,1914.961009174312,1052.401376146789,0.7718034201707247,0.5424749361581387,0.9825351509360246,0.5355567999119315,0.8444992090393522,1052.401376146789,1914.961009174312
2075,796.0,109.84062043356593,0.750714142709839,0.943127962085308,39.595074640562345,26.157582650944164,0.30881045808532426,1921.747487437186,1103.7939698492462,0.829081027709327,0.5689659638398177,0.9860171818559189,0.9526957760539498,0.30392558018199506,1103.7939698492462,1921.747487437186
2076,593.0,89.25483399593904,0.14502687790636037,0.9642276422764228,27.64237120194117,27.350128196117122,1.4672906984230312,1917.114671163575,1729.320404721754,0.9354079663047538,0.8914022704751309,0.9836401596529374,0.10332091088698622,0.99464807312611,1729.320404721754,1917.114671163575
2077,556.0,90.42640687119284,0.5319133227764321,0.9536878216123499,29.729590228009723,25.17498149407857,-0.904459949136073,1916.1474820143885,467.0773381294964,0.8544646631810229,0.24076151449974043,0.9831439107308304,0.6181101994215812,-0.7860914586554246,467.0773381294964,1916.1474820143885
2078,580.0,92.42640687119285,0.7395926812271723,0.9555189456342669,33.404770807532365,22.483238904752927,-1.1816457858356815,1917.9310344827586,902.196551724138,0.853189923733772,0.465049768929968,0.9840590223102917,0.3794026056865536,-0.9252316806066757,902.196551724138,1917.9310344827586
2079,318.0,67.1126983722081,0.5778527570451977,0.954954954954955,22.471237228996902,18.339698839600736,1.0483447912802697,1917.2358490566037,9.037735849056604,0.8872123584046636,0.004658626726317837,0.9837023340464872,0.49900613212132666,0.8665984537865926,9.037735849056604,1917.2358490566037
2080,179.0,52.62741699796952,0.860377655041961,0.9179487179487179,21.297294098006763,10.854315708761163,-1.4073371394521434,1913.8100558659219,1763.2905027932961,0.8121547432346533,0.9089126303058227,0.9819446156315659,0.16273225072862682,-0.9866702663873049,1763.2905027932961,1913.8100558659219
2081,234.0,56.94112549695428,0.3002312550104501,0.936,17.845924641567258,17.02262868266089,0.09237852958177975,1919.7948717948718,33.3034188034188,0.9069297058254325,0.017166710723411752,0.985015326729026,0.9957361371738841,0.09224719576242947,33.3034188034188,1919.7948717948718
2082,383.0,74.76955262170047,0.7315994395518022,0.9503722084367245,26.907232692819687,18.343595369302673,1.1172494086845786,1919.3211488250652,626.2402088772845,0.860912619394075,0.3228042313800436,0.9847722672268164,0.43815660348232083,0.8988986543681308,626.2402088772845,1919.3211488250652
2083,442.0,77.35533905932738,0.4849192681339217,0.9650655021834061,25.5144167051152,22.313860701147625,-1.4624609644866562,1921.816742081448,136.42533936651583,0.9282213326754973,0.07032233987964734,0.9860527152803735,0.10812357271788148,-0.9941374618344895,136.42533936651583,1921.816742081448
2084,314.0,65.94112549695429,0.7004736817238699,0.9602446483180428,23.74662868601225,16.947452016215234,-1.0853427524688704,1921.343949044586,869.5828025477707,0.9074585587997589,0.4482385580143148,0.9858101329115372,0.46660957732226327,-0.8844633979714134,869.5828025477707,1921.343949044586
2085,266.0,67.35533905932738,0.8773799606581613,0.926829268292683,27.031866616047893,12.969787194004743,-0.5947218208712118,1924.093984962406,1472.9172932330828,0.7367963187256494,0.7592357181613829,0.9872211313301211,0.8283043886320164,-0.5602783591867008,1472.9172932330828,1924.093984962406
2086,161.0,46.62741699796952,0.7325102352613789,0.9526627218934911,17.386233650809874,11.83578317785179,-1.5629182877824026,1918.142857142857,1800.9503105590063,0.9305785220812816,0.9283249023500032,0.9841677050502089,0.007877957522969579,-0.9999689684111533,1800.9503105590063,1918.142857142857
2087,535.0,98.76955262170047,0.9108465973892284,0.9709618874773139,41.36791339828303,17.074401470186995,-1.392018806912092,1926.8467289719626,499.9084112149533,0.6891558907960023,0.257684748048945,0.9886335192262508,0.17782671059649396,-0.984061817671243,499.9084112149533,1926.8467289719626
2088,516.0,85.01219330881975,0.748447260246549,0.9699248120300752,31.552177817922537,20.925224935235676,-1.2773598705719489,1927.6472868217054,1681.3643410852712,0.8972162349794891,0.8666826500439543,0.9890442723559288,0.28924349331638705,-0.9572555570870995,1681.3643410852712,1927.6472868217054
2089,246.0,57.21320343559643,0.653852241780306,0.9647058823529412,20.39146580311423,15.42863696210911,-1.1717565689785439,1926.9552845528456,414.0447154471545,0.9443923075038639,0.21342511105523426,0.9886892173180326,0.38853372128990754,-0.9214345052257465,414.0447154471545,1926.9552845528456
2090,547.0,88.18376618407356,0.5053210816240341,0.9480069324090121,28.628391076296968,24.70433764695761,0.5466725843256752,1932.1206581352833,1034.873857404022,0.8839341332547574,0.5334401326824856,0.9913394859596117,0.8542589970870902,0.5198476371935904,1034.873857404022,1932.1206581352833
2091,361.0,76.04163056034261,0.8956163810923046,0.9756756756756757,32.416882001651274,14.419913041941664,-1.4771530452286599,1928.1412742382272,783.2853185595568,0.7845384339258805,0.4037553188451324,0.9892977292140724,0.09350648090298522,-0.9956186709926345,783.2853185595568,1928.1412742382272
2092,216.0,56.8700576850888,0.831898744615325,0.927038626609442,22.381400889745404,12.42005380270796,-1.514994861660107,1926.7962962962963,953.7361111111111,0.8392595225823931,0.4916165521191294,0.9886076430458165,0.055772510510096844,-0.9984435021929889,953.7361111111111,1926.7962962962963
2093,328.0,72.42640687119285,0.8254730460298888,0.9187675070028011,27.78891490159925,15.685217877692224,-0.792624783118471,1932.3353658536585,1700.4451219512196,0.7857598386687478,0.8765181040985668,0.9914496489757099,0.701978369950598,-0.7121982646156205,1700.4451219512196,1932.3353658536585
2094,372.0,77.4558441227157,0.7874325572085445,0.93,28.10632016983726,17.324758730364625,0.7994109506278081,1934.502688172043,1056.1021505376343,0.7791918857887662,0.5443825518235228,0.9925616665839112,0.6971291466063594,0.7169455718197086,1056.1021505376343,1934.502688172043
2095,137.0,42.72792206135786,0.6866528270391268,0.9647887323943662,15.673419158392683,11.394348225437792,-1.5622509682526922,1929.6350364963503,397.8905109489051,0.9429895621832788,0.20509820152005417,0.990064154179759,0.008545254541080686,-0.9999634886458746,397.8905109489051,1929.6350364963503
2096,199.0,57.798989873223334,0.8761672233052142,0.9707317073170731,23.68167326117001,11.414738394474494,-1.5047698612817473,1929.9246231155778,433.69849246231155,0.7485528072267973,0.22355592394964513,0.990212736334314,0.06597850230410489,-0.9978210446937402,433.69849246231155,1929.9246231155778
2097,294.0,66.87005768508881,0.83217932806136,0.9453376205787781,26.234364204904452,14.547128015718195,-1.5059425549887389,1932.139455782313,1752.0340136054422,0.8262163761947389,0.903110316291465,0.9913491307246347,0.06480831874532617,-0.9978977311435296,1752.0340136054422,1932.139455782313
2098,485.0,81.698484809835,0.6964957863207127,0.9758551307847082,29.502398949340865,21.1697674165678,-1.3044702750812904,1935.7938144329896,1917.342268041237,0.9131110498891297,0.9883207567222871,0.9932241223360645,0.26318880006673157,-0.964744347233729,1917.342268041237,1935.7938144329896
2099,496.0,100.42640687119285,0.9236169468196105,0.8701754385964913,42.50447716852344,16.29267831021556,-1.4504737689149212,1935.5362903225807,1832.9596774193549,0.6180102691307333,0.9448245759893582,0.9930919909300056,0.12003243930452495,-0.9927699700910607,1832.9596774193549,1935.5362903225807
2100,142.0,59.31370849898477,0.9743062645392981,0.9594594594594594,28.727772244545115,6.4702764229611285,1.5533554331402468,1942.7887323943662,1767.274647887324,0.5072102850426399,0.9109663133439814,0.9968131002536512,0.017440009459056077,0.9998479114695735,1767.274647887324,1942.7887323943662
2101,50.0,30.48528137423857,0.9505628172458018,0.9090909090909091,14.53408707690105,4.513303982788878,1.556376120391008,1943.62,929.4,0.6760821233411682,0.4790721649484536,0.9972396100564391,0.014419706647143562,0.9998960306252898,929.4,1943.62
